POOL	0	0.900814011	2,6,7,11,13,16	pull tit a cons ass else
POOL	1	0.900810760	2,6,7,11,13,16	push tit a cons ass else
POOL	2	0.900566967	2,6,7,11,13,16	too tit a cons ass else
POOL	3	0.898885061	2,6,7,11,13,16	pull tit a khan's ass else
POOL	4	0.898881810	2,6,7,11,13,16	push tit a khan's ass else
POOL	5	0.898638017	2,6,7,11,13,16	too tit a khan's ass else
POOL	6	0.898316330	2,6,7,11,13,16	pull tit a cons s else
POOL	7	0.897699488	2,4,7,11,13,16	pull tea bad cons us else
POOL	8	0.897696237	2,4,7,11,13,16	push tea bad cons us else
POOL	9	0.897557579	2,4,6,7,11,16	pull tea tube a cons self
POOL	10	0.897554328	2,4,6,7,11,16	push tea tube a cons self
POOL	11	0.897452445	2,4,7,11,13,16	too tea bad cons us else
POOL	12	0.897310536	2,4,6,7,11,16	too tea tube a cons self
POOL	13	0.896894741	2,4,6,7,11,16	paw tea tube a cons self
POOL	14	0.896326225	2,4,7,11,13,16	pull tea bad cons ass else
POOL	15	0.896322973	2,4,7,11,13,16	push tea bad cons ass else
POOL	16	0.896079181	2,4,7,11,13,16	too tea bad cons ass else
POOL	17	0.895996563	2,4,6,7,11,16	pull tea tab a cons self
POOL	18	0.895993311	2,4,6,7,11,16	push tea tab a cons self
POOL	19	0.895770538	2,4,7,11,13,16	pull tea bad khan's us else
POOL	20	0.895767287	2,4,7,11,13,16	push tea bad khan's us else
POOL	21	0.895749519	2,4,6,7,11,16	too tea tab a cons self
POOL	22	0.895628629	2,4,6,7,11,16	pull tea tube a khan's self
POOL	23	0.895625378	2,4,6,7,11,16	push tea tube a khan's self
POOL	24	0.895622030	2,4,6,7,11,16	pull tea top a cons self
POOL	25	0.895618778	2,4,6,7,11,16	push tea top a cons self
POOL	26	0.895608716	2,4,6,7,11,16	pull tea tub a cons self
POOL	27	0.895605465	2,4,6,7,11,16	push tea tub a cons self
POOL	28	0.895559796	2,6,7,11,13,16	book tit a cons ass else
POOL	29	0.895381586	2,4,6,7,11,16	too tea tube a khan's self
POOL	30	0.895374986	2,4,6,7,11,16	too tea top a cons self
POOL	31	0.895361672	2,4,6,7,11,16	too tea tub a cons self
POOL	32	0.895333724	2,4,6,7,11,16	paw tea tab a cons self
POOL	33	0.894965791	2,4,6,7,11,16	paw tea tube a khan's self
POOL	34	0.894959191	2,4,6,7,11,16	paw tea top a cons self
POOL	35	0.894364346	2,4,7,11,12,16	pull tea bad cons a self
POOL	36	0.894361095	2,4,7,11,12,16	push tea bad cons a self
POOL	37	0.894171245	2,4,6,7,11,16	pull t tube a cons self
POOL	38	0.894167993	2,4,6,7,11,16	push t tube a cons self
POOL	39	0.894117303	2,4,7,11,12,16	too tea bad cons a self
POOL	40	0.893701508	2,4,7,11,12,16	paw tea bad cons a self
POOL	41	0.892435396	2,4,7,11,12,16	pull tea bad khan's a self
POOL	42	0.892432145	2,4,7,11,12,16	push tea bad khan's a self
POOL	43	0.892323490	2,5,7,11,13,16	pull tit bad cons us else
POOL	44	0.892320239	2,5,7,11,13,16	push tit bad cons us else
POOL	45	0.892188353	2,4,7,11,12,16	too tea bad khan's a self
POOL	46	0.892154641	2,4,7,11,13,16	pow tea bad cons us else
POOL	47	0.892091612	4,6,7,11,13,16	took tube a cons ass else
POOL	48	0.892076447	2,5,7,11,13,16	too tit bad cons us else
POOL	49	0.891867581	2,6,7,11,12,16	pull tit yeah cons a self
POOL	50	0.891864329	2,6,7,11,12,16	push tit yeah cons a self
POOL	51	0.891772558	2,4,7,11,12,16	paw tea bad khan's a self
POOL	52	0.891620537	2,6,7,11,12,16	too tit yeah cons a self
POOL	53	0.891618445	4,6,7,11,13,16	book tube a cons ass else
POOL	54	0.891204742	2,6,7,11,12,16	paw tit yeah cons a self
POOL	55	0.891135406	2,4,7,11,12,16	pull tea teh cons a self
POOL	56	0.891132154	2,4,7,11,12,16	push tea teh cons a self
POOL	57	0.890978012	2,4,7,11,12,16	pull t bad cons a self
POOL	58	0.890974760	2,4,7,11,12,16	push t bad cons a self
POOL	59	0.890950227	2,5,7,11,13,16	pull tit bad cons ass else
POOL	60	0.890946975	2,5,7,11,13,16	push tit bad cons ass else
POOL	61	0.890888362	2,4,7,11,12,16	too tea teh cons a self
POOL	62	0.890883401	2,4,7,11,12,16	poo tea bad cons a self
POOL	63	0.890839559	2,4,7,11,12,16	pull tea bad cars a self
POOL	64	0.890836308	2,4,7,11,12,16	push tea bad cars a self
POOL	65	0.890730968	2,4,7,11,12,16	too t bad cons a self
POOL	66	0.890703183	2,5,7,11,13,16	too tit bad cons ass else
POOL	67	0.890592516	2,4,7,11,12,16	too tea bad cars a self
POOL	68	0.890553155	2,4,6,11,13,16	pull tea tube cons us else
POOL	69	0.890549903	2,4,6,11,13,16	push tea tube cons us else
POOL	70	0.890548634	2,4,7,11,12,16	pull tee bad cons a self
POOL	71	0.890545383	2,4,7,11,12,16	push tee bad cons a self
POOL	72	0.890530595	4,6,7,11,13,16	took tab a cons ass else
POOL	73	0.890518799	2,6,7,11,12,16	pull tit a cons a self
POOL	74	0.890515548	2,6,7,11,12,16	push tit a cons a self
POOL	75	0.890472567	2,4,7,11,12,16	paw tea teh cons a self
POOL	76	0.890394540	2,5,7,11,13,16	pull tit bad khan's us else
POOL	77	0.890391289	2,5,7,11,13,16	push tit bad khan's us else
POOL	78	0.890315173	2,4,7,11,12,16	paw t bad cons a self
POOL	79	0.890306111	2,4,6,11,13,16	too tea tube cons us else
POOL	80	0.890301591	2,4,7,11,12,16	too tee bad cons a self
POOL	81	0.890271756	2,6,7,11,12,16	too tit a cons a self
POOL	82	0.890229956	2,4,7,11,12,16	pull tea tell cons a self
POOL	83	0.890226704	2,4,7,11,12,16	push tea tell cons a self
POOL	84	0.890176721	2,4,7,11,12,16	paw tea bad cars a self
POOL	85	0.890162662	4,6,7,11,13,16	took tube a khan's ass else
POOL	86	0.890156062	4,6,7,11,13,16	took top a cons ass else
POOL	87	0.890147535	2,6,7,11,12,16	pull tit eh cons a self
POOL	88	0.890144283	2,6,7,11,12,16	push tit eh cons a self
POOL	89	0.890142748	4,6,7,11,13,16	took tub a cons ass else
POOL	90	0.890103746	2,4,7,11,12,16	pooh tea bad cons a self
POOL	91	0.890057428	4,6,7,11,13,16	book tab a cons ass else
POOL	92	0.889996120	2,6,7,11,12,16	pull tit add cons a self
POOL	93	0.889992868	2,6,7,11,12,16	push tit add cons a self
POOL	94	0.889982912	2,4,7,11,12,16	too tea tell cons a self
POOL	95	0.889938631	2,6,7,11,12,16	pull tit yeah khan's a self
POOL	96	0.889935379	2,6,7,11,12,16	push tit yeah khan's a self
POOL	97	0.889900491	2,6,7,11,12,16	too tit eh cons a self
POOL	98	0.889885796	2,4,7,11,12,16	paw tee bad cons a self
POOL	99	0.889857497	2,4,7,11,12,16	pull tea bad cause a self
POOL	100	0.889855961	2,6,7,11,12,16	paw tit a cons a self
POOL	101	0.889854245	2,4,7,11,12,16	push tea bad cause a self
POOL	102	0.889749076	2,6,7,11,12,16	too tit add cons a self
POOL	103	0.889691587	2,6,7,11,12,16	too tit yeah khan's a self
POOL	104	0.889689495	4,6,7,11,13,16	book tube a khan's ass else
POOL	105	0.889682895	4,6,7,11,13,16	book top a cons ass else
POOL	106	0.889669581	4,6,7,11,13,16	book tub a cons ass else
POOL	107	0.889622052	2,4,7,11,12,16	pull key bad cons a self
POOL	108	0.889618801	2,4,7,11,12,16	push key bad cons a self
POOL	109	0.889610453	2,4,7,11,12,16	too tea bad cause a self
POOL	110	0.889593931	4,6,7,11,13,16	took tube a cons s else
POOL	111	0.889593476	4,6,7,11,13,16	pushed tube a cons ass else
POOL	112	0.889583298	2,4,7,11,12,16	took tea bad cons a self
POOL	113	0.889567117	2,4,7,11,12,16	paw tea tell cons a self
POOL	114	0.889484696	2,6,7,11,12,16	paw tit eh cons a self
POOL	115	0.889455472	4,6,7,11,13,16	took tube a cons ass elf
POOL	116	0.889433893	4,6,7,11,13,16	took tube a cons ash else
POOL	117	0.889375008	2,4,7,11,12,16	too key bad cons a self
POOL	118	0.889323612	4,6,7,11,13,16	took too a cons ass else
POOL	119	0.889275792	2,6,7,11,12,16	paw tit yeah khan's a self
POOL	120	0.889206456	2,4,7,11,12,16	pull tea teh khan's a self
POOL	121	0.889203204	2,4,7,11,12,16	push tea teh khan's a self
POOL	122	0.889179891	2,4,6,11,13,16	pull tea tube cons ass else
POOL	123	0.889176640	2,4,6,11,13,16	push tea tube cons ass else
POOL	124	0.889120764	4,6,7,11,13,16	book tube a cons s else
POOL	125	0.889049062	2,4,7,11,12,16	pull t bad khan's a self
POOL	126	0.889045810	2,4,7,11,12,16	push t bad khan's a self
POOL	127	0.888992138	2,4,6,11,13,16	pull tea tab cons us else
POOL	128	0.888988887	2,4,6,11,13,16	push tea tab cons us else
POOL	129	0.888982305	4,6,7,11,13,16	book tube a cons ass elf
POOL	130	0.888960726	4,6,7,11,13,16	book tube a cons ash else
POOL	131	0.888959412	2,4,7,11,12,16	too tea teh khan's a self
POOL	132	0.888954451	2,4,7,11,12,16	poo tea bad khan's a self
POOL	133	0.888932847	2,4,6,11,13,16	too tea tube cons ass else
POOL	134	0.888850445	4,6,7,11,13,16	book too a cons ass else
POOL	135	0.888601645	4,6,7,11,13,16	took tab a khan's ass else
POOL	136	0.888599726	2,6,7,11,13,16	book tit a cons us else
POOL	137	0.888589849	2,6,7,11,12,16	pull tit a khan's a self
POOL	138	0.888586598	2,6,7,11,12,16	push tit a khan's a self
POOL	139	0.888566825	4,6,7,11,13,16	took tube a cars ass else
POOL	140	0.888426171	3,6,7,11,13,16	took eat a cons ass else
POOL	141	0.888364311	1,2,6,7,11,16	app oh tit a cons self
POOL	142	0.888342806	2,6,7,11,12,16	too tit a khan's a self
POOL	143	0.888227112	4,6,7,11,13,16	took top a khan's ass else
POOL	144	0.888218585	2,6,7,11,12,16	pull tit eh khan's a self
POOL	145	0.888213798	4,6,7,11,13,16	took tub a khan's ass else
POOL	146	0.888179495	2,4,7,11,13,16	pull tea bear cons us else
POOL	147	0.888128478	4,6,7,11,13,16	book tab a khan's ass else
POOL	148	0.888093658	4,6,7,11,13,16	book tube a cars ass else
POOL	149	0.888032915	4,6,7,11,13,16	took tab a cons s else
POOL	150	0.888032460	4,6,7,11,13,16	pushed tab a cons ass else
POOL	151	0.887953004	3,6,7,11,13,16	book eat a cons ass else
POOL	152	0.887894455	4,6,7,11,13,16	took tab a cons ass elf
POOL	153	0.887872876	4,6,7,11,13,16	took tab a cons ash else
POOL	154	0.887753945	4,6,7,11,13,16	book top a khan's ass else
POOL	155	0.887740631	4,6,7,11,13,16	book tub a khan's ass else
POOL	156	0.887664981	4,6,7,11,13,16	took tube a khan's s else
POOL	157	0.887664526	4,6,7,11,13,16	pushed tube a khan's ass else
POOL	158	0.887658382	4,6,7,11,13,16	took top a cons s else
POOL	159	0.887657927	4,6,7,11,13,16	pushed top a cons ass else
POOL	160	0.887429655	1,4,7,11,13,16	up tea bad cons ass else
POOL	161	0.887230534	2,6,7,10,13,16	pull tit a cause thus else
POOL	162	0.887227283	2,6,7,10,13,16	push tit a cause thus else
POOL	163	0.886983491	2,6,7,10,13,16	too tit a cause thus else
POOL	164	0.886828549	2,6,7,11,15,16	pull tit a cons sell see
POOL	165	0.886825298	2,6,7,11,15,16	push tit a cons sell see
POOL	166	0.886581506	2,6,7,11,15,16	too tit a cons sell see
POOL	167	0.886497221	3,6,7,11,13,16	took eat a khan's ass else
POOL	168	0.886493591	2,6,7,9,11,16	pull tit a car news self
POOL	169	0.886490340	2,6,7,9,11,16	push tit a car news self
POOL	170	0.886435361	1,2,6,7,11,16	app oh tit a khan's self
POOL	171	0.886246548	2,6,7,9,11,16	too tit a car news self
POOL	172	0.886193606	2,6,7,11,15,16	pull tit a cons cell see
POOL	173	0.886190354	2,6,7,11,15,16	push tit a cons cell see
POOL	174	0.886104130	2,6,7,9,11,16	pull tit a ka news self
POOL	175	0.886100878	2,6,7,9,11,16	push tit a ka news self
POOL	176	0.886092472	1,2,6,7,11,16	too oh tit a cons self
POOL	177	0.886024054	3,6,7,11,13,16	book eat a khan's ass else
POOL	178	0.885946562	2,6,7,11,15,16	too tit a cons cell see
POOL	179	0.885928491	3,6,7,11,13,16	took eat a cons s else
POOL	180	0.885928036	3,6,7,11,13,16	pushed eat a cons ass else
POOL	181	0.885868892	2,4,7,11,13,16	pull tin bad cons us else
POOL	182	0.885857086	2,6,7,9,11,16	too tit a ka news self
POOL	183	0.885830753	2,6,7,9,11,16	paw tit a car news self
POOL	184	0.885790031	3,6,7,11,13,16	took eat a cons ass elf
POOL	185	0.885751019	2,6,7,11,13,16	pull tit egg cons us else
POOL	186	0.885731492	2,6,7,9,11,16	pull tit a cause news self
POOL	187	0.885728241	2,6,7,9,11,16	push tit a cause news self
POOL	188	0.885500705	1,4,7,11,13,16	up tea bad khan's ass else
POOL	189	0.885484449	2,6,7,9,11,16	too tit a cause news self
POOL	190	0.885478076	1,4,7,11,13,16	app tea bad cons us else
POOL	191	0.885455324	3,6,7,11,13,16	book eat a cons s else
POOL	192	0.885441291	2,6,7,9,11,16	paw tit a ka news self
POOL	193	0.885284300	2,6,7,9,13,16	pull tit a car thus else
POOL	194	0.885281049	2,6,7,9,13,16	push tit a car thus else
POOL	195	0.885228910	2,6,7,11,15,16	pull tit a cons shell see
POOL	196	0.885225659	2,6,7,11,15,16	push tit a cons shell see
POOL	197	0.885068654	2,6,7,9,11,16	paw tit a cause news self
POOL	198	0.885037257	2,6,7,9,13,16	too tit a car thus else
POOL	199	0.884981867	2,6,7,11,15,16	too tit a cons shell see
POOL	200	0.884960395	2,6,7,11,13,16	pull tit a cons apps else
POOL	201	0.884931975	1,4,7,11,13,16	up tea bad cons s else
POOL	202	0.884899599	2,6,7,11,15,16	pull tit a khan's sell see
POOL	203	0.884896348	2,6,7,11,15,16	push tit a khan's sell see
POOL	204	0.884894838	2,6,7,9,13,16	pull tit a ka thus else
POOL	205	0.884891587	2,6,7,9,13,16	push tit a ka thus else
POOL	206	0.884839524	1,2,6,7,11,16	app oh tit a cars self
POOL	207	0.884821682	2,5,7,11,12,16	pull tit bad cons a self
POOL	208	0.884818430	2,5,7,11,12,16	push tit bad cons a self
POOL	209	0.884793516	1,4,7,11,13,16	up tea bad cons ass elf
POOL	210	0.884750139	2,5,7,11,13,16	pa tit bad cons us else
POOL	211	0.884704602	1,2,6,7,11,16	up oh tit yeah cons self
POOL	212	0.884696734	1,2,6,7,11,16	app oh kit a cons self
POOL	213	0.884647795	2,6,7,9,13,16	too tit a ka thus else
POOL	214	0.884574638	2,5,7,11,12,16	too tit bad cons a self
POOL	215	0.884461557	2,4,6,7,11,16	pull dee tube a cons self
POOL	216	0.884299363	1,2,6,7,11,16	pee oh tit a cons self
POOL	217	0.884236672	2,6,7,11,13,16	pull kitt a cons us else
POOL	218	0.884210261	1,2,6,7,11,16	app new tit a cons self
POOL	219	0.884200715	1,4,7,11,13,16	up tea teh cons ass else
POOL	220	0.884165659	2,4,9,11,13,16	pull tea tech news us else
POOL	221	0.884163522	1,2,6,7,11,16	too oh tit a khan's self
POOL	222	0.884162407	2,4,9,11,13,16	push tea tech news us else
POOL	223	0.884158843	2,5,7,11,12,16	paw tit bad cons a self
POOL	224	0.884104813	1,4,7,11,13,16	app tea bad cons ass else
POOL	225	0.883918615	2,4,9,11,13,16	too tea tech news us else
POOL	226	0.883906200	1,2,6,7,11,16	app aw tit a cons self
POOL	227	0.883857461	1,2,6,7,11,16	app oh tit a cause self
POOL	228	0.883726407	2,6,7,9,11,16	pull tit a ca news self
POOL	229	0.883723155	2,6,7,9,11,16	push tit a ca news self
POOL	230	0.883479363	2,6,7,9,11,16	too tit a ca news self
POOL	231	0.883355820	1,2,6,7,11,16	up oh tit a cons self
POOL	232	0.883323141	2,4,7,11,15,16	pull tea bad cons sell if
POOL	233	0.883319890	2,4,7,11,15,16	push tea bad cons sell if
POOL	234	0.883311465	1,2,6,11,13,16	up oh tit cons ass else
POOL	235	0.883186419	2,4,8,11,13,16	pull tea tech ons us else
POOL	236	0.883183167	2,4,8,11,13,16	push tea tech ons us else
POOL	237	0.883145181	4,6,7,11,12,16	took tube yeah cons a self
POOL	238	0.883138519	2,4,9,11,13,16	pull tea tack news us else
POOL	239	0.883135268	2,4,9,11,13,16	push tea tack news us else
POOL	240	0.883076098	2,4,7,11,15,16	too tea bad cons sell if
POOL	241	0.883063568	2,6,7,9,11,16	paw tit a ca news self
POOL	242	0.883054216	2,4,6,7,11,16	pull tea et a cons self
POOL	243	0.883033849	1,2,6,7,11,16	app oh tip a cons self
POOL	244	0.883012646	2,6,7,9,11,16	poo tit a car news self
POOL	245	0.882984556	1,2,6,7,11,16	up oh tit eh cons self
POOL	246	0.882981139	2,4,7,11,15,16	pull tea bad cons sell off
POOL	247	0.882977888	2,4,7,11,15,16	push tea bad cons sell off
POOL	248	0.882956937	2,4,7,10,13,16	pull tea bad cause this else
POOL	249	0.882953686	2,4,7,10,13,16	push tea bad cause this else
POOL	250	0.882939375	2,4,8,11,13,16	too tea tech ons us else
POOL	251	0.882892732	2,5,7,11,12,16	pull tit bad khan's a self
POOL	252	0.882889480	2,5,7,11,12,16	push tit bad khan's a self
POOL	253	0.882834428	2,4,7,11,12,16	pool tea bad cons a self
POOL	254	0.882826015	2,6,7,9,11,16	pull kit a car news self
POOL	255	0.882822764	2,6,7,9,11,16	push kit a car news self
POOL	256	0.882775652	1,2,6,7,11,16	up oh tit yeah khan's self
POOL	257	0.882767784	1,2,6,7,11,16	app oh kit a khan's self
POOL	258	0.882753004	2,4,7,11,12,16	pull tea ted cons a self
POOL	259	0.882742748	2,4,7,10,13,16	pull tea bad cause thus else
POOL	260	0.882739496	2,4,7,10,13,16	push tea bad cause thus else
POOL	261	0.882734096	2,4,7,11,15,16	too tea bad cons sell off
POOL	262	0.882729134	2,6,7,9,11,16	pull tit a caught news self
POOL	263	0.882725883	2,6,7,9,11,16	push tit a caught news self
POOL	264	0.882709894	2,4,7,10,13,16	too tea bad cause this else
POOL	265	0.882688198	2,4,7,11,15,16	pull tea bad cons cell if
POOL	266	0.882684946	2,4,7,11,15,16	push tea bad cons cell if
POOL	267	0.882672015	4,6,7,11,12,16	book tube yeah cons a self
POOL	268	0.882645688	2,5,7,11,12,16	too tit bad khan's a self
POOL	269	0.882623184	2,6,7,9,11,16	poo tit a ka news self
POOL	270	0.882578972	2,6,7,9,11,16	too kit a car news self
POOL	271	0.882567685	1,2,6,7,11,16	too oh tit a cars self
POOL	272	0.882482091	2,6,7,9,11,16	too tit a caught news self
POOL	273	0.882436553	2,6,7,9,11,16	pull kit a ka news self
POOL	274	0.882433302	2,6,7,9,11,16	push kit a ka news self
POOL	275	0.882250547	2,6,7,9,11,16	poo tit a cause news self
POOL	276	0.882229893	2,5,7,11,12,16	paw tit bad khan's a self
POOL	277	0.882189510	2,6,7,9,11,16	too kit a ka news self
POOL	278	0.882163177	2,6,7,9,11,16	paw kit a car news self
POOL	279	0.882159279	2,4,8,11,13,16	pull tea tack ons us else
POOL	280	0.882156028	2,4,8,11,13,16	push tea tack ons us else
POOL	281	0.882063916	2,6,7,9,11,16	pull kit a cause news self
POOL	282	0.882060664	2,6,7,9,11,16	push kit a cause news self
POOL	283	0.882037241	2,6,7,11,12,16	tour tit a cons a self
POOL	284	0.881957350	4,6,7,11,13,16	poi tube a cons us else
POOL	285	0.881912236	2,4,8,11,13,16	too tea tack ons us else
POOL	286	0.881813155	2,4,8,11,13,16	pull tea tech ons ass else
POOL	287	0.881809904	2,4,8,11,13,16	push tea tech ons ass else
POOL	288	0.881807783	2,6,8,11,13,16	pull tit at ons ass else
POOL	289	0.881804532	2,6,8,11,13,16	push tit at ons ass else
POOL	290	0.881796400	4,6,7,11,12,16	took tube a cons a self
POOL	291	0.881770459	2,6,7,11,13,16	pull kick a cons es else
POOL	292	0.881584165	4,6,7,11,12,16	took tab yeah cons a self
POOL	293	0.881560740	2,6,8,11,13,16	too tit at ons ass else
POOL	294	0.881484326	2,4,6,7,13,16	pull tea tube a cons else
POOL	295	0.881481074	2,4,6,7,13,16	push tea tube a cons else
POOL	296	0.881425136	4,6,7,11,12,16	took tube eh cons a self
POOL	297	0.881382515	1,2,6,11,13,16	up oh tit khan's ass else
POOL	298	0.881359886	1,2,6,11,13,16	app oh tit cons us else
POOL	299	0.881340736	2,5,7,11,12,16	poo tit bad cons a self
POOL	300	0.881339159	2,6,11,13,15,16	pull tit cons us air see
POOL	301	0.881335908	2,6,11,13,15,16	push tit cons us air see
POOL	302	0.881323233	4,6,7,11,12,16	book tube a cons a self
POOL	303	0.881296894	2,5,7,11,12,16	pull tit bad cars a self
POOL	304	0.881293643	2,5,7,11,12,16	push tit bad cars a self
POOL	305	0.881273720	4,6,7,11,12,16	took tube add cons a self
POOL	306	0.881237282	2,4,6,7,13,16	too tea tube a cons else
POOL	307	0.881216231	4,6,7,11,12,16	took tube yeah khan's a self
POOL	308	0.881209632	4,6,7,11,12,16	took top yeah cons a self
POOL	309	0.881196318	4,6,7,11,12,16	took tub yeah cons a self
POOL	310	0.881154105	2,5,7,11,12,16	pull kit bad cons a self
POOL	311	0.881150854	2,5,7,11,12,16	push kit bad cons a self
POOL	312	0.881144944	2,6,8,11,13,16	paw tit at ons ass else
POOL	313	0.881110998	4,6,7,11,12,16	book tab yeah cons a self
POOL	314	0.881092116	2,6,11,13,15,16	too tit cons us air see
POOL	315	0.881050127	2,4,7,11,12,16	pull tis bad cons a self
POOL	316	0.881049851	2,5,7,11,12,16	too tit bad cars a self
POOL	317	0.881010703	2,4,7,9,13,16	pull tea bad car this else
POOL	318	0.881007451	2,4,7,9,13,16	push tea bad car this else
POOL	319	0.880951969	4,6,7,11,12,16	book tube eh cons a self
POOL	320	0.880948274	2,6,11,13,15,16	pull tit cons ass air if
POOL	321	0.880945022	2,6,11,13,15,16	push tit cons ass air if
POOL	322	0.880907062	2,5,7,11,12,16	too kit bad cons a self
POOL	323	0.880813785	1,2,6,11,13,16	up oh tit cons s else
POOL	324	0.880800554	4,6,7,11,12,16	book tube add cons a self
POOL	325	0.880796514	2,4,7,9,13,16	pull tea bad car thus else
POOL	326	0.880793262	2,4,7,9,13,16	push tea bad car thus else
POOL	327	0.880763659	2,4,7,9,13,16	too tea bad car this else
POOL	328	0.880743065	4,6,7,11,12,16	book tube yeah khan's a self
POOL	329	0.880736465	4,6,7,11,12,16	book top yeah cons a self
POOL	330	0.880723151	4,6,7,11,12,16	book tub yeah cons a self
POOL	331	0.880712296	2,5,7,11,13,16	pull teach bad cons us else
POOL	332	0.880701230	2,6,11,13,15,16	too tit cons ass air if
POOL	333	0.880676321	2,7,11,13,15,16	paw tit cons us air see
POOL	334	0.880675326	1,2,6,11,13,16	up oh tit cons ass elf
POOL	335	0.880647046	4,6,7,11,12,16	pushed tube yeah cons a self
POOL	336	0.880634716	4,6,7,11,12,16	took tube ass cons a self
POOL	337	0.880634056	2,5,7,11,12,16	paw tit bad cars a self
POOL	338	0.880606272	2,6,11,13,15,16	pull tit cons ass air off
POOL	339	0.880603020	2,7,11,13,15,16	push tit cons ass air off
POOL	340	0.880561081	2,5,7,11,12,16	pooh tit bad cons a self
POOL	341	0.880491267	2,5,7,11,12,16	paw kit bad cons a self
POOL	342	0.880472057	2,6,9,11,13,16	pull tit ack news us else
POOL	343	0.880468806	2,6,9,11,13,16	push tit ack news us else
POOL	344	0.880460171	2,6,7,10,13,16	pull tit yeah cause this else
POOL	345	0.880456920	2,6,7,10,13,16	push tit yeah cause this else
POOL	346	0.880431719	2,4,7,11,13,16	pull tea bad cons fish else
POOL	347	0.880377182	4,6,7,11,12,16	took too yeah cons a self
POOL	348	0.880359228	2,7,11,13,15,16	too tit cons ass air off
POOL	349	0.880314832	2,5,7,11,12,16	pull tit bad cause a self
POOL	350	0.880311581	2,5,7,11,12,16	push tit bad cause a self
POOL	351	0.880285435	2,7,11,13,15,16	paw tit cons ass air if
POOL	352	0.880283165	2,4,7,11,13,16	pull tea bad cond us else
POOL	353	0.880245982	2,6,7,10,13,16	pull tit yeah cause thus else
POOL	354	0.880235384	4,6,7,11,12,16	took tab a cons a self
POOL	355	0.880225013	2,6,9,11,13,16	too tit ack news us else
POOL	356	0.880161550	4,6,7,11,12,16	book tube ass cons a self
POOL	357	0.880067789	2,5,7,11,12,16	too tit bad cause a self
POOL	358	0.880040633	2,5,7,11,12,16	took tit bad cons a self
POOL	359	0.879986622	1,2,6,11,13,16	app oh tit cons ass else
POOL	360	0.879974397	1,2,6,11,13,16	app a tit cons ass else
POOL	361	0.879965895	2,6,11,13,15,16	pull tit cons ass air see
POOL	362	0.879962644	2,7,11,13,15,16	push tit cons ass air see
POOL	363	0.879943433	2,7,11,13,15,16	paw tit cons ass air off
POOL	364	0.879923309	2,4,6,7,13,16	pull tea tab a cons else
POOL	365	0.879920058	2,4,6,7,13,16	push tea tab a cons else
POOL	366	0.879904015	4,6,7,11,12,16	book too yeah cons a self
POOL	367	0.879867450	4,6,7,11,12,16	took tube a khan's a self
POOL	368	0.879864119	4,6,7,11,12,16	took tab eh cons a self
POOL	369	0.879860851	4,6,7,11,12,16	took top a cons a self
POOL	370	0.879847537	4,6,7,11,12,16	took tub a cons a self
POOL	371	0.879798657	4,6,7,11,12,16	took tube app cons a self
POOL	372	0.879782059	2,5,7,11,12,16	pull tit bag cons a self
POOL	373	0.879778808	2,5,7,11,12,16	push tit bag cons a self
POOL	374	0.879763093	4,7,11,13,15,16	took bad cons us air see
POOL	375	0.879762217	4,6,7,11,12,16	book tab a cons a self
POOL	376	0.879718852	2,7,11,13,15,16	too tit cons ass air see
POOL	377	0.879712704	4,6,7,11,12,16	took tab add cons a self
POOL	378	0.879676266	2,4,6,7,13,16	too tea tab a cons else
POOL	379	0.879655215	4,6,7,11,12,16	took tab yeah khan's a self
POOL	380	0.879651993	2,5,7,11,12,16	paw tit bad cause a self
POOL	381	0.879628408	2,5,7,11,12,16	poe tit bad cons a self
POOL	382	0.879620394	4,6,7,11,12,16	took tube yeah cars a self
POOL	383	0.879555376	2,4,6,7,13,16	pull tea tube a khan's else
POOL	384	0.879552124	2,4,6,7,13,16	push tea tube a khan's else
POOL	385	0.879548776	2,4,6,7,13,16	pull tea top a cons else
POOL	386	0.879535016	2,5,7,11,12,16	too tit bag cons a self
POOL	387	0.879526281	2,7,11,13,15,16	pull tit cons us al see
POOL	388	0.879523030	2,7,11,13,15,16	push tit cons us al see
POOL	389	0.879496186	4,6,7,11,12,16	took tube eh khan's a self
POOL	390	0.879489586	4,6,7,11,12,16	took top eh cons a self
POOL	391	0.879489167	2,6,9,11,13,16	pull tit car news us else
POOL	392	0.879485915	2,6,9,11,13,16	push tit car news us else
POOL	393	0.879476272	4,6,7,11,12,16	took tub eh cons a self
POOL	394	0.879411786	2,5,7,11,12,16	poo tit bad khan's a self
POOL	395	0.879410209	2,7,11,13,15,16	pull tit khan's us air see
POOL	396	0.879406958	2,7,11,13,15,16	push tit khan's us air see
POOL	397	0.879394283	4,6,7,11,12,16	book tube a khan's a self
POOL	398	0.879390952	4,6,7,11,12,16	book tab eh cons a self
POOL	399	0.879387684	4,6,7,11,12,16	book top a cons a self
POOL	400	0.879374755	2,5,7,11,12,16	pull tip bad cons a self
POOL	401	0.879374370	4,6,7,11,12,16	book tub a cons a self
POOL	402	0.879372208	4,7,11,13,15,16	took bad cons ass air if
POOL	403	0.879371504	2,5,7,11,12,16	push tip bad cons a self
POOL	404	0.879344770	4,6,7,11,12,16	took tube add khan's a self
POOL	405	0.879338171	4,6,7,11,12,16	took top add cons a self
POOL	406	0.879325490	4,6,7,11,12,16	book tube app cons a self
POOL	407	0.879324857	4,6,7,11,12,16	took tub add cons a self
POOL	408	0.879310103	2,6,8,11,13,16	pull tit at ons s else
POOL	409	0.879306851	2,6,8,11,13,16	push tit at ons s else
POOL	410	0.879303057	2,7,11,13,15,16	paw tit cons ass air see
POOL	411	0.879298265	4,6,7,11,12,16	pushed tube a cons a self
POOL	412	0.879290868	2,5,7,11,13,16	pull tit black cons us else
POOL	413	0.879289927	4,7,11,13,15,16	book bad cons us air see
POOL	414	0.879280682	4,6,7,11,12,16	took top yeah khan's a self
POOL	415	0.879267368	4,6,7,11,12,16	took tub yeah khan's a self
POOL	416	0.879239537	4,6,7,11,12,16	book tab add cons a self
POOL	417	0.879237220	2,6,11,12,13,16	pull tit cons a see else
POOL	418	0.879233969	2,6,11,12,13,16	push tit cons a see else
POOL	419	0.879228131	2,6,7,11,12,16	pull tea a cons a self
POOL	420	0.879225155	2,5,7,11,12,16	pull kit bad khan's a self
POOL	421	0.879221904	2,5,7,11,12,16	push kit bad khan's a self
POOL	422	0.879202426	2,5,7,11,12,16	pull shit bad cons a self
POOL	423	0.879199174	2,5,7,11,12,16	push shit bad cons a self
POOL	424	0.879182048	4,6,7,11,12,16	book tab yeah khan's a self
POOL	425	0.879171643	2,6,8,11,13,16	pull tit at ons ass elf
POOL	426	0.879168392	2,6,8,11,13,16	push tit at ons ass elf
POOL	427	0.879147227	4,6,7,11,12,16	book tube yeah cars a self
POOL	428	0.879127712	2,5,7,11,12,16	too tip bad cons a self
POOL	429	0.879119221	2,5,7,11,12,16	paw tit bag cons a self
POOL	430	0.879086030	4,6,7,11,12,16	pushed tab yeah cons a self
POOL	431	0.879073700	4,6,7,11,12,16	took tab ass cons a self
POOL	432	0.879063059	2,6,8,11,13,16	too tit at ons s else
POOL	433	0.879030206	4,7,11,13,15,16	took bad cons ass air off
POOL	434	0.879028400	4,6,7,11,12,16	took too a cons a self
POOL	435	0.879023019	4,6,7,11,12,16	book tube eh khan's a self
POOL	436	0.878990177	2,6,11,12,13,16	too tit cons a see else
POOL	437	0.878978112	2,5,7,11,12,16	too kit bad khan's a self
POOL	438	0.878955382	2,5,7,11,12,16	too shit bad cons a self
POOL	439	0.878899041	4,7,11,13,15,16	book bad cons ass air if
POOL	440	0.878765075	2,5,7,11,12,16	pull tick bad cons a self
POOL	441	0.878761824	2,5,7,11,12,16	push tick bad cons a self
POOL	442	0.878738938	2,5,7,11,12,16	pull tit buy cons a self
POOL	443	0.878735686	2,5,7,11,12,16	push tit buy cons a self
POOL	444	0.878715708	2,4,6,7,11,16	a tea tube a cons self
POOL	445	0.878711917	2,5,7,11,12,16	paw tip bad cons a self
POOL	446	0.878632131	2,5,7,11,12,16	pooh tit bad khan's a self
POOL	447	0.878574382	2,6,11,12,13,16	paw tit cons a see else
POOL	448	0.878562317	2,5,7,11,12,16	paw kit bad khan's a self
POOL	449	0.878557039	4,7,11,13,15,16	book bad cons ass air off
POOL	450	0.878518032	2,5,7,11,12,16	too tick bad cons a self
POOL	451	0.878508135	4,6,7,10,13,16	took tube a cause thus else
POOL	452	0.878491894	2,5,7,11,12,16	too tit buy cons a self
POOL	453	0.878389830	4,7,11,13,15,16	took bad cons ass air see
POOL	454	0.878328393	2,4,6,7,11,16	pull tea tube said cons self
POOL	455	0.878321300	2,4,6,9,13,16	pull tea tube at thus else
POOL	456	0.878318049	2,4,6,9,13,16	push tea tube at thus else
POOL	457	0.878303390	3,4,7,11,13,16	took a bad cons ass else
POOL	458	0.878131677	3,4,7,11,13,16	took see bad cons us else
POOL	459	0.878111683	2,5,7,11,12,16	took tit bad khan's a self
POOL	460	0.878106150	4,6,7,11,15,16	took tube a cons sell see
POOL	461	0.878081031	2,4,7,11,13,16	pull tea bat kahn us else
POOL	462	0.878074257	2,4,6,9,13,16	too tea tube at thus else
POOL	463	0.878072817	4,6,7,10,13,16	took tube a con thus else
POOL	464	0.878034968	4,6,7,10,13,16	book tube a cause thus else
POOL	465	0.877989768	3,4,6,7,11,16	took see tube a cons self
POOL	466	0.877953498	2,7,11,13,16	too t-back cons us else
POOL	467	0.877950215	4,7,11,13,15,16	took bad cons us al see
POOL	468	0.877947143	2,5,7,11,15,16	pull tit bad cons sell if
POOL	469	0.877943892	2,5,7,11,15,16	push tit bad cons sell if
POOL	470	0.877937389	4,6,7,10,13,16	took tube a khan thus else
POOL	471	0.877916663	4,7,11,13,15,16	book bad cons ass air see
POOL	472	0.877849810	2,6,7,11,14,16	pull tit a cons said laugh
POOL	473	0.877846559	2,6,7,11,14,16	push tit a cons said laugh
POOL	474	0.877834143	4,7,11,13,15,16	took bad khan's us air see
POOL	475	0.877830223	3,4,7,11,13,16	book a bad cons ass else
POOL	476	0.877828370	2,6,11,12,13,16	pull tit cons a shh else
POOL	477	0.877825119	2,6,11,12,13,16	push tit cons a shh else
POOL	478	0.877700100	2,5,7,11,15,16	too tit bad cons sell if
POOL	479	0.877661155	4,7,11,12,13,16	took bad cons a see else
POOL	480	0.877658510	3,4,7,11,13,16	book see bad cons us else
POOL	481	0.877632983	4,6,7,11,15,16	book tube a cons sell see
POOL	482	0.877605141	2,5,7,11,15,16	pull tit bad cons sell off
POOL	483	0.877602767	2,6,7,11,14,16	too tit a cons said laugh
POOL	484	0.877601890	2,5,7,11,15,16	push tit bad cons sell off
POOL	485	0.877599650	4,6,7,10,13,16	book tube a con thus else
POOL	486	0.877581327	2,6,11,12,13,16	too tit cons a shh else
POOL	487	0.877559330	4,7,11,13,15,16	took bad cons ass al if
POOL	488	0.877555793	2,4,6,11,13,16	pawn tea tube cons us else
POOL	489	0.877539653	2,4,9,11,13,16	pull tea tek news us else
POOL	490	0.877524694	2,6,7,11,14,16	pull tit a cons see laugh
POOL	491	0.877523639	4,7,9,11,13,16	took bad ka news us else
POOL	492	0.877521443	2,6,7,11,14,16	push tit a cons see laugh
POOL	493	0.877516601	3,4,6,7,11,16	book see tube a cons self
POOL	494	0.877471206	4,6,7,11,15,16	took tube a cons cell see
POOL	495	0.877464222	4,6,7,10,13,16	book tube a khan thus else
POOL	496	0.877358098	2,5,7,11,15,16	too tit bad cons sell off
POOL	497	0.877312200	2,5,7,11,15,16	pull tit bad cons cell if
POOL	498	0.877308948	2,5,7,11,15,16	push tit bad cons cell if
POOL	499	0.877308270	2,6,11,12,13,16	pull tit khan's a see else
POOL	500	0.877305019	2,6,11,12,13,16	push tit khan's a see else
POOL	501	0.877277651	2,6,7,11,14,16	too tit a cons see laugh
POOL	502	0.877195969	2,6,7,11,14,16	pull tit a cons ass laugh
POOL	503	0.877192718	2,6,7,11,14,16	push tit a cons ass laugh
POOL	504	0.877189849	2,7,11,13,16	too t-back cons ass else
POOL	505	0.877187988	4,7,11,12,13,16	book bad cons a see else
POOL	506	0.877165532	2,6,11,12,13,16	paw tit cons a shh else
POOL	507	0.877165156	2,6,7,9,13,16	pull tit a car this else
POOL	508	0.877061227	2,6,11,12,13,16	too tit khan's a see else
POOL	509	0.877050473	4,7,9,11,13,16	book bad ka news us else
POOL	510	0.876998040	4,6,7,11,15,16	book tube a cons cell see
POOL	511	0.876947118	4,6,7,10,13,16	took tab a cause thus else
POOL	512	0.876923351	2,6,7,13,16	too tit a conscious else
POOL	513	0.876776009	2,6,11,13,14,16	pull tit cons ass a laugh
POOL	514	0.876772758	2,6,11,13,14,16	push tit cons ass a laugh
POOL	515	0.876758413	3,4,7,11,13,16	took see bad cons ass else
POOL	516	0.876700899	2,7,11,13,16	pull t-back cons us else
POOL	517	0.876696998	2,7,11,13,16	push t-back cons us else
POOL	518	0.876687939	2,4,6,11,13,16	pull tell tube cons us else
POOL	519	0.876645432	2,6,11,12,13,16	paw tit khan's a see else
POOL	520	0.876601081	2,6,11,12,13,16	pull tit cons a see elf
POOL	521	0.876597829	2,6,11,12,13,16	push tit cons a see elf
POOL	522	0.876596812	2,6,7,11,13,16	pull tit a tongs us else
POOL	523	0.876572585	4,6,7,10,13,16	took top a cause thus else
POOL	524	0.876561901	4,6,7,9,13,16	took tube a car thus else
POOL	525	0.876559271	4,6,7,10,13,16	took tub a cause thus else
POOL	526	0.876545133	4,6,7,11,15,16	took tab a cons sell see
POOL	527	0.876528966	2,6,11,13,14,16	too tit cons ass a laugh
POOL	528	0.876511801	4,6,7,10,13,16	took tab a con thus else
POOL	529	0.876506511	4,6,7,11,15,16	took tube a cons shell see
POOL	530	0.876473952	4,6,7,10,13,16	book tab a cause thus else
POOL	531	0.876428752	3,4,6,7,11,16	took see tab a cons self
POOL	532	0.876398379	3,4,7,11,13,16	took i. bad cons ass else
POOL	533	0.876390921	2,5,9,11,13,16	pull tit bak news us else
POOL	534	0.876387670	2,5,9,11,13,16	push tit bak news us else
POOL	535	0.876376373	4,6,7,10,13,16	took tab a khan thus else
POOL	536	0.876374440	3,4,7,11,13,16	took a bad khan's ass else
POOL	537	0.876354037	2,6,11,12,13,16	too tit cons a see elf
POOL	538	0.876252305	4,7,11,12,13,16	took bad cons a shh else
POOL	539	0.876183295	2,6,11,12,13,16	pull tit cons a sh else
POOL	540	0.876180043	2,6,11,12,13,16	push tit cons a sh else
POOL	541	0.876177200	4,6,7,11,15,16	took tube a khan's sell see
POOL	542	0.876172439	4,6,7,9,13,16	took tube a ka thus else
POOL	543	0.876170600	4,6,7,11,15,16	took top a cons sell see
POOL	544	0.876157286	4,6,7,11,15,16	took tub a cons sell see
POOL	545	0.876150376	4,7,9,11,13,16	took bad ka news ass else
POOL	546	0.876143878	2,5,9,11,13,16	too tit bak news us else
POOL	547	0.876137268	4,6,7,10,13,16	took top a con thus else
POOL	548	0.876123954	4,6,7,10,13,16	took tub a con thus else
POOL	549	0.876099419	4,6,7,10,13,16	book top a cause thus else
POOL	550	0.876088734	4,6,7,9,13,16	book tube a car thus else
POOL	551	0.876086105	4,6,7,10,13,16	book tub a cause thus else
POOL	552	0.876071967	4,6,7,11,15,16	book tab a cons sell see
POOL	553	0.876060818	3,4,6,7,11,16	took see tube a khan's self
POOL	554	0.876054219	3,4,6,7,11,16	took see top a cons self
POOL	555	0.876040905	3,4,6,7,11,16	took see tub a cons self
POOL	556	0.876038634	4,6,7,10,13,16	book tab a con thus else
POOL	557	0.876033344	4,6,7,11,15,16	book tube a cons shell see
POOL	558	0.876010000	4,6,7,10,13,16	pushed tube a cause thus else
POOL	559	0.876001839	4,6,7,10,13,16	took top a khan thus else
POOL	560	0.875988526	4,6,7,10,13,16	took tub a khan thus else
POOL	561	0.875955585	3,4,6,7,11,16	book see tab a cons self
POOL	562	0.875938242	2,6,11,12,13,16	paw tit cons a see elf
POOL	563	0.875937249	2,7,11,13,16	pull t-back cons ass else
POOL	564	0.875936251	2,6,11,12,13,16	too tit cons a sh else
POOL	565	0.875933348	2,7,11,13,16	push t-back cons ass else
POOL	566	0.875910190	4,6,7,11,15,16	took tab a cons cell see
POOL	567	0.875903206	4,6,7,10,13,16	book tab a khan thus else
POOL	568	0.875899420	2,6,11,12,13,16	pull tit khan's a shh else
POOL	569	0.875896169	2,6,11,12,13,16	push tit khan's a shh else
POOL	570	0.875871995	4,6,7,10,13,16	took tube a cause thus elf
POOL	571	0.875796338	2,9,11,13,16	too t-back news us else
POOL	572	0.875779138	4,7,11,12,13,16	book bad cons a shh else
POOL	573	0.875768984	3,5,7,11,13,16	took eat bad cons us else
POOL	574	0.875756275	2,7,11,12,13,16	poo tit cons a see else
POOL	575	0.875740135	4,6,7,10,13,16	took too a cause thus else
POOL	576	0.875732205	4,7,11,12,13,16	took bad khan's a see else
POOL	577	0.875712433	2,7,11,12,13,16	pull tit cars a see else
POOL	578	0.875709182	2,7,11,12,13,16	push tit cars a see else
POOL	579	0.875704033	4,6,7,11,15,16	book tube a khan's sell see
POOL	580	0.875699272	4,6,7,9,13,16	book tube a ka thus else
POOL	581	0.875697434	4,6,7,11,15,16	book top a cons sell see
POOL	582	0.875684610	2,4,8,11,12,16	pull tea tech ons a self
POOL	583	0.875684120	4,6,7,11,15,16	book tub a cons sell see
POOL	584	0.875681359	2,4,8,11,12,16	push tea tech ons a self
POOL	585	0.875677209	4,7,9,11,13,16	book bad ka news ass else
POOL	586	0.875670752	2,6,7,13,16	pull tit a conscious else
POOL	587	0.875666850	2,6,7,13,16	push tit a conscious else
POOL	588	0.875664101	4,6,7,10,13,16	book top a con thus else
POOL	589	0.875652377	2,6,11,12,13,16	too tit khan's a shh else
POOL	590	0.875650787	4,6,7,10,13,16	book tub a con thus else
POOL	591	0.875638758	2,7,11,13,16	too t-back khan's us else
POOL	592	0.875634705	2,5,7,9,13,16	pull tit bad car this else
POOL	593	0.875631453	2,5,7,9,13,16	push tit bad car this else
POOL	594	0.875608015	4,6,7,11,15,16	pushed tube a cons sell see
POOL	595	0.875587651	3,4,6,7,11,16	book see tube a khan's self
POOL	596	0.875581052	3,4,6,7,11,16	book see top a cons self
POOL	597	0.875574682	4,6,7,10,13,16	pushed tube a con thus else
POOL	598	0.875569644	2,6,11,12,13,16	pull kit cons a see else
POOL	599	0.875567738	3,4,6,7,11,16	book see tub a cons self
POOL	600	0.875566393	2,6,11,12,13,16	push kit cons a see else
POOL	601	0.875542256	4,6,7,11,15,16	took tube a khan's cell see
POOL	602	0.875535657	4,6,7,11,15,16	took top a cons cell see
POOL	603	0.875528673	4,6,7,10,13,16	book top a khan thus else
POOL	604	0.875522343	4,6,7,11,15,16	took tub a cons cell see
POOL	605	0.875520456	2,6,11,12,13,16	paw tit cons a sh else
POOL	606	0.875515359	4,6,7,10,13,16	book tub a khan thus else
POOL	607	0.875491633	3,4,6,7,11,16	pushed see tube a cons self
POOL	608	0.875485807	2,7,11,13,16	too t-back cons a else
POOL	609	0.875465390	2,7,11,12,13,16	too tit cars a see else
POOL	610	0.875439254	4,6,7,10,13,16	pushed tube a khan thus else
POOL	611	0.875437567	2,4,8,11,12,16	too tea tech ons a self
POOL	612	0.875437023	4,6,7,11,15,16	book tab a cons cell see
POOL	613	0.875436677	4,6,7,10,13,16	took tube a con thus elf
POOL	614	0.875420516	2,5,7,9,13,16	pull tit bad car thus else
POOL	615	0.875417264	2,5,7,9,13,16	push tit bad car thus else
POOL	616	0.875414966	4,7,9,11,13,16	pushed bad car news us else
POOL	617	0.875411254	2,7,11,13,16	too t-back cars us else
POOL	618	0.875409900	2,5,9,11,13,16	pull tit black news us else
POOL	619	0.875406649	2,5,9,11,13,16	push tit black news us else
POOL	620	0.875398828	4,6,7,10,13,16	book tube a cause thus elf
POOL	621	0.875394051	2,6,11,13,14,16	pull tit cons ass a else
POOL	622	0.875390800	2,6,11,13,14,16	push tit cons ass a else
POOL	623	0.875387661	2,5,7,9,13,16	too tit bad car this else
POOL	624	0.875322601	2,6,11,12,13,16	too kit cons a see else
POOL	625	0.875313074	3,6,7,11,12,16	took eat yeah cons a self
POOL	626	0.875308038	2,4,6,7,11,16	pull tea tube a carbs self
POOL	627	0.875304817	4,6,7,10,13,16	took too a con thus else
POOL	628	0.875301249	4,6,7,10,13,16	took tube a khan thus elf
POOL	629	0.875295817	3,5,7,11,13,16	book eat bad cons us else
POOL	630	0.875276961	4,7,9,11,13,16	took bad car news us elf
POOL	631	0.875266969	4,6,7,10,13,16	book too a cause thus else
POOL	632	0.875259038	4,7,11,12,13,16	book bad khan's a see else
POOL	633	0.875236582	2,7,11,12,13,16	paw tit khan's a shh else
POOL	634	0.875199943	4,7,11,13,14,16	took bad cons ass a laugh
POOL	635	0.875192231	2,7,11,12,13,16	pull tit cons a shh elf
POOL	636	0.875188979	2,7,11,12,13,16	push tit cons a shh elf
POOL	637	0.875169389	4,6,7,10,13,16	took too a khan thus else
POOL	638	0.875163019	4,7,11,12,13,16	pushed bad cons a see else
POOL	639	0.875147008	2,6,11,13,14,16	too tit cons ass a else
POOL	640	0.875145916	4,7,9,11,13,16	took bad ca news us else
POOL	641	0.875069090	4,6,7,11,15,16	book tube a khan's cell see
POOL	642	0.875062490	4,6,7,11,15,16	book top a cons cell see
POOL	643	0.875049595	2,7,11,12,13,16	paw tit cars a see else
POOL	644	0.875049176	4,6,7,11,15,16	book tub a cons cell see
POOL	645	0.875045279	2,7,11,13,16	too t-back cause us else
POOL	646	0.875032688	2,9,11,13,16	too t-back news ass else
POOL	647	0.875025015	4,7,11,12,13,16	took bad cons a see elf
POOL	648	0.875021772	2,4,8,11,12,16	paw tea tech ons a self
POOL	649	0.875000884	4,6,7,9,13,16	took tab a car thus else
POOL	650	0.874987354	2,6,11,13,14,16	pull tit cons ass a love
POOL	651	0.874984102	2,6,11,13,14,16	push tit cons ass a love
POOL	652	0.874976620	2,7,11,12,13,16	pooh tit cons a see else
POOL	653	0.874973071	4,6,7,11,15,16	pushed tube a cons cell see
POOL	654	0.874963511	4,6,7,10,13,16	book tube a con thus elf
POOL	655	0.874953393	2,7,11,13,16	paw t-back cons us else
POOL	656	0.874945495	4,6,7,11,15,16	took tab a cons shell see
POOL	657	0.874945187	2,7,11,12,13,16	too tit cons a shh elf
POOL	658	0.874912917	4,7,11,12,15,16	took bad cons a sell see
POOL	659	0.874885080	4,6,7,10,13,16	took tube a conn thus else
POOL	660	0.874875109	2,7,11,13,16	too t-back khan's ass else
POOL	661	0.874861168	4,6,7,11,15,16	took tube a cons share see
POOL	662	0.874847259	2,4,6,9,13,16	pull tea tube ack this else
POOL	663	0.874844008	2,4,6,9,13,16	push tea tube ack this else
POOL	664	0.874839907	3,6,7,11,12,16	book eat yeah cons a self
POOL	665	0.874831651	4,6,7,10,13,16	book too a con thus else
POOL	666	0.874828082	4,6,7,10,13,16	book tube a khan thus elf
POOL	667	0.874730371	2,7,11,12,13,16	pull tit cause a see else
POOL	668	0.874727119	2,7,11,12,13,16	push tit cause a see else
POOL	669	0.874726777	4,7,11,13,14,16	book bad cons ass a laugh
POOL	670	0.874696223	4,6,7,10,13,16	book too a khan thus else
POOL	671	0.874683859	2,6,7,13,16	too tit a kansas else
POOL	672	0.874672131	2,7,11,12,13,16	pull tit khan's a see elf
POOL	673	0.874668879	2,7,11,12,13,16	push tit khan's a see elf
POOL	674	0.874657471	2,4,8,11,12,16	pull tea tack ons a self
POOL	675	0.874654219	2,4,8,11,12,16	push tea tack ons a self
POOL	676	0.874647604	2,7,11,13,16	too t-back cars ass else
POOL	677	0.874633070	2,4,6,9,13,16	pull tea tube ack thus else
POOL	678	0.874617976	2,5,7,11,13,16	pull tit bad cons nash else
POOL	679	0.874616183	4,6,7,11,15,16	took tab a khan's sell see
POOL	680	0.874613037	4,6,7,9,13,16	took tub a car thus else
POOL	681	0.874611423	4,6,7,9,13,16	took tab a ka thus else
POOL	682	0.874607229	4,7,11,12,13,16	took bad cons a sh else
POOL	683	0.874581363	4,6,7,11,15,16	took tube a cars sell see
POOL	684	0.874580862	2,6,7,11,16	too t-top a cons self
POOL	685	0.874577561	4,6,7,11,15,16	took tube a khan's shell see
POOL	686	0.874570962	4,6,7,11,15,16	took top a cons shell see
POOL	687	0.874557648	4,6,7,11,15,16	took tub a cons shell see
POOL	688	0.874551848	4,7,11,12,13,16	book bad cons a see elf
POOL	689	0.874543738	2,9,11,13,16	pull t-back news us else
POOL	690	0.874539837	2,9,11,13,16	push t-back news us else
POOL	691	0.874529392	2,7,11,12,13,16	paw tit cons a shh elf
POOL	692	0.874527718	4,6,7,9,13,16	book tab a car thus else
POOL	693	0.874523292	2,4,7,13,16	too tea bad conscious else
POOL	694	0.874522185	4,6,7,10,13,16	took top a car thus else
POOL	695	0.874519441	2,4,11,13,16	too tea batons us else
POOL	696	0.874511003	4,6,7,10,13,16	took tube a kahn thus else
POOL	697	0.874499802	3,4,6,7,11,16	took see tab a khan's self
POOL	698	0.874483327	2,7,11,12,13,16	too tit cause a see else
POOL	699	0.874472328	4,6,7,11,15,16	book tab a cons shell see
POOL	700	0.874456172	2,7,11,12,13,16	took tit cons a see else
POOL	701	0.874448983	4,6,7,10,13,16	pushed tab a cause thus else
POOL	702	0.874440709	3,6,7,11,15,16	took eat a cons sell see
POOL	703	0.874439750	4,7,11,12,15,16	book bad cons a sell see
POOL	704	0.874432214	4,7,11,12,13,16	took teh cons a see else
POOL	705	0.874425087	2,7,11,12,13,16	too tit khan's a see elf
POOL	706	0.874423470	3,4,6,7,11,16	took eye tube a cons self
POOL	707	0.874411913	4,6,7,10,13,16	book tube a conn thus else
POOL	708	0.874410427	2,4,8,11,12,16	too tea tack ons a self
POOL	709	0.874395720	3,5,7,11,13,16	took eat bad cons ass else
POOL	710	0.874388001	4,6,7,11,15,16	book tube a cons share see
POOL	711	0.874386159	2,7,11,13,16	pull t-back khan's us else
POOL	712	0.874382258	2,7,11,13,16	push t-back khan's us else
POOL	713	0.874347425	2,7,11,12,13,16	poo tit cons a shh else
POOL	714	0.874323355	4,7,11,12,13,16	took bad khan's a shh else
POOL	715	0.874310979	4,6,7,10,13,16	took tab a cause thus elf
POOL	716	0.874303583	2,7,11,12,13,16	pull tit cars a shh else
POOL	717	0.874300332	2,7,11,12,13,16	push tit cars a shh else
POOL	718	0.874281629	2,7,11,13,16	too t-back cause ass else
POOL	719	0.874277973	4,7,11,12,15,16	took bad cons a cell see
POOL	720	0.874276624	2,7,11,13,16	too t-back cons s else
POOL	721	0.874255919	2,4,8,11,12,16	pull tea tak ons a self
POOL	722	0.874254344	2,7,11,12,13,16	pull tit khan's a sh else
POOL	723	0.874252668	2,4,8,11,12,16	push tea tak ons a self
POOL	724	0.874251093	2,7,11,12,13,16	push tit khan's a sh else
POOL	725	0.874241650	4,6,7,11,15,16	took top a khan's sell see
POOL	726	0.874236890	4,6,7,9,13,16	took top a ka thus else
POOL	727	0.874233207	2,7,11,13,16	pull t-back cons a else
POOL	728	0.874229306	2,7,11,13,16	push t-back cons a else
POOL	729	0.874228336	4,6,7,11,15,16	took tub a khan's sell see
POOL	730	0.874223576	4,6,7,9,13,16	took tub a ka thus else
POOL	731	0.874189743	2,7,11,13,16	paw t-back cons ass else
POOL	732	0.874181286	2,4,6,11,13,16	pull tea ter cons us else
POOL	733	0.874158655	2,7,11,13,16	pull t-back cars us else
POOL	734	0.874154753	2,7,11,13,16	push t-back cars us else
POOL	735	0.874143017	4,6,7,11,15,16	book tab a khan's sell see
POOL	736	0.874139871	4,6,7,9,13,16	book tub a car thus else
POOL	737	0.874138256	4,6,7,9,13,16	book tab a ka thus else
POOL	738	0.874136367	4,7,11,12,13,16	took bad cars a see else
POOL	739	0.874134062	4,7,11,12,13,16	book bad cons a sh else
POOL	740	0.874125269	3,4,6,7,11,16	took see top a khan's self
POOL	741	0.874108196	4,6,7,11,15,16	book tube a cars sell see
POOL	742	0.874104394	4,6,7,11,15,16	book tube a khan's shell see
POOL	743	0.874097795	4,6,7,11,15,16	book top a cons shell see
POOL	744	0.874084481	4,6,7,11,15,16	book tub a cons shell see
POOL	745	0.874081446	2,4,7,11,14,16	pull tea bad cons us laugh
POOL	746	0.874078195	2,4,7,11,14,16	push tea bad cons us laugh
POOL	747	0.874074450	4,6,7,10,13,16	pushed top a cause thus else
POOL	748	0.874063765	4,6,7,9,13,16	pushed tube a car thus else
POOL	749	0.874061136	4,6,7,10,13,16	pushed tub a cause thus else
POOL	750	0.874056540	2,7,11,12,13,16	too tit cars a shh else
POOL	751	0.874049018	4,6,7,10,13,16	book top a car thus else
POOL	752	0.874046998	4,6,7,11,15,16	pushed tab a cons sell see
POOL	753	0.874037836	4,6,7,10,13,16	book tube a kahn thus else
POOL	754	0.874009292	2,7,11,12,13,16	paw tit khan's a see elf
POOL	755	0.874008876	2,4,8,11,12,16	too tea tak ons a self
POOL	756	0.874008376	4,6,7,11,15,16	pushed tube a cons shell see
POOL	757	0.874007301	2,7,11,12,13,16	too tit khan's a sh else
POOL	758	0.873996962	2,4,7,11,16	too tea t-back cons self
POOL	759	0.873994632	2,4,8,11,12,16	paw tea tack ons a self
POOL	760	0.873981240	4,6,7,11,15,16	took tab a khan's cell see
POOL	761	0.873973757	4,6,7,11,15,16	took tube a cons sell shh
POOL	762	0.873967543	3,6,7,11,15,16	book eat a cons sell see
POOL	763	0.873964293	3,6,7,11,12,16	took eat a cons a self
POOL	764	0.873959047	4,7,11,12,13,16	book teh cons a see else
POOL	765	0.873950217	2,6,7,13,16	too kit a conscious else
POOL	766	0.873946419	4,6,7,11,15,16	took tube a cars cell see
POOL	767	0.873943547	4,6,7,11,15,16	took tube a cons sell fee
POOL	768	0.873925761	4,6,7,9,13,16	took tube a car thus elf
POOL	769	0.873923246	2,6,7,13,16	paw tit a conscious else
POOL	770	0.873922553	3,5,7,11,13,16	book eat bad cons ass else
POOL	771	0.873889611	4,6,7,9,13,16	took tube a car nash else
POOL	772	0.873885095	2,5,7,11,13,16	pull tit bad com us else
POOL	773	0.873850188	4,7,11,12,13,16	book bad khan's a shh else
POOL	774	0.873840034	3,5,7,11,13,16	took eat bad khan's us else
POOL	775	0.873834403	2,4,7,11,14,16	too tea bad cons us laugh
POOL	776	0.873817985	4,7,11,13,14,16	took bad cons ass a else
POOL	777	0.873805766	3,6,7,11,15,16	took eat a cons cell see
POOL	778	0.873804807	4,7,11,12,15,16	book bad cons a cell see
POOL	779	0.873794716	4,6,7,9,13,16	took tube a ca thus else
POOL	780	0.873792680	2,7,11,13,16	pull t-back cause us else
POOL	781	0.873789238	4,7,11,13,16	pussy bad cons us else
POOL	782	0.873788778	2,7,11,13,16	push t-back cause us else
POOL	783	0.873780088	2,9,11,13,16	pull t-back news ass else
POOL	784	0.873776187	2,9,11,13,16	push t-back news ass else
POOL	785	0.873768484	4,6,7,11,15,16	book top a khan's sell see
POOL	786	0.873763723	4,6,7,9,13,16	book top a ka thus else
POOL	787	0.873755791	2,4,11,13,16	too tea batons ass else
POOL	788	0.873755170	4,6,7,11,15,16	book tub a khan's sell see
POOL	789	0.873754169	4,7,11,12,13,16	pushed bad cons a shh else
POOL	790	0.873750409	4,6,7,9,13,16	book tub a ka thus else
POOL	791	0.873704123	2,7,11,13,16	too t-back cons ash else
POOL	792	0.873679448	2,6,7,9,11,16	pull tech a car news self
POOL	793	0.873679065	4,6,7,11,15,16	pushed tube a khan's sell see
POOL	794	0.873674304	4,6,7,9,13,16	pushed tube a ka thus else
POOL	795	0.873672465	4,6,7,11,15,16	pushed top a cons sell see
POOL	796	0.873663201	4,7,11,12,13,16	book bad cars a see else
POOL	797	0.873659151	4,6,7,11,15,16	pushed tub a cons sell see
POOL	798	0.873622509	2,7,11,13,16	pull t-back khan's ass else
POOL	799	0.873618608	2,7,11,13,16	push t-back khan's ass else
POOL	800	0.873616165	4,7,11,12,13,16	took bad cons a shh elf
POOL	801	0.873604277	2,7,11,13,16	too t-back cons us elf
POOL	802	0.873593081	2,4,8,11,12,16	paw tea tak ons a self
POOL	803	0.873593028	3,6,7,11,12,16	took eat eh cons a self
POOL	804	0.873536299	4,6,7,9,13,16	took tube a ka thus elf
POOL	805	0.873526764	4,7,11,12,13,16	took tell cons a see else
POOL	806	0.873500149	4,6,7,9,13,16	took tube a ka nash else
POOL	807	0.873491126	3,6,7,11,12,16	book eat a cons a self
POOL	808	0.873452594	4,6,7,9,13,16	book tube a car thus elf
POOL	809	0.873441613	3,6,7,11,12,16	took eat add cons a self
POOL	810	0.873431260	2,6,7,13,16	pull tit a kansas else
POOL	811	0.873427358	2,6,7,13,16	push tit a kansas else
POOL	812	0.873416444	4,6,7,9,13,16	book tube a car nash else
POOL	813	0.873414272	2,5,7,10,13,16	pull tit bad cause this else
POOL	814	0.873411288	4,7,11,13,14,16	took bad cons ass a love
POOL	815	0.873411021	2,5,7,10,13,16	push tit bad cause this else
POOL	816	0.873404440	4,6,7,9,13,16	took too a ka thus else
POOL	817	0.873395005	2,7,11,13,16	pull t-back cars ass else
POOL	818	0.873391103	2,7,11,13,16	push t-back cars ass else
POOL	819	0.873384124	3,6,7,11,12,16	took eat yeah khan's a self
POOL	820	0.873366867	3,5,7,11,13,16	book eat bad khan's us else
POOL	821	0.873362024	2,4,7,11,14,16	pull tea bad cons said laugh
POOL	822	0.873358772	2,4,7,11,14,16	push tea bad cons said laugh
POOL	823	0.873344819	4,7,11,13,14,16	book bad cons ass a else
POOL	824	0.873332599	3,6,7,11,15,16	book eat a cons cell see
POOL	825	0.873328646	2,9,11,13,16	too t-back news a else
POOL	826	0.873328263	2,6,7,11,16	pull t-top a cons self
POOL	827	0.873324361	2,6,7,11,16	push t-top a cons self
POOL	828	0.873321549	4,6,7,9,13,16	book tube a ca thus else
POOL	829	0.873313894	6,7,11,13,16	petite a cons ass else
POOL	830	0.873313278	4,7,11,12,15,16	took bad cons a shell see
POOL	831	0.873289208	2,6,7,13,16	too shit a conscious else
POOL	832	0.873285871	2,4,8,11,12,16	pull tea bak ons a self
POOL	833	0.873282619	2,4,8,11,12,16	push tea bak ons a self
POOL	834	0.873270993	4,7,11,13,14,16	took bad khan's ass a laugh
POOL	835	0.873270849	3,5,7,11,13,16	pushed eat bad cons us else
POOL	836	0.873270693	2,4,7,13,16	pull tea bad conscious else
POOL	837	0.873266842	2,4,11,13,16	pull tea batons us else
POOL	838	0.873266791	2,4,7,13,16	push tea bad conscious else
POOL	839	0.873262940	2,4,11,13,16	push tea batons us else
POOL	840	0.873234069	4,7,11,12,13,16	pushed bad khan's a see else
POOL	841	0.873229890	4,7,11,13,14,16	took bad cons ass a leaf
POOL	842	0.873200083	2,5,7,10,13,16	pull tit bad cause thus else
POOL	843	0.873196832	2,5,7,10,13,16	push tit bad cause thus else
POOL	844	0.873171067	2,7,11,13,16	too t-back khan's a else
POOL	845	0.873167229	2,5,7,10,13,16	too tit bad cause this else
POOL	846	0.873154305	4,7,11,12,13,16	took bad cause a see else
POOL	847	0.873142998	4,7,11,12,13,16	book bad cons a shh elf
POOL	848	0.873132844	3,5,7,11,13,16	took eat bad cons us elf
POOL	849	0.873127512	4,6,7,9,13,16	took tube a cause nash else
POOL	850	0.873121805	2,4,7,11,12,16	pull tea bad ken's a self
POOL	851	0.873119862	3,6,7,11,12,16	book eat eh cons a self
POOL	852	0.873114980	2,4,7,11,14,16	too tea bad cons said laugh
POOL	853	0.873096065	4,7,11,12,13,16	took bad khan's a see elf
POOL	854	0.873085384	4,6,8,11,13,16	took tube at ons ass else
POOL	855	0.873077023	1,2,6,7,11,16	loop oh tit a cons self
POOL	856	0.873073526	2,6,7,11,12,16	pull kick awe cons a self
POOL	857	0.873063133	4,6,7,9,13,16	book tube a ka thus elf
POOL	858	0.873053597	4,7,11,12,13,16	book tell cons a see else
POOL	859	0.873038827	2,4,8,11,12,16	too tea bak ons a self
POOL	860	0.873036908	2,4,7,11,14,16	pull tea bad cons see laugh
POOL	861	0.873033657	2,4,7,11,14,16	push tea bad cons see laugh
POOL	862	0.873029030	2,7,11,13,16	pull t-back cause ass else
POOL	863	0.873027255	3,5,7,11,13,16	took eat bad cons a else
POOL	864	0.873026983	4,6,7,9,13,16	book tube a ka nash else
POOL	865	0.873025588	4,7,11,13,16	pussy bad cons ass else
POOL	866	0.873025128	2,7,11,13,16	push t-back cause ass else
POOL	867	0.873024025	2,7,11,13,16	pull t-back cons s else
POOL	868	0.873023364	4,7,11,12,13,16	took teh cons a shh else
POOL	869	0.873020123	2,7,11,13,16	push t-back cons s else
POOL	870	0.872983967	4,7,11,12,15,16	took bad khan's a sell see
POOL	871	0.872968447	3,6,7,11,12,16	book eat add cons a self
POOL	872	0.872943562	2,7,11,13,16	too t-back cars a else
POOL	873	0.872938121	4,7,11,13,14,16	book bad cons ass a love
POOL	874	0.872931273	4,6,7,9,13,16	book too a ka thus else
POOL	875	0.872910957	3,6,7,11,12,16	book eat yeah khan's a self
POOL	876	0.872896460	3,6,7,9,13,16	took eat a car thus else
POOL	877	0.872861934	2,7,11,13,16	took t-back cons us else
POOL	878	0.872841071	3,6,7,11,15,16	took eat a cons shell see
POOL	879	0.872840627	2,7,11,13,16	too t-back cons ass elf
POOL	880	0.872840111	4,7,11,12,15,16	book bad cons a shell see
POOL	881	0.872814939	3,6,7,11,12,16	pushed eat yeah cons a self
POOL	882	0.872802609	3,6,7,11,12,16	took eat ass cons a self
POOL	883	0.872797827	4,7,11,13,14,16	book bad khan's ass a laugh
POOL	884	0.872797444	4,6,7,9,13,16	took tube a caught thus else
POOL	885	0.872796232	2,9,11,13,16	paw t-back news us else
POOL	886	0.872756723	4,7,11,13,14,16	book bad cons ass a leaf
POOL	887	0.872744362	2,4,7,11,16	pull tea t-back cons self
POOL	888	0.872740461	2,4,7,11,16	push tea t-back cons self
POOL	889	0.872727517	4,7,11,12,13,16	took bad cars a shh else
POOL	890	0.872711301	3,6,7,11,13,16	part eat a cons us else
POOL	891	0.872702263	4,7,11,13,14,16	took bad cons s a laugh
POOL	892	0.872701808	4,7,11,13,14,16	pushed bad cons ass a laugh
POOL	893	0.872697618	2,6,7,13,16	pull kit a conscious else
POOL	894	0.872693716	2,6,7,13,16	push kit a conscious else
POOL	895	0.872681138	4,7,11,12,13,16	book bad cause a see else
POOL	896	0.872678279	4,7,11,12,13,16	took bad khan's a sh else
POOL	897	0.872659677	3,5,7,11,13,16	book eat bad cons us elf
POOL	898	0.872654345	4,6,7,9,13,16	book tube a cause nash else
POOL	899	0.872638653	2,7,11,13,16	paw t-back khan's us else
POOL	900	0.872637646	2,4,8,11,12,16	pull tea tech r.'s a self
POOL	901	0.872634395	2,4,8,11,12,16	push tea tech r.'s a self
POOL	902	0.872634321	2,7,11,12,16	too t-back cons a self
POOL	903	0.872623032	2,4,8,11,12,16	paw tea bak ons a self
POOL	904	0.872622898	4,7,11,12,13,16	book bad khan's a see elf
POOL	905	0.872621532	4,7,11,12,13,16	took bag cons a see else
POOL	906	0.872612217	4,6,8,11,13,16	book tube at ons ass else
POOL	907	0.872577587	2,7,11,13,16	too t-back cause a else
POOL	908	0.872574129	2,6,7,13,16	too tit a conscious elf
POOL	909	0.872550197	4,7,11,12,13,16	book teh cons a shh else
POOL	910	0.872542225	4,7,11,13,14,16	took bad cons ash a laugh
POOL	911	0.872526879	4,7,11,12,13,16	pushed bad cons a see elf
POOL	912	0.872511759	3,6,7,11,15,16	took eat a khan's sell see
POOL	913	0.872510800	4,7,11,12,15,16	book bad khan's a sell see
POOL	914	0.872507135	4,7,11,12,13,16	took bad cons a saw else
POOL	915	0.872506999	3,6,7,9,13,16	took eat a ka thus else
POOL	916	0.872503264	4,7,11,12,13,16	took teh khan's a see else
POOL	917	0.872503192	2,4,11,13,16	pull tea batons ass else
POOL	918	0.872502749	4,6,7,9,13,16	pushed tab a car thus else
POOL	919	0.872499290	2,4,11,13,16	push tea batons ass else
POOL	920	0.872485701	2,7,11,13,16	paw t-back cons a else
POOL	921	0.872451523	2,7,11,13,16	pull t-back cons ash else
POOL	922	0.872447622	2,7,11,13,16	push t-back cons ash else
POOL	923	0.872423294	3,6,7,9,13,16	book eat a car thus else
POOL	924	0.872420983	2,7,11,13,16	two t-back cons ass else
POOL	925	0.872414781	4,7,11,12,15,16	pushed bad cons a sell see
POOL	926	0.872411148	2,7,11,13,16	paw t-back cars us else
POOL	927	0.872401796	2,6,7,13,16	too tip a conscious else
POOL	928	0.872390603	2,4,8,11,12,16	too tea tech r.'s a self
POOL	929	0.872367904	3,6,7,11,15,16	book eat a cons shell see
POOL	930	0.872364745	4,6,7,9,13,16	took tab a car thus elf
POOL	931	0.872351677	2,7,11,13,16	pull t-back cons us elf
POOL	932	0.872349480	4,7,11,13,14,16	took bad cons us eh laugh
POOL	933	0.872349023	4,7,11,12,15,16	took bad khan's a cell see
POOL	934	0.872347776	2,7,11,13,16	push t-back cons us elf
POOL	935	0.872329443	3,6,7,11,12,16	book eat ass cons a self
POOL	936	0.872317360	4,6,7,11,16	pussy tube a cons self
POOL	937	0.872304850	2,4,8,11,12,16	pull tea black ons a self
POOL	938	0.872301598	2,4,8,11,12,16	push tea black ons a self
POOL	939	0.872298276	2,4,8,11,12,16	pull t tech ons a self
POOL	940	0.872295024	2,4,8,11,12,16	push t tech ons a self
POOL	941	0.872283800	2,4,7,13,16	too tea bad kansas else
POOL	942	0.872270330	2,6,7,13,15,16	pull tit a cons air see
POOL	943	0.872267079	2,6,7,13,15,16	push tit a cons air see
POOL	944	0.872266122	2,6,7,11,16	too t-top a khan's self
POOL	945	0.872254351	4,7,11,12,13,16	book bad cars a shh else
POOL	946	0.872229096	4,7,11,13,14,16	book bad cons s a laugh
POOL	947	0.872214479	3,6,7,11,13,16	took eat a cons ups else
POOL	948	0.872205112	4,7,11,12,13,16	book bad khan's a sh else
POOL	949	0.872203665	2,4,8,11,12,16	poo tea tech ons a self
POOL	950	0.872148366	4,7,11,12,13,16	book bag cons a see else
POOL	951	0.872134361	3,6,7,9,13,16	took eat a cause thus else
POOL	952	0.872119463	2,9,11,13,16	too t-back news s else
POOL	953	0.872117914	4,7,11,12,13,16	took tell cons a shh else
POOL	954	0.872109093	4,7,11,12,13,16	pushed bad cons a sh else
POOL	955	0.872098284	2,7,11,13,16	took t-back cons ass else
POOL	956	0.872087797	2,4,6,11,13,16	pull tea tube dons us else
POOL	957	0.872076047	2,9,11,13,16	pull t-back news a else
POOL	958	0.872072145	2,9,11,13,16	push t-back news a else
POOL	959	0.872069058	4,7,11,13,14,16	book bad cons ash a laugh
POOL	960	0.872057806	2,4,8,11,12,16	too tea black ons a self
POOL	961	0.872051749	2,4,11,13,16	too tea batons a else
POOL	962	0.872051232	2,4,8,11,12,16	too t tech ons a self
POOL	963	0.872038617	2,6,7,11,16	too t-top a cars self
POOL	964	0.872038593	3,6,7,11,15,16	book eat a khan's sell see
POOL	965	0.872036608	2,6,7,13,16	pull shit a conscious else
POOL	966	0.872035343	3,6,7,11,12,16	took eat a khan's a self
POOL	967	0.872033969	4,7,11,12,13,16	book bad cons a saw else
POOL	968	0.872033832	3,6,7,9,13,16	book eat a ka thus else
POOL	969	0.872032707	2,6,7,13,16	push shit a conscious else
POOL	970	0.872032582	2,9,11,13,16	paw t-back news ass else
POOL	971	0.872030097	4,7,11,12,13,16	book teh khan's a see else
POOL	972	0.872023287	2,6,7,13,15,16	too tit a cons air see
POOL	973	0.871994805	2,4,9,11,13,16	pow tea tek news us else
POOL	974	0.871991008	2,6,8,11,12,16	pull tit ack ons a self
POOL	975	0.871987757	2,6,8,11,12,16	push tit ack ons a self
POOL	976	0.871974808	2,4,8,11,12,16	paw tea tech r.'s a self
POOL	977	0.871971089	4,7,11,12,13,16	took bad cons a sh elf
POOL	978	0.871971003	4,7,11,13,14,16	took teh cons ass a laugh
POOL	979	0.871966550	3,6,7,11,12,16	took eat app cons a self
POOL	980	0.871961884	2,7,11,13,16	too t-back khan's s else
POOL	981	0.871942574	3,6,7,11,15,16	pushed eat a cons sell see
POOL	982	0.871934079	4,7,11,12,13,16	pushed teh cons a see else
POOL	983	0.871919335	2,6,7,11,13,16	pull tit i tons us else
POOL	984	0.871918467	2,7,11,13,16	pull t-back khan's a else
POOL	985	0.871914566	2,7,11,13,16	push t-back khan's a else
POOL	986	0.871889035	4,7,11,13,14,16	took bad khan's ass a else
POOL	987	0.871876816	3,6,7,11,15,16	took eat a khan's cell see
POOL	988	0.871876313	4,7,11,13,14,16	book bad cons us eh laugh
POOL	989	0.871875857	4,7,11,12,15,16	book bad khan's a cell see
POOL	990	0.871869700	4,6,7,11,16	pussy top a cons self
POOL	991	0.871868898	2,4,8,11,12,16	pull tee tech ons a self
POOL	992	0.871865647	2,4,8,11,12,16	push tee tech ons a self
POOL	993	0.871845899	2,6,7,11,12,16	pull tit had cons a self
POOL	994	0.871839801	2,4,9,11,16	too tea t-back news self
POOL	995	0.871831787	2,6,7,13,16	took tit a conscious else
POOL	996	0.871825219	4,7,11,12,13,16	pushed bad khan's a shh else
POOL	997	0.871796074	4,7,11,12,13,16	took teh cons a see elf
POOL	998	0.871788287	3,6,7,11,12,16	took eat yeah cars a self
POOL	999	0.871779838	4,7,11,12,15,16	pushed bad cons a cell see
POOL	1000	0.871745455	4,7,11,12,13,16	took bad cause a shh else
POOL	1001	0.871743965	2,6,8,11,12,16	too tit ack ons a self
POOL	1002	0.871726590	2,4,8,11,12,16	pull tea beck ons a self
POOL	1003	0.871723338	2,4,8,11,12,16	push tea beck ons a self
POOL	1004	0.871710725	2,6,7,13,16	too kit a kansas else
POOL	1005	0.871687215	4,7,11,12,13,16	took bad khan's a shh elf
POOL	1006	0.871685841	3,6,7,11,12,16	push eat yeah cons a self
POOL	1007	0.871683976	4,7,11,12,15,16	took teh cons a sell see
POOL	1008	0.871683753	2,6,7,13,16	paw tit a kansas else
POOL	1009	0.871682222	2,4,7,11,16	too tea t-back khan's self
POOL	1010	0.871675156	4,7,11,13,14,16	took bad cars ass a laugh
POOL	1011	0.871672642	2,6,7,11,16	too t-top a cause self
POOL	1012	0.871667935	4,7,11,12,15,16	took bad cons a share see
POOL	1013	0.871664078	3,6,7,11,12,16	took eat eh khan's a self
POOL	1014	0.871661194	3,6,7,9,13,16	book eat a cause thus else
POOL	1015	0.871657694	4,7,11,13,14,16	took bad cons ass a loss
POOL	1016	0.871644747	4,7,11,12,13,16	book tell cons a shh else
POOL	1017	0.871642011	2,4,8,11,12,16	paw tea black ons a self
POOL	1018	0.871635437	2,4,8,11,12,16	paw t tech ons a self
POOL	1019	0.871633805	2,6,7,11,12,16	pull tit a cuz a self
POOL	1020	0.871621855	2,4,8,11,12,16	too tee tech ons a self
POOL	1021	0.871610507	2,4,8,11,12,16	pull tea tack r.'s a self
POOL	1022	0.871607492	2,6,7,13,15,16	paw tit a cons air see
POOL	1023	0.871607255	2,4,8,11,12,16	push tea tack r.'s a self
POOL	1024	0.871597814	4,7,11,12,13,16	took tell khan's a see else
POOL	1025	0.871580756	2,6,7,11,16	paw t-top a cons self
POOL	1026	0.871562176	3,6,7,11,12,16	book eat a khan's a self
POOL	1027	0.871546962	2,9,11,13,16	too t-back news ash else
POOL	1028	0.871524367	4,6,8,11,13,16	took tab at ons ass else
POOL	1029	0.871523187	2,4,7,13,16	paw tea bad conscious else
POOL	1030	0.871519335	2,4,11,13,16	paw tea batons us else
POOL	1031	0.871512663	3,6,7,11,12,16	took eat add khan's a self
POOL	1032	0.871497836	4,7,11,13,14,16	book teh cons ass a laugh
POOL	1033	0.871495760	4,6,7,11,16	pussy too a cons self
POOL	1034	0.871493383	3,6,7,11,12,16	book eat app cons a self
POOL	1035	0.871482338	4,7,11,13,14,16	took bad khan's ass a love
POOL	1036	0.871479546	2,4,8,11,12,16	too tea beck ons a self
POOL	1037	0.871474498	4,7,11,13,16	pussy bad khan's us else
POOL	1038	0.871466158	3,6,7,11,12,16	pushed eat a cons a self
POOL	1039	0.871454717	2,4,7,11,16	too tea t-back cars self
POOL	1040	0.871447116	2,9,11,13,16	too t-back news us elf
POOL	1041	0.871424010	2,4,8,11,12,16	pooh tea tech ons a self
POOL	1042	0.871415869	4,7,11,13,14,16	book bad khan's ass a else
POOL	1043	0.871403649	3,6,7,11,15,16	book eat a khan's cell see
POOL	1044	0.871388130	4,7,11,12,15,16	took bad cars a sell see
POOL	1045	0.871387570	1,4,7,11,13,16	p.'s tea bad cons us else
POOL	1046	0.871384328	4,7,11,12,15,16	took bad khan's a shell see
POOL	1047	0.871381721	2,7,11,12,16	pull t-back cons a self
POOL	1048	0.871377820	2,7,11,12,16	push t-back cons a self
POOL	1049	0.871363463	2,4,8,11,12,16	too tea tack r.'s a self
POOL	1050	0.871343321	3,4,7,11,13,16	took a bad cons us else
POOL	1051	0.871328170	2,6,8,11,12,16	paw tit ack ons a self
POOL	1052	0.871321546	4,7,11,13,16	pussy bad cons a else
POOL	1053	0.871321530	2,6,7,13,16	pull tit a conscious elf
POOL	1054	0.871320305	4,7,11,13,14,16	took bad cons s a else
POOL	1055	0.871319850	4,7,11,13,14,16	pushed bad cons ass a else
POOL	1056	0.871317628	2,6,7,13,16	push tit a conscious elf
POOL	1057	0.871315120	3,6,7,11,12,16	book eat yeah cars a self
POOL	1058	0.871307631	3,6,7,11,15,16	pushed eat a cons cell see
POOL	1059	0.871307435	4,6,7,11,12,16	poi tube s. cons a self
POOL	1060	0.871300940	4,7,11,13,14,16	took bad khan's ass a leaf
POOL	1061	0.871284422	2,4,7,13,16	too see bad conscious else
POOL	1062	0.871280570	2,4,11,13,16	too see batons us else
POOL	1063	0.871279436	2,4,8,9,13,16	pull tea tech ahh this else
POOL	1064	0.871276185	2,4,8,9,13,16	push tea tech ahh this else
POOL	1065	0.871271136	2,4,8,11,12,16	pull t tack ons a self
POOL	1066	0.871267885	2,4,8,11,12,16	push t tack ons a self
POOL	1067	0.871246993	4,7,11,13,16	pussy bad cars us else
POOL	1068	0.871245015	2,5,8,11,13,16	pull tit bak ons us else
POOL	1069	0.871241763	2,5,8,11,13,16	push tit bak ons us else
POOL	1070	0.871240694	2,6,7,13,16	book tit a conscious else
POOL	1071	0.871210810	4,7,11,12,15,16	book teh cons a sell see
POOL	1072	0.871208955	2,4,8,11,12,16	pull tea tak r.'s a self
POOL	1073	0.871201990	4,7,11,13,14,16	book bad cars ass a laugh
POOL	1074	0.871194768	4,7,11,12,15,16	book bad cons a share see
POOL	1075	0.871190912	3,6,7,11,12,16	book eat eh khan's a self
POOL	1076	0.871184527	4,7,11,13,14,16	book bad cons ass a loss
POOL	1077	0.871181846	4,7,11,13,14,16	took bad cons ass a elf
POOL	1078	0.871160267	4,7,11,13,14,16	took bad cons ash a else
POOL	1079	0.871157057	3,4,6,11,13,16	took a tube cons ass else
POOL	1080	0.871149834	4,6,8,11,13,16	took top at ons ass else
POOL	1081	0.871149197	2,6,7,13,16	pull tip a conscious else
POOL	1082	0.871145296	2,6,7,13,16	push tip a conscious else
POOL	1083	0.871144376	2,6,7,13,16	poo tit a conscious else
POOL	1084	0.871136520	4,6,8,11,13,16	took tub at ons ass else
POOL	1085	0.871131409	2,6,7,11,15,16	pull tit a cons sell set
POOL	1086	0.871094893	3,6,7,11,12,16	pushed eat eh cons a self
POOL	1087	0.871088742	2,4,7,11,16	too tea t-back cause self
POOL	1088	0.871083381	2,6,7,13,16	too tick a conscious else
POOL	1089	0.871075226	2,4,8,9,13,16	pull tea tech awe this else
POOL	1090	0.871071975	2,4,8,9,13,16	push tea tech awe this else
POOL	1091	0.871065553	4,7,11,13,14,16	took tell cons ass a laugh
POOL	1092	0.871059875	2,6,8,9,13,16	pull tit at ahh thus else
POOL	1093	0.871056624	2,6,8,9,13,16	push tit at ahh thus else
POOL	1094	0.871055939	2,4,6,7,11,16	pot tie tube a cons self
POOL	1095	0.871051201	4,6,8,11,13,16	book tab at ons ass else
POOL	1096	0.871049715	2,6,7,13,16	too shit a kansas else
POOL	1097	0.871049033	4,7,11,12,15,16	took teh cons a cell see
POOL	1098	0.871039497	3,6,7,11,12,16	book eat add khan's a self
POOL	1099	0.871031201	2,4,7,13,16	pull tea bad kansas else
POOL	1100	0.871027299	2,4,7,13,16	push tea bad kansas else
POOL	1101	0.871021833	2,4,6,11,13,16	pull tea tube cons hush else
POOL	1102	0.871013523	2,6,7,11,16	pull t-top a khan's self
POOL	1103	0.871009621	2,6,7,11,16	push t-top a khan's self
POOL	1104	0.871009171	4,7,11,13,14,16	book bad khan's ass a love
POOL	1105	0.870999154	6,7,11,13,16	petite a khan's ass else
POOL	1106	0.870997971	2,5,8,11,13,16	too tit bak ons us else
POOL	1107	0.870996856	2,4,7,11,16	paw tea t-back cons self
POOL	1108	0.870985344	3,4,6,11,13,16	took see tube cons us else
POOL	1109	0.870976216	4,7,11,13,14,16	took bad cons ass eh laugh
POOL	1110	0.870967522	4,7,11,13,14,16	took bad cons us eh else
POOL	1111	0.870950111	2,6,7,13,16	paw kit a conscious else
POOL	1112	0.870949409	4,6,7,11,12,16	boi tube a cons a self
POOL	1113	0.870943478	3,6,7,11,12,16	pushed eat add cons a self
POOL	1114	0.870914963	4,7,11,12,15,16	book bad cars a sell see
POOL	1115	0.870913608	4,7,11,13,14,16	took bad cons s a love
POOL	1116	0.870913153	4,7,11,13,14,16	pushed bad cons ass a love
POOL	1117	0.870912121	3,6,7,11,15,16	took eat a khan's shell see
POOL	1118	0.870911161	4,7,11,12,15,16	book bad khan's a shell see
POOL	1119	0.870885989	3,6,7,11,12,16	pushed eat yeah khan's a self
POOL	1120	0.870881018	4,7,11,13,16	pussy bad cause us else
POOL	1121	0.870873659	3,6,7,11,12,16	took eat ass khan's a self
POOL	1122	0.870871250	2,8,11,13,16	too t-back ons us else
POOL	1123	0.870866864	2,9,11,13,16	pull t-back news s else
POOL	1124	0.870862962	2,9,11,13,16	push t-back news s else
POOL	1125	0.870857464	4,7,11,13,16	putting bad cons us else
POOL	1126	0.870855665	2,6,8,9,13,16	pull tit at awe thus else
POOL	1127	0.870852414	2,6,8,9,13,16	push tit at awe thus else
POOL	1128	0.870847138	4,7,11,13,14,16	book bad cons s a else
POOL	1129	0.870842566	2,4,11,13,16	too tea batons s else
POOL	1130	0.870839075	2,6,7,13,16	too pit a conscious else
POOL	1131	0.870827773	4,7,11,13,14,16	book bad khan's ass a leaf
POOL	1132	0.870815143	4,7,11,12,15,16	pushed bad cons a shell see
POOL	1133	0.870812832	2,6,8,9,13,16	too tit at ahh thus else
POOL	1134	0.870812220	2,5,7,11,15,16	pull tit bad cons sell fur
POOL	1135	0.870806225	3,6,7,11,12,16	took eat yeah cause a self
POOL	1136	0.870799150	2,4,11,13,16	pull tea batons a else
POOL	1137	0.870795248	2,4,11,13,16	push tea batons a else
POOL	1138	0.870786018	2,6,7,11,16	pull t-top a cars self
POOL	1139	0.870782116	2,6,7,11,16	push t-top a cars self
POOL	1140	0.870780524	4,7,11,12,15,16	took bad cons a sell shh
POOL	1141	0.870778526	4,7,11,12,15,16	took tell cons a sell see
POOL	1142	0.870776469	2,6,7,13,16	too tit yeah conscious else
POOL	1143	0.870773313	4,7,11,13,14,16	took bad khan's s a laugh
POOL	1144	0.870772858	4,7,11,13,14,16	pushed bad khan's ass a laugh
POOL	1145	0.870771650	6,7,11,13,16	petite a cars ass else
POOL	1146	0.870770418	4,6,8,11,13,16	took tube ack ons us else
POOL	1147	0.870762978	2,6,8,9,13,16	pull tit at ah thus else
POOL	1148	0.870759726	2,6,8,9,13,16	push tit at ah thus else
POOL	1149	0.870758091	2,4,7,11,16	too see t-back cons self
POOL	1150	0.870755685	2,4,11,13,16	paw tea batons ass else
POOL	1151	0.870753569	4,7,11,13,14,16	took bad cons ash a love
POOL	1152	0.870753186	4,7,11,12,15,16	took bad cars a cell see
POOL	1153	0.870750314	4,7,11,12,15,16	took bad cons a sell fee
POOL	1154	0.870732210	4,7,11,13,14,16	took bad cons s a leaf
POOL	1155	0.870731755	4,7,11,13,14,16	pushed bad cons ass a leaf
POOL	1156	0.870710848	4,7,11,13,16	pussy bad khan's ass else
POOL	1157	0.870708679	4,7,11,13,14,16	book bad cons ass a elf
POOL	1158	0.870704773	2,9,11,13,16	took t-back news us else
POOL	1159	0.870695458	4,7,11,13,16	putty bad cons us else
POOL	1160	0.870687100	4,7,11,13,14,16	book bad cons ash a else
POOL	1161	0.870683890	3,4,6,11,13,16	book a tube cons ass else
POOL	1162	0.870683466	2,9,11,13,16	too t-back news ass elf
POOL	1163	0.870676667	4,6,8,11,13,16	book top at ons ass else
POOL	1164	0.870663354	4,6,8,11,13,16	book tub at ons ass else
POOL	1165	0.870629869	3,4,7,11,12,16	took see bad cons a self
POOL	1166	0.870613275	4,7,11,13,14,16	took bad khan's ash a laugh
POOL	1167	0.870592386	4,7,11,13,14,16	book tell cons ass a laugh
POOL	1168	0.870589045	4,7,11,13,14,16	took teh cons ass a else
POOL	1169	0.870587703	4,6,8,11,13,16	took tube at ons s else
POOL	1170	0.870587248	4,6,8,11,13,16	pushed tube at ons ass else
POOL	1171	0.870587202	2,4,9,11,16	pull tea t-back news self
POOL	1172	0.870583300	2,4,9,11,16	push tea t-back news self
POOL	1173	0.870575866	4,7,11,12,15,16	book teh cons a cell see
POOL	1174	0.870572206	3,6,7,11,12,16	pot eat yeah cons a self
POOL	1175	0.870560824	4,7,11,13,14,16	took bad cons us eh love
POOL	1176	0.870516920	2,4,11,13,16	too see batons ass else
POOL	1177	0.870512177	3,4,6,11,13,16	book see tube cons us else
POOL	1178	0.870507887	2,9,11,13,16	too t-back new us else
POOL	1179	0.870503049	4,7,11,13,14,16	book bad cons ass eh laugh
POOL	1180	0.870494355	4,7,11,13,14,16	book bad cons us eh else
POOL	1181	0.870485831	4,7,11,12,15,16	pushed bad khan's a sell see
POOL	1182	0.870483343	4,7,11,13,16	pussy bad cars ass else
POOL	1183	0.870459691	2,4,7,13,16	too t bad conscious else
POOL	1184	0.870458125	2,6,7,13,16	pull kit a kansas else
POOL	1185	0.870457452	2,6,7,13,15,16	pull tit a cons al see
POOL	1186	0.870455840	2,4,11,13,16	too t batons us else
POOL	1187	0.870454224	2,6,7,13,16	push kit a kansas else
POOL	1188	0.870454201	2,6,7,13,15,16	push tit a cons al see
POOL	1189	0.870450894	2,6,7,13,16	too tit a canvas else
POOL	1190	0.870449244	4,6,8,11,13,16	took tube at ons ass elf
POOL	1191	0.870444140	4,6,7,11,16	pussy tab a cons self
POOL	1192	0.870439506	3,6,7,11,12,16	took eat a cars a self
POOL	1193	0.870438954	3,6,7,11,15,16	book eat a khan's shell see
POOL	1194	0.870429622	2,4,7,11,16	pull tea t-back khan's self
POOL	1195	0.870427665	4,6,8,11,13,16	took tube at ons ash else
POOL	1196	0.870425721	2,4,7,11,16	push tea t-back khan's self
POOL	1197	0.870420043	2,6,7,11,16	pull t-top a cause self
POOL	1198	0.870416141	2,6,7,11,16	push t-top a cause self
POOL	1199	0.870411576	2,4,6,7,13,16	pa tea tube a khans else
POOL	1200	0.870406067	4,7,11,12,15,16	took bad cause a sell see
POOL	1201	0.870405675	6,7,11,13,16	petite a cause ass else
POOL	1202	0.870400670	6,7,11,13,16	petite a cons s else
POOL	1203	0.870400493	3,6,7,11,12,16	book eat ass khan's a self
POOL	1204	0.870398325	3,6,7,9,13,16	pushed eat a car thus else
POOL	1205	0.870388431	2,6,7,13,15,16	pull tit a cons well see
POOL	1206	0.870385180	2,6,7,13,15,16	push tit a cons well see
POOL	1207	0.870374206	2,4,7,13,16	too tea tell conscious else
POOL	1208	0.870352070	2,6,7,11,12,16	pull tit a cons eng self
POOL	1209	0.870342935	3,6,7,11,15,16	pushed eat a cons shell see
POOL	1210	0.870341380	2,6,7,13,15,16	pull tit a khan's air see
POOL	1211	0.870338129	2,6,7,13,15,16	push tit a khan's air see
POOL	1212	0.870337060	3,6,7,11,12,16	push eat a cons a self
POOL	1213	0.870334637	2,6,7,13,16	too tit a kansas elf
POOL	1214	0.870333058	3,6,7,11,12,16	book eat yeah cause a self
POOL	1215	0.870328540	2,9,11,13,16	paw t-back news a else
POOL	1216	0.870319581	2,7,11,12,16	too t-back khan's a self
POOL	1217	0.870317384	4,6,8,11,13,16	took too at ons ass else
POOL	1218	0.870308316	3,6,7,11,15,16	took eat a cons sell shh
POOL	1219	0.870307357	4,7,11,12,15,16	book bad cons a sell shh
POOL	1220	0.870305359	4,7,11,12,15,16	book tell cons a sell see
POOL	1221	0.870304474	3,6,7,11,12,16	pushed eat ass cons a self
POOL	1222	0.870297251	4,6,8,11,13,16	book tube ack ons us else
POOL	1223	0.870294362	2,9,11,13,16	pull t-back news ash else
POOL	1224	0.870290461	2,9,11,13,16	push t-back news ash else
POOL	1225	0.870289102	2,6,7,13,16	paw shit a conscious else
POOL	1226	0.870280020	4,7,11,12,15,16	book bad cars a cell see
POOL	1227	0.870277147	4,7,11,12,15,16	book bad cons a sell fee
POOL	1228	0.870270651	2,4,7,9,13,16	pull tea tat car this else
POOL	1229	0.870270065	2,4,11,13,16	too tea batons ash else
POOL	1230	0.870263994	2,5,8,11,13,16	pull tit black ons us else
POOL	1231	0.870263822	2,9,11,13,16	two t-back news ass else
POOL	1232	0.870260742	2,5,8,11,13,16	push tit black ons us else
POOL	1233	0.870260496	2,4,7,13,16	too key bad conscious else
POOL	1234	0.870260321	3,6,7,9,13,16	took eat a car thus elf
POOL	1235	0.870256645	2,4,11,13,16	too key batons us else
POOL	1236	0.870240710	3,6,7,10,13,16	took eat a con thus else
POOL	1237	0.870210409	2,6,7,13,15,16	too tit a cons al see
POOL	1238	0.870208790	2,6,7,13,16	pooh tit a conscious else
POOL	1239	0.870202118	2,4,7,11,16	pull tea t-back cars self
POOL	1240	0.870198216	2,4,7,11,16	push tea t-back cars self
POOL	1241	0.870194517	2,9,11,13,16	pull t-back news us elf
POOL	1242	0.870190615	2,9,11,13,16	push t-back news us elf
POOL	1243	0.870174070	2,4,7,13,16	too tea bad conscious elf
POOL	1244	0.870170219	2,4,11,13,16	too tea batons us elf
POOL	1245	0.870162304	2,6,7,13,16	too tip a kansas else
POOL	1246	0.870156702	3,4,7,11,12,16	book see bad cons a self
POOL	1247	0.870154561	2,6,8,11,12,16	pull tit ask ons a self
POOL	1248	0.870151309	2,6,8,11,12,16	push tit ask ons a self
POOL	1249	0.870145580	4,7,11,12,15,16	took bad cons a cell shh
POOL	1250	0.870143583	4,7,11,12,15,16	took tell cons a cell see
POOL	1251	0.870117368	4,7,11,13,16	pussy bad cause ass else
POOL	1252	0.870115370	4,7,11,12,15,16	took bad cons a cell fee
POOL	1253	0.870114536	4,6,8,11,13,16	book tube at ons s else
POOL	1254	0.870113680	2,9,11,13,16	book t-back news us else
POOL	1255	0.870112363	4,7,11,13,16	pussy bad cons s else
POOL	1256	0.870107600	2,8,11,13,16	too t-back ons ass else
POOL	1257	0.870105282	3,6,7,10,13,16	took eat a khan thus else
POOL	1258	0.870098884	2,6,7,9,11,16	pew tit a car news self
POOL	1259	0.870095055	2,4,9,13,15,16	pull tea tech thus air if
POOL	1260	0.870094337	2,6,7,13,15,16	too tit a khan's air see
POOL	1261	0.870093814	4,7,11,13,16	putting bad cons ass else
POOL	1262	0.870092076	2,7,11,12,16	too t-back cars a self
POOL	1263	0.870091803	2,4,9,13,15,16	push tea tech thus air if
POOL	1264	0.870084337	4,7,11,12,15,16	took teh cons a shell see
POOL	1265	0.870080659	2,4,9,13,16	too tea t-back thus else
POOL	1266	0.870075530	2,4,9,13,16	too tea t-back this else
POOL	1267	0.870068241	3,6,7,11,12,16	took eat eh cars a self
POOL	1268	0.870038420	4,6,8,11,13,16	took tube at r.'s ass else
POOL	1269	0.870037600	3,6,7,11,12,16	took eat app khan's a self
POOL	1270	0.870031823	2,4,7,13,16	pull see bad conscious else
POOL	1271	0.870027971	2,4,11,13,16	pull see batons us else
POOL	1272	0.870027921	2,4,7,13,16	push see bad conscious else
POOL	1273	0.870024070	2,4,11,13,16	push see batons us else
POOL	1274	0.870017363	2,9,11,13,16	poo t-back news us else
POOL	1275	0.870016950	2,5,8,11,13,16	too tit black ons us else
POOL	1276	0.870002619	4,6,7,11,16	pussy tube a khan's self
POOL	1277	0.869978723	4,6,7,11,16	pussy tub a cons self
POOL	1278	0.869976207	2,6,7,13,15,16	pull tit a cons el see
POOL	1279	0.869976077	4,6,8,11,13,16	book tube at ons ass elf
POOL	1280	0.869972956	2,6,7,13,15,16	push tit a cons el see
POOL	1281	0.869954498	4,6,8,11,13,16	book tube at ons ash else
POOL	1282	0.869944438	2,4,7,13,16	too tee bad conscious else
POOL	1283	0.869941123	2,6,7,13,16	too sit a conscious else
POOL	1284	0.869941123	2,9,11,13,16	took t-back news ass else
POOL	1285	0.869940586	2,4,11,13,16	too tee batons us else
POOL	1286	0.869933360	2,4,7,11,16	too t t-back cons self
POOL	1287	0.869932900	4,7,11,12,15,16	book bad cause a sell see
POOL	1288	0.869931808	4,7,11,13,16	putty bad cons ass else
POOL	1289	0.869907517	2,6,8,11,12,16	too tit ask ons a self
POOL	1290	0.869893982	2,6,8,11,12,16	pull tit act ons a self
POOL	1291	0.869890730	2,6,8,11,12,16	push tit act ons a self
POOL	1292	0.869873295	4,7,11,12,15,16	took bag cons a sell see
POOL	1293	0.869871751	2,5,8,11,13,16	pull tit bak ons ass else
POOL	1294	0.869868500	2,5,8,11,13,16	push tit bak ons ass else
POOL	1295	0.869850888	4,7,11,12,15,16	pushed bad khan's a cell see
POOL	1296	0.869848011	2,4,9,13,15,16	too tea tech thus air if
POOL	1297	0.869844217	4,6,8,11,13,16	book too at ons ass else
POOL	1298	0.869836143	2,4,7,11,16	pull tea t-back cause self
POOL	1299	0.869832967	2,4,7,11,13,16	pah tea batt cons us else
POOL	1300	0.869832241	2,4,7,11,16	push tea t-back cause self
POOL	1301	0.869830782	2,6,7,13,16	pull tick a conscious else
POOL	1302	0.869828168	6,7,11,13,16	petite a cons ash else
POOL	1303	0.869826880	2,6,7,13,16	push tick a conscious else
POOL	1304	0.869797116	2,6,7,13,16	pull shit a kansas else
POOL	1305	0.869794614	2,6,7,13,15,16	paw tit a cons al see
POOL	1306	0.869793214	2,6,7,13,16	push shit a kansas else
POOL	1307	0.869788491	4,7,11,12,15,16	took bad cars a shell see
POOL	1308	0.869775115	4,6,7,11,16	pussy tube a cars self
POOL	1309	0.869771124	4,7,11,12,15,16	took bad cause a cell see
POOL	1310	0.869767543	3,6,7,10,13,16	book eat a con thus else
POOL	1311	0.869758898	4,7,11,12,15,16	took bad cons a sell saw
POOL	1312	0.869755026	4,7,11,12,15,16	took teh khan's a sell see
POOL	1313	0.869754426	2,4,7,13,16	two tea bad conscious else
POOL	1314	0.869753053	2,4,9,13,15,16	pull tea tech thus air off
POOL	1315	0.869750451	2,6,7,13,16	too tit at conscious else
POOL	1316	0.869749801	2,4,9,13,15,16	push tea tech thus air off
POOL	1317	0.869744237	2,9,11,13,16	too t-back new ass else
POOL	1318	0.869738985	4,7,11,12,15,16	took bad khan's a share see
POOL	1319	0.869734166	2,4,7,11,16	too key t-back cons self
POOL	1320	0.869729164	2,6,7,13,15,16	too tit a cons el see
POOL	1321	0.869726101	2,7,11,12,16	too t-back cause a self
POOL	1322	0.869725593	2,6,7,13,15,16	paw tit a cons well see
POOL	1323	0.869692190	2,4,11,13,16	too t batons ass else
POOL	1324	0.869689931	2,4,7,11,15,16	pull tea ke cons sell if
POOL	1325	0.869678542	2,6,7,13,15,16	paw tit a khan's air see
POOL	1326	0.869672413	4,7,11,12,15,16	book bad cons a cell shh
POOL	1327	0.869670416	4,7,11,12,15,16	book tell cons a cell see
POOL	1328	0.869646938	2,6,8,11,12,16	too tit act ons a self
POOL	1329	0.869642203	4,7,11,12,15,16	book bad cons a cell fee
POOL	1330	0.869640151	4,7,11,13,16	pussy tell cons us else
POOL	1331	0.869634215	2,7,11,12,16	paw t-back cons a self
POOL	1332	0.869632115	3,6,7,10,13,16	book eat a khan thus else
POOL	1333	0.869618650	2,8,11,13,16	pull t-back ons us else
POOL	1334	0.869614749	2,8,11,13,16	push t-back ons us else
POOL	1335	0.869612080	3,4,6,11,13,16	took see tube cons ass else
POOL	1336	0.869600995	2,6,7,13,16	too kit a conscious elf
POOL	1337	0.869596040	3,4,6,11,13,16	took a tab cons ass else
POOL	1338	0.869592294	2,6,7,13,16	took tit a kansas else
POOL	1339	0.869589967	2,4,11,13,16	pull tea batons s else
POOL	1340	0.869588785	1,2,6,7,11,16	up oh ticked a cons self
POOL	1341	0.869586066	2,4,11,13,16	push tea batons s else
POOL	1342	0.869565253	4,6,8,11,13,16	book tube at r.'s ass else
POOL	1343	0.869554960	4,6,7,11,16	pussy top a khan's self
POOL	1344	0.869539862	4,7,11,13,16	pussy bad cons ash else
POOL	1345	0.869528872	2,4,7,13,16	too team bad conscious else
POOL	1346	0.869525020	2,4,11,13,16	too team batons us else
POOL	1347	0.869506009	2,4,9,13,15,16	too tea tech thus air off
POOL	1348	0.869505492	2,4,7,11,16	pull see t-back cons self
POOL	1349	0.869501590	2,4,7,11,16	push see t-back cons self
POOL	1350	0.869495309	4,7,11,13,16	party bad cons us else
POOL	1351	0.869492995	2,4,11,13,16	too key batons ass else
POOL	1352	0.869491722	2,6,8,11,12,16	paw tit ask ons a self
POOL	1353	0.869489297	2,6,7,11,16	took t-top a cons self
POOL	1354	0.869440016	4,7,11,13,16	pussy bad cons us elf
POOL	1355	0.869431728	2,4,7,13,16	took tea bad conscious else
POOL	1356	0.869430867	2,9,11,13,16	pull t-back news ass elf
POOL	1357	0.869427876	2,4,11,13,16	took tea batons us else
POOL	1358	0.869426965	2,9,11,13,16	push t-back news ass elf
POOL	1359	0.869424327	3,4,6,11,13,16	took see tab cons us else
POOL	1360	0.869418107	2,4,7,11,16	too tee t-back cons self
POOL	1361	0.869409140	4,6,7,11,16	pussy tube a cause self
POOL	1362	0.869406569	2,4,11,13,16	too tea batons ass elf
POOL	1363	0.869397154	4,6,8,11,13,16	took tube ack ons ass else
POOL	1364	0.869385586	4,6,7,11,16	putting tube a cons self
POOL	1365	0.869350030	2,9,11,13,16	book t-back news ass else
POOL	1366	0.869346054	2,4,7,10,13,16	pull tea beck cause this else
POOL	1367	0.869327456	4,6,7,11,16	pussy top a cars self
POOL	1368	0.869313369	2,6,7,13,15,16	paw tit a cons el see
POOL	1369	0.869283694	2,4,7,13,16	paw tea bad kansas else
POOL	1370	0.869277691	2,6,7,13,15,16	pull tit a cons l see
POOL	1371	0.869274440	2,6,7,13,15,16	push tit a cons l see
POOL	1372	0.869273883	2,6,7,13,15,16	pull tit a cons elle see
POOL	1373	0.869270632	2,6,7,13,15,16	push tit a cons elle see
POOL	1374	0.869266016	2,6,7,11,16	paw t-top a khan's self
POOL	1375	0.869264321	2,4,11,13,16	pull see batons ass else
POOL	1376	0.869260420	2,4,11,13,16	push see batons ass else
POOL	1377	0.869252045	3,4,6,11,13,16	took i. tube cons ass else
POOL	1378	0.869231143	2,6,8,11,12,16	paw tit act ons a self
POOL	1379	0.869228096	2,4,7,11,16	two tea t-back cons self
POOL	1380	0.869223580	4,6,7,11,16	putty tube a cons self
POOL	1381	0.869209401	4,6,8,11,13,16	took tab ack ons us else
POOL	1382	0.869207092	2,4,7,13,16	pull t bad conscious else
POOL	1383	0.869203240	2,4,11,13,16	pull t batons us else
POOL	1384	0.869203190	2,4,7,13,16	push t bad conscious else
POOL	1385	0.869199339	2,4,11,13,16	push t batons us else
POOL	1386	0.869193020	4,7,11,13,16	potty bad cons us else
POOL	1387	0.869190902	2,4,8,11,13,16	pull tea butt ons us else
POOL	1388	0.869181020	4,6,7,11,16	pussy too a khan's self
POOL	1389	0.869176937	2,4,11,13,16	too tee batons ass else
POOL	1390	0.869121606	2,4,7,13,16	pull tea tell conscious else
POOL	1391	0.869117705	2,4,7,13,16	push tea tell conscious else
POOL	1392	0.869107304	2,6,9,13,15,16	pull tit at thus air see
POOL	1393	0.869104053	2,6,9,13,15,16	push tit at thus air see
POOL	1394	0.869066981	2,7,11,12,16	pull t-back khan's a self
POOL	1395	0.869063080	2,7,11,12,16	push t-back khan's a self
POOL	1396	0.869051644	2,4,11,13,16	paw tea batons a else
POOL	1397	0.869044929	2,4,7,13,16	too see bad kansas else
POOL	1398	0.869038512	2,6,7,11,16	paw t-top a cars self
POOL	1399	0.869030648	2,6,7,13,15,16	too tit a cons l see
POOL	1400	0.869026840	2,6,7,13,15,16	too tit a cons elle see
POOL	1401	0.869026687	4,6,8,11,13,16	took tab at ons s else
POOL	1402	0.869026232	4,6,8,11,13,16	pushed tab at ons ass else
POOL	1403	0.869017466	2,4,11,13,16	pull tea batons ash else
POOL	1404	0.869013564	2,4,11,13,16	push tea batons ash else
POOL	1405	0.869007897	2,4,7,13,16	pull key bad conscious else
POOL	1406	0.869006806	4,7,11,13,16	pussy bad khan's a else
POOL	1407	0.869004046	2,4,11,13,16	pull key batons us else
POOL	1408	0.869003996	2,4,7,13,16	push key bad conscious else
POOL	1409	0.869002541	2,4,7,11,16	too team t-back cons self
POOL	1410	0.869000144	2,4,11,13,16	push key batons us else
POOL	1411	0.868986925	2,4,11,13,16	two tea batons ass else
POOL	1412	0.868964673	6,7,11,13,16	petite a cons ass elf
POOL	1413	0.868961481	4,6,7,11,16	pussy top a cause self
POOL	1414	0.868960746	2,4,7,13,16	too tea teh conscious else
POOL	1415	0.868953516	4,6,7,11,16	pussy too a cars self
POOL	1416	0.868951319	3,7,11,13,15,16	took eat cons us air see
POOL	1417	0.868944044	2,6,8,11,12,16	pull tit ack r.'s a self
POOL	1418	0.868940793	2,6,8,11,12,16	push tit ack r.'s a self
POOL	1419	0.868937926	4,6,7,11,16	putting top a cons self
POOL	1420	0.868933970	4,6,8,11,13,16	took tube ask ons us else
POOL	1421	0.868923987	4,6,8,11,13,16	book tube ack ons ass else
POOL	1422	0.868921471	2,4,7,13,16	pull tea bad conscious elf
POOL	1423	0.868917620	2,4,11,13,16	pull tea batons us elf
POOL	1424	0.868917570	2,4,7,13,16	push tea bad conscious elf
POOL	1425	0.868913718	2,4,11,13,16	push tea batons us elf
POOL	1426	0.868905397	2,4,7,11,16	took tea t-back cons self
POOL	1427	0.868902393	2,8,11,13,16	too t-back r.'s us else
POOL	1428	0.868898204	2,6,7,11,16	book t-top a cons self
POOL	1429	0.868889113	2,5,9,11,12,16	pull tit bak news a self
POOL	1430	0.868888228	4,6,8,11,13,16	took tab at ons ass elf
POOL	1431	0.868885861	2,5,9,11,12,16	push tit bak news a self
POOL	1432	0.868884578	4,7,11,13,16	book t-back cons us else
POOL	1433	0.868876501	4,7,11,13,16	pussy tell cons ass else
POOL	1434	0.868866649	4,6,8,11,13,16	took tab at ons ash else
POOL	1435	0.868855001	2,8,11,13,16	pull t-back ons ass else
POOL	1436	0.868851099	2,8,11,13,16	push t-back ons ass else
POOL	1437	0.868849553	2,4,7,13,16	to tea bad conscious else
POOL	1438	0.868840635	2,4,7,13,16	book tea bad conscious else
POOL	1439	0.868839695	2,4,9,11,16	paw tea t-back news self
POOL	1440	0.868839477	2,7,11,12,16	pull t-back cars a self
POOL	1441	0.868836783	2,4,11,13,16	book tea batons us else
POOL	1442	0.868835575	2,7,11,12,16	push t-back cars a self
POOL	1443	0.868834868	4,6,8,11,13,16	took top ack ons us else
POOL	1444	0.868828060	2,4,9,13,16	pull tea t-back thus else
POOL	1445	0.868824158	2,4,9,13,16	push tea t-back thus else
POOL	1446	0.868822931	2,4,9,13,16	pull tea t-back this else
POOL	1447	0.868821554	4,6,8,11,13,16	took tub ack ons us else
POOL	1448	0.868819029	2,4,9,13,16	push tea t-back this else
POOL	1449	0.868812879	2,4,11,13,16	too see batons a else
POOL	1450	0.868801887	2,6,7,11,16	poo t-top a cons self
POOL	1451	0.868789385	2,6,7,13,15,16	poo tit a cons air see
POOL	1452	0.868779302	4,7,11,13,16	pussy bad cars a else
POOL	1453	0.868775920	4,6,7,11,16	putty top a cons self
POOL	1454	0.868764922	2,4,7,13,15,16	pull tea bad cons air if
POOL	1455	0.868761671	2,4,7,13,15,16	push tea bad cons air if
POOL	1456	0.868761371	2,4,11,13,16	too team batons ass else
POOL	1457	0.868744317	2,4,7,13,16	poo tea bad conscious else
POOL	1458	0.868740466	2,4,11,13,16	poo tea batons us else
POOL	1459	0.868736235	4,6,8,11,13,16	book tab ack ons us else
POOL	1460	0.868731659	4,7,11,13,16	party bad cons ass else
POOL	1461	0.868700919	3,4,7,11,12,16	took see bad khan's a self
POOL	1462	0.868697001	2,6,8,11,12,16	too tit ack r.'s a self
POOL	1463	0.868691839	2,4,7,13,16	pull tee bad conscious else
POOL	1464	0.868687987	2,4,11,13,16	pull tee batons us else
POOL	1465	0.868687937	2,4,7,13,16	push tee bad conscious else
POOL	1466	0.868684086	2,4,11,13,16	push tee batons us else
POOL	1467	0.868682908	2,4,7,11,15,16	pope tea bad cons sell if
POOL	1468	0.868682116	2,4,7,11,16	paw tea t-back khan's self
POOL	1469	0.868680761	2,4,7,11,16	pull t t-back cons self
POOL	1470	0.868676859	2,4,7,11,16	push t t-back cons self
POOL	1471	0.868676366	4,7,11,13,16	pussy bad cons ass elf
POOL	1472	0.868673391	4,6,8,11,13,16	took tube act ons us else
POOL	1473	0.868672537	2,6,7,11,16	paw t-top a cause self
POOL	1474	0.868664227	2,4,11,13,16	took tea batons ass else
POOL	1475	0.868652154	4,6,8,11,13,16	took top at ons s else
POOL	1476	0.868651699	4,6,8,11,13,16	pushed top at ons ass else
POOL	1477	0.868642069	2,5,9,11,12,16	too tit bak news a self
POOL	1478	0.868638840	4,6,8,11,13,16	took tub at ons s else
POOL	1479	0.868638385	4,6,8,11,13,16	pushed tub at ons ass else
POOL	1480	0.868614853	2,6,7,13,15,16	paw tit a cons l see
POOL	1481	0.868611045	2,6,7,13,15,16	paw tit a cons elle see
POOL	1482	0.868602754	2,6,7,13,15,16	pull kit a cons air see
POOL	1483	0.868600930	2,4,9,11,16	too see t-back news self
POOL	1484	0.868599502	2,6,7,13,15,16	push kit a cons air see
POOL	1485	0.868587541	4,6,7,11,16	pussy too a cause self
POOL	1486	0.868563986	4,6,7,11,16	putting too a cons self
POOL	1487	0.868560434	3,7,11,13,15,16	took eat cons ass air if
POOL	1488	0.868553520	4,6,8,11,13,16	book tab at ons s else
POOL	1489	0.868530123	4,6,7,13,16	took tube a conscious else
POOL	1490	0.868528502	2,6,7,13,15,16	pull tit a khan's al see
POOL	1491	0.868513695	4,6,8,11,13,16	took top at ons ass elf
POOL	1492	0.868510063	2,6,8,11,12,16	poo tit ack ons a self
POOL	1493	0.868504628	2,4,9,11,16	too tea becca news self
POOL	1494	0.868500381	4,6,8,11,13,16	took tub at ons ass elf
POOL	1495	0.868492115	4,6,8,11,13,16	took top at ons ash else
POOL	1496	0.868481567	2,4,7,11,16	pull key t-back cons self
POOL	1497	0.868478802	4,6,8,11,13,16	took tub at ons ash else
POOL	1498	0.868478153	3,7,11,13,15,16	book eat cons us air see
POOL	1499	0.868477665	2,4,7,11,16	push key t-back cons self
POOL	1500	0.868477403	4,6,8,11,13,16	took tab at r.'s ass else
POOL	1501	0.868475746	2,4,7,13,16	too tea bag conscious else
POOL	1502	0.868473502	2,7,11,12,16	pull t-back cause a self
POOL	1503	0.868473143	2,6,9,11,13,16	pull tit ska news us else
POOL	1504	0.868470060	4,7,11,12,16	pussy bad cons a self
POOL	1505	0.868469600	2,7,11,12,16	push t-back cause a self
POOL	1506	0.868460803	4,6,8,11,13,16	book tube ask ons us else
POOL	1507	0.868454612	2,4,7,11,16	paw tea t-back cars self
POOL	1508	0.868443351	2,4,7,11,16	too see t-back khan's self
POOL	1509	0.868439590	2,4,11,13,16	pull t batons ass else
POOL	1510	0.868435689	2,4,11,13,16	push t batons ass else
POOL	1511	0.868433979	2,6,7,11,16	too t-top yeah cons self
POOL	1512	0.868422920	2,4,7,13,15,16	pull tea bad cons air off
POOL	1513	0.868422383	5,7,11,13,16	post-it bad cons us else
POOL	1514	0.868419669	2,4,7,13,15,16	push tea bad cons air off
POOL	1515	0.868415061	4,6,8,11,13,16	book tab at ons ass elf
POOL	1516	0.868403558	2,8,11,13,16	too t-back ons a else
POOL	1517	0.868401980	4,6,7,11,16	putty too a cons self
POOL	1518	0.868400692	2,4,7,10,13,16	pub tea bad cause this else
POOL	1519	0.868393482	4,6,8,11,13,16	book tab at ons ash else
POOL	1520	0.868361702	4,6,8,11,13,16	book top ack ons us else
POOL	1521	0.868348388	4,6,8,11,13,16	book tub ack ons us else
POOL	1522	0.868324114	2,6,7,11,15,16	pull tit eng cons sell if
POOL	1523	0.868323432	2,6,8,11,12,16	pull kit ack ons a self
POOL	1524	0.868323223	2,4,7,11,16	to tea t-back cons self
POOL	1525	0.868320181	2,6,8,11,12,16	push kit ack ons a self
POOL	1526	0.868314304	2,4,7,11,16	book tea t-back cons self
POOL	1527	0.868284316	2,4,7,13,16	paw see bad conscious else
POOL	1528	0.868281206	2,6,8,11,12,16	paw tit ack r.'s a self
POOL	1529	0.868280465	2,4,11,13,16	paw see batons us else
POOL	1530	0.868276273	2,4,7,13,16	pull team bad conscious else
POOL	1531	0.868272421	2,4,11,13,16	pull team batons us else
POOL	1532	0.868272371	2,4,7,13,16	push team bad conscious else
POOL	1533	0.868272282	4,6,8,11,13,16	pushed tube ack ons us else
POOL	1534	0.868268520	2,4,11,13,16	push team batons us else
POOL	1535	0.868240396	2,4,11,13,16	pull key batons ass else
POOL	1536	0.868230518	2,4,7,11,15,16	pull tier bad cons sell if
POOL	1537	0.868227752	3,4,7,11,12,16	book see bad khan's a self
POOL	1538	0.868226274	2,5,9,11,12,16	paw tit bak news a self
POOL	1539	0.868220198	2,4,7,13,16	too t bad kansas else
POOL	1540	0.868218432	3,7,11,13,15,16	took eat cons ass air off
POOL	1541	0.868217987	2,4,7,11,16	poo tea t-back cons self
POOL	1542	0.868215847	2,4,7,11,16	too see t-back cars self
POOL	1543	0.868200224	4,6,8,11,13,16	book tube act ons us else
POOL	1544	0.868199476	1,4,7,11,13,16	up tea bad cons dish else
POOL	1545	0.868178987	4,6,8,11,13,16	book top at ons s else
POOL	1546	0.868177892	3,6,7,10,13,16	pushed eat a cause thus else
POOL	1547	0.868165508	2,4,7,11,16	pull tee t-back cons self
POOL	1548	0.868161606	2,4,7,11,16	push tee t-back cons self
POOL	1549	0.868138743	2,8,11,13,16	too t-back r.'s ass else
POOL	1550	0.868137937	2,6,7,13,15,16	pull tit a cons air shh
POOL	1551	0.868134713	2,4,7,13,16	too tea tell kansas else
POOL	1552	0.868134686	2,6,7,13,15,16	push tit a cons air shh
POOL	1553	0.868131733	3,4,7,11,12,16	pushed see bad cons a self
POOL	1554	0.868129400	4,6,7,11,16	pussy tab a khan's self
POOL	1555	0.868118398	2,4,7,13,16	too tea buy conscious else
POOL	1556	0.868107727	2,6,7,13,15,16	pull tit a cons air fee
POOL	1557	0.868105762	3,6,7,11,13,16	took pit a cons us else
POOL	1558	0.868104476	2,6,7,13,15,16	push tit a cons air fee
POOL	1559	0.868102084	2,4,7,13,15,16	paw tea bad cons air if
POOL	1560	0.868088637	2,4,7,11,16	paw tea t-back cause self
POOL	1561	0.868087267	3,7,11,13,15,16	book eat cons ass air if
POOL	1562	0.868085930	6,7,11,13,16	petite a khan's s else
POOL	1563	0.868082464	4,6,7,13,16	took top a conscious else
POOL	1564	0.868076389	2,6,8,11,12,16	too kit ack ons a self
POOL	1565	0.868039888	3,6,7,10,13,16	took eat a cause thus elf
POOL	1566	0.868023431	4,6,7,11,16	party tube a cons self
POOL	1567	0.868021004	2,4,7,13,16	too key bad kansas else
POOL	1568	0.868009730	2,6,7,13,15,16	pooh tit a cons air see
POOL	1569	0.867990143	2,6,7,10,13,16	pull tit heh cause this else
POOL	1570	0.867956697	2,6,7,13,15,16	pull tit a cons ell see
POOL	1571	0.867954594	2,6,7,11,16	too t-top a comes self
POOL	1572	0.867953445	2,6,7,13,15,16	push tit a cons ell see
POOL	1573	0.867939915	2,6,7,13,15,16	paw kit a cons air see
POOL	1574	0.867939030	4,6,7,13,16	book tube a conscious else
POOL	1575	0.867934578	2,4,7,13,16	too tea bad kansas elf
POOL	1576	0.867930662	6,7,11,13,16	petite yeah cons us else
POOL	1577	0.867908092	2,5,9,11,12,16	pull tit black news a self
POOL	1578	0.867904840	2,5,9,11,12,16	push tit black news a self
POOL	1579	0.867901895	4,6,7,11,16	pussy tab a cars self
POOL	1580	0.867890893	2,6,7,13,15,16	too tit a cons air shh
POOL	1581	0.867877084	2,4,7,10,13,16	pull di bad cause this else
POOL	1582	0.867874860	2,4,9,11,13,16	pull tip tek news us else
POOL	1583	0.867871144	2,8,11,13,16	paw t-back ons us else
POOL	1584	0.867866301	2,6,7,11,16	pooh t-top a cons self
POOL	1585	0.867860683	2,6,7,13,15,16	too tit a cons air fee
POOL	1586	0.867858425	6,7,11,13,16	petite a cars s else
POOL	1587	0.867849872	2,4,7,11,16	too see t-back cause self
POOL	1588	0.867792330	2,4,7,13,16	pull see bad kansas else
POOL	1589	0.867788428	2,4,7,13,16	push see bad kansas else
POOL	1590	0.867782544	2,4,7,13,15,16	pull tea bad cons air see
POOL	1591	0.867779292	2,4,7,13,15,16	push tea bad cons air see
POOL	1592	0.867776199	2,4,9,11,16	too t t-back news self
POOL	1593	0.867772539	2,6,8,11,13,16	pull tit dak ons us else
POOL	1594	0.867760081	2,4,7,13,15,16	paw tea bad cons air off
POOL	1595	0.867757986	2,4,7,11,16	paw see t-back cons self
POOL	1596	0.867749942	2,4,7,11,16	pull team t-back cons self
POOL	1597	0.867746040	2,4,7,11,16	push team t-back cons self
POOL	1598	0.867745265	3,7,11,13,15,16	book eat cons ass air off
POOL	1599	0.867742575	3,6,7,10,13,16	pushed eat a con thus else
POOL	1600	0.867730408	2,6,8,11,12,16	pooh tit ack ons a self
POOL	1601	0.867721142	4,6,7,11,16	potty tube a cons self
POOL	1602	0.867709653	2,6,7,13,15,16	too tit a cons ell see
POOL	1603	0.867708524	4,6,7,13,16	took too a conscious else
POOL	1604	0.867663983	4,6,7,11,16	pussy tub a khan's self
POOL	1605	0.867661048	2,5,9,11,12,16	too tit black news a self
POOL	1606	0.867660593	2,6,8,11,12,16	paw kit ack ons a self
POOL	1607	0.867658733	5,7,11,13,16	post-it bad cons ass else
POOL	1608	0.867649794	2,8,11,13,16	pull t-back r.'s us else
POOL	1609	0.867645892	2,8,11,13,16	push t-back r.'s us else
POOL	1610	0.867618620	2,4,7,11,16	too t t-back khan's self
POOL	1611	0.867607147	3,6,7,10,13,16	pushed eat a khan thus else
POOL	1612	0.867604570	3,6,7,10,13,16	took eat a con thus elf
POOL	1613	0.867578056	3,7,11,13,15,16	took eat cons ass air see
POOL	1614	0.867577005	2,4,9,11,16	too key t-back news self
POOL	1615	0.867575771	4,6,7,11,16	party top a cons self
POOL	1616	0.867566721	3,6,7,10,13,16	book eat a cause thus elf
POOL	1617	0.867546473	2,6,7,9,11,16	pull tipped a com news self
POOL	1618	0.867542756	2,7,11,12,16	took t-back cons a self
POOL	1619	0.867535920	4,6,7,11,16	pussy tab a cause self
POOL	1620	0.867513428	6,7,11,13,16	petite a khan's ash else
POOL	1621	0.867512366	4,6,7,11,16	putting tab a cons self
POOL	1622	0.867494596	2,4,7,9,12,16	pull tea bad car a self
POOL	1623	0.867492450	6,7,11,13,16	petite a cause s else
POOL	1624	0.867491371	4,6,7,13,16	book top a conscious else
POOL	1625	0.867491345	2,4,7,9,12,16	push tea bad car a self
POOL	1626	0.867469142	3,6,7,10,13,16	took eat a khan thus elf
POOL	1627	0.867436479	4,6,7,11,16	pussy tub a cars self
POOL	1628	0.867422567	2,5,7,11,13,16	pull tit bad cons us shell
POOL	1629	0.867419426	2,4,7,11,16	too key t-back khan's self
POOL	1630	0.867407962	2,6,7,11,16	too t-top an cons self
POOL	1631	0.867407962	2,6,7,11,16	too t-top as cons self
POOL	1632	0.867407962	2,6,7,11,16	too t-top at cons self
POOL	1633	0.867400928	3,4,7,11,12,16	took see teh cons a self
POOL	1634	0.867391116	2,4,7,11,16	too t t-back cars self
POOL	1635	0.867387503	2,4,7,11,16	too tea tuba cons self
POOL	1636	0.867352810	2,6,8,11,12,16	pull tit lack ons a self
POOL	1637	0.867350360	4,6,7,11,16	putty tab a cons self
POOL	1638	0.867349558	2,6,8,11,12,16	push tit lack ons a self
POOL	1639	0.867348331	2,4,9,11,16	pull see t-back news self
POOL	1640	0.867345905	2,6,8,11,12,16	pull tit at ons a self
POOL	1641	0.867344429	2,4,9,11,16	push see t-back news self
POOL	1642	0.867342653	2,6,8,11,12,16	push tit at ons a self
POOL	1643	0.867329832	2,5,9,11,12,16	pull tit beck news a self
POOL	1644	0.867326580	2,5,9,11,12,16	push tit beck news a self
POOL	1645	0.867319475	2,7,11,12,16	paw t-back khan's a self
POOL	1646	0.867294427	2,6,9,13,15,16	pull tit at thus al see
POOL	1647	0.867291175	2,6,9,13,15,16	push tit at thus al see
POOL	1648	0.867285924	6,7,11,13,16	petite a cars ash else
POOL	1649	0.867273482	4,6,7,11,16	potty top a cons self
POOL	1650	0.867260946	2,4,9,11,16	too tee t-back news self
POOL	1651	0.867252029	2,4,9,11,16	pull tea becca news self
POOL	1652	0.867248127	2,4,9,11,16	push tea becca news self
POOL	1653	0.867247552	2,4,7,9,12,16	too tea bad car a self
POOL	1654	0.867245253	2,5,9,11,12,16	paw tit black news a self
POOL	1655	0.867209960	2,6,8,11,12,16	took tit ack ons a self
POOL	1656	0.867201831	4,6,7,11,16	party too a cons self
POOL	1657	0.867194375	2,8,11,13,16	too t-back ons s else
POOL	1658	0.867181380	2,6,7,11,16	pull t-top yeah cons self
POOL	1659	0.867177478	2,6,7,11,16	push t-top yeah cons self
POOL	1660	0.867174557	2,6,7,11,16	took t-top a khan's self
POOL	1661	0.867167012	6,7,11,13,16	petite yeah cons ass else
POOL	1662	0.867150959	2,8,11,13,16	pull t-back ons a else
POOL	1663	0.867147057	2,8,11,13,16	push t-back ons a else
POOL	1664	0.867138442	3,7,11,13,15,16	took eat cons us al see
POOL	1665	0.867131403	3,6,7,10,13,16	book eat a con thus elf
POOL	1666	0.867129234	2,5,7,11,12,16	par tit bad cons a self
POOL	1667	0.867119705	2,4,7,13,15,16	paw tea bad cons air see
POOL	1668	0.867117431	4,6,7,13,16	book too a conscious else
POOL	1669	0.867107597	2,6,8,11,12,16	pull tit ask r.'s a self
POOL	1670	0.867107494	2,8,11,13,16	paw t-back ons ass else
POOL	1671	0.867105766	2,6,8,11,12,16	too tit lack ons a self
POOL	1672	0.867105134	2,4,7,9,12,16	pull tea bad ka a self
POOL	1673	0.867105081	3,4,7,11,12,16	took see bad cars a self
POOL	1674	0.867104889	3,7,11,13,15,16	book eat cons ass air see
POOL	1675	0.867104345	2,6,8,11,12,16	push tit ask r.'s a self
POOL	1676	0.867101883	2,4,7,9,12,16	push tea bad ka a self
POOL	1677	0.867098861	2,6,8,11,12,16	too tit at ons a self
POOL	1678	0.867091970	2,7,11,12,16	paw t-back cars a self
POOL	1679	0.867082788	2,5,9,11,12,16	too tit beck news a self
POOL	1680	0.867080553	2,4,9,13,16	paw tea t-back thus else
POOL	1681	0.867075424	2,4,9,13,16	paw tea t-back this else
POOL	1682	0.867070935	2,4,9,11,16	two tea t-back news self
POOL	1683	0.867070846	4,6,7,11,16	putting tube a khan's self
POOL	1684	0.867070504	4,6,7,11,16	pussy tub a cause self
POOL	1685	0.867063571	3,4,7,11,12,16	took eye bad cons a self
POOL	1686	0.867046950	4,6,7,11,16	putting tub a cons self
POOL	1687	0.867022369	3,7,11,13,15,16	took eat khan's us air see
POOL	1688	0.867011759	2,6,7,9,11,16	pull tit a coo news self
POOL	1689	0.867002635	3,4,7,11,12,16	push see bad cons a self
POOL	1690	0.866996152	1,2,6,7,11,16	up oh tit gang cons self
POOL	1691	0.866974103	2,4,7,9,13,16	pull tea bad hah this else
POOL	1692	0.866952044	2,4,7,13,15,16	pull tea bad cons al if
POOL	1693	0.866951663	2,7,11,12,16	book t-back cons a self
POOL	1694	0.866948793	2,4,7,13,15,16	push tea bad cons al if
POOL	1695	0.866947053	2,6,7,11,16	took t-top a cars self
POOL	1696	0.866927761	3,4,7,11,12,16	book see teh cons a self
POOL	1697	0.866919949	6,7,11,13,16	petite a cause ash else
POOL	1698	0.866914713	2,4,8,11,16	too tea t-back ons self
POOL	1699	0.866908840	4,6,7,11,16	putty tube a khan's self
POOL	1700	0.866899542	4,6,7,11,16	potty too a cons self
POOL	1701	0.866886144	2,8,11,13,16	pull t-back r.'s ass else
POOL	1702	0.866884944	4,6,7,11,16	putty tub a cons self
POOL	1703	0.866883023	2,4,7,13,15,16	pull tea bad cons well if
POOL	1704	0.866882242	2,8,11,13,16	push t-back r.'s ass else
POOL	1705	0.866879772	2,4,7,13,15,16	push tea bad cons well if
POOL	1706	0.866860553	2,6,8,11,12,16	too tit ask r.'s a self
POOL	1707	0.866858091	2,4,7,9,12,16	too tea bad ka a self
POOL	1708	0.866855346	2,7,11,12,16	poo t-back cons a self
POOL	1709	0.866847018	2,6,8,11,12,16	pull tit act r.'s a self
POOL	1710	0.866845380	2,4,9,11,16	too team t-back news self
POOL	1711	0.866843766	2,6,8,11,12,16	push tit act r.'s a self
POOL	1712	0.866843341	4,6,7,11,16	putting tube a cars self
POOL	1713	0.866841788	2,4,9,13,16	too see t-back thus else
POOL	1714	0.866836660	2,4,9,13,16	too see t-back this else
POOL	1715	0.866836311	1,2,6,7,11,16	up tho tit a cons self
POOL	1716	0.866835972	2,4,7,13,15,16	pull tea bad khan's air if
POOL	1717	0.866832721	2,4,7,13,15,16	push tea bad khan's air if
POOL	1718	0.866797735	2,6,8,11,12,16	poe tit ack ons a self
POOL	1719	0.866748236	2,4,9,11,16	took tea t-back news self
POOL	1720	0.866745486	2,4,9,13,16	too tea becca thus else
POOL	1721	0.866740357	2,4,9,13,16	too tea becca this else
POOL	1722	0.866725995	2,7,11,12,16	paw t-back cause a self
POOL	1723	0.866705001	2,4,7,13,15,16	too tea bad cons al if
POOL	1724	0.866701995	2,6,7,11,16	pull t-top a comes self
POOL	1725	0.866698093	2,6,7,11,16	push t-top a comes self
POOL	1726	0.866689971	2,6,8,11,12,16	paw tit lack ons a self
POOL	1727	0.866687627	6,7,11,13,16	petite a comes ass else
POOL	1728	0.866683066	2,6,8,11,12,16	paw tit at ons a self
POOL	1729	0.866681335	4,6,7,11,16	putty tube a cars self
POOL	1730	0.866673615	2,6,8,11,12,16	poo tit ask ons a self
POOL	1731	0.866666993	2,5,9,11,12,16	paw tit beck news a self
POOL	1732	0.866660546	2,6,8,11,12,16	pull tip ack ons a self
POOL	1733	0.866657295	2,6,8,11,12,16	push tip ack ons a self
POOL	1734	0.866656903	4,6,7,13,16	took tab a conscious else
POOL	1735	0.866649933	6,7,11,13,16	petite a khan's ass elf
POOL	1736	0.866631915	3,4,7,11,12,16	book see bad cars a self
POOL	1737	0.866623186	4,6,7,11,16	putting top a khan's self
POOL	1738	0.866621874	2,8,11,13,16	too t-back ons ash else
POOL	1739	0.866610042	2,4,7,13,15,16	pull tea bad cons al off
POOL	1740	0.866606791	2,4,7,13,15,16	push tea bad cons al off
POOL	1741	0.866599974	2,6,8,11,12,16	too tit act r.'s a self
POOL	1742	0.866590404	3,4,7,11,12,16	book eye bad cons a self
POOL	1743	0.866583464	2,6,7,11,16	book t-top a khan's self
POOL	1744	0.866581087	2,6,7,11,15,16	toe tit a cons sell if
POOL	1745	0.866581078	2,6,7,11,16	took t-top a cause self
POOL	1746	0.866551350	2,4,9,11,16	too tea t-back new self
POOL	1747	0.866541021	2,4,7,13,15,16	pull tea bad cons well off
POOL	1748	0.866537770	2,4,7,13,15,16	push tea bad cons well off
POOL	1749	0.866523600	2,4,9,11,16	pull t t-back news self
POOL	1750	0.866522028	2,8,11,13,16	too t-back ons us elf
POOL	1751	0.866519699	2,4,9,11,16	push t t-back news self
POOL	1752	0.866495478	3,4,7,11,12,16	took see tell cons a self
POOL	1753	0.866493970	2,4,7,13,15,16	pull tea bad khan's air off
POOL	1754	0.866490719	2,4,7,13,15,16	push tea bad khan's air off
POOL	1755	0.866487147	2,6,7,11,16	poo t-top a khan's self
POOL	1756	0.866486984	2,6,8,11,12,16	pull kit ask ons a self
POOL	1757	0.866483733	2,6,8,11,12,16	push kit ask ons a self
POOL	1758	0.866477366	4,6,7,11,16	putting tube a cause self
POOL	1759	0.866476761	2,6,9,11,13,16	pull kick at news us else
POOL	1760	0.866470799	2,4,7,13,15,16	pull tea bad cons el if
POOL	1761	0.866467548	2,4,7,13,15,16	push tea bad cons el if
POOL	1762	0.866461714	2,4,9,13,16	too tea t-back nash else
POOL	1763	0.866461180	4,6,7,11,16	putty top a khan's self
POOL	1764	0.866444758	2,6,8,11,12,16	paw tit ask r.'s a self
POOL	1765	0.866436451	2,5,9,11,12,16	pull tit bat news a self
POOL	1766	0.866434701	2,8,11,13,16	too t-back r.'s a else
POOL	1767	0.866433199	2,5,9,11,12,16	push tit bat news a self
POOL	1768	0.866422428	6,7,11,13,16	petite a cars ass elf
POOL	1769	0.866413503	2,6,8,11,12,16	too tip ack ons a self
POOL	1770	0.866413037	2,6,8,11,12,16	poo tit act ons a self
POOL	1771	0.866395682	4,6,7,11,16	putting top a cars self
POOL	1772	0.866371753	2,6,8,11,12,16	pull shit ack ons a self
POOL	1773	0.866368501	2,6,8,11,12,16	push shit ack ons a self
POOL	1774	0.866365144	4,7,11,13,15,16	taught bad cons us air if
POOL	1775	0.866362999	2,4,7,13,15,16	too tea bad cons al off
POOL	1776	0.866355960	2,6,7,11,16	book t-top a cars self
POOL	1777	0.866324406	2,4,9,11,16	pull key t-back news self
POOL	1778	0.866323389	2,6,8,11,13,16	pu tit at ons us else
POOL	1779	0.866320504	2,4,9,11,16	push key t-back news self
POOL	1780	0.866315360	4,6,7,11,16	putty tube a cause self
POOL	1781	0.866291733	2,5,7,9,13,16	pull tit bad car mass else
POOL	1782	0.866290631	4,6,7,13,16	took tube a kansas else
POOL	1783	0.866289206	2,4,7,13,15,16	paw tea bad cons al if
POOL	1784	0.866284654	1,4,7,11,13,16	up tea ta cons us else
POOL	1785	0.866275261	2,6,7,11,16	too t-top a con self
POOL	1786	0.866259642	2,6,7,11,16	poo t-top a cars self
POOL	1787	0.866249246	4,6,7,11,16	putting too a khan's self
POOL	1788	0.866239941	2,6,8,11,12,16	too kit ask ons a self
POOL	1789	0.866226405	2,6,8,11,12,16	pull kit act ons a self
POOL	1790	0.866223154	2,6,8,11,12,16	push kit act ons a self
POOL	1791	0.866202783	3,4,7,11,12,16	pushed see bad khan's a self
POOL	1792	0.866191487	4,6,7,13,16	took tub a conscious else
POOL	1793	0.866189407	2,5,9,11,12,16	too tit bat news a self
POOL	1794	0.866184179	2,6,8,11,12,16	paw tit act r.'s a self
POOL	1795	0.866166062	2,4,9,11,16	to tea t-back news self
POOL	1796	0.866157143	2,4,9,11,16	book tea t-back news self
POOL	1797	0.866155363	2,6,7,11,16	pull t-top an cons self
POOL	1798	0.866155363	2,6,7,11,16	pull t-top as cons self
POOL	1799	0.866155363	2,6,7,11,16	pull t-top at cons self
POOL	1800	0.866155320	4,7,11,12,16	pussy bad khan's a self
POOL	1801	0.866154022	2,4,6,7,11,16	pao tea tube a cons sal
POOL	1802	0.866151461	2,6,7,11,16	push t-top an cons self
POOL	1803	0.866151461	2,6,7,11,16	push t-top as cons self
POOL	1804	0.866151461	2,6,7,11,16	push t-top at cons self
POOL	1805	0.866140994	6,7,11,13,16	petite an cons ass else
POOL	1806	0.866140994	6,7,11,13,16	petite as cons ass else
POOL	1807	0.866140994	6,7,11,13,16	petite at cons ass else
POOL	1808	0.866137513	2,6,7,9,11,16	pull tit a car nam self
POOL	1809	0.866124709	2,6,8,11,12,16	too shit ack ons a self
POOL	1810	0.866123019	3,4,7,11,12,16	took see bad cause a self
POOL	1811	0.866119239	2,6,7,11,16	too t-top yeah khan's self
POOL	1812	0.866107643	5,7,11,13,16	post-it bad khan's us else
POOL	1813	0.866071390	2,5,7,13,16	too tit bad conscious else
POOL	1814	0.866067538	2,5,11,13,16	too tit batons us else
POOL	1815	0.866065810	4,6,7,13,16	book tab a conscious else
POOL	1816	0.866060826	2,4,9,11,16	poo tea t-back news self
POOL	1817	0.866056453	6,7,11,13,16	petite a cause ass elf
POOL	1818	0.866051448	6,7,11,13,16	petite a cons s elf
POOL	1819	0.866036546	2,5,7,10,13,16	pull tit bed cause this else
POOL	1820	0.866022311	3,4,7,11,12,16	book see tell cons a self
POOL	1821	0.866017057	2,4,9,13,16	too t t-back thus else
POOL	1822	0.866011929	2,4,9,13,16	too t t-back this else
POOL	1823	0.866008347	2,4,9,11,16	pull tee t-back news self
POOL	1824	0.866008053	2,7,11,12,16	too t-back comes a self
POOL	1825	0.866004445	2,4,9,11,16	push tee t-back news self
POOL	1826	0.865997708	2,6,8,11,12,16	paw tip ack ons a self
POOL	1827	0.865979362	2,6,8,11,12,16	too kit act ons a self
POOL	1828	0.865978434	2,6,7,9,13,16	pull treat a car this else
POOL	1829	0.865954691	5,7,11,13,16	post-it bad cons a else
POOL	1830	0.865947692	2,4,6,13,16	too tea tube conscious else
POOL	1831	0.865941776	2,8,11,13,16	pull t-back ons s else
POOL	1832	0.865939079	2,6,11,12,13,16	pull tint cons a see else
POOL	1833	0.865937874	2,8,11,13,16	push t-back ons s else
POOL	1834	0.865933056	1,4,7,11,13,16	up tic bad cons us else
POOL	1835	0.865927815	4,7,11,12,16	pussy bad cars a self
POOL	1836	0.865919760	2,7,11,12,16	pooh t-back cons a self
POOL	1837	0.865902287	2,8,11,13,16	paw t-back r.'s us else
POOL	1838	0.865893960	2,6,8,11,12,16	pooh tit ask ons a self
POOL	1839	0.865891735	2,6,7,11,16	too t-top yeah cars self
POOL	1840	0.865880138	5,7,11,13,16	post-it bad cars us else
POOL	1841	0.865854505	2,6,7,9,13,16	pull pitt a car vas else
POOL	1842	0.865842971	4,6,7,13,16	took top a kansas else
POOL	1843	0.865817863	2,4,9,13,16	too key t-back thus else
POOL	1844	0.865816827	2,5,9,11,12,16	pull tit pack news a self
POOL	1845	0.865813575	2,5,9,11,12,16	push tit pack news a self
POOL	1846	0.865812734	2,4,9,13,16	too key t-back this else
POOL	1847	0.865779685	2,8,11,13,16	took t-back ons us else
POOL	1848	0.865773612	2,5,9,11,12,16	paw tit bat news a self
POOL	1849	0.865772448	2,5,9,11,12,16	pull tit bank news a self
POOL	1850	0.865769196	2,5,9,11,12,16	push tit bank news a self
POOL	1851	0.865758378	2,8,11,13,16	too t-back ons ass elf
POOL	1852	0.865731437	2,4,9,13,16	too tea t-back thus elf
POOL	1853	0.865726308	2,4,9,13,16	too tea t-back this elf
POOL	1854	0.865721930	4,6,7,11,13,16	puss tube m. cons us else
POOL	1855	0.865699538	4,6,7,13,16	book tube a kansas else
POOL	1856	0.865694726	6,7,11,13,16	petite a cons ass self
POOL	1857	0.865684909	6,7,11,13,16	petite add cons us else
POOL	1858	0.865662114	2,4,8,11,16	pull tea t-back ons self
POOL	1859	0.865658212	2,4,8,11,16	push tea t-back ons self
POOL	1860	0.865654402	2,4,6,11,13,16	pull teh tube calms us else
POOL	1861	0.865649852	3,4,7,11,12,16	book see bad cause a self
POOL	1862	0.865632001	6,7,11,13,16	petite a cons ashe else
POOL	1863	0.865615922	6,7,11,13,16	petite yeah khan's us else
POOL	1864	0.865600825	2,4,9,11,16	paw see t-back news self
POOL	1865	0.865600394	4,6,7,13,16	book tub a conscious else
POOL	1866	0.865592781	2,4,9,11,16	pull team t-back news self
POOL	1867	0.865589189	2,4,9,13,16	pull see t-back thus else
POOL	1868	0.865588879	2,4,9,11,16	push team t-back news self
POOL	1869	0.865585287	2,4,9,13,16	push see t-back thus else
POOL	1870	0.865584060	2,4,9,13,16	pull see t-back this else
POOL	1871	0.865580159	2,4,9,13,16	push see t-back this else
POOL	1872	0.865569783	2,5,9,11,12,16	too tit pack news a self
POOL	1873	0.865561840	4,7,11,12,16	pussy bad cause a self
POOL	1874	0.865538286	4,7,11,12,16	putting bad cons a self
POOL	1875	0.865525404	2,5,9,11,12,16	too tit bank news a self
POOL	1876	0.865514163	5,7,11,13,16	post-it bad cause us else
POOL	1877	0.865501804	2,4,9,13,16	too tee t-back thus else
POOL	1878	0.865500033	2,4,6,13,16	too tea top conscious else
POOL	1879	0.865496676	2,4,9,13,16	too tee t-back this else
POOL	1880	0.865492887	2,4,9,13,16	pull tea becca thus else
POOL	1881	0.865488985	2,4,9,13,16	push tea becca thus else
POOL	1882	0.865487758	2,4,9,13,16	pull tea becca this else
POOL	1883	0.865483856	2,4,9,13,16	push tea becca this else
POOL	1884	0.865479532	2,4,7,11,15,16	pull tea bad cons sell f.'s
POOL	1885	0.865478947	6,7,11,13,16	petite a cons ash elf
POOL	1886	0.865471978	3,4,7,11,12,16	took see teh khan's a self
POOL	1887	0.865469031	4,6,7,13,16	took too a kansas else
POOL	1888	0.865462970	6,7,11,13,16	petite yeah cons a else
POOL	1889	0.865408167	2,5,9,11,12,16	poo tit bak news a self
POOL	1890	0.865403452	2,8,11,13,16	paw t-back ons a else
POOL	1891	0.865391828	2,6,7,11,15,16	pull pic a cons sell if
POOL	1892	0.865388417	6,7,11,13,16	petite yeah cars us else
POOL	1893	0.865376280	4,7,11,12,16	putty bad cons a self
POOL	1894	0.865371138	1,2,6,11,13,16	rap oh tit cons us else
POOL	1895	0.865369275	2,8,11,13,16	pull t-back ons ash else
POOL	1896	0.865365373	2,8,11,13,16	push t-back ons ash else
POOL	1897	0.865343993	5,7,11,13,16	post-it bad khan's ass else
POOL	1898	0.865338734	2,8,11,13,16	two t-back ons ass else
POOL	1899	0.865334728	3,4,7,11,12,16	took ill bad cons a self
POOL	1900	0.865311793	2,4,9,13,16	two tea t-back thus else
POOL	1901	0.865303889	2,5,11,13,16	too tit batons ass else
POOL	1902	0.865269429	2,8,11,13,16	pull t-back ons us elf
POOL	1903	0.865265527	2,8,11,13,16	push t-back ons us elf
POOL	1904	0.865253277	3,6,8,11,13,16	took eat at ons ass else
POOL	1905	0.865251878	4,6,7,13,16	book top a kansas else
POOL	1906	0.865228016	2,7,11,12,16	took t-back khan's a self
POOL	1907	0.865225518	2,8,11,13,16	too t-back r.'s s else
POOL	1908	0.865221536	2,5,9,11,12,16	pull kit bak news a self
POOL	1909	0.865221363	2,6,7,10,13,16	pull chit a cause this else
POOL	1910	0.865218285	2,5,9,11,12,16	push kit bak news a self
POOL	1911	0.865213637	4,6,11,13,16	pussy tube cons us else
POOL	1912	0.865209115	2,4,9,13,16	pull tea t-back nash else
POOL	1913	0.865205213	2,4,9,13,16	push tea t-back nash else
POOL	1914	0.865188592	2,8,11,13,16	book t-back ons us else
POOL	1915	0.865182102	2,8,11,13,16	pull t-back r.'s a else
POOL	1916	0.865178200	2,8,11,13,16	push t-back r.'s a else
POOL	1917	0.865157377	4,6,7,13,16	boy tube a conscious else
POOL	1918	0.865138637	2,8,11,13,16	paw t-back r.'s ass else
POOL	1919	0.865134620	3,4,7,11,12,16	took eye bad khan's a self
POOL	1920	0.865126092	2,4,6,13,16	too tea too conscious else
POOL	1921	0.865119924	2,6,8,11,13,16	pull tit at ons des else
POOL	1922	0.865116489	5,7,11,13,16	post-it bad cars ass else
POOL	1923	0.865092275	2,8,11,13,16	poo t-back ons us else
POOL	1924	0.865086238	2,4,9,13,16	too team t-back thus else
POOL	1925	0.865081110	2,4,9,13,16	too team t-back this else
POOL	1926	0.865073685	3,4,7,11,12,16	push see bad khan's a self
POOL	1927	0.865022442	6,7,11,13,16	petite yeah cause us else
POOL	1928	0.865018291	2,4,7,11,12,16	pull tea bad cons key self
POOL	1929	0.865016035	2,8,11,13,16	took t-back ons ass else
POOL	1930	0.865008294	6,7,11,13,16	petite a con ass else
POOL	1931	0.865000911	4,6,7,10,13,16	foot tube a cause this else
POOL	1932	0.865000512	2,7,11,12,16	took t-back cars a self
POOL	1933	0.864998811	3,4,7,11,12,16	book see teh khan's a self
POOL	1934	0.864989094	2,4,9,13,16	took tea t-back thus else
POOL	1935	0.864983966	2,4,9,13,16	took tea t-back this else
POOL	1936	0.864945856	2,4,8,11,16	too tea t-back r.'s self
POOL	1937	0.864924680	2,4,6,7,11,16	pull kay deb a cons self
POOL	1938	0.864921259	6,7,11,13,16	petite add cons ass else
POOL	1939	0.864918104	6,7,11,13,16	petite ass cons us else
POOL	1940	0.864910487	2,4,7,11,12,16	pull tea tad carr a self
POOL	1941	0.864902793	3,4,7,11,12,16	pushed see teh cons a self
POOL	1942	0.864877938	4,6,7,13,16	book too a kansas else
POOL	1943	0.864861561	3,4,7,11,12,16	book ill bad cons a self
POOL	1944	0.864852272	6,7,11,13,16	petite yeah khan's ass else
POOL	1945	0.864850818	4,9,11,13,16	took t-back news a else
POOL	1946	0.864845780	6,7,11,13,16	petite a khan ass else
POOL	1947	0.864818791	2,5,7,13,16	pull tit bad conscious else
POOL	1948	0.864814939	2,5,11,13,16	pull tit batons us else
POOL	1949	0.864814889	2,5,7,13,16	push tit bad conscious else
POOL	1950	0.864811038	2,5,11,13,16	push tit batons us else
POOL	1951	0.864780110	3,6,8,11,13,16	book eat at ons ass else
POOL	1952	0.864769561	3,4,9,11,13,16	took a tech news ass else
POOL	1953	0.864765978	4,6,11,13,16	pussy top cons us else
POOL	1954	0.864764458	2,4,9,13,16	pull t t-back thus else
POOL	1955	0.864763267	2,4,7,11,13,16	pull tea bad cons us there
POOL	1956	0.864760557	2,4,9,13,16	push t t-back thus else
POOL	1957	0.864759329	2,4,9,13,16	pull t t-back this else
POOL	1958	0.864757694	6,7,11,13,16	petite a car ass else
POOL	1959	0.864755454	2,7,11,12,16	pull t-back comes a self
POOL	1960	0.864755428	2,4,9,13,16	push t t-back this else
POOL	1961	0.864751552	2,7,11,12,16	push t-back comes a self
POOL	1962	0.864750514	5,7,11,13,16	post-it bad cause ass else
POOL	1963	0.864745509	5,7,11,13,16	post-it bad cons s else
POOL	1964	0.864709717	4,6,7,13,16	boy top a conscious else
POOL	1965	0.864706110	4,6,7,13,16	pushed tube a conscious else
POOL	1966	0.864695093	2,4,6,13,16	pull tea tube conscious else
POOL	1967	0.864691191	2,4,6,13,16	push tea tube conscious else
POOL	1968	0.864655708	2,6,7,11,15,16	book pick a cons sell if
POOL	1969	0.864653017	2,8,11,13,16	too t-back r.'s ash else
POOL	1970	0.864646556	2,4,6,7,11,16	pull tea kid el cons self
POOL	1971	0.864636923	2,7,11,12,16	book t-back khan's a self
POOL	1972	0.864634537	2,7,11,12,16	took t-back cause a self
POOL	1973	0.864624768	6,7,11,13,16	petite yeah cars ass else
POOL	1974	0.864611999	4,7,9,11,13,16	poi bell car news us else
POOL	1975	0.864586440	2,4,6,11,13,16	pull thai tube cons mass else
POOL	1976	0.864583583	2,6,11,13,15,16	pull tit cons us air fought
POOL	1977	0.864553171	2,8,11,13,16	too t-back r.'s us elf
POOL	1978	0.864540606	2,7,11,12,16	poo t-back khan's a self
POOL	1979	0.864505779	2,8,11,13,16	pull t-back ons ass elf
POOL	1980	0.864501877	2,8,11,13,16	push t-back ons ass elf
POOL	1981	0.864449988	4,6,11,13,16	pussy tube cons ass else
POOL	1982	0.864447813	2,5,7,11,12,16	pull tap bad cons a self
POOL	1983	0.864433861	2,8,11,13,16	to t-back ons ass else
POOL	1984	0.864424942	2,8,11,13,16	book t-back ons ass else
POOL	1985	0.864417411	4,6,7,13,16	took tab a kansas else
POOL	1986	0.864409419	2,7,11,12,16	book t-back cars a self
POOL	1987	0.864392038	4,6,11,13,16	pussy too cons us else
POOL	1988	0.864366116	2,5,7,11,12,16	pull tit deck cons a self
POOL	1989	0.864338139	2,5,7,11,13,16	pull tit bear dons us else
POOL	1990	0.864335777	4,6,7,13,16	boy too a conscious else
POOL	1991	0.864328720	2,7,11,12,16	too t-back con a self
POOL	1992	0.864328625	2,8,11,13,16	poo t-back ons ass else
POOL	1993	0.864320973	4,7,11,12,16	pussy tell cons a self
POOL	1994	0.864313101	2,7,11,12,16	poo t-back cars a self
POOL	1995	0.864296394	3,4,9,11,13,16	book a tech news ass else
POOL	1996	0.864259725	4,9,11,13,16	book t-back news a else
POOL	1997	0.864258793	6,7,11,13,16	petite yeah cause ass else
POOL	1998	0.864258451	4,6,7,13,16	pushed top a conscious else
POOL	1999	0.864253787	6,7,11,13,16	petite yeah cons s else
POOL	2000	0.864247433	2,4,6,13,16	pull tea top conscious else
POOL	2001	0.864243532	2,4,6,13,16	push tea top conscious else
POOL	2002	0.864194270	2,8,11,13,16	paw t-back ons s else
POOL	2003	0.864180901	4,6,7,13,16	took tube a conscious elf
POOL	2004	0.864176131	4,7,11,12,16	party bad cons a self
POOL	2005	0.864173007	5,7,11,13,16	post-it bad cons ash else
POOL	2006	0.864166206	2,7,11,12,16	too t-back khan a self
POOL	2007	0.864156689	2,8,11,13,16	pooh t-back ons us else
POOL	2008	0.864154454	6,7,11,13,16	petite ass cons ass else
POOL	2009	0.864078120	2,7,11,12,16	too t-back car a self
POOL	2010	0.864074472	2,4,6,13,16	too tea tab conscious else
POOL	2011	0.864073161	5,7,11,13,16	post-it bad cons us elf
POOL	2012	0.864054336	2,8,11,13,16	too t-back ons a elf
POOL	2013	0.864051289	2,5,11,13,16	pull tit batons ass else
POOL	2014	0.864047388	2,5,11,13,16	push tit batons ass else
POOL	2015	0.864043444	2,7,11,12,16	book t-back cause a self
POOL	2016	0.864002328	4,6,11,13,16	pussy top cons ass else
POOL	2017	0.863985608	2,6,7,13,16	pool tit a conscious else
POOL	2018	0.863983337	4,9,11,13,16	took becca news us else
POOL	2019	0.863980233	3,4,6,7,11,16	took ain tube a cons self
POOL	2020	0.863972919	2,8,11,13,16	pull t-back r.'s s else
POOL	2021	0.863969018	2,8,11,13,16	push t-back r.'s s else
POOL	2022	0.863952774	2,4,7,11,13,16	pull dear duh cons us else
POOL	2023	0.863951995	4,6,7,13,16	took tub a kansas else
POOL	2024	0.863947126	2,7,11,12,16	poo t-back cause a self
POOL	2025	0.863945764	4,9,11,13,16	boy t-back news us else
POOL	2026	0.863914607	2,4,8,11,16	paw tea t-back ons self
POOL	2027	0.863884511	4,6,7,13,16	pushed too a conscious else
POOL	2028	0.863873842	4,7,11,12,16	potty bad cons a self
POOL	2029	0.863873493	2,4,6,13,16	pull tea too conscious else
POOL	2030	0.863871186	2,6,7,9,13,16	pull tit a da this else
POOL	2031	0.863869592	2,4,6,13,16	push tea too conscious else
POOL	2032	0.863831897	2,5,7,13,16	too tit bad kansas else
POOL	2033	0.863826318	4,6,7,13,16	book tab a kansas else
POOL	2034	0.863826254	6,7,11,13,16	petite an khan's ass else
POOL	2035	0.863826254	6,7,11,13,16	petite as khan's ass else
POOL	2036	0.863826254	6,7,11,13,16	petite at khan's ass else
POOL	2037	0.863810828	2,8,11,13,16	took t-back r.'s us else
POOL	2038	0.863789521	2,8,11,13,16	too t-back r.'s ass elf
POOL	2039	0.863783563	3,6,7,9,13,16	took eat a car nath else
POOL	2040	0.863774402	6,7,11,13,16	petite a comes s else
POOL	2041	0.863742421	3,4,9,11,13,16	took a tack news ass else
POOL	2042	0.863737734	2,6,7,11,13,16	pull tec em cons us else
POOL	2043	0.863733242	4,6,7,13,16	took top a conscious elf
POOL	2044	0.863708200	2,4,6,13,16	too tea tube kansas else
POOL	2045	0.863693257	2,4,8,11,16	pull tea t-back r.'s self
POOL	2046	0.863689355	2,4,8,11,16	push tea t-back r.'s self
POOL	2047	0.863675842	2,4,8,11,16	too see t-back ons self
POOL	2048	0.863649049	2,6,7,9,12,16	pull tit a car a self
POOL	2049	0.863641635	4,9,11,13,16	took t-back news s else
POOL	2050	0.863640794	2,4,6,11,13,16	pull tea tube cons us valve
POOL	2051	0.863640620	2,6,9,11,13,16	pull tit at news fuss else
POOL	2052	0.863639951	5,7,11,13,16	post-it bad khan's a else
POOL	2053	0.863632299	3,6,7,13,16	took eat a conscious else
POOL	2054	0.863628388	4,6,11,13,16	pussy too cons ass else
POOL	2055	0.863609056	2,4,6,13,16	too tea tub conscious else
POOL	2056	0.863605020	2,7,11,12,16	pooh t-back khan's a self
POOL	2057	0.863599847	2,5,11,13,16	too tit batons a else
POOL	2058	0.863595212	2,6,7,11,13,16	pugh tit a cons east else
POOL	2059	0.863589808	4,6,7,13,16	book tube a conscious elf
POOL	2060	0.863568480	1,4,7,11,16	up tea t-back cons self
POOL	2061	0.863564352	2,6,7,13,16	too tweet a conscious else
POOL	2062	0.863545336	4,7,11,13,16	pussy tan cons us else
POOL	2063	0.863521922	2,8,11,13,16	paw t-back ons us elf
POOL	2064	0.863494497	4,9,11,13,16	pushed t-back news us else
POOL	2065	0.863455408	2,4,7,11,12,16	tur tell bad cons a self
POOL	2066	0.863412447	5,7,11,13,16	post-it bad cars a else
POOL	2067	0.863392244	4,9,11,13,16	book becca news us else
POOL	2068	0.863377515	2,7,11,12,16	pooh t-back cars a self
POOL	2069	0.863360902	4,6,7,13,16	book tub a kansas else
POOL	2070	0.863359302	4,6,7,13,16	took too a conscious elf
POOL	2071	0.863340418	4,6,11,13,16	pussy tab cons us else
POOL	2072	0.863309511	5,7,11,13,16	post-it bad cons ass elf
POOL	2073	0.863294929	2,7,9,13,16	too t-back car thus else
POOL	2074	0.863289800	2,7,9,13,16	too t-back car this else
POOL	2075	0.863284157	4,6,7,13,16	boy tab a conscious else
POOL	2076	0.863268609	4,6,8,11,12,16	took tube ack ons a self
POOL	2077	0.863260540	2,4,6,13,16	too tea top kansas else
POOL	2078	0.863236519	2,6,8,11,13,16	pull teach at ons us else
POOL	2079	0.863225583	5,7,11,13,16	petite bad cons us else
POOL	2080	0.863223546	4,7,11,12,16	putting bad khan's a self
POOL	2081	0.863219687	4,9,11,13,16	took becca news ass else
POOL	2082	0.863182114	4,9,11,13,16	boy t-back news ass else
POOL	2083	0.863153198	2,6,7,11,14,16	pull tit a cons xi laugh
POOL	2084	0.863142149	4,6,7,13,16	book top a conscious elf
POOL	2085	0.863118377	2,4,6,11,16	too tea tube axons self
POOL	2086	0.863098256	2,5,7,13,16	too kit bad conscious else
POOL	2087	0.863094404	2,5,11,13,16	too kit batons us else
POOL	2088	0.863076120	2,7,11,12,16	pull t-back con a self
POOL	2089	0.863072219	2,7,11,12,16	push t-back con a self
POOL	2090	0.863071284	2,5,7,13,16	paw tit bad conscious else
POOL	2091	0.863069134	4,9,11,13,16	took t-back news ash else
POOL	2092	0.863067433	2,5,11,13,16	paw tit batons us else
POOL	2093	0.863061540	4,7,11,12,16	putty bad khan's a self
POOL	2094	0.863052024	2,5,9,11,13,16	pull tit banc news us else
POOL	2095	0.863050542	4,9,11,13,16	book t-back news s else
POOL	2096	0.863046472	5,7,11,13,16	post-it bad cause a else
POOL	2097	0.863041206	3,6,7,13,16	book eat a conscious else
POOL	2098	0.863037944	3,6,7,11,13,16	took eat a tom's us else
POOL	2099	0.863015576	2,6,7,9,11,16	pull tit a car news seth
POOL	2100	0.863011540	2,7,11,12,16	pooh t-back cause a self
POOL	2101	0.863007947	2,7,11,12,16	paw t-back comes a self
POOL	2102	0.862996042	4,7,11,12,16	putting bad cars a self
POOL	2103	0.862990425	2,6,7,13,15,16	pull tit a khan's air if
POOL	2104	0.862979869	4,7,9,13,15,16	book bad ka thus air if
POOL	2105	0.862969288	4,9,11,13,16	took t-back news us elf
POOL	2106	0.862947586	2,4,6,13,16	paw tea tube conscious else
POOL	2107	0.862940731	2,6,8,9,13,16	pull tit at ahh this else
POOL	2108	0.862938311	3,6,8,11,13,16	took eat ack ons us else
POOL	2109	0.862928864	2,7,11,12,16	too t-back cons a health
POOL	2110	0.862917884	4,6,7,13,16	boy tube a kansas else
POOL	2111	0.862913607	2,7,11,12,16	pull t-back khan a self
POOL	2112	0.862909705	2,7,11,12,16	push t-back khan a self
POOL	2113	0.862909311	2,6,7,11,13,16	boe tit mass cons us else
POOL	2114	0.862907513	4,7,11,12,16	pussy teh cons a self
POOL	2115	0.862898897	4,6,11,13,16	pussy tube khan's us else
POOL	2116	0.862886600	2,4,6,13,16	too tea too kansas else
POOL	2117	0.862875001	4,6,11,13,16	pussy tub cons us else
POOL	2118	0.862851112	2,4,8,11,16	too t t-back ons self
POOL	2119	0.862835386	2,4,8,11,13,16	pull tip deck ons us else
POOL	2120	0.862834035	4,7,11,12,16	putty bad cars a self
POOL	2121	0.862832891	4,6,7,13,16	pushed tab a conscious else
POOL	2122	0.862825521	2,7,11,12,16	pull t-back car a self
POOL	2123	0.862821873	2,4,6,13,16	pull tea tab conscious else
POOL	2124	0.862821619	2,7,11,12,16	push t-back car a self
POOL	2125	0.862818741	4,6,7,13,16	boy tub a conscious else
POOL	2126	0.862817971	2,4,6,13,16	push tea tab conscious else
POOL	2127	0.862795442	4,6,8,11,12,16	book tube ack ons a self
POOL	2128	0.862777398	2,6,7,10,12,16	pull tit yeah cause a self
POOL	2129	0.862774146	2,6,7,10,12,16	push tit yeah cause a self
POOL	2130	0.862768209	4,6,7,13,16	book too a conscious elf
POOL	2131	0.862764426	2,4,6,11,16	too tea tube icons self
POOL	2132	0.862755596	3,6,8,11,13,16	took eat at ons s else
POOL	2133	0.862755141	3,6,8,11,13,16	pushed eat at ons ass else
POOL	2134	0.862751553	2,6,11,12,13,16	boe tit cons a see else
POOL	2135	0.862745946	4,6,11,13,16	pussy tube cons a else
POOL	2136	0.862730847	4,9,11,13,16	pushed t-back news ass else
POOL	2137	0.862708821	2,4,6,13,16	too see tube conscious else
POOL	2138	0.862682714	3,7,11,12,13,16	took eat cons a see else
POOL	2139	0.862671393	4,6,11,13,16	pussy tube cars us else
POOL	2140	0.862670718	2,4,6,11,16	too tea top axons self
POOL	2141	0.862651917	2,4,8,11,16	too key t-back ons self
POOL	2142	0.862637867	4,7,9,13,15,16	book bad ka thus air off
POOL	2143	0.862630067	4,7,11,12,16	putting bad cause a self
POOL	2144	0.862628594	4,9,11,13,16	book becca news ass else
POOL	2145	0.862617137	3,6,8,11,13,16	took eat at ons ass elf
POOL	2146	0.862595558	3,6,8,11,13,16	took eat at ons ash else
POOL	2147	0.862595129	2,6,11,13,15,16	pull tit cons ann air if
POOL	2148	0.862579298	2,5,7,13,16	pull tit bad kansas else
POOL	2149	0.862576768	4,6,11,13,16	pussy tab cons ass else
POOL	2150	0.862575397	2,5,7,13,16	push tit bad kansas else
POOL	2151	0.862564392	2,6,7,11,12,16	pull tit ash kong's a self
POOL	2152	0.862546950	1,2,6,11,13,16	up oh tit kon us else
POOL	2153	0.862530354	2,6,7,10,12,16	too tit yeah cause a self
POOL	2154	0.862499927	2,4,6,13,16	paw tea top conscious else
POOL	2155	0.862481848	4,7,11,12,16	putin bad cons a self
POOL	2156	0.862478041	4,9,11,13,16	book t-back news ash else
POOL	2157	0.862470225	4,6,7,13,16	boy top a kansas else
POOL	2158	0.862468060	4,7,11,12,16	putty bad cause a self
POOL	2159	0.862466618	4,6,7,13,16	pushed tube a kansas else
POOL	2160	0.862465144	3,6,8,11,13,16	book eat ack ons us else
POOL	2161	0.862461933	5,7,11,13,16	petite bad cons ass else
POOL	2162	0.862455600	2,4,6,13,16	pull tea tube kansas else
POOL	2163	0.862451699	2,4,6,13,16	push tea tube kansas else
POOL	2164	0.862451238	4,6,11,13,16	pussy top khan's us else
POOL	2165	0.862437246	2,5,7,13,16	too shit bad conscious else
POOL	2166	0.862433395	2,5,11,13,16	too shit batons us else
POOL	2167	0.862430768	5,7,11,13,16	post-it bad khan's s else
POOL	2168	0.862423243	2,4,8,11,16	pull see t-back ons self
POOL	2169	0.862422513	4,7,11,12,16	pussy bag cons a self
POOL	2170	0.862419342	2,4,8,11,16	push see t-back ons self
POOL	2171	0.862390664	2,5,11,13,16	too tit batons s else
POOL	2172	0.862383240	4,6,7,13,16	took tube yeah conscious else
POOL	2173	0.862380410	2,7,9,13,16	too t-back cause thus else
POOL	2174	0.862378195	4,9,11,13,16	book t-back news us elf
POOL	2175	0.862375281	2,7,9,13,16	too t-back cause this else
POOL	2176	0.862374836	5,7,11,13,16	post-it bag cons us else
POOL	2177	0.862356457	2,4,6,13,16	pull tea tub conscious else
POOL	2178	0.862352555	2,4,6,13,16	push tea tub conscious else
POOL	2179	0.862347247	2,5,11,13,16	pull tit batons a else
POOL	2180	0.862343346	2,5,11,13,16	push tit batons a else
POOL	2181	0.862342080	2,6,7,10,12,16	pull tit yeah con a self
POOL	2182	0.862338829	2,6,7,10,12,16	push tit yeah con a self
POOL	2183	0.862335858	2,4,8,11,16	too tee t-back ons self
POOL	2184	0.862330754	2,5,11,13,16	too kit batons ass else
POOL	2185	0.862320317	2,5,9,13,15,16	pull tit bak thus air if
POOL	2186	0.862317066	2,5,9,13,15,16	push tit bak thus air if
POOL	2187	0.862316766	2,4,6,11,16	too tea top icons self
POOL	2188	0.862314794	3,5,7,11,12,16	took eat bad cons a self
POOL	2189	0.862307681	4,6,7,13,16	took tab a conscious elf
POOL	2190	0.862305418	4,6,11,13,16	pussy tube cause us else
POOL	2191	0.862303783	2,5,11,13,16	paw tit batons ass else
POOL	2192	0.862298286	4,6,11,13,16	pussy top cons a else
POOL	2193	0.862296778	2,4,6,11,16	too tea too axons self
POOL	2194	0.862282859	2,6,7,9,11,16	pull tit un car news self
POOL	2195	0.862282429	3,6,8,11,13,16	book eat at ons s else
POOL	2196	0.862281864	4,6,11,13,16	putting tube cons us else
POOL	2197	0.862261162	2,4,6,13,16	too see top conscious else
POOL	2198	0.862242354	2,4,7,11,12,16	pull tea bad cons a wealth
POOL	2199	0.862238207	2,4,8,9,13,16	pull tea tank ahh this else
POOL	2200	0.862227233	2,4,6,9,13,16	pull tea tube fac this else
POOL	2201	0.862223734	4,6,11,13,16	pussy top cars us else
POOL	2202	0.862214086	1,2,6,7,11,16	up oh tweet s cons self
POOL	2203	0.862209547	3,7,11,12,13,16	book eat cons a see else
POOL	2204	0.862206313	3,6,8,11,13,16	took eat at r.'s ass else
POOL	2205	0.862205638	4,9,11,13,16	took t-back news ass elf
POOL	2206	0.862203264	5,7,11,13,16	post-it bad cars s else
POOL	2207	0.862202448	2,5,7,9,13,16	pure tit bad car this else
POOL	2208	0.862157962	2,6,11,12,16	too t-top cons a self
POOL	2209	0.862145847	2,4,8,11,16	two tea t-back ons self
POOL	2210	0.862143970	3,6,8,11,13,16	book eat at ons ass elf
POOL	2211	0.862135248	4,6,11,13,16	pussy tube khan's ass else
POOL	2212	0.862125987	2,4,6,13,16	paw tea too conscious else
POOL	2213	0.862122391	3,6,8,11,13,16	book eat at ons ash else
POOL	2214	0.862119858	4,6,11,13,16	putty tube cons us else
POOL	2215	0.862111352	4,6,11,13,16	pussy tub cons ass else
POOL	2216	0.862096285	4,6,7,13,16	boy too a kansas else
POOL	2217	0.862077298	4,6,11,13,16	pussy too khan's us else
POOL	2218	0.862073274	2,5,9,13,15,16	too tit bak thus air if
POOL	2219	0.862072948	2,6,11,13,15,16	pull tit carve us air if
POOL	2220	0.862065166	4,7,11,12,16	pussy buy cons a self
POOL	2221	0.862042493	2,7,11,13,16	too t-back cards' us else
POOL	2222	0.862042330	2,7,9,13,16	pull t-back car thus else
POOL	2223	0.862038428	2,7,9,13,16	push t-back car thus else
POOL	2224	0.862037201	2,7,9,13,16	pull t-back car this else
POOL	2225	0.862033299	2,7,9,13,16	push t-back car this else
POOL	2226	0.862030059	4,9,11,13,16	took t-back new us else
POOL	2227	0.862018959	4,6,7,13,16	pushed top a kansas else
POOL	2228	0.862017489	5,7,11,13,16	post-it buy cons us else
POOL	2229	0.862014917	2,4,6,11,13,16	pull tea stab cans us else
POOL	2230	0.862007941	2,4,6,13,16	pull tea top kansas else
POOL	2231	0.862006233	4,7,11,12,16	pussy tell khan's a self
POOL	2232	0.862004039	2,4,6,13,16	push tea top kansas else
POOL	2233	0.861987851	2,4,6,7,11,16	aux tea tube e'er cons self
POOL	2234	0.861978315	2,5,9,13,15,16	pull tit bak thus air off
POOL	2235	0.861975911	2,4,9,13,15,16	pull tea tech this air if
POOL	2236	0.861975064	2,5,9,13,15,16	push tit bak thus air off
POOL	2237	0.861945751	2,4,8,11,16	paw tea t-back r.'s self
POOL	2238	0.861942826	2,4,6,11,16	too tea too icons self
POOL	2239	0.861941409	4,6,7,13,16	took tube a kansas elf
POOL	2240	0.861924346	4,6,11,13,16	pussy too cons a else
POOL	2241	0.861920293	2,4,8,11,16	too team t-back ons self
POOL	2242	0.861907743	4,6,11,13,16	pussy tube cars ass else
POOL	2243	0.861884091	2,4,6,13,16	too t tube conscious else
POOL	2244	0.861865778	2,4,6,11,16	pull tea tube axons self
POOL	2245	0.861861876	2,4,6,11,16	push tea tube axons self
POOL	2246	0.861861391	4,7,11,12,16	party bad khan's a self
POOL	2247	0.861858267	5,7,11,13,16	post-it bad khan's ash else
POOL	2248	0.861857759	4,6,11,13,16	pussy top cause us else
POOL	2249	0.861845656	2,5,7,13,16	pull kit bad conscious else
POOL	2250	0.861843792	4,7,11,12,16	pussy bad comes a self
POOL	2251	0.861841805	2,5,11,13,16	pull kit batons us else
POOL	2252	0.861841755	2,5,7,13,16	push kit bad conscious else
POOL	2253	0.861841627	3,5,7,11,12,16	book eat bad cons a self
POOL	2254	0.861837903	2,5,11,13,16	push kit batons us else
POOL	2255	0.861837289	5,7,11,13,16	post-it bad cause s else
POOL	2256	0.861834980	2,4,6,13,16	too tea tab kansas else
POOL	2257	0.861823148	2,4,8,11,16	took tea t-back ons self
POOL	2258	0.861818162	2,5,11,13,16	too tit batons ash else
POOL	2259	0.861796115	5,7,11,13,16	post-it bad comes us else
POOL	2260	0.861791461	2,4,6,11,13,16	pull toy bir cons us else
POOL	2261	0.861778729	4,7,11,12,16	pussy tell cars a self
POOL	2262	0.861758421	5,7,11,13,16	post-it bad khan's us elf
POOL	2263	0.861756349	2,6,9,13,15,16	pull tit at thus air if
POOL	2264	0.861739408	2,7,11,13,16	too t-back cons aff else
POOL	2265	0.861733146	3,6,8,11,13,16	book eat at r.'s ass else
POOL	2266	0.861731272	2,5,9,13,15,16	too tit bak thus air off
POOL	2267	0.861722168	2,5,7,13,16	too tit bad conscious elf
POOL	2268	0.861721832	2,5,7,13,16	too take bad conscious else
POOL	2269	0.861718317	2,5,11,13,16	too tit batons us elf
POOL	2270	0.861717981	2,5,11,13,16	too take batons us else
POOL	2271	0.861707593	4,6,8,11,12,16	took tab ack ons a self
POOL	2272	0.861706986	2,4,8,11,16	too see t-back r.'s self
POOL	2273	0.861684896	2,4,6,13,16	too key tube conscious else
POOL	2274	0.861678542	3,6,7,11,13,16	took eat air carne us else
POOL	2275	0.861676265	2,7,11,12,16	pull t-back cons a health
POOL	2276	0.861672363	2,7,11,12,16	push t-back cons a health
POOL	2277	0.861671136	2,6,11,12,16	too tit axons a self
POOL	2278	0.861669745	2,5,11,13,16	too shit batons ass else
POOL	2279	0.861645978	2,4,7,11,12,16	cook tea tet cons a self
POOL	2280	0.861634001	2,4,6,13,16	pull tea too kansas else
POOL	2281	0.861633886	4,7,11,12,16	party bad cars a self
POOL	2282	0.861630763	5,7,11,13,16	post-it bad cars ash else
POOL	2283	0.861630099	2,4,6,13,16	push tea too kansas else
POOL	2284	0.861626043	3,6,8,11,13,16	push eat at ons ass else
POOL	2285	0.861614545	4,9,11,13,16	book t-back news ass elf
POOL	2286	0.861611187	5,7,11,13,16	post-it bag cons ass else
POOL	2287	0.861605469	5,7,11,13,16	post-it bad cons a elf
POOL	2288	0.861598512	2,4,8,11,16	pull t t-back ons self
POOL	2289	0.861598470	2,4,6,13,16	too tea tube conscious elf
POOL	2290	0.861594611	2,4,8,11,16	push t t-back ons self
POOL	2291	0.861565047	3,6,8,11,13,16	took eat ack ons ass else
POOL	2292	0.861559102	4,7,11,12,16	potty bad khan's a self
POOL	2293	0.861530917	5,7,11,13,16	post-it bad cars us elf
POOL	2294	0.861515645	4,9,11,13,16	took becca news a else
POOL	2295	0.861511827	2,4,6,11,16	pull tea tube icons self
POOL	2296	0.861507925	2,4,6,11,16	push tea tube icons self
POOL	2297	0.861478072	4,9,11,13,16	boy t-back news a else
POOL	2298	0.861456222	2,4,6,13,16	pull see tube conscious else
POOL	2299	0.861452321	2,4,6,13,16	push see tube conscious else
POOL	2300	0.861438966	4,9,11,13,16	book t-back new us else
POOL	2301	0.861436431	2,4,6,13,16	too t top conscious else
POOL	2302	0.861433371	2,5,7,13,16	too tip bad conscious else
POOL	2303	0.861432161	4,6,8,11,12,16	took tube ask ons a self
POOL	2304	0.861429520	2,5,11,13,16	too tip batons us else
POOL	2305	0.861418119	2,4,6,11,16	pull tea top axons self
POOL	2306	0.861414217	2,4,6,11,16	push tea top axons self
POOL	2307	0.861412754	4,7,11,12,16	pussy tell cause a self
POOL	2308	0.861399318	2,4,8,11,16	pull key t-back ons self
POOL	2309	0.861395416	2,4,8,11,16	push key t-back ons self
POOL	2310	0.861392807	3,6,7,13,16	took eat a kansas else
POOL	2311	0.861389199	4,7,11,12,16	putting tell cons a self
POOL	2312	0.861369563	2,4,6,13,16	too tea tub kansas else
POOL	2313	0.861368837	2,4,6,13,16	too tee tube conscious else
POOL	2314	0.861339296	2,5,9,13,15,16	pull tit black thus air if
POOL	2315	0.861333060	4,6,8,11,12,16	took top ack ons a self
POOL	2316	0.861332234	2,7,11,12,16	too kickback cons a self
POOL	2317	0.861331598	4,7,11,12,16	potty bad cars a self
POOL	2318	0.861319746	4,6,8,11,12,16	took tub ack ons a self
POOL	2319	0.861317185	2,6,11,12,16	too tit icons a self
POOL	2320	0.861302524	2,5,7,13,16	two tit bad conscious else
POOL	2321	0.861273864	3,7,11,12,13,16	took eat cons a shh else
POOL	2322	0.861267911	4,7,11,12,16	party bad cause a self
POOL	2323	0.861266409	4,9,11,13,16	took t-back new ass else
POOL	2324	0.861264788	5,7,11,13,16	post-it bad cause ash else
POOL	2325	0.861253839	5,7,11,13,16	post-it buy cons ass else
POOL	2326	0.861253740	1,4,7,11,16	up tea t-back khan's self
POOL	2327	0.861245158	2,4,6,11,16	too tea tab axons self
POOL	2328	0.861240974	2,4,8,11,16	to tea t-back ons self
POOL	2329	0.861237237	2,4,6,13,16	too key top conscious else
POOL	2330	0.861234426	4,6,8,11,12,16	book tab ack ons a self
POOL	2331	0.861232056	2,4,8,11,16	book tea t-back ons self
POOL	2332	0.861227193	4,7,11,12,16	putty tell cons a self
POOL	2333	0.861184647	2,5,7,13,16	pull shit bad conscious else
POOL	2334	0.861180796	2,5,11,13,16	pull shit batons us else
POOL	2335	0.861180745	2,5,7,13,16	push shit bad conscious else
POOL	2336	0.861178826	2,4,6,13,16	two tea tube conscious else
POOL	2337	0.861176894	2,5,11,13,16	push shit batons us else
POOL	2338	0.861171582	4,6,8,11,12,16	took tube act ons a self
POOL	2339	0.861164942	5,7,11,13,16	post-it bad cause us elf
POOL	2340	0.861150811	2,4,6,13,16	too tea top conscious elf
POOL	2341	0.861138065	2,5,11,13,16	pull tit batons s else
POOL	2342	0.861135738	2,4,8,11,16	poo tea t-back ons self
POOL	2343	0.861134163	2,5,11,13,16	push tit batons s else
POOL	2344	0.861127811	2,7,9,13,16	pull t-back cause thus else
POOL	2345	0.861123909	2,7,9,13,16	push t-back cause thus else
POOL	2346	0.861122682	2,7,9,13,16	pull t-back cause this else
POOL	2347	0.861118780	2,7,9,13,16	push t-back cause this else
POOL	2348	0.861110854	2,5,9,11,16	too tit back-up news self
POOL	2349	0.861101863	3,6,8,11,13,16	took eat ask ons us else
POOL	2350	0.861091880	3,6,8,11,13,16	book eat ack ons ass else
POOL	2351	0.861083259	2,4,8,11,16	pull tee t-back ons self
POOL	2352	0.861079358	2,4,8,11,16	push tee t-back ons self
POOL	2353	0.861078155	2,5,11,13,16	pull kit batons ass else
POOL	2354	0.861074367	2,4,6,13,16	paw tea tab conscious else
POOL	2355	0.861074254	2,5,11,13,16	push kit batons ass else
POOL	2356	0.861064167	2,4,6,11,16	pull tea top icons self
POOL	2357	0.861062491	2,4,6,13,16	too t too conscious else
POOL	2358	0.861060266	2,4,6,11,16	push tea top icons self
POOL	2359	0.861044179	2,4,6,11,16	pull tea too axons self
POOL	2360	0.861040277	2,4,6,11,16	push tea too axons self
POOL	2361	0.861032465	5,7,11,13,16	post-it bad comes ass else
POOL	2362	0.861026805	4,9,11,13,16	pushed t-back news a else
POOL	2363	0.861026235	1,4,7,11,16	up tea t-back cars self
POOL	2364	0.861014954	2,6,9,11,13,16	boy tit at news us else
POOL	2365	0.861008563	2,4,6,13,16	pull see top conscious else
POOL	2366	0.860994771	5,7,11,13,16	post-it bad khan's ass elf
POOL	2367	0.860979825	2,5,7,13,16	took tit bad conscious else
POOL	2368	0.860975974	2,5,11,13,16	took tit batons us else
POOL	2369	0.860958995	4,6,8,11,12,16	book tube ask ons a self
POOL	2370	0.860954667	2,5,11,13,16	too tit batons ass elf
POOL	2371	0.860954331	2,5,11,13,16	too take batons ass else
POOL	2372	0.860924552	4,9,11,13,16	book becca news a else
POOL	2373	0.860917653	5,7,11,13,16	post-it ban cons us else
POOL	2374	0.860910843	5,7,11,13,16	petite bad khan's us else
POOL	2375	0.860909401	2,5,9,11,13,16	pull pete bad news us else
POOL	2376	0.860905363	2,6,11,12,16	pull t-top cons a self
POOL	2377	0.860901461	2,6,11,12,16	push t-top cons a self
POOL	2378	0.860891206	2,4,6,11,16	too tea tab icons self
POOL	2379	0.860889810	4,7,9,11,16	pussy bad car news self
POOL	2380	0.860882255	2,4,8,11,16	too t t-back r.'s self
POOL	2381	0.860859893	4,6,8,11,12,16	book top ack ons a self
POOL	2382	0.860858763	2,5,7,13,16	too kit bad kansas else
POOL	2383	0.860846579	4,6,8,11,12,16	book tub ack ons a self
POOL	2384	0.860841736	3,4,7,11,13,16	boat a bad cons us else
POOL	2385	0.860841284	3,6,8,11,13,16	took eat act ons us else
POOL	2386	0.860838555	2,4,6,7,11,16	cow tea tube a 'cause self
POOL	2387	0.860831792	2,5,7,13,16	paw tit bad kansas else
POOL	2388	0.860809063	2,6,11,12,13,16	pull tit tom's a see else
POOL	2389	0.860803214	5,7,11,13,16	post-it bad cons us self
POOL	2390	0.860801714	3,6,7,13,16	book eat a kansas else
POOL	2391	0.860800697	3,7,11,12,13,16	book eat cons a shh else
POOL	2392	0.860783747	4,7,11,12,16	boy t-back cons a self
POOL	2393	0.860779741	2,4,6,11,16	too tea tub axons self
POOL	2394	0.860767267	5,7,11,13,16	post-it bad cars ass elf
POOL	2395	0.860757891	5,7,11,13,16	petite bad cons a else
POOL	2396	0.860753764	3,7,11,12,13,16	took eat khan's a see else
POOL	2397	0.860698416	4,6,8,11,12,16	book tube act ons a self
POOL	2398	0.860690227	2,4,6,11,16	pull tea too icons self
POOL	2399	0.860688309	3,4,7,11,13,16	took you bad cons us else
POOL	2400	0.860686325	2,4,6,11,16	push tea too icons self
POOL	2401	0.860683339	5,7,11,13,16	petite bad cars us else
POOL	2402	0.860683060	2,4,8,11,16	too key t-back r.'s self
POOL	2403	0.860675737	2,4,8,11,16	paw see t-back ons self
POOL	2404	0.860675316	4,9,11,13,16	book t-back new ass else
POOL	2405	0.860667693	2,4,8,11,16	pull team t-back ons self
POOL	2406	0.860665870	2,5,11,13,16	too tip batons ass else
POOL	2407	0.860663792	2,4,8,11,16	push team t-back ons self
POOL	2408	0.860663319	3,4,7,11,13,16	took a tack cons us else
POOL	2409	0.860660260	1,4,7,11,16	up tea t-back cause self
POOL	2410	0.860628696	3,6,8,11,13,16	book eat ask ons us else
POOL	2411	0.860626713	2,5,11,13,16	too kit batons a else
POOL	2412	0.860614124	2,7,11,12,16	too t-back khan's a health
POOL	2413	0.860599741	2,5,11,13,16	paw tit batons a else
POOL	2414	0.860592773	4,7,11,12,16	pussy teh khan's a self
POOL	2415	0.860578668	1,4,7,11,16	app tea t-back cons self
POOL	2416	0.860565563	2,5,11,13,16	pull tit batons ash else
POOL	2417	0.860561662	2,5,11,13,16	push tit batons ash else
POOL	2418	0.860535023	2,5,11,13,16	two tit batons ass else
POOL	2419	0.860500609	4,6,8,11,12,16	took too ack ons a self
POOL	2420	0.860469569	2,5,7,13,16	pull tit bad conscious elf
POOL	2421	0.860469233	2,5,7,13,16	pull take bad conscious else
POOL	2422	0.860465717	2,5,11,13,16	pull tit batons us elf
POOL	2423	0.860465667	2,5,7,13,16	push tit bad conscious elf
POOL	2424	0.860465382	2,5,11,13,16	pull take batons us else
POOL	2425	0.860465332	2,5,7,13,16	push take bad conscious else
POOL	2426	0.860461816	2,5,11,13,16	push tit batons us elf
POOL	2427	0.860461480	2,5,11,13,16	push take batons us else
POOL	2428	0.860454386	2,4,8,11,16	pull see t-back r.'s self
POOL	2429	0.860450485	2,4,8,11,16	push see t-back r.'s self
POOL	2430	0.860440175	3,6,8,11,13,16	pushed eat ack ons us else
POOL	2431	0.860425790	2,4,6,11,16	too tea tub icons self
POOL	2432	0.860418537	2,6,11,12,16	pull tit axons a self
POOL	2433	0.860417146	2,5,11,13,16	pull shit batons ass else
POOL	2434	0.860414636	2,6,11,12,16	push tit axons a self
POOL	2435	0.860413244	2,5,11,13,16	push shit batons ass else
POOL	2436	0.860401292	5,7,11,13,16	post-it bad cause ass elf
POOL	2437	0.860397651	2,5,7,13,16	to tit bad conscious else
POOL	2438	0.860388732	2,5,7,13,16	book tit bad conscious else
POOL	2439	0.860386619	2,7,11,12,16	too t-back cars a health
POOL	2440	0.860385844	3,5,7,11,12,16	took eat bad khan's a self
POOL	2441	0.860384881	2,5,11,13,16	book tit batons us else
POOL	2442	0.860384535	1,2,6,11,13,16	up oh tit cons cis else
POOL	2443	0.860368117	3,6,8,11,13,16	book eat act ons us else
POOL	2444	0.860367002	2,4,8,11,16	too tee t-back r.'s self
POOL	2445	0.860365587	2,4,7,10,13,16	pull tea bad cost this else
POOL	2446	0.860365269	4,7,11,12,16	pussy teh cars a self
POOL	2447	0.860329609	1,4,7,11,16	up see t-back cons self
POOL	2448	0.860327575	2,7,9,13,16	too t-back ka thus else
POOL	2449	0.860322446	2,7,9,13,16	too t-back ka this else
POOL	2450	0.860302171	3,6,8,11,13,16	took eat ack ons us elf
POOL	2451	0.860294823	2,7,9,13,16	paw t-back car thus else
POOL	2452	0.860292415	2,5,7,13,16	poo tit bad conscious else
POOL	2453	0.860289695	2,7,9,13,16	paw t-back car this else
POOL	2454	0.860288563	2,5,11,13,16	poo tit batons us else
POOL	2455	0.860280597	3,7,11,12,13,16	book eat khan's a see else
POOL	2456	0.860257461	3,6,8,11,13,16	pushed eat at ons s else
POOL	2457	0.860246817	1,2,6,7,11,16	b oh pic a cons self
POOL	2458	0.860231420	2,5,7,13,16	too tick bad conscious else
POOL	2459	0.860221645	4,6,8,11,12,16	took tube ack r.'s a self
POOL	2460	0.860212324	2,5,11,13,16	took tit batons ass else
POOL	2461	0.860200152	2,4,8,11,16	pooh tea t-back ons self
POOL	2462	0.860197754	2,5,7,13,16	too shit bad kansas else
POOL	2463	0.860194929	2,8,11,12,16	too t-back ons a self
POOL	2464	0.860184986	4,7,11,12,15,16	put bad cons a sell if
POOL	2465	0.860184579	3,7,11,12,13,16	pushed eat cons a see else
POOL	2466	0.860180772	2,5,7,13,16	pull tip bad conscious else
POOL	2467	0.860176990	2,4,8,11,16	two tea t-back r.'s self
POOL	2468	0.860176921	2,5,11,13,16	pull tip batons us else
POOL	2469	0.860176870	2,5,7,13,16	push tip bad conscious else
POOL	2470	0.860173019	2,5,11,13,16	push tip batons us else
POOL	2471	0.860167108	4,7,11,12,16	putin bad khan's a self
POOL	2472	0.860118272	2,4,6,11,16	paw tea tube axons self
POOL	2473	0.860107773	4,7,11,12,16	pussy bag khan's a self
POOL	2474	0.860098150	2,5,7,13,16	paw kit bad conscious else
POOL	2475	0.860094299	2,5,11,13,16	paw kit batons us else
POOL	2476	0.860072268	2,4,6,11,16	too tea tube add-on self
POOL	2477	0.860067219	2,4,7,13,15,16	pull tea bath khan's air if
POOL	2478	0.860064586	2,6,11,12,16	pull tit icons a self
POOL	2479	0.860060684	2,6,11,12,16	push tit icons a self
POOL	2480	0.860052726	2,5,9,11,16	too tit becca news self
POOL	2481	0.860046574	3,7,11,12,13,16	took eat cons a see elf
POOL	2482	0.860028407	2,4,6,7,11,16	ball tea sh a cons self
POOL	2483	0.860027443	4,6,8,11,12,16	book too ack ons a self
POOL	2484	0.860023843	2,5,7,13,16	too tit bag conscious else
POOL	2485	0.859992558	2,4,6,11,16	pull tea tab axons self
POOL	2486	0.859988657	2,4,6,11,16	push tea tab axons self
POOL	2487	0.859987113	2,5,7,13,16	too pit bad conscious else
POOL	2488	0.859977614	4,7,11,15,16	pussy bad cons sell see
POOL	2489	0.859975291	4,7,9,11,16	pussy bad cause news self
POOL	2490	0.859965703	2,5,11,13,16	too shit batons a else
POOL	2491	0.859951436	2,4,8,11,16	too team t-back r.'s self
POOL	2492	0.859947051	1,2,6,7,11,16	up shaw tit a car self
POOL	2493	0.859934476	3,7,11,12,15,16	took eat cons a sell see
POOL	2494	0.859925730	4,8,11,13,16	took t-back ons a else
POOL	2495	0.859912677	3,5,7,11,12,16	book eat bad khan's a self
POOL	2496	0.859885879	1,2,6,11,13,16	push oh tit con us else
POOL	2497	0.859879507	2,4,6,11,16	too see tube axons self
POOL	2498	0.859878172	4,6,7,11,12,16	tea tube a cons egg self
POOL	2499	0.859871145	4,6,8,11,12,16	took tab ask ons a self
POOL	2500	0.859858255	2,5,9,11,16	pull tit back-up news self
POOL	2501	0.859854353	2,5,9,11,16	push tit back-up news self
POOL	2502	0.859854292	2,4,8,11,16	took tea t-back r.'s self
POOL	2503	0.859851006	2,4,8,11,16	paw t t-back ons self
POOL	2504	0.859843222	2,6,11,12,16	too t-top khan's a self
POOL	2505	0.859836415	3,5,9,11,13,16	took eat bak news us else
POOL	2506	0.859833472	4,8,11,13,16	book t-back r.'s us else
POOL	2507	0.859824988	4,6,7,9,13,16	tee tube a car this else
POOL	2508	0.859816659	3,5,7,11,12,16	pushed eat bad cons a self
POOL	2509	0.859808287	3,6,7,13,16	pushed eat a conscious else
POOL	2510	0.859797267	2,6,9,13,16	too tit at nervous else
POOL	2511	0.859764320	2,4,6,11,16	paw tea tube icons self
POOL	2512	0.859748478	4,6,8,11,12,16	book tube ack r.'s a self
POOL	2513	0.859702068	2,5,11,13,16	pull tit batons ass elf
POOL	2514	0.859701732	2,5,11,13,16	pull take batons ass else
POOL	2515	0.859698166	2,5,11,13,16	push tit batons ass elf
POOL	2516	0.859675984	2,7,9,13,16	too t-back car nash else
POOL	2517	0.859670612	2,4,6,11,16	paw tea top axons self
POOL	2518	0.859666496	2,5,7,13,16	too tit buy conscious else
POOL	2519	0.859660915	4,8,11,13,16	took t-back r.'s ass else
POOL	2520	0.859652177	1,4,9,13,16	up tea t-back thus else
POOL	2521	0.859651812	2,4,8,11,16	paw key t-back ons self
POOL	2522	0.859646210	2,5,7,9,13,16	pull tit duh car this else
POOL	2523	0.859638607	2,4,6,11,16	pull tea tab icons self
POOL	2524	0.859637363	2,4,7,10,13,16	pull tea bad cause rus else
POOL	2525	0.859634705	2,4,6,11,16	push tea tab icons self
POOL	2526	0.859629656	2,4,8,11,16	pull t t-back r.'s self
POOL	2527	0.859628788	3,7,11,12,13,16	took eat cons a sh else
POOL	2528	0.859625754	2,4,8,11,16	push t t-back r.'s self
POOL	2529	0.859624609	2,4,6,11,16	too tea top add-on self
POOL	2530	0.859623654	3,4,8,11,13,16	took a tech ons ass else
POOL	2531	0.859615717	2,6,11,12,16	too t-top cars a self
POOL	2532	0.859610566	4,6,8,11,12,16	took tab act ons a self
POOL	2533	0.859606164	2,5,7,13,16	pull kit bad kansas else
POOL	2534	0.859604073	2,4,7,9,13,16	pull tea bear kohn this else
POOL	2535	0.859602262	2,5,7,13,16	push kit bad kansas else
POOL	2536	0.859598933	2,5,7,13,16	too tit bad canvas else
POOL	2537	0.859591186	2,6,7,11,15,16	pull cheat a cons sell mm
POOL	2538	0.859573407	3,7,11,12,13,16	book eat cons a see elf
POOL	2539	0.859537580	2,6,11,13,15,16	beau tit cons us air if
POOL	2540	0.859527142	2,4,6,11,16	pull tea tub axons self
POOL	2541	0.859525555	2,4,6,11,16	too see tube icons self
POOL	2542	0.859523240	2,4,6,11,16	push tea tub axons self
POOL	2543	0.859510285	2,5,7,11,15,16	p. tit bad cons sell if
POOL	2544	0.859504878	1,4,7,11,16	up t t-back cons self
POOL	2545	0.859496612	4,6,8,11,12,16	took top ask ons a self
POOL	2546	0.859483298	4,6,8,11,12,16	took tub ask ons a self
POOL	2547	0.859482676	2,5,7,13,16	too tit bad kansas elf
POOL	2548	0.859482340	2,5,7,13,16	too take bad kansas else
POOL	2549	0.859461309	3,7,11,12,15,16	book eat cons a sell see
POOL	2550	0.859451941	3,4,8,11,13,16	took see tech ons us else
POOL	2551	0.859450844	2,8,9,13,16	too t-back ahh thus else
POOL	2552	0.859445715	2,8,9,13,16	too t-back ahh this else
POOL	2553	0.859437141	2,5,7,13,16	paw shit bad conscious else
POOL	2554	0.859435749	3,6,7,11,12,16	took seat a cons a self
POOL	2555	0.859431847	2,4,6,11,16	too see top axons self
POOL	2556	0.859430461	2,4,8,11,16	pull key t-back r.'s self
POOL	2557	0.859426559	2,4,8,11,16	push key t-back r.'s self
POOL	2558	0.859397978	4,6,8,11,12,16	book tab ask ons a self
POOL	2559	0.859380304	2,7,9,13,16	paw t-back cause thus else
POOL	2560	0.859375176	2,7,9,13,16	paw t-back cause this else
POOL	2561	0.859363248	3,5,9,11,13,16	book eat bak news us else
POOL	2562	0.859351712	2,5,9,13,16	too tit back-up thus else
POOL	2563	0.859350559	1,4,7,11,16	per tea t-back cons self
POOL	2564	0.859346583	2,5,9,13,16	too tit back-up this else
POOL	2565	0.859344914	3,7,11,12,13,16	took eat khan's a shh else
POOL	2566	0.859339721	2,4,7,13,16	too tea bah conscious else
POOL	2567	0.859338032	2,5,8,9,13,16	pull tit bak ahh this else
POOL	2568	0.859334781	2,5,8,9,13,16	push tit bak ahh this else
POOL	2569	0.859334637	4,8,11,13,16	book t-back ons a else
POOL	2570	0.859316661	2,4,6,11,16	paw tea top icons self
POOL	2571	0.859305684	1,4,7,11,16	up key t-back cons self
POOL	2572	0.859299533	3,7,11,12,15,16	took eat cons a cell see
POOL	2573	0.859296672	2,4,6,11,16	paw tea too axons self
POOL	2574	0.859296176	2,4,8,11,12,16	pull tea shack ons a self
POOL	2575	0.859283077	3,6,7,13,16	took eat a conscious elf
POOL	2576	0.859272117	2,4,8,11,16	to tea t-back r.'s self
POOL	2577	0.859263199	2,4,8,11,16	book tea t-back r.'s self
POOL	2578	0.859250669	2,4,6,11,16	too tea too add-on self
POOL	2579	0.859249742	2,6,11,12,16	too t-top cause a self
POOL	2580	0.859236033	4,6,8,11,12,16	took top act ons a self
POOL	2581	0.859222719	4,6,8,11,12,16	took tub act ons a self
POOL	2582	0.859215682	4,7,11,15,16	pussy bad cons cell see
POOL	2583	0.859205792	2,8,9,13,16	too t-back awe thus else
POOL	2584	0.859200663	2,8,9,13,16	too t-back awe this else
POOL	2585	0.859193879	2,5,7,13,16	too tip bad kansas else
POOL	2586	0.859173191	2,4,6,11,16	pull tea tub icons self
POOL	2587	0.859169289	2,4,6,11,16	push tea tub icons self
POOL	2588	0.859166881	2,4,8,11,16	poo tea t-back r.'s self
POOL	2589	0.859157927	3,7,11,12,13,16	took eat cars a see else
POOL	2590	0.859157856	2,6,11,12,16	paw t-top cons a self
POOL	2591	0.859155621	3,7,11,12,13,16	book eat cons a sh else
POOL	2592	0.859150487	3,4,8,11,13,16	book a tech ons ass else
POOL	2593	0.859137399	4,6,8,11,12,16	book tab act ons a self
POOL	2594	0.859133822	2,5,8,9,13,16	pull tit bak awe this else
POOL	2595	0.859130668	4,7,9,13,16	pussy bad car thus else
POOL	2596	0.859130571	2,5,8,9,13,16	push tit bak awe this else
POOL	2597	0.859125540	4,7,9,13,16	pussy bad car this else
POOL	2598	0.859114402	2,4,8,11,16	pull tee t-back r.'s self
POOL	2599	0.859110501	2,4,8,11,16	push tee t-back r.'s self
POOL	2600	0.859105935	2,6,7,10,13,16	pull tab ahh cause this else
POOL	2601	0.859094567	2,8,9,13,16	too t-back ah thus else
POOL	2602	0.859089438	2,8,9,13,16	too t-back ah this else
POOL	2603	0.859077896	2,4,6,11,16	too see top icons self
POOL	2604	0.859074976	2,7,9,13,16	pull t-back ka thus else
POOL	2605	0.859071074	2,7,9,13,16	push t-back ka thus else
POOL	2606	0.859069847	2,7,9,13,16	pull t-back ka this else
POOL	2607	0.859069822	4,8,11,13,16	book t-back r.'s ass else
POOL	2608	0.859065945	2,7,9,13,16	push t-back ka this else
POOL	2609	0.859063032	2,5,7,13,16	two tit bad kansas else
POOL	2610	0.859062332	3,6,7,13,16	push eat a conscious else
POOL	2611	0.859057907	2,4,6,11,16	too see too axons self
POOL	2612	0.859055481	3,7,11,12,13,16	push eat cons a see else
POOL	2613	0.859054776	2,4,6,11,16	too t tube axons self
POOL	2614	0.859052995	3,5,7,11,13,16	pod eat bad cons us else
POOL	2615	0.859023445	4,6,8,11,12,16	book top ask ons a self
POOL	2616	0.859020676	4,8,11,13,16	boy t-back ons us else
POOL	2617	0.859010131	4,6,8,11,12,16	book tub ask ons a self
POOL	2618	0.858989625	1,4,7,11,16	up tee t-back cons self
POOL	2619	0.858981418	4,8,11,12,13,16	took tech ons a see else
POOL	2620	0.858978820	2,5,7,13,16	pull tick bad conscious else
POOL	2621	0.858978774	3,4,8,11,13,16	book see tech ons us else
POOL	2622	0.858974919	2,5,7,13,16	push tick bad conscious else
POOL	2623	0.858970614	4,7,11,15,16	pussy bad cons sell if
POOL	2624	0.858945707	2,7,9,13,16	too t-back car thus elf
POOL	2625	0.858942721	2,4,6,11,16	paw tea too icons self
POOL	2626	0.858942330	2,8,11,12,16	pull t-back ons a self
POOL	2627	0.858940578	2,7,9,13,16	too t-back car this elf
POOL	2628	0.858938428	2,8,11,12,16	push t-back ons a self
POOL	2629	0.858887635	2,4,7,13,16	too dea bad conscious else
POOL	2630	0.858871747	3,7,11,12,13,16	book eat khan's a shh else
POOL	2631	0.858866844	2,6,8,11,13,16	pull pick let ons us else
POOL	2632	0.858855582	2,4,6,11,16	too key tube axons self
POOL	2633	0.858855394	3,5,9,11,13,16	took eat black news us else
POOL	2634	0.858841149	4,7,10,13,16	pussy bad cause thus else
POOL	2635	0.858838339	2,7,9,13,16	too t-back ca thus else
POOL	2636	0.858836020	4,7,10,13,16	pussy bad cause this else
POOL	2637	0.858834858	2,4,7,13,16	pol tea bad conscious else
POOL	2638	0.858833210	2,7,9,13,16	too t-back ca this else
POOL	2639	0.858826366	3,7,11,12,15,16	book eat cons a cell see
POOL	2640	0.858819669	2,4,6,11,16	pull tea tube add-on self
POOL	2641	0.858815767	2,4,6,11,16	push tea tube add-on self
POOL	2642	0.858800126	2,5,9,11,16	pull tit becca news self
POOL	2643	0.858796225	2,5,9,11,16	push tit becca news self
POOL	2644	0.858792024	2,5,7,11,12,16	po tit dash cons a self
POOL	2645	0.858790007	3,5,7,11,12,16	took eat bad cars a self
POOL	2646	0.858777581	2,7,9,13,16	too t-back caught thus else
POOL	2647	0.858775729	3,7,11,12,13,16	pushed eat cons a shh else
POOL	2648	0.858772452	2,7,9,13,16	too t-back caught this else
POOL	2649	0.858771523	2,6,7,10,12,16	pull tit air cause a self
POOL	2650	0.858762866	4,6,8,11,12,16	book top act ons a self
POOL	2651	0.858761465	2,7,9,13,16	too t-back cause nash else
POOL	2652	0.858749552	4,6,8,11,12,16	book tub act ons a self
POOL	2653	0.858716547	4,8,11,13,16	took t-back ons s else
POOL	2654	0.858700824	2,4,6,11,16	too t tube icons self
POOL	2655	0.858698002	2,6,11,12,16	too kit axons a self
POOL	2656	0.858691985	3,6,7,13,16	book eat a conscious elf
POOL	2657	0.858687561	3,5,7,11,12,16	push eat bad cons a self
POOL	2658	0.858684760	3,7,11,12,13,16	book eat cars a see else
POOL	2659	0.858671031	2,6,11,12,16	paw tit axons a self
POOL	2660	0.858664162	4,6,8,11,12,16	took too ask ons a self
POOL	2661	0.858660629	4,6,8,11,12,16	took tab ack r.'s a self
POOL	2662	0.858637724	3,7,11,12,13,16	took eat cons a shh elf
POOL	2663	0.858630410	4,6,8,11,12,16	took tube lack ons a self
POOL	2664	0.858626908	2,4,6,11,16	pull see tube axons self
POOL	2665	0.858625028	2,6,11,12,16	too tit add-on a self
POOL	2666	0.858623505	4,6,8,11,12,16	took tube at ons a self
POOL	2667	0.858623006	2,4,6,11,16	push see tube axons self
POOL	2668	0.858607117	2,4,6,11,16	too t top axons self
POOL	2669	0.858604243	2,4,6,11,13,16	puff tea dob cons us else
POOL	2670	0.858596515	3,4,8,11,13,16	took a tack ons ass else
POOL	2671	0.858590623	2,6,11,12,16	pull t-top khan's a self
POOL	2672	0.858586721	2,6,11,12,16	push t-top khan's a self
POOL	2673	0.858586676	2,5,7,11,13,16	pull cheek bad carr's us else
POOL	2674	0.858574059	1,4,7,11,16	up team t-back cons self
POOL	2675	0.858569409	4,8,11,13,16	pushed t-back ons us else
POOL	2676	0.858560211	4,7,11,15,16	pussy bad cons sell off
POOL	2677	0.858544667	2,6,9,13,16	pull tit at nervous else
POOL	2678	0.858540766	2,6,9,13,16	push tit at nervous else
POOL	2679	0.858526063	2,7,9,13,16	two t-back car thus else
POOL	2680	0.858508252	4,8,11,12,13,16	book tech ons a see else
POOL	2681	0.858501630	2,4,6,11,16	too key tube icons self
POOL	2682	0.858490111	2,4,7,11,13,16	taught tea bad cons ras else
POOL	2683	0.858463151	3,5,9,11,13,16	took eat bak news ass else
POOL	2684	0.858425441	4,6,11,13,16	pudding tube cons us else
POOL	2685	0.858424802	3,4,8,11,13,16	took see tack ons us else
POOL	2686	0.858423385	2,7,9,13,16	pull t-back car nash else
POOL	2687	0.858419484	2,7,9,13,16	push t-back car nash else
POOL	2688	0.858407922	2,4,6,11,16	too key top axons self
POOL	2689	0.858403583	4,6,8,11,12,16	took too act ons a self
POOL	2690	0.858393029	2,4,7,9,12,16	pull tea bet car a self
POOL	2691	0.858385197	4,6,8,11,12,16	took tube ask r.'s a self
POOL	2692	0.858372010	2,4,6,11,16	pull tea top add-on self
POOL	2693	0.858368108	2,4,6,11,16	push tea top add-on self
POOL	2694	0.858363118	2,6,11,12,16	pull t-top cars a self
POOL	2695	0.858359216	2,6,11,12,16	push t-top cars a self
POOL	2696	0.858357879	1,2,6,11,13,16	up la tit cons us else
POOL	2697	0.858344051	2,6,11,12,16	too kit icons a self
POOL	2698	0.858334837	3,7,11,12,15,16	took eat cons a shell see
POOL	2699	0.858317079	2,6,11,12,16	paw tit icons a self
POOL	2700	0.858316840	3,5,7,11,12,16	book eat bad cars a self
POOL	2701	0.858296713	4,7,11,13,16	pussy bad card us else
POOL	2702	0.858293584	2,5,9,13,16	too tit becca thus else
POOL	2703	0.858288455	2,5,9,13,16	too tit becca this else
POOL	2704	0.858286096	4,6,8,11,12,16	took top ack r.'s a self
POOL	2705	0.858272782	4,6,8,11,12,16	took tub ack r.'s a self
POOL	2706	0.858263928	1,4,7,11,16	app tea t-back khan's self
POOL	2707	0.858257026	4,8,11,13,16	boy t-back ons ass else
POOL	2708	0.858255629	3,7,11,12,13,16	pushed eat khan's a see else
POOL	2709	0.858250451	2,6,7,13,16	too tit that conscious else
POOL	2710	0.858249629	2,4,9,13,16	pu tea t-back thus else
POOL	2711	0.858226072	2,8,11,12,16	too t-back r.'s a self
POOL	2712	0.858208682	4,7,11,15,16	pussy bad cons cell if
POOL	2713	0.858203365	2,7,9,13,16	took t-back car thus else
POOL	2714	0.858198244	2,8,9,13,16	pull t-back ahh thus else
POOL	2715	0.858194343	2,8,9,13,16	push t-back ahh thus else
POOL	2716	0.858193116	2,8,9,13,16	pull t-back ahh this else
POOL	2717	0.858190995	4,6,8,11,12,16	book too ask ons a self
POOL	2718	0.858189214	2,8,9,13,16	push t-back ahh this else
POOL	2719	0.858187462	4,6,8,11,12,16	book tab ack r.'s a self
POOL	2720	0.858175864	3,7,11,12,13,16	took eat cause a see else
POOL	2721	0.858164557	3,7,11,12,13,16	book eat cons a shh elf
POOL	2722	0.858158923	2,5,11,12,13,16	pull tit bans a see else
POOL	2723	0.858157244	4,6,8,11,12,16	book tube lack ons a self
POOL	2724	0.858155672	2,5,11,12,13,16	push tit bans a see else
POOL	2725	0.858150339	4,6,8,11,12,16	book tube at ons a self
POOL	2726	0.858144046	4,8,11,13,16	took t-back ons ash else
POOL	2727	0.858143555	3,4,9,11,13,16	took a tek news ass else
POOL	2728	0.858137720	2,5,9,11,16	too kit back-up news self
POOL	2729	0.858125455	4,8,11,13,16	book t-back ons s else
POOL	2730	0.858124618	4,6,8,11,12,16	took tube act r.'s a self
POOL	2731	0.858117624	3,7,11,12,13,16	took eat khan's a see elf
POOL	2732	0.858110749	2,5,9,11,16	paw tit back-up news self
POOL	2733	0.858099113	2,5,9,13,16	pull tit back-up thus else
POOL	2734	0.858095211	2,5,9,13,16	push tit back-up thus else
POOL	2735	0.858093984	2,5,9,13,16	pull tit back-up this else
POOL	2736	0.858090083	2,5,9,13,16	push tit back-up this else
POOL	2737	0.858078677	3,4,8,11,13,16	took see tech ons ass else
POOL	2738	0.858072565	4,7,13,15,16	took bad conscious air see
POOL	2739	0.858068735	4,7,11,13,16	pussy bad cons f. else
POOL	2740	0.858044792	2,6,7,9,13,16	pull tit ann cum this else
POOL	2741	0.858044200	4,8,11,13,16	took t-back ons us elf
POOL	2742	0.858038716	2,6,9,11,16	too tit aca news self
POOL	2743	0.858036993	2,6,11,12,16	too shit axons a self
POOL	2744	0.858036424	1,4,7,11,16	app tea t-back cars self
POOL	2745	0.858031188	2,7,9,13,16	too t-back cause thus elf
POOL	2746	0.858026059	2,7,9,13,16	too t-back cause this elf
POOL	2747	0.858014869	1,4,7,11,16	up see t-back khan's self
POOL	2748	0.858005526	3,7,11,12,15,16	took eat khan's a sell see
POOL	2749	0.857997143	2,6,11,12,16	pull t-top cause a self
POOL	2750	0.857993241	2,6,11,12,16	push t-top cause a self
POOL	2751	0.857958036	4,7,9,11,16	putting bad car news self
POOL	2752	0.857956873	4,8,11,13,16	took t-back r.'s a else
POOL	2753	0.857954279	4,8,11,12,13,16	took tack ons a see else
POOL	2754	0.857953192	2,8,9,13,16	pull t-back awe thus else
POOL	2755	0.857949291	2,8,9,13,16	push t-back awe thus else
POOL	2756	0.857948064	2,8,9,13,16	pull t-back awe this else
POOL	2757	0.857944162	2,8,9,13,16	push t-back awe this else
POOL	2758	0.857941845	3,7,11,12,13,16	pot eat cons a see else
POOL	2759	0.857930416	4,6,8,11,12,16	book too act ons a self
POOL	2760	0.857922456	4,7,9,11,16	pussy bad ka news self
POOL	2761	0.857912031	4,6,8,11,12,16	book tube ask r.'s a self
POOL	2762	0.857911880	2,5,11,12,13,16	too tit bans a see else
POOL	2763	0.857896427	2,6,9,11,13,16	pull pitt at news bash else
POOL	2764	0.857887709	3,5,7,11,12,16	pushed eat bad khan's a self
POOL	2765	0.857867808	3,5,7,11,13,16	took eat pad cons us else
POOL	2766	0.857861671	3,7,11,12,15,16	book eat cons a shell see
POOL	2767	0.857852674	3,6,7,13,16	took shit a conscious else
POOL	2768	0.857841968	2,8,9,13,16	pull t-back ah thus else
POOL	2769	0.857838066	2,8,9,13,16	push t-back ah thus else
POOL	2770	0.857836839	2,8,9,13,16	pull t-back ah this else
POOL	2771	0.857832937	2,8,9,13,16	push t-back ah this else
POOL	2772	0.857828704	2,7,9,13,16	pull t-back come thus else
POOL	2773	0.857824802	2,7,9,13,16	push t-back come thus else
POOL	2774	0.857823575	2,7,9,13,16	pull t-back come this else
POOL	2775	0.857819673	2,7,9,13,16	push t-back come this else
POOL	2776	0.857812929	4,6,8,11,12,16	book top ack r.'s a self
POOL	2777	0.857808364	1,2,6,11,13,16	op thou tit cons us else
POOL	2778	0.857807945	3,5,7,11,12,16	took eat bad cause a self
POOL	2779	0.857805759	4,8,11,13,16	pushed t-back ons ass else
POOL	2780	0.857799615	4,6,8,11,12,16	book tub ack r.'s a self
POOL	2781	0.857798279	4,7,11,15,16	pussy bad cons cell off
POOL	2782	0.857796030	4,7,9,11,16	putty bad car news self
POOL	2783	0.857790825	2,5,8,11,12,16	pull tit bak ons a self
POOL	2784	0.857787574	2,5,8,11,12,16	push tit bak ons a self
POOL	2785	0.857787365	1,4,7,11,16	up see t-back cars self
POOL	2786	0.857761584	4,7,11,15,16	pussy bad cons shell see
POOL	2787	0.857749077	3,7,11,12,13,16	took eat cars a shh else
POOL	2788	0.857746062	5,7,11,12,16	post-it bad cons a self
POOL	2789	0.857745653	3,6,7,11,16	put-on eat a cons self
POOL	2790	0.857702698	3,7,11,12,13,16	book eat cause a see else
POOL	2791	0.857699838	3,7,11,12,13,16	took eat khan's a sh else
POOL	2792	0.857693108	2,7,9,13,16	pull t-back car thus elf
POOL	2793	0.857689206	2,7,9,13,16	push t-back car thus elf
POOL	2794	0.857687979	2,7,9,13,16	pull t-back car this elf
POOL	2795	0.857684078	2,7,9,13,16	push t-back car this elf
POOL	2796	0.857683042	2,6,11,12,16	too shit icons a self
POOL	2797	0.857670449	1,4,7,11,16	app tea t-back cause self
POOL	2798	0.857662874	4,7,11,15,16	pussy bad khan's sell see
POOL	2799	0.857651452	4,6,8,11,12,16	book tube act r.'s a self
POOL	2800	0.857646631	3,7,11,12,13,16	push eat cons a shh else
POOL	2801	0.857644457	3,7,11,12,13,16	book eat khan's a see elf
POOL	2802	0.857611544	2,7,9,13,16	two t-back cause thus else
POOL	2803	0.857593965	2,6,11,13,15,16	pull tit conn cash air if
POOL	2804	0.857585740	2,7,9,13,16	pull t-back ca thus else
POOL	2805	0.857581838	2,7,9,13,16	push t-back ca thus else
POOL	2806	0.857580611	2,7,9,13,16	pull t-back ca this else
POOL	2807	0.857573926	3,5,7,11,12,16	pot eat bad cons a self
POOL	2808	0.857572568	4,8,11,12,13,16	took tech ons a shh else
POOL	2809	0.857568794	3,6,7,13,16	pushed eat a kansas else
POOL	2810	0.857552953	4,8,11,13,16	book t-back ons ash else
POOL	2811	0.857552727	4,8,11,12,13,16	took tak ons a see else
POOL	2812	0.857548439	3,7,11,12,13,16	pushed eat cons a see elf
POOL	2813	0.857543782	2,5,8,11,12,16	too tit bak ons a self
POOL	2814	0.857537861	3,6,7,13,16	pot eat a conscious else
POOL	2815	0.857532359	3,7,11,12,15,16	book eat khan's a sell see
POOL	2816	0.857528695	3,7,11,12,13,16	took eat cons a saw else
POOL	2817	0.857496085	2,5,11,12,13,16	paw tit bans a see else
POOL	2818	0.857485417	3,6,7,13,16	took eat yeah conscious else
POOL	2819	0.857481472	4,7,13,15,16	book bad conscious air see
POOL	2820	0.857481112	4,8,11,12,13,16	book tack ons a see else
POOL	2821	0.857476711	2,5,9,11,16	too shit back-up news self
POOL	2822	0.857453645	4,6,8,11,12,16	took too ack r.'s a self
POOL	2823	0.857453107	4,8,11,13,16	book t-back ons us elf
POOL	2824	0.857445403	2,6,11,12,16	pull kit axons a self
POOL	2825	0.857441501	2,6,11,12,16	push kit axons a self
POOL	2826	0.857436341	3,7,11,12,15,16	pushed eat cons a sell see
POOL	2827	0.857435369	4,7,11,15,16	pussy bad cars sell see
POOL	2828	0.857420661	2,6,7,10,13,16	pull tit a cause there's else
POOL	2829	0.857392085	2,6,9,11,13,16	pull tit at men's us else
POOL	2830	0.857372428	2,6,11,12,16	pull tit add-on a self
POOL	2831	0.857370583	3,7,11,12,15,16	took eat khan's a cell see
POOL	2832	0.857368527	2,6,11,12,16	push tit add-on a self
POOL	2833	0.857366833	3,6,7,13,16	foot eat a conscious else
POOL	2834	0.857365780	4,8,11,13,16	book t-back r.'s a else
POOL	2835	0.857362874	3,6,7,11,12,16	took eat mac cons a self
POOL	2836	0.857362202	2,6,7,11,15,16	pull tet ed cons sell if
POOL	2837	0.857339798	1,4,7,11,16	app see t-back cons self
POOL	2838	0.857334778	3,5,7,11,12,16	book eat bad cause a self
POOL	2839	0.857334058	1,2,6,11,13,16	up oooh tit coms us else
POOL	2840	0.857294635	3,7,11,12,13,16	foot eat cons a see else
POOL	2841	0.857280550	4,8,11,13,16	took t-back ons ass elf
POOL	2842	0.857275910	3,7,11,12,13,16	book eat cars a shh else
POOL	2843	0.857275172	3,5,7,11,12,16	took eat bag cons a self
POOL	2844	0.857261581	3,6,7,13,16	book shit a conscious else
POOL	2845	0.857226671	3,7,11,12,13,16	book eat khan's a sh else
POOL	2846	0.857194823	2,8,11,12,16	paw t-back ons a self
POOL	2847	0.857193768	4,7,10,13,16	pussy bad con thus else
POOL	2848	0.857190138	1,4,7,11,16	up t t-back khan's self
POOL	2849	0.857188639	4,7,10,13,16	pussy bad con this else
POOL	2850	0.857163655	2,6,7,9,13,16	pull kitt a kahn this else
POOL	2851	0.857159842	3,6,7,13,16	took eat a canvas else
POOL	2852	0.857156854	4,6,8,11,12,16	took tube pack ons a self
POOL	2853	0.857149582	2,6,11,12,16	too tip axons a self
POOL	2854	0.857130653	3,7,11,12,13,16	pushed eat cons a sh else
POOL	2855	0.857127986	2,5,8,11,12,16	paw tit bak ons a self
POOL	2856	0.857126531	3,7,11,12,13,16	push eat khan's a see else
POOL	2857	0.857102652	2,4,7,11,14,16	pull tea bad cons teh laugh
POOL	2858	0.857099402	4,8,11,12,13,16	book tech ons a shh else
POOL	2859	0.857091452	2,6,11,12,16	pull kit icons a self
POOL	2860	0.857087550	2,6,11,12,16	push kit icons a self
POOL	2861	0.857079592	2,5,9,11,16	too kit becca news self
POOL	2862	0.857079561	4,8,11,12,13,16	book tak ons a see else
POOL	2863	0.857070975	2,6,7,9,11,16	tour tit a car naw self
POOL	2864	0.857069394	4,7,11,15,16	pussy bad cause sell see
POOL	2865	0.857066397	2,6,11,12,16	took t-top cons a self
POOL	2866	0.857065565	4,7,13,15,16	took bad conscious air if
POOL	2867	0.857056301	2,6,9,11,16	too tit acta news self
POOL	2868	0.857055528	3,7,11,12,13,16	book eat cons a saw else
POOL	2869	0.857052620	2,5,9,11,16	paw tit becca news self
POOL	2870	0.857051819	4,8,11,13,16	boy t-back r.'s us else
POOL	2871	0.857045840	4,7,11,15,16	putting bad cons sell see
POOL	2872	0.857043962	2,4,9,12,13,16	pull tea tech a see else
POOL	2873	0.857043585	3,6,7,13,16	took eat a kansas elf
POOL	2874	0.857043517	4,7,9,11,16	putting bad cause news self
POOL	2875	0.857040984	2,5,9,13,16	pull tit becca thus else
POOL	2876	0.857040710	2,4,9,12,13,16	push tea tech a see else
POOL	2877	0.857037172	4,7,11,15,16	pussy bad cons share see
POOL	2878	0.857037083	2,5,9,13,16	push tit becca thus else
POOL	2879	0.857035856	2,5,9,13,16	pull tit becca this else
POOL	2880	0.857035819	1,4,7,11,16	per tea t-back khan's self
POOL	2881	0.857031954	2,5,9,13,16	push tit becca this else
POOL	2882	0.857031254	4,7,10,13,16	pussy bad khan thus else
POOL	2883	0.857026125	4,7,10,13,16	pussy bad khan this else
POOL	2884	0.857011511	2,4,9,13,16	too d t-back thus else
POOL	2885	0.856992648	3,7,11,12,13,16	took eat cons a sh elf
POOL	2886	0.856990944	1,4,7,11,16	up key t-back khan's self
POOL	2887	0.856973473	2,8,11,12,16	pull t-back r.'s a self
POOL	2888	0.856969571	2,8,11,12,16	push t-back r.'s a self
POOL	2889	0.856962634	1,4,7,11,16	up t t-back cars self
POOL	2890	0.856942212	1,4,7,11,16	up tea t-back comes self
POOL	2891	0.856926715	3,5,7,11,12,16	foot eat bad cons a self
POOL	2892	0.856900942	4,7,11,15,16	pussy bad khan's cell see
POOL	2893	0.856897416	3,7,11,12,15,16	book eat khan's a cell see
POOL	2894	0.856894324	3,6,7,13,16	book eat yeah conscious else
POOL	2895	0.856885121	2,5,9,11,16	pull kit back-up news self
POOL	2896	0.856883834	4,7,11,15,16	putty bad cons sell see
POOL	2897	0.856881511	4,7,9,11,16	putty bad cause news self
POOL	2898	0.856881219	2,5,9,11,16	push kit back-up news self
POOL	2899	0.856871717	3,6,7,13,16	took bit a conscious else
POOL	2900	0.856861484	3,6,7,13,16	took hit a conscious else
POOL	2901	0.856858414	2,6,9,11,16	pull t-top at news self
POOL	2902	0.856854513	2,6,9,11,16	push t-top at news self
POOL	2903	0.856846779	3,7,11,12,13,16	pushed eat khan's a shh else
POOL	2904	0.856843116	2,6,11,12,16	paw t-top khan's a self
POOL	2905	0.856833516	2,6,7,11,15,16	pull tit a ton sell if
POOL	2906	0.856824132	2,6,9,13,16	too kit at nervous else
POOL	2907	0.856822840	3,6,7,13,16	push eat a kansas else
POOL	2908	0.856809804	2,5,8,11,12,16	pull tit black ons a self
POOL	2909	0.856808315	1,4,7,11,16	per tea t-back cars self
POOL	2910	0.856806553	2,5,8,11,12,16	push tit black ons a self
POOL	2911	0.856806041	4,8,11,13,16	poi t-back ons us else
POOL	2912	0.856802005	3,5,7,11,12,16	book eat bag cons a self
POOL	2913	0.856801397	3,7,11,12,15,16	pushed eat cons a cell see
POOL	2914	0.856797161	2,6,9,13,16	paw tit at nervous else
POOL	2915	0.856795630	2,6,11,12,16	too tip icons a self
POOL	2916	0.856792315	2,5,9,13,15,16	pull tit buck thus air if
POOL	2917	0.856786117	2,6,9,11,16	pull tit aca news self
POOL	2918	0.856784394	2,6,11,12,16	pull shit axons a self
POOL	2919	0.856782215	2,6,9,11,16	push tit aca news self
POOL	2920	0.856780492	2,6,11,12,16	push shit axons a self
POOL	2921	0.856767014	3,7,11,12,13,16	took eat cause a shh else
POOL	2922	0.856763439	1,4,7,11,16	up key t-back cars self
POOL	2923	0.856761297	2,5,9,11,16	too take back-up news self
POOL	2924	0.856758611	3,5,7,11,12,16	push eat bad khan's a self
POOL	2925	0.856754584	4,7,11,15,16	pussy bad cons shell if
POOL	2926	0.856752828	2,6,8,11,13,16	pull dit at ons aff else
POOL	2927	0.856750073	2,5,11,12,13,16	pull tit bans a shh else
POOL	2928	0.856747691	4,8,11,13,16	took t-back r.'s s else
POOL	2929	0.856746822	2,5,11,12,13,16	push tit bans a shh else
POOL	2930	0.856740724	4,7,9,11,16	pussy tell car news self
POOL	2931	0.856738832	2,4,7,11,12,16	pull he bash cons a self
POOL	2932	0.856731588	2,6,11,12,13,16	pull tit cons a sheep else
POOL	2933	0.856719551	1,4,7,11,16	app out t-back cons self
POOL	2934	0.856708774	3,7,11,12,13,16	took eat khan's a shh elf
POOL	2935	0.856689494	3,7,11,12,15,16	took eat cons a share see
POOL	2936	0.856689457	4,8,11,13,16	book t-back ons ass elf
POOL	2937	0.856685913	1,2,6,7,11,16	up oh tit a ken self
POOL	2938	0.856676184	4,7,9,11,16	pussy bad come news self
POOL	2939	0.856674885	1,4,7,11,16	up tee t-back khan's self
POOL	2940	0.856673437	4,7,11,15,16	pussy bad cars cell see
POOL	2941	0.856672742	3,6,7,11,13,16	took eat a cons us gulf
POOL	2942	0.856662365	1,4,9,13,16	app tea t-back thus else
POOL	2943	0.856659791	3,7,11,12,13,16	pushed eat cars a see else
POOL	2944	0.856657237	1,4,9,13,16	app tea t-back this else
POOL	2945	0.856655874	4,7,11,15,16	pussy bad khan's sell if
POOL	2946	0.856655162	4,7,13,15,16	took bad conscious air off
POOL	2947	0.856635719	3,7,11,12,13,16	taught eat cons a see else
POOL	2948	0.856616483	2,5,7,11,15,16	pull tit boo cons sell if
POOL	2949	0.856615612	2,6,11,12,16	paw t-top cars a self
POOL	2950	0.856602929	2,6,8,11,13,16	pull tit at son's us else
POOL	2951	0.856600553	4,8,11,13,16	pushed t-back r.'s us else
POOL	2952	0.856596659	1,4,7,11,16	up t t-back cause self
POOL	2953	0.856582679	4,8,11,12,13,16	took bak ons a see else
POOL	2954	0.856579572	2,6,11,12,16	took tit axons a self
POOL	2955	0.856568749	3,6,7,13,16	book eat a canvas else
POOL	2956	0.856562761	2,5,8,11,12,16	too tit black ons a self
POOL	2957	0.856552984	4,8,11,13,16	boy t-back ons a else
POOL	2958	0.856545429	4,8,11,12,13,16	took tack ons a shh else
POOL	2959	0.856538678	2,5,7,10,13,16	pull tit bad cause sas else
POOL	2960	0.856532995	3,7,11,12,13,16	pot eat cons a shh else
POOL	2961	0.856521787	3,7,11,12,13,16	took eat cars a see elf
POOL	2962	0.856519482	3,7,11,12,13,16	book eat cons a sh elf
POOL	2963	0.856517603	2,4,7,11,13,16	owe if bad cons us else
POOL	2964	0.856515067	1,4,7,11,16	app t t-back cons self
POOL	2965	0.856503030	2,5,11,12,13,16	too tit bans a shh else
POOL	2966	0.856495848	3,6,7,13,16	taught eat a conscious else
POOL	2967	0.856475304	2,6,11,12,16	book t-top cons a self
POOL	2968	0.856474472	4,7,13,15,16	book bad conscious air if
POOL	2969	0.856473422	1,2,6,7,11,16	up aux ti a cons self
POOL	2970	0.856472835	2,5,9,11,16	too tip back-up news self
POOL	2971	0.856459399	3,6,7,13,16	took eat an conscious else
POOL	2972	0.856459399	3,6,7,13,16	took eat as conscious else
POOL	2973	0.856459399	3,6,7,13,16	took eat at conscious else
POOL	2974	0.856452492	3,6,7,13,16	book eat a kansas elf
POOL	2975	0.856450738	2,8,9,13,16	paw t-back ahh thus else
POOL	2976	0.856447381	1,4,7,11,16	up tee t-back cars self
POOL	2977	0.856446337	4,7,9,13,16	took bad car nervous else
POOL	2978	0.856445609	2,8,9,13,16	paw t-back ahh this else
POOL	2979	0.856442340	1,4,7,11,16	per tea t-back cause self
POOL	2980	0.856433220	4,7,9,11,16	pussy bad ca news self
POOL	2981	0.856430442	2,6,11,12,16	pull shit icons a self
POOL	2982	0.856428369	4,7,11,15,16	pussy bad cars sell if
POOL	2983	0.856426541	2,6,11,12,16	push shit icons a self
POOL	2984	0.856419341	3,7,11,12,13,16	push eat cons a see elf
POOL	2985	0.856418582	2,5,9,11,16	too shit becca news self
POOL	2986	0.856409689	3,7,11,12,15,16	took eat cars a sell see
POOL	2987	0.856405887	3,7,11,12,15,16	took eat khan's a shell see
POOL	2988	0.856397464	1,4,7,11,16	up key t-back cause self
POOL	2989	0.856378578	2,5,9,13,16	too kit back-up thus else
POOL	2990	0.856373449	2,5,9,13,16	too kit back-up this else
POOL	2991	0.856372462	4,7,9,11,16	pussy bad caught news self
POOL	2992	0.856351872	2,6,9,13,16	too t-top at thus else
POOL	2993	0.856351607	2,5,9,13,16	paw tit back-up thus else
POOL	2994	0.856346478	2,5,9,13,16	paw tit back-up this else
POOL	2995	0.856345279	4,8,11,12,13,16	took tech ons a see elf
POOL	2996	0.856344181	4,7,11,15,16	pussy bad cons shell off
POOL	2997	0.856341988	2,5,9,11,16	two tit back-up news self
POOL	2998	0.856317004	1,4,9,13,16	up tea becca thus else
POOL	2999	0.856315872	1,4,7,11,16	app key t-back cons self
POOL	3000	0.856307462	4,7,11,15,16	pussy bad cause cell see
POOL	3001	0.856307243	3,7,11,12,15,16	push eat cons a sell see
POOL	3002	0.856293848	3,7,11,12,13,16	book eat cause a shh else
POOL	3003	0.856293593	4,7,9,11,16	potty bad car news self
POOL	3004	0.856291872	3,5,7,11,12,16	pushed eat bad cars a self
POOL	3005	0.856288169	4,8,11,13,16	boy t-back r.'s ass else
POOL	3006	0.856283908	4,7,11,15,16	putting bad cons cell see
POOL	3007	0.856280624	3,6,7,13,16	book bit a conscious else
POOL	3008	0.856270391	3,6,7,13,16	book hit a conscious else
POOL	3009	0.856267799	3,5,7,11,12,16	taught eat bad cons a self
POOL	3010	0.856263965	2,6,9,13,16	too tit car nervous else
POOL	3011	0.856245471	4,7,11,15,16	pussy bad khan's sell off
POOL	3012	0.856239908	1,4,7,11,13,16	pal tea bee cons us else
POOL	3013	0.856235607	3,7,11,12,13,16	book eat khan's a shh elf
POOL	3014	0.856232050	3,5,7,11,12,16	took eat buy cons a self
POOL	3015	0.856231544	2,5,8,11,12,16	pull tit beck ons a self
POOL	3016	0.856228293	2,5,8,11,12,16	push tit beck ons a self
POOL	3017	0.856225621	2,6,11,12,16	took tit icons a self
POOL	3018	0.856224112	2,5,9,11,16	pull shit back-up news self
POOL	3019	0.856220210	2,5,9,11,16	push shit back-up news self
POOL	3020	0.856218018	2,8,9,13,16	too t-back are thus else
POOL	3021	0.856216327	3,7,11,12,15,16	book eat cons a share see
POOL	3022	0.856205686	2,8,9,13,16	paw t-back awe thus else
POOL	3023	0.856200557	2,8,9,13,16	paw t-back awe this else
POOL	3024	0.856198895	4,7,9,13,16	putting bad car thus else
POOL	3025	0.856193766	4,7,9,13,16	putting bad car this else
POOL	3026	0.856175189	4,8,11,13,16	took t-back r.'s ash else
POOL	3027	0.856163314	4,7,9,13,16	pussy bad ka thus else
POOL	3028	0.856163123	2,6,9,13,16	too shit at nervous else
POOL	3029	0.856158186	4,7,9,13,16	pussy bad ka this else
POOL	3030	0.856156598	4,8,11,13,16	book t-back r.'s s else
POOL	3031	0.856147382	2,4,6,11,13,16	pull qui tube cons us sell
POOL	3032	0.856146965	2,5,8,11,12,16	paw tit black ons a self
POOL	3033	0.856143877	4,8,11,12,13,16	took tak ons a shh else
POOL	3034	0.856139589	3,7,11,12,13,16	pushed eat cons a shh elf
POOL	3035	0.856121902	4,7,11,15,16	putty bad cons cell see
POOL	3036	0.856109512	4,8,11,12,13,16	book bak ons a see else
POOL	3037	0.856104001	3,7,11,12,13,16	took eat cars a sh else
POOL	3038	0.856101718	4,8,11,13,16	pushed t-back ons a else
POOL	3039	0.856094461	2,8,9,13,16	paw t-back ah thus else
POOL	3040	0.856089333	2,8,9,13,16	paw t-back ah this else
POOL	3041	0.856087235	2,5,11,12,13,16	paw tit bans a shh else
POOL	3042	0.856075343	4,8,11,13,16	took t-back r.'s us elf
POOL	3043	0.856072262	4,8,11,12,13,16	book tack ons a shh else
POOL	3044	0.856064069	4,7,13,15,16	book bad conscious air off
POOL	3045	0.856062394	4,7,11,15,16	pussy bad cause sell if
POOL	3046	0.856060853	3,5,7,11,12,16	took eat ban cons a self
POOL	3047	0.856057286	4,7,13,15,16	took bad conscious well if
POOL	3048	0.856047487	2,6,7,10,13,16	pull peat a cause seth else
POOL	3049	0.856042391	4,8,11,13,16	poi t-back ons ass else
POOL	3050	0.856040693	3,5,7,11,12,16	took shit bad cons a self
POOL	3051	0.856038840	4,7,11,15,16	putting bad cons sell if
POOL	3052	0.856036888	4,7,9,13,16	putty bad car thus else
POOL	3053	0.856033232	1,4,9,13,16	up tea t-back nash else
POOL	3054	0.856031760	4,7,9,13,16	putty bad car this else
POOL	3055	0.856030172	4,7,11,15,16	pussy bad cons share if
POOL	3056	0.856019290	2,5,9,11,16	took tit back-up news self
POOL	3057	0.856017967	4,7,11,15,16	pussy bad cars sell off
POOL	3058	0.856016823	2,4,9,12,13,16	pull tea tack a see else
POOL	3059	0.856013571	2,4,9,12,13,16	push tea tack a see else
POOL	3060	0.856013456	3,5,7,11,12,16	putt eat bad cons a self
POOL	3061	0.856013131	3,6,7,13,16	took eat a conscious self
POOL	3062	0.855984501	2,5,8,11,12,16	too tit beck ons a self
POOL	3063	0.855961961	4,6,7,11,13,16	p tube a pons us else
POOL	3064	0.855949197	2,4,7,11,15,16	pull pee bel cons sell if
POOL	3065	0.855936522	3,7,11,12,15,16	book eat cars a sell see
POOL	3066	0.855935737	4,8,11,13,16	pussy tech ons us else
POOL	3067	0.855934454	4,8,11,12,13,16	took tech r.'s a see else
POOL	3068	0.855932721	3,7,11,12,15,16	book eat khan's a shell see
POOL	3069	0.855927493	4,8,11,12,13,16	took tech ons a sh else
POOL	3070	0.855909375	4,7,10,13,16	putting bad cause thus else
POOL	3071	0.855904247	4,7,10,13,16	putting bad cause this else
POOL	3072	0.855896983	2,6,11,12,16	pull tip axons a self
POOL	3073	0.855893942	4,7,11,15,16	pussy bad khan's cell if
POOL	3074	0.855893081	2,6,11,12,16	push tip axons a self
POOL	3075	0.855876834	4,7,11,15,16	putty bad cons sell if
POOL	3076	0.855872112	4,8,11,12,13,16	book tech ons a see elf
POOL	3077	0.855868306	3,6,7,13,16	book eat an conscious else
POOL	3078	0.855868306	3,6,7,13,16	book eat as conscious else
POOL	3079	0.855868306	3,6,7,13,16	book eat at conscious else
POOL	3080	0.855859309	2,5,7,11,13,16	pulls street bad cons us else
POOL	3081	0.855855245	4,7,9,13,16	book bad car nervous else
POOL	3082	0.855854166	1,4,7,11,13,16	up oi bad cons cass else
POOL	3083	0.855836903	4,8,11,13,16	pushed t-back r.'s ass else
POOL	3084	0.855836702	3,7,11,12,15,16	pushed eat cons a shell see
POOL	3085	0.855831899	2,8,9,13,16	too t-back ahh nash else
POOL	3086	0.855828527	4,7,11,15,16	pussy tell cons sell see
POOL	3087	0.855826992	2,5,9,11,16	pull kit becca news self
POOL	3088	0.855826205	4,7,9,11,16	pussy tell cause news self
POOL	3089	0.855823091	2,5,9,11,16	push kit becca news self
POOL	3090	0.855822403	2,5,9,11,16	too tit back-up new self
POOL	3091	0.855803701	2,6,9,11,16	pull tit acta news self
POOL	3092	0.855802832	3,4,6,11,13,16	took ye tube cons us else
POOL	3093	0.855802083	3,7,11,12,15,16	took eat cons a sell shh
POOL	3094	0.855799800	2,6,9,11,16	push tit acta news self
POOL	3095	0.855774746	3,7,11,12,15,16	took eat cars a cell see
POOL	3096	0.855771873	3,7,11,12,15,16	took eat cons a sell fee
POOL	3097	0.855758884	3,5,7,11,12,16	book eat buy cons a self
POOL	3098	0.855747369	4,7,10,13,16	putty bad cause thus else
POOL	3099	0.855743432	3,4,6,7,11,16	took give tube air cons self
POOL	3100	0.855742241	4,7,10,13,16	putty bad cause this else
POOL	3101	0.855732768	2,5,9,13,16	too tit back-up nash else
POOL	3102	0.855717569	2,5,9,13,16	too shit back-up thus else
POOL	3103	0.855712440	2,5,9,13,16	too shit back-up this else
POOL	3104	0.855703168	2,5,9,11,16	too take becca news self
POOL	3105	0.855697897	2,6,11,12,16	paw kit axons a self
POOL	3106	0.855683685	4,7,11,15,16	party bad cons sell see
POOL	3107	0.855672299	3,7,11,12,15,16	push eat cons a cell see
POOL	3108	0.855670711	4,8,11,12,13,16	book tak ons a shh else
POOL	3109	0.855666437	4,7,11,15,16	pussy bad cars cell if
POOL	3110	0.855664047	4,7,11,15,16	took t-back cons sell see
POOL	3111	0.855654336	2,6,10,13,16	too tit add-on thus else
POOL	3112	0.855651992	4,7,11,15,16	pussy bad cause sell off
POOL	3113	0.855651893	2,6,11,12,16	too kit add-on a self
POOL	3114	0.855649208	2,6,10,13,16	too tit add-on this else
POOL	3115	0.855646883	4,7,13,15,16	took bad conscious well off
POOL	3116	0.855644976	3,5,7,11,12,16	pot eat bad khan's a self
POOL	3117	0.855635112	2,4,9,12,13,16	pull tea tech a shh else
POOL	3118	0.855631860	2,4,9,12,13,16	push tea tech a shh else
POOL	3119	0.855628437	4,7,11,15,16	putting bad cons sell off
POOL	3120	0.855624922	2,6,11,12,16	paw tit add-on a self
POOL	3121	0.855619769	4,7,11,15,16	pussy bad cons share off
POOL	3122	0.855615271	2,4,9,12,13,16	pull tea tak a see else
POOL	3123	0.855613181	3,6,7,13,16	took shit a kansas else
POOL	3124	0.855612019	2,4,9,12,13,16	push tea tak a see else
POOL	3125	0.855601658	4,8,11,12,13,16	took black ons a see else
POOL	3126	0.855599796	1,4,7,11,13,16	up tea tel conn us else
POOL	3127	0.855588575	1,4,9,13,16	up t t-back thus else
POOL	3128	0.855587686	3,5,7,11,12,16	book eat ban cons a self
POOL	3129	0.855586847	2,8,9,13,16	too t-back awe nash else
POOL	3130	0.855584096	4,8,11,13,16	book t-back r.'s ash else
POOL	3131	0.855576508	4,8,11,13,16	took t-back ons a elf
POOL	3132	0.855571533	2,6,9,13,16	pull kit at nervous else
POOL	3133	0.855568706	2,5,8,11,12,16	paw tit beck ons a self
POOL	3134	0.855567632	2,6,9,13,16	push kit at nervous else
POOL	3135	0.855567527	3,5,7,11,12,16	book shit bad cons a self
POOL	3136	0.855546041	3,5,7,11,12,16	took eat bath cons a self
POOL	3137	0.855531818	4,7,9,13,16	took bad cause nervous else
POOL	3138	0.855522783	2,5,11,12,13,16	pull tit bans a see elf
POOL	3139	0.855519532	2,5,11,12,13,16	push tit bans a see elf
POOL	3140	0.855511724	4,7,9,13,16	pussy bad car nash else
POOL	3141	0.855508698	2,5,9,11,16	pull take back-up news self
POOL	3142	0.855507391	3,7,11,12,15,16	pushed eat khan's a sell see
POOL	3143	0.855504796	2,5,9,11,16	push take back-up news self
POOL	3144	0.855484250	4,8,11,13,16	book t-back r.'s us elf
POOL	3145	0.855483539	4,7,11,15,16	pussy bad khan's cell off
POOL	3146	0.855475622	2,8,9,13,16	too t-back ah nash else
POOL	3147	0.855469701	1,2,6,11,13,16	up thaw tit cons guess else
POOL	3148	0.855466431	4,7,11,15,16	putty bad cons sell off
POOL	3149	0.855466193	4,7,13,15,16	book bad conscious well if
POOL	3150	0.855461288	4,8,11,12,13,16	book tech r.'s a see else
POOL	3151	0.855459293	4,7,13,15,16	took bad conscious al see
POOL	3152	0.855459065	3,6,7,13,16	pushed eat a conscious elf
POOL	3153	0.855454326	4,8,11,12,13,16	book tech ons a sh else
POOL	3154	0.855448045	2,6,9,13,16	too tit at nervous elf
POOL	3155	0.855446844	4,7,11,15,16	pussy bad khan's shell see
POOL	3156	0.855446125	2,4,8,11,12,16	book tea ack ons a self
POOL	3157	0.855434256	1,4,9,13,16	per tea t-back thus else
POOL	3158	0.855431322	5,7,11,12,16	post-it bad khan's a self
POOL	3159	0.855430913	3,6,7,11,16	put-on eat a khan's self
POOL	3160	0.855427627	3,7,11,12,15,16	took eat cause a sell see
POOL	3161	0.855422038	3,6,7,13,16	book eat a conscious self
POOL	3162	0.855414707	2,5,9,11,16	too tip becca news self
POOL	3163	0.855391218	2,5,11,12,16	too tit batons a self
POOL	3164	0.855389381	1,4,9,13,16	up key t-back thus else
POOL	3165	0.855388975	2,6,9,13,16	too tit at novice else
POOL	3166	0.855382604	2,5,7,11,13,16	pull sip bad cons shh else
POOL	3167	0.855381396	4,7,11,15,16	potty bad cons sell see
POOL	3168	0.855379073	4,7,9,11,16	potty bad cause news self
POOL	3169	0.855349446	2,6,9,13,16	too tit cause nervous else
POOL	3170	0.855346222	3,5,7,11,12,16	took eat bag khan's a self
POOL	3171	0.855343801	4,8,11,13,16	boy t-back ons s else
POOL	3172	0.855338163	2,5,8,11,12,16	pull tit bat ons a self
POOL	3173	0.855334912	2,5,8,11,12,16	push tit bat ons a self
POOL	3174	0.855328916	3,7,11,12,15,16	book eat cons a sell shh
POOL	3175	0.855327264	4,7,9,11,16	pussy teh car news self
POOL	3176	0.855320450	2,5,9,13,16	too kit becca thus else
POOL	3177	0.855318139	4,8,11,12,13,16	took tack ons a see elf
POOL	3178	0.855315321	2,5,9,13,16	too kit becca this else
POOL	3179	0.855311693	4,8,11,13,16	took t-back r.'s ass elf
POOL	3180	0.855309809	3,5,7,11,12,16	pushed eat bad cause a self
POOL	3181	0.855302955	1,4,9,13,16	up tea t-back thus elf
POOL	3182	0.855301579	3,7,11,12,15,16	book eat cars a cell see
POOL	3183	0.855300462	4,7,11,15,16	pussy bad cause cell if
POOL	3184	0.855298706	3,7,11,12,15,16	book eat cons a sell fee
POOL	3185	0.855298369	3,6,7,13,16	pot eat a kansas else
POOL	3186	0.855293478	2,5,9,13,16	paw tit becca thus else
POOL	3187	0.855288349	2,5,9,13,16	paw tit becca this else
POOL	3188	0.855283860	2,5,9,11,16	two tit becca news self
POOL	3189	0.855276908	4,7,11,15,16	putting bad cons cell if
POOL	3190	0.855275740	2,5,11,12,13,16	too tit bans a see elf
POOL	3191	0.855256035	4,7,11,15,16	pussy bad cars cell off
POOL	3192	0.855245924	3,6,7,13,16	took eat yeah kansas else
POOL	3193	0.855239664	3,6,7,13,16	took eat add conscious else
POOL	3194	0.855231321	2,6,8,11,12,16	pull tab at ons a self
POOL	3195	0.855225966	2,8,11,12,16	paw t-back r.'s a self
POOL	3196	0.855223229	3,5,7,11,12,16	took bit bad cons a self
POOL	3197	0.855221143	3,6,7,13,16	part eat a conscious else
POOL	3198	0.855220236	2,5,9,11,16	pull tip back-up news self
POOL	3199	0.855219339	4,7,11,15,16	pussy bad cars shell see
POOL	3200	0.855216335	2,5,9,11,16	push tip back-up news self
POOL	3201	0.855214702	3,5,7,11,12,16	took hit bad cons a self
POOL	3202	0.855203818	5,7,11,12,16	post-it bad cars a self
POOL	3203	0.855203409	3,6,7,11,16	put-on eat a cars self
POOL	3204	0.855193608	3,7,11,12,15,16	pot eat cons a sell see
POOL	3205	0.855173829	4,8,11,12,13,16	took bak ons a shh else
POOL	3206	0.855172087	4,8,11,13,16	pussy tech ons ass else
POOL	3207	0.855167139	3,7,11,12,15,16	took eat cons a cell shh
POOL	3208	0.855162774	3,5,7,11,12,16	push eat bad cars a self
POOL	3209	0.855161795	2,5,7,11,13,16	puck tit ash cons us else
POOL	3210	0.855136930	3,7,11,12,15,16	took eat cons a cell fee
POOL	3211	0.855128491	4,8,11,12,13,16	book black ons a see else
POOL	3212	0.855127340	3,6,7,13,16	foot eat a kansas else
POOL	3213	0.855125979	2,5,9,13,16	pull kit back-up thus else
POOL	3214	0.855122077	2,5,9,13,16	push kit back-up thus else
POOL	3215	0.855120850	2,5,9,13,16	pull kit back-up this else
POOL	3216	0.855116948	2,5,9,13,16	push kit back-up this else
POOL	3217	0.855114902	4,7,11,15,16	putty bad cons cell if
POOL	3218	0.855110908	2,6,9,11,16	paw t-top at news self
POOL	3219	0.855104997	2,5,11,12,13,16	pull tit bans a sh else
POOL	3220	0.855103364	2,8,11,12,16	took t-back ons a self
POOL	3221	0.855101746	2,5,11,12,13,16	push tit bans a sh else
POOL	3222	0.855101622	2,8,9,13,16	too t-back ahh thus elf
POOL	3223	0.855099272	2,6,9,13,16	pull t-top at thus else
POOL	3224	0.855096493	2,8,9,13,16	too t-back ahh this elf
POOL	3225	0.855091120	2,5,8,11,12,16	too tit bat ons a self
POOL	3226	0.855080241	2,8,9,13,16	too t-back a thus else
POOL	3227	0.855073322	1,4,9,13,16	up tee t-back thus else
POOL	3228	0.855072954	4,7,11,15,16	book t-back cons sell see
POOL	3229	0.855072875	3,5,7,11,12,16	book eat bath cons a self
POOL	3230	0.855066595	4,7,11,15,16	pussy tell cons cell see
POOL	3231	0.855065582	2,6,9,11,16	too kit aca news self
POOL	3232	0.855055790	4,7,13,15,16	book bad conscious well off
POOL	3233	0.855051839	3,7,11,13,16	took at-bat cons us else
POOL	3234	0.855038610	2,6,9,11,16	paw tit aca news self
POOL	3235	0.855035099	3,5,7,11,12,16	took eat bang cons a self
POOL	3236	0.855023398	4,8,11,12,13,16	took beck ons a see else
POOL	3237	0.855022088	3,6,7,13,16	book shit a kansas else
POOL	3238	0.855002490	2,5,9,13,16	too tit back-up thus elf
POOL	3239	0.855002155	2,5,9,13,16	too take back-up thus else
POOL	3240	0.854997765	3,5,7,11,12,16	foot eat bad khan's a self
POOL	3241	0.854997362	2,5,9,13,16	too tit back-up this elf
POOL	3242	0.854997026	2,5,9,13,16	too take back-up this else
POOL	3243	0.854990682	4,7,9,11,16	putting bad ka news self
POOL	3244	0.854985415	4,8,11,13,16	book t-back ons a elf
POOL	3245	0.854981582	4,7,9,13,16	pussy tell car thus else
POOL	3246	0.854976453	4,7,9,13,16	pussy tell car this else
POOL	3247	0.854965418	2,8,9,13,16	pull t-back are thus else
POOL	3248	0.854961517	2,8,9,13,16	push t-back are thus else
POOL	3249	0.854954460	3,7,11,12,15,16	book eat cause a sell see
POOL	3250	0.854950318	3,5,7,11,12,16	took eat bat cons a self
POOL	3251	0.854944521	2,5,8,11,13,16	pull cut bak ons us else
POOL	3252	0.854940725	4,7,9,13,16	book bad cause nervous else
POOL	3253	0.854937818	3,5,7,11,12,16	put eat bad cons a self
POOL	3254	0.854936429	4,8,11,12,13,16	took tech ons a shh elf
POOL	3255	0.854921753	4,7,11,15,16	party bad cons cell see
POOL	3256	0.854917042	4,7,9,13,16	pussy bad come thus else
POOL	3257	0.854916588	4,8,11,12,13,16	took tak ons a see elf
POOL	3258	0.854911914	4,7,9,13,16	pussy bad come this else
POOL	3259	0.854911902	3,6,7,11,12,16	peat eat a cons a self
POOL	3260	0.854907315	4,8,11,12,13,16	took tack r.'s a see else
POOL	3261	0.854902115	4,7,11,15,16	took t-back cons cell see
POOL	3262	0.854901598	4,7,9,11,16	putin bad car news self
POOL	3263	0.854900353	4,8,11,12,13,16	took tack ons a sh else
POOL	3264	0.854892535	4,8,11,13,16	pushed t-back ons s else
POOL	3265	0.854890060	4,7,11,15,16	pussy bad cause cell off
POOL	3266	0.854873055	3,5,7,11,12,16	book eat bag khan's a self
POOL	3267	0.854872447	3,7,11,12,15,16	pushed eat khan's a cell see
POOL	3268	0.854868200	4,7,13,15,16	book bad conscious al see
POOL	3269	0.854867057	2,4,6,9,13,16	busch tea tube at this else
POOL	3270	0.854866505	4,7,11,15,16	putting bad cons cell off
POOL	3271	0.854859945	2,5,11,12,13,16	paw tit bans a see elf
POOL	3272	0.854857954	2,5,11,12,13,16	too tit bans a sh else
POOL	3273	0.854856570	2,8,9,13,16	too t-back awe thus elf
POOL	3274	0.854853364	4,7,11,15,16	pussy bad cause shell see
POOL	3275	0.854851441	2,8,9,13,16	too t-back awe this elf
POOL	3276	0.854845791	4,7,9,11,16	pussy bad top news self
POOL	3277	0.854844973	4,8,11,12,13,16	book tack ons a see elf
POOL	3278	0.854842264	4,7,9,11,16	pussy bag car news self
POOL	3279	0.854837843	5,7,11,12,16	post-it bad cause a self
POOL	3280	0.854837434	3,6,7,11,16	put-on eat a cause self
POOL	3281	0.854837184	4,8,11,13,16	poi t-back r.'s us else
POOL	3282	0.854829810	4,7,11,15,16	putting bad cons shell see
POOL	3283	0.854828676	4,7,9,11,16	putty bad ka news self
POOL	3284	0.854826072	4,7,13,15,16	took bad kansas air if
POOL	3285	0.854821527	4,7,11,15,16	pussy tell cons sell if
POOL	3286	0.854810050	3,7,11,12,15,16	took eat cars a shell see
POOL	3287	0.854792683	3,7,11,12,15,16	took eat cause a cell see
POOL	3288	0.854781447	4,7,9,13,16	pussy bad car thus elf
POOL	3289	0.854780457	3,7,11,12,15,16	took eat cons a sell saw
POOL	3290	0.854777037	3,5,7,11,12,16	pushed eat bag cons a self
POOL	3291	0.854776318	4,7,9,13,16	pussy bad car this elf
POOL	3292	0.854774253	4,8,11,13,16	took t-back ons us self
POOL	3293	0.854771300	4,8,11,13,16	boy t-back ons ash else
POOL	3294	0.854760544	3,7,11,12,15,16	took eat khan's a share see
POOL	3295	0.854750063	3,5,7,11,12,16	book bit bad cons a self
POOL	3296	0.854745345	2,8,9,13,16	too t-back ah thus elf
POOL	3297	0.854743861	2,5,8,11,12,16	pull tit bak r.'s a self
POOL	3298	0.854740610	2,5,8,11,12,16	push tit bak r.'s a self
POOL	3299	0.854740216	2,8,9,13,16	too t-back ah this elf
POOL	3300	0.854731100	4,7,11,15,16	putting bad khan's sell see
POOL	3301	0.854720601	4,8,11,13,16	book t-back r.'s ass elf
POOL	3302	0.854718539	2,5,8,11,12,16	pull tit pack ons a self
POOL	3303	0.854715288	2,5,8,11,12,16	push tit pack ons a self
POOL	3304	0.854713694	2,5,9,13,16	too tip back-up thus else
POOL	3305	0.854713111	3,6,7,13,16	push eat a conscious elf
POOL	3306	0.854709053	2,6,11,13,14,16	pull tit cons worth a laugh
POOL	3307	0.854708565	2,5,9,13,16	too tip back-up this else
POOL	3308	0.854707604	3,7,11,12,15,16	push eat cons a shell see
POOL	3309	0.854704716	4,6,7,11,16	pussy bah a cons self
POOL	3310	0.854700662	4,8,11,12,13,16	book bak ons a shh else
POOL	3311	0.854699818	4,7,13,15,16	boy bad conscious air see
POOL	3312	0.854693973	3,7,11,12,15,16	book eat cons a cell shh
POOL	3313	0.854692063	4,7,10,13,16	pussy tell cause thus else
POOL	3314	0.854686934	4,7,10,13,16	pussy tell cause this else
POOL	3315	0.854677978	2,5,11,12,13,16	poo tit bans a see else
POOL	3316	0.854675325	2,5,8,11,12,16	paw tit bat ons a self
POOL	3317	0.854674639	2,5,9,13,16	too tit becca nash else
POOL	3318	0.854674160	2,5,8,11,12,16	pull tit bank ons a self
POOL	3319	0.854674078	4,7,9,13,16	pussy bad ca thus else
POOL	3320	0.854673981	2,6,11,13,16	too tit cons us well-off
POOL	3321	0.854671454	4,8,11,13,16	boy t-back ons us elf
POOL	3322	0.854670909	2,5,8,11,12,16	push tit bank ons a self
POOL	3323	0.854668949	4,7,9,13,16	pussy bad ca this else
POOL	3324	0.854663763	3,7,11,12,15,16	book eat cons a cell fee
POOL	3325	0.854659440	2,5,9,13,16	too shit becca thus else
POOL	3326	0.854657756	1,4,9,13,16	up team t-back thus else
POOL	3327	0.854654832	3,6,7,13,16	book eat yeah kansas else
POOL	3328	0.854654311	2,5,9,13,16	too shit becca this else
POOL	3329	0.854648571	3,6,7,13,16	book eat add conscious else
POOL	3330	0.854632224	3,6,7,13,16	took bit a kansas else
POOL	3331	0.854627575	3,7,11,12,15,16	took eat cons a sell earth
POOL	3332	0.854613320	4,7,9,13,16	pussy bad caught thus else
POOL	3333	0.854608191	4,7,9,13,16	pussy bad caught this else
POOL	3334	0.854599992	3,4,6,7,11,16	took a tube mac cons self
POOL	3335	0.854597205	4,7,9,13,16	pussy bad cause nash else
POOL	3336	0.854584127	4,8,11,13,16	boy t-back r.'s a else
POOL	3337	0.854576063	2,6,7,9,11,16	pull tet a car in. self
POOL	3338	0.854575254	2,4,7,10,13,16	pull tea bad cause this bel
POOL	3339	0.854558664	3,7,11,12,15,16	pot eat cons a cell see
POOL	3340	0.854550231	4,8,11,12,13,16	book beck ons a see else
POOL	3341	0.854548056	2,6,11,13,15,16	pull tek cons us air if
POOL	3342	0.854547220	4,7,10,13,16	party bad cause thus else
POOL	3343	0.854542092	4,7,10,13,16	party bad cause this else
POOL	3344	0.854534451	4,7,9,13,16	potty bad car thus else
POOL	3345	0.854529322	4,7,9,13,16	potty bad car this else
POOL	3346	0.854527582	4,7,10,13,16	took t-back cause thus else
POOL	3347	0.854527437	3,5,7,11,13,16	took eat bad cons ras else
POOL	3348	0.854525604	4,8,11,12,13,16	took tech r.'s a shh else
POOL	3349	0.854522453	4,7,10,13,16	took t-back cause this else
POOL	3350	0.854512271	2,8,11,12,16	book t-back ons a self
POOL	3351	0.854505763	4,8,11,12,13,16	took tak r.'s a see else
POOL	3352	0.854498802	4,8,11,12,13,16	took tak ons a sh else
POOL	3353	0.854496818	2,5,8,11,12,16	too tit bak r.'s a self
POOL	3354	0.854491927	4,7,10,13,16	pussy bad cause thus elf
POOL	3355	0.854491347	2,5,11,12,13,16	pull kit bans a see else
POOL	3356	0.854488095	2,5,11,12,13,16	push kit bans a see else
POOL	3357	0.854486799	4,7,10,13,16	pussy bad cause this elf
POOL	3358	0.854484916	4,7,9,11,16	pussy buy car news self
POOL	3359	0.854480168	2,5,9,13,16	pull tit back-up nash else
POOL	3360	0.854476267	2,5,9,13,16	push tit back-up nash else
POOL	3361	0.854471496	2,5,8,11,12,16	too tit pack ons a self
POOL	3362	0.854464970	2,5,9,13,16	pull shit back-up thus else
POOL	3363	0.854463262	4,8,11,12,13,16	book tech ons a shh elf
POOL	3364	0.854461068	2,5,9,13,16	push shit back-up thus else
POOL	3365	0.854460746	3,7,11,13,16	book at-bat cons us else
POOL	3366	0.854459841	2,5,9,13,16	pull shit back-up this else
POOL	3367	0.854455939	2,5,9,13,16	push shit back-up this else
POOL	3368	0.854452293	4,7,13,15,16	took bad conscious al if
POOL	3369	0.854452187	5,7,11,13,16	footed bad cons us else
POOL	3370	0.854443421	4,8,11,12,13,16	book tak ons a see elf
POOL	3371	0.854438925	4,7,9,11,16	pussy bad car n.'s self
POOL	3372	0.854435358	2,6,11,12,13,16	pull teak carr's a see else
POOL	3373	0.854434148	4,8,11,12,13,16	book tack r.'s a see else
POOL	3374	0.854427187	4,8,11,12,13,16	book tack ons a sh else
POOL	3375	0.854427117	2,5,8,11,12,16	too tit bank ons a self
POOL	3376	0.854420947	2,4,6,11,13,16	up tea tube pons us else
POOL	3377	0.854415954	2,8,11,12,16	poo t-back ons a self
POOL	3378	0.854415670	4,7,13,15,16	took bad kansas air off
POOL	3379	0.854412745	4,7,9,11,16	pussy teh cause news self
POOL	3380	0.854404572	2,6,9,11,16	too shit aca news self
POOL	3381	0.854401737	2,6,10,13,16	pull tit add-on thus else
POOL	3382	0.854397836	2,6,10,13,16	push tit add-on thus else
POOL	3383	0.854396608	2,6,10,13,16	pull tit add-on this else
POOL	3384	0.854392707	2,6,10,13,16	push tit add-on this else
POOL	3385	0.854367326	4,8,11,13,16	took t-back ons s elf
POOL	3386	0.854365570	3,4,7,13,16	took see bad conscious else
POOL	3387	0.854309880	2,5,8,11,12,16	poo tit bak ons a self
POOL	3388	0.854301350	2,4,9,12,16	too tea t-back a self
POOL	3389	0.854288189	3,7,11,13,16	took at-bat cons ass else
POOL	3390	0.854261994	4,7,10,13,16	putting bad con thus else
POOL	3391	0.854256865	4,7,10,13,16	putting bad con this else
POOL	3392	0.854248552	4,7,13,15,16	pushed bad conscious air see
POOL	3393	0.854245307	2,4,9,13,16	too tea t-back 'nuff else
POOL	3394	0.854244932	4,7,10,13,16	potty bad cause thus else
POOL	3395	0.854239803	4,7,10,13,16	potty bad cause this else
POOL	3396	0.854234979	4,7,13,15,16	book bad kansas air if
POOL	3397	0.854234204	3,6,7,10,13,16	took eat a cause says else
POOL	3398	0.854226008	4,7,9,13,16	book t-back car thus else
POOL	3399	0.854218019	1,2,6,7,11,16	up book tit yang cons self
POOL	3400	0.854205915	1,2,6,7,11,16	apt hook tit a cons self
POOL	3401	0.854192808	4,8,11,12,13,16	took black ons a shh else
POOL	3402	0.854158738	5,9,11,13,16	pit back-up news us else
POOL	3403	0.854138618	2,5,11,12,16	pull tit batons a self
POOL	3404	0.854134717	2,5,11,12,16	push tit batons a self
POOL	3405	0.854130017	4,8,11,12,13,16	took bat ons a see else
POOL	3406	0.854123249	2,5,8,11,12,16	pull kit bak ons a self
POOL	3407	0.854119997	2,5,8,11,12,16	push kit bak ons a self
POOL	3408	0.854112560	2,6,11,13,15,16	pull tit cons us men if
POOL	3409	0.854099988	4,7,10,13,16	putty bad con thus else
POOL	3410	0.854099480	4,7,10,13,16	putting bad khan thus else
POOL	3411	0.854094859	4,7,10,13,16	putty bad con this else
POOL	3412	0.854094352	4,7,10,13,16	putting bad khan this else
POOL	3413	0.854088369	4,6,9,13,16	pussy tube at thus else
POOL	3414	0.854087835	3,4,7,13,16	took a bad conscious else
POOL	3415	0.854083166	2,6,9,11,16	too kit acta news self
POOL	3416	0.854081022	2,5,8,11,12,16	paw tit bak r.'s a self
POOL	3417	0.854072809	2,5,7,11,16	too tit bad cons assess
POOL	3418	0.854069617	4,7,13,15,16	took bad conscious el see
POOL	3419	0.854061945	4,7,9,11,16	pussy bad calm news self
POOL	3420	0.854056195	2,6,9,11,16	paw tit acta news self
POOL	3421	0.854055701	2,5,8,11,12,16	paw tit pack ons a self
POOL	3422	0.854052438	4,8,11,12,13,16	book tech r.'s a shh else
POOL	3423	0.854041891	4,7,13,15,16	took bad conscious al off
POOL	3424	0.854032597	4,8,11,12,13,16	book tak r.'s a see else
POOL	3425	0.854025635	4,8,11,12,13,16	book tak ons a sh else
POOL	3426	0.854011321	2,5,8,11,12,16	paw tit bank ons a self
POOL	3427	0.853987079	4,7,9,11,16	putin bad cause news self
POOL	3428	0.853966069	4,7,9,11,16	pussy bad car non self
POOL	3429	0.853949006	2,4,7,13,16	too tea bad cava else
POOL	3430	0.853946539	4,8,11,12,13,16	took bak ons a see elf
POOL	3431	0.853937474	4,7,10,13,16	putty bad khan thus else
POOL	3432	0.853936489	4,7,10,13,16	book t-back cause thus else
POOL	3433	0.853932346	4,7,10,13,16	putty bad khan this else
POOL	3434	0.853931361	4,7,10,13,16	book t-back cause this else
POOL	3435	0.853927745	4,7,9,11,16	pussy bag cause news self
POOL	3436	0.853910332	2,6,11,13,16	too tit cons ass well-off
POOL	3437	0.853909289	4,8,11,12,13,16	took tack ons a shh elf
POOL	3438	0.853876205	2,5,8,11,12,16	too kit bak ons a self
POOL	3439	0.853870147	2,9,11,13,16	ep t-back news us else
POOL	3440	0.853867767	2,6,11,12,13,16	pull tech cons a shi else
POOL	3441	0.853861200	4,7,13,15,16	book bad conscious al if
POOL	3442	0.853851357	3,4,8,11,13,16	took ee tech ons us else
POOL	3443	0.853846878	4,7,9,11,16	pussy by car news self
POOL	3444	0.853846263	2,5,8,11,12,16	pull tit bec ons a self
POOL	3445	0.853843011	2,5,8,11,12,16	push tit bec ons a self
POOL	3446	0.853839239	3,4,7,11,16	took see t-back cons self
POOL	3447	0.853827399	4,8,11,12,13,16	took tech ons a saw else
POOL	3448	0.853824577	4,7,13,15,16	book bad kansas air off
POOL	3449	0.853812983	2,6,9,11,16	pull kit aca news self
POOL	3450	0.853809081	2,6,9,11,16	push kit aca news self
POOL	3451	0.853774477	3,4,7,13,16	book see bad conscious else
POOL	3452	0.853773370	4,7,9,11,16	pussy tell ka news self
POOL	3453	0.853763623	2,5,11,12,13,16	pull tit benz a see else
POOL	3454	0.853762840	2,5,8,11,12,16	pull tit black r.'s a self
POOL	3455	0.853759589	2,5,8,11,12,16	push tit black r.'s a self
POOL	3456	0.853750194	4,7,9,11,16	pussy be car news self
POOL	3457	0.853719641	4,8,11,12,13,16	book black ons a shh else
POOL	3458	0.853699263	3,6,11,13,16	took eat axons us else
POOL	3459	0.853697096	3,7,11,13,16	book at-bat cons ass else
POOL	3460	0.853692818	4,7,13,15,16	boy bad conscious air if
POOL	3461	0.853659874	2,6,7,12,16	too tit a kata self
POOL	3462	0.853659488	3,6,7,11,15,16	took eat a cons sell feng
POOL	3463	0.853646944	4,7,9,11,16	putty tell car news self
POOL	3464	0.853640710	4,6,9,13,16	pussy top at thus else
POOL	3465	0.853640233	2,6,7,13,15,16	pull kick a khan's air if
POOL	3466	0.853623717	2,4,11,13,16	pug tea batons us else
POOL	3467	0.853601073	2,5,8,11,12,16	pull tit bet ons a self
POOL	3468	0.853599219	2,5,8,11,12,16	too tit bec ons a self
POOL	3469	0.853597821	2,5,8,11,12,16	push tit bet ons a self
POOL	3470	0.853576544	2,4,7,9,12,16	pull tea bad car ann's self
POOL	3471	0.853561504	3,4,7,11,16	took a t-back cons self
POOL	3472	0.853530225	2,5,8,11,12,16	pooh tit bak ons a self
POOL	3473	0.853530171	2,6,7,11,16	too tit a cons ansel
POOL	3474	0.853517161	2,6,9,11,16	too tip aca news self
POOL	3475	0.853515797	2,5,8,11,12,16	too tit black r.'s a self
POOL	3476	0.853511024	2,5,7,11,15,16	bull tit bee cons sell if
POOL	3477	0.853497579	2,6,7,12,16	too tit a cava self
POOL	3478	0.853496742	3,4,7,13,16	book a bad conscious else
POOL	3479	0.853485483	2,6,8,11,12,16	pull tit at ons ahh self
POOL	3480	0.853480368	2,8,11,12,16	pooh t-back ons a self
POOL	3481	0.853478524	4,7,13,15,16	book bad conscious el see
POOL	3482	0.853461406	3,4,6,11,13,16	took a tea cons us else
POOL	3483	0.853460410	2,5,8,11,12,16	paw kit bak ons a self
POOL	3484	0.853450798	4,7,13,15,16	book bad conscious al off
POOL	3485	0.853422157	2,6,9,11,16	too shit acta news self
POOL	3486	0.853421382	2,6,11,13,16	pull tit cons us well-off
POOL	3487	0.853417481	2,6,11,13,16	push tit cons us well-off
POOL	3488	0.853395088	5,9,11,13,16	pit back-up news ass else
POOL	3489	0.853390417	2,4,7,9,12,16	pull tea tube khan a self
POOL	3490	0.853354029	2,5,8,11,12,16	too tit bet ons a self
POOL	3491	0.853345311	3,6,11,13,16	took eat icons us else
POOL	3492	0.853328859	2,5,8,11,12,16	poo tit black ons a self
POOL	3493	0.853327639	2,5,8,11,12,16	pull tit bad ons a self
POOL	3494	0.853327193	1,4,9,13,16	app tea becca thus else
POOL	3495	0.853325113	2,6,9,11,16	pull t-top car news self
POOL	3496	0.853324388	2,5,8,11,12,16	push tit bad ons a self
POOL	3497	0.853322064	1,4,9,13,16	app tea becca this else
POOL	3498	0.853321211	2,6,9,11,16	push t-top car news self
POOL	3499	0.853314956	2,4,7,11,12,16	spa tea bad kong's a self
POOL	3500	0.853282416	4,7,13,15,16	boy bad conscious air off
POOL	3501	0.853278603	4,7,10,13,16	pussy teh cause thus else
POOL	3502	0.853277223	2,5,7,9,13,16	could tit bad car nurse else
POOL	3503	0.853273474	4,7,10,13,16	pussy teh cause this else
POOL	3504	0.853269850	2,6,9,11,16	two tit aca news self
POOL	3505	0.853266770	4,6,9,13,16	pussy too at thus else
POOL	3506	0.853257180	2,6,9,11,16	too t-top ack news self
POOL	3507	0.853256994	2,5,8,11,13,16	pull tit bag ons us else
POOL	3508	0.853248147	3,4,7,11,16	book see t-back cons self
POOL	3509	0.853241552	4,7,13,15,16	pushed bad conscious air if
POOL	3510	0.853231398	4,7,13,15,16	took bad conscious l see
POOL	3511	0.853230743	2,4,11,13,16	too piss batons us else
POOL	3512	0.853226828	4,7,13,15,16	took bad conscious elle see
POOL	3513	0.853215003	2,4,11,13,16	pow tea batons 'cause else
POOL	3514	0.853197514	2,6,8,11,13,16	p tit at ons ask else
POOL	3515	0.853190952	3,4,7,11,13,16	took a bad cons in else
POOL	3516	0.853185926	2,6,8,11,16	too t-top at ons self
POOL	3517	0.853184580	2,5,8,11,12,16	pull tit beck r.'s a self
POOL	3518	0.853184449	2,7,11,13,16	could t-back cons us else
POOL	3519	0.853183424	2,5,8,11,12,16	paw tit bec ons a self
POOL	3520	0.853151973	2,6,9,11,16	pull shit aca news self
POOL	3521	0.853148072	2,6,9,11,16	push shit aca news self
POOL	3522	0.853137485	1,4,9,13,16	up tea t-back ness else
POOL	3523	0.853134508	2,8,11,12,16	took t-back r.'s a self
POOL	3524	0.853126075	5,9,11,13,16	post-it black news us else
POOL	3525	0.853108170	3,6,11,13,16	book eat axons us else
POOL	3526	0.853102117	2,4,6,9,13,16	pull tease tube at this else
POOL	3527	0.853100609	5,9,11,13,16	pit becca news us else
POOL	3528	0.853078134	1,4,9,13,16	up see becca thus else
POOL	3529	0.853062617	4,7,13,15,16	took bad conscious el if
POOL	3530	0.853048751	2,4,9,12,16	pull tea t-back a self
POOL	3531	0.853044849	2,4,9,12,16	push tea t-back a self
POOL	3532	0.853044681	4,7,10,13,16	pussy tell con thus else
POOL	3533	0.853043421	1,4,9,13,16	app tea t-back nash else
POOL	3534	0.853039553	4,7,10,13,16	pussy tell con this else
POOL	3535	0.853007425	2,4,7,10,13,16	aux tea bare cause this else
POOL	3536	0.853004271	2,4,7,11,15,16	op tea baz cons sell if
POOL	3537	0.853001390	2,5,9,11,12,16	pull tit beak news a self
POOL	3538	0.852976412	2,6,11,13,15,16	pause kitt cons us air if
POOL	3539	0.852970411	3,4,7,11,16	book a t-back cons self
POOL	3540	0.852965261	2,4,6,11,16	too tea top axons health
POOL	3541	0.852947151	2,6,9,11,16	took tit aca news self
POOL	3542	0.852939763	2,6,11,13,16	too tit cons us alpha
POOL	3543	0.852935613	3,6,11,13,16	took eat axons ass else
POOL	3544	0.852916478	4,7,13,15,16	took tell conscious air if
POOL	3545	0.852912788	2,8,11,13,16	tau t-back ons us else
POOL	3546	0.852896610	2,6,7,10,12,16	pull tit a cause uhh self
POOL	3547	0.852896036	2,4,6,7,11,16	pull ding tube i.'s cons self
POOL	3548	0.852877584	3,6,7,9,13,16	took eat l car this else
POOL	3549	0.852848049	2,6,7,10,13,16	pull tit bad col this else
POOL	3550	0.852847526	3,7,11,13,16	took iba cons us else
POOL	3551	0.852831149	4,7,13,15,16	pushed bad conscious air off
POOL	3552	0.852830567	2,6,9,11,16	pull kit acta news self
POOL	3553	0.852826666	2,6,9,11,16	push kit acta news self
POOL	3554	0.852820210	2,5,7,11,16	pull tit bad cons assess
POOL	3555	0.852816308	2,5,7,11,16	push tit bad cons assess
POOL	3556	0.852803248	1,4,9,13,16	app out t-back thus else
POOL	3557	0.852794362	1,4,9,13,16	up see t-back nash else
POOL	3558	0.852754218	3,6,11,13,16	book eat icons us else
POOL	3559	0.852750265	2,6,9,11,16	too tit aca new self
POOL	3560	0.852737099	3,7,11,13,16	took at-bat khan's us else
POOL	3561	0.852699991	3,6,7,11,15,16	took knit a cons sell fur
POOL	3562	0.852698059	1,4,9,13,16	up tea becca nash else
POOL	3563	0.852693593	2,9,11,13,16	too t-back eth us else
POOL	3564	0.852681202	2,6,10,13,16	too kit add-on thus else
POOL	3565	0.852676074	2,6,10,13,16	too kit add-on this else
POOL	3566	0.852657732	2,6,11,13,16	pull tit cons ass well-off
POOL	3567	0.852654231	2,6,10,13,16	paw tit add-on thus else
POOL	3568	0.852653831	2,6,11,13,16	push tit cons ass well-off
POOL	3569	0.852652215	4,7,13,15,16	took bad conscious el off
POOL	3570	0.852649102	2,6,10,13,16	paw tit add-on this else
POOL	3571	0.852640305	4,7,13,15,16	book bad conscious l see
POOL	3572	0.852635735	4,7,13,15,16	book bad conscious elle see
POOL	3573	0.852616427	2,6,11,13,14,16	pull tit cons us ken laugh
POOL	3574	0.852611310	2,4,6,11,16	too tea top icons health
POOL	3575	0.852598764	1,4,9,13,16	app t t-back thus else
POOL	3576	0.852596112	2,5,7,11,16	too tit bad cons e-health
POOL	3577	0.852593635	1,4,9,13,16	app t t-back this else
POOL	3578	0.852592166	3,4,7,11,12,16	took a tear cons a self
POOL	3579	0.852587502	2,6,7,12,16	too tit a karma self
POOL	3580	0.852584387	2,6,7,11,13,16	pull tit a cons us their
POOL	3581	0.852584147	3,7,11,13,16	took at-bat cons a else
POOL	3582	0.852581661	3,6,11,13,16	took eat icons ass else
POOL	3583	0.852549262	5,7,11,12,16	petite bad cons a self
POOL	3584	0.852543415	2,8,11,12,16	book t-back r.'s a self
POOL	3585	0.852534746	2,6,9,11,16	too tip acta news self
POOL	3586	0.852529051	2,6,10,13,16	too t-top cause thus else
POOL	3587	0.852523922	2,6,10,13,16	too t-top cause this else
POOL	3588	0.852510018	4,7,13,15,16	took teh conscious air see
POOL	3589	0.852509595	3,7,11,13,16	took at-bat cars us else
POOL	3590	0.852506076	4,7,13,15,16	took tell conscious air off
POOL	3591	0.852503994	2,4,7,10,12,16	pull quay bad cause a self
POOL	3592	0.852493164	2,6,7,10,13,16	pull tit a cause this ref
POOL	3593	0.852471524	4,7,13,15,16	book bad conscious el if
POOL	3594	0.852462316	2,6,9,11,13,16	awe tit col news us else
POOL	3595	0.852447097	2,8,11,12,16	poo t-back r.'s a self
POOL	3596	0.852418956	2,4,6,11,13,16	par dig tube cons us else
POOL	3597	0.852418083	2,5,11,12,16	too kit batons a self
POOL	3598	0.852407275	2,6,7,12,16	pull tit a kata self
POOL	3599	0.852403373	2,6,7,12,16	push tit a kata self
POOL	3600	0.852402082	1,4,7,11,13,16	up d. pty cons us else
POOL	3601	0.852399570	1,4,9,13,16	app key t-back thus else
POOL	3602	0.852394441	1,4,9,13,16	app key t-back this else
POOL	3603	0.852391112	2,5,11,12,16	paw tit batons a self
POOL	3604	0.852362425	5,9,11,13,16	post-it black news ass else
POOL	3605	0.852344520	3,6,11,13,16	book eat axons ass else
POOL	3606	0.852336959	5,9,11,13,16	pit becca news ass else
POOL	3607	0.852325385	4,7,13,15,16	book tell conscious air if
POOL	3608	0.852313143	1,4,9,13,16	app tea t-back thus elf
POOL	3609	0.852308015	1,4,9,13,16	app tea t-back this elf
POOL	3610	0.852300237	3,4,7,11,13,16	took a bad kun us else
POOL	3611	0.852256433	3,7,11,13,16	book iba cons us else
POOL	3612	0.852256377	3,7,11,12,13,16	took eat cons a shaw else
POOL	3613	0.852253403	1,4,9,13,16	up t becca thus else
POOL	3614	0.852244980	2,6,7,12,16	pull tit a cava self
POOL	3615	0.852241078	2,6,7,12,16	push tit a cava self
POOL	3616	0.852233273	4,7,13,15,16	pushed bad conscious well if
POOL	3617	0.852224398	4,7,13,15,16	took bad conscious l if
POOL	3618	0.852221111	3,6,7,11,15,16	pitt eat a cons sell sir
POOL	3619	0.852219828	4,7,13,15,16	took bad conscious elle if
POOL	3620	0.852215150	4,6,9,13,16	pussy tab at thus else
POOL	3621	0.852212801	4,7,13,15,16	took bad kansas al if
POOL	3622	0.852207448	2,5,7,10,13,16	toss tit bad cause this else
POOL	3623	0.852205022	2,5,7,11,12,16	pull tit pair kohn a self
POOL	3624	0.852182823	3,4,7,13,16	took i bad conscious else
POOL	3625	0.852177743	2,6,8,11,13,16	pol kick at ons us else
POOL	3626	0.852170359	2,5,7,9,13,16	pull it's bad car this else
POOL	3627	0.852146006	3,7,11,13,16	book at-bat khan's us else
POOL	3628	0.852143620	3,7,11,13,16	took at-bat cause us else
POOL	3629	0.852142771	2,6,7,9,11,16	pull tit fan kohn news self
POOL	3630	0.852126078	3,4,7,13,16	took see bad kansas else
POOL	3631	0.852099084	1,4,9,13,16	per tea becca thus else
POOL	3632	0.852090088	3,7,11,13,15,16	took eat cons us air f.'s
POOL	3633	0.852083876	3,7,11,13,16	took iba cons ass else
POOL	3634	0.852083511	1,4,9,13,16	app tee t-back thus else
POOL	3635	0.852078382	1,4,9,13,16	app tee t-back this else
POOL	3636	0.852064084	1,4,9,13,16	up see t-back thus elf
POOL	3637	0.852054208	1,4,9,13,16	up key becca thus else
POOL	3638	0.852033008	1,4,9,13,16	up tea t-back thus self
POOL	3639	0.852031838	4,9,13,15,16	book t-back thus air if
POOL	3640	0.852020193	2,6,10,13,16	too shit add-on thus else
POOL	3641	0.852015064	2,6,10,13,16	too shit add-on this else
POOL	3642	0.851993054	3,7,11,13,16	book at-bat cons a else
POOL	3643	0.851990568	3,6,11,13,16	book eat icons ass else
POOL	3644	0.851982686	5,9,11,13,16	pitt back-up news us else
POOL	3645	0.851973449	3,7,11,13,16	took at-bat khan's ass else
POOL	3646	0.851969631	1,4,9,13,16	up t t-back nash else
POOL	3647	0.851967782	1,4,9,13,16	up tea becca thus elf
POOL	3648	0.851966295	1,4,9,13,16	up tea t-back nes else
POOL	3649	0.851966028	3,6,7,11,16	put-on shit a cons self
POOL	3650	0.851962197	2,6,7,9,12,16	pull dick a car a self
POOL	3651	0.851951586	2,8,11,12,16	too t-back sons' a self
POOL	3652	0.851933326	2,6,8,11,16	pull t-top at ons self
POOL	3653	0.851929425	2,6,8,11,16	push t-top at ons self
POOL	3654	0.851922635	5,9,11,13,16	pushed back-up news us else
POOL	3655	0.851918502	3,7,11,13,16	book at-bat cars us else
POOL	3656	0.851891922	2,4,7,13,16	too day bab conscious else
POOL	3657	0.851857117	1,4,9,13,16	up foot t-back thus else
POOL	3658	0.851855110	4,7,11,15,16	pussy bath cons sell see
POOL	3659	0.851848343	3,4,7,13,16	took a bad kansas else
POOL	3660	0.851848109	2,6,11,13,14,16	taught tit cons us a laugh
POOL	3661	0.851815312	1,4,9,13,16	per tea t-back nash else
POOL	3662	0.851803300	5,9,11,13,16	post-it bak news us else
POOL	3663	0.851799724	1,4,9,13,16	app we t-back thus else
POOL	3664	0.851799109	4,7,11,12,13,16	foote tass cons a see else
POOL	3665	0.851758069	2,5,7,11,16	too tit bad khan's assess
POOL	3666	0.851757074	2,5,11,12,16	too shit batons a self
POOL	3667	0.851749733	4,6,9,13,16	pussy tub at thus else
POOL	3668	0.851745945	3,7,11,13,16	took at-bat cars ass else
POOL	3669	0.851698516	5,7,11,12,16	post-it bag cons a self
POOL	3670	0.851691046	5,9,11,13,16	pit back-up news a else
POOL	3671	0.851665882	4,7,11,12,16	pussy tai cons a self
POOL	3672	0.851656493	3,4,7,11,16	took i t-back cons self
POOL	3673	0.851633719	3,6,7,11,16	took eat a cons assess
POOL	3674	0.851628194	2,5,8,9,13,16	pull tit bhatt ahh this else
POOL	3675	0.851621436	4,9,13,15,16	book t-back thus air off
POOL	3676	0.851598771	3,6,7,11,16	put-on eat yeah cons self
POOL	3677	0.851595305	2,5,7,10,13,16	pull tit bad cause this sell
POOL	3678	0.851591730	3,4,7,13,16	book i bad conscious else
POOL	3679	0.851552527	3,7,11,13,16	book at-bat cause us else
POOL	3680	0.851534985	3,4,7,13,16	book see bad kansas else
POOL	3681	0.851530565	2,5,7,11,16	too tit bad cars assess
POOL	3682	0.851526534	3,4,6,7,11,16	took pee tube a tonnes self
POOL	3683	0.851524499	3,4,7,11,16	took see t-back khan's self
POOL	3684	0.851511511	2,8,11,12,16	pooh t-back r.'s a self
POOL	3685	0.851492783	3,7,11,13,16	book iba cons ass else
POOL	3686	0.851428603	2,6,10,13,16	pull kit add-on thus else
POOL	3687	0.851424701	2,6,10,13,16	push kit add-on thus else
POOL	3688	0.851423474	2,6,10,13,16	pull kit add-on this else
POOL	3689	0.851419573	2,6,10,13,16	push kit add-on this else
POOL	3690	0.851404038	4,6,9,13,16	took tube at nervous else
POOL	3691	0.851384590	4,6,7,11,16	pussy tube tha cons self
POOL	3692	0.851382356	3,7,11,13,16	book at-bat khan's ass else
POOL	3693	0.851379970	3,7,11,13,16	took at-bat cause ass else
POOL	3694	0.851374965	3,7,11,13,16	took at-bat cons s else
POOL	3695	0.851343513	2,5,7,11,16	pull tit bad cons e-health
POOL	3696	0.851341168	5,7,11,12,16	post-it buy cons a self
POOL	3697	0.851339611	2,5,7,11,16	push tit bad cons e-health
POOL	3698	0.851334903	2,6,7,12,16	pull tit a karma self
POOL	3699	0.851331001	2,6,7,12,16	push tit a karma self
POOL	3700	0.851329537	2,6,8,9,13,16	pull teach at ahh this else
POOL	3701	0.851305115	2,6,10,13,16	too tit add-on thus elf
POOL	3702	0.851301244	2,4,9,12,16	paw tea t-back a self
POOL	3703	0.851299986	2,6,10,13,16	too tit add-on this elf
POOL	3704	0.851296995	3,4,7,11,16	took see t-back cars self
POOL	3705	0.851276452	2,6,10,13,16	pull t-top cause thus else
POOL	3706	0.851272550	2,6,10,13,16	push t-top cause thus else
POOL	3707	0.851271323	2,6,10,13,16	pull t-top cause this else
POOL	3708	0.851267422	2,6,10,13,16	push t-top cause this else
POOL	3709	0.851264353	2,6,8,9,13,16	pull tit suck ahh this else
POOL	3710	0.851263603	4,6,8,11,13,16	taught tube at ons f.'s else
POOL	3711	0.851260738	3,4,7,11,12,16	took m bad cons a self
POOL	3712	0.851257250	3,4,7,13,16	book a bad kansas else
POOL	3713	0.851246764	3,4,7,11,16	took a t-back khan's self
POOL	3714	0.851231571	3,6,11,13,16	took eat axons a else
POOL	3715	0.851227826	3,7,11,13,16	pushed at-bat cons us else
POOL	3716	0.851219036	5,9,11,13,16	pitt back-up news ass else
POOL	3717	0.851217069	2,6,8,11,16	too t-top at r.'s self
POOL	3718	0.851183485	3,4,9,11,13,16	took a tek news us else
POOL	3719	0.851182823	3,4,7,13,16	took if bad conscious else
POOL	3720	0.851182823	3,4,7,13,16	took in bad conscious else
POOL	3721	0.851182823	3,4,7,13,16	took is bad conscious else
POOL	3722	0.851165484	2,5,11,12,16	pull kit batons a self
POOL	3723	0.851161583	2,5,11,12,16	push kit batons a self
POOL	3724	0.851158985	5,9,11,13,16	pushed back-up news ass else
POOL	3725	0.851156595	4,6,9,13,16	putting tube at thus else
POOL	3726	0.851154852	3,7,11,13,16	book at-bat cars ass else
POOL	3727	0.851119795	5,7,11,12,16	post-it bad comes a self
POOL	3728	0.851119386	3,6,7,11,16	put-on eat a comes self
POOL	3729	0.851099675	2,5,7,11,16	too kit bad cons assess
POOL	3730	0.851065400	3,4,7,11,16	book i t-back cons self
POOL	3731	0.851062479	2,4,9,12,16	too see t-back a self
POOL	3732	0.851042626	3,6,7,11,16	book eat a cons assess
POOL	3733	0.851041660	2,5,11,12,16	too take batons a self
POOL	3734	0.851039650	5,9,11,13,16	post-it bak news ass else
POOL	3735	0.851019260	3,4,7,11,16	took a t-back cars self
POOL	3736	0.851008736	2,6,7,11,13,16	per ticked a cons us else
POOL	3737	0.851000712	2,6,11,12,13,16	pu tit don's a see else
POOL	3738	0.850994589	4,6,9,13,16	putty tube at thus else
POOL	3739	0.850985071	3,6,7,11,16	put-on bit a cons self
POOL	3740	0.850974838	3,6,7,11,16	put-on hit a cons self
POOL	3741	0.850973016	4,8,9,13,16	took t-back ahh thus else
POOL	3742	0.850967887	4,8,9,13,16	took t-back ahh this else
POOL	3743	0.850966177	2,4,9,12,16	too tea becca a self
POOL	3744	0.850936113	4,7,13,15,16	taught bad conscious air see
POOL	3745	0.850933407	3,4,7,11,16	book see t-back khan's self
POOL	3746	0.850931020	3,4,7,11,16	took see t-back cause self
POOL	3747	0.850924557	5,9,11,13,16	pitt becca news us else
POOL	3748	0.850877619	3,6,11,13,16	took eat icons a else
POOL	3749	0.850864507	5,9,11,13,16	pushed becca news us else
POOL	3750	0.850864258	3,6,7,9,13,16	polk eat a car this else
POOL	3751	0.850854960	2,6,7,11,13,16	pull did a cons us f.
POOL	3752	0.850812946	4,6,9,13,16	book tube at nervous else
POOL	3753	0.850802463	3,7,11,13,16	took at-bat cons ash else
POOL	3754	0.850799422	2,6,11,13,14,16	pull tut cons us a laugh
POOL	3755	0.850788877	3,7,11,13,16	book at-bat cause ass else
POOL	3756	0.850783872	3,7,11,13,16	book at-bat cons s else
POOL	3757	0.850769882	4,7,9,11,16	patti bad car news self
POOL	3758	0.850766824	2,5,8,11,13,16	pull tit bak ons kiss else
POOL	3759	0.850753199	2,5,11,12,16	too tip batons a self
POOL	3760	0.850751550	5,9,11,13,16	tit back-up news us else
POOL	3761	0.850746742	2,4,11,13,16	too tea batons en else
POOL	3762	0.850744345	5,9,11,13,16	post-it beck news us else
POOL	3763	0.850727964	4,8,9,13,16	took t-back awe thus else
POOL	3764	0.850722835	4,8,9,13,16	took t-back awe this else
POOL	3765	0.850713972	3,4,6,7,11,16	took a ib a cons self
POOL	3766	0.850708936	4,6,9,13,16	putting top at thus else
POOL	3767	0.850705902	3,4,7,11,16	book see t-back cars self
POOL	3768	0.850702617	3,7,11,13,16	took at-bat cons us elf
POOL	3769	0.850698987	2,8,11,12,16	pull t-back sons' a self
POOL	3770	0.850695085	2,8,11,12,16	push t-back sons' a self
POOL	3771	0.850686740	2,6,7,12,16	too kit a kata self
POOL	3772	0.850679619	2,7,11,12,16	oop t-back cons a self
POOL	3773	0.850674779	2,5,7,10,13,16	pull tit bad are this else
POOL	3774	0.850659769	2,6,7,12,16	paw tit a kata self
POOL	3775	0.850658383	5,9,11,13,16	post-it black news a else
POOL	3776	0.850656493	3,4,7,11,16	took if t-back cons self
POOL	3777	0.850656493	3,4,7,11,16	took in t-back cons self
POOL	3778	0.850656493	3,4,7,11,16	took is t-back cons self
POOL	3779	0.850655671	3,4,7,11,16	book a t-back khan's self
POOL	3780	0.850653285	3,4,7,11,16	took a t-back cause self
POOL	3781	0.850653154	3,6,11,13,16	took eat add-on us else
POOL	3782	0.850641931	3,7,11,13,16	put-on eat cons us else
POOL	3783	0.850640478	3,6,11,13,16	book eat axons a else
POOL	3784	0.850632917	5,9,11,13,16	pit becca news a else
POOL	3785	0.850616739	4,8,9,13,16	took t-back ah thus else
POOL	3786	0.850611610	4,8,9,13,16	took t-back ah this else
POOL	3787	0.850600807	3,5,7,11,13,16	took eat bad sons us else
POOL	3788	0.850591730	3,4,7,13,16	book if bad conscious else
POOL	3789	0.850591730	3,4,7,13,16	book in bad conscious else
POOL	3790	0.850591730	3,4,7,13,16	book is bad conscious else
POOL	3791	0.850584861	2,4,9,11,16	plow tea t-back news self
POOL	3792	0.850572753	3,6,7,11,16	put-on eat an cons self
POOL	3793	0.850572753	3,6,7,11,16	put-on eat as cons self
POOL	3794	0.850572753	3,6,7,11,16	put-on eat at cons self
POOL	3795	0.850563302	5,9,11,13,16	post-it bank news us else
POOL	3796	0.850555068	4,6,9,13,16	pussy tube car thus else
POOL	3797	0.850550673	4,7,9,11,16	pussy bad awe news self
POOL	3798	0.850549939	4,6,9,13,16	pussy tube car this else
POOL	3799	0.850546930	4,6,9,13,16	putty top at thus else
POOL	3800	0.850541557	3,4,7,13,16	pushed see bad conscious else
POOL	3801	0.850537619	3,6,7,11,15,16	took itch a cons sell if
POOL	3802	0.850532786	3,7,11,13,16	took iba khan's us else
POOL	3803	0.850524445	2,6,7,12,16	too kit a cava self
POOL	3804	0.850517273	4,7,11,14,16	pussy bad cons said laugh
POOL	3805	0.850504475	2,5,11,12,16	pull shit batons a self
POOL	3806	0.850500573	2,5,11,12,16	push shit batons a self
POOL	3807	0.850497473	2,6,7,12,16	paw tit a cava self
POOL	3808	0.850489472	2,8,11,12,16	too t-back ons a health
POOL	3809	0.850481872	3,7,11,13,16	push at-bat cons us else
POOL	3810	0.850481863	5,9,11,13,16	pit back-up news s else
POOL	3811	0.850469425	4,6,9,13,16	pussy tube at nash else
POOL	3812	0.850464177	3,7,11,13,16	pushed at-bat cons ass else
POOL	3813	0.850431334	2,6,7,11,12,16	tall tit a cons a help
POOL	3814	0.850428167	3,4,7,11,16	book a t-back cars self
POOL	3815	0.850417956	2,4,9,12,13,16	pull tea tek a see else
POOL	3816	0.850402691	3,4,7,10,13,16	took aye bad cause this else
POOL	3817	0.850381923	4,8,9,13,16	book t-back ahh thus else
POOL	3818	0.850379834	3,7,11,13,16	took iba cons a else
POOL	3819	0.850376794	4,8,9,13,16	book t-back ahh this else
POOL	3820	0.850357541	2,6,9,11,13,16	pull kitt at news us l
POOL	3821	0.850339927	3,4,7,11,16	book see t-back cause self
POOL	3822	0.850332179	2,4,9,11,13,16	pull tea back earns us else
POOL	3823	0.850313944	4,7,11,14,16	pussy bad cons see laugh
POOL	3824	0.850305281	3,7,11,13,16	took iba cars us else
POOL	3825	0.850299653	2,5,11,12,16	took tit batons a self
POOL	3826	0.850294759	4,9,13,15,16	took becca thus air see
POOL	3827	0.850293670	2,4,8,11,13,16	pull tea sack und us else
POOL	3828	0.850288064	5,9,11,13,16	post-it bat news us else
POOL	3829	0.850286526	3,6,11,13,16	book eat icons a else
POOL	3830	0.850271191	2,6,8,11,12,16	pull tit wax ons a self
POOL	3831	0.850269407	3,7,11,13,16	took at-bat khan's a else
POOL	3832	0.850263822	3,4,7,13,16	pushed a bad conscious else
POOL	3833	0.850245887	4,7,11,14,16	pussy bad cons said love
POOL	3834	0.850241332	5,7,11,12,16	post-it ban cons a self
POOL	3835	0.850237749	2,4,9,12,16	too t t-back a self
POOL	3836	0.850234522	5,7,11,12,16	petite bad khan's a self
POOL	3837	0.850216483	3,4,7,13,16	took see tell conscious else
POOL	3838	0.850211370	3,7,11,13,16	book at-bat cons ash else
POOL	3839	0.850189941	2,6,7,11,12,16	pull dick a cons a celts
POOL	3840	0.850185820	2,6,8,11,16	paw t-top at ons self
POOL	3841	0.850180110	2,4,7,11,13,16	pull ski bad cons shi else
POOL	3842	0.850172990	4,6,9,13,16	putty too at thus else
POOL	3843	0.850160908	5,9,11,13,16	pitt becca news ass else
POOL	3844	0.850157022	3,6,7,11,16	took eat a cons e-health
POOL	3845	0.850143954	3,6,11,12,13,16	cut eat cons a see else
POOL	3846	0.850136871	4,8,9,13,16	book t-back awe thus else
POOL	3847	0.850131742	4,8,9,13,16	book t-back awe this else
POOL	3848	0.850125334	2,6,9,11,13,16	pull tit conn. burns' us else
POOL	3849	0.850111524	3,7,11,13,16	book at-bat cons us elf
POOL	3850	0.850107848	2,5,7,11,13,16	putt tit bad cons shah else
POOL	3851	0.850107409	4,6,9,13,16	pussy top car thus else
POOL	3852	0.850100857	5,9,11,13,16	pushed becca news ass else
POOL	3853	0.850081433	3,7,11,13,16	took iqbal cons us else
POOL	3854	0.850080433	3,7,11,13,15,16	took eat cons anne air if
POOL	3855	0.850069259	2,5,7,10,13,16	pull st bad cause this else
POOL	3856	0.850065400	3,4,7,11,16	book if t-back cons self
POOL	3857	0.850065400	3,4,7,11,16	book in t-back cons self
POOL	3858	0.850065400	3,4,7,11,16	book is t-back cons self
POOL	3859	0.850062192	3,4,7,11,16	book a t-back cause self
POOL	3860	0.850062061	3,6,11,13,16	book eat add-on us else
POOL	3861	0.850044777	4,7,11,14,16	pussy bad cons said else
POOL	3862	0.850044280	2,8,11,12,16	too t-back ares a self
POOL	3863	0.850041903	3,7,11,13,16	took at-bat cars a else
POOL	3864	0.850038554	2,4,9,12,16	too key t-back a self
POOL	3865	0.850033221	2,6,7,10,13,16	per tit a cause this else
POOL	3866	0.850025731	2,6,7,12,16	too shit a kata self
POOL	3867	0.850025646	4,8,9,13,16	book t-back ah thus else
POOL	3868	0.850021765	4,6,9,13,16	pussy top at nash else
POOL	3869	0.850020517	4,8,9,13,16	book t-back ah this else
POOL	3870	0.850016348	3,4,7,13,16	took see bad conscious elf
POOL	3871	0.850015227	3,4,7,11,16	pushed see t-back cons self
POOL	3872	0.850009660	4,9,13,15,16	took t-back thus al if
POOL	3873	0.850007018	5,7,11,12,16	petite bad cars a self
POOL	3874	0.849999046	2,6,11,12,13,16	pub t. cons a see else
POOL	3875	0.849991557	5,9,11,13,16	post-it pack news us else
POOL	3876	0.849987900	5,9,11,13,16	tit back-up news ass else
POOL	3877	0.849964470	2,6,8,11,16	pull t-top at r.'s self
POOL	3878	0.849960568	2,6,8,11,16	push t-top at r.'s self
POOL	3879	0.849943331	3,4,7,13,16	took i bad kansas else
POOL	3880	0.849941693	3,7,11,13,16	book iba khan's us else
POOL	3881	0.849939306	3,7,11,13,16	took iba cause us else
POOL	3882	0.849938967	3,7,11,13,16	took at-bat cons ass elf
POOL	3883	0.849938748	3,4,7,13,16	took a tell conscious else
POOL	3884	0.849922937	3,4,9,13,16	took see t-back thus else
POOL	3885	0.849917808	3,4,9,13,16	took see t-back this else
POOL	3886	0.849914262	3,4,6,11,13,16	took key tube coz us else
POOL	3887	0.849889504	3,6,11,13,16	took eat add-on ass else
POOL	3888	0.849878281	3,7,11,13,16	put-on eat cons ass else
POOL	3889	0.849877625	2,4,7,10,12,16	pull tea tau cause a self
POOL	3890	0.849875250	3,6,11,13,16	pushed eat axons us else
POOL	3891	0.849863435	2,6,7,12,16	too shit a cava self
POOL	3892	0.849841448	4,7,11,14,16	pussy bad cons see else
POOL	3893	0.849828502	2,8,11,13,16	too t-back ons gus else
POOL	3894	0.849809880	2,4,9,12,16	pull see t-back a self
POOL	3895	0.849805979	2,4,9,12,16	push see t-back a self
POOL	3896	0.849798252	2,5,7,11,12,16	pull tit bad cons ma self
POOL	3897	0.849794440	4,6,9,13,16	party tube at thus else
POOL	3898	0.849789061	2,5,11,12,16	pull take batons a self
POOL	3899	0.849788741	3,7,11,13,16	book iba cons a else
POOL	3900	0.849785159	2,5,11,12,16	push take batons a self
POOL	3901	0.849769136	3,7,11,13,16	took iba khan's ass else
POOL	3902	0.849750799	3,6,7,11,15,16	took eat tap cons sell if
POOL	3903	0.849748104	3,4,6,11,13,16	took a tube coz us else
POOL	3904	0.849739148	4,6,9,13,16	pussy tube at thus elf
POOL	3905	0.849738613	3,4,7,13,16	took a bad conscious elf
POOL	3906	0.849737492	3,4,7,11,16	pushed a t-back cons self
POOL	3907	0.849729375	2,4,7,13,16	power tea bad khan's else
POOL	3908	0.849722495	2,4,9,12,16	too tee t-back a self
POOL	3909	0.849718222	3,7,11,13,16	push at-bat cons ass else
POOL	3910	0.849714188	3,7,11,13,16	book iba cars us else
POOL	3911	0.849713578	2,4,9,12,16	pull tea becca a self
POOL	3912	0.849709676	2,4,9,12,16	push tea becca a self
POOL	3913	0.849708560	2,5,11,12,16	book tit batons a self
POOL	3914	0.849704973	5,7,11,12,16	post-it bed cons a self
POOL	3915	0.849703666	4,9,13,15,16	book becca thus air see
POOL	3916	0.849698906	2,5,7,11,15,16	up pete bad cons sell if
POOL	3917	0.849684193	3,4,7,11,12,16	took a bad cons ah self
POOL	3918	0.849678314	3,7,11,13,16	book at-bat khan's a else
POOL	3919	0.849675928	3,7,11,13,16	took at-bat cause a else
POOL	3920	0.849651288	3,6,7,11,16	put-on shit a khan's self
POOL	3921	0.849647825	4,6,9,13,16	pussy too at nash else
POOL	3922	0.849645201	3,4,9,13,16	took a t-back thus else
POOL	3923	0.849643580	2,5,7,9,13,16	pull pick bad cuff this else
POOL	3924	0.849641043	5,7,11,12,16	petite bad cause a self
POOL	3925	0.849640549	4,6,9,13,16	pussy tube cause thus else
POOL	3926	0.849635420	4,6,9,13,16	pussy tube cause this else
POOL	3927	0.849626984	4,9,13,15,16	took t-back thus el see
POOL	3928	0.849625390	3,4,7,13,16	book see tell conscious else
POOL	3929	0.849623559	5,7,11,12,16	post-it bath cons a self
POOL	3930	0.849614368	2,6,7,12,16	too kit a karma self
POOL	3931	0.849612243	2,5,11,12,16	poo tit batons a self
POOL	3932	0.849599257	4,9,13,15,16	took t-back thus al off
POOL	3933	0.849587396	2,6,7,12,16	paw tit a karma self
POOL	3934	0.849565929	3,6,7,11,16	book eat a cons e-health
POOL	3935	0.849551247	2,5,11,12,16	too tick batons a self
POOL	3936	0.849541631	3,7,11,13,16	took iba cars ass else
POOL	3937	0.849530819	4,6,9,13,16	took tab at nervous else
POOL	3938	0.849530799	4,6,9,13,16	pussy tube ask thus else
POOL	3939	0.849525670	4,6,9,13,16	pussy tube ask this else
POOL	3940	0.849521299	3,6,11,13,16	pushed eat icons us else
POOL	3941	0.849517868	3,4,7,13,16	push a bad conscious else
POOL	3942	0.849500600	2,5,11,12,16	pull tip batons a self
POOL	3943	0.849496698	2,5,11,12,16	push tip batons a self
POOL	3944	0.849492152	4,6,9,13,16	potty tube at thus else
POOL	3945	0.849490340	3,7,11,13,16	book iqbal cons us else
POOL	3946	0.849484121	3,6,8,11,12,16	took eat ack ons a self
POOL	3947	0.849456394	2,6,7,9,12,16	talk tit a car knees self
POOL	3948	0.849450810	3,7,11,13,16	book at-bat cars a else
POOL	3949	0.849440461	5,7,11,12,16	post-it bad con a self
POOL	3950	0.849440053	3,6,7,11,16	put-on eat a con self
POOL	3951	0.849434141	2,6,7,12,16	pull kit a kata self
POOL	3952	0.849430239	2,6,7,12,16	push kit a kata self
POOL	3953	0.849425255	3,4,7,13,16	book see bad conscious elf
POOL	3954	0.849423783	3,6,7,11,16	put-on shit a cars self
POOL	3955	0.849418567	4,9,13,15,16	book t-back thus al if
POOL	3956	0.849417978	2,5,11,12,16	paw kit batons a self
POOL	3957	0.849383776	5,7,11,12,16	post-it bag khan's a self
POOL	3958	0.849353018	3,6,7,11,16	put-on eat add cons self
POOL	3959	0.849352238	3,4,7,13,16	book i bad kansas else
POOL	3960	0.849350041	3,6,11,13,16	took eat axons us elf
POOL	3961	0.849347655	3,4,7,13,16	book a tell conscious else
POOL	3962	0.849341753	3,4,7,11,16	took i t-back khan's self
POOL	3963	0.849335308	3,4,7,13,16	took eye bad conscious else
POOL	3964	0.849331844	3,4,9,13,16	book see t-back thus else
POOL	3965	0.849326715	3,4,9,13,16	book see t-back this else
POOL	3966	0.849318979	3,6,7,11,16	took eat a khan's assess
POOL	3967	0.849306941	2,5,11,12,16	too pit batons a self
POOL	3968	0.849306929	2,4,9,12,16	too team t-back a self
POOL	3969	0.849291488	4,6,9,13,16	pussy top at thus elf
POOL	3970	0.849288415	6,7,11,13,16	petite a cons sis else
POOL	3971	0.849287758	4,9,13,15,16	took becca thus air if
POOL	3972	0.849284031	3,6,7,11,16	put-on eat yeah khan's self
POOL	3973	0.849283376	4,6,9,13,16	putting tab at thus else
POOL	3974	0.849277948	5,7,11,12,16	post-it bad khan a self
POOL	3975	0.849277539	3,6,7,11,16	put-on eat a khan self
POOL	3976	0.849271846	2,6,7,12,16	pull kit a cava self
POOL	3977	0.849267944	2,6,7,12,16	push kit a cava self
POOL	3978	0.849263282	2,8,11,13,16	too t-back han us else
POOL	3979	0.849261733	4,7,11,14,16	pussy bad cons us laugh
POOL	3980	0.849256605	2,5,7,11,15,16	pull tit bad tunes sell if
POOL	3981	0.849241482	2,5,8,11,13,16	pull tit bak hon us else
POOL	3982	0.849236873	2,8,11,12,16	pull t-back ons a health
POOL	3983	0.849232971	2,8,11,12,16	push t-back ons a health
POOL	3984	0.849213264	2,6,7,11,15,16	pull chit a cons al. if
POOL	3985	0.849209785	2,4,9,12,16	took tea t-back a self
POOL	3986	0.849192890	4,6,9,13,16	pussy top cause thus else
POOL	3987	0.849189862	5,7,11,12,16	post-it bad car a self
POOL	3988	0.849189453	3,6,7,11,16	put-on eat a car self
POOL	3989	0.849156271	5,7,11,12,16	post-it bag cars a self
POOL	3990	0.849147520	3,4,7,13,16	book a bad conscious elf
POOL	3991	0.849128351	2,6,7,11,15,16	pull tint a calm sell if
POOL	3992	0.849114248	3,4,7,11,16	took i t-back cars self
POOL	3993	0.849096272	2,6,7,13,16	too dick a conscious wealth
POOL	3994	0.849091474	3,6,7,11,16	took eat a cars assess
POOL	3995	0.849060008	2,4,7,9,12,16	p tea bad car a self
POOL	3996	0.849057808	3,6,7,11,16	put-on shit a cause self
POOL	3997	0.849056526	3,6,7,11,16	put-on eat yeah cars self
POOL	3998	0.849054109	3,4,9,13,16	book a t-back thus else
POOL	3999	0.849053496	2,6,8,11,12,16	pull tits fat ons a self
POOL	4000	0.849035891	4,9,13,15,16	book t-back thus el see
POOL	4001	0.849026428	5,7,11,12,16	post-it buy khan's a self
POOL	4002	0.849010954	3,6,8,11,12,16	book eat ack ons a self
POOL	4003	0.849010428	5,7,11,12,16	post-it bang cons a self
POOL	4004	0.849008164	4,9,13,15,16	book t-back thus al off
POOL	4005	0.849003987	4,9,13,15,16	took t-back nash air if
POOL	4006	0.848991538	3,4,7,11,16	push a t-back cons self
POOL	4007	0.848990347	4,7,11,14,16	pussy bad cons us love
POOL	4008	0.848985149	2,4,9,12,16	pull t t-back a self
POOL	4009	0.848981248	2,4,9,12,16	push t t-back a self
POOL	4010	0.848951480	2,8,11,12,16	paw t-back sons' a self
POOL	4011	0.848947517	2,6,8,11,13,16	pull tit zach ron us else
POOL	4012	0.848943331	3,4,7,13,16	took if bad kansas else
POOL	4013	0.848943331	3,4,7,13,16	took in bad kansas else
POOL	4014	0.848943331	3,4,7,13,16	took is bad kansas else
POOL	4015	0.848926244	2,4,6,7,11,16	pull ca tube a kos self
POOL	4016	0.848892842	2,8,11,12,16	too kickback ons a self
POOL	4017	0.848877356	4,9,13,15,16	took becca thus air off
POOL	4018	0.848808977	3,4,7,11,16	took eye t-back cons self
POOL	4019	0.848803023	3,4,7,13,16	took see teh conscious else
POOL	4020	0.848798924	5,7,11,12,16	post-it buy cars a self
POOL	4021	0.848798918	4,9,13,15,16	pushed t-back thus air if
POOL	4022	0.848791680	2,8,11,12,16	pull t-back ares a self
POOL	4023	0.848790296	5,7,11,12,16	post-it bag cause a self
POOL	4024	0.848788764	4,9,13,15,16	took t-back thus l see
POOL	4025	0.848787779	2,8,11,12,16	push t-back ares a self
POOL	4026	0.848785955	2,4,9,12,16	pull key t-back a self
POOL	4027	0.848784195	4,9,13,15,16	took t-back thus elle see
POOL	4028	0.848782053	2,4,9,12,16	push key t-back a self
POOL	4029	0.848769964	4,7,11,13,16	pussy bad cons us ere
POOL	4030	0.848756969	2,5,11,12,16	paw shit batons a self
POOL	4031	0.848750660	3,4,7,11,16	book i t-back khan's self
POOL	4032	0.848748273	3,4,7,11,16	took i. t-back cause self
POOL	4033	0.848744215	3,4,7,13,16	book eye bad conscious else
POOL	4034	0.848738127	3,5,8,11,13,16	took eat bak ons us else
POOL	4035	0.848731329	3,6,7,11,13,16	took ys a cons see else
POOL	4036	0.848727886	3,6,7,11,16	book eat a khan's assess
POOL	4037	0.848725499	3,6,7,11,16	took eat a cause assess
POOL	4038	0.848703064	3,6,7,11,16	e-book eat a cons self
POOL	4039	0.848696666	4,9,13,15,16	book becca thus air if
POOL	4040	0.848690551	3,6,7,11,16	put-on eat yeah cause self
POOL	4041	0.848676657	2,5,11,12,16	pooh tit batons a self
POOL	4042	0.848673171	2,5,9,13,15,16	pull tit buck this air if
POOL	4043	0.848670331	3,6,7,11,16	put-on bit a khan's self
POOL	4044	0.848660098	3,6,7,11,16	put-on hit a khan's self
POOL	4045	0.848628355	2,6,8,11,16	too t-top ask ons self
POOL	4046	0.848619984	4,9,13,15,16	took t-back thus el if
POOL	4047	0.848618693	2,4,9,12,16	book tea t-back a self
POOL	4048	0.848616990	2,5,9,11,16	too tit back-up means' self
POOL	4049	0.848597248	4,7,10,13,16	pussy tan cause thus else
POOL	4050	0.848593584	4,9,13,15,16	took t-back nash air off
POOL	4051	0.848586213	3,6,7,11,16	put-on eat ass cons self
POOL	4052	0.848554913	2,4,6,9,13,16	po tea tod at this else
POOL	4053	0.848525288	3,4,7,13,16	took a teh conscious else
POOL	4054	0.848523155	3,4,7,11,16	book i t-back cars self
POOL	4055	0.848522375	2,4,9,12,16	poo tea t-back a self
POOL	4056	0.848520615	2,8,11,12,16	too t-back r.'s a health
POOL	4057	0.848517440	5,7,11,12,16	pulpit bad cons a self
POOL	4058	0.848500381	3,6,7,11,16	book eat a cars assess
POOL	4059	0.848498083	4,7,11,14,16	pussy bad cons ass laugh
POOL	4060	0.848469896	2,4,9,12,16	pull tee t-back a self
POOL	4061	0.848466687	3,4,7,11,12,16	took di bass cons a self
POOL	4062	0.848465995	2,4,9,12,16	push tee t-back a self
POOL	4063	0.848442826	3,6,7,11,16	put-on bit a cars self
POOL	4064	0.848432949	5,7,11,12,16	post-it buy cause a self
POOL	4065	0.848432593	3,6,7,11,16	put-on hit a cars self
POOL	4066	0.848412894	4,9,13,15,16	book t-back nash air if
POOL	4067	0.848411672	2,5,11,12,16	too keep batons a self
POOL	4068	0.848408990	2,5,11,12,16	too sit batons a self
POOL	4069	0.848395871	2,6,7,13,16	too did m. conscious else
POOL	4070	0.848388516	4,9,13,15,16	pushed t-back thus air off
POOL	4071	0.848360233	3,6,7,11,13,16	took beet a conn. us else
POOL	4072	0.848344355	4,8,11,12,16	boy t-back ons a self
POOL	4073	0.848340792	2,6,8,11,13,16	pull kid at ann's us else
POOL	4074	0.848332093	2,6,8,11,16	too t-top ack ons self
POOL	4075	0.848315661	2,6,8,11,16	too t-top act ons self
POOL	4076	0.848298648	2,5,11,12,16	pull tick batons a self
POOL	4077	0.848294746	2,5,11,12,16	push tick batons a self
POOL	4078	0.848293838	3,6,7,11,16	input eat a cons self
POOL	4079	0.848286263	4,9,13,15,16	book becca thus air off
POOL	4080	0.848279480	4,9,13,15,16	took becca thus well if
POOL	4081	0.848264961	3,5,8,11,13,16	book eat bak ons us else
POOL	4082	0.848258013	3,6,7,11,16	put-on eat an khan's self
POOL	4083	0.848258013	3,6,7,11,16	put-on eat as khan's self
POOL	4084	0.848258013	3,6,7,11,16	put-on eat at khan's self
POOL	4085	0.848243181	6,7,11,13,16	petite ads' cons us else
POOL	4086	0.848226697	4,7,11,14,16	pussy bad cons ass love
POOL	4087	0.848218775	2,5,11,12,13,16	pow tit benz a see else
POOL	4088	0.848216963	2,6,8,11,16	paw t-top at r.'s self
POOL	4089	0.848209581	4,9,13,15,16	took t-back thus el off
POOL	4090	0.848202533	4,7,11,14,16	pussy bad khan's said laugh
POOL	4091	0.848197672	4,9,13,15,16	book t-back thus l see
POOL	4092	0.848193102	4,9,13,15,16	book t-back thus elle see
POOL	4093	0.848178739	3,6,7,10,13,16	took eat a cuz this else
POOL	4094	0.848153209	4,7,11,14,16	pussy bad cons said leaf
POOL	4095	0.848143338	2,6,11,13,16	too tit cons us alfa
POOL	4096	0.848134406	3,6,7,11,16	book eat a cause assess
POOL	4097	0.848118277	2,6,11,12,13,16	pull tit cons a see yells
POOL	4098	0.848094361	2,6,8,11,16	took t-top at ons self
POOL	4099	0.848084081	2,6,8,11,12,16	pod tit at ons a self
POOL	4100	0.848081518	2,5,11,12,16	too eat batons a self
POOL	4101	0.848076851	3,6,7,11,16	put-on bit a cause self
POOL	4102	0.848071607	2,5,7,11,15,16	pah tit bad cons sell thought
POOL	4103	0.848068060	2,6,7,9,12,16	poop tit a car a self
POOL	4104	0.848062374	2,4,9,12,16	paw see t-back a self
POOL	4105	0.848054342	2,5,11,12,16	pull pit batons a self
POOL	4106	0.848054330	2,4,9,12,16	pull team t-back a self
POOL	4107	0.848050440	2,5,11,12,16	push pit batons a self
POOL	4108	0.848050429	2,4,9,12,16	push team t-back a self
POOL	4109	0.848044261	2,4,7,10,12,16	up tea bad cause a self
POOL	4110	0.848041555	2,5,11,12,16	paw take batons a self
POOL	4111	0.848040605	5,7,11,12,16	post-it bad cons a health
POOL	4112	0.848040197	3,6,7,11,16	put-on eat a cons health
POOL	4113	0.848030509	3,6,7,11,16	put-on eat an cars self
POOL	4114	0.848030509	3,6,7,11,16	put-on eat as cars self
POOL	4115	0.848030509	3,6,7,11,16	put-on eat at cars self
POOL	4116	0.848028891	4,9,13,15,16	book t-back thus el if
POOL	4117	0.848002491	4,9,13,15,16	book t-back nash air off
POOL	4118	0.847999204	4,7,11,14,16	pussy bad khan's see laugh
POOL	4119	0.847994747	2,5,7,11,12,16	pull teeth boo cons a self
POOL	4120	0.847994717	4,6,8,11,13,16	push et at ons us else
POOL	4121	0.847975028	4,7,11,14,16	pussy bad cars said laugh
POOL	4122	0.847949880	4,7,11,14,16	pussy bad cons see leaf
POOL	4123	0.847931147	4,7,11,14,16	pussy bad khan's said love
POOL	4124	0.847926592	5,7,11,12,16	post-it ban khan's a self
POOL	4125	0.847921272	2,4,6,11,16	too tea top axons sell
POOL	4126	0.847893088	4,8,11,12,16	pushed t-back ons a self
POOL	4127	0.847869077	4,9,13,15,16	took becca thus well off
POOL	4128	0.847842282	3,6,7,11,16	took eat a khan's e-health
POOL	4129	0.847826669	2,6,11,13,14,16	pull tit cons us a bliss'
POOL	4130	0.847790644	2,7,11,13,16	pulls t-back cons esse else
POOL	4131	0.847785149	2,5,7,11,12,16	pull tit bad cons a nel
POOL	4132	0.847781764	4,9,13,15,16	took t-back thus l if
POOL	4133	0.847779258	2,5,9,11,12,16	pu tit ack news a self
POOL	4134	0.847777195	4,9,13,15,16	took t-back thus elle if
POOL	4135	0.847771699	4,7,11,14,16	pussy bad cars see laugh
POOL	4136	0.847771642	3,5,7,11,13,16	took in bad cons us else
POOL	4137	0.847771219	3,6,7,11,13,16	took ab fan cons us else
POOL	4138	0.847753093	2,5,11,12,16	paw tip batons a self
POOL	4139	0.847743678	3,5,9,11,13,16	took eat pat news us else
POOL	4140	0.847740190	3,4,9,13,16	took i t-back thus else
POOL	4141	0.847740190	4,8,9,13,16	took t-back are thus else
POOL	4142	0.847730367	4,6,11,13,16	pussy tube conned us else
POOL	4143	0.847730037	4,7,11,14,16	pussy bad khan's said else
POOL	4144	0.847699088	5,7,11,12,16	post-it ban cars a self
POOL	4145	0.847688387	4,9,13,15,16	book becca thus well if
POOL	4146	0.847681487	4,9,13,15,16	took becca thus al see
POOL	4147	0.847676358	4,9,13,15,16	took becca this al see
POOL	4148	0.847649737	4,7,11,13,14,16	put bad cons us a fee
POOL	4149	0.847649568	2,4,9,11,16	too tea t-back sun's self
POOL	4150	0.847647673	3,6,8,11,12,16	took eat ask ons a self
POOL	4151	0.847640243	2,8,11,12,16	pull kickback ons a self
POOL	4152	0.847636341	2,8,11,12,16	push kickback ons a self
POOL	4153	0.847636198	2,5,7,11,12,16	pull pitch bad cons a elf
POOL	4154	0.847618488	4,9,13,15,16	book t-back thus el off
POOL	4155	0.847600270	4,8,9,13,16	boy t-back ahh thus else
POOL	4156	0.847595141	4,8,9,13,16	boy t-back ahh this else
POOL	4157	0.847594836	3,4,6,11,13,16	took a tube cons ahh else
POOL	4158	0.847585499	4,7,11,14,16	putting bad cons said laugh
POOL	4159	0.847567320	2,4,6,11,16	too tea top icons sell
POOL	4160	0.847526708	4,7,11,14,16	pussy bad khan's see else
POOL	4161	0.847506410	3,6,7,11,12,16	took eat a cons ya self
POOL	4162	0.847503268	2,6,8,11,16	book t-top at ons self
POOL	4163	0.847489367	2,8,11,12,16	paw t-back ons a health
POOL	4164	0.847471188	2,6,7,13,16	puss tit a tarsus else
POOL	4165	0.847458533	3,5,7,9,13,16	took eat bad qua this else
POOL	4166	0.847452428	4,7,11,14,16	pussy bad cons said loss
POOL	4167	0.847437268	2,6,8,9,13,16	tau tit at ahh this else
POOL	4168	0.847423493	4,7,11,14,16	putty bad cons said laugh
POOL	4169	0.847423195	3,5,7,13,16	took eat bad conscious else
POOL	4170	0.847419344	3,5,11,13,16	took eat batons us else
POOL	4171	0.847418697	2,5,8,9,13,16	pull tit bak ahh rash else
POOL	4172	0.847411683	2,4,6,13,16	too tea ought conscious else
POOL	4173	0.847411427	4,7,11,14,16	pussy bad cons set laugh
POOL	4174	0.847408314	2,6,7,11,12,16	pull did a card a self
POOL	4175	0.847406951	2,6,8,11,16	poo t-top at ons self
POOL	4176	0.847390233	5,7,11,12,16	post-it bed khan's a self
POOL	4177	0.847387094	3,6,8,11,12,16	took eat act ons a self
POOL	4178	0.847382170	4,7,11,14,16	putting bad cons see laugh
POOL	4179	0.847375756	2,6,8,11,16	pull t-top ask ons self
POOL	4180	0.847371854	2,6,8,11,16	push t-top ask ons self
POOL	4181	0.847371362	4,9,13,15,16	took t-back thus l off
POOL	4182	0.847366792	4,9,13,15,16	took t-back thus elle off
POOL	4183	0.847364197	2,5,7,11,13,16	pull d bad cons us ill
POOL	4184	0.847355218	4,8,9,13,16	boy t-back awe thus else
POOL	4185	0.847354071	4,8,9,13,16	took t-back ahh nash else
POOL	4186	0.847350089	4,8,9,13,16	boy t-back awe this else
POOL	4187	0.847333113	5,7,11,12,16	post-it ban cause a self
POOL	4188	0.847326519	2,5,11,12,16	took kit batons a self
POOL	4189	0.847318389	3,6,7,9,13,16	took nib a car this else
POOL	4190	0.847308819	5,7,11,12,16	post-it bath khan's a self
POOL	4191	0.847302706	2,5,11,13,16	too de- batons us else
POOL	4192	0.847291759	2,6,7,9,12,16	pull tea a car nie self
POOL	4193	0.847277984	4,9,13,15,16	book becca thus well off
POOL	4194	0.847277101	2,5,7,11,15,16	pong tit bad cond sell if
POOL	4195	0.847275231	3,6,7,11,15,16	bat eat a cons sell if
POOL	4196	0.847268016	2,8,11,12,16	pull t-back r.'s a health
POOL	4197	0.847264114	2,8,11,12,16	push t-back r.'s a health
POOL	4198	0.847254640	2,8,11,12,16	too t-back n.'s a self
POOL	4199	0.847249099	4,7,11,14,16	pussy bad cons see loss
POOL	4200	0.847243993	4,8,9,13,16	boy t-back ah thus else
POOL	4201	0.847240829	3,6,7,11,12,16	took eat a pars a self
POOL	4202	0.847238864	4,8,9,13,16	boy t-back ah this else
POOL	4203	0.847221901	1,2,6,7,11,16	pre oh tit a cons shall
POOL	4204	0.847220164	4,7,11,14,16	putty bad cons see laugh
POOL	4205	0.847199201	2,8,11,12,16	too t-back runs a self
POOL	4206	0.847192647	4,9,13,15,16	pushed t-back thus al see
POOL	4207	0.847190671	4,9,13,15,16	book t-back thus l if
POOL	4208	0.847190304	1,4,7,11,16	up tea bad cons affair
POOL	4209	0.847186102	4,9,13,15,16	book t-back thus elle if
POOL	4210	0.847174507	3,6,8,11,12,16	book eat ask ons a self
POOL	4211	0.847172246	4,9,13,15,16	pussy tech thus air see
POOL	4212	0.847162728	5,7,11,12,16	post-it bed cars a self
POOL	4213	0.847159340	2,4,6,11,16	too tea top axons cell
POOL	4214	0.847159073	2,5,11,12,16	pull keep batons a self
POOL	4215	0.847156391	2,5,11,12,16	pull sit batons a self
POOL	4216	0.847155171	2,5,11,12,16	push keep batons a self
POOL	4217	0.847152489	2,5,11,12,16	push sit batons a self
POOL	4218	0.847152107	4,7,11,14,16	putty bad cons said love
POOL	4219	0.847149097	3,4,9,13,16	book i t-back thus else
POOL	4220	0.847149097	4,8,9,13,16	book t-back are thus else
POOL	4221	0.847149003	4,8,9,13,16	pushed t-back ahh thus else
POOL	4222	0.847143875	4,8,9,13,16	pushed t-back ahh this else
POOL	4223	0.847140040	4,7,11,14,16	pussy bad cons set love
POOL	4224	0.847109019	4,8,9,13,16	took t-back awe nash else
POOL	4225	0.847099629	2,4,7,11,15,16	polk qi bad cons sell if
POOL	4226	0.847090394	4,9,13,15,16	book becca thus al see
POOL	4227	0.847081314	5,7,11,12,16	post-it bath cars a self
POOL	4228	0.847079493	2,6,8,11,16	pull t-top ack ons self
POOL	4229	0.847075592	2,6,8,11,16	push t-top ack ons self
POOL	4230	0.847063061	2,6,8,11,16	pull t-top act ons self
POOL	4231	0.847059160	2,6,8,11,16	push t-top act ons self
POOL	4232	0.847045328	4,7,11,14,16	took bad cons assess laugh
POOL	4233	0.847044174	2,8,11,12,16	paw t-back ares a self
POOL	4234	0.846997795	4,8,9,13,16	took t-back ah nash else
POOL	4235	0.846985986	3,6,8,11,12,16	pushed eat ack ons a self
POOL	4236	0.846973795	2,6,7,13,16	pushed peat a conscious else
POOL	4237	0.846973760	2,4,7,11,15,16	pull kee bad cons fil if
POOL	4238	0.846968929	3,5,7,9,13,16	took eat baz car this else
POOL	4239	0.846950998	4,7,11,14,16	putty bad cons said else
POOL	4240	0.846948778	4,7,11,14,16	putty bad cons see love
POOL	4241	0.846946993	4,7,11,14,16	pussy bad khan's us laugh
POOL	4242	0.846941634	2,4,6,11,13,16	ep tea tube cons cis else
POOL	4243	0.846938931	4,7,11,14,16	pussy bad cons set else
POOL	4244	0.846923985	2,8,11,12,16	too kickback r.'s a self
POOL	4245	0.846913928	3,6,8,11,12,16	book eat act ons a self
POOL	4246	0.846903951	4,8,9,13,16	pushed t-back awe thus else
POOL	4247	0.846902860	2,5,7,9,13,16	pus tit bell car this else
POOL	4248	0.846899168	2,5,11,13,16	palm tit batons us else
POOL	4249	0.846898823	4,8,9,13,16	pushed t-back awe this else
POOL	4250	0.846897669	4,7,11,14,16	pussy bad cons us leaf
POOL	4251	0.846860021	2,8,11,12,16	took t-back sons' a self
POOL	4252	0.846832116	5,7,11,13,16	post-it uhh cons us else
POOL	4253	0.846832102	3,5,7,13,16	book eat bad conscious else
POOL	4254	0.846828918	2,5,11,12,16	pull eat batons a self
POOL	4255	0.846828251	3,5,11,13,16	book eat batons us else
POOL	4256	0.846825017	2,5,11,12,16	push eat batons a self
POOL	4257	0.846805388	2,4,6,11,16	too tea top icons cell
POOL	4258	0.846796753	5,7,11,12,16	post-it bed cause a self
POOL	4259	0.846792726	4,8,9,13,16	pushed t-back ah thus else
POOL	4260	0.846787598	4,8,9,13,16	pushed t-back ah this else
POOL	4261	0.846774697	4,7,9,11,16	pussy bad car ann's self
POOL	4262	0.846772204	2,4,6,11,16	too tea top axons else
POOL	4263	0.846762978	4,8,9,13,16	book t-back ahh nash else
POOL	4264	0.846740190	3,4,9,13,16	took if t-back thus else
POOL	4265	0.846740190	3,4,9,13,16	took in t-back thus else
POOL	4266	0.846740190	3,4,9,13,16	took is t-back thus else
POOL	4267	0.846735426	2,5,11,12,16	book kit batons a self
POOL	4268	0.846717037	3,6,7,11,13,16	balk eat a cons en else
POOL	4269	0.846715931	2,8,9,13,16	too t-back shah thus else
POOL	4270	0.846715339	5,7,11,12,16	post-it bath cause a self
POOL	4271	0.846695688	5,7,11,12,16	post-it bang khan's a self
POOL	4272	0.846665510	2,5,11,12,16	took shit batons a self
POOL	4273	0.846659499	2,6,8,11,16	too t-top ask r.'s self
POOL	4274	0.846655694	3,5,11,13,16	took eat batons ass else
POOL	4275	0.846654073	2,4,6,13,16	too tea tube conscious ell
POOL	4276	0.846644520	2,7,13,16	too t-back conscious else
POOL	4277	0.846639109	2,5,11,12,16	poo kit batons a self
POOL	4278	0.846623794	4,8,9,13,16	took t-back ahh thus elf
POOL	4279	0.846618665	4,8,9,13,16	took t-back ahh this elf
POOL	4280	0.846602413	4,8,9,13,16	took t-back a thus else
POOL	4281	0.846587764	3,4,9,13,16	took see becca thus else
POOL	4282	0.846582635	3,4,9,13,16	took see becca this else
POOL	4283	0.846557408	2,5,7,9,12,16	pause tit bad car a self
POOL	4284	0.846551142	2,5,11,12,16	paw tick batons a self
POOL	4285	0.846517926	4,8,9,13,16	book t-back awe nash else
POOL	4286	0.846506215	3,6,9,13,16	took eat at nervous else
POOL	4287	0.846501716	5,7,11,12,16	petite bag cons a self
POOL	4288	0.846471365	2,6,8,11,16	pooh t-top at ons self
POOL	4289	0.846437157	3,6,8,11,12,16	took eat ack r.'s a self
POOL	4290	0.846406702	4,8,9,13,16	book t-back ah nash else
POOL	4291	0.846382225	3,5,9,11,12,16	took eat bak news a self
POOL	4292	0.846378742	4,8,9,13,16	took t-back awe thus elf
POOL	4293	0.846375498	4,8,11,12,16	boy t-back r.'s a self
POOL	4294	0.846373613	4,8,9,13,16	took t-back awe this elf
POOL	4295	0.846363236	2,6,8,11,16	too t-top ack r.'s self
POOL	4296	0.846346804	2,6,8,11,16	too t-top act r.'s self
POOL	4297	0.846310029	3,4,9,13,16	took a becca thus else
POOL	4298	0.846309185	2,6,7,11,13,16	p. tit a cons us helps
POOL	4299	0.846306836	2,5,11,12,16	paw pit batons a self
POOL	4300	0.846303992	3,4,9,13,16	took see t-back nash else
POOL	4301	0.846286043	2,6,11,12,13,16	pull peat cons a see ass
POOL	4302	0.846281368	2,4,7,10,12,16	pull tea bad cause e.'s self
POOL	4303	0.846268928	2,8,11,12,16	book t-back sons' a self
POOL	4304	0.846259876	4,6,8,11,12,16	tea tube fat ons a self
POOL	4305	0.846229787	2,4,7,13,16	too tea bad conscious valve
POOL	4306	0.846219683	3,4,6,11,13,16	bush a tube cons else else
POOL	4307	0.846204968	3,6,7,11,13,16	pouch eat mac cons us else
POOL	4308	0.846172611	2,8,11,12,16	poo t-back sons' a self
POOL	4309	0.846149097	3,4,9,13,16	book if t-back thus else
POOL	4310	0.846149097	3,4,9,13,16	book in t-back thus else
POOL	4311	0.846149097	3,4,9,13,16	book is t-back thus else
POOL	4312	0.846125504	2,6,8,11,16	took t-top at r.'s self
POOL	4313	0.846123230	2,6,11,13,15,16	app tit ann's us air if
POOL	4314	0.846121421	4,9,11,13,16	pudding tek news us else
POOL	4315	0.846098924	3,4,9,13,16	pushed see t-back thus else
POOL	4316	0.846093795	3,4,9,13,16	pushed see t-back this else
POOL	4317	0.846086735	3,6,7,11,12,16	bot eat a tom's a self
POOL	4318	0.846074417	2,5,11,12,16	book shit batons a self
POOL	4319	0.846074360	3,5,7,11,12,16	pick eat bad cons a self
POOL	4320	0.846064601	3,5,11,13,16	book eat batons ass else
POOL	4321	0.846028543	4,7,9,11,16	pussy beth car news self
POOL	4322	0.846026257	3,4,9,13,16	took a t-back nash else
POOL	4323	0.846002040	2,8,11,12,16	pull t-back n.'s a self
POOL	4324	0.845998139	2,8,11,12,16	push t-back n.'s a self
POOL	4325	0.845997751	3,4,8,11,12,16	took see tech ons a self
POOL	4326	0.845996671	3,4,9,13,16	book see becca thus else
POOL	4327	0.845992713	2,5,9,13,16	too tweet back-up thus else
POOL	4328	0.845991542	3,4,9,13,16	book see becca this else
POOL	4329	0.845979151	2,5,9,13,16	bull tit back-up thus else
POOL	4330	0.845978099	2,5,11,12,16	poo shit batons a self
POOL	4331	0.845970587	2,5,8,9,13,16	pull tit bak da this else
POOL	4332	0.845963990	3,6,8,11,12,16	book eat ack r.'s a self
POOL	4333	0.845951885	2,4,7,13,16	too tea tag kata else
POOL	4334	0.845950096	2,5,11,12,16	took take batons a self
POOL	4335	0.845946601	2,8,11,12,16	pull t-back runs a self
POOL	4336	0.845942700	2,8,11,12,16	push t-back runs a self
POOL	4337	0.845925678	3,4,7,11,13,16	took a bad cons us alps
POOL	4338	0.845924232	4,8,11,12,16	pushed t-back r.'s a self
POOL	4339	0.845915122	3,6,9,13,16	book eat at nervous else
POOL	4340	0.845909058	3,5,9,11,12,16	book eat bak news a self
POOL	4341	0.845897613	2,6,7,10,12,16	pull tit a don a self
POOL	4342	0.845892736	2,8,11,12,16	paw kickback ons a self
POOL	4343	0.845856888	3,6,8,11,12,16	push eat ack ons a self
POOL	4344	0.845821189	3,4,9,13,16	pushed a t-back thus else
POOL	4345	0.845806830	3,4,7,11,13,16	pus a bad cons guess else
POOL	4346	0.845800129	2,4,7,11,12,16	pull b. bad kwan a self
POOL	4347	0.845791842	2,5,8,11,13,16	pull tate bak dons us else
POOL	4348	0.845785381	3,5,7,11,13,16	took eat bad cons us mess
POOL	4349	0.845748076	1,4,9,13,16	up tea t-back mesh else
POOL	4350	0.845733670	2,4,7,11,12,16	tall tea bad cons oh self
POOL	4351	0.845731705	4,6,11,13,16	pussy ch cons us else
POOL	4352	0.845721966	3,5,7,9,13,16	took beat bad car this else
POOL	4353	0.845718936	3,4,9,13,16	book a becca thus else
POOL	4354	0.845712899	3,4,9,13,16	book see t-back nash else
POOL	4355	0.845705242	2,4,6,11,16	too tea top axons shell
POOL	4356	0.845673269	2,8,10,13,16	paw t-back are thus else
POOL	4357	0.845671386	2,8,11,12,16	pull kickback r.'s a self
POOL	4358	0.845668748	2,5,7,9,13,16	pod tit bad coz this else
POOL	4359	0.845667484	2,8,11,12,16	push kickback r.'s a self
POOL	4360	0.845659399	2,5,7,13,16	too tit bad kata else
POOL	4361	0.845645921	2,6,8,11,16	too tit at honors self
POOL	4362	0.845628250	2,6,8,11,16	paw t-top ask ons self
POOL	4363	0.845612873	2,5,7,11,13,16	pull east m cons us else
POOL	4364	0.845608093	3,6,11,12,13,16	took eat cons a share else
POOL	4365	0.845575731	2,4,8,11,13,16	boe tea duc ons us else
POOL	4366	0.845573715	3,4,9,13,16	took see t-back thus elf
POOL	4367	0.845568586	3,4,9,13,16	took see t-back this elf
POOL	4368	0.845534411	2,6,8,11,16	book t-top at r.'s self
POOL	4369	0.845533986	2,8,11,12,16	too tie-back ons a self
POOL	4370	0.845528935	2,4,7,10,13,16	pull tea ca cam this else
POOL	4371	0.845524585	3,4,8,11,12,16	book see tech ons a self
POOL	4372	0.845520510	2,8,11,12,16	paw t-back r.'s a health
POOL	4373	0.845507854	4,7,11,15,16	potted bad cons sell see
POOL	4374	0.845486355	2,5,7,13,16	too tent bad conscious else
POOL	4375	0.845455198	4,7,11,13,15,16	ti bad cons us il if
POOL	4376	0.845438094	2,6,8,11,16	poo t-top at r.'s self
POOL	4377	0.845435164	3,4,9,13,16	book a t-back nash else
POOL	4378	0.845423685	3,6,7,11,12,16	took beet s. cons a self
POOL	4379	0.845406899	2,6,8,11,16	pull t-top ask r.'s self
POOL	4380	0.845402998	2,6,8,11,16	push t-top ask r.'s self
POOL	4381	0.845401204	3,5,9,11,12,16	took eat black news a self
POOL	4382	0.845351290	2,4,6,11,16	too tea top icons shell
POOL	4383	0.845331987	2,6,8,11,16	paw t-top ack ons self
POOL	4384	0.845315555	2,6,8,11,16	paw t-top act ons self
POOL	4385	0.845295980	3,4,9,13,16	took a t-back thus elf
POOL	4386	0.845290758	3,4,7,11,13,16	took a pah cards' us else
POOL	4387	0.845266254	2,6,8,11,16	too t-top lack ons self
POOL	4388	0.845259416	4,8,11,12,16	pussy tech ons a self
POOL	4389	0.845236202	2,4,11,13,16	too d batons aff else
POOL	4390	0.845223787	3,6,11,12,13,16	took nib cons a see else
POOL	4391	0.845187417	3,7,11,13,15,16	cooke eat cons us air if
POOL	4392	0.845183703	3,5,7,13,16	took eat bad kansas else
POOL	4393	0.845149538	3,6,8,11,12,16	pushed eat ask ons a self
POOL	4394	0.845110637	2,6,8,11,16	pull t-top ack r.'s self
POOL	4395	0.845106735	2,6,8,11,16	push t-top ack r.'s self
POOL	4396	0.845102558	2,5,9,12,13,16	pull tit bak a see else
POOL	4397	0.845099306	2,5,9,12,13,16	push tit bak a see else
POOL	4398	0.845094205	2,6,8,11,16	pull t-top act r.'s self
POOL	4399	0.845093303	3,4,7,11,13,16	took yee ty cons us else
POOL	4400	0.845091104	4,7,9,13,16	pussy tas car thus else
POOL	4401	0.845090303	2,6,8,11,16	push t-top act r.'s self
POOL	4402	0.845075235	3,4,9,13,16	push a t-back thus else
POOL	4403	0.845049910	3,7,11,12,13,16	took eat cons a see ralph
POOL	4404	0.845033619	2,4,9,13,16	por tea t-back rush else
POOL	4405	0.845026411	2,5,7,13,16	awe tit bad conscious else
POOL	4406	0.845007365	2,6,7,10,13,16	op tit hang cause this else
POOL	4407	0.844997128	2,4,7,9,12,16	pull tea bad na a self
POOL	4408	0.844982622	3,4,9,13,16	book see t-back thus elf
POOL	4409	0.844980830	2,4,6,11,16	too tea top axons share
POOL	4410	0.844977493	3,4,9,13,16	book see t-back this elf
POOL	4411	0.844970612	3,4,8,11,12,16	took see tack ons a self
POOL	4412	0.844963285	2,5,11,12,13,16	pull eat benz a see else
POOL	4413	0.844951652	3,5,11,13,16	took eat batons a else
POOL	4414	0.844951436	2,6,7,12,16	too tit a tanya self
POOL	4415	0.844949668	2,4,6,11,16	too tea top axons chef
POOL	4416	0.844942583	2,6,8,11,16	too t-top at sons' self
POOL	4417	0.844928037	3,5,9,11,12,16	book eat black news a self
POOL	4418	0.844892674	3,4,9,13,16	took eye t-back thus else
POOL	4419	0.844888959	3,6,8,11,12,16	pushed eat act ons a self
POOL	4420	0.844888645	4,6,7,11,15,16	te tube a conf sell if
POOL	4421	0.844887815	2,4,8,11,12,16	pull tea czech hons a self
POOL	4422	0.844887545	3,4,9,13,16	took eye t-back this else
POOL	4423	0.844875134	2,6,7,9,12,16	pull tit a co a self
POOL	4424	0.844873109	2,4,9,12,13,16	pow tea tek a see else
POOL	4425	0.844859243	2,6,7,10,13,16	boy tek a cause this else
POOL	4426	0.844855514	2,5,9,12,13,16	too tit bak a see else
POOL	4427	0.844845922	3,6,8,11,12,16	took eat lack ons a self
POOL	4428	0.844843810	3,5,7,11,12,16	took eat dah cons a self
POOL	4429	0.844839017	3,6,8,11,12,16	took eat at ons a self
POOL	4430	0.844822944	3,5,9,11,12,16	took eat beck news a self
POOL	4431	0.844743252	3,6,8,11,12,16	pot eat ack ons a self
POOL	4432	0.844704887	3,4,9,13,16	book a t-back thus elf
POOL	4433	0.844666738	2,5,8,11,13,16	pull type bak ons at else
POOL	4434	0.844654499	2,6,7,10,12,16	pull dip a cause a self
POOL	4435	0.844649684	5,7,11,13,16	post-it bad cons en else
POOL	4436	0.844640346	2,7,13,16	too t-back kansas else
POOL	4437	0.844628339	3,6,8,11,13,16	took eat pet ons us else
POOL	4438	0.844600709	3,6,8,11,12,16	took eat ask r.'s a self
POOL	4439	0.844595717	2,4,6,11,16	too tea top icons chef
POOL	4440	0.844592610	3,5,7,13,16	book eat bad kansas else
POOL	4441	0.844569060	3,4,8,11,12,16	took see tak ons a self
POOL	4442	0.844517605	2,6,7,11,15,16	put tit a cons spell if
POOL	4443	0.844502508	2,6,8,11,16	pooh t-top at r.'s self
POOL	4444	0.844497445	3,4,8,11,12,16	book see tack ons a self
POOL	4445	0.844477947	3,4,6,7,11,16	took a tube a pars self
POOL	4446	0.844405149	2,6,7,11,15,16	pug tit lab cons sell if
POOL	4447	0.844405017	3,4,9,13,16	took i becca thus else
POOL	4448	0.844393321	2,6,8,11,16	pull tit at honors self
POOL	4449	0.844389420	2,6,8,11,16	push tit at honors self
POOL	4450	0.844380453	4,9,13,14,16	took becca thus a laugh
POOL	4451	0.844375518	3,7,11,12,16	took at-bat cons a self
POOL	4452	0.844372756	3,6,8,11,12,16	book eat lack ons a self
POOL	4453	0.844369604	2,6,7,11,16	bow tit a cons offense
POOL	4454	0.844365851	3,6,8,11,12,16	book eat at ons a self
POOL	4455	0.844360559	3,5,11,13,16	book eat batons a else
POOL	4456	0.844352239	3,6,7,13,16	took wheat a conscious else
POOL	4457	0.844349777	3,5,9,11,12,16	book eat beck news a self
POOL	4458	0.844340130	3,6,8,11,12,16	took eat act r.'s a self
POOL	4459	0.844332764	2,7,9,13,16	puck t-back car thus else
POOL	4460	0.844324153	2,8,10,13,16	too t-back are thus elf
POOL	4461	0.844320635	2,5,7,9,12,16	pull type bad car a self
POOL	4462	0.844301581	3,4,9,13,16	book eye t-back thus else
POOL	4463	0.844296452	3,4,9,13,16	book eye t-back this else
POOL	4464	0.844209094	3,4,6,11,13,16	buck a tube cons us else
POOL	4465	0.844185854	3,6,7,13,16	took eat a converse else
POOL	4466	0.844160956	2,4,8,11,12,16	pull tis bap ons a self
POOL	4467	0.844128540	2,9,13,16	too t-back nervous else
POOL	4468	0.844127543	3,6,8,11,12,16	book eat ask r.'s a self
POOL	4469	0.844121537	2,5,9,12,13,16	pull tit black a see else
POOL	4470	0.844121245	3,4,9,13,16	took i t-back nash else
POOL	4471	0.844118285	2,5,9,12,13,16	push tit black a see else
POOL	4472	0.844096681	4,9,13,14,16	took t-back nash a laugh
POOL	4473	0.844096042	3,6,8,11,12,16	foot eat ack ons a self
POOL	4474	0.844095894	3,4,8,11,12,16	book see tak ons a self
POOL	4475	0.844089146	3,4,6,7,11,16	took d. sh a cons self
POOL	4476	0.844073766	2,5,7,11,12,16	tos team bad cons a self
POOL	4477	0.844020440	3,6,8,11,12,16	push eat ask ons a self
POOL	4478	0.844013655	2,6,8,11,16	pull t-top lack ons self
POOL	4479	0.844009753	2,6,8,11,16	push t-top lack ons self
POOL	4480	0.843975584	2,8,10,13,16	too t-back non thus else
POOL	4481	0.843970455	2,8,10,13,16	too t-back non this else
POOL	4482	0.843939022	3,6,8,11,12,16	pushed eat ack r.'s a self
POOL	4483	0.843929564	3,5,9,11,12,16	took eat bat news a self
POOL	4484	0.843916177	3,4,9,13,16	pushed i t-back thus else
POOL	4485	0.843907957	4,9,13,14,16	took becca thus a else
POOL	4486	0.843902430	2,4,7,13,16	pun tea bell conscious else
POOL	4487	0.843891613	4,9,13,14,16	pushed t-back thus a laugh
POOL	4488	0.843884090	3,5,9,11,12,16	pushed eat bak news a self
POOL	4489	0.843874493	2,5,9,12,13,16	too tit black a see else
POOL	4490	0.843874050	2,8,11,12,16	pope t-back ons a self
POOL	4491	0.843866964	3,6,8,11,12,16	book eat act r.'s a self
POOL	4492	0.843859490	2,6,8,11,16	two t-top ask ons self
POOL	4493	0.843857143	2,6,8,9,13,16	pop tit at ahh mesh else
POOL	4494	0.843833941	4,6,11,13,16	pussy tube cons eh else
POOL	4495	0.843828833	2,5,11,13,16	too tit batons ease else
POOL	4496	0.843789360	4,9,13,14,16	book becca thus a laugh
POOL	4497	0.843784425	3,7,11,12,16	book at-bat cons a self
POOL	4498	0.843759861	3,6,8,11,12,16	push eat act ons a self
POOL	4499	0.843742469	3,5,11,13,16	took eat batons s else
POOL	4500	0.843693708	2,5,9,12,13,16	pull tit bak a shh else
POOL	4501	0.843690456	2,5,9,12,13,16	push tit bak a shh else
POOL	4502	0.843689983	2,6,8,11,16	pull t-top at sons' self
POOL	4503	0.843686082	2,6,8,11,16	push t-top at sons' self
POOL	4504	0.843662304	4,6,7,11,16	porta tea a cons self
POOL	4505	0.843661005	2,6,7,11,12,16	pea tit a john's a self
POOL	4506	0.843660118	2,4,8,11,16	toss tea t-back ons self
POOL	4507	0.843659393	2,6,8,11,16	paw t-top ask r.'s self
POOL	4508	0.843648172	4,7,11,13,16	pudding tap kohn us else
POOL	4509	0.843612943	1,2,6,11,13,16	up oh tit cons us arse
POOL	4510	0.843606217	4,7,11,14,16	pussy bad cons said roof
POOL	4511	0.843599182	3,5,7,13,16	pushed eat bad conscious else
POOL	4512	0.843599012	3,4,8,11,12,16	took see bak ons a self
POOL	4513	0.843595331	3,5,11,13,16	pushed eat batons us else
POOL	4514	0.843580632	3,6,7,10,13,16	took eat nash cause this else
POOL	4515	0.843580221	3,6,7,9,12,16	took eat a car le self
POOL	4516	0.843565184	2,4,6,11,16	too tea top axons cells
POOL	4517	0.843563227	2,6,8,11,16	two t-top ack ons self
POOL	4518	0.843550585	2,5,9,10,13,16	boo tit bad new this else
POOL	4519	0.843546795	2,6,8,11,16	two t-top act ons self
POOL	4520	0.843545334	2,6,11,13,14,16	pull dic cons us l. laugh
POOL	4521	0.843536791	2,6,8,11,16	took t-top ask ons self
POOL	4522	0.843529085	2,9,11,13,16	pa t-back tens us else
POOL	4523	0.843505588	4,9,13,14,16	book t-back nash a laugh
POOL	4524	0.843499616	3,4,8,11,12,16	pushed see tech ons a self
POOL	4525	0.843480469	2,6,8,11,16	too t-top at ons health
POOL	4526	0.843456397	3,5,9,11,12,16	book eat bat news a self
POOL	4527	0.843437126	3,6,8,11,12,16	taught eat ack ons a self
POOL	4528	0.843419142	2,4,8,11,16	too dim t-back ons self
POOL	4529	0.843372366	3,6,8,11,12,16	took eat pack ons a self
POOL	4530	0.843363130	2,6,8,11,16	paw t-top ack r.'s self
POOL	4531	0.843351359	4,7,9,12,16	pussy bad car a self
POOL	4532	0.843346698	2,6,8,11,16	paw t-top act r.'s self
POOL	4533	0.843316864	4,9,13,14,16	book becca thus a else
POOL	4534	0.843309939	3,5,9,11,12,16	took eat pack news a self
POOL	4535	0.843297397	2,6,8,11,16	too t-top lack r.'s self
POOL	4536	0.843290839	2,6,8,11,12,16	pull tit at ons a shares
POOL	4537	0.843290559	4,8,11,12,16	pussy tech r.'s a self
POOL	4538	0.843265560	3,5,9,11,12,16	took eat bank news a self
POOL	4539	0.843240528	2,6,8,11,16	took t-top ack ons self
POOL	4540	0.843234580	2,5,8,11,12,16	pub tit bak ons a self
POOL	4541	0.843219762	4,6,9,13,16	pussy cobb at thus else
POOL	4542	0.843214666	4,8,11,12,16	pussy tack ons a self
POOL	4543	0.843210020	3,6,8,11,12,16	took shit ack ons a self
POOL	4544	0.843182783	3,6,8,11,12,16	putt eat ack ons a self
POOL	4545	0.843180321	2,8,10,13,16	too t-back are then else
POOL	4546	0.843169968	3,5,11,13,16	took eat batons ash else
POOL	4547	0.843151376	3,5,11,13,16	book eat batons s else
POOL	4548	0.843142457	2,7,13,16	pull t-back conscious else
POOL	4549	0.843137580	2,7,13,16	push t-back conscious else
POOL	4550	0.843125845	3,4,8,11,12,16	book see bak ons a self
POOL	4551	0.843107536	2,4,7,11,16	power tea bad cons seth
POOL	4552	0.843073973	3,5,7,13,16	took eat bad conscious elf
POOL	4553	0.843071554	2,8,10,13,16	pull t-back are thus elf
POOL	4554	0.843070122	3,5,11,13,16	took eat batons us elf
POOL	4555	0.843067652	2,8,10,13,16	push t-back are thus elf
POOL	4556	0.843022942	3,6,11,12,16	took eat axons a self
POOL	4557	0.843016025	2,5,7,9,13,16	pull tit b odd this else
POOL	4558	0.842988522	3,6,9,13,16	took eat aca thus else
POOL	4559	0.842983784	2,4,6,11,16	too tea tube cons sheriff
POOL	4560	0.842983393	3,6,9,13,16	took eat aca this else
POOL	4561	0.842972914	3,7,9,13,16	took eat car nervous else
POOL	4562	0.842950787	3,4,8,11,12,16	took see tech r.'s a self
POOL	4563	0.842906805	3,6,8,11,12,16	pot eat ask ons a self
POOL	4564	0.842903069	3,5,9,11,12,16	pushed eat black news a self
POOL	4565	0.842899200	3,6,8,11,12,16	book eat pack ons a self
POOL	4566	0.842894400	2,8,10,13,16	poo t-back are thus else
POOL	4567	0.842891521	4,8,11,12,16	pussy black ons a self
POOL	4568	0.842853228	3,5,7,13,16	push eat bad conscious else
POOL	4569	0.842849377	3,5,11,13,16	push eat batons us else
POOL	4570	0.842843844	5,8,11,13,16	post-it black ons us else
POOL	4571	0.842841871	3,4,6,11,13,16	port m tube cons us else
POOL	4572	0.842836773	3,5,9,11,12,16	book eat pack news a self
POOL	4573	0.842831681	3,5,11,13,16	pushed eat batons ass else
POOL	4574	0.842811687	2,5,7,9,12,16	pull tit bad cuz a self
POOL	4575	0.842809924	3,6,8,11,12,16	push eat ack r.'s a self
POOL	4576	0.842806579	4,7,11,13,16	booking bad com us else
POOL	4577	0.842792393	3,5,9,11,12,16	book eat bank news a self
POOL	4578	0.842783963	2,4,8,9,13,16	pull tea but ha this else
POOL	4579	0.842763038	3,5,7,11,13,16	took right dam cons us else
POOL	4580	0.842754992	3,5,9,11,12,16	push eat bak news a self
POOL	4581	0.842736853	3,6,8,11,12,16	book shit ack ons a self
POOL	4582	0.842732804	4,8,11,12,16	pussy tak ons a self
POOL	4583	0.842722985	2,8,10,13,16	pull t-back non thus else
POOL	4584	0.842722464	2,4,7,10,12,16	po tea bel cause a self
POOL	4585	0.842719083	2,8,10,13,16	push t-back non thus else
POOL	4586	0.842717856	2,8,10,13,16	pull t-back non this else
POOL	4587	0.842713954	2,8,10,13,16	push t-back non this else
POOL	4588	0.842705033	3,6,8,11,13,16	took knit at ons us else
POOL	4589	0.842682202	3,6,9,13,16	pushed eat at nervous else
POOL	4590	0.842668990	3,6,11,12,16	took eat icons a self
POOL	4591	0.842659515	2,6,7,10,13,16	pod tit a cause ross' else
POOL	4592	0.842648833	4,7,10,13,16	pulley bad cause thus else
POOL	4593	0.842646226	3,6,8,11,12,16	pot eat act ons a self
POOL	4594	0.842617991	3,4,8,11,12,16	took see black ons a self
POOL	4595	0.842578875	3,5,11,13,16	book eat batons ash else
POOL	4596	0.842482880	3,5,7,13,16	book eat bad conscious elf
POOL	4597	0.842479029	3,5,11,13,16	book eat batons us elf
POOL	4598	0.842477621	3,4,8,11,12,16	book see tech r.'s a self
POOL	4599	0.842472477	3,4,8,11,12,16	pushed see tack ons a self
POOL	4600	0.842462660	3,5,9,11,16	took eat back-up news self
POOL	4601	0.842437395	3,6,8,11,13,16	took eat at ons sis else
POOL	4602	0.842435151	4,9,11,13,16	pussy tek news ask else
POOL	4603	0.842431849	3,6,11,12,16	book eat axons a self
POOL	4604	0.842431453	3,4,8,11,12,16	took eye tech ons a self
POOL	4605	0.842422982	2,4,6,11,16	too tea top axons elf
POOL	4606	0.842407074	2,4,7,11,12,16	oop tea bad cons a f.
POOL	4607	0.842397429	3,6,9,13,16	book eat aca thus else
POOL	4608	0.842392556	3,6,8,11,12,16	took bit ack ons a self
POOL	4609	0.842392300	3,6,9,13,16	book eat aca this else
POOL	4610	0.842384029	3,6,8,11,12,16	took hit ack ons a self
POOL	4611	0.842383619	3,6,8,11,12,16	took eat mac ons a self
POOL	4612	0.842381821	3,7,9,13,16	book eat car nervous else
POOL	4613	0.842370518	3,4,8,11,12,16	push see tech ons a self
POOL	4614	0.842355252	2,5,7,13,16	too tit herb conscious else
POOL	4615	0.842347787	3,6,8,11,12,16	pushed eat lack ons a self
POOL	4616	0.842340882	3,6,8,11,12,16	pushed eat at ons a self
POOL	4617	0.842327642	4,8,11,12,16	putting tech ons a self
POOL	4618	0.842324809	3,5,9,11,12,16	pushed eat beck news a self
POOL	4619	0.842306472	3,5,11,13,16	took eat batons ass elf
POOL	4620	0.842297741	4,9,13,14,16	took t-back thus eh laugh
POOL	4621	0.842292612	4,9,13,14,16	took t-back this eh laugh
POOL	4622	0.842259594	3,6,8,11,12,16	foot eat ask ons a self
POOL	4623	0.842171205	3,7,11,12,16	took iba cons a self
POOL	4624	0.842165636	4,8,11,12,16	putty tech ons a self
POOL	4625	0.842156993	3,6,9,13,16	took eat at nervous elf
POOL	4626	0.842144824	3,4,8,11,12,16	book see black ons a self
POOL	4627	0.842134505	2,6,11,15,16	too tit connors sell see
POOL	4628	0.842115548	2,8,10,13,16	too t-back an thus else
POOL	4629	0.842107145	3,6,8,11,12,16	put eat ack ons a self
POOL	4630	0.842102574	3,6,8,11,12,16	pushed eat ask r.'s a self
POOL	4631	0.842097923	3,6,9,13,16	took eat at novice else
POOL	4632	0.842085727	3,5,11,13,16	push eat batons ass else
POOL	4633	0.842080194	5,8,11,13,16	post-it black ons ass else
POOL	4634	0.842077897	3,6,11,12,16	book eat icons a self
POOL	4635	0.842070925	3,4,8,11,12,16	pushed see tak ons a self
POOL	4636	0.842069031	2,4,6,11,16	too tea top icons elf
POOL	4637	0.842062694	3,6,7,10,13,16	took peat a cause this else
POOL	4638	0.842060778	3,7,11,12,16	took at-bat khan's a self
POOL	4639	0.842058394	3,7,9,13,16	took eat cause nervous else
POOL	4640	0.842052332	2,4,7,13,16	pea til bad conscious else
POOL	4641	0.842039731	3,4,8,11,12,16	took see beck ons a self
POOL	4642	0.842030474	3,6,7,11,12,16	puck eat a cons ee self
POOL	4643	0.842016389	4,9,13,14,16	took becca thus a leaf
POOL	4644	0.842011644	4,8,11,12,16	took t-back ons a health
POOL	4645	0.842006107	3,6,9,13,16	took eat acta thus else
POOL	4646	0.842000978	3,6,9,13,16	took eat acta this else
POOL	4647	0.841999015	3,6,8,11,12,16	foot eat act ons a self
POOL	4648	0.841958814	2,8,10,13,16	pooh t-back are thus else
POOL	4649	0.841958287	3,4,8,11,12,16	book eye tech ons a self
POOL	4650	0.841948644	3,6,9,13,16	took eat ask nervous else
POOL	4651	0.841947571	3,6,8,11,12,16	took eat add ons a self
POOL	4652	0.841936248	3,6,9,13,16	push eat at nervous else
POOL	4653	0.841927721	2,8,10,13,16	pull t-back are then else
POOL	4654	0.841923820	2,8,10,13,16	push t-back are then else
POOL	4655	0.841923648	3,4,8,11,12,16	took see tack r.'s a self
POOL	4656	0.841919389	3,6,8,11,12,16	book bit ack ons a self
POOL	4657	0.841910862	3,6,8,11,12,16	book hit ack ons a self
POOL	4658	0.841910452	3,6,8,11,12,16	book eat mac ons a self
POOL	4659	0.841887024	3,4,7,11,12,16	bud a bad cons a self
POOL	4660	0.841871567	3,5,9,11,16	book eat back-up news self
POOL	4661	0.841870912	3,4,9,11,13,16	took a tek ons us else
POOL	4662	0.841841995	3,6,8,11,12,16	pushed eat act r.'s a self
POOL	4663	0.841833274	3,7,11,12,16	took at-bat cars a self
POOL	4664	0.841827982	3,6,7,11,15,16	took beat elle cons sell if
POOL	4665	0.841825245	4,9,13,14,16	took t-back thus eh else
POOL	4666	0.841773971	3,5,9,11,12,16	push eat black news a self
POOL	4667	0.841765792	2,5,8,11,12,16	pull beat bak ons a self
POOL	4668	0.841753242	2,5,7,10,13,16	tow chick bad cause this else
POOL	4669	0.841732617	4,9,13,14,16	took t-back nash a leaf
POOL	4670	0.841715379	3,5,11,13,16	book eat batons ass elf
POOL	4671	0.841706648	4,9,13,14,16	book t-back thus eh laugh
POOL	4672	0.841701519	4,9,13,14,16	book t-back this eh laugh
POOL	4673	0.841700252	2,4,6,13,16	cao tea tube conscious else
POOL	4674	0.841652382	3,6,9,13,16	took eat ack nervous else
POOL	4675	0.841643569	3,5,7,13,16	took shit bad conscious else
POOL	4676	0.841641357	3,5,9,11,12,16	pot eat bak news a self
POOL	4677	0.841639718	3,5,11,13,16	took shit batons us else
POOL	4678	0.841635950	3,6,9,13,16	took eat act nervous else
POOL	4679	0.841625153	2,5,7,11,16	too tit bad convert self
POOL	4680	0.841596692	3,5,7,11,13,16	post eat bad cons us del
POOL	4681	0.841582862	2,5,7,13,16	pa cat bad conscious else
POOL	4682	0.841580112	3,7,11,12,16	book iba cons a self
POOL	4683	0.841568746	4,8,11,12,16	pussy bak ons a self
POOL	4684	0.841566564	3,4,8,11,12,16	book see beck ons a self
POOL	4685	0.841566452	4,8,11,12,16	took t-back ares a self
POOL	4686	0.841565900	3,6,9,13,16	book eat at nervous elf
POOL	4687	0.841556340	3,5,7,13,16	but eat bad conscious else
POOL	4688	0.841538308	4,6,7,10,13,16	boi bir a cause this else
POOL	4689	0.841536549	3,5,7,11,16	put-on eat bad cons self
POOL	4690	0.841527549	4,9,13,14,16	pushed t-back thus a leaf
POOL	4691	0.841526307	2,6,8,11,12,16	tue tilt at ons a self
POOL	4692	0.841522096	3,4,8,11,12,16	took see tak r.'s a self
POOL	4693	0.841521069	5,8,11,13,16	post-it bak ons us else
POOL	4694	0.841506831	3,6,9,13,16	book eat at novice else
POOL	4695	0.841469685	3,7,11,12,16	book at-bat khan's a self
POOL	4696	0.841467301	3,7,9,13,16	book eat cause nervous else
POOL	4697	0.841467299	3,7,11,12,16	took at-bat cause a self
POOL	4698	0.841450481	3,4,8,11,12,16	book see tack r.'s a self
POOL	4699	0.841432945	2,8,10,13,16	too t-back -san thus else
POOL	4700	0.841431428	3,5,9,11,12,16	pushed eat bat news a self
POOL	4701	0.841427816	2,8,10,13,16	too t-back -san this else
POOL	4702	0.841425296	4,9,13,14,16	book becca thus a leaf
POOL	4703	0.841420551	4,8,11,12,16	book t-back ons a health
POOL	4704	0.841415014	3,6,9,13,16	book eat acta thus else
POOL	4705	0.841409885	3,6,9,13,16	book eat acta this else
POOL	4706	0.841404531	3,5,9,11,16	took eat becca news self
POOL	4707	0.841404314	3,4,8,11,12,16	took eye tack ons a self
POOL	4708	0.841399848	3,4,8,11,16	took see t-back ons self
POOL	4709	0.841382533	2,5,7,11,13,16	polk tit bad cons us stealth
POOL	4710	0.841375649	3,5,7,13,16	took eat bag conscious else
POOL	4711	0.841359690	3,5,7,13,16	pushed eat bad kansas else
POOL	4712	0.841357552	3,6,9,13,16	book eat ask nervous else
POOL	4713	0.841343379	3,4,8,11,12,16	push see tack ons a self
POOL	4714	0.841328757	3,5,7,13,16	pot eat bad conscious else
POOL	4715	0.841324905	3,5,11,13,16	pot eat batons us else
POOL	4716	0.841324047	2,8,10,13,16	paw t-back are thus elf
POOL	4717	0.841315608	4,9,13,14,16	took becca thus a loss
POOL	4718	0.841283760	5,7,11,13,16	post-it bad hon us else
POOL	4719	0.841257940	4,9,13,14,16	pussy tech thus a laugh
POOL	4720	0.841256883	3,4,8,11,12,16	pot see tech ons a self
POOL	4721	0.841245810	4,8,11,12,16	pussy tack r.'s a self
POOL	4722	0.841242181	3,7,11,12,16	book at-bat cars a self
POOL	4723	0.841234152	4,9,13,14,16	book t-back thus eh else
POOL	4724	0.841195711	3,5,9,11,12,16	push eat beck news a self
POOL	4725	0.841157728	3,5,7,13,16	foot eat bad conscious else
POOL	4726	0.841153877	3,5,11,13,16	foot eat batons us else
POOL	4727	0.841146350	3,4,8,11,12,16	took see bat ons a self
POOL	4728	0.841141524	4,9,13,14,16	book t-back nash a leaf
POOL	4729	0.841138282	2,7,13,16	pull t-back kansas else
POOL	4730	0.841133405	2,7,13,16	push t-back kansas else
POOL	4731	0.841127639	3,5,11,13,16	pushed eat batons a else
POOL	4732	0.841122113	3,4,8,11,16	took a t-back ons self
POOL	4733	0.841100877	3,4,8,11,12,16	pushed see bak ons a self
POOL	4734	0.841070345	2,6,8,10,13,16	pull tit at ons this else
POOL	4735	0.841063197	2,4,6,9,13,16	put tim tube at this else
POOL	4736	0.841061289	3,6,9,13,16	book eat ack nervous else
POOL	4737	0.841054206	2,8,10,13,16	too t-back are thus self
POOL	4738	0.841052476	3,5,7,13,16	book shit bad conscious else
POOL	4739	0.841049636	2,4,11,13,16	too tea batons us raf
POOL	4740	0.841048930	3,4,8,11,12,16	book see tak r.'s a self
POOL	4741	0.841048625	3,5,11,13,16	book shit batons us else
POOL	4742	0.841044857	3,6,9,13,16	book eat act nervous else
POOL	4743	0.841028718	2,4,8,9,13,16	pah tea spec ahh this else
POOL	4744	0.841018301	3,5,7,13,16	took eat buy conscious else
POOL	4745	0.841007707	4,9,13,14,16	boy becca thus a laugh
POOL	4746	0.841006487	3,5,9,11,12,16	took eat bak n.'s a self
POOL	4747	0.841002762	3,4,8,11,12,16	took eye tak ons a self
POOL	4748	0.840994146	3,5,9,11,12,16	foot eat bak news a self
POOL	4749	0.840986859	3,4,6,7,11,16	pope a bir a cons self
POOL	4750	0.840975478	2,8,10,13,16	paw t-back non thus else
POOL	4751	0.840975359	4,8,11,12,16	book t-back ares a self
POOL	4752	0.840970350	2,8,10,13,16	paw t-back non this else
POOL	4753	0.840965487	4,8,11,12,16	party tech ons a self
POOL	4754	0.840950738	3,5,7,13,16	took eat bad canvas else
POOL	4755	0.840941827	3,4,8,11,12,16	push see tak ons a self
POOL	4756	0.840931147	3,4,8,11,12,16	book eye tack ons a self
POOL	4757	0.840925643	6,7,11,13,16	petite ash cons hash else
POOL	4758	0.840923704	2,6,7,11,16	too tit a calms ss
POOL	4759	0.840922664	4,8,11,12,16	pussy black r.'s a self
POOL	4760	0.840912833	3,6,7,10,13,16	took eat a cause this help
POOL	4761	0.840896307	2,6,7,11,16	too ticked a cons aswell
POOL	4762	0.840876206	3,7,11,12,16	book at-bat cause a self
POOL	4763	0.840876068	3,5,11,13,16	took shit batons ass else
POOL	4764	0.840874987	5,8,11,13,16	post-it black r.'s us else
POOL	4765	0.840862949	2,8,10,13,16	pull t-back an thus else
POOL	4766	0.840859047	2,8,10,13,16	push t-back an thus else
POOL	4767	0.840850716	2,8,11,12,16	too t-back und a self
POOL	4768	0.840834481	3,5,7,13,16	took eat bad kansas elf
POOL	4769	0.840813438	3,5,9,11,16	book eat becca news self
POOL	4770	0.840811804	3,5,9,11,12,16	pushed eat pack news a self
POOL	4771	0.840808755	3,4,8,11,16	book see t-back ons self
POOL	4772	0.840788839	3,5,11,13,16	but eat batons ass else
POOL	4773	0.840785444	4,9,13,14,16	pussy tech thus a else
POOL	4774	0.840784556	3,5,7,13,16	book eat bag conscious else
POOL	4775	0.840767425	3,5,9,11,12,16	pushed eat bank news a self
POOL	4776	0.840763948	4,8,11,12,16	pussy tak r.'s a self
POOL	4777	0.840761508	4,9,13,14,16	took becca nash a laugh
POOL	4778	0.840757420	5,8,11,13,16	post-it bak ons ass else
POOL	4779	0.840745466	2,4,6,11,16	too tea top axons shells
POOL	4780	0.840735357	2,4,6,13,16	too ca tube conscious else
POOL	4781	0.840726589	3,6,9,13,16	took shit at nervous else
POOL	4782	0.840724515	4,9,13,14,16	book becca thus a loss
POOL	4783	0.840723935	4,9,13,14,16	boy t-back nash a laugh
POOL	4784	0.840716616	2,7,13,16	took t-back conscious else
POOL	4785	0.840703518	3,5,9,13,16	took eat back-up thus else
POOL	4786	0.840698389	3,5,9,13,16	took eat back-up this else
POOL	4787	0.840689196	2,6,7,9,12,16	pull tits a kot a self
POOL	4788	0.840683683	2,5,9,13,15,16	pull tit pak neff air if
POOL	4789	0.840673184	3,4,8,11,12,16	book see bat ons a self
POOL	4790	0.840663198	4,8,11,12,16	potty tech ons a self
POOL	4791	0.840662613	3,5,7,13,16	took bit bad conscious else
POOL	4792	0.840660336	3,5,9,11,12,16	pot eat black news a self
POOL	4793	0.840658761	3,5,11,13,16	took bit batons us else
POOL	4794	0.840652380	3,5,7,13,16	took hit bad conscious else
POOL	4795	0.840648528	3,5,11,13,16	took hit batons us else
POOL	4796	0.840626476	2,9,13,16	pull t-back nervous else
POOL	4797	0.840621599	2,9,13,16	push t-back nervous else
POOL	4798	0.840613781	2,6,11,15,16	too tit cons michele see
POOL	4799	0.840613736	3,5,7,13,16	push eat bad kansas else
POOL	4800	0.840609672	3,4,8,11,12,16	foot see tech ons a self
POOL	4801	0.840602430	3,5,11,13,16	took eat batons a elf
POOL	4802	0.840575680	3,5,7,13,16	took it's bad conscious else
POOL	4803	0.840572729	3,4,7,10,13,16	took a bad cause tha else
POOL	4804	0.840569271	2,6,8,11,13,16	pull tate at ons us fell
POOL	4805	0.840561255	3,5,11,13,16	pot eat batons ass else
POOL	4806	0.840556440	4,9,13,14,16	pushed becca thus a laugh
POOL	4807	0.840552048	3,4,8,11,12,16	took see bak r.'s a self
POOL	4808	0.840551506	3,7,11,12,16	pushed at-bat cons a self
POOL	4809	0.840535211	4,9,13,14,16	boy becca thus a else
POOL	4810	0.840531020	3,4,8,11,16	book a t-back ons self
POOL	4811	0.840529596	3,4,8,11,12,16	book eye tak ons a self
POOL	4812	0.840526727	2,8,10,13,16	too t-back un thus else
POOL	4813	0.840526726	3,4,8,11,12,16	took see pack ons a self
POOL	4814	0.840521598	2,8,10,13,16	too t-back un this else
POOL	4815	0.840509791	4,8,11,12,16	pussy beck ons a self
POOL	4816	0.840500265	2,6,9,12,16	too tit aca a self
POOL	4817	0.840494179	2,7,11,13,16	too t-back cons us their
POOL	4818	0.840490122	4,9,13,14,16	took becca nash a love
POOL	4819	0.840476864	2,6,8,11,12,16	pull tit at wand a self
POOL	4820	0.840464085	2,6,8,11,13,16	foot tit wax ons us else
POOL	4821	0.840462114	5,8,11,13,16	post-it beck ons us else
POOL	4822	0.840456526	2,6,7,9,12,16	pure tik a car a self
POOL	4823	0.840452652	3,4,8,11,12,16	pushed see tech r.'s a self
POOL	4824	0.840427208	3,5,7,13,16	book eat buy conscious else
POOL	4825	0.840419586	4,7,9,12,16	putting bad car a self
POOL	4826	0.840411776	3,6,9,13,16	pot eat at nervous else
POOL	4827	0.840404088	3,4,7,11,13,16	pao a bad tons us else
POOL	4828	0.840393270	3,7,9,13,16	took at-bat car thus else
POOL	4829	0.840391514	2,4,6,11,16	too tea top icons shells
POOL	4830	0.840390939	2,5,7,11,15,16	pull tide bad cons sell up
POOL	4831	0.840390227	3,5,11,13,16	foot eat batons ass else
POOL	4832	0.840388141	3,7,9,13,16	took at-bat car this else
POOL	4833	0.840384005	4,7,9,12,16	pussy bad ka a self
POOL	4834	0.840381685	3,5,11,13,16	push eat batons a else
POOL	4835	0.840380263	3,5,7,13,16	took eat by conscious else
POOL	4836	0.840376152	5,8,11,13,16	post-it black ons a else
POOL	4837	0.840372660	3,7,11,12,15,16	pope eat cons a sell if
POOL	4838	0.840359645	3,5,7,13,16	book eat bad canvas else
POOL	4839	0.840358785	4,8,11,12,16	putting tech r.'s a self
POOL	4840	0.840347074	2,5,7,10,13,16	pah tit done cause this else
POOL	4841	0.840328748	4,8,11,12,16	pussy bank ons a self
POOL	4842	0.840312419	3,6,7,13,16	pos eat a conscious else
POOL	4843	0.840297014	3,4,9,13,16	took see t-back rush else
POOL	4844	0.840289013	4,9,13,14,16	took becca nash a else
POOL	4845	0.840286744	3,5,7,13,16	taught eat bad conscious else
POOL	4846	0.840285054	4,9,13,14,16	pushed becca thus a love
POOL	4847	0.840284975	3,5,11,13,16	book shit batons ass else
POOL	4848	0.840283579	3,5,7,13,16	took eat be conscious else
POOL	4849	0.840282893	4,8,11,12,16	putting tack ons a self
POOL	4850	0.840282892	3,5,11,13,16	taught eat batons us else
POOL	4851	0.840281071	5,8,11,13,16	post-it bank ons us else
POOL	4852	0.840272668	4,9,13,14,16	pushed t-back nash a laugh
POOL	4853	0.840270760	2,6,8,9,13,16	pol kick at ahh this else
POOL	4854	0.840257580	4,7,9,12,16	putty bad car a self
POOL	4855	0.840243388	3,5,7,13,16	book eat bad kansas elf
POOL	4856	0.840240748	3,6,9,13,16	foot eat at nervous else
POOL	4857	0.840229743	3,4,8,11,12,16	pot see tack ons a self
POOL	4858	0.840196779	4,8,11,12,16	putty tech r.'s a self
POOL	4859	0.840182678	3,4,8,11,13,16	took ee bike ons us else
POOL	4860	0.840180346	2,8,10,13,16	pull t-back -san thus else
POOL	4861	0.840180215	2,8,10,13,16	paw t-back are then else
POOL	4862	0.840176444	2,8,10,13,16	push t-back -san thus else
POOL	4863	0.840175217	2,8,10,13,16	pull t-back -san this else
POOL	4864	0.840171315	2,8,10,13,16	push t-back -san this else
POOL	4865	0.840170415	4,9,13,14,16	book becca nash a laugh
POOL	4866	0.840140236	4,7,10,13,16	pushy tie cause thus else
POOL	4867	0.840135496	3,6,9,13,16	book shit at nervous else
POOL	4868	0.840120887	4,8,11,12,16	putty tack ons a self
POOL	4869	0.840119856	3,4,8,11,12,16	pushed see black ons a self
POOL	4870	0.840117268	2,5,8,11,12,16	pull tit bath ons a self
POOL	4871	0.840112425	3,5,9,13,16	book eat back-up thus else
POOL	4872	0.840111337	5,8,11,13,16	post-it black r.'s ass else
POOL	4873	0.840107296	3,5,9,13,16	book eat back-up this else
POOL	4874	0.840101012	4,8,11,12,16	boy t-back sons' a self
POOL	4875	0.840098446	4,6,7,11,16	pussy cab cat cons self
POOL	4876	0.840091326	4,8,11,12,16	pussy tax ons a self
POOL	4877	0.840083945	4,9,13,14,16	pushed becca thus a else
POOL	4878	0.840078881	3,4,8,11,12,16	book see bak r.'s a self
POOL	4879	0.840071520	3,5,7,13,16	book bit bad conscious else
POOL	4880	0.840067668	3,5,11,13,16	book bit batons us else
POOL	4881	0.840061287	3,5,7,13,16	book hit bad conscious else
POOL	4882	0.840057435	3,5,11,13,16	book hit batons us else
POOL	4883	0.840053560	3,4,8,11,12,16	book see pack ons a self
POOL	4884	0.840046961	3,4,7,11,13,16	soot u. bad cons us else
POOL	4885	0.840042788	4,8,11,12,16	took t-back r.'s a health
POOL	4886	0.840032714	3,4,8,11,12,16	took eye bak ons a self
POOL	4887	0.840011337	3,5,11,13,16	book eat batons a elf
POOL	4888	0.840005833	5,8,11,13,16	post-it bat ons us else
POOL	4889	0.840005559	3,7,9,13,16	took eat ka nervous else
POOL	4890	0.839984588	3,5,7,13,16	book it's bad conscious else
POOL	4891	0.839976833	3,6,11,12,16	took eat add-on a self
POOL	4892	0.839971955	2,6,9,12,16	too tit at nina self
POOL	4893	0.839971779	3,4,8,11,12,16	push see bak ons a self
POOL	4894	0.839971287	2,4,6,11,16	too tea top axons sells
POOL	4895	0.839965611	3,7,11,12,16	put-on eat cons a self
POOL	4896	0.839959747	4,8,11,12,16	putting black ons a self
POOL	4897	0.839953613	2,6,8,9,13,16	pull tit at ross' this else
POOL	4898	0.839950757	3,4,8,11,12,16	taught see tech ons a self
POOL	4899	0.839948634	2,7,13,16	book t-back conscious else
POOL	4900	0.839933677	4,9,13,14,16	took t-back thus eh leaf
POOL	4901	0.839933318	3,4,8,11,12,16	pushed eye tech ons a self
POOL	4902	0.839928834	2,4,6,11,16	too tea tip cons affairs
POOL	4903	0.839928548	4,9,13,14,16	took t-back this eh leaf
POOL	4904	0.839928546	2,7,13,16	too t-back canvas else
POOL	4905	0.839918465	3,5,7,13,16	took eat ban conscious else
POOL	4906	0.839918457	3,5,11,13,16	pushed eat batons s else
POOL	4907	0.839899029	4,9,13,14,16	book becca nash a love
POOL	4908	0.839895111	3,5,11,13,16	took bit batons ass else
POOL	4909	0.839893505	4,7,13,16	pussy bad conscious else
POOL	4910	0.839884878	3,5,11,13,16	took hit batons ass else
POOL	4911	0.839882408	3,4,6,7,11,16	tat nee tube a cons self
POOL	4912	0.839856465	3,7,11,12,16	took iba khan's a self
POOL	4913	0.839830650	2,5,7,11,12,16	pull cut bad tunes a self
POOL	4914	0.839828192	3,4,8,11,12,16	pot see tak ons a self
POOL	4915	0.839808179	3,5,11,13,16	took it's batons ass else
POOL	4916	0.839805551	3,7,11,12,16	push at-bat cons a self
POOL	4917	0.839804080	5,7,11,13,16	patted bear cons us else
POOL	4918	0.839804027	3,5,7,13,16	took eat bad conscious self
POOL	4919	0.839802177	3,7,9,13,16	book at-bat car thus else
POOL	4920	0.839801031	4,8,11,12,16	putting tak ons a self
POOL	4921	0.839800175	3,5,11,13,16	took eat batons us self
POOL	4922	0.839797741	4,8,11,12,16	putty black ons a self
POOL	4923	0.839797048	3,7,9,13,16	book at-bat car this else
POOL	4924	0.839789170	3,5,7,13,16	book eat by conscious else
POOL	4925	0.839770046	4,6,7,10,13,16	ti tube a cause this ulf
POOL	4926	0.839767949	2,7,13,16	paw t-back conscious else
POOL	4927	0.839745632	3,6,9,13,16	took bit at nervous else
POOL	4928	0.839735399	3,6,9,13,16	took hit at nervous else
POOL	4929	0.839725675	2,7,13,16	too t-back conscious elf
POOL	4930	0.839710677	2,6,8,10,13,16	pull tit deck are this else
POOL	4931	0.839710619	2,5,11,12,16	too kicked batons a self
POOL	4932	0.839709327	5,8,11,13,16	post-it pack ons us else
POOL	4933	0.839701379	2,6,7,10,12,16	foo tit a cause a self
POOL	4934	0.839700078	2,4,6,11,16	too tea top axons shall
POOL	4935	0.839698465	5,8,11,13,16	post-it beck ons ass else
POOL	4936	0.839697920	4,9,13,14,16	book becca nash a else
POOL	4937	0.839696413	3,4,8,11,12,16	putt see tech ons a self
POOL	4938	0.839692486	3,5,7,13,16	book eat be conscious else
POOL	4939	0.839649745	4,8,11,12,16	pushed t-back sons' a self
POOL	4940	0.839645389	3,5,9,13,16	took eat becca thus else
POOL	4941	0.839640260	3,5,9,13,16	took eat becca this else
POOL	4942	0.839639287	4,6,7,11,16	t. tube a cons offense
POOL	4943	0.839639025	4,8,11,12,16	putty tak ons a self
POOL	4944	0.839628960	3,7,11,12,16	took iba cars a self
POOL	4945	0.839599889	4,8,11,12,16	pussy bak r.'s a self
POOL	4946	0.839596754	3,6,9,13,16	took eat at navas else
POOL	4947	0.839558735	4,9,13,14,16	took becca thus a elf
POOL	4948	0.839552213	5,8,11,13,16	post-it bak r.'s us else
POOL	4949	0.839519243	3,5,11,13,16	taught eat batons ass else
POOL	4950	0.839517850	2,6,9,12,16	too tit acta a self
POOL	4951	0.839517422	5,8,11,13,16	post-it bank ons ass else
POOL	4952	0.839516663	3,6,9,13,16	put-on eat at thus else
POOL	4953	0.839504303	3,4,7,13,16	took see beth conscious else
POOL	4954	0.839482567	3,6,7,11,12,16	books' abb a cons a self
POOL	4955	0.839478750	3,7,9,13,16	took at-bat cause thus else
POOL	4956	0.839473622	3,7,9,13,16	took at-bat cause this else
POOL	4957	0.839468204	5,8,11,13,16	post-it bad ons us else
POOL	4958	0.839451695	4,8,11,12,16	book t-back r.'s a health
POOL	4959	0.839430991	3,4,8,11,16	took see t-back r.'s self
POOL	4960	0.839414467	3,7,9,13,16	book eat ka nervous else
POOL	4961	0.839405112	3,7,11,12,16	took iqbal cons a self
POOL	4962	0.839404077	3,5,7,13,16	took shit bad kansas else
POOL	4963	0.839393247	3,5,11,13,16	took eat batons s elf
POOL	4964	0.839385740	3,6,11,12,16	book eat add-on a self
POOL	4965	0.839382106	3,5,7,13,16	took eat bed conscious else
POOL	4966	0.839369763	3,6,9,13,16	taught eat at nervous else
POOL	4967	0.839369578	3,6,9,13,16	took eat aca nash else
POOL	4968	0.839368481	3,4,7,11,12,16	took a bad cons a alf
POOL	4969	0.839342584	4,9,13,14,16	book t-back thus eh leaf
POOL	4970	0.839337455	4,9,13,14,16	book t-back this eh leaf
POOL	4971	0.839329762	3,4,7,11,13,16	ot a tess cons us else
POOL	4972	0.839327372	3,5,7,13,16	book eat ban conscious else
POOL	4973	0.839305292	2,7,11,13,16	puck t-back cons us ass
POOL	4974	0.839286462	2,6,8,11,12,16	pure tit puck ons a self
POOL	4975	0.839274964	4,9,13,14,16	took t-back nash a elf
POOL	4976	0.839271204	4,8,11,12,16	putin tech ons a self
POOL	4977	0.839269706	3,6,7,10,13,16	bots eat a cause this else
POOL	4978	0.839265372	3,7,11,12,16	book iba khan's a self
POOL	4979	0.839262985	3,7,11,12,16	took iba cause a self
POOL	4980	0.839247666	2,6,9,12,16	pull tit aca a self
POOL	4981	0.839243764	2,6,9,12,16	push tit aca a self
POOL	4982	0.839242183	5,8,11,13,16	post-it bat ons ass else
POOL	4983	0.839232895	4,9,13,14,16	took t-back thus eh loss
POOL	4984	0.839225337	2,5,10,13,16	too tit baton thus else
POOL	4985	0.839221809	3,5,7,11,16	put-on eat bad khan's self
POOL	4986	0.839221039	4,9,13,15,16	pussy tek thus air see
POOL	4987	0.839220208	2,5,10,13,16	too tit baton this else
POOL	4988	0.839217101	3,4,8,11,16	took i t-back ons self
POOL	4989	0.839213191	4,9,13,14,16	pussy tack thus a laugh
POOL	4990	0.839202273	4,7,9,12,16	pussy tell car a self
POOL	4991	0.839198929	3,6,11,12,16	pushed eat axons a self
POOL	4992	0.839177164	4,7,11,14,16	pussy bell cons said laugh
POOL	4993	0.839166970	5,8,11,13,16	post-it black ons s else
POOL	4994	0.839164509	3,6,9,13,16	pushed eat aca thus else
POOL	4995	0.839159381	3,6,9,13,16	pushed eat aca this else
POOL	4996	0.839154539	3,6,9,13,16	book bit at nervous else
POOL	4997	0.839153256	3,4,8,11,16	took a t-back r.'s self
POOL	4998	0.839152459	3,5,7,11,13,16	bots eat belle cons us else
POOL	4999	0.839148901	3,7,9,13,16	pushed eat car nervous else
POOL	5000	0.839144306	3,6,9,13,16	book hit at nervous else
POOL	5001	0.839137733	4,7,9,12,16	pussy bad come a self
POOL	5002	0.839124900	5,8,11,12,13,16	pit bak ons a see else
POOL	5003	0.839105638	2,6,7,10,12,16	tour tweet a cause a self
POOL	5004	0.839105094	1,2,6,11,13,16	up hook tit cons us heir
POOL	5005	0.839069895	4,9,13,14,16	pushed t-back thus a elf
POOL	5006	0.839054296	3,5,9,13,16	book eat becca thus else
POOL	5007	0.839053378	5,8,11,13,16	post-it bak ons a else
POOL	5008	0.839049167	3,5,9,13,16	book eat becca this else
POOL	5009	0.839037867	3,7,11,12,16	book iba cars a self
POOL	5010	0.839037792	4,7,9,12,16	took t-back car a self
POOL	5011	0.839009232	2,4,11,13,16	boi time batons us else
POOL	5012	0.839005661	3,6,9,13,16	book eat at navas else
POOL	5013	0.838997724	3,6,8,9,13,16	took eat adc ahh this else
POOL	5014	0.838996630	4,8,11,12,16	party tech r.'s a self
POOL	5015	0.838994305	3,5,7,11,16	put-on eat bad cars self
POOL	5016	0.838974967	2,9,11,16	power t-back news self
POOL	5017	0.838970632	3,4,6,11,13,16	took lea serb cons us else
POOL	5018	0.838967643	4,9,13,14,16	book becca thus a elf
POOL	5019	0.838962568	4,9,13,14,16	took becca thus eh laugh
POOL	5020	0.838957439	4,9,13,14,16	took becca this eh laugh
POOL	5021	0.838945677	5,8,11,13,16	post-it pack ons ass else
POOL	5022	0.838941804	4,9,13,14,16	pussy tack thus a love
POOL	5023	0.838924995	4,9,13,14,16	boy t-back thus eh laugh
POOL	5024	0.838920738	4,8,11,12,16	party tack ons a self
POOL	5025	0.838919866	4,9,13,14,16	boy t-back this eh laugh
POOL	5026	0.838894769	4,7,9,12,16	pussy bad ca a self
POOL	5027	0.838893876	4,9,13,14,16	pussy tech thus a leaf
POOL	5028	0.838887658	3,7,9,13,16	book at-bat cause thus else
POOL	5029	0.838887046	3,6,9,13,16	took eat at nervous self
POOL	5030	0.838882529	3,7,9,13,16	book at-bat cause this else
POOL	5031	0.838844978	3,6,11,12,16	pushed eat icons a self
POOL	5032	0.838839898	3,4,8,11,16	book see t-back r.'s self
POOL	5033	0.838834011	4,7,9,12,16	pussy bad caught a self
POOL	5034	0.838814019	3,7,11,12,16	book iqbal cons a self
POOL	5035	0.838808438	2,7,13,16	two t-back conscious else
POOL	5036	0.838799806	2,6,7,13,16	too tit a kata l.
POOL	5037	0.838788563	5,8,11,13,16	post-it bak r.'s ass else
POOL	5038	0.838778485	3,6,9,13,16	book eat aca nash else
POOL	5039	0.838763242	2,7,13,16	too t-back conscious self
POOL	5040	0.838759287	3,7,9,13,16	took eat come nervous else
POOL	5041	0.838755142	4,7,9,12,16	potty bad car a self
POOL	5042	0.838733506	5,8,11,13,16	post-it bet ons us else
POOL	5043	0.838719356	2,6,9,12,16	pull tit at nina self
POOL	5044	0.838715455	2,6,9,12,16	push tit at nina self
POOL	5045	0.838712442	2,7,13,16	took t-back kansas else
POOL	5046	0.838710937	2,6,9,12,16	too tit at nana self
POOL	5047	0.838704554	5,8,11,13,16	post-it bad ons ass else
POOL	5048	0.838671892	3,7,11,12,16	book iba cause a self
POOL	5049	0.838657590	2,5,9,11,16	too tit aback news self
POOL	5050	0.838656777	2,4,7,10,12,16	pugh tea bad calm a self
POOL	5051	0.838639300	3,6,9,13,16	took eat aca thus elf
POOL	5052	0.838638647	3,5,9,11,16	pushed eat back-up news self
POOL	5053	0.838634172	3,6,9,13,16	took eat aca this elf
POOL	5054	0.838628330	3,5,7,11,16	put-on eat bad cause self
POOL	5055	0.838626008	3,4,8,11,16	book i t-back ons self
POOL	5056	0.838623692	3,7,9,13,16	took eat car nervous elf
POOL	5057	0.838618176	2,9,13,16	too t-back novice else
POOL	5058	0.838603182	4,9,11,16	pussy t-back news self
POOL	5059	0.838594468	5,8,11,13,16	post-it black ons ash else
POOL	5060	0.838590510	4,7,9,13,16	pussy tub car rush else
POOL	5061	0.838577979	2,7,13,16	too t-back causes else
POOL	5062	0.838568536	3,4,7,11,12,16	pull yoo bad cons a self
POOL	5063	0.838564622	3,7,9,13,16	took eat car novice else
POOL	5064	0.838562163	3,4,8,11,16	book a t-back r.'s self
POOL	5065	0.838546418	2,7,11,16	power t-back cons self
POOL	5066	0.838516323	3,7,9,13,16	took eat ca nervous else
POOL	5067	0.838494622	5,8,11,13,16	post-it black ons us elf
POOL	5068	0.838493258	5,8,11,13,16	post-it beck r.'s us else
POOL	5069	0.838484892	3,4,8,11,13,16	took a peck ons us else
POOL	5070	0.838471333	4,6,11,13,16	tutti t. cons us else
POOL	5071	0.838468761	2,4,7,10,13,16	posh tea bad tron this else
POOL	5072	0.838465621	2,6,7,13,16	too tit a conscious an
POOL	5073	0.838455565	3,7,9,13,16	took eat caught nervous else
POOL	5074	0.838452975	3,6,11,12,16	push eat axons a self
POOL	5075	0.838446699	4,7,9,12,16	book t-back car a self
POOL	5076	0.838407296	5,8,11,13,16	post-it black r.'s a else
POOL	5077	0.838405712	2,5,9,11,16	too 'til back-up news self
POOL	5078	0.838402947	3,7,9,13,16	push eat car nervous else
POOL	5079	0.838399807	2,6,7,10,12,16	pull cheat a calm a self
POOL	5080	0.838347192	3,7,11,12,16	pushed iba cons a self
POOL	5081	0.838312215	5,8,11,13,16	post-it bank r.'s us else
POOL	5082	0.838305643	3,8,11,13,16	took attack ons us else
POOL	5083	0.838301316	2,6,8,11,13,16	eau tit at ons us ralph
POOL	5084	0.838281080	3,7,11,12,16	pot at-bat cons a self
POOL	5085	0.838265250	2,6,9,12,16	pull tit acta a self
POOL	5086	0.838261349	2,6,9,12,16	push tit acta a self
POOL	5087	0.838236766	3,7,11,12,16	pushed at-bat khan's a self
POOL	5088	0.838234382	3,7,9,13,16	pushed eat cause nervous else
POOL	5089	0.838226519	4,6,9,13,16	patil tube at thus else
POOL	5090	0.838217101	3,4,8,11,16	took if t-back ons self
POOL	5091	0.838217101	3,4,8,11,16	took in t-back ons self
POOL	5092	0.838217101	3,4,8,11,16	took is t-back ons self
POOL	5093	0.838215260	2,5,9,12,16	too tit back-up a self
POOL	5094	0.838213976	3,6,11,12,13,16	took id kahn a see else
POOL	5095	0.838202894	4,6,7,13,16	pea cod a conscious else
POOL	5096	0.838200636	2,9,13,16	took t-back nervous else
POOL	5097	0.838188956	3,7,9,13,16	took iba car thus else
POOL	5098	0.838183827	3,7,9,13,16	took iba car this else
POOL	5099	0.838174634	4,7,11,16	pussy t-back cons self
POOL	5100	0.838173119	3,6,7,9,13,16	took knit a ska this else
POOL	5101	0.838168195	3,7,9,13,16	book eat come nervous else
POOL	5102	0.838143879	5,8,11,12,13,16	pit black ons a see else
POOL	5103	0.838110052	3,7,11,12,16	foot at-bat cons a self
POOL	5104	0.838105363	2,6,7,13,16	puff tit m. conscious else
POOL	5105	0.838099024	3,6,11,12,16	push eat icons a self
POOL	5106	0.838036976	5,8,11,13,16	post-it bat r.'s us else
POOL	5107	0.838036144	2,7,11,16	power t-back cause self
POOL	5108	0.838032599	3,7,9,13,16	book eat car nervous elf
POOL	5109	0.838009261	3,7,11,12,16	pushed at-bat cars a self
POOL	5110	0.837994423	5,8,11,13,16	post-it beck ons a else
POOL	5111	0.837993289	2,4,6,11,16	too tea top axons sel
POOL	5112	0.837990885	3,6,7,11,15,16	boot eat rap cons sell if
POOL	5113	0.837973529	3,7,9,13,16	book eat car novice else
POOL	5114	0.837972737	2,5,10,13,16	pull tit baton thus else
POOL	5115	0.837969856	5,8,11,13,16	post-it bet ons ass else
POOL	5116	0.837968836	2,5,10,13,16	push tit baton thus else
POOL	5117	0.837967796	2,5,8,9,13,16	bot tit bak ahh this else
POOL	5118	0.837967609	2,5,10,13,16	pull tit baton this else
POOL	5119	0.837963707	2,5,10,13,16	push tit baton this else
POOL	5120	0.837960217	2,6,8,9,13,16	pull kid at ott this else
POOL	5121	0.837944460	2,7,13,16	book t-back kansas else
POOL	5122	0.837925230	3,7,9,13,16	book eat ca nervous else
POOL	5123	0.837892693	3,5,9,11,16	push eat back-up news self
POOL	5124	0.837889331	4,7,13,16	pussy bad kansas else
POOL	5125	0.837864472	3,7,9,13,16	book eat caught nervous else
POOL	5126	0.837848463	4,7,13,16	putting bad conscious else
POOL	5127	0.837844195	5,8,11,13,16	post-it bak ons s else
POOL	5128	0.837840623	4,7,9,12,16	potty bad cause a self
POOL	5129	0.837835625	2,4,6,11,16	too tea top axons seth
POOL	5130	0.837820652	2,4,6,11,16	too tea top axons cel
POOL	5131	0.837813801	2,6,9,12,16	too tit at nasa self
POOL	5132	0.837813380	5,8,11,13,16	post-it bank ons a else
POOL	5133	0.837793604	1,2,6,11,13,16	up of tate cons us else
POOL	5134	0.837788813	4,7,9,12,16	pussy teh car a self
POOL	5135	0.837787574	2,5,7,13,16	too tit bat converse else
POOL	5136	0.837786537	4,7,13,16	party bad conscious else
POOL	5137	0.837781821	2,5,8,11,13,16	pull tit batch -san us else
POOL	5138	0.837763774	2,7,13,16	paw t-back kansas else
POOL	5139	0.837755205	1,4,9,13,16	pas tea t-back thus else
POOL	5140	0.837752983	2,5,7,13,16	pow tit bad kata else
POOL	5141	0.837749251	3,7,11,12,16	took at-bat comes a self
POOL	5142	0.837740470	5,8,11,13,16	post-it pack r.'s us else
POOL	5143	0.837731627	3,5,7,11,13,16	took sick bad cons kiss else
POOL	5144	0.837730973	5,8,11,13,16	post-it black ons ass elf
POOL	5145	0.837729608	5,8,11,13,16	post-it beck r.'s ass else
POOL	5146	0.837721585	4,8,11,13,16	pussy tock ons us else
POOL	5147	0.837721501	2,7,13,16	too t-back kansas elf
POOL	5148	0.837716050	5,8,11,12,13,16	pit bak ons a shh else
POOL	5149	0.837714551	3,8,11,13,16	book attack ons us else
POOL	5150	0.837709173	3,7,9,13,16	took eat cause nervous elf
POOL	5151	0.837694862	2,6,8,11,12,16	pull tea at r. a self
POOL	5152	0.837677346	2,7,13,16	to t-back conscious else
POOL	5153	0.837664359	4,7,11,16	pussy t-back cause self
POOL	5154	0.837652476	3,4,7,10,13,16	took a tao cause this else
POOL	5155	0.837650871	3,6,11,12,16	put-on eat khan's a self
POOL	5156	0.837650103	3,7,9,13,16	took eat cause novice else
POOL	5157	0.837647948	2,4,8,11,16	per tai t-back ons self
POOL	5158	0.837647044	5,8,11,13,16	petite black ons us else
POOL	5159	0.837643286	3,7,11,12,16	pushed at-bat cause a self
POOL	5160	0.837639337	2,4,6,11,16	too tea top icons sel
POOL	5161	0.837627203	3,6,8,11,13,16	took kit ex ons us else
POOL	5162	0.837626008	3,4,8,11,16	book if t-back ons self
POOL	5163	0.837626008	3,4,8,11,16	book in t-back ons self
POOL	5164	0.837626008	3,4,8,11,16	book is t-back ons self
POOL	5165	0.837607280	2,6,11,12,13,16	up tit cons a shove else
POOL	5166	0.837601238	3,7,11,12,16	push iba cons a self
POOL	5167	0.837599777	5,8,11,13,16	post-it bec ons us else
POOL	5168	0.837597863	3,7,9,13,16	book iba car thus else
POOL	5169	0.837592734	3,7,9,13,16	book iba car this else
POOL	5170	0.837592128	2,5,8,11,13,16	pull tik decks ons us else
POOL	5171	0.837580518	3,5,9,11,16	pushed eat becca news self
POOL	5172	0.837575835	3,4,8,11,16	pushed see t-back ons self
POOL	5173	0.837565619	5,8,11,12,13,16	pit beck ons a see else
POOL	5174	0.837548565	5,8,11,13,16	post-it bank r.'s ass else
POOL	5175	0.837545977	2,6,9,13,16	too tipped at newness else
POOL	5176	0.837541994	3,8,11,13,16	took attack ons ass else
POOL	5177	0.837538141	5,8,11,13,16	post-it bat ons a else
POOL	5178	0.837527131	2,6,9,12,16	too kit aca a self
POOL	5179	0.837520631	2,5,9,11,16	cooke tit back-up news self
POOL	5180	0.837516870	4,7,13,15,16	p tag conscious air see
POOL	5181	0.837500160	2,6,9,12,16	paw tit aca a self
POOL	5182	0.837499347	5,8,11,13,16	post-it bad r.'s us else
POOL	5183	0.837490811	3,7,11,12,16	push at-bat khan's a self
POOL	5184	0.837488428	3,7,9,13,16	push eat cause nervous else
POOL	5185	0.837477988	2,7,11,16	power t-back cars self
POOL	5186	0.837466700	2,4,6,11,16	too tea top icons cel
POOL	5187	0.837458338	2,6,9,12,16	pull tit at nana self
POOL	5188	0.837454436	2,6,9,12,16	push tit at nana self
POOL	5189	0.837452232	4,7,9,12,16	putting bad ka a self
POOL	5190	0.837450770	2,5,7,12,16	too tit bad kata self
POOL	5191	0.837440775	5,8,11,13,16	post-it but ons ass else
POOL	5192	0.837432654	2,9,13,16	book t-back nervous else
POOL	5193	0.837425916	3,7,9,13,16	took at-bat ka thus else
POOL	5194	0.837423366	3,7,11,12,16	put-on eat cars a self
POOL	5195	0.837420787	3,7,9,13,16	took at-bat ka this else
POOL	5196	0.837391488	2,6,9,12,16	too tit at anna self
POOL	5197	0.837389124	3,4,6,11,13,16	porte a tube carr's us else
POOL	5198	0.837363147	4,7,9,12,16	putin bad car a self
POOL	5199	0.837326672	2,7,13,16	paul t-back conscious else
POOL	5200	0.837311523	5,8,11,12,13,16	pitt bak ons a see else
POOL	5201	0.837307340	4,7,9,12,16	pussy bad top a self
POOL	5202	0.837303813	4,7,9,12,16	pussy bag car a self
POOL	5203	0.837298100	3,4,8,11,16	pushed a t-back ons self
POOL	5204	0.837290226	4,7,9,12,16	putty bad ka a self
POOL	5205	0.837288475	2,5,7,12,16	too tit bad cava self
POOL	5206	0.837279251	3,7,11,12,15,16	took eat cons a sell is
POOL	5207	0.837274437	3,7,9,13,16	took iba cause thus else
POOL	5208	0.837273326	5,8,11,13,16	post-it bat r.'s ass else
POOL	5209	0.837271693	5,8,11,13,16	post-it bak ons ash else
POOL	5210	0.837269308	3,7,9,13,16	took iba cause this else
POOL	5211	0.837263307	3,7,11,12,16	push at-bat cars a self
POOL	5212	0.837251968	2,9,13,16	paw t-back nervous else
POOL	5213	0.837248244	3,4,8,11,16	took i t-back r.'s self
POOL	5214	0.837243316	3,6,11,12,16	took shit axons a self
POOL	5215	0.837242606	2,4,9,11,16	pa tea t-back news sel
POOL	5216	0.837241635	5,8,11,13,16	post-it pack ons a else
POOL	5217	0.837239067	3,7,11,12,16	taught at-bat cons a self
POOL	5218	0.837209695	2,9,13,16	too t-back nervous elf
POOL	5219	0.837198113	5,8,11,13,16	post-it black r.'s s else
POOL	5220	0.837186876	2,4,8,12,16	too tea tech ana self
POOL	5221	0.837174209	3,5,9,11,16	took eat back-up new self
POOL	5222	0.837158158	3,7,11,12,16	book at-bat comes a self
POOL	5223	0.837157132	2,5,9,12,16	too tit becca a self
POOL	5224	0.837118080	3,7,9,13,16	book eat cause nervous elf
POOL	5225	0.837108936	2,5,8,9,13,16	pull tit bak ahh this err
POOL	5226	0.837106203	4,7,11,16	pussy t-back cars self
POOL	5227	0.837106058	3,7,9,13,16	but eat car nervous else
POOL	5228	0.837090372	3,7,11,12,16	took iqbal khan's a self
POOL	5229	0.837086881	4,6,11,13,16	pussy tea carne us else
POOL	5230	0.837084573	3,5,9,13,16	took eat back-up nash else
POOL	5231	0.837059010	3,7,9,13,16	book eat cause novice else
POOL	5232	0.837057391	3,7,11,12,16	put-on eat cause a self
POOL	5233	0.837057193	3,6,7,11,12,16	puts eat bad cons a self
POOL	5234	0.837056364	6,7,13,16	petite a conscious else
POOL	5235	0.837053790	3,5,9,10,13,16	took eat bak new this else
POOL	5236	0.837006142	3,6,10,13,16	took eat add-on thus else
POOL	5237	0.837001810	3,6,8,11,13,16	post eat nat ons us else
POOL	5238	0.837001013	3,6,10,13,16	took eat add-on this else
POOL	5239	0.836998821	2,6,9,12,16	too kit at nina self
POOL	5240	0.836971850	2,6,9,12,16	paw tit at nina self
POOL	5241	0.836962661	2,5,9,12,16	pull tit back-up a self
POOL	5242	0.836958760	2,5,9,12,16	push tit back-up a self
POOL	5243	0.836950901	3,8,11,13,16	book attack ons ass else
POOL	5244	0.836946466	4,7,9,12,16	pussy buy car a self
POOL	5245	0.836928894	3,7,9,13,16	took eat top nervous else
POOL	5246	0.836928503	3,6,11,12,16	pot eat axons a self
POOL	5247	0.836916070	4,7,11,15,16	pussy bad cons sell phi
POOL	5248	0.836903494	5,7,11,13,16	pussy bad cons us s.
POOL	5249	0.836897332	3,7,11,12,16	push at-bat cause a self
POOL	5250	0.836894215	1,2,6,7,11,16	up were tit a cons seth
POOL	5251	0.836889365	3,6,11,12,16	took shit icons a self
POOL	5252	0.836879505	3,5,9,13,16	pushed eat back-up thus else
POOL	5253	0.836878475	3,7,9,13,16	pot eat car nervous else
POOL	5254	0.836874376	3,5,9,13,16	pushed eat back-up this else
POOL	5255	0.836874294	4,7,9,12,16	pussy teh cause a self
POOL	5256	0.836866122	2,6,9,12,16	too shit aca a self
POOL	5257	0.836862868	3,7,11,12,16	took iqbal cars a self
POOL	5258	0.836839601	3,5,9,10,13,16	took eat bak new thus else
POOL	5259	0.836834823	3,7,9,13,16	book at-bat ka thus else
POOL	5260	0.836834564	3,5,9,11,16	push eat becca news self
POOL	5261	0.836829694	3,7,9,13,16	book at-bat ka this else
POOL	5262	0.836822801	4,8,10,13,16	boy t-back are thus else
POOL	5263	0.836810728	2,6,11,13,14,16	pong tit cums us a laugh
POOL	5264	0.836804263	2,7,13,16	two t-back kansas else
POOL	5265	0.836774325	3,7,9,13,16	took at-bat car nash else
POOL	5266	0.836759067	2,7,13,16	too t-back kansas self
POOL	5267	0.836757475	3,6,11,12,16	foot eat axons a self
POOL	5268	0.836754012	5,8,11,12,13,16	pushed bak ons a see else
POOL	5269	0.836752702	2,5,7,11,15,16	pull kicked am cons sell if
POOL	5270	0.836739166	2,4,9,11,16	too tea tek news affair
POOL	5271	0.836735029	5,8,11,12,13,16	pit black ons a shh else
POOL	5272	0.836707447	3,7,9,13,16	foot eat car nervous else
POOL	5273	0.836683344	3,7,9,13,16	book iba cause thus else
POOL	5274	0.836683034	3,5,9,11,16	took shit back-up news self
POOL	5275	0.836678215	3,7,9,13,16	book iba cause this else
POOL	5276	0.836672238	5,8,11,12,13,16	pit bat ons a see else
POOL	5277	0.836658353	3,6,8,9,13,16	took eat at ahh rath else
POOL	5278	0.836657151	3,4,8,11,16	book i t-back r.'s self
POOL	5279	0.836652223	3,6,11,12,16	book shit axons a self
POOL	5280	0.836649903	3,6,8,10,13,16	took eat ack are thus else
POOL	5281	0.836621784	4,7,10,12,16	pussy bad cause then self
POOL	5282	0.836621026	4,7,9,12,16	took bad car nina self
POOL	5283	0.836599067	4,6,7,11,16	pussy tube al cons seth
POOL	5284	0.836599011	2,7,13,16	too t-back conscious health
POOL	5285	0.836595804	3,5,9,11,16	but eat back-up news self
POOL	5286	0.836583116	3,5,9,11,16	book eat back-up new self
POOL	5287	0.836580623	3,5,9,10,13,16	book eat bak new this else
POOL	5288	0.836574552	3,6,11,12,16	pot eat icons a self
POOL	5289	0.836569257	3,7,9,13,16	pushed at-bat car thus else
POOL	5290	0.836565305	2,5,7,10,13,16	pull tit penn tom this else
POOL	5291	0.836564128	3,7,9,13,16	pushed at-bat car this else
POOL	5292	0.836561202	2,6,9,12,16	pull tit at nasa self
POOL	5293	0.836558140	4,9,11,16	putting t-back news self
POOL	5294	0.836557300	2,6,9,12,16	push tit at nasa self
POOL	5295	0.836552146	3,4,8,11,16	push a t-back ons self
POOL	5296	0.836544716	2,6,9,12,16	too kit acta a self
POOL	5297	0.836517744	2,6,9,12,16	paw tit acta a self
POOL	5298	0.836515831	2,5,7,11,12,16	pore tit bad cons a sul
POOL	5299	0.836499279	3,7,11,12,16	book iqbal khan's a self
POOL	5300	0.836496893	3,7,11,12,16	took iqbal cause a self
POOL	5301	0.836496214	4,9,11,16	party t-back news self
POOL	5302	0.836493480	3,5,9,13,16	book eat back-up nash else
POOL	5303	0.836488760	5,8,11,12,13,16	pit bak ons a see elf
POOL	5304	0.836480151	3,6,7,13,16	took eat hack conscious else
POOL	5305	0.836472210	4,11,13,16	pussy batons ass else
POOL	5306	0.836468863	4,7,11,12,16	pussy bad cons ing self
POOL	5307	0.836438654	2,6,9,12,16	too tit car nina self
POOL	5308	0.836426483	2,7,13,16	pull t-back canvas else
POOL	5309	0.836421606	2,7,13,16	push t-back canvas else
POOL	5310	0.836415049	3,6,10,13,16	book eat add-on thus else
POOL	5311	0.836409920	3,6,10,13,16	book eat add-on this else
POOL	5312	0.836403524	3,6,11,12,16	foot eat icons a self
POOL	5313	0.836391049	2,9,13,16	power t-back thus else
POOL	5314	0.836380638	2,8,9,13,16	too t-back ahh thus death
POOL	5315	0.836378398	2,5,7,12,16	too tit bad karma self
POOL	5316	0.836373893	2,6,8,10,13,16	pull tit pac art this else
POOL	5317	0.836371534	4,8,10,13,16	pushed t-back are thus else
POOL	5318	0.836369585	3,4,8,11,16	took eye t-back ons self
POOL	5319	0.836368221	3,5,9,11,16	pot eat back-up news self
POOL	5320	0.836366434	3,5,9,10,13,16	book eat bak new thus else
POOL	5321	0.836363471	4,6,7,11,16	pussy todd a qualms self
POOL	5322	0.836354296	3,5,9,13,16	took eat back-up thus elf
POOL	5323	0.836349167	3,5,9,13,16	took eat back-up this elf
POOL	5324	0.836337812	2,6,9,12,16	too shit at nina self
POOL	5325	0.836337801	3,7,9,13,16	book eat top nervous else
POOL	5326	0.836337373	2,6,7,10,12,16	pull chit el cause a self
POOL	5327	0.836336787	3,8,11,13,16	took attack r.'s us else
POOL	5328	0.836330502	5,8,11,12,13,16	pitt black ons a see else
POOL	5329	0.836321768	2,5,8,11,13,16	pull stick bak ons us els
POOL	5330	0.836318800	2,4,6,11,16	too tea top axons alf
POOL	5331	0.836318535	2,6,11,12,13,16	pull tit cond ann see else
POOL	5332	0.836298272	3,6,11,12,16	book shit icons a self
POOL	5333	0.836292458	2,9,13,16	two t-back nervous else
POOL	5334	0.836285577	5,8,11,12,13,16	tit bak ons a see else
POOL	5335	0.836277792	2,5,7,10,13,16	pull dead bad cause this l
POOL	5336	0.836274532	2,6,9,12,16	pull kit aca a self
POOL	5337	0.836271775	3,7,11,12,16	book iqbal cars a self
POOL	5338	0.836270630	2,6,9,12,16	push kit aca a self
POOL	5339	0.836262359	3,6,11,12,16	took bit axons a self
POOL	5340	0.836260788	2,5,9,11,16	too tit back-up news cel
POOL	5341	0.836252203	2,5,10,13,16	too kit baton thus else
POOL	5342	0.836252126	3,6,11,12,16	took hit axons a self
POOL	5343	0.836248244	3,4,8,11,16	took if t-back r.'s self
POOL	5344	0.836248244	3,4,8,11,16	took in t-back r.'s self
POOL	5345	0.836248244	3,4,8,11,16	took is t-back r.'s self
POOL	5346	0.836247261	2,9,13,16	too t-back nervous self
POOL	5347	0.836247074	2,5,10,13,16	too kit baton this else
POOL	5348	0.836246337	2,4,6,11,16	too tea top axons stealth
POOL	5349	0.836225231	2,5,10,13,16	paw tit baton thus else
POOL	5350	0.836223612	2,7,13,16	pull t-back conscious elf
POOL	5351	0.836220102	2,5,10,13,16	paw tit baton this else
POOL	5352	0.836218735	2,7,13,16	push t-back conscious elf
POOL	5353	0.836198171	2,5,7,12,16	pull tit bad kata self
POOL	5354	0.836197193	3,5,9,11,16	foot eat back-up news self
POOL	5355	0.836194269	2,5,7,12,16	push tit bad kata self
POOL	5356	0.836191539	3,7,9,13,16	but eat cause nervous else
POOL	5357	0.836183232	3,7,9,13,16	book at-bat car nash else
POOL	5358	0.836183057	2,4,6,11,16	too tea top axons sal
POOL	5359	0.836181547	3,7,9,13,16	pushed eat ka nervous else
POOL	5360	0.836176736	3,6,8,10,13,16	book eat ack are thus else
POOL	5361	0.836156769	5,8,11,12,13,16	pit beck ons a shh else
POOL	5362	0.836152820	3,6,11,12,16	pushed eat add-on a self
POOL	5363	0.836138889	2,6,9,12,16	pull tit at anna self
POOL	5364	0.836136447	3,6,11,12,13,16	took eat cons a see share
POOL	5365	0.836134987	2,6,9,12,16	push tit at anna self
POOL	5366	0.836133551	3,5,9,13,16	push eat back-up thus else
POOL	5367	0.836129591	4,7,11,16	putting t-back cons self
POOL	5368	0.836128422	3,5,9,13,16	push eat back-up this else
POOL	5369	0.836116080	3,5,9,11,16	took eat becca new self
POOL	5370	0.836091941	3,5,9,11,16	book shit back-up news self
POOL	5371	0.836077936	5,8,11,12,13,16	pit bak r.'s a see else
POOL	5372	0.836072769	3,5,9,10,13,16	took eat black new this else
POOL	5373	0.836070974	5,8,11,12,13,16	pit bak ons a sh else
POOL	5374	0.836067665	4,7,11,16	party t-back cons self
POOL	5375	0.836063453	3,7,9,13,16	took eat car navas else
POOL	5376	0.836057316	4,7,10,12,16	pussy bad con a self
POOL	5377	0.836052614	5,8,11,12,13,16	pit pack ons a see else
POOL	5378	0.836045501	2,6,8,12,16	too tit at ana self
POOL	5379	0.836044048	3,7,9,13,16	took at-bat car thus elf
POOL	5380	0.836038919	3,7,9,13,16	took at-bat car this elf
POOL	5381	0.836035875	2,5,7,12,16	pull tit bad cava self
POOL	5382	0.836031974	2,5,7,12,16	push tit bad cava self
POOL	5383	0.836026444	3,5,9,13,16	took eat becca nash else
POOL	5384	0.836020767	2,7,11,12,16	too t-back cons c. self
POOL	5385	0.836020425	2,7,13,16	too t-back calmness else
POOL	5386	0.836019264	4,9,13,16	pussy t-back thus else
POOL	5387	0.836011774	3,5,9,11,16	took eat back-up n.'s self
POOL	5388	0.836008235	5,8,11,12,13,16	pit bank ons a see else
POOL	5389	0.835978710	2,6,9,12,16	too tip aca a self
POOL	5390	0.835970451	2,5,8,9,13,16	pull wit bak ahh this else
POOL	5391	0.835961411	2,5,8,11,12,16	pull tit bak anne a self
POOL	5392	0.835953427	2,6,7,11,16	too tit abu cannes self
POOL	5393	0.835934277	2,4,8,12,16	pull tea tech ana self
POOL	5394	0.835931148	4,9,12,13,16	took becca a see else
POOL	5395	0.835930376	2,4,8,12,16	push tea tech ana self
POOL	5396	0.835925635	5,9,11,13,16	post-it bap news us else
POOL	5397	0.835908408	3,6,11,12,16	took bit icons a self
POOL	5398	0.835904533	2,5,9,12,16	pull tit becca a self
POOL	5399	0.835902673	5,8,11,12,13,16	pitt bak ons a shh else
POOL	5400	0.835900631	2,5,9,12,16	push tit becca a self
POOL	5401	0.835898175	3,6,11,12,16	took hit icons a self
POOL	5402	0.835894802	4,7,10,12,16	pussy bad khan a self
POOL	5403	0.835892822	2,6,13,16	too t-top conscious else
POOL	5404	0.835886491	3,6,11,12,16	taught eat axons a self
POOL	5405	0.835883706	2,6,9,12,16	too shit acta a self
POOL	5406	0.835874355	5,9,11,13,16	peat back-up news ask else
POOL	5407	0.835871806	4,7,11,13,16	pussy tau cons kiss else
POOL	5408	0.835858580	3,5,9,10,13,16	took eat black new thus else
POOL	5409	0.835846325	4,8,10,13,16	took t-back are thus elf
POOL	5410	0.835844289	4,7,13,16	putting bad kansas else
POOL	5411	0.835837952	3,8,11,13,16	took attack ons a else
POOL	5412	0.835821376	3,5,9,13,16	pushed eat becca thus else
POOL	5413	0.835816248	3,5,9,13,16	pushed eat becca this else
POOL	5414	0.835786662	2,6,9,12,16	pull t-top car a self
POOL	5415	0.835782761	2,6,9,12,16	push t-top car a self
POOL	5416	0.835782362	4,7,13,16	party bad kansas else
POOL	5417	0.835778492	3,4,8,11,16	book eye t-back ons self
POOL	5418	0.835772991	5,8,11,12,13,16	pushed black ons a see else
POOL	5419	0.835763203	3,5,9,13,16	book eat back-up thus elf
POOL	5420	0.835758074	3,5,9,13,16	book eat back-up this elf
POOL	5421	0.835756923	3,5,7,11,16	put-on shit bad cons self
POOL	5422	0.835752243	5,8,11,12,13,16	pitt beck ons a see else
POOL	5423	0.835746222	2,6,9,12,16	pull kit at nina self
POOL	5424	0.835745694	3,8,11,13,16	book attack r.'s us else
POOL	5425	0.835742320	2,6,9,12,16	push kit at nina self
POOL	5426	0.835737803	2,6,9,12,16	too kit at nana self
POOL	5427	0.835722374	4,7,13,16	pussy tell conscious else
POOL	5428	0.835702077	3,5,9,11,16	took bit back-up news self
POOL	5429	0.835696439	4,11,13,16	pussy batons us else
POOL	5430	0.835691844	3,5,9,11,16	took hit back-up news self
POOL	5431	0.835673172	2,7,13,16	to t-back kansas else
POOL	5432	0.835671266	3,6,11,12,16	book bit axons a self
POOL	5433	0.835663209	3,5,7,11,12,16	took heat bap cons a self
POOL	5434	0.835661033	3,6,11,12,16	book hit axons a self
POOL	5435	0.835657151	3,4,8,11,16	book if t-back r.'s self
POOL	5436	0.835657151	3,4,8,11,16	book in t-back r.'s self
POOL	5437	0.835657151	3,4,8,11,16	book is t-back r.'s self
POOL	5438	0.835652993	2,7,11,16	power t-back khan's self
POOL	5439	0.835652036	3,5,11,12,13,16	took eat bans a see else
POOL	5440	0.835624905	3,5,9,11,16	took shit becca news self
POOL	5441	0.835619317	4,7,11,16	putting t-back cause self
POOL	5442	0.835615145	3,5,9,11,16	took it's back-up news self
POOL	5443	0.835606978	3,4,8,11,16	pushed see t-back r.'s self
POOL	5444	0.835602080	2,4,9,11,16	too tea t-back news shelf
POOL	5445	0.835599602	3,5,9,10,13,16	book eat black new this else
POOL	5446	0.835591193	2,5,10,13,16	too shit baton thus else
POOL	5447	0.835586064	2,5,10,13,16	too shit baton this else
POOL	5448	0.835573137	3,8,11,13,16	took attack r.'s ass else
POOL	5449	0.835557391	4,7,11,16	party t-back cause self
POOL	5450	0.835542049	3,6,7,9,12,16	cook eat a car a self
POOL	5451	0.835538918	3,5,9,11,16	took eat back-up non self
POOL	5452	0.835537676	3,5,9,11,16	but eat becca news self
POOL	5453	0.835532993	3,4,8,11,16	but see t-back ons self
POOL	5454	0.835532539	3,6,11,12,16	taught eat icons a self
POOL	5455	0.835524987	3,5,9,11,16	book eat becca new self
POOL	5456	0.835514341	3,8,11,13,16	took write-back ons us else
POOL	5457	0.835507739	5,8,11,12,13,16	pit black ons a see elf
POOL	5458	0.835497756	4,8,10,13,16	took t-back non thus else
POOL	5459	0.835494509	3,5,9,10,13,16	took eat beck new this else
POOL	5460	0.835492627	4,8,10,13,16	took t-back non this else
POOL	5461	0.835491714	2,9,13,16	too t-back navas else
POOL	5462	0.835489003	3,5,7,11,16	put-on eat bag cons self
POOL	5463	0.835472660	3,8,11,13,16	took at-bat ons us else
POOL	5464	0.835459336	4,7,13,16	putty bad conscious else
POOL	5465	0.835452525	3,4,7,11,12,16	took a tea com a self
POOL	5466	0.835439885	2,6,7,10,13,16	pus tit a cop this else
POOL	5467	0.835435352	3,5,9,13,16	book eat becca nash else
POOL	5468	0.835433541	2,6,8,11,12,16	pull tipped at ons un self
POOL	5469	0.835431944	2,9,13,16	power t-back this else
POOL	5470	0.835424614	3,5,7,11,16	took eat bad cons assess
POOL	5471	0.835423558	2,6,11,13,16	too tit carr's us alfa
POOL	5472	0.835420681	3,5,9,11,16	book eat back-up n.'s self
POOL	5473	0.835406866	3,6,11,12,16	push eat add-on a self
POOL	5474	0.835393088	3,4,8,11,16	pushed i t-back ons self
POOL	5475	0.835390812	2,5,7,9,12,16	pull tit been car a self
POOL	5476	0.835385413	3,5,9,10,13,16	book eat black new thus else
POOL	5477	0.835384314	3,6,7,11,13,16	popped eat a pars us else
POOL	5478	0.835345162	5,8,11,12,13,16	pushed bak ons a shh else
POOL	5479	0.835340055	4,9,12,13,16	book becca a see else
POOL	5480	0.835329243	3,4,8,11,16	pushed a t-back r.'s self
POOL	5481	0.835326392	3,7,11,12,15,16	took eat tongs a sell if
POOL	5482	0.835326208	3,5,9,11,16	taught eat back-up news self
POOL	5483	0.835322498	2,7,13,16	paul t-back kansas else
POOL	5484	0.835321975	6,7,11,13,16	petite a conde gus else
POOL	5485	0.835317315	3,6,11,12,16	book bit icons a self
POOL	5486	0.835310093	3,5,9,11,16	pot eat becca news self
POOL	5487	0.835307082	3,6,11,12,16	book hit icons a self
POOL	5488	0.835304556	5,8,11,12,13,16	tit black ons a see else
POOL	5489	0.835296167	3,5,9,13,16	took eat becca thus elf
POOL	5490	0.835291038	3,5,9,13,16	took eat becca this elf
POOL	5491	0.835281209	4,7,11,16	pussy t-back khan's self
POOL	5492	0.835280320	3,5,9,10,13,16	took eat beck new thus else
POOL	5493	0.835263388	5,8,11,12,13,16	pit bat ons a shh else
POOL	5494	0.835261179	2,7,13,16	pull t-back conscious self
POOL	5495	0.835256301	2,7,13,16	push t-back conscious self
POOL	5496	0.835255232	4,8,10,13,16	book t-back are thus elf
POOL	5497	0.835246859	3,8,11,13,16	book attack ons a else
POOL	5498	0.835242126	2,5,9,12,16	too kit back-up a self
POOL	5499	0.835225800	2,6,9,12,16	too tit at visa self
POOL	5500	0.835215155	2,5,9,12,16	paw tit back-up a self
POOL	5501	0.835194731	5,8,11,12,13,16	pushed beck ons a see else
POOL	5502	0.835180337	5,8,11,12,13,16	pit bec ons a see else
POOL	5503	0.835178869	3,5,11,12,13,16	book eat bans a see else
POOL	5504	0.835161366	2,9,13,16	to t-back nervous else
POOL	5505	0.835150786	3,5,7,11,12,16	took which bad cons a self
POOL	5506	0.835147646	2,5,7,13,16	pro tit air conscious else
POOL	5507	0.835139064	3,5,9,11,16	foot eat becca news self
POOL	5508	0.835131655	3,5,7,11,16	put-on eat buy cons self
POOL	5509	0.835125798	2,5,7,12,16	pull tit bad karma self
POOL	5510	0.835121897	2,5,7,12,16	push tit bad karma self
POOL	5511	0.835116112	2,9,13,16	pull t-back novice else
POOL	5512	0.835111235	2,9,13,16	push t-back novice else
POOL	5513	0.835096915	5,8,11,12,13,16	pit black r.'s a see else
POOL	5514	0.835089953	5,8,11,12,13,16	pit black ons a sh else
POOL	5515	0.835079910	5,8,11,12,13,16	pit bak ons a shh elf
POOL	5516	0.835075916	2,7,13,16	pull t-back causes else
POOL	5517	0.835075422	3,5,9,13,16	push eat becca thus else
POOL	5518	0.835071039	2,7,13,16	push t-back causes else
POOL	5519	0.835070293	3,5,9,13,16	push eat becca this else
POOL	5520	0.835061199	3,7,11,12,13,16	poke eat cannes a see else
POOL	5521	0.835061161	4,7,11,16	putting t-back cars self
POOL	5522	0.835060159	4,9,13,16	pussy t-back this else
POOL	5523	0.835058291	2,4,6,11,16	too tea top axons cher
POOL	5524	0.835052189	6,7,13,16	petite a kansas else
POOL	5525	0.835033174	3,7,11,13,15,16	tort eat cons us air s.
POOL	5526	0.835021342	3,5,9,10,13,16	book eat beck new this else
POOL	5527	0.835020654	2,9,11,16	power t-back new self
POOL	5528	0.835011680	3,6,7,12,16	took eat a kata self
POOL	5529	0.835002877	4,7,9,13,16	pussy bad cot mess else
POOL	5530	0.834999603	2,5,10,13,16	pull kit baton thus else
POOL	5531	0.834999235	4,7,11,16	party t-back cars self
POOL	5532	0.834995702	2,5,10,13,16	push kit baton thus else
POOL	5533	0.834994475	2,5,10,13,16	pull kit baton this else
POOL	5534	0.834990573	2,5,10,13,16	push kit baton this else
POOL	5535	0.834982044	3,8,11,13,16	book attack r.'s ass else
POOL	5536	0.834974402	4,7,10,12,16	pussy bad con then self
POOL	5537	0.834958535	4,9,11,13,16	pudding tek earns us else
POOL	5538	0.834952578	5,7,11,13,16	post-it bad cons us raf
POOL	5539	0.834935147	5,8,11,12,13,16	pit bet ons a see else
POOL	5540	0.834929479	5,8,11,12,13,16	pit beck ons a see elf
POOL	5541	0.834923892	3,5,9,13,16	took shit back-up thus else
POOL	5542	0.834923248	3,8,11,13,16	book write-back ons us else
POOL	5543	0.834921652	5,8,11,12,13,16	pitt black ons a shh else
POOL	5544	0.834918763	3,5,9,13,16	took shit back-up this else
POOL	5545	0.834917098	4,9,12,13,16	took t-back a see elf
POOL	5546	0.834910282	3,5,7,11,16	put-on eat bad comes self
POOL	5547	0.834906663	4,8,10,13,16	book t-back non thus else
POOL	5548	0.834901535	4,8,10,13,16	book t-back non this else
POOL	5549	0.834898205	4,6,7,13,16	p. tube l conscious else
POOL	5550	0.834892608	2,4,8,9,13,16	pull dear tut ahh this else
POOL	5551	0.834881567	3,8,11,13,16	book at-bat ons us else
POOL	5552	0.834876727	5,8,11,12,13,16	tit bak ons a shh else
POOL	5553	0.834876115	2,5,10,13,16	too tit baton thus elf
POOL	5554	0.834875779	2,5,10,13,16	too take baton thus else
POOL	5555	0.834872383	4,7,11,15,16	pussy bad cons cen see
POOL	5556	0.834870986	2,5,10,13,16	too tit baton this elf
POOL	5557	0.834870651	2,5,10,13,16	too take baton this else
POOL	5558	0.834860375	3,6,8,9,13,16	pet eat at ahh this else
POOL	5559	0.834858862	5,8,11,12,13,16	pitt bat ons a see else
POOL	5560	0.834855027	3,6,7,11,13,16	took each a cons us s.
POOL	5561	0.834849384	3,6,7,12,16	took eat a cava self
POOL	5562	0.834846249	2,5,11,13,16	too teak batons in else
POOL	5563	0.834836662	3,5,9,13,16	but eat back-up thus else
POOL	5564	0.834833521	3,5,7,11,16	book eat bad cons assess
POOL	5565	0.834811889	4,7,10,12,16	pussy bad khan then self
POOL	5566	0.834810692	2,9,13,16	paul t-back nervous else
POOL	5567	0.834792901	2,6,8,12,16	pull tit at ana self
POOL	5568	0.834789000	2,6,8,12,16	push tit at ana self
POOL	5569	0.834787673	2,7,13,16	too t-back thomas else
POOL	5570	0.834779237	4,9,12,13,16	took t-back a shh else
POOL	5571	0.834775967	3,5,7,11,16	put-on bit bad cons self
POOL	5572	0.834765734	3,5,7,11,16	put-on hit bad cons self
POOL	5573	0.834758706	5,8,11,12,13,16	pete bak ons a see else
POOL	5574	0.834750691	3,8,11,13,16	took write-back ons ass else
POOL	5575	0.834743662	2,4,7,13,16	too tea tat conscious leaf
POOL	5576	0.834726296	5,8,11,12,13,16	tit beck ons a see else
POOL	5577	0.834723803	4,7,10,12,16	pussy bad car then self
POOL	5578	0.834719598	4,9,12,13,16	took becca news see else
POOL	5579	0.834709010	3,8,11,13,16	took at-bat ons ass else
POOL	5580	0.834705074	3,5,9,13,16	book eat becca thus elf
POOL	5581	0.834702493	4,8,10,13,16	took t-back are then else
POOL	5582	0.834699946	3,5,9,13,16	book eat becca this elf
POOL	5583	0.834689035	3,5,7,11,16	put-on it's bad cons self
POOL	5584	0.834675384	5,8,11,12,13,16	pitt bak ons a see elf
POOL	5585	0.834669086	5,8,11,12,13,16	pit bak r.'s a shh else
POOL	5586	0.834661714	5,8,11,12,13,16	pit bad ons a see else
POOL	5587	0.834658164	2,6,8,10,13,16	pull tit at are ish else
POOL	5588	0.834648869	4,9,11,16	pussy t-back new self
POOL	5589	0.834643764	5,8,11,12,13,16	pit pack ons a shh else
POOL	5590	0.834628769	3,8,11,13,16	took attack ons s else
POOL	5591	0.834611785	3,6,11,12,16	part eat axons a self
POOL	5592	0.834609079	3,5,9,13,16	pot eat back-up thus else
POOL	5593	0.834603950	3,5,9,13,16	pot eat back-up this else
POOL	5594	0.834599385	5,8,11,12,13,16	pit bank ons a shh else
POOL	5595	0.834594836	2,7,13,16	too t-back kansas health
POOL	5596	0.834587318	2,5,10,13,16	too tip baton thus else
POOL	5597	0.834582189	2,5,10,13,16	too tip baton this else
POOL	5598	0.834581117	2,5,9,12,16	too shit back-up a self
POOL	5599	0.834562179	2,6,8,9,13,16	cooke tit dec ahh this else
POOL	5600	0.834518655	5,8,11,12,13,16	pit beck r.'s a see else
POOL	5601	0.834511693	5,8,11,12,13,16	pit beck ons a sh else
POOL	5602	0.834493617	3,5,7,11,16	put-on eat by cons self
POOL	5603	0.834493097	2,7,13,16	too t-back canvass else
POOL	5604	0.834489842	4,6,11,13,16	bushy tube coz us else
POOL	5605	0.834482382	2,6,7,9,12,16	pull tit a car the self
POOL	5606	0.834481631	3,8,11,13,16	pushed attack ons us else
POOL	5607	0.834477636	2,5,7,12,16	too kit bad kata self
POOL	5608	0.834477083	3,5,8,11,13,16	pup eat bak ons us else
POOL	5609	0.834456471	2,5,10,13,16	two tit baton thus else
POOL	5610	0.834450664	2,5,7,12,16	paw tit bad kata self
POOL	5611	0.834445584	3,6,7,13,16	took pit man conscious else
POOL	5612	0.834438051	3,5,9,13,16	foot eat back-up thus else
POOL	5613	0.834432922	3,5,9,13,16	foot eat back-up this else
POOL	5614	0.834427168	4,11,13,16	putting batons ass else
POOL	5615	0.834420587	3,6,7,12,16	book eat a kata self
POOL	5616	0.834398189	2,6,7,12,16	peru tit a con self
POOL	5617	0.834396933	3,5,7,11,16	put-on eat be cons self
POOL	5618	0.834377364	4,7,9,12,16	pussy bad car knee self
POOL	5619	0.834365241	4,11,13,16	party batons ass else
POOL	5620	0.834364141	5,8,11,12,13,16	pushed black ons a shh else
POOL	5621	0.834358042	2,5,10,13,16	too tit pecan thus else
POOL	5622	0.834352913	2,5,10,13,16	too tit pecan this else
POOL	5623	0.834343393	5,8,11,12,13,16	pitt beck ons a shh else
POOL	5624	0.834341489	2,7,11,16	power t-back comes self
POOL	5625	0.834338960	6,7,11,13,16	petite a clans us else
POOL	5626	0.834338594	2,5,10,13,16	pull shit baton thus else
POOL	5627	0.834334692	2,5,10,13,16	push shit baton thus else
POOL	5628	0.834333465	2,5,10,13,16	pull shit baton this else
POOL	5629	0.834332799	3,5,9,13,16	book shit back-up thus else
POOL	5630	0.834329564	2,5,10,13,16	push shit baton this else
POOL	5631	0.834327670	3,5,9,13,16	book shit back-up this' else
POOL	5632	0.834326006	4,9,12,13,16	book t-back a see elf
POOL	5633	0.834315341	2,5,7,12,16	too kit bad cava self
POOL	5634	0.834308891	3,4,7,10,13,16	took a bad tonne this else
POOL	5635	0.834301350	5,8,11,12,13,16	pushed bat ons a see else
POOL	5636	0.834292131	2,4,7,10,12,16	pull tea ta khan's a self
POOL	5637	0.834289489	3,5,9,11,12,16	took eat pat news a self
POOL	5638	0.834288369	2,5,7,12,16	paw tit bad cava self
POOL	5639	0.834283676	4,7,13,16	potty bad conscious else
POOL	5640	0.834264559	5,8,11,12,13,16	pitt bak r.'s a see else
POOL	5641	0.834258291	3,6,7,12,16	book eat a cava self
POOL	5642	0.834257834	3,6,11,12,16	part eat icons a self
POOL	5643	0.834257598	5,8,11,12,13,16	pitt bak ons a sh else
POOL	5644	0.834252357	5,8,11,12,13,16	booked bak ons a see else
POOL	5645	0.834243186	3,5,11,12,13,16	took eat bans a shh else
POOL	5646	0.834239238	5,8,11,12,13,16	pitt pack ons a see else
POOL	5647	0.834233315	4,6,11,13,16	pussy tube cons us mess
POOL	5648	0.834219438	2,7,13,16	pull t-back kansas elf
POOL	5649	0.834219122	2,4,7,10,12,16	pull kill dah cause a self
POOL	5650	0.834214560	2,7,13,16	push t-back kansas elf
POOL	5651	0.834197207	3,6,11,12,16	took shit add-on a self
POOL	5652	0.834194858	5,8,11,12,13,16	pitt bank ons a see else
POOL	5653	0.834188144	4,9,12,13,16	book t-back a shh else
POOL	5654	0.834185985	3,6,11,12,16	put-on shit cons a self
POOL	5655	0.834183998	2,5,9,12,16	too kit becca a self
POOL	5656	0.834169014	4,9,11,16	putty t-back news self
POOL	5657	0.834159598	3,8,11,13,16	book write-back ons ass else
POOL	5658	0.834157026	2,5,9,12,16	paw tit becca a self
POOL	5659	0.834133772	2,5,10,13,16	took tit baton thus else
POOL	5660	0.834128643	2,5,10,13,16	took tit baton this else
POOL	5661	0.834128505	4,9,12,13,16	book becca news see else
POOL	5662	0.834117917	3,8,11,13,16	book at-bat ons ass else
POOL	5663	0.834115109	2,4,6,11,16	too tea top axons saith
POOL	5664	0.834113194	2,5,8,11,13,16	pull tit bak ons us they're
POOL	5665	0.834111400	4,8,10,13,16	book t-back are then else
POOL	5666	0.834098676	3,6,7,11,15,16	plot ist a cons sell if
POOL	5667	0.834097645	3,4,6,11,13,16	took a kerb tongs us else
POOL	5668	0.834083030	2,9,13,16	too t-back nervous health
POOL	5669	0.834067781	2,7,13,16	too t-back conscious well
POOL	5670	0.834067423	4,8,11,13,16	pea t-back ons fish else
POOL	5671	0.834056268	3,8,11,13,16	took attack ons ash else
POOL	5672	0.834037676	3,8,11,13,16	book attack ons s else
POOL	5673	0.834031819	3,5,7,11,16	put-on eat ban cons self
POOL	5674	0.834013088	1,2,6,11,13,16	pu oh it cons us else
POOL	5675	0.834000643	2,7,13,16	took t-back canvas else
POOL	5676	0.833989527	2,5,9,12,16	pull kit back-up a self
POOL	5677	0.833985625	2,5,9,12,16	push kit back-up a self
POOL	5678	0.833974222	4,9,13,16	putting t-back thus else
POOL	5679	0.833969705	4,7,11,16	pussy t-back comes self
POOL	5680	0.833956422	3,8,11,13,16	took attack ons us elf
POOL	5681	0.833952310	3,7,11,13,15,16	took eat calms us elm if
POOL	5682	0.833947918	3,5,7,11,16	took eat bad cons e-health
POOL	5683	0.833944364	4,6,11,13,16	pussy tube tonnes f.'s else
POOL	5684	0.833939307	3,6,7,12,16	took eat a karma self
POOL	5685	0.833912296	4,9,13,16	party t-back thus else
POOL	5686	0.833906336	3,5,9,11,13,16	took get banc news us else
POOL	5687	0.833888647	2,6,13,16	too t-top kansas else
POOL	5688	0.833884068	3,5,7,9,13,16	bowed eat bad car this else
POOL	5689	0.833882394	3,6,11,12,16	pot eat add-on a self
POOL	5690	0.833869095	3,8,11,13,16	took attack r.'s a else
POOL	5691	0.833865703	2,5,9,12,16	too take back-up a self
POOL	5692	0.833864859	5,7,13,16	post-it bad conscious else
POOL	5693	0.833816627	2,5,7,12,16	too shit bad kata self
POOL	5694	0.833797771	2,7,13,16	took t-back conscious elf
POOL	5695	0.833770019	3,5,11,12,13,16	book eat bans a shh else
POOL	5696	0.833767682	4,7,13,16	putin bad conscious else
POOL	5697	0.833766970	2,6,8,11,12,16	pull tit cut nuns a self
POOL	5698	0.833765629	2,7,13,16	too t-back conscious air
POOL	5699	0.833740465	4,7,11,16	putty t-back cons self
POOL	5700	0.833737862	4,8,10,13,16	pussy tech are thus else
POOL	5701	0.833735677	3,8,11,13,16	push attack ons us else
POOL	5702	0.833726801	2,5,9,10,13,16	pull tat basque new this else
POOL	5703	0.833718200	4,7,13,16	pussy tell kansas else
POOL	5704	0.833717981	3,8,11,13,16	pushed attack ons ass else
POOL	5705	0.833711366	3,6,11,12,16	foot eat add-on a self
POOL	5706	0.833707632	2,9,13,16	pull t-back nervous elf
POOL	5707	0.833707167	3,6,11,12,13,16	took eat cons umm see else
POOL	5708	0.833702754	2,9,13,16	push t-back nervous elf
POOL	5709	0.833690010	4,7,10,12,16	putting bad cause then self
POOL	5710	0.833677332	4,7,13,16	putting tell conscious else
POOL	5711	0.833655744	3,4,7,11,12,16	took a bad crumbs a self
POOL	5712	0.833654331	2,5,7,12,16	too shit bad cava self
POOL	5713	0.833653631	4,6,11,13,16	pussy tube conf us wealth
POOL	5714	0.833651397	4,11,13,16	putting batons us else
POOL	5715	0.833639803	4,11,13,16	pussy batons a else
POOL	5716	0.833637720	4,8,10,13,16	took t-back an thus else
POOL	5717	0.833618192	3,7,11,12,15,16	took eat cons a shared if
POOL	5718	0.833615406	4,7,13,16	party tell conscious else
POOL	5719	0.833606114	3,6,11,12,16	book shit add-on a self
POOL	5720	0.833594937	3,4,7,11,12,16	tout a bad cons le self
POOL	5721	0.833589470	4,11,13,16	party batons us else
POOL	5722	0.833583486	4,7,11,13,16	pussy ta ares us else
POOL	5723	0.833577242	2,5,9,12,16	too tip back-up a self
POOL	5724	0.833567688	4,9,12,13,16	took t-back news shh else
POOL	5725	0.833545484	3,8,11,13,16	took write-back r.'s us else
POOL	5726	0.833528004	4,7,10,12,16	putty bad cause then self
POOL	5727	0.833526609	2,8,9,13,16	tong t-back ahh thus else
POOL	5728	0.833522988	2,5,9,12,16	too shit becca a self
POOL	5729	0.833516838	2,5,7,10,13,16	poop tit bad cas' this else
POOL	5730	0.833505781	2,5,9,12,13,16	pull tit butt a see else
POOL	5731	0.833495460	3,5,7,11,16	put-on eat bed cons self
POOL	5732	0.833481074	5,7,11,13,16	post-it dan cons us elle
POOL	5733	0.833463198	4,6,9,13,16	pussy tube mech thus else
POOL	5734	0.833455162	4,7,13,16	putty bad kansas else
POOL	5735	0.833453842	3,5,9,11,13,16	toot eat bike news us else
POOL	5736	0.833442183	3,5,7,11,16	put-on shit bad khan's self
POOL	5737	0.833434971	2,6,10,12,16	too tit add-on then self
POOL	5738	0.833420929	2,5,11,13,16	too tit batons us des
POOL	5739	0.833419303	3,6,11,12,16	pushed shit axons a self
POOL	5740	0.833414046	3,5,7,11,16	put-on eat bath cons self
POOL	5741	0.833405264	2,5,7,12,16	too kit bad karma self
POOL	5742	0.833378292	2,5,7,12,16	paw tit bad karma self
POOL	5743	0.833356825	3,5,7,11,16	book eat bad cons e-health
POOL	5744	0.833348767	2,4,7,10,12,16	pull tea bad cause a l
POOL	5745	0.833348214	3,6,7,12,16	book eat a karma self
POOL	5746	0.833339343	3,6,11,12,16	put-on eat comes a self
POOL	5747	0.833328518	2,5,9,12,16	pull shit back-up a self
POOL	5748	0.833324616	2,5,9,12,16	push shit back-up a self
POOL	5749	0.833317485	3,6,11,12,16	took eat axons a health
POOL	5750	0.833277927	4,7,11,12,16	pussy bad cons a ell
POOL	5751	0.833257004	2,7,13,16	pull t-back kansas self
POOL	5752	0.833249711	3,4,7,11,16	punta see bad cons self
POOL	5753	0.833236166	4,7,11,16	putting t-back khan's self
POOL	5754	0.833235232	4,7,13,16	boy t-back conscious else
POOL	5755	0.833230948	3,5,7,11,16	put-on eat bad con self
POOL	5756	0.833230191	4,7,11,16	putty t-back cause self
POOL	5757	0.833225037	2,5,7,12,16	pull kit bad kata self
POOL	5758	0.833221135	2,5,7,12,16	push kit bad kata self
POOL	5759	0.833216250	3,6,11,12,16	took bit add-on a self
POOL	5760	0.833214679	3,5,7,11,16	put-on shit bad cars self
POOL	5761	0.833207671	3,6,8,11,13,16	took eat at nerve us else
POOL	5762	0.833206017	3,6,11,12,16	took hit add-on a self
POOL	5763	0.833200275	2,4,6,13,16	talk tees tube conscious else
POOL	5764	0.833182129	3,6,10,13,16	pushed eat add-on thus else
POOL	5765	0.833177531	4,7,13,16	pussy bad canvas else
POOL	5766	0.833177000	3,6,10,13,16	pushed eat add-on this else
POOL	5767	0.833174263	3,5,7,11,16	put-on eat bag khan's self
POOL	5768	0.833174240	4,7,11,16	party t-back khan's self
POOL	5769	0.833174137	2,6,8,10,13,16	pull pick at ar this else
POOL	5770	0.833153900	3,5,11,12,13,16	pushed eat bans a see else
POOL	5771	0.833125542	4,7,10,12,16	putting bad con a self
POOL	5772	0.833123696	2,5,9,12,16	took tit back-up a self
POOL	5773	0.833109874	3,5,7,11,16	took eat bad khan's assess
POOL	5774	0.833101213	2,5,7,12,16	too take bad kata self
POOL	5775	0.833099226	3,7,10,13,16	took at-bat con thus else
POOL	5776	0.833094097	3,7,10,13,16	took at-bat con this else
POOL	5777	0.833090051	3,6,7,11,15,16	took tub a cons tel if
POOL	5778	0.833083452	3,7,11,12,15,16	took eat cons m. sell if
POOL	5779	0.833072366	2,6,8,12,16	too kit at ana self
POOL	5780	0.833068435	3,5,7,11,16	put-on eat bad khan self
POOL	5781	0.833062741	2,5,7,12,16	pull kit bad cava self
POOL	5782	0.833058840	2,5,7,12,16	push kit bad cava self
POOL	5783	0.833046627	4,8,10,13,16	book t-back an thus else
POOL	5784	0.833045395	2,6,8,12,16	paw tit at ana self
POOL	5785	0.833015896	3,5,11,12,13,16	took eat bans a see elf
POOL	5786	0.833015117	4,9,13,16	putting t-back this else
POOL	5787	0.833005386	4,7,13,16	pussy buy conscious else
POOL	5788	0.832993353	4,9,11,16	potty t-back news self
POOL	5789	0.832980349	3,5,7,11,16	put-on eat bad car self
POOL	5790	0.832976595	4,9,12,13,16	book t-back news shh else
POOL	5791	0.832974660	4,7,13,16	pussy bad conscious elf
POOL	5792	0.832963536	4,7,10,12,16	putty bad con a self
POOL	5793	0.832963029	4,7,10,12,16	putting bad khan a self
POOL	5794	0.832955117	4,8,10,13,16	took t-back -san thus else
POOL	5795	0.832953190	4,9,13,16	party t-back this else
POOL	5796	0.832949988	4,8,10,13,16	took t-back -san this else
POOL	5797	0.832946758	3,5,7,11,16	put-on eat bag cars self
POOL	5798	0.832938917	2,5,7,12,16	too take bad cava self
POOL	5799	0.832936713	3,7,10,13,16	took at-bat khan thus else
POOL	5800	0.832935669	4,11,13,16	pussy batons s else
POOL	5801	0.832931584	3,7,10,13,16	took at-bat khan this else
POOL	5802	0.832931399	2,5,9,12,16	pull kit becca a self
POOL	5803	0.832927497	2,5,9,12,16	push kit becca a self
POOL	5804	0.832913793	2,4,11,16	power tea batons self
POOL	5805	0.832912708	3,5,7,11,12,16	pout eat bad cons a sells
POOL	5806	0.832883901	2,5,9,13,16	too tit back-up thus heirs
POOL	5807	0.832882370	3,5,7,11,16	took eat bad cars assess
POOL	5808	0.832848704	3,5,7,11,16	put-on shit bad cause self
POOL	5809	0.832816915	3,5,7,11,16	put-on eat buy khan's self
POOL	5810	0.832813351	2,6,8,11,13,16	pull tit at ons us where
POOL	5811	0.832812751	2,5,7,12,16	too tip bad kata self
POOL	5812	0.832808635	4,9,12,13,16	pussy tech a see else
POOL	5813	0.832807575	2,5,9,12,16	too take becca a self
POOL	5814	0.832805146	4,9,12,13,16	took t-back a sh else
POOL	5815	0.832801023	4,7,10,12,16	putty bad khan a self
POOL	5816	0.832800915	3,5,7,11,16	put-on eat bang cons self
POOL	5817	0.832790986	6,7,13,16	petite yeah conscious else
POOL	5818	0.832785527	5,7,11,12,16	post-it bad card's a self
POOL	5819	0.832753985	2,6,8,9,13,16	pull tit at ahh this en
POOL	5820	0.832745198	2,9,13,16	pull t-back nervous self
POOL	5821	0.832744254	2,5,7,12,16	too shit bad karma self
POOL	5822	0.832740321	2,9,13,16	push t-back nervous self
POOL	5823	0.832713121	3,5,7,11,13,16	took eat pan ken us else
POOL	5824	0.832690272	2,9,13,16	took t-back novice else
POOL	5825	0.832681904	2,5,7,12,16	two tit bad kata self
POOL	5826	0.832672034	4,7,11,16	putty t-back cars self
POOL	5827	0.832656920	3,6,10,13,16	took eat add-on thus elf
POOL	5828	0.832651791	3,6,10,13,16	took eat add-on this elf
POOL	5829	0.832650456	2,5,7,12,16	too tip bad cava self
POOL	5830	0.832629600	2,6,7,10,12,16	pull tit a cause a helps
POOL	5831	0.832616793	2,7,11,16	power t-back car self
POOL	5832	0.832613104	2,5,9,12,16	pull take back-up a self
POOL	5833	0.832609202	2,5,9,12,16	push take back-up a self
POOL	5834	0.832603827	4,9,11,16	putting t-back new self
POOL	5835	0.832598110	3,5,11,12,13,16	took eat bans a sh else
POOL	5836	0.832592005	3,6,7,11,12,16	took eat map conch a self
POOL	5837	0.832589411	3,5,7,11,16	put-on eat buy cars self
POOL	5838	0.832580783	3,5,7,11,16	put-on eat bag cause self
POOL	5839	0.832576378	4,8,10,13,16	took t-back are thus self
POOL	5840	0.832569255	2,5,8,11,13,16	plow tide bak ons us else
POOL	5841	0.832564804	4,7,11,16	potty t-back cons self
POOL	5842	0.832564027	2,5,7,12,16	pull shit bad kata self
POOL	5843	0.832560126	2,5,7,12,16	push shit bad kata self
POOL	5844	0.832558401	4,9,12,13,16	boy becca a see else
POOL	5845	0.832550437	2,5,8,9,13,16	per tit bak ahh nuff else
POOL	5846	0.832542729	3,5,11,12,13,16	book eat bans a see elf
POOL	5847	0.832538319	3,4,9,13,16	took p. t-back thus else
POOL	5848	0.832519609	2,5,7,12,16	two tit bad cava self
POOL	5849	0.832518781	3,5,7,11,16	book eat bad khan's assess
POOL	5850	0.832516395	3,5,7,11,16	took eat bad cause assess
POOL	5851	0.832508133	3,7,10,13,16	book at-bat con thus else
POOL	5852	0.832503005	3,7,10,13,16	book at-bat con this else
POOL	5853	0.832496202	2,9,11,16	too t-back news assess
POOL	5854	0.832484046	3,5,7,11,13,16	pep eat bad toms us else
POOL	5855	0.832477359	4,9,11,16	putin t-back news self
POOL	5856	0.832473579	4,8,10,13,16	boy t-back are thus elf
POOL	5857	0.832472697	4,7,10,12,16	pussy tell cause then self
POOL	5858	0.832461227	3,5,7,11,16	put-on bit bad khan's self
POOL	5859	0.832459411	2,9,11,16	too t-back news e-health
POOL	5860	0.832450994	3,5,7,11,16	put-on hit bad khan's self
POOL	5861	0.832437031	3,5,7,11,16	put-on at bad cons self
POOL	5862	0.832436175	3,6,10,13,16	push eat add-on thus else
POOL	5863	0.832431046	3,6,10,13,16	push eat add-on this else
POOL	5864	0.832411357	2,6,8,12,16	too shit at ana self
POOL	5865	0.832411155	2,5,7,10,12,16	coup tit bad cause a self
POOL	5866	0.832401732	2,5,7,12,16	pull shit bad cava self
POOL	5867	0.832397830	2,5,7,12,16	push shit bad cava self
POOL	5868	0.832390758	2,6,13,16	pull t-top conscious else
POOL	5869	0.832385881	2,6,13,16	push t-top conscious else
POOL	5870	0.832380830	2,4,11,16	power see batons self
POOL	5871	0.832374295	3,5,7,11,16	put-on its bad khan's self
POOL	5872	0.832364024	4,8,10,13,16	book t-back -san thus else
POOL	5873	0.832358895	4,8,10,13,16	book t-back -san this else
POOL	5874	0.832345620	3,7,10,13,16	book at-bat khan thus else
POOL	5875	0.832340491	3,7,10,13,16	book at-bat khan this else
POOL	5876	0.832334072	4,7,13,16	pussy bag conscious else
POOL	5877	0.832327855	4,7,10,12,16	party bad cause then self
POOL	5878	0.832324444	4,9,11,16	pussy becca news self
POOL	5879	0.832308217	4,7,10,12,16	took t-back cause then self
POOL	5880	0.832279501	4,7,13,16	potty bad kansas else
POOL	5881	0.832245008	4,7,11,16	pussy t-back car self
POOL	5882	0.832241820	3,4,7,13,16	took see bad conscious heir
POOL	5883	0.832232032	4,7,10,12,16	pussy bad conn a self
POOL	5884	0.832230144	3,6,7,9,12,16	took eat a key a self
POOL	5885	0.832214053	4,9,12,13,16	book t-back a sh else
POOL	5886	0.832182372	2,6,10,12,16	pull tit add-on then self
POOL	5887	0.832178470	2,6,10,12,16	push tit add-on then self
POOL	5888	0.832176037	2,8,11,13,16	o t-back arse us else
POOL	5889	0.832170937	2,5,7,11,15,16	pull tit ann cod sell if
POOL	5890	0.832161905	3,6,11,12,13,16	took itch cons a sher else
POOL	5891	0.832129032	2,5,7,10,13,16	pull tide batch cause this else
POOL	5892	0.832125010	4,8,10,13,16	boy t-back non thus else
POOL	5893	0.832124943	3,5,11,12,13,16	book eat bans a sh else
POOL	5894	0.832119881	4,8,10,13,16	boy t-back non this else
POOL	5895	0.832107135	4,9,12,13,16	pushed becca a see else
POOL	5896	0.832092503	2,7,11,12,16	too t-back cons a shan
POOL	5897	0.832081847	2,6,8,12,16	too tit at gonna self
POOL	5898	0.832069362	2,6,7,11,12,16	paws it a cons a self
POOL	5899	0.832067653	2,7,11,16	too t-back cons assess
POOL	5900	0.832065827	3,6,10,13,16	book eat add-on thus elf
POOL	5901	0.832060698	3,6,10,13,16	book eat add-on this elf
POOL	5902	0.832054530	4,7,11,16	potty t-back cause self
POOL	5903	0.832052458	3,6,7,11,16	put itty a cons self
POOL	5904	0.832048899	4,8,10,13,16	took t-back un thus else
POOL	5905	0.832048811	4,7,11,16	putin t-back cons self
POOL	5906	0.832043770	4,8,10,13,16	took t-back un this else
POOL	5907	0.832042628	4,7,10,12,16	putting bad con then self
POOL	5908	0.832038041	4,11,13,16	putty batons ass else
POOL	5909	0.832030862	2,7,11,16	too t-back cons e-health
POOL	5910	0.832025566	4,7,10,12,16	potty bad cause then self
POOL	5911	0.832024802	3,5,11,12,13,16	push eat bans a see else
POOL	5912	0.832022313	4,8,10,13,16	pushed t-back are thus elf
POOL	5913	0.832012227	4,7,13,16	pussy bad conscious self
POOL	5914	0.831989651	2,9,13,16	pull t-back navas else
POOL	5915	0.831985286	4,8,10,13,16	book t-back are thus self
POOL	5916	0.831984774	2,9,13,16	push t-back navas else
POOL	5917	0.831980145	2,6,9,11,16	too tit at news itself
POOL	5918	0.831978566	1,4,7,11,16	up tea bam cons offence
POOL	5919	0.831970779	2,6,11,16	too t-top icons self
POOL	5920	0.831965616	3,6,11,13,16	took eat actions us l
POOL	5921	0.831952157	2,5,11,12,13,16	pull tit ben's up see else
POOL	5922	0.831946275	3,5,7,9,13,16	took ate bad car russ else
POOL	5923	0.831937628	2,5,7,10,13,16	boe tit bad cause z.'s else
POOL	5924	0.831924662	4,7,11,16	putting t-back comes self
POOL	5925	0.831922290	2,9,13,16	book t-back novice else
POOL	5926	0.831908230	4,7,10,12,16	pussy tell con a self
POOL	5927	0.831882148	2,4,7,10,12,16	p. tea bad cause yeah self
POOL	5928	0.831880622	4,7,10,12,16	putty bad con then self
POOL	5929	0.831880235	3,5,7,11,13,16	bode eat bad cons bash else
POOL	5930	0.831880115	4,7,10,12,16	putting bad khan then self
POOL	5931	0.831879813	3,5,7,10,13,16	pac eat bad cause this else
POOL	5932	0.831875502	3,4,7,10,13,16	took e'en teng cause this else
POOL	5933	0.831862736	4,7,11,16	party t-back comes self
POOL	5934	0.831860685	5,7,13,16	post-it bad kansas else
POOL	5935	0.831826964	4,7,13,16	pussy bad causes else
POOL	5936	0.831819767	2,6,8,12,16	pull kit at ana self
POOL	5937	0.831815866	2,6,8,12,16	push kit at ana self
POOL	5938	0.831792029	4,7,10,12,16	putting bad car then self
POOL	5939	0.831783139	4,7,10,12,16	pussy bad kahn a self
POOL	5940	0.831763508	4,7,13,16	putin bad kansas else
POOL	5941	0.831763387	4,7,10,12,16	party bad con a self
POOL	5942	0.831745716	4,7,10,12,16	pussy tell khan a self
POOL	5943	0.831745050	3,5,11,12,13,16	pushed eat bans a shh else
POOL	5944	0.831744473	4,11,13,16	pussy batons ash else
POOL	5945	0.831743749	4,7,10,12,16	took t-back con a self
POOL	5946	0.831741604	2,9,13,16	paw t-back novice else
POOL	5947	0.831729051	4,9,11,16	pussy t-back then self
POOL	5948	0.831727301	2,7,13,16	a t-back conscious else
POOL	5949	0.831726540	2,9,11,16	power t-back non self
POOL	5950	0.831718109	4,7,10,12,16	putty bad khan then self
POOL	5951	0.831717124	4,7,10,12,16	book t-back cause then self
POOL	5952	0.831716485	4,7,10,12,16	putin bad cause a self
POOL	5953	0.831700015	3,5,9,11,13,16	took eat basque earn us else
POOL	5954	0.831699331	2,9,13,16	too t-back novice elf
POOL	5955	0.831693112	4,8,10,13,16	pussy tack are thus else
POOL	5956	0.831673744	4,8,10,13,16	pushed t-back non thus else
POOL	5957	0.831673158	4,7,13,16	putting tell kansas else
POOL	5958	0.831668615	4,8,10,13,16	pushed t-back non this else
POOL	5959	0.831657151	4,7,10,12,16	pussy bag cause a self
POOL	5960	0.831630023	4,7,10,12,16	putty bad car then self
POOL	5961	0.831611232	4,7,13,16	party tell kansas else
POOL	5962	0.831607046	3,5,11,12,13,16	took eat bans a shh elf
POOL	5963	0.831600874	4,7,10,12,16	party bad khan a self
POOL	5964	0.831597086	4,9,12,13,16	pussy tech news see else
POOL	5965	0.831594761	4,11,13,16	putting batons a else
POOL	5966	0.831593597	4,9,12,13,16	took t-back news sh else
POOL	5967	0.831585096	4,9,13,16	putty t-back thus else
POOL	5968	0.831581926	4,9,12,13,16	took becca a see elf
POOL	5969	0.831581235	4,7,10,12,16	took t-back khan a self
POOL	5970	0.831567259	3,5,8,11,13,16	took eat packed ons us else
POOL	5971	0.831557379	2,7,11,16	too t-back cause assess
POOL	5972	0.831551800	2,9,13,16	too t-back nervous well
POOL	5973	0.831544352	4,9,12,13,16	boy t-back a see elf
POOL	5974	0.831538536	4,7,11,16	putin t-back cause self
POOL	5975	0.831532834	4,11,13,16	party batons a else
POOL	5976	0.831523946	2,6,8,12,16	too tip at ana self
POOL	5977	0.831520588	2,7,11,16	too t-back cause e-health
POOL	5978	0.831517524	4,7,13,16	pushed t-back conscious else
POOL	5979	0.831515102	3,6,8,11,13,16	pit eat at ons peace else
POOL	5980	0.831513088	3,6,10,13,16	took eat add-on then else
POOL	5981	0.831512788	4,7,10,12,16	party bad car a self
POOL	5982	0.831496374	4,7,11,16	potty t-back cars self
POOL	5983	0.831487930	2,6,8,12,16	too tit ask ana self
POOL	5984	0.831461098	4,7,10,12,16	potty bad con a self
POOL	5985	0.831451624	2,6,11,13,15,16	pull it cons us air c
POOL	5986	0.831451250	2,5,9,11,16	toe quit back-up news self
POOL	5987	0.831444064	4,9,12,13,16	took becca a shh else
POOL	5988	0.831433271	5,9,11,16	post-it back-up news self
POOL	5989	0.831406491	4,9,12,13,16	boy t-back a shh else
POOL	5990	0.831404189	3,5,7,10,13,16	took eat uhh cause this else
POOL	5991	0.831377597	4,7,10,12,16	pussy bad cause than self
POOL	5992	0.831377597	4,7,10,12,16	pussy bad cause that self
POOL	5993	0.831354755	4,9,11,16	pussy t-back non self
POOL	5994	0.831352122	2,9,13,16	power t-back nash else
POOL	5995	0.831346852	4,9,12,13,16	boy becca news see else
POOL	5996	0.831325381	3,5,11,13,16	polk eat batons us else
POOL	5997	0.831295220	2,6,11,16	too t-top axons self
POOL	5998	0.831288206	4,7,13,16	putty tell conscious else
POOL	5999	0.831281791	2,9,13,16	took t-back nervous elf
POOL	6000	0.831272005	4,6,13,16	pussy too conscious else
POOL	6001	0.831262270	4,11,13,16	putty batons us else
POOL	6002	0.831251799	2,8,11,13,16	toy t-back ons nash else
POOL	6003	0.831249649	2,9,13,16	too t-back nervous air
POOL	6004	0.831231058	4,7,13,16	boy t-back kansas else
POOL	6005	0.831226516	3,6,10,13,16	took shit add-on thus else
POOL	6006	0.831221387	3,6,10,13,16	took shit add-on this else
POOL	6007	0.831200381	3,6,7,13,16	boot eat aye conscious else
POOL	6008	0.831191667	2,6,8,12,16	too tit ack ana self
POOL	6009	0.831187667	3,6,7,12,16	pushed eat a kata self
POOL	6010	0.831175236	2,6,8,12,16	too tit act ana self
POOL	6011	0.831158758	2,6,8,12,16	pull shit at ana self
POOL	6012	0.831154856	2,6,8,12,16	push shit at ana self
POOL	6013	0.831147531	2,6,11,16	too t-top add-on self
POOL	6014	0.831139286	3,6,10,13,16	but eat add-on thus else
POOL	6015	0.831133879	3,5,11,12,13,16	book eat bans a shh elf
POOL	6016	0.831132489	4,7,13,16	putting bad canvas else
POOL	6017	0.831117886	2,5,8,11,13,16	ep tit desk ons us else
POOL	6018	0.831093086	4,9,12,13,16	pushed t-back a see elf
POOL	6019	0.831070563	4,7,13,16	party bad canvas else
POOL	6020	0.831037288	2,5,7,13,16	too t. bags conscious else
POOL	6021	0.831031003	4,7,11,12,16	pussy tie corn a self
POOL	6022	0.831025372	3,6,7,12,16	pushed eat a cava self
POOL	6023	0.831002504	4,9,12,13,16	book t-back news sh else
POOL	6024	0.831001212	4,7,13,16	pussy buy kansas else
POOL	6025	0.830999223	2,7,11,16	too t-back cars assess
POOL	6026	0.830993574	3,6,8,11,16	put-on eat at ons self
POOL	6027	0.830990833	4,9,12,13,16	book becca a see elf
POOL	6028	0.830980380	4,7,11,16	putin t-back cars self
POOL	6029	0.830980337	4,9,13,16	pussy t-back nash else
POOL	6030	0.830972390	3,4,7,11,16	took see bad cons ansel
POOL	6031	0.830970486	4,7,13,16	pussy bad kansas elf
POOL	6032	0.830964632	3,5,7,11,12,16	took eat bad cons ing self
POOL	6033	0.830962432	2,7,11,16	too t-back cars e-health
POOL	6034	0.830960344	4,7,13,16	putting buy conscious else
POOL	6035	0.830958181	4,6,13,16	pussy top conscious else
POOL	6036	0.830955224	4,9,12,13,16	pushed t-back a shh else
POOL	6037	0.830953936	2,6,8,12,16	took tit at ana self
POOL	6038	0.830945007	3,4,6,11,13,16	took a tube cons us belts
POOL	6039	0.830929618	4,7,13,16	putting bad conscious elf
POOL	6040	0.830922595	3,7,10,13,16	pushed at-bat cause thus else
POOL	6041	0.830921995	3,6,10,13,16	book eat add-on then else
POOL	6042	0.830917466	3,7,10,13,16	pushed at-bat cause this else
POOL	6043	0.830911703	3,6,10,13,16	pot eat add-on thus else
POOL	6044	0.830911361	2,9,11,16	power t-back n.'s self
POOL	6045	0.830911167	3,5,11,12,13,16	pot eat bans a see else
POOL	6046	0.830906575	3,6,10,13,16	pot eat add-on this else
POOL	6047	0.830898418	4,7,13,16	party buy conscious else
POOL	6048	0.830895586	4,9,12,13,16	pushed becca news see else
POOL	6049	0.830894913	3,7,10,13,16	took iba con thus else
POOL	6050	0.830890627	4,11,13,16	putting batons s else
POOL	6051	0.830889784	3,7,10,13,16	took iba con this else
POOL	6052	0.830883741	2,6,10,12,16	too shit add-on a self
POOL	6053	0.830882102	3,6,10,13,16	took eat icon thus else
POOL	6054	0.830876973	3,6,10,13,16	took eat icon this else
POOL	6055	0.830867692	4,7,13,16	party bad conscious elf
POOL	6056	0.830862380	4,11,13,16	potty batons ass else
POOL	6057	0.830857254	2,6,11,13,16	too tit cons earth alas
POOL	6058	0.830852971	4,9,12,13,16	book becca a shh else
POOL	6059	0.830847040	4,7,11,16	putty t-back khan's self
POOL	6060	0.830829248	2,6,8,12,16	pull tit at gonna self
POOL	6061	0.830828701	4,11,13,16	party batons s else
POOL	6062	0.830825346	2,6,8,12,16	push tit at gonna self
POOL	6063	0.830820667	2,7,11,16	power t-back con self
POOL	6064	0.830786811	6,7,13,16	petite yeah kansas else
POOL	6065	0.830782093	2,9,13,16	two t-back novice else
POOL	6066	0.830763886	4,9,12,13,16	pussy tack a see else
POOL	6067	0.830751974	3,4,7,13,16	took elle bad conscious else
POOL	6068	0.830740675	3,6,10,13,16	foot eat add-on thus else
POOL	6069	0.830736897	2,9,13,16	too t-back novice self
POOL	6070	0.830735546	3,6,10,13,16	foot eat add-on this else
POOL	6071	0.830732399	3,7,10,13,16	took iba khan thus else
POOL	6072	0.830727270	3,7,10,13,16	took iba khan this else
POOL	6073	0.830719252	4,9,13,16	boy t-back nervous else
POOL	6074	0.830667262	3,6,7,11,12,16	took ys a caused a self
POOL	6075	0.830666022	2,6,7,13,16	toe tilt et conscious else
POOL	6076	0.830652131	4,9,13,15,16	pussy tek thus air fur
POOL	6077	0.830635423	3,6,10,13,16	book shit add-on thus else
POOL	6078	0.830630294	3,6,10,13,16	book shit add-on this else
POOL	6079	0.830625990	4,9,13,16	putty t-back this else
POOL	6080	0.830617525	2,7,11,16	power t-back khan self
POOL	6081	0.830615952	3,5,11,12,13,16	push eat bans a shh else
POOL	6082	0.830610357	2,5,8,11,16	too tit black honors self
POOL	6083	0.830594694	2,9,13,16	too t-back nervous alf
POOL	6084	0.830581040	2,8,10,13,16	pulls t-back are thus else
POOL	6085	0.830580967	2,9,13,16	pull t-back nervous health
POOL	6086	0.830576090	2,9,13,16	push t-back nervous health
POOL	6087	0.830573879	3,6,8,11,12,16	took heat at ons a self
POOL	6088	0.830562757	2,5,7,13,16	too tit bad conscious wes
POOL	6089	0.830539576	4,9,11,16	pussy t-back n.'s self
POOL	6090	0.830517761	3,5,11,12,13,16	pushed eat bans a see elf
POOL	6091	0.830513809	2,9,13,16	book t-back nervous elf
POOL	6092	0.830498016	3,5,11,12,13,16	took eat bans a saw else
POOL	6093	0.830485858	2,6,8,10,13,16	pa tit at are this else
POOL	6094	0.830461837	2,6,10,12,16	too kit add-on then self
POOL	6095	0.830451987	4,7,10,13,16	pussy bad cubs thus else
POOL	6096	0.830448882	4,7,11,16	pussy t-back con self
POOL	6097	0.830445094	3,6,7,9,12,16	took mitt a car a self
POOL	6098	0.830443564	5,11,13,16	post-it batons ass else
POOL	6099	0.830441713	3,6,7,12,16	push eat a kata self
POOL	6100	0.830440368	2,8,10,13,16	too t-back ton thus else
POOL	6101	0.830437762	2,4,7,10,13,16	pull tai bad cause this shelf
POOL	6102	0.830434865	2,6,10,12,16	paw tit add-on then self
POOL	6103	0.830430015	4,9,12,13,16	took t-back a shh elf
POOL	6104	0.830409435	4,9,13,16	potty t-back thus else
POOL	6105	0.830397386	3,7,10,13,16	took at-bat cause thus elf
POOL	6106	0.830392257	3,7,10,13,16	took at-bat cause this elf
POOL	6107	0.830386584	2,6,13,16	pull t-top kansas else
POOL	6108	0.830381707	2,6,13,16	push t-top kansas else
POOL	6109	0.830379252	2,4,9,13,16	spa tea t-back thus ell
POOL	6110	0.830370377	4,9,12,13,16	took becca news see elf
POOL	6111	0.830368893	4,6,11,13,16	pussy tabs cons hash else
POOL	6112	0.830362843	2,6,8,12,16	book tit at ana self
POOL	6113	0.830355985	2,4,8,11,16	co. tea t-back con self
POOL	6114	0.830346387	4,11,13,16	putin batons ass else
POOL	6115	0.830340390	6,7,13,16	petite a canvas else
POOL	6116	0.830336700	3,7,10,13,16	put-on eat cause thus else
POOL	6117	0.830333124	2,9,13,16	paw t-back nervous elf
POOL	6118	0.830331571	3,7,10,13,16	put-on eat cause this else
POOL	6119	0.830329897	4,7,13,16	pussy bag kansas else
POOL	6120	0.830319358	2,9,13,16	took t-back nervous self
POOL	6121	0.830309686	2,6,10,12,16	too t-top cause then self
POOL	6122	0.830303820	3,7,10,13,16	book iba con thus else
POOL	6123	0.830298691	3,7,10,13,16	book iba con this else
POOL	6124	0.830292151	2,6,10,12,16	pull kit add-on a self
POOL	6125	0.830291009	3,6,10,13,16	book eat icon thus else
POOL	6126	0.830289030	4,7,13,16	putting bag conscious else
POOL	6127	0.830288250	2,6,10,12,16	push kit add-on a self
POOL	6128	0.830285880	3,6,10,13,16	book eat icon this else
POOL	6129	0.830282024	4,9,12,13,16	pussy tak a see else
POOL	6130	0.830279417	3,6,7,12,16	push eat a cava self
POOL	6131	0.830279402	4,9,11,16	putting becca news self
POOL	6132	0.830271347	2,6,8,12,16	pull tip at ana self
POOL	6133	0.830267445	2,6,8,12,16	push tip at ana self
POOL	6134	0.830266526	2,6,8,12,16	poo tit at ana self
POOL	6135	0.830265645	4,9,12,13,16	took becca news she else
POOL	6136	0.830245740	4,7,11,16	pussy t-back khan self
POOL	6137	0.830245559	3,6,10,13,16	took bit add-on thus else
POOL	6138	0.830240430	3,6,10,13,16	took bit add-on this else
POOL	6139	0.830235331	2,6,8,12,16	pull tit ask ana self
POOL	6140	0.830235326	3,6,10,13,16	took hit add-on thus else
POOL	6141	0.830232515	4,9,12,13,16	took becca news shh else
POOL	6142	0.830231429	2,6,8,12,16	push tit ask ana self
POOL	6143	0.830230198	3,6,10,13,16	took hit add-on this else
POOL	6144	0.830217476	4,9,11,16	party becca news self
POOL	6145	0.830214700	4,9,11,16	putty t-back new self
POOL	6146	0.830205530	2,6,8,12,16	too tick at ana self
POOL	6147	0.830199966	4,7,11,16	putting t-back car self
POOL	6148	0.830194941	4,9,12,13,16	boy t-back news shh else
POOL	6149	0.830186958	2,6,8,11,13,16	poof tit at wand us else
POOL	6150	0.830183564	3,4,7,11,12,16	apt a duh cons a self
POOL	6151	0.830176641	3,7,10,13,16	push at-bat cause thus else
POOL	6152	0.830171512	3,7,10,13,16	push at-bat cause this else
POOL	6153	0.830158627	3,6,10,13,16	took it's add-on thus else
POOL	6154	0.830141306	3,7,10,13,16	book iba khan thus else
POOL	6155	0.830138040	4,7,11,16	party t-back car self
POOL	6156	0.830137519	6,7,13,16	petite a conscious elf
POOL	6157	0.830136177	3,7,10,13,16	book iba khan this else
POOL	6158	0.830132131	4,7,9,12,16	pussy bad ska a self
POOL	6159	0.830115295	3,6,7,12,16	pushed eat a karma self
POOL	6160	0.830086609	4,11,13,16	potty batons us else
POOL	6161	0.830072261	2,6,8,12,16	paw kit at ana self
POOL	6162	0.830040210	3,6,7,13,16	took beat a tarsus else
POOL	6163	0.830010836	3,5,7,13,16	toot eat bad conscious else
POOL	6164	0.829996330	2,6,10,12,16	too tip add-on a self
POOL	6165	0.829983795	6,7,13,16	petite add conscious else
POOL	6166	0.829968641	2,6,8,12,16	too tit at wanna self
POOL	6167	0.829964918	2,6,13,16	took t-top conscious else
POOL	6168	0.829961224	2,6,8,12,16	too pit at ana self
POOL	6169	0.829948763	2,8,11,12,16	too t-back ons l self
POOL	6170	0.829939068	2,6,8,12,16	pull tit ack ana self
POOL	6171	0.829935167	2,6,8,12,16	push tit ack ana self
POOL	6172	0.829922636	2,6,8,12,16	pull tit act ana self
POOL	6173	0.829918735	2,6,8,12,16	push tit act ana self
POOL	6174	0.829893441	4,9,13,16	putin t-back thus else
POOL	6175	0.829881537	4,9,12,13,16	pushed t-back news see elf
POOL	6176	0.829874799	3,6,7,13,16	took eat ann cava else
POOL	6177	0.829869690	3,6,10,13,16	taught eat add-on thus else
POOL	6178	0.829864562	3,6,10,13,16	taught eat add-on this' else
POOL	6179	0.829838922	4,9,12,13,16	book t-back a shh elf
POOL	6180	0.829823660	2,5,7,10,12,16	pull tit pak cause a self
POOL	6181	0.829803034	3,6,8,9,13,16	took ist at ahh this else
POOL	6182	0.829800827	2,6,10,12,16	too shit add-on then self
POOL	6183	0.829795768	2,4,11,16	power team batons self
POOL	6184	0.829788649	2,6,10,13,16	too tit axon thus f.
POOL	6185	0.829779284	4,9,12,13,16	book becca news see elf
POOL	6186	0.829746324	4,9,12,13,16	took becca a saw else
POOL	6187	0.829745218	2,6,10,12,16	too t-top con a self
POOL	6188	0.829743675	4,9,12,13,16	pushed t-back news shh else
POOL	6189	0.829742884	2,5,7,10,12,16	pull taste bad cause a self
POOL	6190	0.829740526	4,9,13,16	pussy becca thus else
POOL	6191	0.829714855	4,9,12,13,16	putty tech a see else
POOL	6192	0.829699431	4,11,13,16	putting batons ash else
POOL	6193	0.829697569	3,8,11,12,13,16	pushed tech ons a see else
POOL	6194	0.829684370	3,5,11,12,13,16	took eat ben's a see else
POOL	6195	0.829684009	4,9,11,16	putting t-back then self
POOL	6196	0.829675190	2,9,11,16	power t-back news health
POOL	6197	0.829674552	4,9,12,13,16	book becca news she else
POOL	6198	0.829671379	4,7,11,16	potty t-back khan's self
POOL	6199	0.829667793	5,11,13,16	post-it batons us else
POOL	6200	0.829651002	2,9,13,16	to t-back novice else
POOL	6201	0.829637504	4,11,13,16	party batons ash else
POOL	6202	0.829633464	6,7,13,16	petite an conscious else
POOL	6203	0.829633464	6,7,13,16	petite as conscious else
POOL	6204	0.829633464	6,7,13,16	petite at conscious else
POOL	6205	0.829631142	2,6,10,12,16	pull shit add-on a self
POOL	6206	0.829627240	2,6,10,12,16	push shit add-on a self
POOL	6207	0.829584662	3,5,7,10,13,16	took bet bad cause this else
POOL	6208	0.829582704	2,6,10,12,16	too t-top khan a self
POOL	6209	0.829570616	4,11,13,16	putin batons us else
POOL	6210	0.829563810	2,9,13,16	took t-back navas else
POOL	6211	0.829553365	4,11,13,16	pussy batons ass elf
POOL	6212	0.829551375	2,9,13,16	book t-back nervous self
POOL	6213	0.829535536	4,7,11,16	putty t-back comes self
POOL	6214	0.829526401	3,6,11,12,13,16	booked eat cums a see else
POOL	6215	0.829522348	4,7,11,16	pussy at-bat cons self
POOL	6216	0.829513955	3,6,7,11,16	took pitt a cons affairs
POOL	6217	0.829507444	2,9,13,16	too kickback nervous else
POOL	6218	0.829498865	5,7,11,12,16	booklet black cons a self
POOL	6219	0.829494619	2,6,10,12,16	too t-top car a self
POOL	6220	0.829472204	2,9,13,16	power t-back thus elf
POOL	6221	0.829452405	4,7,11,12,16	booking bad cons are self
POOL	6222	0.829450329	4,9,13,16	potty t-back this else
POOL	6223	0.829426320	2,6,10,12,16	took tit add-on a self
POOL	6224	0.829411252	2,6,8,12,16	paw shit at ana self
POOL	6225	0.829397568	2,6,7,13,16	ahh tit a conscious cells'
POOL	6226	0.829387575	4,7,11,13,16	pussy bad cons n.'s f
POOL	6227	0.829373613	2,9,13,16	two t-back nervous elf
POOL	6228	0.829370690	2,9,13,16	paw t-back nervous self
POOL	6229	0.829370245	2,4,11,16	power key batons self
POOL	6230	0.829369340	3,6,7,12,16	push eat a karma self
POOL	6231	0.829368930	3,5,7,11,12,16	took set bad conde a self
POOL	6232	0.829357757	2,5,8,11,16	pull tit black honors self
POOL	6233	0.829353856	2,5,8,11,16	push tit black honors self
POOL	6234	0.829330940	2,6,8,12,16	pooh tit at ana self
POOL	6235	0.829309713	4,9,11,16	putting t-back non self
POOL	6236	0.829303405	4,9,11,16	pussy t-back news health
POOL	6237	0.829300328	2,9,13,16	paul t-back novice else
POOL	6238	0.829289789	3,6,7,11,12,16	'bout eat a cons a shalt
POOL	6239	0.829287582	2,5,8,11,16	too tit bak honors self
POOL	6240	0.829281008	2,5,11,13,16	too tit ben's us well-off
POOL	6241	0.829267831	4,6,13,16	pussy too kansas else
POOL	6242	0.829247787	4,9,11,16	party t-back non self
POOL	6243	0.829246641	2,7,11,16	power t-back cons health
POOL	6244	0.829234116	3,7,11,13,15,16	cote eat cons us err if
POOL	6245	0.829232054	3,6,7,12,16	took shit a kata self
POOL	6246	0.829226963	4,6,13,16	putting too conscious else
POOL	6247	0.829209238	2,6,10,12,16	pull kit add-on then self
POOL	6248	0.829205634	4,11,13,16	putty batons a else
POOL	6249	0.829205336	2,6,10,12,16	push kit add-on then self
POOL	6250	0.829196936	2,6,13,16	book t-top conscious else
POOL	6251	0.829176255	2,4,6,13,16	oooh tea teh conscious else
POOL	6252	0.829175086	6,7,13,16	petite a conscious self
POOL	6253	0.829174228	2,7,11,16	too t-back khan's assess
POOL	6254	0.829174005	4,6,13,16	pussy tube conscious else
POOL	6255	0.829165037	4,6,13,16	party too conscious else
POOL	6256	0.829155386	4,7,11,16	putin t-back khan's self
POOL	6257	0.829142066	3,4,7,11,13,16	brook a bad cons us heir
POOL	6258	0.829137437	2,7,11,16	too t-back khan's e-health
POOL	6259	0.829127832	6,7,11,13,16	petite ang cons us ref
POOL	6260	0.829111503	2,4,9,13,15,16	pull tea back this air if
POOL	6261	0.829108713	2,6,8,12,16	too kit at gonna self
POOL	6262	0.829100419	4,9,13,16	pussy t-back thus elf
POOL	6263	0.829081741	2,6,8,12,16	paw tit at gonna self
POOL	6264	0.829069758	3,6,7,12,16	took shit a cava self
POOL	6265	0.829063273	2,6,8,12,16	too sit at ana self
POOL	6266	0.829057086	2,6,10,12,16	pull t-top cause then self
POOL	6267	0.829056770	2,6,7,10,12,16	ooh tit ads' cause a self
POOL	6268	0.829053185	2,6,10,12,16	push t-top cause then self
POOL	6269	0.829039039	4,9,11,16	potty t-back new self
POOL	6270	0.829025288	6,7,13,16	petite ass conscious else
POOL	6271	0.829024718	3,6,8,11,16	put-on eat at r.'s self
POOL	6272	0.829016250	2,6,13,16	paw t-top conscious else
POOL	6273	0.829012074	4,7,11,16	pussy at-bat cause self
POOL	6274	0.829001544	4,9,13,16	pushed t-back nervous else
POOL	6275	0.828994139	2,9,11,16	pull t-back news assess
POOL	6276	0.828989823	6,7,13,16	petite a causes else
POOL	6277	0.828989262	2,9,11,16	push t-back news assess
POOL	6278	0.828973977	2,6,13,16	too t-top conscious elf
POOL	6279	0.828957348	2,9,11,16	pull t-back news e-health
POOL	6280	0.828954006	4,6,13,16	pussy top kansas else
POOL	6281	0.828952931	2,6,8,12,16	pull tick at ana self
POOL	6282	0.828952916	4,8,10,13,16	bot t-back are thus else
POOL	6283	0.828952824	4,11,13,16	pussy batons see else
POOL	6284	0.828952471	2,9,11,16	push t-back news e-health
POOL	6285	0.828949029	2,6,8,12,16	push tick at ana self
POOL	6286	0.828935295	4,9,13,16	putting t-back nash else
POOL	6287	0.828934336	4,9,13,16	putin t-back this else
POOL	6288	0.828920936	2,8,11,13,16	too t-back ons us less
POOL	6289	0.828917241	3,6,7,12,16	pot eat a kata self
POOL	6290	0.828913416	2,6,10,12,16	too tip add-on then self
POOL	6291	0.828913138	4,6,13,16	putting top conscious else
POOL	6292	0.828892734	3,5,7,13,16	took eat pat conscious else
POOL	6293	0.828874856	4,7,11,16	pussy t-back cons health
POOL	6294	0.828873369	4,9,13,16	party t-back nash else
POOL	6295	0.828864797	3,6,7,12,16	took eat yeah kata self
POOL	6296	0.828851212	4,6,13,16	party top conscious else
POOL	6297	0.828849353	5,9,13,16	post-it back-up thus else
POOL	6298	0.828835227	2,6,10,12,16	book tit add-on a self
POOL	6299	0.828834409	4,11,13,16	pussy batons yes else
POOL	6300	0.828828312	2,6,8,9,13,16	pu tit at ahh this leaf
POOL	6301	0.828817432	2,8,9,13,16	pol t-back mah thus else
POOL	6302	0.828812629	6,7,13,16	petite air conscious else
POOL	6303	0.828795828	2,9,13,16	book t-back navas else
POOL	6304	0.828786485	3,4,9,12,16	took see t-back a self
POOL	6305	0.828781421	4,9,13,16	pussy becca this else
POOL	6306	0.828777594	4,11,13,16	pussy batons us elf
POOL	6307	0.828754946	3,6,7,12,16	pot eat a cava self
POOL	6308	0.828746213	3,6,7,12,16	foot eat a kata self
POOL	6309	0.828743731	2,6,10,12,16	pull tip add-on a self
POOL	6310	0.828743101	3,6,7,11,13,16	pad eat a cons us raf
POOL	6311	0.828739829	2,6,10,12,16	push tip add-on a self
POOL	6312	0.828738910	2,6,10,12,16	poo tit add-on a self
POOL	6313	0.828736847	4,8,11,13,16	pussy sack non us else
POOL	6314	0.828736367	2,7,11,16	power t-back cause health
POOL	6315	0.828735801	2,6,8,12,16	too eat at ana self
POOL	6316	0.828734492	4,7,10,12,16	pussy tap cause a self
POOL	6317	0.828729924	3,6,7,13,16	took eat a conscious belts
POOL	6318	0.828716042	2,6,8,12,16	pull tit at wanna self
POOL	6319	0.828715403	2,6,7,10,12,16	pup tit a cause knack self
POOL	6320	0.828712140	2,6,8,12,16	push tit at wanna self
POOL	6321	0.828708625	2,6,8,12,16	pull pit at ana self
POOL	6322	0.828704723	2,6,8,12,16	push pit at ana self
POOL	6323	0.828702502	3,6,7,12,16	took eat yeah cava self
POOL	6324	0.828688919	3,5,7,11,12,16	took eat bad cons a ralph
POOL	6325	0.828687876	2,6,10,13,16	too te action thus else
POOL	6326	0.828686828	3,6,7,10,13,16	pooch eat a cause jeff else
POOL	6327	0.828677914	2,6,10,12,16	too tick add-on a self
POOL	6328	0.828666105	2,6,10,12,16	two tit add-on then self
POOL	6329	0.828662304	2,6,10,12,16	too t-top con then self
POOL	6330	0.828640961	3,6,7,12,16	book shit a kata self
POOL	6331	0.828615143	2,9,13,16	paw t-back navas else
POOL	6332	0.828598733	4,8,11,13,16	pussy peck ons death else
POOL	6333	0.828590931	4,11,13,16	pussy batons ass self
POOL	6334	0.828583918	3,6,7,12,16	foot eat a cava self
POOL	6335	0.828577536	2,8,11,16	power t-back ons self
POOL	6336	0.828572869	2,9,13,16	too t-back navas elf
POOL	6337	0.828572666	2,9,13,16	too t-back novice health
POOL	6338	0.828568471	3,8,11,12,13,16	push tech ons a see else
POOL	6339	0.828565590	2,7,11,16	pull t-back cons assess
POOL	6340	0.828560713	2,7,11,16	push t-back cons assess
POOL	6341	0.828548228	2,6,10,12,16	pull shit add-on then self
POOL	6342	0.828544645	2,6,10,12,16	paw kit add-on a self
POOL	6343	0.828544327	2,6,10,12,16	push shit add-on then self
POOL	6344	0.828535634	4,9,13,16	took becca nervous else
POOL	6345	0.828528799	2,7,11,16	pull t-back cons e-health
POOL	6346	0.828524702	2,6,8,12,16	too tight at ana self
POOL	6347	0.828523922	2,7,11,16	push t-back cons e-health
POOL	6348	0.828523840	2,6,8,12,16	paw tip at ana self
POOL	6349	0.828523046	4,9,11,16	putin t-back new self
POOL	6350	0.828514796	2,6,8,12,16	too kit ask ana self
POOL	6351	0.828513099	2,9,13,16	power t-back this elf
POOL	6352	0.828509771	2,9,13,16	power t-back thus self
POOL	6353	0.828501659	2,6,13,16	power tit conscious else
POOL	6354	0.828501500	4,11,13,16	putty batons s else
POOL	6355	0.828499790	2,6,10,12,16	too t-top khan then self
POOL	6356	0.828494533	4,9,11,16	putting t-back n.'s self
POOL	6357	0.828494270	2,5,8,11,16	too tit black ons assess
POOL	6358	0.828492619	2,6,10,12,16	pull t-top con a self
POOL	6359	0.828488717	2,6,10,12,16	push t-top con a self
POOL	6360	0.828487825	2,6,8,12,16	paw tit ask ana self
POOL	6361	0.828478666	3,6,7,12,16	book shit a cava self
POOL	6362	0.828468716	2,6,11,16	pull t-top icons self
POOL	6363	0.828463839	2,6,11,16	push t-top icons self
POOL	6364	0.828453918	4,7,11,16	pussy at-bat cars self
POOL	6365	0.828433608	2,6,10,12,16	too pit add-on a self
POOL	6366	0.828432607	4,9,11,16	party t-back n.'s self
POOL	6367	0.828411705	2,6,10,12,16	too t-top car then self
POOL	6368	0.828411179	2,9,13,16	two t-back nervous self
POOL	6369	0.828403840	4,7,11,16	putting t-back con self
POOL	6370	0.828393845	2,6,10,12,16	too tit icon a self
POOL	6371	0.828392494	2,6,10,12,16	paw t-top cause a self
POOL	6372	0.828382779	3,5,11,13,16	took dick batons us else
POOL	6373	0.828370131	4,9,11,16	pussy becca new self
POOL	6374	0.828369586	4,7,11,16	pussy tuba cons self
POOL	6375	0.828364582	4,7,11,16	pussy t-back cause health
POOL	6376	0.828359875	4,7,11,16	potty t-back comes self
POOL	6377	0.828343406	2,6,10,12,16	took tit add-on then self
POOL	6378	0.828341914	4,7,11,16	party t-back con self
POOL	6379	0.828330105	2,6,10,12,16	pull t-top khan a self
POOL	6380	0.828326203	2,6,10,12,16	push t-top khan a self
POOL	6381	0.828290781	2,9,11,16	power t-back knees self
POOL	6382	0.828288719	3,8,11,12,13,16	pushed tech ons a shh else
POOL	6383	0.828273704	3,6,7,12,16	book eat yeah kata self
POOL	6384	0.828271826	2,5,7,9,12,16	aw tit bad car nav self
POOL	6385	0.828251097	3,6,7,12,16	took bit a kata self
POOL	6386	0.828242521	2,9,13,16	to t-back nervous elf
POOL	6387	0.828240864	3,6,7,12,16	took hit a kata self
POOL	6388	0.828228627	2,5,8,11,16	too tit beck honors self
POOL	6389	0.828225840	2,8,11,16	power t-back r.'s self
POOL	6390	0.828208008	2,9,13,16	power t-back ness else
POOL	6391	0.828205751	4,8,11,16	pussy t-back ons self
POOL	6392	0.828200698	4,7,11,16	putting t-back khan self
POOL	6393	0.828197267	2,9,13,16	pull t-back novice elf
POOL	6394	0.828195392	3,4,9,12,16	book see t-back a self
POOL	6395	0.828192390	2,9,13,16	push t-back novice elf
POOL	6396	0.828178210	2,7,11,16	power t-back cars health
POOL	6397	0.828173593	2,9,11,16	power t-back these self
POOL	6398	0.828159681	3,6,7,12,16	took shit a karma self
POOL	6399	0.828155126	2,9,13,16	took t-back nervous health
POOL	6400	0.828141314	4,9,13,16	pussy t-back this elf
POOL	6401	0.828138772	4,7,11,16	party t-back khan self
POOL	6402	0.828137986	4,9,13,16	pussy t-back thus self
POOL	6403	0.828133345	6,7,13,16	petite a kansas elf
POOL	6404	0.828111409	3,6,7,12,16	book eat yeah cava self
POOL	6405	0.828088802	3,6,7,12,16	took bit a cava self
POOL	6406	0.828078569	3,6,7,12,16	took hit a cava self
POOL	6407	0.828072923	3,4,7,13,16	aud see bad conscious else
POOL	6408	0.828056739	2,6,13,16	two t-top conscious else
POOL	6409	0.828055316	2,7,11,16	pull t-back cause assess
POOL	6410	0.828050439	2,7,11,16	push t-back cause assess
POOL	6411	0.828049737	2,9,13,16	pull t-back nervous well
POOL	6412	0.828047584	2,5,8,11,16	too tit bank honors self
POOL	6413	0.828044860	2,9,13,16	push t-back nervous well
POOL	6414	0.828034983	2,5,8,11,16	pull tit bak honors self
POOL	6415	0.828031081	2,5,8,11,16	push tit bak honors self
POOL	6416	0.828029973	4,11,13,16	potty batons a else
POOL	6417	0.828018525	2,7,11,16	pull t-back cause e-health
POOL	6418	0.828013648	2,7,11,16	push t-back cause e-health
POOL	6419	0.828011543	2,6,13,16	too t-top conscious self
POOL	6420	0.828008290	2,6,8,10,13,16	pull kid at are says else
POOL	6421	0.827993597	4,7,11,14,16	pussy bad cons ef laugh
POOL	6422	0.827979620	6,7,13,16	petite add kansas else
POOL	6423	0.827961799	3,5,8,11,13,16	took eat bak ron us else
POOL	6424	0.827960743	2,6,13,16	took t-top kansas else
POOL	6425	0.827918996	4,9,11,16	pussy t-back knees self
POOL	6426	0.827910519	6,7,11,13,16	petite a cons us ish
POOL	6427	0.827891847	2,9,13,16	paul t-back nervous elf
POOL	6428	0.827890276	4,9,11,16	putty becca news self
POOL	6429	0.827890247	5,9,13,16	post-it back-up this else
POOL	6430	0.827875228	3,6,7,12,16	taught eat a kata self
POOL	6431	0.827862724	2,7,11,16	too t-back comes assess
POOL	6432	0.827859311	4,7,11,16	pussy tuba cause self
POOL	6433	0.827854055	4,8,11,16	pussy t-back r.'s self
POOL	6434	0.827847635	4,11,12,16	pussy batons a self
POOL	6435	0.827845184	2,6,13,16	power shit conscious else
POOL	6436	0.827844869	3,6,7,12,16	pot eat a karma self
POOL	6437	0.827843882	4,7,11,16	putin t-back comes self
POOL	6438	0.827838780	3,6,7,12,16	took eat an kata self
POOL	6439	0.827838780	3,6,7,12,16	took eat as kata self
POOL	6440	0.827838780	3,6,7,12,16	took eat at kata self
POOL	6441	0.827836223	4,9,13,16	pussy t-back ness else
POOL	6442	0.827834292	2,4,11,16	power t batons self
POOL	6443	0.827824440	2,5,9,13,16	tow tit back-up vis else
POOL	6444	0.827815160	4,11,13,16	pussy batons us self
POOL	6445	0.827810839	4,7,11,16	putty t-back car self
POOL	6446	0.827806425	4,7,11,16	pussy t-back cars health
POOL	6447	0.827806218	3,7,9,13,16	took eat car anas else
POOL	6448	0.827801808	4,9,11,16	pussy t-back these self
POOL	6449	0.827794720	2,6,11,16	power t-top cons self
POOL	6450	0.827793157	2,6,11,16	pull t-top axons self
POOL	6451	0.827792425	3,6,7,12,16	took eat yeah karma self
POOL	6452	0.827788280	2,6,11,16	push t-top axons self
POOL	6453	0.827772345	2,5,8,11,16	too tit bat honors self
POOL	6454	0.827771200	6,7,13,16	petite app conscious else
POOL	6455	0.827767652	4,9,13,16	book becca nervous else
POOL	6456	0.827767606	2,6,7,10,13,16	posh tit a cause this beth
POOL	6457	0.827747585	2,9,13,16	pull t-back nervous air
POOL	6458	0.827745548	5,9,11,13,16	pussy butt news us else
POOL	6459	0.827745530	4,7,9,12,16	pussy tee car a self
POOL	6460	0.827712933	3,6,7,12,16	taught eat a cava self
POOL	6461	0.827705385	4,11,13,16	pussy batons as else
POOL	6462	0.827698294	3,4,7,11,12,16	took yves bad cons ill self
POOL	6463	0.827695484	4,9,13,16	putting becca thus else
POOL	6464	0.827676484	3,6,7,12,16	took eat an cava self
POOL	6465	0.827676484	3,6,7,12,16	took eat as cava self
POOL	6466	0.827676484	3,6,7,12,16	took eat at cava self
POOL	6467	0.827673841	3,6,7,12,16	foot eat a karma self
POOL	6468	0.827660004	3,6,7,12,16	book bit a kata self
POOL	6469	0.827649771	3,6,7,12,16	book hit a kata self
POOL	6470	0.827645467	2,6,11,16	pull t-top add-on self
POOL	6471	0.827640590	2,6,11,16	push t-top add-on self
POOL	6472	0.827637223	2,5,8,11,16	too kit black honors self
POOL	6473	0.827633558	4,9,13,16	party becca thus else
POOL	6474	0.827629289	6,7,13,16	petite an kansas else
POOL	6475	0.827629289	6,7,13,16	petite as kansas else
POOL	6476	0.827629289	6,7,13,16	petite at kansas else
POOL	6477	0.827611353	4,9,11,13,16	pussy back news us else
POOL	6478	0.827611157	5,11,13,16	post-it batons a else
POOL	6479	0.827610251	2,5,8,11,16	paw tit black honors self
POOL	6480	0.827592075	3,5,11,13,16	took eat batons axe else
POOL	6481	0.827574936	3,4,9,12,16	took see t-back news self
POOL	6482	0.827513980	4,11,13,16	putin batons a else
POOL	6483	0.827508323	4,11,13,16	putting batons ass elf
POOL	6484	0.827504095	3,6,7,11,16	took eat how cons offense
POOL	6485	0.827497160	2,7,11,16	pull t-back cars assess
POOL	6486	0.827492283	2,7,11,16	push t-back cars assess
POOL	6487	0.827490587	2,5,9,11,16	too tit pac news itself
POOL	6488	0.827478957	5,9,11,16	post-it back-up new self
POOL	6489	0.827477306	4,7,11,16	putting at-bat cons self
POOL	6490	0.827475839	2,5,8,11,16	too tit pack honors self
POOL	6491	0.827460368	2,7,11,16	pull t-back cars e-health
POOL	6492	0.827458688	4,11,13,16	pussy batons ask else
POOL	6493	0.827455491	2,7,11,16	push t-back cars e-health
POOL	6494	0.827454835	3,8,11,12,13,16	pot tech ons a see else
POOL	6495	0.827446396	4,11,13,16	party batons ass elf
POOL	6496	0.827437474	2,7,11,16	too t-back cons affair
POOL	6497	0.827409461	2,5,9,12,15,16	pull tit pac thee sell if
POOL	6498	0.827382974	2,5,9,12,13,16	pore tit bec a see else
POOL	6499	0.827369026	4,9,11,16	pussy t-back man self
POOL	6500	0.827367088	3,4,7,13,16	took me bad tarsus else
POOL	6501	0.827360984	3,5,7,13,16	took eat bad tarsus else
POOL	6502	0.827349963	4,6,11,16	pussy too icons self
POOL	6503	0.827348404	3,6,7,11,16	took eat a cards' offence
POOL	6504	0.827325839	4,11,13,16	potty batons s else
POOL	6505	0.827310304	4,11,13,16	putty batons ash else
POOL	6506	0.827297201	3,4,9,12,16	took a t-back news self
POOL	6507	0.827294883	4,9,11,16	putty t-back then self
POOL	6508	0.827284446	2,6,11,16	power t-top cause self
POOL	6509	0.827258363	4,9,11,16	putting t-back news health
POOL	6510	0.827241671	2,5,8,11,16	pull tit black ons assess
POOL	6511	0.827237769	2,5,8,11,16	push tit black ons assess
POOL	6512	0.827235563	3,4,8,11,13,16	talked a track ons us else
POOL	6513	0.827234716	2,5,8,11,16	too tit bad honors self
POOL	6514	0.827222789	4,6,13,16	putting too kansas else
POOL	6515	0.827204832	3,7,10,12,13,16	took eat con a see else
POOL	6516	0.827203130	5,7,11,12,16	post-it i. cons a self
POOL	6517	0.827201010	3,6,7,10,13,16	took ait a kwon this else
POOL	6518	0.827195646	2,5,7,9,12,16	pun ticked bad car a self
POOL	6519	0.827192761	2,6,13,16	book t-top kansas else
POOL	6520	0.827190225	2,4,11,16	power tee batons self
POOL	6521	0.827185770	5,7,11,12,16	phuket bad tonnes a self
POOL	6522	0.827178880	4,9,13,16	pussy t-back this self
POOL	6523	0.827171495	2,5,8,11,16	too tit bak ons assess
POOL	6524	0.827170911	6,7,13,16	petite a kansas self
POOL	6525	0.827169830	4,6,13,16	pussy tube kansas else
POOL	6526	0.827160863	4,6,13,16	party too kansas else
POOL	6527	0.827159621	3,8,11,12,13,16	push tech ons a shh else
POOL	6528	0.827148885	5,7,13,16	post-it bad canvas else
POOL	6529	0.827145991	4,8,9,13,16	pussy shack ahh thus else
POOL	6530	0.827128963	4,6,13,16	putting tube conscious else
POOL	6531	0.827088628	4,7,13,16	pussy tan conscious else
POOL	6532	0.827069404	3,7,10,12,13,16	took eat khan a see else
POOL	6533	0.827067036	4,6,13,16	party tube conscious else
POOL	6534	0.827061429	3,8,11,12,13,16	pushed tech ons a see elf
POOL	6535	0.827055377	4,9,13,16	putting t-back thus elf
POOL	6536	0.827040875	2,6,8,10,13,16	pull pete at are this else
POOL	6537	0.827036138	4,6,11,16	pussy top icons self
POOL	6538	0.827021114	6,7,13,16	petite ass kansas else
POOL	6539	0.827017573	2,5,8,11,16	too tit black ons e-health
POOL	6540	0.827012076	2,6,13,16	paw t-top kansas else
POOL	6541	0.827010854	6,7,13,16	petite a conscious health
POOL	6542	0.826998744	2,7,11,16	peru t-back cons self
POOL	6543	0.826997726	3,6,8,11,16	took eat at honors self
POOL	6544	0.826993451	4,9,13,16	party t-back thus elf
POOL	6545	0.826986761	2,5,8,11,12,16	pull tit bak ons suh self
POOL	6546	0.826983843	3,4,9,12,16	book see t-back news self
POOL	6547	0.826976740	5,7,13,16	post-it buy conscious else
POOL	6548	0.826976213	2,5,8,11,16	too shit black honors self
POOL	6549	0.826976028	2,5,8,11,16	pull tit beck honors self
POOL	6550	0.826972126	2,5,8,11,16	push tit beck honors self
POOL	6551	0.826970254	3,4,7,10,13,16	could a bad cause this else
POOL	6552	0.826969802	2,6,13,16	too t-top kansas elf
POOL	6553	0.826946014	5,7,13,16	post-it bad conscious elf
POOL	6554	0.826927200	2,7,11,16	too t-back cause affair
POOL	6555	0.826925648	2,6,13,16	to t-top conscious else
POOL	6556	0.826920587	4,9,11,16	putty t-back non self
POOL	6557	0.826908964	4,6,13,16	putting top kansas else
POOL	6558	0.826907781	4,11,13,16	putting batons see else
POOL	6559	0.826907023	5,11,13,16	post-it batons s else
POOL	6560	0.826885237	3,8,9,13,16	took attack ahh thus else
POOL	6561	0.826880109	3,8,9,13,16	took attack ahh this else
POOL	6562	0.826870589	6,7,13,16	petite al conscious else
POOL	6563	0.826860303	4,7,11,13,16	pussy tec cons us belle
POOL	6564	0.826847038	4,6,13,16	party top kansas else
POOL	6565	0.826845857	2,4,9,12,16	too sea t-back zee self
POOL	6566	0.826845855	4,11,13,16	party batons see else
POOL	6567	0.826845288	4,7,11,15,16	pai tash cons sell see
POOL	6568	0.826837837	4,6,13,16	putty too conscious else
POOL	6569	0.826832480	4,6,13,16	pussy tab conscious else
POOL	6570	0.826809846	4,11,13,16	putin batons s else
POOL	6571	0.826808455	6,7,13,16	petite air kansas else
POOL	6572	0.826807625	3,8,11,12,13,16	foot tech ons a see else
POOL	6573	0.826797327	2,4,11,16	power day batons self
POOL	6574	0.826794985	2,5,8,11,16	pull tit bank honors self
POOL	6575	0.826791083	2,5,8,11,16	push tit bank honors self
POOL	6576	0.826789367	4,11,13,16	putting batons yes else
POOL	6577	0.826782489	4,9,13,16	pussy t-back mass else
POOL	6578	0.826736378	4,9,13,16	putting becca this else
POOL	6579	0.826732963	2,5,7,12,16	too tit bad tonya self
POOL	6580	0.826732552	4,11,13,16	putting batons us elf
POOL	6581	0.826731665	3,7,10,12,13,16	book eat con a see else
POOL	6582	0.826727441	4,11,13,16	party batons yes else
POOL	6583	0.826726289	2,6,11,16	power t-top cars self
POOL	6584	0.826720958	4,11,13,16	pussy batons a elf
POOL	6585	0.826714615	4,9,11,16	potty becca news self
POOL	6586	0.826706108	3,4,9,12,16	book a t-back news self
POOL	6587	0.826697560	2,6,8,11,12,16	pub tit at mans a self
POOL	6588	0.826674452	4,9,13,16	party becca this else
POOL	6589	0.826674404	4,6,11,16	pussy too axons self
POOL	6590	0.826671186	2,5,8,11,12,16	pull tit beat arm a self
POOL	6591	0.826670626	4,11,13,16	party batons us elf
POOL	6592	0.826664761	3,4,6,7,11,16	puts a tube pat cons self
POOL	6593	0.826657424	6,11,13,16	petite icons ass else
POOL	6594	0.826650605	3,8,11,12,13,16	pushed tech r.'s a see else
POOL	6595	0.826647856	2,5,10,13,16	too tit buchan thus else
POOL	6596	0.826643643	3,8,11,12,13,16	pushed tech ons a sh else
POOL	6597	0.826640185	3,8,9,13,16	took attack awe thus else
POOL	6598	0.826639093	3,7,11,12,13,16	took eat cons pa see else
POOL	6599	0.826635057	3,8,9,13,16	took attack awe this else
POOL	6600	0.826599401	2,5,9,12,15,16	pull tit deck a sell if
POOL	6601	0.826596237	3,7,10,12,13,16	book eat khan a see else
POOL	6602	0.826574974	2,6,13,16	paul t-top conscious else
POOL	6603	0.826570188	2,6,13,16	power kit conscious else
POOL	6604	0.826568518	3,8,11,12,13,16	book tech ons a saw else
POOL	6605	0.826568298	2,9,11,16	took t-back news assess
POOL	6606	0.826557365	3,6,8,9,13,16	took abe at ahh niece else
POOL	6607	0.826549548	3,6,8,11,12,16	pooch eat at ons a self
POOL	6608	0.826545889	4,11,13,16	putting batons ass self
POOL	6609	0.826535153	5,7,11,13,16	post-it b. cons raf else
POOL	6610	0.826531507	2,9,11,16	took t-back news e-health
POOL	6611	0.826528961	3,8,9,13,16	took attack ah thus else
POOL	6612	0.826526714	4,6,11,16	pussy too add-on self
POOL	6613	0.826524012	4,6,13,16	putty top conscious else
POOL	6614	0.826523832	3,8,9,13,16	took attack ah this else
POOL	6615	0.826520131	3,5,9,13,16	took et back-up thus else
POOL	6616	0.826518537	4,9,13,14,16	pudding tek thus a laugh
POOL	6617	0.826512600	3,8,11,12,13,16	took tech r.'s a see elf
POOL	6618	0.826505639	3,8,11,12,13,16	took tech ons a sh elf
POOL	6619	0.826497485	2,6,13,16	power tit kansas else
POOL	6620	0.826488469	2,7,11,16	peru t-back cause self
POOL	6621	0.826483963	4,11,13,16	party batons ass self
POOL	6622	0.826436004	3,6,8,11,16	put-on eat ask ons self
POOL	6623	0.826435028	2,4,11,16	too tea batons assess
POOL	6624	0.826434916	2,4,7,10,12,16	boe ski bad cause a self
POOL	6625	0.826432997	2,4,6,11,16	too tea top axons shelf
POOL	6626	0.826432268	6,7,13,16	petite a calmness else
POOL	6627	0.826426700	4,11,13,16	pussy batons ass health
POOL	6628	0.826406633	3,6,8,11,16	book eat at honors self
POOL	6629	0.826398237	2,4,11,16	too tea batons e-health
POOL	6630	0.826386561	2,8,11,16	too t-back honors self
POOL	6631	0.826380521	2,9,11,13,16	pot t-back ann's sh else
POOL	6632	0.826369043	2,7,11,16	too t-back cars affair
POOL	6633	0.826366919	5,8,11,13,16	putty black ons us else
POOL	6634	0.826360579	4,6,11,16	pussy top axons self
POOL	6635	0.826355792	4,7,9,13,16	pussy tete ska thus else
POOL	6636	0.826353216	2,7,11,16	power t-back khan's health
POOL	6637	0.826334939	4,6,8,11,13,16	foot tube at as us else
POOL	6638	0.826325088	4,9,11,16	putting becca new self
POOL	6639	0.826305426	5,7,13,16	post-it bag conscious else
POOL	6640	0.826295798	5,9,11,16	post-it becca news self
POOL	6641	0.826294145	3,8,9,13,16	book attack ahh thus else
POOL	6642	0.826289016	3,8,9,13,16	book attack ahh this else
POOL	6643	0.826263162	4,9,11,16	party becca new self
POOL	6644	0.826256182	4,8,11,13,16	pudding bec ahs us else
POOL	6645	0.826252101	4,8,11,12,16	pussy but ons a self
POOL	6646	0.826250710	4,6,13,16	pussy tub conscious else
POOL	6647	0.826233242	2,8,11,12,16	too t-back ons a chair
POOL	6648	0.826212889	4,6,11,16	pussy top add-on self
POOL	6649	0.826198621	4,9,11,16	putin becca news self
POOL	6650	0.826174203	2,7,11,12,16	too t-back calls a cel
POOL	6651	0.826160709	4,8,11,16	putting t-back ons self
POOL	6652	0.826148709	3,8,11,12,13,16	taught tech ons a see else
POOL	6653	0.826141752	3,6,8,11,13,16	took beat at tonnes us else
POOL	6654	0.826139750	2,7,11,16	took t-back cons assess
POOL	6655	0.826139741	3,6,8,11,16	put-on eat ack ons self
POOL	6656	0.826138028	2,7,11,16	too t-back car assess
POOL	6657	0.826134643	4,11,13,16	potty batons ash else
POOL	6658	0.826123309	3,6,8,11,16	put-on eat act ons self
POOL	6659	0.826102958	2,7,11,16	took t-back cons e-health
POOL	6660	0.826098783	4,8,11,16	party t-back ons self
POOL	6661	0.826096272	4,9,13,16	putting t-back this elf
POOL	6662	0.826094814	3,8,11,12,13,16	took tech r.'s a sh else
POOL	6663	0.826092944	4,9,13,16	putting t-back thus self
POOL	6664	0.826079046	2,4,6,11,16	too tea top icons shelf
POOL	6665	0.826075012	6,7,13,16	petite yeah canvas else
POOL	6666	0.826068838	2,5,8,11,12,16	pull pick zac ons a self
POOL	6667	0.826052565	2,6,13,16	two t-top kansas else
POOL	6668	0.826049093	3,8,9,13,16	book attack awe thus else
POOL	6669	0.826045985	3,8,11,12,13,16	pot tech ons a shh else
POOL	6670	0.826043964	3,8,9,13,16	book attack awe this else
POOL	6671	0.826043693	2,5,7,10,12,16	pull tit bad cause nun self
POOL	6672	0.826042875	2,6,11,16	took t-top icons self
POOL	6673	0.826039434	3,8,11,12,13,16	book tech r.'s a see elf
POOL	6674	0.826034345	4,9,13,16	party t-back this elf
POOL	6675	0.826032472	3,8,11,12,13,16	book tech ons a sh elf
POOL	6676	0.826031018	4,9,13,16	party t-back thus self
POOL	6677	0.826016824	4,11,13,16	pussy batons s elf
POOL	6678	0.826007369	2,6,13,16	too t-top kansas self
POOL	6679	0.826002089	3,6,9,13,16	took itty at thus else
POOL	6680	0.825998940	4,7,11,15,16	pussy tess cons sell fell
POOL	6681	0.825983581	5,7,13,16	post-it bad conscious self
POOL	6682	0.825981865	6,11,13,16	petite axons ass else
POOL	6683	0.825974301	2,5,8,11,13,16	coe tit bak ons worse else
POOL	6684	0.825944386	2,5,9,13,16	too tight pecan thus else
POOL	6685	0.825941196	2,5,9,10,13,16	pull tit backs new this else
POOL	6686	0.825937868	3,8,9,13,16	book attack ah thus else
POOL	6687	0.825932739	3,8,9,13,16	book attack ah this else
POOL	6688	0.825932331	3,8,11,12,13,16	push tech ons a see elf
POOL	6689	0.825914703	5,7,11,12,16	post-it bad cons ell self
POOL	6690	0.825902065	2,4,11,16	too see batons assess
POOL	6691	0.825900492	2,5,7,9,12,16	pull tit bad car a eff
POOL	6692	0.825894366	3,8,11,12,13,16	putt tech ons a see else
POOL	6693	0.825881653	6,11,13,16	petite icons us else
POOL	6694	0.825875700	3,6,8,11,13,16	took heat at ons in else
POOL	6695	0.825872141	6,7,13,16	petite yeah conscious elf
POOL	6696	0.825865274	2,4,11,16	too see batons e-health
POOL	6697	0.825854339	5,8,11,13,16	post-it bass ons us else
POOL	6698	0.825854158	2,5,11,13,16	too cheat batons us del
POOL	6699	0.825847312	2,6,13,16	too t-top conscious health
POOL	6700	0.825841010	2,6,13,16	power shit kansas else
POOL	6701	0.825834176	6,11,13,16	petite add-on ass else
POOL	6702	0.825809013	4,8,11,16	putting t-back r.'s self
POOL	6703	0.825802593	4,11,12,16	putting batons a self
POOL	6704	0.825800316	2,9,11,16	book t-back news assess
POOL	6705	0.825798318	5,7,13,16	post-it bad causes else
POOL	6706	0.825793566	5,7,13,16	petite bad conscious else
POOL	6707	0.825770118	4,11,13,16	putting batons us self
POOL	6708	0.825767025	6,7,13,16	petite app kansas else
POOL	6709	0.825763525	2,9,11,16	book t-back news e-health
POOL	6710	0.825757603	2,5,8,11,13,16	bore tit bak bonn us else
POOL	6711	0.825747403	2,6,8,12,16	too tea at ana self
POOL	6712	0.825747087	4,8,11,16	party t-back r.'s self
POOL	6713	0.825740667	4,11,12,16	party batons a self
POOL	6714	0.825732053	3,5,7,11,16	took eat bad connor self
POOL	6715	0.825729213	3,4,8,11,16	took leigh t-back ons self
POOL	6716	0.825715827	5,11,13,16	post-it batons ash else
POOL	6717	0.825674445	2,5,7,9,12,16	par tit death car a self
POOL	6718	0.825672165	2,7,11,16	pull t-back khan's assess
POOL	6719	0.825667288	2,7,11,16	push t-back khan's assess
POOL	6720	0.825662176	4,6,13,16	potty too conscious else
POOL	6721	0.825659121	2,5,7,10,13,16	pull ditch bad ah this else
POOL	6722	0.825652579	3,8,11,12,13,16	pushed tech ons a shh elf
POOL	6723	0.825635374	2,7,11,16	pull t-back khan's e-health
POOL	6724	0.825630497	2,7,11,16	push t-back khan's e-health
POOL	6725	0.825629475	2,7,11,16	took t-back cause assess
POOL	6726	0.825621648	3,8,11,12,13,16	book tech r.'s a sh else
POOL	6727	0.825619631	2,9,11,16	paw t-back news assess
POOL	6728	0.825600931	2,5,7,10,13,16	uhh tit bad cause this loose
POOL	6729	0.825592684	2,7,11,16	took t-back cause e-health
POOL	6730	0.825582840	2,9,11,16	paw t-back news e-health
POOL	6731	0.825582525	4,7,10,13,16	pushing bad cause thus elm
POOL	6732	0.825521507	3,8,11,12,13,16	push tech r.'s a see else
POOL	6733	0.825514545	3,8,11,12,13,16	push tech ons a sh else
POOL	6734	0.825501054	2,6,7,12,16	too kip a tania self
POOL	6735	0.825497177	3,7,11,12,15,16	took eat cons a fel flaw
POOL	6736	0.825474719	3,6,11,12,13,16	caught eb cons a see else
POOL	6737	0.825471914	2,6,13,16	pull t-top conscious elf
POOL	6738	0.825467036	2,6,13,16	push t-top conscious elf
POOL	6739	0.825451312	3,4,9,12,16	took see becca a self
POOL	6740	0.825435575	2,5,9,12,16	too tit back-up le self
POOL	6741	0.825412723	3,5,7,10,13,16	took eat bad tung this else
POOL	6742	0.825398775	3,8,11,12,13,16	foot tech ons a shh else
POOL	6743	0.825398542	2,4,8,11,16	too 'kay tibet ons self
POOL	6744	0.825392189	3,4,9,12,16	took i t-back news self
POOL	6745	0.825371767	2,7,11,16	book t-back cons assess
POOL	6746	0.825367316	2,6,11,16	took t-top axons self
POOL	6747	0.825348351	4,6,13,16	potty top conscious else
POOL	6748	0.825334976	2,7,11,16	book t-back cons e-health
POOL	6749	0.825304921	4,6,11,16	putting too icons self
POOL	6750	0.825286742	2,8,9,13,16	pulled t-back ahh rath else
POOL	6751	0.825276516	2,4,11,16	power time batons self
POOL	6752	0.825274893	2,6,11,16	book t-top icons self
POOL	6753	0.825268726	2,6,13,16	too t-top calmness else
POOL	6754	0.825251962	4,6,11,16	pussy tube icons self
POOL	6755	0.825247775	2,9,11,16	too t-back non assess
POOL	6756	0.825242994	4,6,11,16	party too icons self
POOL	6757	0.825241755	3,8,11,12,13,16	pushed tech r.'s a shh else
POOL	6758	0.825219627	2,6,11,16	took t-top add-on self
POOL	6759	0.825213949	3,6,8,11,16	put-on shit at ons self
POOL	6760	0.825206094	6,11,13,16	petite axons us else
POOL	6761	0.825199517	6,7,13,16	petite a thomas else
POOL	6762	0.825193466	2,6,13,16	power tip conscious else
POOL	6763	0.825191082	2,7,11,16	paw t-back cons assess
POOL	6764	0.825154291	2,7,11,16	paw t-back cons e-health
POOL	6765	0.825146182	4,6,13,16	putin too conscious else
POOL	6766	0.825124788	4,6,13,16	putting tube kansas else
POOL	6767	0.825118140	3,8,11,12,13,16	took tech ons a sea else
POOL	6768	0.825114386	3,8,11,12,13,16	took tech ons a sir else
POOL	6769	0.825103750	3,8,11,12,13,16	took tech r.'s a shh elf
POOL	6770	0.825101187	2,7,13,16	too t-back tarsus else
POOL	6771	0.825094208	2,6,11,16	paw t-top icons self
POOL	6772	0.825076841	4,8,11,13,16	p. t-back ons us bell
POOL	6773	0.825071319	2,7,11,16	took t-back cars assess
POOL	6774	0.825062862	4,6,13,16	party tube kansas else
POOL	6775	0.825058405	6,11,13,16	petite add-on us else
POOL	6776	0.825039825	2,9,11,16	pull t-back new assess
POOL	6777	0.825034948	2,9,11,16	push t-back new assess
POOL	6778	0.825006680	6,7,13,16	petite a kansas health
POOL	6779	0.825003034	2,9,11,16	pull t-back new e-health
POOL	6780	0.824998157	2,9,11,16	push t-back new e-health
POOL	6781	0.824991096	4,6,11,16	putting top icons self
POOL	6782	0.824972566	5,7,13,16	post-it buy kansas else
POOL	6783	0.824962472	3,4,9,12,16	pushed see t-back a self
POOL	6784	0.824959716	3,6,7,12,16	took eat a convent self
POOL	6785	0.824959390	2,5,10,13,16	too sick baton thus else
POOL	6786	0.824945083	3,4,9,11,13,16	took a back news us else
POOL	6787	0.824941840	5,7,13,16	post-it bad kansas elf
POOL	6788	0.824929170	4,6,11,16	party top icons self
POOL	6789	0.824921474	2,6,13,16	to t-top kansas else
POOL	6790	0.824909708	6,7,13,16	petite yeah conscious self
POOL	6791	0.824904940	6,7,13,16	petite a canvass else
POOL	6792	0.824901295	2,6,11,16	power t-top khan's self
POOL	6793	0.824881640	3,6,8,11,16	took eat at ons assess
POOL	6794	0.824868165	3,5,9,13,16	took eat back-up 'nuff else
POOL	6795	0.824866414	6,7,13,16	petite al kansas else
POOL	6796	0.824860219	3,4,9,12,16	book see becca a self
POOL	6797	0.824857428	4,9,12,13,16	pussy tek a see else
POOL	6798	0.824853134	3,4,7,13,16	pow see bat conscious else
POOL	6799	0.824837134	2,5,9,12,16	pause tit back-up a self
POOL	6800	0.824835646	4,6,9,13,16	pussy bea at vas else
POOL	6801	0.824833662	4,6,13,16	putty too kansas else
POOL	6802	0.824832358	4,6,13,16	putin top conscious else
POOL	6803	0.824830467	4,11,15,16	pussy batons sell see
POOL	6804	0.824828725	5,7,13,16	post-it bed conscious else
POOL	6805	0.824828306	4,6,13,16	pussy tab kansas else
POOL	6806	0.824818728	3,8,11,12,13,16	put tech ons a see else
POOL	6807	0.824818696	3,8,11,12,13,16	pot tech ons a see elf
POOL	6808	0.824801096	3,4,9,12,16	book i t-back news self
POOL	6809	0.824795858	2,6,8,11,12,16	ooh tit at ons b self
POOL	6810	0.824787438	4,6,13,16	putting tab conscious else
POOL	6811	0.824763929	2,5,9,11,16	ball tit back-up tons self
POOL	6812	0.824760028	3,8,11,12,13,16	took tech ons a ass else
POOL	6813	0.824751275	3,8,11,12,13,16	took tech ons a see self
POOL	6814	0.824739859	3,8,11,12,13,16	taught tech ons a shh else
POOL	6815	0.824739836	4,6,13,16	putty tube conscious else
POOL	6816	0.824728476	3,6,7,9,12,16	tote eat a car zee self
POOL	6817	0.824725512	4,6,13,16	party tab conscious else
POOL	6818	0.824724445	6,7,13,16	petite yeah causes else
POOL	6819	0.824679878	2,4,11,16	power de batons self
POOL	6820	0.824660120	2,9,11,16	two t-back news assess
POOL	6821	0.824656850	2,5,8,10,13,16	pull tit bak pun this else
POOL	6822	0.824644973	3,8,11,12,13,16	book tech ons a sea else
POOL	6823	0.824641219	3,8,11,12,13,16	book tech ons a sir else
POOL	6824	0.824635509	2,6,7,10,12,16	pull tit tab cond a self
POOL	6825	0.824629362	4,6,11,16	putting too axons self
POOL	6826	0.824623329	2,9,11,16	two t-back news e-health
POOL	6827	0.824618100	4,6,13,16	pussy keep conscious else
POOL	6828	0.824599334	2,6,11,16	book t-top axons self
POOL	6829	0.824579617	2,6,11,16	power tit icons self
POOL	6830	0.824576403	4,6,11,16	pussy tube axons self
POOL	6831	0.824570799	2,6,13,16	paul t-top kansas else
POOL	6832	0.824567435	4,6,11,16	party too axons self
POOL	6833	0.824566014	2,6,13,16	power kit kansas else
POOL	6834	0.824559140	5,9,11,16	post-it back-up then self
POOL	6835	0.824527383	2,8,11,13,16	too t-back yarn lush else
POOL	6836	0.824524456	2,4,7,10,12,16	pull keen bad ken a self
POOL	6837	0.824521118	2,5,8,11,12,16	pull tit bak ons a s.
POOL	6838	0.824519837	4,6,13,16	putty top kansas else
POOL	6839	0.824509480	2,6,13,16	pull t-top conscious self
POOL	6840	0.824504603	2,6,13,16	push t-top conscious self
POOL	6841	0.824483947	5,7,13,16	post-it ban conscious else
POOL	6842	0.824481672	4,6,11,16	putting too add-on self
POOL	6843	0.824479624	6,7,13,16	petite a conscious well
POOL	6844	0.824467147	3,6,8,11,16	put-on eat ask r.'s self
POOL	6845	0.824451645	2,6,11,16	book t-top add-on self
POOL	6846	0.824432595	2,9,11,16	too t-back n.'s assess
POOL	6847	0.824428714	4,6,11,16	pussy tube add-on self
POOL	6848	0.824423684	2,8,10,13,16	too t-back are rough else
POOL	6849	0.824418649	2,6,11,16	paw t-top axons self
POOL	6850	0.824395804	2,9,11,16	too t-back n.'s e-health
POOL	6851	0.824392189	3,4,9,12,16	took if t-back news self
POOL	6852	0.824392189	3,4,9,12,16	took in t-back news self
POOL	6853	0.824392189	3,4,9,12,16	took is t-back news self
POOL	6854	0.824353871	2,9,11,16	power kickback news self
POOL	6855	0.824353160	4,6,13,16	pussy too conscious elf
POOL	6856	0.824315537	4,6,11,16	putting top axons self
POOL	6857	0.824304192	5,7,13,16	post-it by conscious else
POOL	6858	0.824301251	5,7,13,16	post-it bag kansas else
POOL	6859	0.824290547	3,6,8,11,16	book eat at ons assess
POOL	6860	0.824270959	2,6,11,16	paw t-top add-on self
POOL	6861	0.824253610	4,6,11,16	party top axons self
POOL	6862	0.824246535	4,6,13,16	pussy tub kansas else
POOL	6863	0.824239763	3,4,9,12,16	took see becca news self
POOL	6864	0.824232992	3,6,8,11,16	put-on bit at ons self
POOL	6865	0.824222759	3,6,8,11,16	put-on hit at ons self
POOL	6866	0.824207508	5,7,13,16	post-it be conscious else
POOL	6867	0.824205668	4,6,13,16	putting tub conscious else
POOL	6868	0.824191990	3,6,10,13,16	took eat pecan thus else
POOL	6869	0.824184844	5,9,11,16	post-it back-up non self
POOL	6870	0.824177473	6,7,13,16	petite a conscious air
POOL	6871	0.824170885	3,6,8,11,16	put-on eat ack r.'s self
POOL	6872	0.824167847	4,6,11,16	putting top add-on self
POOL	6873	0.824154453	3,6,8,11,16	put-on eat act r.'s self
POOL	6874	0.824152209	3,4,7,11,12,16	took uhh bad cons a seal
POOL	6875	0.824143741	4,6,13,16	party tub conscious else
POOL	6876	0.824134697	2,6,11,16	two t-top icons self
POOL	6877	0.824104510	3,6,8,11,12,16	took eat but ons a self
POOL	6878	0.824093935	3,8,9,13,16	took write-back ahh thus else
POOL	6879	0.824093645	2,5,7,9,12,16	pull tit b'y dah a self
POOL	6880	0.824088806	3,8,9,13,16	took write-back ahh this else
POOL	6881	0.824052254	3,8,9,13,16	took at-bat ahh thus else
POOL	6882	0.824047125	3,8,9,13,16	took at-bat ahh this else
POOL	6883	0.824039336	4,6,13,16	pussy top conscious elf
POOL	6884	0.823979406	5,7,13,16	post-it bad kansas self
POOL	6885	0.823973986	2,5,7,9,12,16	uh tit bad y'are a self
POOL	6886	0.823962028	3,4,9,12,16	took a becca news self
POOL	6887	0.823961524	3,6,11,12,13,16	took eek cons a see sell
POOL	6888	0.823949449	2,5,7,10,12,16	pull tit bad turn a self
POOL	6889	0.823929425	3,7,11,12,15,16	pus eat cons a sell firm
POOL	6890	0.823923142	2,6,11,16	power shit icons self
POOL	6891	0.823918146	3,5,7,9,13,16	busch eat bad kung this else
POOL	6892	0.823911016	2,5,11,12,16	too tit batons inn self
POOL	6893	0.823904057	2,6,11,16	power tit axons self
POOL	6894	0.823878052	4,11,15,16	pussy batons cell see
POOL	6895	0.823867966	6,7,13,16	petite yeah kansas elf
POOL	6896	0.823848883	3,8,9,13,16	took write-back awe thus else
POOL	6897	0.823843754	3,8,9,13,16	took write-back awe this else
POOL	6898	0.823843138	2,6,13,16	too t-top kansas health
POOL	6899	0.823840270	3,4,7,13,16	took di bye conscious else
POOL	6900	0.823829811	3,5,7,11,12,16	took eat benn tom a self
POOL	6901	0.823825017	6,11,13,16	petite icons a else
POOL	6902	0.823819350	5,7,13,16	post-it bad conscious health
POOL	6903	0.823810426	5,9,13,16	post-it back-up nash else
POOL	6904	0.823807202	3,8,9,13,16	took at-bat awe thus else
POOL	6905	0.823802073	3,8,9,13,16	took at-bat awe this else
POOL	6906	0.823801096	3,4,9,12,16	book if t-back news self
POOL	6907	0.823801096	3,4,9,12,16	book in t-back news self
POOL	6908	0.823801096	3,4,9,12,16	book is t-back news self
POOL	6909	0.823789391	5,7,13,16	petite bad kansas else
POOL	6910	0.823771583	4,8,11,16	putty t-back ons self
POOL	6911	0.823756368	2,6,11,16	power tit add-on self
POOL	6912	0.823756222	3,4,9,12,16	took eye t-back a self
POOL	6913	0.823750923	3,4,9,12,16	pushed see t-back news self
POOL	6914	0.823737658	3,8,9,13,16	took write-back ah thus else
POOL	6915	0.823732529	3,8,9,13,16	took write-back ah this else
POOL	6916	0.823711880	5,9,13,16	post-it becca thus else
POOL	6917	0.823711730	5,7,13,16	post-it bath conscious else
POOL	6918	0.823699086	5,7,13,16	post-it a conscious else
POOL	6919	0.823695977	3,8,9,13,16	took at-bat ah thus else
POOL	6920	0.823658001	4,6,13,16	potty too kansas else
POOL	6921	0.823648670	3,4,9,12,16	book see becca news self
POOL	6922	0.823639478	4,8,9,13,16	pussy pack ahh neff else
POOL	6923	0.823621239	2,5,10,13,16	boy tit baton thus else
POOL	6924	0.823620054	2,8,11,12,16	taught t-back month a self
POOL	6925	0.823614016	2,4,11,16	power tea batons health
POOL	6926	0.823579284	3,4,8,11,12,16	took a czech ons a self
POOL	6927	0.823564175	4,6,13,16	potty tube conscious else
POOL	6928	0.823559814	2,5,8,9,13,16	poi tit brett ahh this else
POOL	6929	0.823543426	3,6,7,10,12,16	took eat a cause ness self
POOL	6930	0.823529029	2,9,11,16	to t-back news assess
POOL	6931	0.823524719	5,11,13,16	post-it batons ass elf
POOL	6932	0.823522518	6,7,13,16	petite a conscious alf
POOL	6933	0.823492237	2,9,11,16	to t-back news e-health
POOL	6934	0.823473188	3,4,9,12,16	pushed a t-back news self
POOL	6935	0.823467739	2,6,13,16	pull t-top kansas elf
POOL	6936	0.823462862	2,6,13,16	push t-top kansas elf
POOL	6937	0.823459138	2,6,11,16	two t-top axons self
POOL	6938	0.823435923	4,6,13,16	pussy two conscious else
POOL	6939	0.823427915	2,6,13,16	power eat conscious else
POOL	6940	0.823421545	6,7,13,16	petite a canvas elf
POOL	6941	0.823419886	4,8,11,16	putty t-back r.'s self
POOL	6942	0.823413467	4,11,12,16	putty batons a self
POOL	6943	0.823412891	5,7,11,13,16	post-it bad cons cass elm
POOL	6944	0.823404943	3,6,8,11,16	took eat at ons e-health
POOL	6945	0.823403228	4,8,11,12,13,16	puts pac ons a see else
POOL	6946	0.823390727	4,6,13,16	pussy too conscious self
POOL	6947	0.823370935	3,4,9,12,16	book a becca news self
POOL	6948	0.823369664	5,9,11,16	post-it back-up n.'s self
POOL	6949	0.823361977	5,9,11,16	petite back-up news self
POOL	6950	0.823344177	4,6,13,16	potty top kansas else
POOL	6951	0.823332004	6,7,13,16	petite a conscience else
POOL	6952	0.823317003	2,4,11,16	too team batons assess
POOL	6953	0.823311448	2,6,11,16	two t-top add-on self
POOL	6954	0.823306759	4,7,11,12,16	pussy tam cons aye self
POOL	6955	0.823289499	2,6,13,16	power sit conscious else
POOL	6956	0.823280211	2,4,11,16	too team batons e-health
POOL	6957	0.823269889	3,4,7,10,13,16	took a ke don this else
POOL	6958	0.823268250	3,8,11,13,16	bout attack ons us else
POOL	6959	0.823267821	6,7,13,16	petite add canvas else
POOL	6960	0.823247583	2,6,11,16	power shit axons self
POOL	6961	0.823245330	5,8,11,13,16	post-it black nuns' us else
POOL	6962	0.823245092	3,6,8,11,16	put-on shit at r.'s self
POOL	6963	0.823240764	5,7,13,16	post-it bad calmness else
POOL	6964	0.823206920	4,6,11,16	putting tube icons self
POOL	6965	0.823205857	2,4,7,10,12,16	pull p.'s bad cause naw self
POOL	6966	0.823193775	2,6,7,11,12,16	spa tit a cons it self
POOL	6967	0.823189291	2,6,13,16	power tip kansas else
POOL	6968	0.823178354	2,9,11,16	paul t-back news assess
POOL	6969	0.823173713	3,6,8,11,16	pushed eat at honors self
POOL	6970	0.823163804	2,5,11,12,16	too tic batons in self
POOL	6971	0.823149458	6,11,13,16	petite axons a else
POOL	6972	0.823144994	4,6,11,16	party tube icons self
POOL	6973	0.823142008	4,6,13,16	putin too kansas else
POOL	6974	0.823141563	2,9,11,16	paul t-back news e-health
POOL	6975	0.823140065	5,8,11,13,16	post-it black ons e.'s else
POOL	6976	0.823120883	6,11,13,16	petite icons s else
POOL	6977	0.823081053	2,4,11,16	power see batons health
POOL	6978	0.823073903	3,6,8,11,16	put-on eat lack ons self
POOL	6979	0.823064950	6,7,13,16	petite add conscious elf
POOL	6980	0.823046073	2,6,13,16	took t-top conscious elf
POOL	6981	0.823003605	2,6,11,16	to t-top icons self
POOL	6982	0.823001769	6,11,13,16	petite add-on a else
POOL	6983	0.822979450	3,5,9,11,16	pooh eat back-up news self
POOL	6984	0.822945316	5,7,13,16	post-it bang conscious else
POOL	6985	0.822932965	2,4,11,16	pull tea batons assess
POOL	6986	0.822928088	2,4,11,16	push tea batons assess
POOL	6987	0.822924178	5,11,13,16	post-it batons see else
POOL	6988	0.822915794	4,6,11,16	putty too icons self
POOL	6989	0.822912783	3,6,8,11,16	took eat at r.'s assess
POOL	6990	0.822910437	4,6,11,16	pussy tab icons self
POOL	6991	0.822900222	3,6,7,10,13,16	pod eat a calms this else
POOL	6992	0.822896174	2,4,11,16	pull tea batons e-health
POOL	6993	0.822891480	2,4,11,16	too key batons assess
POOL	6994	0.822891297	2,4,11,16	push tea batons e-health
POOL	6995	0.822884498	2,8,11,16	pull t-back honors self
POOL	6996	0.822879621	2,8,11,16	push t-back honors self
POOL	6997	0.822854689	2,4,11,16	too key batons e-health
POOL	6998	0.822840175	2,4,6,11,16	too see top icons shelf
POOL	6999	0.822832240	2,5,7,9,12,16	pull tied bad car v self
POOL	7000	0.822826261	3,6,8,9,13,16	took feet elk ahh this else
POOL	7001	0.822824550	5,7,13,16	post-it bed kansas else
POOL	7002	0.822813850	3,6,8,11,16	book eat at ons e-health
POOL	7003	0.822805764	5,11,13,16	post-it batons yes else
POOL	7004	0.822785425	4,11,15,16	putting batons sell see
POOL	7005	0.822752775	5,9,13,16	post-it becca this else
POOL	7006	0.822750231	3,6,8,11,16	put-on eat at sons' self
POOL	7007	0.822748948	5,11,13,16	post-it batons us elf
POOL	7008	0.822747965	3,5,8,9,13,16	took eat bak ahh russ else
POOL	7009	0.822728640	3,6,8,11,13,16	pop eat at conn us else
POOL	7010	0.822723499	4,11,15,16	party batons sell see
POOL	7011	0.822722066	3,6,7,10,12,16	took tit a cause a self
POOL	7012	0.822711434	3,6,7,13,16	opt peat a conscious else
POOL	7013	0.822671002	2,6,11,16	too t-top icons health
POOL	7014	0.822669100	5,7,11,12,16	post-it bad cons a steph
POOL	7015	0.822652931	2,6,11,16	paul t-top icons self
POOL	7016	0.822648146	2,6,11,16	power kit icons self
POOL	7017	0.822601969	4,6,11,16	putty top icons self
POOL	7018	0.822595922	4,8,11,16	potty t-back ons self
POOL	7019	0.822572011	3,4,8,11,16	opt see t-back ons self
POOL	7020	0.822562285	5,11,13,16	post-it batons ass self
POOL	7021	0.822531361	4,6,11,16	putting tube axons self
POOL	7022	0.822505306	2,6,13,16	pull t-top kansas self
POOL	7023	0.822500429	2,6,13,16	push t-top kansas self
POOL	7024	0.822479772	5,7,13,16	post-it ban kansas else
POOL	7025	0.822479497	6,7,11,16	petite a cons assess
POOL	7026	0.822469435	4,6,11,16	party tube axons self
POOL	7027	0.822445324	6,11,13,16	petite axons s else
POOL	7028	0.822442706	6,7,11,16	petite a cons e-health
POOL	7029	0.822440156	3,6,8,11,16	took eat ask honors self
POOL	7030	0.822427759	3,6,8,11,16	push eat at honors self
POOL	7031	0.822400002	2,4,11,16	pull see batons assess
POOL	7032	0.822395125	2,4,11,16	push see batons assess
POOL	7033	0.822383672	4,6,11,16	putting tube add-on self
POOL	7034	0.822372270	5,11,13,16	petite batons ass else
POOL	7035	0.822363211	2,4,11,16	pull see batons e-health
POOL	7036	0.822358334	2,4,11,16	push see batons e-health
POOL	7037	0.822346835	4,11,15,16	pussy batons share see
POOL	7038	0.822345249	2,6,13,16	pull t-top conscious health
POOL	7039	0.822341485	5,9,11,16	post-it becca new self
POOL	7040	0.822328667	4,6,11,16	pussy tub icons self
POOL	7041	0.822328046	2,6,11,16	to t-top axons self
POOL	7042	0.822321745	4,6,11,16	party tube add-on self
POOL	7043	0.822321690	3,6,8,11,16	book eat at r.'s assess
POOL	7044	0.822303286	3,5,8,11,13,16	took is bak ons us else
POOL	7045	0.822300018	5,7,13,16	post-it by kansas else
POOL	7046	0.822297635	6,11,13,16	petite add-on s else
POOL	7047	0.822289192	3,6,7,10,12,16	took eat bath cause a self
POOL	7048	0.822264135	3,6,8,11,16	put-on bit at r.'s self
POOL	7049	0.822253902	3,6,8,11,16	put-on hit at r.'s self
POOL	7050	0.822245773	3,8,11,12,13,16	puss tack ons a see else
POOL	7051	0.822244226	4,8,11,16	potty t-back r.'s self
POOL	7052	0.822240235	4,6,11,16	putty too axons self
POOL	7053	0.822237806	4,11,12,16	potty batons a self
POOL	7054	0.822234878	4,6,11,16	pussy tab axons self
POOL	7055	0.822203334	5,7,13,16	post-it be kansas else
POOL	7056	0.822180357	2,6,11,16	to t-top add-on self
POOL	7057	0.822143893	3,6,8,11,16	took eat ack honors self
POOL	7058	0.822133493	5,9,11,16	post-it back-up news health
POOL	7059	0.822132416	3,7,11,12,13,16	pup eat cons ash see else
POOL	7060	0.822127461	3,6,8,11,16	took eat act honors self
POOL	7061	0.822120008	2,9,11,16	pull t-back then assess
POOL	7062	0.822115145	3,5,9,11,16	took in. back-up news self
POOL	7063	0.822115131	2,9,11,16	push t-back then assess
POOL	7064	0.822105995	3,4,7,11,12,16	coat a bad cons a seth
POOL	7065	0.822098771	2,8,11,16	too t-back ons assess
POOL	7066	0.822092546	4,6,11,16	putty too add-on self
POOL	7067	0.822087189	4,6,11,16	pussy tab add-on self
POOL	7068	0.822079928	4,8,11,16	putin t-back ons self
POOL	7069	0.822061980	2,8,11,16	too t-back ons e-health
POOL	7070	0.822031430	2,5,7,13,16	paws tit bad conscious tel
POOL	7071	0.822008012	5,7,13,16	post-it bad thomas else
POOL	7072	0.821995442	2,6,11,16	too t-top axons health
POOL	7073	0.821994996	2,8,9,13,16	too t-back ahh nez s.
POOL	7074	0.821977372	2,6,11,16	paul t-top axons self
POOL	7075	0.821972587	2,6,11,16	power kit axons self
POOL	7076	0.821969223	6,7,11,16	petite a cause assess
POOL	7077	0.821963020	4,7,13,16	puri bad conscious else
POOL	7078	0.821932432	6,7,11,16	petite a cause e-health
POOL	7079	0.821930508	5,9,13,16	post-it back-up thus elf
POOL	7080	0.821929687	6,11,13,16	petite icons ash else
POOL	7081	0.821926410	4,6,11,16	putty top axons self
POOL	7082	0.821901755	2,5,8,11,12,16	pus feet bak ons a self
POOL	7083	0.821900613	4,8,11,12,16	pea t-back don a self
POOL	7084	0.821849063	3,6,8,11,16	book eat ask honors self
POOL	7085	0.821833010	4,11,15,16	putting batons cell see
POOL	7086	0.821829683	2,6,11,16	paul t-top add-on self
POOL	7087	0.821824897	2,6,11,16	power kit add-on self
POOL	7088	0.821815175	5,7,13,16	post-it bad kansas health
POOL	7089	0.821812016	2,9,11,16	too t-back knees assess
POOL	7090	0.821809830	2,5,9,10,12,16	pull tit bic new a self
POOL	7091	0.821786514	5,11,13,16	post-it batons us self
POOL	7092	0.821778721	4,6,11,16	putty top add-on self
POOL	7093	0.821775225	2,9,11,16	too t-back knees e-health
POOL	7094	0.821771083	4,11,15,16	party batons cell see
POOL	7095	0.821747075	2,8,11,16	too t-back r.'s assess
POOL	7096	0.821745712	2,9,11,16	pull t-back non assess
POOL	7097	0.821740133	4,6,11,16	potty too icons self
POOL	7098	0.821728232	4,8,11,16	putin t-back r.'s self
POOL	7099	0.821726081	3,7,11,12,13,16	tut eat cons a see ash
POOL	7100	0.821721813	4,11,12,16	putin batons a self
POOL	7101	0.821713436	5,7,13,16	post-it bad canvass else
POOL	7102	0.821710284	2,8,11,16	too t-back r.'s e-health
POOL	7103	0.821707555	5,7,13,16	post-it bath kansas else
POOL	7104	0.821694911	5,7,13,16	post-it a kansas else
POOL	7105	0.821689850	4,11,15,16	pussy batons shell see
POOL	7106	0.821676739	5,11,13,16	post-it batons as else
POOL	7107	0.821653108	4,6,11,16	pussy tub axons self
POOL	7108	0.821597034	2,4,8,12,16	too tea tact ana self
POOL	7109	0.821596500	5,11,13,16	petite batons us else
POOL	7110	0.821576948	5,7,13,16	pulpit bad conscious else
POOL	7111	0.821570473	2,7,11,12,16	up t-back canned a self
POOL	7112	0.821552800	3,6,8,11,16	book eat ack honors self
POOL	7113	0.821536368	3,6,8,11,16	book eat act honors self
POOL	7114	0.821505419	4,6,11,16	pussy tub add-on self
POOL	7115	0.821462273	2,5,9,13,16	too tit baton thus el
POOL	7116	0.821436086	3,6,8,11,16	took eat at r.'s e-health
POOL	7117	0.821432664	3,6,8,11,16	put-on eat get ons self
POOL	7118	0.821430042	5,11,13,16	post-it batons ask else
POOL	7119	0.821426308	4,6,11,16	potty top icons self
POOL	7120	0.821417211	4,9,11,16	footed t-back news self
POOL	7121	0.821411067	6,7,11,16	petite a cars assess
POOL	7122	0.821410219	3,5,9,11,16	took eat back-up un self
POOL	7123	0.821398357	2,8,11,16	power t-back sons' self
POOL	7124	0.821374275	6,7,11,16	petite a cars e-health
POOL	7125	0.821355527	2,4,11,16	too t batons assess
POOL	7126	0.821318735	2,4,11,16	too t batons e-health
POOL	7127	0.821315955	2,6,11,16	too t-top cons assess
POOL	7128	0.821305636	3,6,8,11,16	put-on eat pack ons self
POOL	7129	0.821288120	5,7,13,16	post-it bad conscious well
POOL	7130	0.821288118	3,6,8,11,16	put-on eat at ons health
POOL	7131	0.821279164	2,6,11,16	too t-top cons e-health
POOL	7132	0.821271423	2,6,11,16	power tip icons self
POOL	7133	0.821254128	6,11,13,16	petite axons ash else
POOL	7134	0.821224140	4,6,11,16	putin too icons self
POOL	7135	0.821218100	3,6,8,11,16	took shit at honors self
POOL	7136	0.821188720	4,7,11,16	pussy tibet cons self
POOL	7137	0.821152525	3,6,8,11,12,16	took eat at conn. a self
POOL	7138	0.821106439	6,11,13,16	petite add-on ash else
POOL	7139	0.821105046	3,6,8,11,16	put-on eat lack r.'s self
POOL	7140	0.821064574	4,6,11,16	potty too axons self
POOL	7141	0.821057627	3,6,8,11,16	pushed eat at ons assess
POOL	7142	0.821055241	2,5,9,11,16	talk tit back-up news alf
POOL	7143	0.821041009	3,6,7,13,16	paw eat a conscious chef
POOL	7144	0.821026572	4,8,11,16	pussy t-back sons' self
POOL	7145	0.820985968	5,7,13,16	post-it bad conscious air
POOL	7146	0.820971402	5,9,13,16	post-it back-up this elf
POOL	7147	0.820968074	5,9,13,16	post-it back-up thus self
POOL	7148	0.820941142	5,7,13,16	post-it bang kansas else
POOL	7149	0.820918710	2,4,9,12,16	boe tea t-back inns self
POOL	7150	0.820916885	4,6,11,16	potty too add-on self
POOL	7151	0.820910315	4,6,11,16	putin top icons self
POOL	7152	0.820903288	3,6,8,11,16	pot eat at honors self
POOL	7153	0.820865395	4,6,11,16	putting tab icons self
POOL	7154	0.820844993	3,6,8,11,16	book eat at r.'s e-health
POOL	7155	0.820842925	3,6,8,11,16	put-on eat at ares self
POOL	7156	0.820821037	3,6,8,11,16	put-on fit at ons self
POOL	7157	0.820817793	4,6,11,16	putty tube icons self
POOL	7158	0.820805681	2,6,11,16	too t-top cause assess
POOL	7159	0.820803469	4,6,11,16	party tab icons self
POOL	7160	0.820779582	2,8,11,16	power t-back are self
POOL	7161	0.820778059	5,9,13,16	petite back-up thus else
POOL	7162	0.820750749	4,6,11,16	potty top axons self
POOL	7163	0.820749405	5,9,12,13,16	pit back-up a see else
POOL	7164	0.820749085	5,9,11,16	post-it back-up knees self
POOL	7165	0.820732259	3,6,8,11,16	foot eat at honors self
POOL	7166	0.820711460	2,4,11,16	too tee batons assess
POOL	7167	0.820700355	2,9,12,16	too t-back nina self
POOL	7168	0.820696057	4,6,11,16	pussy keep icons self
POOL	7169	0.820692312	5,11,13,16	post-it batons a elf
POOL	7170	0.820686459	4,7,11,16	pussy bad cons affair
POOL	7171	0.820674669	2,4,11,16	too tee batons e-health
POOL	7172	0.820666311	5,9,13,16	post-it back-up ness else
POOL	7173	0.820656378	3,6,8,11,16	put-on shit ask ons self
POOL	7174	0.820631896	5,9,11,16	post-it back-up these self
POOL	7175	0.820629425	2,5,7,9,13,16	op it bad car this else
POOL	7176	0.820627007	3,6,8,11,16	book shit at honors self
POOL	7177	0.820616774	4,9,11,16	pussy t-back ears self
POOL	7178	0.820603060	4,6,11,16	potty top add-on self
POOL	7179	0.820595864	2,6,11,16	power tip axons self
POOL	7180	0.820585743	3,6,8,9,13,16	took eat at ahh this tells
POOL	7181	0.820548581	4,6,11,16	putin too axons self
POOL	7182	0.820507124	2,4,11,16	took tea batons assess
POOL	7183	0.820495990	2,4,11,16	power team batons health
POOL	7184	0.820470333	2,4,11,16	took tea batons e-health
POOL	7185	0.820460782	2,4,7,10,12,16	ca tea bad cause a cher
POOL	7186	0.820458658	2,8,11,16	took t-back honors self
POOL	7187	0.820452146	3,5,9,11,12,16	took get banc news a self
POOL	7188	0.820448175	2,6,11,16	power tip add-on self
POOL	7189	0.820444893	5,11,13,16	post-it beckons ass else
POOL	7190	0.820440166	3,5,7,11,13,16	took feat bad cons us they're
POOL	7191	0.820423390	5,7,11,12,16	boutique bad cons a elf
POOL	7192	0.820408057	2,5,8,11,12,16	pull tea bak mans a self
POOL	7193	0.820407797	4,8,11,16	pussy t-back are self
POOL	7194	0.820400891	4,6,11,16	putin too add-on self
POOL	7195	0.820398839	3,6,8,11,16	put-on eat add ons self
POOL	7196	0.820398054	5,11,13,16	post-it batons ass health
POOL	7197	0.820396298	4,11,15,16	putty batons sell see
POOL	7198	0.820384496	2,5,8,10,13,16	oooh tit bak are this else
POOL	7199	0.820383547	3,6,8,11,16	put-on sit at ons self
POOL	7200	0.820363787	3,4,7,10,12,16	took uhh bad cause a self
POOL	7201	0.820341654	3,6,7,10,12,16	pout eat how cause a self
POOL	7202	0.820318562	2,4,11,16	too day batons assess
POOL	7203	0.820301793	4,11,15,16	putting batons share see
POOL	7204	0.820294463	2,5,11,16	power tit batons self
POOL	7205	0.820283625	4,6,11,16	putting tub icons self
POOL	7206	0.820281771	2,4,11,16	too day batons e-health
POOL	7207	0.820247524	2,6,11,16	too t-top cars assess
POOL	7208	0.820239867	4,11,15,16	party batons share see
POOL	7209	0.820234756	4,6,11,16	putin top axons self
POOL	7210	0.820221699	4,6,11,16	party tub icons self
POOL	7211	0.820214399	4,11,15,16	pussy batons sell if
POOL	7212	0.820199115	5,9,11,16	post-it back-up man self
POOL	7213	0.820189836	4,6,11,16	putting tab axons self
POOL	7214	0.820177290	3,7,11,12,15,16	took eat cons up sell finn
POOL	7215	0.820090948	4,11,15,16	took batons affair see
POOL	7216	0.820070468	2,4,11,16	power key batons health
POOL	7217	0.820063058	4,8,10,13,16	pussy tap are thus else
POOL	7218	0.820008969	5,9,13,16	post-it back-up this self
POOL	7219	0.819999652	3,5,9,11,12,16	toot eat bike news a self
POOL	7220	0.819988178	5,11,13,16	post-it batons s elf
POOL	7221	0.819983259	4,11,13,16	pussy batons mess else
POOL	7222	0.819977696	6,9,13,16	petite at nervous else
POOL	7223	0.819974278	2,5,9,13,16	tue tit betta thus else
POOL	7224	0.819974161	2,4,11,16	took see batons assess
POOL	7225	0.819973491	2,6,8,12,16	too tit at larva self
POOL	7226	0.819965907	3,4,8,11,12,16	took id pec ons a self
POOL	7227	0.819937370	2,4,11,16	took see batons e-health
POOL	7228	0.819896688	3,6,9,13,16	took meat at newness else
POOL	7229	0.819895028	2,5,8,10,13,16	pull t. bak cause this else
POOL	7230	0.819847433	3,5,9,12,15,16	took eat bak a sell see
POOL	7231	0.819818954	5,9,13,16	petite back-up this else
POOL	7232	0.819814939	2,4,11,16	pull team batons assess
POOL	7233	0.819810062	2,4,11,16	push team batons assess
POOL	7234	0.819802308	2,5,8,9,13,16	ball tit bak mar this else
POOL	7235	0.819778148	2,4,11,16	pull team batons e-health
POOL	7236	0.819773271	2,4,11,16	push team batons e-health
POOL	7237	0.819767463	2,5,11,16	power take batons self
POOL	7238	0.819763228	3,5,9,11,16	took eat back-up news sells
POOL	7239	0.819760923	3,5,7,10,13,16	pop eat bad cause fuss else
POOL	7240	0.819739142	2,4,11,16	book tea batons assess
POOL	7241	0.819738579	6,11,13,16	petite icons ass elf
POOL	7242	0.819729879	5,11,13,16	post-it batons a self
POOL	7243	0.819726630	3,6,7,10,12,16	bet eat a cause a self
POOL	7244	0.819702351	2,4,11,16	book tea batons e-health
POOL	7245	0.819701396	4,11,15,16	pussy batons sell off
POOL	7246	0.819691277	5,9,12,13,16	pit becca a see else
POOL	7247	0.819690675	2,8,11,16	book t-back honors self
POOL	7248	0.819669123	5,11,13,16	post-it beckons us else
POOL	7249	0.819647412	2,5,8,10,13,16	pull tit bak are ross' else
POOL	7250	0.819644808	4,11,15,16	putting batons shell see
POOL	7251	0.819637988	2,5,11,16	power shit batons self
POOL	7252	0.819629628	3,6,11,13,16	took iba cons its else
POOL	7253	0.819622283	5,11,13,16	post-it batons us health
POOL	7254	0.819612578	5,9,13,16	post-it back-up mass else
POOL	7255	0.819586072	6,7,11,16	petite a khan's assess
POOL	7256	0.819582882	4,11,15,16	party batons shell see
POOL	7257	0.819570574	3,8,11,13,16	took attack fans us else
POOL	7258	0.819558457	2,4,11,16	paw tea batons assess
POOL	7259	0.819549281	6,7,11,16	petite a khan's e-health
POOL	7260	0.819539864	5,11,13,16	petite batons a else
POOL	7261	0.819537856	5,9,12,13,16	pit back-up news see else
POOL	7262	0.819521666	2,4,11,16	paw tea batons e-health
POOL	7263	0.819509990	2,8,11,16	paw t-back honors self
POOL	7264	0.819505872	2,6,11,16	power eat icons self
POOL	7265	0.819497859	2,5,8,11,12,16	pod tit buy ons a self
POOL	7266	0.819496414	4,9,13,15,16	pussy back thus ell see
POOL	7267	0.819477316	2,6,7,10,12,16	bao tit a juan a self
POOL	7268	0.819464305	4,9,13,15,16	pushy back thus air see
POOL	7269	0.819443883	4,11,15,16	putty batons cell see
POOL	7270	0.819421667	5,9,11,16	post-it becca then self
POOL	7271	0.819407664	5,9,11,16	petite back-up new self
POOL	7272	0.819389417	2,4,11,16	pull key batons assess
POOL	7273	0.819384540	2,4,11,16	push key batons assess
POOL	7274	0.819364620	3,5,7,13,16	talk eat bad converse else
POOL	7275	0.819354966	3,8,11,13,16	took attack ons les else
POOL	7276	0.819353534	4,7,11,12,16	pussy tas cons a steph
POOL	7277	0.819352626	2,4,11,16	pull key batons e-health
POOL	7278	0.819347749	2,4,11,16	push key batons e-health
POOL	7279	0.819345780	3,6,11,12,13,16	tuck eat cons a sheet else
POOL	7280	0.819344757	2,9,11,16	too t-back news ethel
POOL	7281	0.819322966	4,11,15,16	book batons affair see
POOL	7282	0.819287992	5,7,11,16	post-it bad cons assess
POOL	7283	0.819286548	3,4,9,11,13,16	took she back news us else
POOL	7284	0.819277759	2,8,11,16	power t-back ons health
POOL	7285	0.819261984	4,11,15,16	pussy batons cell if
POOL	7286	0.819256818	3,7,9,12,16	took at-bat car a self
POOL	7287	0.819251201	5,7,11,16	post-it bad cons e-health
POOL	7288	0.819220638	4,11,15,16	potty batons sell see
POOL	7289	0.819206179	2,4,11,16	book see batons assess
POOL	7290	0.819202324	5,9,13,16	post-it back-up nes else
POOL	7291	0.819182093	3,5,7,10,13,16	took eat bad cause this lease
POOL	7292	0.819169388	2,4,11,16	book see batons e-health
POOL	7293	0.819168938	2,6,11,16	pull t-top icons health
POOL	7294	0.819167938	2,6,9,12,16	due tit at una self
POOL	7295	0.819164061	2,6,11,16	push t-top icons health
POOL	7296	0.819145359	5,9,11,16	pulpit back-up news self
POOL	7297	0.819138038	6,11,13,16	petite icons see else
POOL	7298	0.819125839	3,5,11,13,16	took eat batons us valve
POOL	7299	0.819124081	2,9,12,16	too t-back nana self
POOL	7300	0.819099082	2,7,12,16	too t-back kata self
POOL	7301	0.819063020	6,11,13,16	petite axons ass elf
POOL	7302	0.819047371	5,9,11,16	post-it becca non self
POOL	7303	0.819034352	2,7,12,16	too t-back karma self
POOL	7304	0.819025745	5,11,13,16	post-it batons s self
POOL	7305	0.819025637	3,6,8,11,12,16	took peat mack ons a self
POOL	7306	0.819025494	2,4,11,16	paw see batons assess
POOL	7307	0.819019624	6,11,13,16	petite icons yes else
POOL	7308	0.818982060	4,7,10,13,16	pussy ta corps thus else
POOL	7309	0.818981530	4,8,11,16	putting t-back sons' self
POOL	7310	0.818978390	3,5,8,11,12,16	put eat bak ons a self
POOL	7311	0.818962808	6,11,13,16	petite icons us elf
POOL	7312	0.818940162	2,9,12,16	too t-back nasa self
POOL	7313	0.818929248	4,11,15,16	pussy batons hell see
POOL	7314	0.818926063	2,8,11,16	power t-back r.'s health
POOL	7315	0.818919604	4,8,11,16	party t-back sons' self
POOL	7316	0.818915331	6,11,13,16	petite add-on ass elf
POOL	7317	0.818905974	4,8,11,16	pussy t-back ons health
POOL	7318	0.818889682	2,7,12,16	too t-back cava self
POOL	7319	0.818855249	3,5,8,11,13,16	pad eat dec ons us else
POOL	7320	0.818835730	5,11,13,16	petite batons s else
POOL	7321	0.818830313	2,6,11,16	power eat axons self
POOL	7322	0.818803843	5,9,13,16	post-it back-up thus health
POOL	7323	0.818796982	5,11,13,16	post-it batons ash elf
POOL	7324	0.818777718	5,7,11,16	post-it bad cause assess
POOL	7325	0.818776146	6,11,13,16	petite icons ass self
POOL	7326	0.818776123	6,9,13,16	petite car nervous else
POOL	7327	0.818748981	4,11,15,16	pussy batons cell off
POOL	7328	0.818740927	5,7,11,16	post-it bad cause e-health
POOL	7329	0.818724770	2,9,12,16	too t-back anna self
POOL	7330	0.818724099	2,5,11,13,16	bot twitch batons us else
POOL	7331	0.818704644	4,11,15,16	putin batons sell see
POOL	7332	0.818702166	2,6,10,12,16	too tit connor a self
POOL	7333	0.818687878	2,8,10,13,16	too t-back are thus elk
POOL	7334	0.818672953	5,9,13,16	post-it becca nash else
POOL	7335	0.818672234	3,4,8,11,16	took see t-back ins self
POOL	7336	0.818666388	2,6,8,12,16	ooh tit at ana self
POOL	7337	0.818665725	3,7,9,12,16	book at-bat car a self
POOL	7338	0.818596708	2,8,11,16	pull t-back ons assess
POOL	7339	0.818591831	2,8,11,16	push t-back ons assess
POOL	7340	0.818573354	5,9,12,13,16	pitt back-up a see else
POOL	7341	0.818559917	2,8,11,16	pull t-back ons e-health
POOL	7342	0.818555039	2,8,11,16	push t-back ons e-health
POOL	7343	0.818554278	4,8,11,16	pussy t-back r.'s health
POOL	7344	0.818550479	2,8,11,16	two t-back honors self
POOL	7345	0.818547858	4,11,12,16	pussy batons a health
POOL	7346	0.818513303	5,9,12,13,16	pushed back-up a see else
POOL	7347	0.818512896	2,5,7,10,12,16	oh tit bad 'pon a self
POOL	7348	0.818497493	3,7,13,16	took at-bat conscious else
POOL	7349	0.818494943	2,6,11,16	power t-top cons health
POOL	7350	0.818493379	2,6,11,16	pull t-top axons health
POOL	7351	0.818488502	2,6,11,16	push t-top axons health
POOL	7352	0.818479728	5,9,12,13,16	pit becca news see else
POOL	7353	0.818462479	6,11,13,16	petite axons see else
POOL	7354	0.818442194	3,6,8,11,13,16	took tub at ons us shell
POOL	7355	0.818393968	5,9,12,13,16	post-it bak a see else
POOL	7356	0.818369944	3,5,7,13,16	took eat bad conscious wear
POOL	7357	0.818362992	2,5,11,16	power kit batons self
POOL	7358	0.818362755	4,8,11,16	putting t-back are self
POOL	7359	0.818345690	2,6,11,16	pull t-top add-on health
POOL	7360	0.818344065	6,11,13,16	petite axons yes else
POOL	7361	0.818340813	2,6,11,16	push t-top add-on health
POOL	7362	0.818314790	6,11,13,16	petite add-on see else
POOL	7363	0.818300829	4,8,11,16	party t-back are self
POOL	7364	0.818287249	6,11,13,16	petite axons us elf
POOL	7365	0.818274568	6,7,11,16	petite a comes assess
POOL	7366	0.818268222	4,11,15,16	potty batons cell see
POOL	7367	0.818245826	3,5,9,11,12,16	took eat basque earn a self
POOL	7368	0.818245012	2,8,11,16	pull t-back r.'s assess
POOL	7369	0.818240135	2,8,11,16	push t-back r.'s assess
POOL	7370	0.818237777	6,7,11,16	petite a comes e-health
POOL	7371	0.818232191	5,9,11,16	post-it becca n.'s self
POOL	7372	0.818229081	2,5,8,10,13,16	pull kits bak are this else
POOL	7373	0.818224505	5,9,11,16	petite becca news self
POOL	7374	0.818219562	5,7,11,16	post-it bad cars assess
POOL	7375	0.818214119	6,7,11,16	petite yeah cons assess
POOL	7376	0.818208221	2,8,11,16	pull t-back r.'s e-health
POOL	7377	0.818203343	2,8,11,16	push t-back r.'s e-health
POOL	7378	0.818196375	6,11,13,16	petite add-on yes else
POOL	7379	0.818187601	5,11,13,16	post-it baton ass else
POOL	7380	0.818182771	5,7,11,16	post-it bad cars e-health
POOL	7381	0.818177328	6,7,11,16	petite yeah cons e-health
POOL	7382	0.818169357	4,11,15,16	putting batons sell if
POOL	7383	0.818168992	3,4,8,11,13,16	took a tet puns us else
POOL	7384	0.818155652	5,11,13,16	pulpit batons ass else
POOL	7385	0.818140234	4,7,13,16	pussy bad kata else
POOL	7386	0.818139560	6,11,13,16	petite add-on us elf
POOL	7387	0.818107431	4,11,15,16	party batons sell if
POOL	7388	0.818100587	6,11,13,16	petite axons ass self
POOL	7389	0.818065378	2,7,11,12,16	toe t-back cons a sheath
POOL	7390	0.818049945	5,9,13,16	post-it black nervous else
POOL	7391	0.818045269	3,7,9,12,16	took at-bat car news self
POOL	7392	0.818000375	6,11,13,16	petite icons us self
POOL	7393	0.817998600	2,8,11,16	power t-back ares self
POOL	7394	0.817997290	4,11,15,16	pussy batons fell see
POOL	7395	0.817952897	6,11,13,16	petite add-on ass self
POOL	7396	0.817920813	5,9,13,16	pit back-up nervous else
POOL	7397	0.817912666	4,11,15,16	putty batons share see
POOL	7398	0.817890600	6,11,13,16	petite icons as else
POOL	7399	0.817866824	5,11,13,16	post-it batons ass well
POOL	7400	0.817861313	3,6,11,12,16	took eat actions a sense
POOL	7401	0.817844738	5,9,13,16	post-it back-up this health
POOL	7402	0.817834548	5,11,13,16	post-it batons ash self
POOL	7403	0.817790460	3,7,9,12,16	took eat car nina self
POOL	7404	0.817752229	4,11,15,16	putin batons cell see
POOL	7405	0.817750240	3,5,8,9,13,16	baht eat bak ahh this else
POOL	7406	0.817737119	3,5,7,11,12,16	took writ bad cons ur self
POOL	7407	0.817730767	4,11,15,16	pussy batons share if
POOL	7408	0.817729511	3,7,13,16	book at-bat conscious else
POOL	7409	0.817729283	2,5,8,9,12,16	bah tit bak ahh a self
POOL	7410	0.817708968	4,7,10,13,16	pussy tau cause cease else
POOL	7411	0.817703845	6,7,11,16	petite yeah cause assess
POOL	7412	0.817696799	2,5,7,10,12,16	bow tit bad cause zheng self
POOL	7413	0.817667054	6,7,11,16	petite yeah cause e-health
POOL	7414	0.817656354	4,11,15,16	putting batons sell off
POOL	7415	0.817644533	5,11,13,16	petite batons ash else
POOL	7416	0.817643903	6,11,13,16	petite icons ask else
POOL	7417	0.817632974	6,9,13,16	petite cause nervous else
POOL	7418	0.817626815	4,8,11,16	pussy t-back ares self
POOL	7419	0.817612487	5,11,13,16	post-it beckons a else
POOL	7420	0.817594428	4,11,15,16	party batons sell off
POOL	7421	0.817565647	5,11,13,16	post-it batons a health
POOL	7422	0.817564673	5,11,13,16	post-it batons ass air
POOL	7423	0.817545265	4,11,13,16	petey batons ass else
POOL	7424	0.817515225	5,9,12,13,16	pitt becca a see else
POOL	7425	0.817495786	6,9,13,16	petite ask nervous else
POOL	7426	0.817477396	3,5,7,11,12,16	parte eat deaf cons a self
POOL	7427	0.817469614	3,5,11,12,13,16	took id ben's a see else
POOL	7428	0.817454176	3,7,9,12,16	book at-bat car news self
POOL	7429	0.817419388	2,8,11,16	to t-back honors self
POOL	7430	0.817411830	5,11,13,16	post-it baton us else
POOL	7431	0.817379881	5,11,13,16	pulpit batons us else
POOL	7432	0.817361804	5,9,12,13,16	pitt back-up news see else
POOL	7433	0.817342218	5,9,12,13,16	tit back-up a see else
POOL	7434	0.817335013	5,9,12,13,16	post-it beck a see else
POOL	7435	0.817324816	6,11,13,16	petite axons us self
POOL	7436	0.817280089	5,7,11,12,16	phuket bow tons a self
POOL	7437	0.817255681	4,11,15,16	putty batons shell see
POOL	7438	0.817217764	4,11,15,16	pussy batons share off
POOL	7439	0.817216942	4,11,15,16	putting batons cell if
POOL	7440	0.817215041	6,11,13,16	petite axons as else
POOL	7441	0.817199367	3,7,9,12,16	book eat car nina self
POOL	7442	0.817198292	2,9,12,16	pull t-back nina self
POOL	7443	0.817193415	2,9,12,16	push t-back nina self
POOL	7444	0.817187019	2,5,11,13,16	too tit batons axe wear
POOL	7445	0.817182419	5,9,12,13,16	post-it bak news see else
POOL	7446	0.817177126	6,11,13,16	petite add-on us self
POOL	7447	0.817162097	3,5,7,11,12,16	pont ike bad cons a self
POOL	7448	0.817155016	4,11,15,16	party batons cell if
POOL	7449	0.817145689	6,7,11,16	petite yeah cars assess
POOL	7450	0.817130750	3,7,9,12,16	took at-bat cause news self
POOL	7451	0.817110992	4,8,11,12,16	booking kat ons a self
POOL	7452	0.817108897	6,7,11,16	petite yeah cars e-health
POOL	7453	0.817104918	6,9,13,16	petite act nervous else
POOL	7454	0.817100709	2,5,7,12,16	too tea bad convent self
POOL	7455	0.817099438	4,11,15,16	pussy batons sell saw
POOL	7456	0.817091053	5,11,13,16	post-it batons us well
POOL	7457	0.817086784	2,8,11,16	too t-back honors health
POOL	7458	0.817073782	4,11,15,16	pussy batons shell if
POOL	7459	0.817068713	2,8,11,16	paul t-back honors self
POOL	7460	0.817067351	6,11,13,16	petite add-on as else
POOL	7461	0.817052504	3,7,9,12,16	took iba car a self
POOL	7462	0.816996021	5,9,11,16	post-it becca news health
POOL	7463	0.816986170	3,5,7,10,13,16	took sick boy cause this else
POOL	7464	0.816968343	6,11,13,16	petite axons ask else
POOL	7465	0.816909718	5,11,13,16	post-it batons ass alf
POOL	7466	0.816908353	5,11,13,16	post-it beckons s else
POOL	7467	0.816906172	6,11,13,16	petite icons a elf
POOL	7468	0.816891581	5,9,13,16	post-it back-up nash elf
POOL	7469	0.816884206	4,11,15,16	putting batons hell see
POOL	7470	0.816878731	5,9,12,13,16	post-it bat a see else
POOL	7471	0.816875940	3,7,9,12,16	took eat cause nina self
POOL	7472	0.816869805	2,5,11,16	power tip batons self
POOL	7473	0.816861513	5,11,13,16	post-it batons s health
POOL	7474	0.816860932	4,8,11,16	putting t-back ons health
POOL	7475	0.816826108	5,7,11,12,16	booted bad cons in. self
POOL	7476	0.816822280	4,11,15,16	party batons hell see
POOL	7477	0.816820654	6,11,13,16	petite add-on ask else
POOL	7478	0.816799005	4,8,11,16	party t-back ons health
POOL	7479	0.816797147	4,9,11,13,16	pussy back nerve us else
POOL	7480	0.816793035	5,9,13,16	post-it becca thus elf
POOL	7481	0.816788902	5,11,13,16	post-it batons us air
POOL	7482	0.816781937	2,5,10,13,16	too tit baton zest else
POOL	7483	0.816737006	4,11,15,16	potty batons share see
POOL	7484	0.816717082	2,9,12,16	power t-back a self
POOL	7485	0.816703939	4,11,15,16	putting batons cell off
POOL	7486	0.816666224	2,5,11,16	power keep batons self
POOL	7487	0.816661960	1,4,7,11,16	peak opie tak cons self
POOL	7488	0.816642013	4,11,15,16	party batons cell off
POOL	7489	0.816633363	6,9,13,16	petite aca thus else
POOL	7490	0.816611914	6,11,13,16	petite icons ass health
POOL	7491	0.816592749	3,5,9,13,16	took eat back-up thus err
POOL	7492	0.816592404	4,8,11,16	putty t-back sons' self
POOL	7493	0.816590495	2,6,8,12,16	too tit aunt ana self
POOL	7494	0.816582225	5,9,12,13,16	post-it pack a see else
POOL	7495	0.816570539	4,11,15,16	pussy batons tell see
POOL	7496	0.816561958	5,8,11,13,16	footed black ons es else
POOL	7497	0.816561441	5,9,13,16	pulpit back-up thus else
POOL	7498	0.816560779	4,11,15,16	pussy batons shell off
POOL	7499	0.816549872	6,7,11,16	petite a car assess
POOL	7500	0.816539657	3,7,9,12,16	book at-bat cause news self
POOL	7501	0.816529441	3,7,9,12,16	took eat car nana self
POOL	7502	0.816513081	6,7,11,16	petite a car e-health
POOL	7503	0.816509236	4,8,11,16	putting t-back r.'s health
POOL	7504	0.816502816	4,11,12,16	putting batons a health
POOL	7505	0.816493318	3,7,13,16	took at-bat kansas else
POOL	7506	0.816487846	5,9,11,16	petite back-up then self
POOL	7507	0.816461411	3,7,9,12,16	book iba car a self
POOL	7508	0.816447309	4,8,11,16	party t-back r.'s health
POOL	7509	0.816440890	4,11,12,16	party batons a health
POOL	7510	0.816417078	2,5,8,10,13,16	pull tit 'bout are this else
POOL	7511	0.816400183	5,9,12,13,16	pit back-up a see elf
POOL	7512	0.816394567	5,7,11,16	post-it bad khan's assess
POOL	7513	0.816357776	5,7,11,16	post-it bad khan's e-health
POOL	7514	0.816345297	4,9,12,16	pussy t-back a self
POOL	7515	0.816303676	5,9,12,13,16	pitt becca news see else
POOL	7516	0.816289464	3,7,9,12,16	took at-bat ka a self
POOL	7517	0.816284847	3,7,9,12,16	book eat cause nina self
POOL	7518	0.816284089	5,9,12,13,16	tit becca a see else
POOL	7519	0.816272613	5,9,13,16	post-it back-up thus well
POOL	7520	0.816262322	5,9,12,13,16	pit back-up a shh else
POOL	7521	0.816260678	5,9,12,13,16	pete back-up a see else
POOL	7522	0.816230613	6,11,13,16	petite axons a elf
POOL	7523	0.816221012	4,11,15,16	putin batons share see
POOL	7524	0.816213448	2,6,8,10,13,16	puck tit al. are this else
POOL	7525	0.816202038	6,11,13,16	petite icons s elf
POOL	7526	0.816200311	4,11,15,16	puppy batons sell see
POOL	7527	0.816170867	2,8,11,16	took t-back ons assess
POOL	7528	0.816148650	2,8,9,13,16	pah t-back ahh thus f.'s
POOL	7529	0.816147023	4,11,15,16	pussy batons cell saw
POOL	7530	0.816134076	2,8,11,16	took t-back ons e-health
POOL	7531	0.816133947	5,11,13,16	post-it batons us alf
POOL	7532	0.816130668	5,9,12,13,16	tit back-up news see else
POOL	7533	0.816128986	4,7,10,13,16	bushy tag -san thus else
POOL	7534	0.816123464	5,9,12,13,16	post-it beck news see else
POOL	7535	0.816121463	5,9,11,16	post-it back-up news sell
POOL	7536	0.816113550	5,9,11,16	petite back-up non self
POOL	7537	0.816091088	2,5,8,11,13,16	tos tit bak ons us meth
POOL	7538	0.816082924	6,11,13,16	petite add-on a elf
POOL	7539	0.816080020	4,11,15,16	potty batons shell see
POOL	7540	0.816064118	4,7,11,16	pussy bad honors self
POOL	7541	0.816033345	5,9,11,16	pussy back-up news self
POOL	7542	0.816015342	3,5,8,9,13,16	took eat desk ahh this else
POOL	7543	0.816005333	5,11,13,16	post-it batons see elf
POOL	7544	0.816001793	4,11,15,16	pussy batons sell earth
POOL	7545	0.815999079	2,5,7,10,12,16	pull test de cause a self
POOL	7546	0.815995827	4,11,15,16	boy batons affair see
POOL	7547	0.815973629	4,8,11,16	putty t-back are self
POOL	7548	0.815970462	5,9,13,16	post-it back-up thus air
POOL	7549	0.815952248	4,11,15,16	putting batons fell see
POOL	7550	0.815943739	6,11,13,16	petite icons a self
POOL	7551	0.815938348	3,7,9,12,16	book eat car nana self
POOL	7552	0.815936355	6,11,13,16	petite axons ass health
POOL	7553	0.815929147	5,9,13,16	post-it back-up nash self
POOL	7554	0.815890322	4,11,15,16	party batons fell see
POOL	7555	0.815886919	5,11,13,16	post-it batons yes elf
POOL	7556	0.815886889	5,9,13,16	pushed back-up nervous else
POOL	7557	0.815883433	4,9,12,13,16	pussy tek knee see else
POOL	7558	0.815851789	2,5,8,9,13,16	pull taste whack ahh this else
POOL	7559	0.815840955	3,7,9,12,16	took iba car news self
POOL	7560	0.815836144	6,11,13,16	petite icons us health
POOL	7561	0.815833930	5,9,13,16	post-it becca this elf
POOL	7562	0.815830602	5,9,13,16	post-it becca thus self
POOL	7563	0.815819171	2,8,11,16	took t-back r.'s assess
POOL	7564	0.815812137	2,4,8,12,16	too tim t-back ann's self
POOL	7565	0.815796867	5,9,11,16	post-it back-up news else
POOL	7566	0.815788666	6,11,13,16	petite add-on ass health
POOL	7567	0.815782380	2,8,11,16	took t-back r.'s e-health
POOL	7568	0.815780231	4,11,15,16	putty batons sell if
POOL	7569	0.815739133	5,9,13,16	petite back-up nash else
POOL	7570	0.815725336	3,7,13,16	book at-bat kansas else
POOL	7571	0.815717157	5,11,13,16	post-it beckons ash else
POOL	7572	0.815705757	5,7,11,12,16	post-it pah cons elle self
POOL	7573	0.815705312	5,9,12,13,16	booked back-up a see else
POOL	7574	0.815702676	3,7,13,16	put-on eat conscious else
POOL	7575	0.815698371	3,7,9,12,16	book at-bat ka a self
POOL	7576	0.815685725	4,11,15,16	putting batons share if
POOL	7577	0.815674257	6,9,13,16	petite aca this else
POOL	7578	0.815667182	5,9,12,13,16	post-it bat news see else
POOL	7579	0.815652386	4,7,10,12,16	pussy bad cause sci self
POOL	7580	0.815640587	5,9,13,16	petite becca thus else
POOL	7581	0.815632305	3,7,9,12,16	took eat car nasa self
POOL	7582	0.815631207	3,5,9,13,16	books' eat back-up rush else
POOL	7583	0.815623799	4,11,15,16	party batons share if
POOL	7584	0.815622018	2,9,12,16	pull t-back nana self
POOL	7585	0.815621927	4,11,15,16	pussy batons sell fee
POOL	7586	0.815617141	2,9,12,16	push t-back nana self
POOL	7587	0.815614922	3,7,9,12,16	took eat cause nana self
POOL	7588	0.815611612	5,9,11,16	post-it becca knees self
POOL	7589	0.815602336	5,9,13,16	pulpit back-up this else
POOL	7590	0.815597018	2,7,12,16	pull t-back kata self
POOL	7591	0.815592141	2,7,12,16	push t-back kata self
POOL	7592	0.815581773	4,8,11,16	putting t-back ares self
POOL	7593	0.815579628	2,8,11,13,16	bush t-back conn. ex else
POOL	7594	0.815564027	4,11,15,16	putin batons shell see
POOL	7595	0.815532289	2,7,12,16	pull t-back karma self
POOL	7596	0.815528839	5,9,13,16	post-it becca ness else
POOL	7597	0.815527412	2,7,12,16	push t-back karma self
POOL	7598	0.815526479	6,11,13,16	petite axons s elf
POOL	7599	0.815519846	4,8,11,16	party t-back ares self
POOL	7600	0.815513031	6,7,13,16	petite a tarsus else
POOL	7601	0.815494424	5,9,11,16	post-it becca these self
POOL	7602	0.815474880	4,11,15,16	took batons affair if
POOL	7603	0.815438099	2,9,12,16	pull t-back nasa self
POOL	7604	0.815433221	2,9,12,16	push t-back nasa self
POOL	7605	0.815432805	3,7,9,12,16	pushed at-bat car a self
POOL	7606	0.815416743	4,8,11,16	potty t-back sons' self
POOL	7607	0.815406928	6,7,11,16	petite add cons assess
POOL	7608	0.815402885	2,8,11,16	book t-back ons assess
POOL	7609	0.815394840	3,8,9,13,16	took attack ahh mess else
POOL	7610	0.815389700	3,5,8,9,13,16	took ed bak ahh this else
POOL	7611	0.815387619	2,7,12,16	pull t-back cava self
POOL	7612	0.815382742	2,7,12,16	push t-back cava self
POOL	7613	0.815378790	6,11,13,16	petite add-on s elf
POOL	7614	0.815370676	5,9,12,13,16	post-it pack news see else
POOL	7615	0.815370137	6,7,11,16	petite add cons e-health
POOL	7616	0.815367521	5,9,12,13,16	post-it black a see elf
POOL	7617	0.815366094	2,8,11,16	book t-back ons e-health
POOL	7618	0.815354131	6,11,13,16	petite cons ass well-off
POOL	7619	0.815342055	5,9,12,13,16	pit becca a see elf
POOL	7620	0.815320694	6,7,11,16	petite yeah khan's assess
POOL	7621	0.815315507	5,9,13,16	post-it back-up thus alf
POOL	7622	0.815298371	5,9,11,16	petite back-up n.'s self
POOL	7623	0.815292999	3,6,7,10,12,16	thought eat a cause neck self
POOL	7624	0.815283903	6,7,11,16	petite yeah khan's e-health
POOL	7625	0.815268180	6,11,13,16	petite axons a self
POOL	7626	0.815267227	4,11,15,16	putty batons sell off
POOL	7627	0.815250703	5,8,11,13,16	pussy black cars us else
POOL	7628	0.815249862	3,7,9,12,16	book iba car news self
POOL	7629	0.815239605	6,11,13,16	petite icons s self
POOL	7630	0.815229659	5,9,12,13,16	post-it black a shh else
POOL	7631	0.815222707	2,9,12,16	pull t-back anna self
POOL	7632	0.815222200	2,8,11,16	paw t-back ons assess
POOL	7633	0.815220719	2,5,11,16	power eat batons self
POOL	7634	0.815217830	2,9,12,16	push t-back anna self
POOL	7635	0.815209992	3,7,9,12,16	took eat car anna self
POOL	7636	0.815204193	5,9,12,13,16	pit becca a shh else
POOL	7637	0.815202549	5,9,12,13,16	pete becca a see else
POOL	7638	0.815200748	5,9,13,16	pitt back-up nervous else
POOL	7639	0.815191046	5,9,11,16	pulpit back-up new self
POOL	7640	0.815188634	5,9,12,13,16	pit back-up news see elf
POOL	7641	0.815188066	3,4,7,10,12,16	took a beck cause a self
POOL	7642	0.815185409	2,8,11,16	paw t-back ons e-health
POOL	7643	0.815174629	2,5,8,9,12,16	pull pat bak ahh a self
POOL	7644	0.815169048	5,9,11,16	post-it back-up news cell
POOL	7645	0.815120899	6,9,13,16	petite acta thus else
POOL	7646	0.815090145	2,5,11,16	power bit batons self
POOL	7647	0.815083903	5,9,12,13,16	pit back-up news she else
POOL	7648	0.815083063	5,7,11,16	post-it bad comes assess
POOL	7649	0.815082303	2,5,11,16	power sit batons self
POOL	7650	0.815077915	3,7,9,12,16	took at-bat ka news self
POOL	7651	0.815072540	5,9,12,13,16	tit becca news see else
POOL	7652	0.815061983	2,5,11,16	power pit batons self
POOL	7653	0.815061642	5,9,11,16	post-it becca man self
POOL	7654	0.815056597	6,7,11,16	petite an cons assess
POOL	7655	0.815056597	6,7,11,16	petite as cons assess
POOL	7656	0.815056597	6,7,11,16	petite at cons assess
POOL	7657	0.815051189	2,8,11,16	book t-back r.'s assess
POOL	7658	0.815050773	5,9,12,13,16	pit back-up news shh else
POOL	7659	0.815046272	5,7,11,16	post-it bad comes e-health
POOL	7660	0.815043192	3,7,9,12,16	took at-bat come a self
POOL	7661	0.815041212	3,7,9,12,16	book eat car nasa self
POOL	7662	0.815023829	3,7,9,12,16	book eat cause nana self
POOL	7663	0.815019806	6,7,11,16	petite an cons e-health
POOL	7664	0.815019806	6,7,11,16	petite as cons e-health
POOL	7665	0.815019806	6,7,11,16	petite at cons e-health
POOL	7666	0.815018542	2,5,8,12,13,16	pull tit bak arn see else
POOL	7667	0.815014398	2,8,11,16	book t-back r.'s e-health
POOL	7668	0.815011356	5,9,13,16	post-it back-up this air
POOL	7669	0.814926436	3,7,9,12,16	took iba cause news self
POOL	7670	0.814919592	2,8,11,16	too t-back sons' assess
POOL	7671	0.814900749	4,8,11,16	putin t-back sons' self
POOL	7672	0.814896654	6,7,11,16	petite add cause assess
POOL	7673	0.814885833	3,5,9,12,13,16	took eat bhatt a see else
POOL	7674	0.814885066	5,9,11,16	post-it back-up non health
POOL	7675	0.814882801	2,8,11,16	too t-back sons' e-health
POOL	7676	0.814871496	5,9,13,16	post-it becca this self
POOL	7677	0.814870504	2,8,11,16	paw t-back r.'s assess
POOL	7678	0.814861542	3,7,11,12,15,16	soot eat carr a sell if
POOL	7679	0.814859862	6,7,11,16	petite add cause e-health
POOL	7680	0.814846910	3,7,9,12,16	put-on eat car a self
POOL	7681	0.814846479	5,9,13,16	post-it bank nervous else
POOL	7682	0.814834091	5,9,13,16	post-it bad nervous else
POOL	7683	0.814833713	2,8,11,16	paw t-back r.'s e-health
POOL	7684	0.814824256	3,7,13,16	took iba conscious else
POOL	7685	0.814823105	3,7,9,12,16	took eat ka nina self
POOL	7686	0.814800228	3,7,9,12,16	took at-bat ca a self
POOL	7687	0.814798819	3,4,7,13,16	bush b. tag conscious else
POOL	7688	0.814797968	4,8,11,16	potty t-back are self
POOL	7689	0.814772451	2,9,12,16	took t-back nina self
POOL	7690	0.814762354	6,7,11,16	petite a commons self
POOL	7691	0.814757844	3,5,7,9,12,16	took eat bad car a hell
POOL	7692	0.814753746	6,7,11,16	petite a con assess
POOL	7693	0.814739470	3,7,9,12,16	took at-bat caught a self
POOL	7694	0.814717786	3,7,9,12,16	took eat cause nasa self
POOL	7695	0.814716955	6,7,11,16	petite a con e-health
POOL	7696	0.814706854	2,5,8,11,12,16	posh tit bak knees a self
POOL	7697	0.814686851	3,7,9,12,16	push at-bat car a self
POOL	7698	0.814681481	5,9,13,16	petite becca this else
POOL	7699	0.814647183	5,9,12,13,16	booked becca a see else
POOL	7700	0.814646250	5,8,11,13,16	post-it black ons us alp
POOL	7701	0.814618899	3,7,9,12,16	book eat car anna self
POOL	7702	0.814614146	3,5,7,9,12,16	poach eat bad car a self
POOL	7703	0.814564582	5,9,12,13,16	pit back-up a saw else
POOL	7704	0.814550604	6,7,11,16	petite a khan assess
POOL	7705	0.814546323	6,7,11,16	petite an cause assess
POOL	7706	0.814546323	6,7,11,16	petite as cause assess
POOL	7707	0.814546323	6,7,11,16	petite at cause assess
POOL	7708	0.814519943	5,9,12,13,16	petite black a see else
POOL	7709	0.814513813	6,7,11,16	petite a khan e-health
POOL	7710	0.814509532	6,7,11,16	petite an cause e-health
POOL	7711	0.814509532	6,7,11,16	petite as cause e-health
POOL	7712	0.814509532	6,7,11,16	petite at cause e-health
POOL	7713	0.814495130	3,5,7,13,16	took eat death conscious if
POOL	7714	0.814486822	3,7,9,12,16	book at-bat ka news self
POOL	7715	0.814479556	2,6,11,12,16	boy tit cons aca self
POOL	7716	0.814475279	3,5,8,11,13,16	took if bak ons uhh else
POOL	7717	0.814475105	5,9,13,16	post-it becca mass else
POOL	7718	0.814471805	4,8,11,16	putty t-back ons health
POOL	7719	0.814467332	6,9,13,16	petite at novice else
POOL	7720	0.814452099	3,7,9,12,16	book at-bat come a self
POOL	7721	0.814448422	6,7,11,16	petite ass cons assess
POOL	7722	0.814429466	4,7,10,12,16	pussy bad hahn a self
POOL	7723	0.814411630	6,7,11,16	petite ass cons e-health
POOL	7724	0.814373668	3,6,7,10,12,16	took tube en cause a self
POOL	7725	0.814356401	5,9,13,16	post-it back-up this' alf
POOL	7726	0.814338497	6,7,11,16	petite add cars assess
POOL	7727	0.814335343	3,7,9,12,16	book iba cause news self
POOL	7728	0.814301706	6,7,11,16	petite add cars e-health
POOL	7729	0.814300817	2,8,11,16	too t-back are assess
POOL	7730	0.814300255	4,9,12,16	putting t-back a self
POOL	7731	0.814295473	3,7,9,12,16	took eat cause anna self
POOL	7732	0.814288231	5,9,12,13,16	pit back-up a sh else
POOL	7733	0.814286412	3,7,9,12,16	took iqbal car a self
POOL	7734	0.814281974	4,8,11,16	putin t-back are self
POOL	7735	0.814270191	5,9,11,16	petite becca new self
POOL	7736	0.814264026	2,8,11,16	too t-back are e-health
POOL	7737	0.814262689	2,8,11,16	two t-back ons assess
POOL	7738	0.814238329	4,9,12,16	party t-back a self
POOL	7739	0.814235763	6,7,11,16	petite air cons assess
POOL	7740	0.814232013	3,7,9,12,16	book eat ka nina self
POOL	7741	0.814225898	2,8,11,16	two t-back ons e-health
POOL	7742	0.814224132	5,9,12,13,16	pitt back-up a see elf
POOL	7743	0.814221256	3,7,9,12,16	pushed at-bat car news self
POOL	7744	0.814209135	3,7,9,12,16	book at-bat ca a self
POOL	7745	0.814198971	6,7,11,16	petite air cons e-health
POOL	7746	0.814194523	5,7,13,16	phuket bad conscious else
POOL	7747	0.814173208	4,9,13,16	pussy t-back nez else
POOL	7748	0.814164081	5,9,12,13,16	pushed back-up a see elf
POOL	7749	0.814161794	6,9,13,16	petite acta this else
POOL	7750	0.814155972	5,9,12,13,16	post-it black news see elf
POOL	7751	0.814148377	3,7,9,12,16	book at-bat caught a self
POOL	7752	0.814137315	2,5,11,12,16	pug tim batons a self
POOL	7753	0.814130506	5,9,12,13,16	pit becca news see elf
POOL	7754	0.814126693	3,7,9,12,16	book eat cause nasa self
POOL	7755	0.814120109	4,8,11,16	putty t-back r.'s health
POOL	7756	0.814118100	2,5,8,9,12,16	pull tit zack ahh a self
POOL	7757	0.814113689	4,11,12,16	putty batons a health
POOL	7758	0.814086270	5,9,12,13,16	pitt back-up a shh else
POOL	7759	0.814085150	3,7,9,12,16	took iba ka a self
POOL	7760	0.814069886	5,9,11,16	post-it back-up n.'s health
POOL	7761	0.814062200	5,9,11,16	petite back-up news health
POOL	7762	0.814056274	3,7,13,16	book iba conscious else
POOL	7763	0.814044746	5,9,12,13,16	post-it bak a see elf
POOL	7764	0.814026219	5,9,12,13,16	pushed back-up a shh else
POOL	7765	0.814009190	6,7,11,16	petite yeah comes assess
POOL	7766	0.814007887	5,9,11,16	pulpit becca news self
POOL	7767	0.814007375	3,6,8,9,13,16	took rib at ahh this f
POOL	7768	0.814006126	2,5,8,10,13,16	pull tit dad bon this else
POOL	7769	0.814004469	2,9,12,16	book t-back nina self
POOL	7770	0.814000458	6,9,13,16	petite ack nervous else
POOL	7771	0.813993324	3,5,7,11,16	took knit bad cons itself
POOL	7772	0.813988167	6,7,11,16	petite an cars assess
POOL	7773	0.813988167	6,7,11,16	petite as cars assess
POOL	7774	0.813988167	6,7,11,16	petite at cars assess
POOL	7775	0.813981550	4,7,9,12,16	pussy tech uhh a self
POOL	7776	0.813966447	3,7,9,12,16	pushed eat car nina self
POOL	7777	0.813956440	2,8,11,16	power kickback ons self
POOL	7778	0.813910993	2,8,11,16	two t-back r.'s assess
POOL	7779	0.813874202	2,8,11,16	two t-back r.'s e-health
POOL	7780	0.813823784	2,9,12,16	paw t-back nina self
POOL	7781	0.813815698	2,5,11,16	too tit batons assess
POOL	7782	0.813800263	2,8,11,16	too t-back ons selfie
POOL	7783	0.813778906	2,5,11,16	too tit batons e-health
POOL	7784	0.813777427	3,5,7,9,12,16	took eat bats car a self
POOL	7785	0.813744249	4,7,11,14,16	pussy bec cons shah laugh
POOL	7786	0.813698501	3,7,13,16	put-on eat kansas else
POOL	7787	0.813651240	2,5,7,13,16	awe tight deaf conscious else
POOL	7788	0.813604744	2,8,11,16	power kickback r.'s self
POOL	7789	0.813584721	2,8,11,16	pull t-back honors health
POOL	7790	0.813579844	2,8,11,16	push t-back honors health
POOL	7791	0.813563778	4,7,11,12,16	pussy bad carr a faire
POOL	7792	0.813557819	3,5,7,11,12,16	took ight bad cons a schiff
POOL	7793	0.813531834	2,5,8,10,13,16	pull cat bak are fish else
POOL	7794	0.813499645	3,5,7,10,13,16	pit eat bad cause this yes
POOL	7795	0.813491826	3,4,7,10,13,16	out a ke cause this else
POOL	7796	0.813446897	6,7,13,16	petite sat conscious else
POOL	7797	0.813358367	5,7,11,16	post-it bad car assess
POOL	7798	0.813348692	4,8,11,16	pussy attack ons self
POOL	7799	0.813321576	5,7,11,16	post-it bad car e-health
POOL	7800	0.813315497	3,5,7,13,16	took id bad cava else
POOL	7801	0.813296144	4,8,11,16	potty t-back ons health
POOL	7802	0.813293160	6,9,13,16	petite lack nervous else
POOL	7803	0.813290113	2,8,9,13,16	too t-back ya 'nuff l
POOL	7804	0.813288698	2,5,11,16	too take batons assess
POOL	7805	0.813272329	3,4,9,12,16	took b t-back a self
POOL	7806	0.813265759	6,9,13,16	petite car novice else
POOL	7807	0.813254176	3,8,11,12,13,16	took beck guns a see else
POOL	7808	0.813251907	2,5,11,16	too take batons e-health
POOL	7809	0.813232578	2,5,8,9,13,16	pull pat bak rot this else
POOL	7810	0.813208710	3,6,7,10,12,16	took eat a ron a self
POOL	7811	0.813196178	2,9,12,16	took t-back nana self
POOL	7812	0.813171178	2,7,12,16	took t-back kata self
POOL	7813	0.813159223	2,5,11,16	too shit batons assess
POOL	7814	0.813158286	2,6,8,10,13,16	pull tit at are this shell
POOL	7815	0.813144104	2,5,7,10,12,16	pull tit bad cause a sis
POOL	7816	0.813129437	6,9,13,16	petite caught nervous else
POOL	7817	0.813122432	2,5,11,16	too shit batons e-health
POOL	7818	0.813106448	2,7,12,16	took t-back karma self
POOL	7819	0.813069637	3,5,7,10,13,16	pep pit bad cause this else
POOL	7820	0.813058851	6,9,13,16	petite at nervous elf
POOL	7821	0.813012258	2,9,12,16	took t-back nasa self
POOL	7822	0.812976775	3,7,11,12,15,16	baht eat cons duh sell if
POOL	7823	0.812969623	3,6,7,9,12,16	tout bib a car a self
POOL	7824	0.812961778	2,7,12,16	took t-back cava self
POOL	7825	0.812938029	4,11,12,16	potty batons a health
POOL	7826	0.812908646	3,6,7,10,12,16	took wit a cause za self
POOL	7827	0.812905605	5,9,12,13,16	post-it pac a see else
POOL	7828	0.812864273	2,9,12,16	two t-back nina self
POOL	7829	0.812864006	2,5,7,10,12,16	boi tat bad cause a self
POOL	7830	0.812820082	3,7,13,16	took iba kansas else
POOL	7831	0.812796866	2,9,12,16	took t-back anna self
POOL	7832	0.812756451	2,6,8,11,12,16	bao tit at ons a shan
POOL	7833	0.812741457	2,6,9,12,16	too tit tak rana self
POOL	7834	0.812739874	3,6,8,9,13,16	cooke whit at ahh this else
POOL	7835	0.812736134	3,5,7,9,12,16	took eat bad qui a self
POOL	7836	0.812684664	3,7,13,16	pushed at-bat conscious else
POOL	7837	0.812627288	3,5,8,9,13,16	took eat bak todd this else
POOL	7838	0.812623367	3,7,11,12,15,16	pao eat cons a shen if
POOL	7839	0.812585295	3,5,7,10,13,16	bode eat b'y cause this else
POOL	7840	0.812535828	4,11,12,16	pussy batons a sell
POOL	7841	0.812513426	3,7,13,16	push at-bat conscious else
POOL	7842	0.812481064	3,6,8,11,16	took eat at ons ethel
POOL	7843	0.812463776	3,5,9,13,16	kush eat back-up thus else
POOL	7844	0.812428195	2,9,12,16	book t-back nana self
POOL	7845	0.812422035	4,11,12,16	putin batons a health
POOL	7846	0.812403196	2,7,12,16	book t-back kata self
POOL	7847	0.812399873	5,7,11,16	post-it buy cons assess
POOL	7848	0.812385625	3,5,9,11,16	took city bet news self
POOL	7849	0.812363082	5,7,11,16	post-it buy cons e-health
POOL	7850	0.812352093	2,5,7,13,16	too tit bum conscious ex
POOL	7851	0.812348067	4,7,12,16	pussy bad kata self
POOL	7852	0.812338466	2,7,12,16	book t-back karma self
POOL	7853	0.812323914	3,5,7,9,12,16	took peak bad car a self
POOL	7854	0.812283337	4,7,12,16	pussy bad karma self
POOL	7855	0.812247510	2,9,12,16	paw t-back nana self
POOL	7856	0.812244276	2,9,12,16	book t-back nasa self
POOL	7857	0.812222510	2,7,12,16	paw t-back kata self
POOL	7858	0.812213206	3,7,13,16	took iqbal conscious else
POOL	7859	0.812193796	2,7,12,16	book t-back cava self
POOL	7860	0.812170414	3,7,11,16	put-on at-bat cons self
POOL	7861	0.812157781	2,7,12,16	paw t-back karma self
POOL	7862	0.812149776	2,8,10,13,16	o. t-back own thus else
POOL	7863	0.812138667	4,7,12,16	pussy bad cava self
POOL	7864	0.812122610	6,9,13,16	petite cause novice else
POOL	7865	0.812096418	6,9,13,16	petite at nervous self
POOL	7866	0.812063591	2,9,12,16	paw t-back nasa self
POOL	7867	0.812052100	3,7,13,16	book iba kansas else
POOL	7868	0.812028884	2,9,12,16	book t-back anna self
POOL	7869	0.812013111	2,7,12,16	paw t-back cava self
POOL	7870	0.811985422	6,9,13,16	petite ask novice else
POOL	7871	0.811912215	4,7,10,13,16	pussy tec cause thus belle
POOL	7872	0.811911129	4,9,12,16	putty t-back a self
POOL	7873	0.811902188	5,7,13,16	post-it bad cava else
POOL	7874	0.811889599	5,7,11,16	post-it buy cause assess
POOL	7875	0.811884227	2,5,11,16	too kit batons assess
POOL	7876	0.811857278	6,9,13,16	petite car nervous elf
POOL	7877	0.811852808	5,7,11,16	post-it buy cause e-health
POOL	7878	0.811848199	2,9,12,16	paw t-back anna self
POOL	7879	0.811848005	5,7,13,16	post-it beer conscious else
POOL	7880	0.811847436	2,5,11,16	too kit batons e-health
POOL	7881	0.811781519	3,7,13,16	took at-bat canvas else
POOL	7882	0.811780633	3,6,11,16	put-on eat icons self
POOL	7883	0.811733181	2,9,12,16	to t-back nina self
POOL	7884	0.811728559	5,7,11,16	post-it bag cons assess
POOL	7885	0.811701435	2,5,8,9,13,16	pull each bak ahh this ulf
POOL	7886	0.811691768	5,7,11,16	post-it bag cons e-health
POOL	7887	0.811660140	3,7,11,16	put-on at-bat cause self
POOL	7888	0.811656604	4,7,11,12,16	bawdy batt stars' a self
POOL	7889	0.811594554	6,9,13,16	petite act novice else
POOL	7890	0.811594436	6,9,13,16	petite aca nash else
POOL	7891	0.811594307	2,5,7,12,16	too tit bab condon self
POOL	7892	0.811583413	4,11,12,16	pussy batons a cell
POOL	7893	0.811578648	3,7,13,16	took at-bat conscious elf
POOL	7894	0.811571319	3,5,8,11,13,16	took eat pick knees us else
POOL	7895	0.811562241	5,7,11,16	post-it bad con assess
POOL	7896	0.811525450	5,7,11,16	post-it bad con e-health
POOL	7897	0.811505962	2,5,7,12,16	poi tit bad kaya self
POOL	7898	0.811496959	3,4,9,13,16	put see t-back thus us
POOL	7899	0.811445224	3,7,13,16	book iqbal conscious else
POOL	7900	0.811400577	2,9,12,16	too t-back nina health
POOL	7901	0.811389296	2,5,8,9,12,16	pull trick deck ahh a self
POOL	7902	0.811382507	2,9,12,16	paul t-back nina self
POOL	7903	0.811359099	5,7,11,16	post-it bad khan assess
POOL	7904	0.811334161	2,4,8,12,16	oooh tea but ana self
POOL	7905	0.811331443	5,7,11,16	post-it buy cars assess
POOL	7906	0.811322308	5,7,11,16	post-it bad khan e-health
POOL	7907	0.811294652	5,7,11,16	post-it buy cars e-health
POOL	7908	0.811287999	2,9,12,16	two t-back nana self
POOL	7909	0.811263000	2,7,12,16	two t-back kata self
POOL	7910	0.811244188	3,5,8,11,13,16	ott eat bak sons us else
POOL	7911	0.811228386	3,6,8,11,12,16	books kitt at ons a self
POOL	7912	0.811218285	5,7,11,16	post-it bag cause assess
POOL	7913	0.811216699	5,7,11,16	petite bad cons assess
POOL	7914	0.811198270	2,7,12,16	two t-back karma self
POOL	7915	0.811181494	5,7,11,16	post-it bag cause e-health
POOL	7916	0.811179908	5,7,11,16	petite bad cons e-health
POOL	7917	0.811106739	3,8,11,13,16	took attack ons us elves
POOL	7918	0.811105074	3,6,11,16	put-on eat axons self
POOL	7919	0.811104080	2,9,12,16	two t-back nasa self
POOL	7920	0.811101984	3,7,11,16	put-on at-bat cars self
POOL	7921	0.811095342	2,4,9,12,16	beau tea t-back a sal
POOL	7922	0.811092076	3,5,7,10,13,16	took feat bad cod this else
POOL	7923	0.811082475	2,5,10,13,16	too tit baton thus delve
POOL	7924	0.811053600	2,7,12,16	two t-back cava self
POOL	7925	0.811035479	4,6,13,16	parti too conscious else
POOL	7926	0.811013537	3,7,13,16	book at-bat canvas else
POOL	7927	0.810994685	2,5,11,16	power tit batons health
POOL	7928	0.810957385	3,6,11,16	put-on eat add-on self
POOL	7929	0.810928057	4,11,12,16	pussy batons yeah self
POOL	7930	0.810915945	3,7,13,16	foot at-bat conscious else
POOL	7931	0.810894844	6,9,13,16	petite car nervous self
POOL	7932	0.810888688	2,9,12,16	two t-back anna self
POOL	7933	0.810810666	3,7,13,16	book at-bat conscious elf
POOL	7934	0.810735468	4,9,12,16	potty t-back a self
POOL	7935	0.810734608	2,8,11,12,16	spa t-back ons y'are self
POOL	7936	0.810727063	3,5,7,11,16	took eat bad conde offense
POOL	7937	0.810714129	6,9,13,16	petite cause nervous elf
POOL	7938	0.810706425	5,7,11,16	petite bad cause assess
POOL	7939	0.810702935	3,4,8,11,16	took way t-back car's self
POOL	7940	0.810680490	3,7,13,16	pushed at-bat kansas else
POOL	7941	0.810669733	4,7,13,16	pudding bad kata else
POOL	7942	0.810669634	5,7,11,16	petite bad cause e-health
POOL	7943	0.810664762	3,6,13,16	put-on shit conscious else
POOL	7944	0.810660129	5,7,11,16	post-it bag cars assess
POOL	7945	0.810632814	3,5,11,13,16	took eat ben's us well-off
POOL	7946	0.810625715	2,4,8,12,16	tue tea t-back pons self
POOL	7947	0.810623337	5,7,11,16	post-it bag cars e-health
POOL	7948	0.810616215	3,7,13,16	took at-bat conscious self
POOL	7949	0.810601802	3,7,13,16	part at-bat conscious else
POOL	7950	0.810590651	4,11,12,16	pussy batons air self
POOL	7951	0.810576942	6,9,13,16	petite ask nervous elf
POOL	7952	0.810509252	3,7,13,16	push at-bat kansas else
POOL	7953	0.810490786	4,11,12,16	putting batons a sell
POOL	7954	0.810467685	2,5,11,16	power take batons health
POOL	7955	0.810450140	2,5,8,9,13,16	coup tit bak ahh this val
POOL	7956	0.810430952	3,7,13,16	took at-bat causes else
POOL	7957	0.810428859	4,11,12,16	party batons a sell
POOL	7958	0.810423542	3,7,13,16	but at-bat conscious else
POOL	7959	0.810423516	5,9,11,16	potty back-up news self
POOL	7960	0.810391040	2,5,11,16	too tip batons assess
POOL	7961	0.810372700	3,7,13,16	pot at-bat conscious else
POOL	7962	0.810354249	2,5,11,16	too tip batons e-health
POOL	7963	0.810338210	2,5,11,16	power shit batons health
POOL	7964	0.810313635	2,5,11,16	pull tit batons assess
POOL	7965	0.810308757	2,5,11,16	push tit batons assess
POOL	7966	0.810305558	4,11,12,16	pussy batons see self
POOL	7967	0.810303025	4,7,12,16	putting bad kata self
POOL	7968	0.810295793	2,5,11,16	power tit beckons self
POOL	7969	0.810276843	2,5,11,16	pull tit batons e-health
POOL	7970	0.810271966	2,5,11,16	push tit batons e-health
POOL	7971	0.810251858	5,7,11,16	post-it bed cons assess
POOL	7972	0.810241098	4,7,12,16	party bad kata self
POOL	7973	0.810238295	4,7,12,16	putting bad karma self
POOL	7974	0.810219474	4,9,12,16	putin t-back a self
POOL	7975	0.810215067	5,7,11,16	post-it bed cons e-health
POOL	7976	0.810209032	3,7,13,16	took iqbal kansas else
POOL	7977	0.810187459	2,5,11,16	too keep batons assess
POOL	7978	0.810186073	6,9,13,16	petite act nervous elf
POOL	7979	0.810176369	4,7,12,16	party bad karma self
POOL	7980	0.810156908	2,9,12,16	to t-back nana self
POOL	7981	0.810154823	3,4,9,12,16	tout see t-back a self
POOL	7982	0.810150668	2,5,11,16	too keep batons e-health
POOL	7983	0.810148269	5,7,11,16	petite bad cars assess
POOL	7984	0.810131908	2,7,12,16	to t-back kata self
POOL	7985	0.810111477	5,7,11,16	petite bad cars e-health
POOL	7986	0.810093625	4,7,12,16	putting bad cava self
POOL	7987	0.810081972	6,9,13,16	petite acta nash else
POOL	7988	0.810067178	2,7,12,16	to t-back karma self
POOL	7989	0.810066559	4,9,12,16	pussy becca a self
POOL	7990	0.810064157	3,6,8,10,13,16	took eat at bond this else
POOL	7991	0.810052196	4,11,12,16	pussy batons a share
POOL	7992	0.810031698	4,7,12,16	party bad cava self
POOL	7993	0.810006423	2,5,8,10,13,16	pu tit bak are lush else
POOL	7994	0.809972988	2,9,12,16	to t-back nasa self
POOL	7995	0.809953106	4,8,11,12,16	p. t-back ons oh self
POOL	7996	0.809932187	6,9,13,16	petite at nervous health
POOL	7997	0.809922508	2,7,12,16	to t-back cava self
POOL	7998	0.809921387	3,6,8,10,13,16	took eat max are this else
POOL	7999	0.809907080	5,7,11,16	post-it ban cons assess
POOL	8000	0.809870289	5,7,11,16	post-it ban cons e-health
POOL	8001	0.809848232	3,7,13,16	book at-bat conscious self
POOL	8002	0.809824304	2,9,12,16	too t-back nana health
POOL	8003	0.809806234	2,9,12,16	paul t-back nana self
POOL	8004	0.809799304	2,7,12,16	too t-back kata health
POOL	8005	0.809786635	2,5,11,16	pull take batons assess
POOL	8006	0.809781758	2,5,11,16	push take batons assess
POOL	8007	0.809781234	2,7,12,16	paul t-back kata self
POOL	8008	0.809768793	2,5,11,16	power take beckons self
POOL	8009	0.809757597	2,9,12,16	to t-back anna self
POOL	8010	0.809751696	6,9,13,16	petite cause nervous self
POOL	8011	0.809749843	2,5,11,16	pull take batons e-health
POOL	8012	0.809746522	3,5,11,12,13,16	took eat benz add see else
POOL	8013	0.809744966	2,5,11,16	push take batons e-health
POOL	8014	0.809741584	5,7,11,16	post-it bed cause assess
POOL	8015	0.809734574	2,7,12,16	too t-back karma health
POOL	8016	0.809727326	5,7,11,16	post-it by cons assess
POOL	8017	0.809726857	3,7,13,16	taught at-bat conscious else
POOL	8018	0.809716504	2,7,12,16	paul t-back karma self
POOL	8019	0.809714518	6,9,13,16	petite aca thus elf
POOL	8020	0.809666883	5,7,11,12,16	post-it yeah cons a s.
POOL	8021	0.809662970	3,7,13,16	book at-bat causes else
POOL	8022	0.809657160	2,5,11,16	pull shit batons assess
POOL	8023	0.809655970	3,5,7,11,12,16	pap eat bad sun's a self
POOL	8024	0.809652283	2,5,11,16	push shit batons assess
POOL	8025	0.809640384	2,9,12,16	too t-back nasa health
POOL	8026	0.809639318	2,5,11,16	power shit beckons self
POOL	8027	0.809622314	2,9,12,16	paul t-back nasa self
POOL	8028	0.809620368	2,5,11,16	pull shit batons e-health
POOL	8029	0.809615491	2,5,11,16	push shit batons e-health
POOL	8030	0.809614508	6,9,13,16	petite ask nervous self
POOL	8031	0.809589904	2,7,12,16	too t-back cava health
POOL	8032	0.809574474	3,7,13,16	took at-bat kansas elf
POOL	8033	0.809571834	2,7,12,16	paul t-back cava self
POOL	8034	0.809567558	2,4,11,13,16	oooh tea batons ness eyre
POOL	8035	0.809538370	4,11,12,16	putting batons a cell
POOL	8036	0.809524656	3,7,13,16	took eat connoisseur s.
POOL	8037	0.809516715	3,4,7,11,16	putt mi tubby cons self
POOL	8038	0.809476444	4,11,12,16	party batons a cell
POOL	8039	0.809467062	2,5,10,13,16	pour tit beacon thus else
POOL	8040	0.809441050	3,7,13,16	book iqbal kansas else
POOL	8041	0.809438566	3,6,13,16	put-on bit conscious else
POOL	8042	0.809425775	3,6,13,16	put-on hit conscious else
POOL	8043	0.809424993	2,9,12,16	too t-back anna health
POOL	8044	0.809406922	2,9,12,16	paul t-back anna self
POOL	8045	0.809395211	4,11,12,16	pussy batons a shell
POOL	8046	0.809389070	2,8,11,13,16	bore t-back ons us an
POOL	8047	0.809321737	3,5,9,13,16	out eat backlog thus else
POOL	8048	0.809276989	3,7,11,16	put-on at-bat khan's self
POOL	8049	0.809223640	6,9,13,16	petite act nervous self
POOL	8050	0.809213167	3,5,7,10,13,16	took i bad cause vet else
POOL	8051	0.809143820	2,5,8,11,12,16	pull tete bak ons b self
POOL	8052	0.809127509	4,11,12,16	pussy batons uhh self
POOL	8053	0.809103243	4,11,13,16	pussy batons ass their
POOL	8054	0.809063215	2,5,11,16	power kit batons health
POOL	8055	0.809011427	3,7,13,16	pushed iba conscious else
POOL	8056	0.809002481	3,5,8,11,12,16	put eat bak ons a health
POOL	8057	0.808986702	3,7,13,16	put-on eat canvas else
POOL	8058	0.808973597	2,9,12,16	power t-back nah self
POOL	8059	0.808911771	3,7,13,16	foot at-bat kansas else
POOL	8060	0.808891030	5,11,13,16	post-it batons uhh else
POOL	8061	0.808883015	4,11,12,16	putting batons yeah self
POOL	8062	0.808850953	5,8,11,13,16	peat black ons us alpha
POOL	8063	0.808840189	3,7,13,16	push iba conscious else
POOL	8064	0.808821089	4,11,12,16	party batons yeah self
POOL	8065	0.808806491	3,7,13,16	book at-bat kansas elf
POOL	8066	0.808783831	3,7,13,16	put-on eat conscious elf
POOL	8067	0.808771627	3,6,7,10,12,16	pat eat a coll a self
POOL	8068	0.808755412	6,9,13,16	petite aca this elf
POOL	8069	0.808754994	4,8,11,12,16	puppy deck month a self
POOL	8070	0.808752084	6,9,13,16	petite aca thus self
POOL	8071	0.808741954	2,5,11,16	too eat batons assess
POOL	8072	0.808732621	2,6,8,10,12,16	pull tit acts are a self
POOL	8073	0.808730613	6,9,13,16	petite car nervous health
POOL	8074	0.808728986	3,5,9,13,16	took pete back-up niece else
POOL	8075	0.808706751	2,6,8,10,12,16	pull tit at dom a self
POOL	8076	0.808705162	2,5,11,16	too eat batons e-health
POOL	8077	0.808660588	3,6,13,16	put-on shit kansas else
POOL	8078	0.808652644	3,6,10,13,16	took eat cause thus selfie
POOL	8079	0.808641007	5,8,11,13,16	post-it black guns das else
POOL	8080	0.808630895	2,5,8,9,12,16	paul seek bak ahh a self
POOL	8081	0.808619919	4,8,11,16	porta t-back ons self
POOL	8082	0.808612040	3,7,13,16	took at-bat kansas self
POOL	8083	0.808611502	3,5,7,11,16	pop eat bad cons affaires
POOL	8084	0.808611380	2,5,11,16	too bit batons assess
POOL	8085	0.808603538	2,5,11,16	too sit batons assess
POOL	8086	0.808601812	4,9,12,16	pussy t-back nah self
POOL	8087	0.808597628	3,7,13,16	part at-bat kansas else
POOL	8088	0.808583218	2,5,11,16	too pit batons assess
POOL	8089	0.808574589	2,5,11,16	too bit batons e-health
POOL	8090	0.808566747	2,5,11,16	too sit batons e-health
POOL	8091	0.808564056	3,5,8,9,13,16	boat eat bak art this else
POOL	8092	0.808546427	2,5,11,16	too pit batons e-health
POOL	8093	0.808545609	4,11,12,16	putting batons air self
POOL	8094	0.808497178	3,7,11,16	put-on iba cons self
POOL	8095	0.808490094	6,9,13,16	petite ack novice else
POOL	8096	0.808483683	4,11,12,16	party batons air self
POOL	8097	0.808468954	4,8,10,13,16	ti t-back bonn thus else
POOL	8098	0.808467284	2,9,12,16	too t-back mana self
POOL	8099	0.808457338	5,7,11,12,16	post-it bad conde aff self
POOL	8100	0.808451983	3,7,13,16	took at-bat conscious health
POOL	8101	0.808450744	4,11,12,16	pussy batons a chef
POOL	8102	0.808450321	6,9,13,16	petite aca ness else
POOL	8103	0.808419368	3,7,13,16	but at-bat kansas else
POOL	8104	0.808397603	2,5,8,9,12,16	pop tit bak ahh inns self
POOL	8105	0.808382450	2,5,9,12,16	too tit back-up th'are hell
POOL	8106	0.808382164	2,5,11,16	pull kit batons assess
POOL	8107	0.808260516	4,11,12,16	putting batons see self
POOL	8108	0.808228852	4,11,12,16	pussy batons a help
POOL	8109	0.808202054	6,9,13,16	petite acta thus elf
POOL	8110	0.808198589	4,11,12,16	party batons see self
POOL	8111	0.808176936	4,7,12,16	pussy tell kata self
POOL	8112	0.808120866	4,11,12,16	pussy batons add self
POOL	8113	0.808112206	4,7,12,16	pussy tell karma self
POOL	8114	0.808101659	4,11,12,16	putty batons a sell
POOL	8115	0.808099258	3,5,7,10,13,16	took eat pad par this else
POOL	8116	0.808064001	2,5,10,12,13,16	pao tit benn a see else
POOL	8117	0.808045796	3,5,7,9,12,16	cut eat path car a self
POOL	8118	0.808021517	4,9,12,16	putting becca a self
POOL	8119	0.808008469	4,9,13,14,16	pussy back thus a laugh
POOL	8120	0.808007154	4,11,12,16	putting batons a share
POOL	8121	0.807986903	3,7,11,16	put-on iba cause self
POOL	8122	0.807967536	4,7,12,16	pussy tell cava self
POOL	8123	0.807965485	3,7,11,16	put-on at-bat comes self
POOL	8124	0.807959591	4,9,12,16	party becca a self
POOL	8125	0.807945227	4,11,12,16	party batons a share
POOL	8126	0.807913898	4,7,12,16	putty bad kata self
POOL	8127	0.807898514	2,9,12,16	pull t-back nina health
POOL	8128	0.807893637	2,9,12,16	push t-back nina health
POOL	8129	0.807866787	2,9,12,16	power t-back tha self
POOL	8130	0.807821397	3,6,13,16	put-on eat conscious self
POOL	8131	0.807792979	6,9,13,16	petite aca this self
POOL	8132	0.807791786	4,11,12,16	pussy batons a cells
POOL	8133	0.807782796	6,9,13,16	petite lack novice else
POOL	8134	0.807770535	4,11,12,16	pussy batons an self
POOL	8135	0.807770535	4,11,12,16	pussy batons as self
POOL	8136	0.807770535	4,11,12,16	pussy batons at self
POOL	8137	0.807769395	4,11,12,16	pussy batons eh self
POOL	8138	0.807651461	2,5,8,12,13,16	poor tit bak oz see else
POOL	8139	0.807619073	6,9,13,16	petite caught novice else
POOL	8140	0.807587464	6,9,13,16	petite cause nervous health
POOL	8141	0.807551424	2,6,10,12,16	too te action a self
POOL	8142	0.807548487	6,9,13,16	petite at novice elf
POOL	8143	0.807530393	3,7,11,13,16	baht eat cons us selfie
POOL	8144	0.807529440	2,4,8,12,16	too tea task cava self
POOL	8145	0.807522466	2,6,8,10,13,16	talk ib at are this else
POOL	8146	0.807495002	4,9,12,16	pussy t-back tha self
POOL	8147	0.807471710	4,8,11,12,16	pussy bok ron a self
POOL	8148	0.807454901	3,6,13,16	put-on it's conscious else
POOL	8149	0.807450277	6,9,13,16	petite ask nervous health
POOL	8150	0.807434392	3,6,13,16	put-on bit kansas else
POOL	8151	0.807430443	3,5,7,9,12,16	boot eek bad car a self
POOL	8152	0.807428747	3,7,11,16	put-on iba cars self
POOL	8153	0.807428692	5,9,11,16	post-it back-up sins self
POOL	8154	0.807421601	3,6,13,16	put-on hit kansas else
POOL	8155	0.807417305	2,9,12,16	power t-back a health
POOL	8156	0.807396588	6,9,13,16	petite aca mass else
POOL	8157	0.807381572	3,7,10,12,13,16	bot eat cause thus see else
POOL	8158	0.807354955	3,6,8,11,12,16	pep eat vat ons a self
POOL	8159	0.807350169	4,11,12,16	putting batons a shell
POOL	8160	0.807332681	3,5,11,13,16	brooke eat batons saw else
POOL	8161	0.807318567	3,7,11,12,16	pooh eat cut-in a self
POOL	8162	0.807291067	4,9,12,16	boy t-back nina self
POOL	8163	0.807288242	4,11,12,16	party batons a shell
POOL	8164	0.807272665	5,9,13,16	pickett back-up thus else
POOL	8165	0.807242949	6,9,13,16	petite acta this elf
POOL	8166	0.807239621	6,9,13,16	petite acta thus self
POOL	8167	0.807236289	2,6,8,12,16	talk twit at ana self
POOL	8168	0.807189257	3,4,7,10,12,16	spot a bad cause van self
POOL	8169	0.807149244	4,11,12,16	putty batons a cell
POOL	8170	0.807145577	3,6,7,12,16	took eat get carnal self
POOL	8171	0.807138076	2,5,8,11,16	oh tit black ons aswell
POOL	8172	0.807111566	3,6,8,11,12,16	took kit at ons and self
POOL	8173	0.807099315	3,4,8,11,16	brook tea t-back ons self
POOL	8174	0.807098805	6,9,13,16	petite at nervous air
POOL	8175	0.807082467	4,11,12,16	putting batons uhh self
POOL	8176	0.807081613	6,9,13,16	petite ack nervous elf
POOL	8177	0.807060858	3,5,9,11,16	took lit back-up burns self
POOL	8178	0.807059409	6,9,13,16	petite act nervous health
POOL	8179	0.807045520	4,9,12,16	pussy t-back a health
POOL	8180	0.807020541	4,11,12,16	party batons uhh self
POOL	8181	0.807000717	3,5,8,11,13,16	took et bak us us else
POOL	8182	0.806986334	6,9,13,16	petite aca nes else
POOL	8183	0.806974142	3,6,7,10,12,16	pick abe a cause a self
POOL	8184	0.806963091	2,5,10,13,16	too tet patten thus else
POOL	8185	0.806937858	6,9,13,16	petite acta ness else
POOL	8186	0.806925998	4,11,12,16	potty batons a sell
POOL	8187	0.806890834	3,6,8,10,13,16	took eat apt wan this else
POOL	8188	0.806879560	2,4,8,12,16	too tea t-back ahs help
POOL	8189	0.806837593	3,5,9,10,13,16	pack eat duck new this else
POOL	8190	0.806804419	3,6,13,16	took eat conscious well-off
POOL	8191	0.806779656	3,6,13,16	put-on eat kansas elf
POOL	8192	0.806742720	3,6,11,16	put-on shit icons self
POOL	8193	0.806723323	2,6,7,10,12,16	puig tit a cause a swells
POOL	8194	0.806587853	6,9,13,16	petite aca thus health
POOL	8195	0.806586054	6,9,13,16	petite at novice self
POOL	8196	0.806556770	4,9,12,16	putting t-back nah self
POOL	8197	0.806494844	4,9,12,16	party t-back nah self
POOL	8198	0.806493889	4,11,12,16	putty batons yeah self
POOL	8199	0.806467964	4,8,11,16	bookie t-back n.'s self
POOL	8200	0.806463772	2,6,8,10,12,16	pull tit at are nec self
POOL	8201	0.806448986	2,8,11,12,16	pug t-back ons a hal
POOL	8202	0.806443850	6,9,13,16	petite at nervous alf
POOL	8203	0.806410005	4,11,12,16	putin batons a sell
POOL	8204	0.806405702	4,11,12,16	putting batons a chef
POOL	8205	0.806343775	4,11,12,16	party batons a chef
POOL	8206	0.806322241	2,9,12,16	pull t-back nana health
POOL	8207	0.806317364	2,9,12,16	push t-back nana health
POOL	8208	0.806305111	4,7,11,16	pussy bear cons offense
POOL	8209	0.806297241	2,7,12,16	pull t-back kata health
POOL	8210	0.806292364	2,7,12,16	push t-back kata health
POOL	8211	0.806289515	2,5,9,10,12,16	pull tit banc seen a self
POOL	8212	0.806269964	3,8,11,12,13,16	took bec ons a who else
POOL	8213	0.806240789	3,7,11,16	put-on at-bat car self
POOL	8214	0.806232511	2,7,12,16	pull t-back karma health
POOL	8215	0.806231604	3,8,9,13,16	pork attack ahh thus else
POOL	8216	0.806227634	2,7,12,16	push t-back karma health
POOL	8217	0.806200479	4,7,10,16	pussy t-back come self
POOL	8218	0.806191208	2,5,9,12,16	pub tit back-up nez self
POOL	8219	0.806183810	4,11,12,16	putting batons a help
POOL	8220	0.806156483	4,11,12,16	putty batons air self
POOL	8221	0.806138321	2,9,12,16	pull t-back nasa health
POOL	8222	0.806133444	2,9,12,16	push t-back nasa health
POOL	8223	0.806087841	2,7,12,16	pull t-back cava health
POOL	8224	0.806082964	2,7,12,16	push t-back cava health
POOL	8225	0.806079259	2,9,12,16	too kickback nina self
POOL	8226	0.806067161	3,6,11,16	put-on shit axons self
POOL	8227	0.806042691	5,8,11,13,16	put better ons us else
POOL	8228	0.806036437	3,6,13,16	book eat conscious well-off
POOL	8229	0.805922929	2,9,12,16	pull t-back anna health
POOL	8230	0.805919471	3,6,11,16	put-on shit add-on self
POOL	8231	0.805918052	2,9,12,16	push t-back anna health
POOL	8232	0.805886128	3,7,11,16	put-on iqbal cons self
POOL	8233	0.805874025	3,5,9,13,16	took eat back-up rash ill
POOL	8234	0.805817223	3,6,13,16	put-on eat kansas self
POOL	8235	0.805767432	2,5,8,10,13,16	pull tit bak are this beth
POOL	8236	0.805761100	3,5,9,13,16	toot keep back-up thus else
POOL	8237	0.805714794	4,9,12,16	boy t-back nana self
POOL	8238	0.805657166	3,6,13,16	put-on eat conscious health
POOL	8239	0.805657140	3,6,8,10,13,16	took lib at arr this else
POOL	8240	0.805650502	4,8,11,16	pussy t-back ons elf
POOL	8241	0.805632391	4,9,12,16	putty becca a self
POOL	8242	0.805615243	2,5,8,11,16	too seat black ons ss
POOL	8243	0.805603753	3,7,11,16	put-on iba khan's self
POOL	8244	0.805600310	4,7,10,12,16	talkie bad cars a self
POOL	8245	0.805575904	2,5,8,9,12,16	pull kate bak yah a self
POOL	8246	0.805573359	4,9,12,16	pushed t-back nina self
POOL	8247	0.805543016	4,7,9,12,16	booking t'ang cot a self
POOL	8248	0.805538238	3,4,7,10,12,16	pull a bad com a self
POOL	8249	0.805530874	4,9,12,16	boy t-back nasa self
POOL	8250	0.805516524	3,6,11,16	put-on bit icons self
POOL	8251	0.805503733	3,6,11,16	put-on hit icons self
POOL	8252	0.805472674	2,9,12,16	took t-back nina health
POOL	8253	0.805460911	3,4,8,11,12,16	pots a basque ons a self
POOL	8254	0.805450727	3,6,13,16	put-on it's kansas else
POOL	8255	0.805449960	4,9,12,16	putting t-back tha self
POOL	8256	0.805424040	3,5,7,9,12,16	polk eat bad cha a self
POOL	8257	0.805403135	3,7,13,16	e-book eat conscious else
POOL	8258	0.805388547	2,9,12,16	too t-back nina sell
POOL	8259	0.805385159	3,5,8,9,13,16	paw eat bak ahh jas else
POOL	8260	0.805375853	3,7,11,16	put-on iqbal cause self
POOL	8261	0.805329088	2,6,8,12,16	too ib et ana self
POOL	8262	0.805321540	2,8,10,13,16	pos t-back are th'are else
POOL	8263	0.805223080	3,6,8,10,13,16	took eat at are thrash else
POOL	8264	0.805214447	3,5,8,11,13,16	took git bak ons us yell
POOL	8265	0.805206607	4,7,10,16	potty t-back car self
POOL	8266	0.805173623	3,6,13,16	put-on fit conscious else
POOL	8267	0.805140328	3,7,9,12,16	took eat car anja self
POOL	8268	0.805078580	3,6,13,16	put-on eat calmness else
POOL	8269	0.805063951	2,9,12,16	too t-back nina else
POOL	8270	0.805058779	2,5,9,12,16	pew deep back-up a self
POOL	8271	0.805025663	3,5,8,11,13,16	took t bass ons us else
POOL	8272	0.804962788	3,6,8,11,12,16	took beat at ons a felt
POOL	8273	0.804959196	2,5,8,11,12,16	pull pic bak ons a shan
POOL	8274	0.804952898	3,6,13,16	put-on at conscious else
POOL	8275	0.804951200	4,7,10,12,16	puri bad cause me self
POOL	8276	0.804889114	3,5,8,9,13,16	took eat bak ahh this meth
POOL	8277	0.804840965	3,6,11,16	put-on bit axons self
POOL	8278	0.804828174	3,6,11,16	put-on hit axons self
POOL	8279	0.804817697	3,7,11,16	put-on iqbal cars self
POOL	8280	0.804800244	3,6,13,16	took eat kansas well-off
POOL	8281	0.804723158	3,6,8,10,13,16	took tab sack are this else
POOL	8282	0.804693275	3,6,11,16	put-on bit add-on self
POOL	8283	0.804690614	4,7,10,16	putin t-back car self
POOL	8284	0.804680484	3,6,11,16	put-on hit add-on self
POOL	8285	0.804678836	3,5,9,13,15,16	took eat backed this air if
POOL	8286	0.804636888	2,4,6,10,16	too tea top add-on shelf
POOL	8287	0.804632546	5,8,11,12,13,16	twit bak was a see else
POOL	8288	0.804626760	3,6,13,16	put-on sit conscious else
POOL	8289	0.804603852	3,5,8,11,12,16	put eat bak ons a sell
POOL	8290	0.804586142	4,7,10,16	putty t-back con self
POOL	8291	0.804572852	3,6,13,16	put-on meet conscious else
POOL	8292	0.804566742	2,5,7,10,12,16	pull tit pac ahh a self
POOL	8293	0.804521619	3,5,9,10,13,16	took lit duc new this else
POOL	8294	0.804477986	2,7,12,16	too kickback kata self
POOL	8295	0.804444663	3,7,11,16	put-on at-bat con self
POOL	8296	0.804413256	2,7,12,16	too kickback karma self
POOL	8297	0.804404724	4,7,10,16	pussy bad cause themself
POOL	8298	0.804383000	4,7,10,16	putty t-back khan self
POOL	8299	0.804292249	3,7,11,16	put-on iba comes self
POOL	8300	0.804268586	2,7,12,16	too kickback cava self
POOL	8301	0.804246318	2,6,7,12,16	too tit a carr's yourself
POOL	8302	0.804241521	3,7,11,16	put-on at-bat khan self
POOL	8303	0.804238705	4,7,10,16	pussy t-back conn self
POOL	8304	0.804155437	4,7,10,16	putting t-back come self
POOL	8305	0.804120145	3,8,9,13,16	took attack knock thus else
POOL	8306	0.804045726	3,6,7,10,13,16	took eat cal on this else
POOL	8307	0.804038024	3,5,9,11,16	put eat baka news self
POOL	8308	0.804032262	3,6,13,16	book eat kansas well-off
POOL	8309	0.803968908	3,5,8,11,12,16	put eat bak ons a cell
POOL	8310	0.803939003	2,5,7,10,12,16	paws tit bad cause a scarce
POOL	8311	0.803920626	3,7,11,16	took at-bat cons assess
POOL	8312	0.803918570	2,5,8,11,12,16	foo tit bak ons ish self
POOL	8313	0.803883835	3,7,11,16	took at-bat cons e-health
POOL	8314	0.803883666	3,4,8,11,16	cook see t-back ons cel
POOL	8315	0.803871400	2,7,12,16	took t-back kata health
POOL	8316	0.803851014	2,8,11,13,16	pop t-back ons shaw alp
POOL	8317	0.803812652	6,7,13,16	petite a conscious loose
POOL	8318	0.803806671	2,7,12,16	took t-back karma health
POOL	8319	0.803787274	2,7,12,16	too t-back kata sell
POOL	8320	0.803745917	3,6,13,16	put-on shit conscious elf
POOL	8321	0.803722544	2,7,12,16	too t-back karma sell
POOL	8322	0.803709209	2,7,11,16	oh t-back cons affaires
POOL	8323	0.803701441	4,6,13,16	pussy eb conscious else
POOL	8324	0.803677590	4,7,10,16	pussy t-back kahn self
POOL	8325	0.803662001	2,7,12,16	took t-back cava health
POOL	8326	0.803658638	2,8,11,16	pa t-back ons affair
POOL	8327	0.803652992	3,6,13,16	put-on eat kansas health
POOL	8328	0.803577874	2,7,12,16	too t-back cava sell
POOL	8329	0.803540737	3,8,11,12,13,16	took tec ons ah see else
POOL	8330	0.803532859	3,6,11,16	put-on it's icons self
POOL	8331	0.803530845	3,6,11,16	took eat icons assess
POOL	8332	0.803494054	3,6,11,16	took eat icons e-health
POOL	8333	0.803462678	2,7,12,16	too t-back kata else
POOL	8334	0.803410482	4,7,10,16	potty t-back con self
POOL	8335	0.803410352	3,7,11,16	took at-bat cause assess
POOL	8336	0.803397948	2,7,12,16	too t-back karma else
POOL	8337	0.803375677	2,5,8,9,12,16	oh tit sack ahh a self
POOL	8338	0.803373561	3,7,11,16	took at-bat cause e-health
POOL	8339	0.803369848	3,5,7,13,16	tweet eat bags conscious else
POOL	8340	0.803253278	2,7,12,16	too t-back cava else
POOL	8341	0.803227779	4,7,11,16	pussy bad carr's selfie
POOL	8342	0.803207339	4,7,10,16	potty t-back khan self
POOL	8343	0.803169449	3,6,13,16	put-on fit kansas else
POOL	8344	0.803154907	4,7,13,16	pussy bad conscious stealth
POOL	8345	0.803152644	3,7,11,16	book at-bat cons assess
POOL	8346	0.803125936	3,6,13,16	put-on eat conscious well
POOL	8347	0.803115853	3,7,11,16	book at-bat cons e-health
POOL	8348	0.803004213	3,5,8,11,12,16	put eat bak ons a shell
POOL	8349	0.802992703	3,7,11,16	put-on iqbal khan's self
POOL	8350	0.802948723	3,6,13,16	put-on at kansas else
POOL	8351	0.802908215	4,7,10,12,16	pussy bad cause a tel
POOL	8352	0.802905136	3,5,8,11,12,16	put eat bak ons a else
POOL	8353	0.802894488	4,7,10,16	putin t-back con self
POOL	8354	0.802870637	3,7,11,16	put-on at-bat cons health
POOL	8355	0.802857300	3,6,11,16	put-on it's axons self
POOL	8356	0.802855286	3,6,11,16	took eat axons assess
POOL	8357	0.802852196	3,7,11,16	took at-bat cars assess
POOL	8358	0.802823785	3,6,13,16	put-on eat conscious air
POOL	8359	0.802818495	3,6,11,16	took eat axons e-health
POOL	8360	0.802815404	3,7,11,16	took at-bat cars e-health
POOL	8361	0.802804152	3,7,10,12,13,16	puck eat cause a sha else
POOL	8362	0.802792565	4,9,12,16	pussy t-back le self
POOL	8363	0.802783484	3,6,13,16	put-on shit conscious self
POOL	8364	0.802762863	3,6,11,16	book eat icons assess
POOL	8365	0.802735373	4,7,10,16	pussy bad car themself
POOL	8366	0.802726072	3,6,11,16	book eat icons e-health
POOL	8367	0.802709610	3,6,11,16	put-on it's add-on self
POOL	8368	0.802708372	3,6,7,10,12,16	took eat a cause a shear
POOL	8369	0.802707596	3,6,11,16	took eat add-on assess
POOL	8370	0.802697575	2,6,8,10,12,16	pull tit week yon a self
POOL	8371	0.802691346	4,7,10,16	putin t-back khan self
POOL	8372	0.802670805	3,6,11,16	took eat add-on e-health
POOL	8373	0.802642370	3,7,11,16	book at-bat cause assess
POOL	8374	0.802634559	3,4,9,12,16	took de- t-back ve self
POOL	8375	0.802622585	3,6,13,16	put-on sit kansas else
POOL	8376	0.802620899	4,7,11,12,16	pussy bad cons ur shen
POOL	8377	0.802605578	3,7,11,16	book at-bat cause e-health
POOL	8378	0.802568678	3,6,13,16	put-on meet kansas else
POOL	8379	0.802567552	3,7,11,16	put-on iba car self
POOL	8380	0.802519721	3,6,13,16	put-on bit conscious elf
POOL	8381	0.802506930	3,6,13,16	put-on hit conscious elf
POOL	8382	0.802480855	3,6,11,16	put-on eat icons health
POOL	8383	0.802470784	2,5,10,13,16	o. tit baton fish else
POOL	8384	0.802414879	3,4,7,10,12,16	took pea bad cause vet self
POOL	8385	0.802374568	3,5,8,11,12,16	put eat bak ons a chef
POOL	8386	0.802360362	3,7,11,16	put-on at-bat cause health
POOL	8387	0.802359682	4,7,10,16	putting bad cause themself
POOL	8388	0.802349970	4,7,10,16	pussy t-back can self
POOL	8389	0.802297756	4,7,10,16	party bad cause themself
POOL	8390	0.802193663	4,7,10,16	putting t-back conn self
POOL	8391	0.802178211	2,6,10,16	too t-top icon self
POOL	8392	0.802168830	3,6,13,16	put-on eat conscious alf
POOL	8393	0.802131737	4,7,10,16	party t-back conn self
POOL	8394	0.802087304	3,6,11,16	book eat axons assess
POOL	8395	0.802084213	3,7,11,16	book at-bat cars assess
POOL	8396	0.802050512	3,6,11,16	book eat axons e-health
POOL	8397	0.802047422	3,7,11,16	book at-bat cars e-health
POOL	8398	0.801958967	2,5,11,16	too state batons affair
POOL	8399	0.801939614	3,6,11,16	book eat add-on assess
POOL	8400	0.801902823	3,6,11,16	book eat add-on e-health
POOL	8401	0.801849400	4,8,10,13,16	pussy cuck far thus else
POOL	8402	0.801841572	4,7,10,16	took t-back cause themself
POOL	8403	0.801832488	2,6,8,12,16	too tut at mana self
POOL	8404	0.801805296	3,6,11,16	put-on eat axons health
POOL	8405	0.801802206	3,7,11,16	put-on at-bat cars health
POOL	8406	0.801787629	4,7,10,16	pussy bad cause thyself
POOL	8407	0.801772168	2,5,8,12,13,16	pull type bak ann's see else
POOL	8408	0.801766505	3,6,13,16	took shit conscious well-off
POOL	8409	0.801766311	4,7,10,16	putty t-back come self
POOL	8410	0.801741743	3,6,13,16	put-on shit kansas elf
POOL	8411	0.801737453	3,7,11,16	put-on whitby cons self
POOL	8412	0.801681199	3,7,11,16	put-on iqbal comes self
POOL	8413	0.801632548	4,7,10,16	putting t-back kahn self
POOL	8414	0.801616974	5,8,11,13,16	post-it zac son's us else
POOL	8415	0.801570621	4,7,10,16	party t-back kahn self
POOL	8416	0.801557288	3,6,13,16	put-on bit conscious self
POOL	8417	0.801556401	3,5,8,11,13,16	booed eat bak ons us eyre
POOL	8418	0.801544497	3,6,13,16	put-on hit conscious self
POOL	8419	0.801423982	4,7,10,16	pussy t-back kohn self
POOL	8420	0.801389194	3,7,11,16	put-on etta cons self
POOL	8421	0.801358870	3,5,8,11,12,16	put eat bak ons a share
POOL	8422	0.801301814	3,5,11,13,16	took eat batons shh bells'
POOL	8423	0.801296328	5,7,13,16	post-it big converse else
POOL	8424	0.801289805	2,8,10,13,16	too t-back maher ras else
POOL	8425	0.801251580	3,6,11,16	put-on fit icons self
POOL	8426	0.801227179	3,7,11,16	put-on whitby cause self
POOL	8427	0.801199408	5,11,13,16	picket batons if else
POOL	8428	0.801194133	2,6,8,12,16	too tit at ana ralph
POOL	8429	0.801125809	3,7,11,16	put-on eat cons assess
POOL	8430	0.801089018	3,7,11,16	put-on eat cons e-health
POOL	8431	0.801085031	3,4,8,11,12,16	took a tacked oars a self
POOL	8432	0.801073590	4,7,10,16	book t-back cause themself
POOL	8433	0.801030855	3,6,11,16	put-on at icons self
POOL	8434	0.801027201	3,7,11,16	took at-bat khan's assess
POOL	8435	0.800998523	3,6,13,16	book shit conscious well-off
POOL	8436	0.800990410	3,7,11,16	took at-bat khan's e-health
POOL	8437	0.800939247	4,7,10,16	pussy bad con themself
POOL	8438	0.800937344	3,6,10,13,16	pitt eat acta thus else
POOL	8439	0.800878920	3,7,11,16	put-on etta cause self
POOL	8440	0.800801967	5,7,13,16	post-it bad conscious less
POOL	8441	0.800771426	3,7,11,16	put-on iba con self
POOL	8442	0.800744692	3,5,9,11,16	po itch back-up news self
POOL	8443	0.800736105	4,7,10,16	pussy bad khan themself
POOL	8444	0.800704717	3,6,11,16	put-on sit icons self
POOL	8445	0.800704385	2,5,7,10,12,16	pull trick bad does a self
POOL	8446	0.800690331	4,7,10,16	putting bad car themself
POOL	8447	0.800669023	3,7,11,16	put-on whitby cars self
POOL	8448	0.800650810	3,6,11,16	put-on meet icons self
POOL	8449	0.800628405	4,7,10,16	party bad car themself
POOL	8450	0.800625963	2,6,10,16	too tit add-on themself
POOL	8451	0.800615535	3,7,11,16	put-on eat cause assess
POOL	8452	0.800600704	3,5,8,9,13,16	took pete banks ahh this else
POOL	8453	0.800590650	4,7,10,16	potty t-back come self
POOL	8454	0.800576021	3,6,11,16	put-on fit axons self
POOL	8455	0.800568284	3,7,11,16	put-on iba khan self
POOL	8456	0.800508133	3,7,11,16	put-on itty cons self
POOL	8457	0.800506400	3,5,8,11,12,16	put eat bak ons a cells
POOL	8458	0.800484502	3,5,11,13,16	took ape batons ann else
POOL	8459	0.800442066	2,6,8,10,12,16	pull kip at awe a self
POOL	8460	0.800428332	3,6,11,16	put-on fit add-on self
POOL	8461	0.800404041	2,6,10,16	too t-top cause themself
POOL	8462	0.800355296	3,6,11,16	put-on at axons self
POOL	8463	0.800304928	4,7,10,16	putting t-back can self
POOL	8464	0.800280977	4,7,10,12,16	pussy bad care eh self
POOL	8465	0.800268997	3,5,8,11,12,16	put eat bak ons a elf
POOL	8466	0.800248503	3,6,8,10,13,16	took rib at are verse else
POOL	8467	0.800233594	4,7,10,16	pussy tell cause themself
POOL	8468	0.800232343	4,8,10,13,16	petey sec are thus else
POOL	8469	0.800172221	4,7,10,16	took t-back car themself
POOL	8470	0.800118278	4,7,10,16	pussy bad car thyself
POOL	8471	0.800074657	4,7,10,16	putin t-back come self
POOL	8472	0.800057378	3,6,11,16	put-on eat cars assess
POOL	8473	0.800032101	2,6,8,10,12,16	pull tub lac are a self
POOL	8474	0.800029158	3,6,11,16	put-on sit axons self
POOL	8475	0.800020587	3,6,11,16	put-on eat cars e-health
POOL	8476	0.799975251	3,6,11,16	put-on meet axons self
POOL	8477	0.799970556	4,7,10,16	putty bad cause themself
POOL	8478	0.799969488	2,6,10,16	too shit add-on themself
POOL	8479	0.799881469	3,6,11,16	put-on sit add-on self
POOL	8480	0.799804537	4,7,10,16	putty t-back conn self
POOL	8481	0.799742587	4,7,10,16	putting bad cause thyself
POOL	8482	0.799720139	5,8,11,13,16	post-it whack ons bath else
POOL	8483	0.799630763	2,5,8,10,13,16	bois tit bak carr this else
POOL	8484	0.799507903	2,5,8,10,13,16	pull see bak are this hell
POOL	8485	0.799448805	4,7,13,16	pussy bad kata wealth
POOL	8486	0.799313987	5,9,11,16	booklet back-up men self
POOL	8487	0.799031873	3,8,11,13,16	took attack ons mass. eyre
POOL	8488	0.798959928	2,5,8,9,12,16	bow tit bak hon a self
POOL	8489	0.798864266	2,5,10,12,13,16	pull tit coz zee see else
POOL	8490	0.798835025	4,9,13,14,16	pussy back mass. a laugh
POOL	8491	0.798821582	5,8,11,13,16	post-it black tons us mel
POOL	8492	0.798794839	2,6,8,12,16	too tit yeah amma self
POOL	8493	0.798744604	2,5,8,10,13,16	pull fit bloc are this else
POOL	8494	0.798736564	3,5,7,13,16	took et bad conscious arse
POOL	8495	0.798734690	2,6,10,16	too t-top car themself
POOL	8496	0.798694492	2,6,10,16	too kit add-on themself
POOL	8497	0.798676147	2,6,10,16	pull t-top icon self
POOL	8498	0.798675607	2,8,10,13,16	pla t-back are thus chef
POOL	8499	0.798671270	2,6,10,16	push t-top icon self
POOL	8500	0.798640398	2,6,10,16	power t-top con self
POOL	8501	0.798605665	4,11,15,16	pussy batons sell offs
POOL	8502	0.798593150	3,8,9,13,16	cut attack ahh neff else
POOL	8503	0.798586376	3,6,8,10,13,16	pope eat at men this else
POOL	8504	0.798553632	4,7,10,12,16	pussy bea cause tho self
POOL	8505	0.798514380	3,6,8,10,13,16	took eke at are this else
POOL	8506	0.798492932	3,6,11,16	took shit icons assess
POOL	8507	0.798491667	5,8,11,12,13,16	put bak ons is see else
POOL	8508	0.798456141	3,6,11,16	took shit icons e-health
POOL	8509	0.798453785	2,5,11,16	too tit batons affaires
POOL	8510	0.798437255	2,6,10,16	power t-top khan self
POOL	8511	0.798432308	3,4,7,10,12,16	could em bad cause a self
POOL	8512	0.798403688	3,5,8,11,12,16	put eat bak ons a shells
POOL	8513	0.798395791	2,4,8,12,16	pol at bad ana self
POOL	8514	0.798305961	5,8,11,13,16	post-it black ons wish helps
POOL	8515	0.798291191	3,5,8,11,12,16	put eat bak ons a hell
POOL	8516	0.798232384	3,6,11,16	put-on eat khan's assess
POOL	8517	0.798222210	3,5,9,12,15,16	took eat bock a sell if
POOL	8518	0.798152341	3,5,8,11,12,16	put eat bak ons a fell
POOL	8519	0.798132601	6,11,13,16	petite connors f. else
POOL	8520	0.798107156	4,7,10,12,16	pussy ke caught a self
POOL	8521	0.798078615	3,5,11,13,16	buck eight batons us else
POOL	8522	0.798074617	3,8,9,13,16	took outback us thus else
POOL	8523	0.798008868	2,6,10,16	too tit add-on thyself
POOL	8524	0.797928589	3,5,8,11,12,16	put eat bak ons a sense
POOL	8525	0.797786946	2,6,10,16	too t-top cause thyself
POOL	8526	0.797738057	3,5,7,13,16	took sid bin conscious else
POOL	8527	0.797696351	4,9,12,16	doughty t-back news self
POOL	8528	0.797643222	3,5,8,11,12,16	put eat bak ons a help
POOL	8529	0.797619163	4,9,11,16	pussy t-back ins stealth
POOL	8530	0.797614226	3,5,11,13,16	tossed eat batons us f.'s
POOL	8531	0.797511486	3,5,8,11,12,16	put eat bak ons a sells
POOL	8532	0.797370036	3,5,8,11,13,16	balk b. bak ons us else
POOL	8533	0.797352394	2,6,10,16	too shit add-on thyself
POOL	8534	0.797336360	5,7,13,16	pickett bye conscious else
POOL	8535	0.797317770	2,6,10,16	too tip add-on themself
POOL	8536	0.797183049	3,6,8,11,12,16	pop eat at ons a fairs
POOL	8537	0.797149209	5,9,13,16	phuket back-up mess else
POOL	8538	0.797123900	2,6,10,16	pull tit add-on themself
POOL	8539	0.797119023	2,6,10,16	push tit add-on themself
POOL	8540	0.797095317	2,6,10,16	power pit add-on self
POOL	8541	0.797061038	3,4,7,10,12,16	bat a bare cause a self
POOL	8542	0.796938564	2,6,10,16	too t-top con themself
POOL	8543	0.796901978	2,6,10,16	pull t-top cause themself
POOL	8544	0.796897100	2,6,10,16	push t-top cause themself
POOL	8545	0.796846055	3,5,8,11,12,16	put eat back ons a self
POOL	8546	0.796812781	2,6,10,16	power tick add-on self
POOL	8547	0.796735422	2,6,10,16	too t-top khan themself
POOL	8548	0.796467425	2,6,10,16	pull shit add-on themself
POOL	8549	0.796462548	2,6,10,16	push shit add-on themself
POOL	8550	0.796456714	4,8,11,12,16	pussy pec ons yeh self
POOL	8551	0.796397929	2,6,8,10,12,16	aux tit at are a self
POOL	8552	0.796368525	3,5,7,11,16	pak eat bad condor self
POOL	8553	0.796330532	3,5,8,11,12,16	put eat bak ons a sel
POOL	8554	0.796250307	2,6,10,16	took t-top icon self
POOL	8555	0.796186668	3,5,8,11,12,16	put eat bak ons a cel
POOL	8556	0.796165413	4,9,12,13,16	pushy back th'are see else
POOL	8557	0.796137948	2,5,10,13,16	too thai baton thence else
POOL	8558	0.796125930	3,5,9,12,15,16	talk eat pak a sell if
POOL	8559	0.796117595	2,6,10,16	too t-top car thyself
POOL	8560	0.796077398	2,6,10,16	too kit add-on thyself
POOL	8561	0.796064291	2,5,10,13,16	ohh d. baton thus else
POOL	8562	0.795966495	2,6,8,10,12,16	app tit at e'en a self
POOL	8563	0.795942340	2,6,8,10,13,16	pull it mack are this else
POOL	8564	0.795902803	3,6,8,10,13,16	pao eat at are this else
POOL	8565	0.795790628	2,5,9,12,16	pa teach aca a self
POOL	8566	0.795621729	2,5,7,12,16	too tit bad tanya fence
POOL	8567	0.795552219	2,6,10,16	too eat add-on themself
POOL	8568	0.795500375	3,5,8,11,12,16	put eat bak ons a seth
POOL	8569	0.795482325	2,6,10,16	book t-top icon self
POOL	8570	0.795413803	2,6,10,16	too sit add-on themself
POOL	8571	0.795393484	2,6,10,16	too pit add-on themself
POOL	8572	0.795338824	2,5,8,10,13,16	cooke taught bak are this else
POOL	8573	0.795301639	2,6,10,16	paw t-top icon self
POOL	8574	0.795234073	5,11,13,16	post-it axons ass tell
POOL	8575	0.795232626	2,6,10,16	pull t-top car themself
POOL	8576	0.795227749	2,6,10,16	push t-top car themself
POOL	8577	0.795192429	2,6,10,16	pull kit add-on themself
POOL	8578	0.795187552	2,6,10,16	push kit add-on themself
POOL	8579	0.795118942	2,5,10,13,16	pos tit baton thus els
POOL	8580	0.795110947	2,6,10,16	too tick add-on themself
POOL	8581	0.795104585	5,7,11,16	booklet bad cons itself
POOL	8582	0.794983906	2,6,8,10,12,16	pull tek at are a self
POOL	8583	0.794923325	3,5,8,11,12,16	put eat bak ons a shares
POOL	8584	0.794787048	2,6,10,16	power tit icon self
POOL	8585	0.794732893	6,11,13,16	petite exxon ass wealth
POOL	8586	0.794700675	2,6,10,16	too tip add-on thyself
POOL	8587	0.794698059	2,6,10,16	took tit add-on themself
POOL	8588	0.794590083	2,6,10,16	too pick add-on themself
POOL	8589	0.794564208	5,8,11,13,16	pussy at news us else
POOL	8590	0.794506805	2,6,10,16	pull tit add-on thyself
POOL	8591	0.794505359	3,5,8,11,12,16	put eat bak ons a alf
POOL	8592	0.794501928	2,6,10,16	push tit add-on thyself
POOL	8593	0.794487705	3,6,11,12,16	took litt cons a selfish
POOL	8594	0.794476137	2,6,10,16	took t-top cause themself
POOL	8595	0.794475792	3,8,9,13,16	took attack ahh thus filth
POOL	8596	0.794416056	3,6,8,11,12,16	bode eat at hahn a self
POOL	8597	0.794409733	3,5,8,11,12,16	put eat bak ons a tell
POOL	8598	0.794342128	2,6,10,16	two t-top icon self
POOL	8599	0.794324666	2,6,10,16	too tit add-on giselle
POOL	8600	0.794321469	2,6,10,16	too t-top con thyself
POOL	8601	0.794284883	2,6,10,16	pull t-top cause thyself
POOL	8602	0.794255210	4,7,10,12,16	pity bhatt care a self
POOL	8603	0.794175968	3,5,8,11,12,16	put eat bak ons a stealth
POOL	8604	0.794145188	3,5,8,11,12,16	put eat bak ons a sal
POOL	8605	0.794138301	4,8,10,13,16	pussy duc are rush else
POOL	8606	0.793944800	2,7,13,16	poe t-back cava el
POOL	8607	0.793838371	2,5,8,10,13,16	doo tit blacks' are this else
POOL	8608	0.793825710	2,5,11,12,16	too tit batons ca hal
POOL	8609	0.793726334	3,7,10,13,16	punta eat cause thus hell
POOL	8610	0.793524098	4,11,12,16	bookie batons in. self
POOL	8611	0.793484136	3,5,9,13,16	soot eat back-up thus heirs
POOL	8612	0.793412263	2,6,8,10,12,16	pause kitt at are a self
POOL	8613	0.793394618	3,6,7,10,12,16	bout eat a cause a wealth
POOL	8614	0.793252356	2,5,8,10,13,16	boo tit bak are this mal
POOL	8615	0.793100694	4,9,12,13,16	pushy back a see else
POOL	8616	0.793090087	3,5,8,11,12,16	put eat bak ons a cher
POOL	8617	0.792972885	5,9,11,16	audit bangkok news self
POOL	8618	0.792940463	5,7,11,12,16	post-it bad cons eng sheer
POOL	8619	0.792886719	3,5,8,11,12,16	put eat bak ons a says
POOL	8620	0.792869495	2,6,8,10,12,16	pol tit at are vid self
POOL	8621	0.792772607	3,5,9,12,15,16	took eat ka nya sell if
POOL	8622	0.792755847	2,6,8,12,16	could pic ad ana self
POOL	8623	0.792725517	3,5,8,11,12,16	put eat bak ons a fair
POOL	8624	0.792565390	4,6,11,16	pudding sub exxon self
POOL	8625	0.792558732	3,6,8,10,13,16	booked eat at are necks else
POOL	8626	0.792539525	2,4,8,12,16	too tea stack ana hal
POOL	8627	0.792471282	3,7,10,12,13,16	took eat kos a cee else
POOL	8628	0.792460392	3,5,8,11,12,16	put eat bak ons a felt
POOL	8629	0.792399945	3,5,8,11,12,16	put eat bak ons a saith
POOL	8630	0.792379194	5,7,13,16	post-it bad cava s
POOL	8631	0.791978304	4,7,13,16	pudding bad kata wealth
POOL	8632	0.791898977	3,5,8,11,12,16	put eat bak ons a hair
POOL	8633	0.791895106	3,4,8,11,16	took see dak ons lasalle
POOL	8634	0.791848427	4,8,11,16	cookie t-back ons shall
POOL	8635	0.791848130	4,8,11,12,16	pussy beak ons a theft
POOL	8636	0.791696646	6,7,11,16	petite eye tons offence
POOL	8637	0.791521562	3,6,7,10,12,16	took ebb a cause a hell's
POOL	8638	0.791370946	3,4,7,10,12,16	took a ca cam a self
POOL	8639	0.791336178	3,8,11,13,16	pad attack ons itch else
POOL	8640	0.791291955	2,9,12,16	boss' t-back mirza self
POOL	8641	0.791289957	2,5,9,12,15,16	talk tit back a sell if
POOL	8642	0.791256281	3,5,8,11,12,16	put eat bak ons a shelves
POOL	8643	0.791086427	4,7,13,16	pussy bae conscious fair
POOL	8644	0.790740093	3,6,8,11,16	took it'd as ons self
POOL	8645	0.790421594	3,7,11,12,16	took eat commies f self
POOL	8646	0.790405525	5,8,11,13,16	post-it ex ons us cells
POOL	8647	0.790336383	3,5,8,11,12,16	put eat bak ons a celts
POOL	8648	0.790307087	3,5,8,11,12,16	put eat bak ons a fel
POOL	8649	0.790300953	2,5,8,12,13,16	pull tit act on see else
POOL	8650	0.790256535	5,11,13,16	ported batons ass el
POOL	8651	0.790195014	3,5,8,11,12,16	put eat bak ons a filth
POOL	8652	0.790179374	3,5,8,11,12,16	put eat bak ons a helps
POOL	8653	0.790161485	3,5,7,13,16	bots eat bad conscious cal
POOL	8654	0.790045633	3,5,8,11,12,16	put eat bak ons a air
POOL	8655	0.789837711	2,6,8,12,16	too tit at garza seal
POOL	8656	0.789823092	3,5,8,11,12,16	put eat bak ons a shall
POOL	8657	0.789794749	5,7,11,16	post-it banner calls self
POOL	8658	0.789691351	6,9,13,16	petite hack enos else
POOL	8659	0.789688905	2,4,9,11,12,16	a a back news a self
POOL	8660	0.789658360	3,5,8,9,13,16	booked eat bak ahh this an
POOL	8661	0.789644881	4,6,11,16	pussy cobb cons ethel
POOL	8662	0.789588979	2,8,11,12,16	too t-back ons ha f.
POOL	8663	0.789477503	3,5,8,11,12,16	put eat bak ons a smell
POOL	8664	0.789416775	5,7,11,16	post-it bad connors alf
POOL	8665	0.789027343	3,5,8,11,12,16	put eat bak ons a shelf
POOL	8666	0.788970661	2,9,13,16	pawn t-back nauseous l
POOL	8667	0.788951244	4,7,11,16	patti ben cons ss
POOL	8668	0.788941674	3,5,8,11,12,16	put eat bak ons a spell
POOL	8669	0.788899725	3,5,8,11,12,16	put eat bak ons a shelved
POOL	8670	0.788890652	3,5,8,11,12,16	put eat bak ons a l.'s
POOL	8671	0.788792197	5,7,11,16	post-it ben car's selfie
POOL	8672	0.788683763	3,5,8,11,12,16	put eat bak ons a staff
POOL	8673	0.788683517	3,4,8,11,16	took see t-back arne shelf
POOL	8674	0.788645057	3,5,8,11,12,16	put eat bak ons a selves
POOL	8675	0.788574348	4,11,12,16	pussy batons a seals
POOL	8676	0.788369180	5,11,13,16	post-it batons death n.'s
POOL	8677	0.788308965	3,5,8,11,16	put eat bak ons assess
POOL	8678	0.788232755	3,5,8,11,12,16	put eat bak ons a al
POOL	8679	0.788186268	3,5,8,11,12,16	put eat bak ons a sas
POOL	8680	0.788143088	4,9,12,13,16	pussy back a s else
POOL	8681	0.787965872	3,5,8,11,12,16	put eat bak ons a schiff
POOL	8682	0.787937180	4,11,15,16	pussy batons cher f.'s
POOL	8683	0.787844908	3,5,8,11,12,16	put eat bak ons a fare
POOL	8684	0.787766258	4,7,13,16	pussy tube cava el
POOL	8685	0.787751510	3,5,8,11,12,16	put eat bak ons a el
POOL	8686	0.787739085	3,5,8,11,12,16	put eat bak ons a chefs
POOL	8687	0.787724248	3,5,8,11,12,16	put eat bak ons a seal
POOL	8688	0.787705709	3,5,8,11,12,16	put eat bak ons a shalt
POOL	8689	0.787696559	2,5,9,10,12,16	pole tit backed new a self
POOL	8690	0.787653798	3,5,8,11,12,16	put eat bak ons a hal
POOL	8691	0.787413605	2,5,9,12,16	per tit becky a self
POOL	8692	0.787235162	3,5,8,11,12,16	put eat bak ons a fells
POOL	8693	0.787117524	3,5,8,11,12,16	put eat bak ons a solve
POOL	8694	0.787052994	3,5,8,11,12,16	put eat bak ons a l
POOL	8695	0.787049186	3,5,8,11,12,16	put eat bak ons a elle
POOL	8696	0.787039517	3,5,8,11,12,16	put eat bak ons a hells
POOL	8697	0.787038433	5,7,13,16	post-it bass conscious calf
POOL	8698	0.786993730	3,5,8,11,12,16	put eat bak ons a fence
POOL	8699	0.786959450	2,7,12,16	pulls t-back tonya self
POOL	8700	0.786945522	2,6,8,12,16	cao tit at ana shares'
POOL	8701	0.786933025	3,5,8,11,12,16	put eat bak ons a shill
POOL	8702	0.786926951	3,5,8,11,12,16	put eat bak ons a eff
POOL	8703	0.786921791	2,5,11,16	pooh tit batons lasalle
POOL	8704	0.786870146	3,5,8,11,12,16	put eat back ons a health
POOL	8705	0.786856398	3,5,8,11,12,16	put eat bak ons a wealth
POOL	8706	0.786832268	3,5,8,11,16	put eat bak ons e-health
POOL	8707	0.786823852	3,5,8,11,12,16	put eat bak ons a phelps
POOL	8708	0.786713268	3,5,8,11,12,16	put eat bak ons a sass
POOL	8709	0.786604777	3,5,8,11,12,16	put eat bak ons a fill
POOL	8710	0.786600462	4,9,11,16	pussy tek ins affair
POOL	8711	0.786580353	4,11,13,16	pussy batons eat heirs
POOL	8712	0.786573746	3,6,7,12,16	pep eat abbey cons self
POOL	8713	0.786559837	3,5,8,11,12,16	put eat bak ons a tells
POOL	8714	0.786462954	3,5,11,13,16	took b batons us def
POOL	8715	0.786456700	3,5,8,11,12,16	put eat bak ons a scarce
POOL	8716	0.786358216	3,5,8,11,12,16	put eat bak ons a f
POOL	8717	0.786336032	3,5,8,11,12,16	put eat bak ons a sill
POOL	8718	0.786306597	4,8,11,16	pussy setback odds self
POOL	8719	0.786304994	3,5,8,11,12,16	put eat bak ons a sil
POOL	8720	0.786250889	3,5,8,11,12,16	put eat bak ons a hence
POOL	8721	0.786230321	3,5,8,11,12,16	put eat bak ons a swell
POOL	8722	0.786204963	3,5,8,11,12,16	put eat bak ons a sash
POOL	8723	0.786192147	3,5,8,11,12,16	put eat bak ons a halle
POOL	8724	0.786115445	3,5,8,11,12,16	put eat bak ons a theft
POOL	8725	0.785979949	3,5,8,11,12,16	put eat bak ons a shelled
POOL	8726	0.785731999	3,5,8,11,12,16	put eat bak ons a ell
POOL	8727	0.785723140	3,5,8,11,12,16	put eat bak ons a s
POOL	8728	0.785715704	3,5,8,11,12,16	put eat bak ons a chair
POOL	8729	0.785638523	3,5,8,11,12,16	put eat bak ons a shared
POOL	8730	0.785621958	3,6,8,11,12,16	took ek at was a self
POOL	8731	0.785580922	3,5,8,11,12,16	put eat bak ons a steph
POOL	8732	0.785577326	3,5,8,11,12,16	put eat bak ons a helm
POOL	8733	0.785554238	3,5,8,11,12,16	put eat bak ons a tel
POOL	8734	0.785544502	3,5,7,11,12,16	taunt eat bad cons on self
POOL	8735	0.785478060	6,7,13,16	petite sang conscious heir
POOL	8736	0.785429403	3,5,8,11,12,16	put eat bak ons a hare
POOL	8737	0.785352515	3,5,8,11,12,16	put eat bak ons a ralph
POOL	8738	0.785337361	3,5,8,11,12,16	put eat bak ons a phil
POOL	8739	0.785329396	5,7,11,16	potty better cans self
POOL	8740	0.785324719	3,5,8,11,12,16	put eat bak ons a sen
POOL	8741	0.785280490	5,9,11,16	post-it buck news ansel
POOL	8742	0.785248261	3,5,8,11,12,16	put eat bak ons a faire
POOL	8743	0.785150164	3,5,8,11,12,16	put eat bak ons a ulf
POOL	8744	0.785003724	6,7,13,16	petite i. cava el
POOL	8745	0.784985586	5,9,11,16	post-it becky nurse self
POOL	8746	0.784892225	5,9,11,16	phuket back-up news seth
POOL	8747	0.784816801	3,5,8,11,12,16	put eat bak ons a sheer
POOL	8748	0.784814898	3,5,8,11,12,16	put eat bak ons a smells
POOL	8749	0.784573314	2,5,10,12,13,16	pull teach back a see else
POOL	8750	0.784542758	3,5,8,11,12,16	put eat bak ons a shaft
POOL	8751	0.784447561	3,5,8,11,12,16	put eat bak ons a sul
POOL	8752	0.784447279	3,5,8,11,12,16	put eat bak ons a valve
POOL	8753	0.784436763	3,5,8,11,12,16	put eat bak ons a slough
POOL	8754	0.784293217	3,5,8,11,12,16	put eat bak ons a shen
POOL	8755	0.784283611	3,5,8,11,12,16	put eat bak ons a thief
POOL	8756	0.784222854	3,5,8,11,12,16	put eat bak ons a fess
POOL	8757	0.784203719	3,5,8,11,12,16	put eat bak ons a hess
POOL	8758	0.784062143	3,5,8,11,12,16	put eat bak ons a herr
POOL	8759	0.784046011	3,5,8,11,12,16	put eat bak ons a spells
POOL	8760	0.783941858	3,5,8,11,12,16	put eat bak ons a snell
POOL	8761	0.783914147	3,5,8,11,12,16	put eat bak ons a fierce
POOL	8762	0.783907523	3,5,8,11,12,16	put eat bak ons a fares
POOL	8763	0.783891352	3,5,8,11,12,16	put eat bak ons a half
POOL	8764	0.783834188	3,5,8,11,16	put eat bak ons itself
POOL	8765	0.783710301	3,5,8,11,12,16	put eat bak ons a sheaf
POOL	8766	0.783492457	3,5,8,11,12,16	put eat bak ons a e'er
POOL	8767	0.783403040	3,5,8,11,16	put eat bak ons affair
POOL	8768	0.783331400	3,5,8,11,12,16	put eat bak ons a hesse
POOL	8769	0.783288942	3,5,8,11,12,16	put eat bak ons a hath
POOL	8770	0.783216758	3,5,8,11,12,16	put eat bak ons a seals
POOL	8771	0.783200624	3,5,8,11,12,16	put eat bak ons a fairs
POOL	8772	0.783125699	3,5,8,11,12,16	put eat bak ons a celled
POOL	8773	0.783009945	3,5,8,11,12,16	put eat bak ons a hairs
POOL	8774	0.782935316	3,5,8,11,12,16	put eat bak ons a sills
POOL	8775	0.782840783	3,5,8,11,12,16	put eat bak ons a chess
POOL	8776	0.782813869	3,6,8,10,13,16	took eat at are this arse
POOL	8777	0.782765033	3,5,8,11,12,16	put eat bak ons a shear
POOL	8778	0.782648366	3,5,8,11,16	put eat bak ons affairs
POOL	8779	0.782494585	3,5,8,11,12,16	put eat bak ons a els
POOL	8780	0.782471517	3,5,8,11,12,16	put eat back ons a sell
POOL	8781	0.782343377	3,5,8,11,12,16	put eat bak ons a sis
POOL	8782	0.782331890	3,5,8,11,12,16	put eat bak ons a heir
POOL	8783	0.782232327	3,5,8,11,12,16	put eat bak ons a cis
POOL	8784	0.782177634	3,5,8,11,12,16	put eat bak ons a nell
POOL	8785	0.782052966	3,5,8,11,12,16	put eat bak ons a sith
POOL	8786	0.781941858	3,5,8,11,12,16	put eat bak ons a nel
POOL	8787	0.781836573	3,5,8,11,12,16	put eat back ons a cell
POOL	8788	0.781733175	3,5,8,11,12,16	put eat bak ons a ef
POOL	8789	0.781720165	3,5,8,11,12,16	put eat bak ons a swells
POOL	8790	0.781612438	3,5,8,11,12,16	put eat bak ons a fil
POOL	8791	0.781534002	3,5,8,11,12,16	put eat bak ons a aff
POOL	8792	0.781519361	3,5,8,11,12,16	put eat bak ons a scythe
POOL	8793	0.781324235	3,5,8,11,16	put eat bak ons offense
POOL	8794	0.781234909	3,5,8,11,12,16	put eat bak ons a cen
POOL	8795	0.781088641	3,5,8,11,12,16	put eat bak ons a sheath
POOL	8796	0.780998854	3,5,8,11,12,16	put eat bak ons a synth
POOL	8797	0.780996610	3,5,8,11,12,16	put eat bak ons a chaff
POOL	8798	0.780963213	3,5,8,11,12,16	put eat bak ons a neff
POOL	8799	0.780871878	3,5,8,11,12,16	put eat back ons a shell
POOL	8800	0.780787750	3,5,8,11,12,16	put eat bak ons a thiel
POOL	8801	0.780772802	3,5,8,11,12,16	put eat back ons a else
POOL	8802	0.780766671	3,5,8,11,12,16	put eat bak ons a elm
POOL	8803	0.780676041	3,5,8,11,12,16	put eat bak ons a err
POOL	8804	0.780672362	5,9,13,16	post-it pecan ras else
POOL	8805	0.780647283	3,8,11,13,16	took attack on this else
POOL	8806	0.780644164	3,5,8,11,12,16	put eat bak ons a knell
POOL	8807	0.780632426	3,5,8,11,12,16	put eat bak ons a scheer
POOL	8808	0.780571352	2,6,8,10,12,16	a tit rank are a self
POOL	8809	0.780496600	3,5,8,11,12,16	put eat bak ons a shep
POOL	8810	0.780356013	3,5,8,11,16	put eat bak ons selfie
POOL	8811	0.780278780	3,5,8,11,12,16	put eat bak ons a sez
POOL	8812	0.780242233	3,5,8,11,12,16	put eat back ons a chef
POOL	8813	0.780232527	3,5,8,11,12,16	put eat bak ons a shan
POOL	8814	0.780042144	3,6,8,10,13,16	opt ish at are this else
POOL	8815	0.779989773	3,5,8,11,12,16	put eat bak ons a hares
POOL	8816	0.779934656	3,5,8,11,16	put eat bak ons offence
POOL	8817	0.779918954	3,5,8,11,12,16	put eat bak ons a ere
POOL	8818	0.779891747	3,5,8,11,12,16	put eat bak ons a eyre
POOL	8819	0.779810450	3,5,8,11,12,16	put eat bak ons a silks
POOL	8820	0.779398729	2,6,8,10,12,16	beau tit at are a shells
POOL	8821	0.779387249	5,11,13,16	audit axons ass tell
POOL	8822	0.779314394	3,5,8,11,12,16	put eat bak ons a ess
POOL	8823	0.779280517	3,5,8,11,12,16	put eat bak ons a sear
POOL	8824	0.779226535	3,5,8,11,12,16	put eat back ons a share
POOL	8825	0.779214103	4,9,11,16	pussy back news affair
POOL	8826	0.779047699	3,5,8,11,12,16	put eat bak ons a sleuth
POOL	8827	0.779020739	3,5,8,11,12,16	put eat bak ons a staph
POOL	8828	0.778944396	3,5,8,11,12,16	put eat bak ons a shem
POOL	8829	0.778759769	3,5,8,11,12,16	put eat bak ons a aer
POOL	8830	0.778728437	3,5,8,11,12,16	put eat bak ons a esse
POOL	8831	0.778651557	3,5,8,11,12,16	put eat bak ons a elks
POOL	8832	0.778527461	3,5,8,11,12,16	put eat bak ons a es
POOL	8833	0.778395885	3,6,8,10,13,16	took ist at are this heir
POOL	8834	0.778374065	3,5,8,11,12,16	put eat back ons a cells
POOL	8835	0.778300945	3,5,8,11,16	put eat bak ons aswell
POOL	8836	0.778136662	3,5,8,11,12,16	put eat back ons a elf
POOL	8837	0.777343638	3,5,8,11,16	put eat bak ons sheriff
POOL	8838	0.777206211	6,7,11,13,16	petite the tongues us else
POOL	8839	0.777190787	4,6,9,13,16	potted tube at the else
POOL	8840	0.777125919	2,5,11,16	pa pitt batons ethyl
POOL	8841	0.776914366	3,5,8,11,16	put eat bak ons ansel
POOL	8842	0.776736390	3,5,8,11,16	put eat bak ons ss
POOL	8843	0.776534305	2,6,8,10,12,16	pull tit at are a sheath
POOL	8844	0.776271353	3,5,8,11,12,16	put eat back ons a shells
POOL	8845	0.776158856	3,5,8,11,12,16	put eat back ons a hell
POOL	8846	0.776020006	3,5,8,11,12,16	put eat back ons a fell
POOL	8847	0.776012521	4,8,11,16	potted cac on-air self
POOL	8848	0.775908390	3,5,8,11,16	put eat bak ons ethel
POOL	8849	0.775796254	3,5,8,11,12,16	put eat back ons a sense
POOL	8850	0.775510887	3,5,8,11,12,16	put eat back ons a help
POOL	8851	0.775379151	3,5,8,11,12,16	put eat back ons a sells
POOL	8852	0.774487722	3,5,8,11,16	put eat bak ons ethyl
POOL	8853	0.774256799	3,5,8,11,16	put eat bak ons affaires
POOL	8854	0.774198197	3,5,8,11,12,16	put eat back ons a sel
POOL	8855	0.774054333	3,5,8,11,12,16	put eat back ons a cel
POOL	8856	0.773368040	3,5,8,11,12,16	put eat back ons a seth
POOL	8857	0.773280366	3,5,8,11,16	put eat bak ons lasalle
POOL	8858	0.773012059	2,4,9,13,16	a a back nervous elf
POOL	8859	0.772790990	3,5,8,11,12,16	put eat back ons a shares
POOL	8860	0.772721744	3,5,11,16	put eat batons assess
POOL	8861	0.772684953	3,5,11,16	put eat batons e-health
POOL	8862	0.772373024	3,5,8,11,12,16	put eat back ons a alf
POOL	8863	0.772277398	3,5,8,11,12,16	put eat back ons a tell
POOL	8864	0.772043633	3,5,8,11,12,16	put eat back ons a stealth
POOL	8865	0.772012853	3,5,8,11,12,16	put eat back ons a sal
POOL	8866	0.770957752	3,5,8,11,12,16	put eat back ons a cher
POOL	8867	0.770754384	3,5,8,11,12,16	put eat back ons a says
POOL	8868	0.770750163	3,5,8,11,16	put eat back ons assess
POOL	8869	0.770593182	3,5,8,11,12,16	put eat back ons a fair
POOL	8870	0.770328057	3,5,8,11,12,16	put eat back ons a felt
POOL	8871	0.770267610	3,5,8,11,12,16	put eat back ons a saith
POOL	8872	0.769766642	3,5,8,11,12,16	put eat back ons a hair
POOL	8873	0.769273466	3,5,8,11,16	put eat back ons e-health
POOL	8874	0.769123947	3,5,8,11,12,16	put eat back ons a shelves
POOL	8875	0.768603768	2,4,9,13,16	a a back novice elf
POOL	8876	0.768204048	3,5,8,11,12,16	put eat back ons a celts
POOL	8877	0.768174752	3,5,8,11,12,16	put eat back ons a fel
POOL	8878	0.768091565	3,5,11,16	put eat batons affair
POOL	8879	0.768062679	3,5,8,11,12,16	put eat back ons a filth
POOL	8880	0.768047039	3,5,8,11,12,16	put eat back ons a helps
POOL	8881	0.767913298	3,5,8,11,12,16	put eat back ons a air
POOL	8882	0.767849290	3,5,11,16	put eat batons affairs
POOL	8883	0.767345168	3,5,8,11,12,16	put eat back ons a smell
POOL	8884	0.767218398	2,6,8,12,16	too it at ana tell
POOL	8885	0.766895008	3,5,8,11,12,16	put eat back ons a shelf
POOL	8886	0.766809339	3,5,8,11,12,16	put eat back ons a spell
POOL	8887	0.766767390	3,5,8,11,12,16	put eat back ons a shelved
POOL	8888	0.766758317	3,5,8,11,12,16	put eat back ons a l.'s
POOL	8889	0.766551428	3,5,8,11,12,16	put eat back ons a staff
POOL	8890	0.766512722	3,5,8,11,12,16	put eat back ons a selves
POOL	8891	0.766419703	3,5,11,16	put eat batons itself
POOL	8892	0.766102599	2,4,9,13,16	a a back navas elf
POOL	8893	0.766100420	3,5,8,11,12,16	put eat back ons a al
POOL	8894	0.766053933	3,5,8,11,12,16	put eat back ons a sas
POOL	8895	0.765959751	3,5,11,16	put eat batons offense
POOL	8896	0.765844238	3,5,8,11,16	put eat back ons affair
POOL	8897	0.765833537	3,5,8,11,12,16	put eat back ons a schiff
POOL	8898	0.765712573	3,5,8,11,12,16	put eat back ons a fare
POOL	8899	0.765619175	3,5,8,11,12,16	put eat back ons a el
POOL	8900	0.765606750	3,5,8,11,12,16	put eat back ons a chefs
POOL	8901	0.765591913	3,5,8,11,12,16	put eat back ons a seal
POOL	8902	0.765573374	3,5,8,11,12,16	put eat back ons a shalt
POOL	8903	0.765521463	3,5,8,11,12,16	put eat back ons a hal
POOL	8904	0.765102827	3,5,8,11,12,16	put eat back ons a fells
POOL	8905	0.765089564	3,5,8,11,16	put eat back ons affairs
POOL	8906	0.765018110	4,7,10,16	booty bah conner self
POOL	8907	0.764985189	3,5,8,11,12,16	put eat back ons a solve
POOL	8908	0.764920659	3,5,8,11,12,16	put eat back ons a l
POOL	8909	0.764916851	3,5,8,11,12,16	put eat back ons a elle
POOL	8910	0.764907182	3,5,8,11,12,16	put eat back ons a hells
POOL	8911	0.764861395	3,5,8,11,12,16	put eat back ons a fence
POOL	8912	0.764800690	3,5,8,11,12,16	put eat back ons a shill
POOL	8913	0.764794616	3,5,8,11,12,16	put eat back ons a eff
POOL	8914	0.764724063	3,5,8,11,12,16	put eat back ons a wealth
POOL	8915	0.764691517	3,5,8,11,12,16	put eat back ons a phelps
POOL	8916	0.764580933	3,5,8,11,12,16	put eat back ons a sass
POOL	8917	0.764554455	3,5,8,9,10,16	put eat back ah mm self
POOL	8918	0.764472442	3,5,8,11,12,16	put eat back ons a fill
POOL	8919	0.764427502	3,5,8,11,12,16	put eat back ons a tells
POOL	8920	0.764423236	3,5,11,16	put eat batons selfie
POOL	8921	0.764324365	3,5,8,11,12,16	put eat back ons a scarce
POOL	8922	0.764225881	3,5,8,11,12,16	put eat back ons a f
POOL	8923	0.764222778	3,5,11,16	put eat batons offence
POOL	8924	0.764203697	3,5,8,11,12,16	put eat back ons a sill
POOL	8925	0.764172659	3,5,8,11,12,16	put eat back ons a sil
POOL	8926	0.764118554	3,5,8,11,12,16	put eat back ons a hence
POOL	8927	0.764097986	3,5,8,11,12,16	put eat back ons a swell
POOL	8928	0.764072628	3,5,8,11,12,16	put eat back ons a sash
POOL	8929	0.764059812	3,5,8,11,12,16	put eat back ons a halle
POOL	8930	0.763983110	3,5,8,11,12,16	put eat back ons a theft
POOL	8931	0.763847614	3,5,8,11,12,16	put eat back ons a shelled
POOL	8932	0.763765433	3,5,8,11,16	put eat back ons offense
POOL	8933	0.763599664	3,5,8,11,12,16	put eat back ons a ell
POOL	8934	0.763590806	3,5,8,11,12,16	put eat back ons a s
POOL	8935	0.763583369	3,5,8,11,12,16	put eat back ons a chair
POOL	8936	0.763506188	3,5,8,11,12,16	put eat back ons a shared
POOL	8937	0.763448587	3,5,8,11,12,16	put eat back ons a steph
POOL	8938	0.763444991	3,5,8,11,12,16	put eat back ons a helm
POOL	8939	0.763421903	3,5,8,11,12,16	put eat back ons a tel
POOL	8940	0.763297068	3,5,8,11,12,16	put eat back ons a hare
POOL	8941	0.763220180	3,5,8,11,12,16	put eat back ons a ralph
POOL	8942	0.763205026	3,5,8,11,12,16	put eat back ons a phil
POOL	8943	0.763192384	3,5,8,11,12,16	put eat back ons a sen
POOL	8944	0.763115926	3,5,8,11,12,16	put eat back ons a faire
POOL	8945	0.763017829	3,5,8,11,12,16	put eat back ons a ulf
POOL	8946	0.762797211	3,5,8,11,16	put eat back ons selfie
POOL	8947	0.762684466	3,5,8,11,12,16	put eat back ons a sheer
POOL	8948	0.762682563	3,5,8,11,12,16	put eat back ons a smells
POOL	8949	0.762410423	3,5,8,11,12,16	put eat back ons a shaft
POOL	8950	0.762375854	3,5,8,11,16	put eat back ons offence
POOL	8951	0.762315226	3,5,8,11,12,16	put eat back ons a sul
POOL	8952	0.762314944	3,5,8,11,12,16	put eat back ons a valve
POOL	8953	0.762304428	3,5,8,11,12,16	put eat back ons a slough
POOL	8954	0.762160882	3,5,8,11,12,16	put eat back ons a shen
POOL	8955	0.762151276	3,5,8,11,12,16	put eat back ons a thief
POOL	8956	0.762090519	3,5,8,11,12,16	put eat back ons a fess
POOL	8957	0.762071385	3,5,8,11,12,16	put eat back ons a hess
POOL	8958	0.761929808	3,5,8,11,12,16	put eat back ons a herr
POOL	8959	0.761913676	3,5,8,11,12,16	put eat back ons a spells
POOL	8960	0.761854401	3,5,11,16	put eat batons aswell
POOL	8961	0.761849688	3,5,11,16	put eat batons sheriff
POOL	8962	0.761809523	3,5,8,11,12,16	put eat back ons a snell
POOL	8963	0.761781812	3,5,8,11,12,16	put eat back ons a fierce
POOL	8964	0.761775188	3,5,8,11,12,16	put eat back ons a fares
POOL	8965	0.761577966	3,5,8,11,12,16	put eat back ons a sheaf
POOL	8966	0.761360122	3,5,8,11,12,16	put eat back ons a e'er
POOL	8967	0.761199065	3,5,8,11,12,16	put eat back ons a hesse
POOL	8968	0.761156607	3,5,8,11,12,16	put eat back ons a hath
POOL	8969	0.761084423	3,5,8,11,12,16	put eat back ons a seals
POOL	8970	0.761068289	3,5,8,11,12,16	put eat back ons a fairs
POOL	8971	0.760993364	3,5,8,11,12,16	put eat back ons a celled
POOL	8972	0.760877610	3,5,8,11,12,16	put eat back ons a hairs
POOL	8973	0.760802981	3,5,8,11,12,16	put eat back ons a sills
POOL	8974	0.760742143	3,5,8,11,16	put eat back ons aswell
POOL	8975	0.760708448	3,5,8,11,12,16	put eat back ons a chess
POOL	8976	0.760632698	3,5,8,11,12,16	put eat back ons a shear
POOL	8977	0.760599514	3,5,8,11,16	put eat back ares assess
POOL	8978	0.760362250	3,5,8,11,12,16	put eat back ons a els
POOL	8979	0.760211042	3,5,8,11,12,16	put eat back ons a sis
POOL	8980	0.760199555	3,5,8,11,12,16	put eat back ons a heir
POOL	8981	0.760121178	3,5,11,16	put eat batons ansel
POOL	8982	0.760099992	3,5,8,11,12,16	put eat back ons a cis
POOL	8983	0.760045299	3,5,8,11,12,16	put eat back ons a nell
POOL	8984	0.759942790	3,5,11,16	put eat batons ss
POOL	8985	0.759920631	3,5,8,11,12,16	put eat back ons a sith
POOL	8986	0.759809523	3,5,8,11,12,16	put eat back ons a nel
POOL	8987	0.759784836	3,5,8,11,16	put eat back ons sheriff
POOL	8988	0.759737858	2,4,9,11,12,16	a a back news a shelf
POOL	8989	0.759600840	3,5,8,11,12,16	put eat back ons a ef
POOL	8990	0.759587830	3,5,8,11,12,16	put eat back ons a swells
POOL	8991	0.759570299	3,5,11,16	put eat batons ethel
POOL	8992	0.759480103	3,5,8,11,12,16	put eat back ons a fil
POOL	8993	0.759401667	3,5,8,11,12,16	put eat back ons a aff
POOL	8994	0.759387026	3,5,8,11,12,16	put eat back ons a scythe
POOL	8995	0.759357423	3,5,8,11,12,16	put eat back ons a shall
POOL	8996	0.759355564	3,5,8,11,16	put eat back ons ansel
POOL	8997	0.759177588	3,5,8,11,16	put eat back ons ss
POOL	8998	0.759122817	3,5,8,11,16	put eat back ares e-health
POOL	8999	0.759102574	3,5,8,11,12,16	put eat back ons a cen
POOL	9000	0.758956306	3,5,8,11,12,16	put eat back ons a sheath
POOL	9001	0.758866519	3,5,8,11,12,16	put eat back ons a synth
POOL	9002	0.758864275	3,5,8,11,12,16	put eat back ons a chaff
POOL	9003	0.758830878	3,5,8,11,12,16	put eat back ons a neff
POOL	9004	0.758655415	3,5,8,11,12,16	put eat back ons a thiel
POOL	9005	0.758634336	3,5,8,11,12,16	put eat back ons a elm
POOL	9006	0.758543706	3,5,8,11,12,16	put eat back ons a err
POOL	9007	0.758511829	3,5,8,11,12,16	put eat back ons a knell
POOL	9008	0.758500091	3,5,8,11,12,16	put eat back ons a scheer
POOL	9009	0.758364265	3,5,8,11,12,16	put eat back ons a shep
POOL	9010	0.758349588	3,5,8,11,16	put eat back ons ethel
POOL	9011	0.758146445	3,5,8,11,12,16	put eat back ons a sez
POOL	9012	0.758100192	3,5,8,11,12,16	put eat back ons a shan
POOL	9013	0.757857438	3,5,8,11,12,16	put eat back ons a hares
POOL	9014	0.757794464	3,5,11,16	put eat batons ethyl
POOL	9015	0.757786619	3,5,8,11,12,16	put eat back ons a ere
POOL	9016	0.757759412	3,5,8,11,12,16	put eat back ons a eyre
POOL	9017	0.757678115	3,5,8,11,12,16	put eat back ons a silks
POOL	9018	0.757359832	3,5,11,16	put eat batons affaires
POOL	9019	0.757182059	3,5,8,11,12,16	put eat back ons a ess
POOL	9020	0.757148182	3,5,8,11,12,16	put eat back ons a sear
POOL	9021	0.756928920	3,5,8,11,16	put eat back ons ethyl
POOL	9022	0.756915364	3,5,8,11,12,16	put eat back ons a sleuth
POOL	9023	0.756888404	3,5,8,11,12,16	put eat back ons a staph
POOL	9024	0.756812061	3,5,8,11,12,16	put eat back ons a shem
POOL	9025	0.756697997	3,5,8,11,16	put eat back ons affaires
POOL	9026	0.756627434	3,5,8,11,12,16	put eat back ons a aer
POOL	9027	0.756596102	3,5,8,11,12,16	put eat back ons a esse
POOL	9028	0.756593905	3,5,11,16	put eat batons lasalle
POOL	9029	0.756519222	3,5,8,11,12,16	put eat back ons a elks
POOL	9030	0.756395126	3,5,8,11,12,16	put eat back ons a es
POOL	9031	0.756154997	5,7,11,12,16	post-it the tongues a self
POOL	9032	0.755721564	3,5,8,11,16	put eat back ons lasalle
POOL	9033	0.755693589	3,5,8,11,16	put eat back ares affair
POOL	9034	0.754938915	3,5,8,11,16	put eat back ares affairs
POOL	9035	0.754275386	3,5,8,11,16	put eat back ons itself
POOL	9036	0.753614784	3,5,8,11,16	put eat back ares offense
POOL	9037	0.753425684	3,5,8,11,12,16	put eat back ons a half
POOL	9038	0.752960662	3,5,8,11,16	put eat back r's assess
POOL	9039	0.752646561	3,5,8,11,16	put eat back ares selfie
POOL	9040	0.752225205	3,5,8,11,16	put eat back ares offence
POOL	9041	0.751483965	3,5,8,11,16	put eat back r's e-health
POOL	9042	0.750591493	3,5,8,11,16	put eat back ares aswell
POOL	9043	0.749634187	3,5,8,11,16	put eat back ares sheriff
POOL	9044	0.749204915	3,5,8,11,16	put eat back ares ansel
POOL	9045	0.749026939	3,5,8,11,16	put eat back ares ss
POOL	9046	0.748198938	3,5,8,11,16	put eat back ares ethel
POOL	9047	0.748054736	3,5,8,11,16	put eat back r's affair
POOL	9048	0.747300062	3,5,8,11,16	put eat back r's affairs
POOL	9049	0.746778271	3,5,8,11,16	put eat back ares ethyl
POOL	9050	0.746547348	3,5,8,11,16	put eat back ares affaires
POOL	9051	0.745975932	3,5,8,11,16	put eat back r's offense
POOL	9052	0.745570914	3,5,8,11,16	put eat back ares lasalle
POOL	9053	0.745007709	3,5,8,11,16	put eat back r's selfie
POOL	9054	0.744871452	3,5,8,11,12,16	'bout a 'bout aam a self
POOL	9055	0.744586353	3,5,8,11,16	put eat back r's offence
POOL	9056	0.744249239	3,5,8,10,13,16	'bout a 'bout 'pon thus elf
POOL	9057	0.744124737	3,5,8,11,16	put eat back ares itself
POOL	9058	0.742952641	3,5,8,11,16	put eat back r's aswell
POOL	9059	0.741995335	3,5,8,11,16	put eat back r's sheriff
POOL	9060	0.741566063	3,5,8,11,16	put eat back r's ansel
POOL	9061	0.741388086	3,5,8,11,16	put eat back r's ss
POOL	9062	0.740560086	3,5,8,11,16	put eat back r's ethel
POOL	9063	0.739139418	3,5,8,11,16	put eat back r's ethyl
POOL	9064	0.738908496	3,5,8,11,16	put eat back r's affaires
POOL	9065	0.738392276	2,6,7,11,16	pa tit a cons self
POOL	9066	0.737932062	3,5,8,11,16	put eat back r's lasalle
POOL	9067	0.737739038	2,6,7,11,16	too pete a cons self
POOL	9068	0.737240832	3,5,8,10,13,16	put eat back on a else
POOL	9069	0.736485885	3,5,8,11,16	put eat back r's itself
POOL	9070	0.736130095	3,5,8,10,13,16	'bout a 'bout 'pon this elf
POOL	9071	0.735803311	4,7,11,13,16	poi bad cons us else
POOL	9072	0.734604693	3,5,8,10,13,16	put eat back on a elf
POOL	9073	0.734603407	3,5,8,9,10,16	put eat back ah mm shelf
POOL	9074	0.733511556	2,4,8,11,12,16	a a but on a self
POOL	9075	0.733028027	2,4,7,11,16	pro tea bad cons self
POOL	9076	0.732614119	2,4,7,11,16	too tea tak cons self
POOL	9077	0.732440129	2,4,7,11,16	too pee bad cons self
POOL	9078	0.731723081	3,5,8,10,13,16	put eat back on as else
POOL	9079	0.731142014	3,5,8,10,13,16	put eat back on if else
POOL	9080	0.731006735	2,6,7,11,16	too tit see cons self
POOL	9081	0.730437556	3,5,8,10,16	put eat bak ahs themself
POOL	9082	0.729796404	3,5,8,10,13,16	put eat back on a self
POOL	9083	0.729456570	2,6,7,11,16	too tit a dons self
POOL	9084	0.729423614	2,6,11,13,16	too tilt cons us else
POOL	9085	0.729086942	3,5,8,10,13,16	put eat back on as elf
POOL	9086	0.728841055	3,5,8,10,13,16	put eat back on a alf
POOL	9087	0.728633473	2,6,11,13,16	bush tit cons us else
POOL	9088	0.728505875	3,5,8,10,13,16	put eat back on if elf
POOL	9089	0.727620203	3,5,8,10,16	put eat bak ahs thyself
POOL	9090	0.726956040	3,5,8,10,13,16	put eat back on a health
POOL	9091	0.726754128	2,6,11,13,16	too tit conf us else
POOL	9092	0.724949933	2,4,7,11,16	too tea bad scars self
POOL	9093	0.724667426	2,4,6,11,16	too tea tube n.'s self
POOL	9094	0.724573857	1,2,4,5,7,11,16	app oh tea too bad cons self
POOL	9095	0.724381329	3,5,8,10,13,16	put eat back on a air
POOL	9096	0.724278653	3,5,8,10,13,16	put eat back on as self
POOL	9097	0.724102042	2,6,11,12,16	too tab cons a self
POOL	9098	0.723964020	3,5,8,10,16	put eat bak ahs giselle
POOL	9099	0.723741196	1,4,7,11,16	up tree bad cons self
POOL	9100	0.723722088	2,6,11,13,16	too tit cons dash else
POOL	9101	0.723697586	3,5,8,10,13,16	put eat back on if self
POOL	9102	0.723323304	3,5,8,10,13,16	put eat back on as alf
POOL	9103	0.723273221	2,4,9,13,16	too tea tek thus else
POOL	9104	0.723226348	3,5,8,10,13,16	put eat back on a l.'s
POOL	9105	0.722950820	2,4,7,11,16	too tea bath coz self
POOL	9106	0.722920471	1,2,4,5,7,11,16	app oh tea too bad khan's self
POOL	9107	0.722742237	3,5,8,10,13,16	put eat back on if alf
POOL	9108	0.722568451	3,5,8,10,13,16	put eat back on a al
POOL	9109	0.722499430	3,5,8,10,13,16	put eat back on a well
POOL	9110	0.722108915	2,6,7,12,16	paul tit a cons self
POOL	9111	0.722087206	3,5,8,10,13,16	put eat back on a el
POOL	9112	0.721943834	2,6,7,13,16	too pick a khan's else
POOL	9113	0.721438289	3,5,8,10,13,16	put eat back on as health
POOL	9114	0.721388689	3,5,8,10,13,16	put eat back on a l
POOL	9115	0.721384882	3,5,8,10,13,16	put eat back on a elle
POOL	9116	0.721262647	3,5,8,10,13,16	put eat back on a eff
POOL	9117	0.721192094	3,5,8,10,13,16	put eat back on a wealth
POOL	9118	0.720958774	3,5,8,10,16	put eat bak ahs vassal
POOL	9119	0.720857222	3,5,8,10,13,16	put eat back on if health
POOL	9120	0.720791112	2,6,7,12,16	too kid a cons self
POOL	9121	0.720693911	3,5,8,10,13,16	put eat back on a f
POOL	9122	0.720518001	2,4,6,11,16	too tea bea cons self
POOL	9123	0.720347254	1,2,4,5,7,11,16	app oh tea too bad cars self
POOL	9124	0.720067695	3,5,8,10,13,16	put eat back on a ell
POOL	9125	0.720058836	3,5,8,10,13,16	put eat back on a s
POOL	9126	0.720051858	1,4,7,11,16	up tea tass cons self
POOL	9127	0.719990976	1,4,7,11,16	up tea bad card self
POOL	9128	0.719891097	4,6,7,11,16	poi tube a kon self
POOL	9129	0.719838621	2,5,7,11,16	too took bad cons self
POOL	9130	0.719608029	3,5,8,10,13,16	put eat back on a ralph
POOL	9131	0.719485860	3,5,8,10,13,16	put eat back on a ulf
POOL	9132	0.719301368	2,6,11,13,16	too tic coms us else
POOL	9133	0.719290247	3,5,8,10,13,16	put eat back on a tell
POOL	9134	0.719163849	2,5,7,11,16	pee tit bad cons self
POOL	9135	0.718925129	1,2,4,5,7,11,16	app oh tea too bad cause self
POOL	9136	0.718863577	3,5,8,10,13,16	put eat back on as air
POOL	9137	0.718784680	2,6,8,11,16	too tic at ons self
POOL	9138	0.718587388	2,6,9,11,16	too tit cough news self
POOL	9139	0.718353589	3,5,8,10,16	put eat bak on themself
POOL	9140	0.718336997	4,7,11,13,16	t. tam cons us else
POOL	9141	0.718299556	2,4,7,11,16	too tea bad cons cher
POOL	9142	0.718282511	3,5,8,10,13,16	put eat back on if air
POOL	9143	0.718188891	2,4,6,11,13,16	too tea top axons us else
POOL	9144	0.718075646	3,5,8,10,13,16	put eat back on a ass
POOL	9145	0.717828153	3,5,8,10,13,16	put eat back on a e'er
POOL	9146	0.717708597	3,5,8,10,13,16	put eat back on as l.'s
POOL	9147	0.717702185	2,5,11,13,16	too tit benz us else
POOL	9148	0.717547836	2,4,9,11,16	poe tea tek news self
POOL	9149	0.717331049	2,6,7,13,16	too tit al khans else
POOL	9150	0.717229851	2,5,7,11,16	too tit debt cons self
POOL	9151	0.717148599	2,4,6,11,13,16	too tea top icons us else
POOL	9152	0.717127530	3,5,8,10,13,16	put eat back on if l.'s
POOL	9153	0.717050700	3,5,8,10,13,16	put eat back on as al
POOL	9154	0.716981679	3,5,8,10,13,16	put eat back on as well
POOL	9155	0.716830280	3,5,8,10,13,16	put eat back on a els
POOL	9156	0.716815627	2,4,6,11,13,16	too tea top axons ass else
POOL	9157	0.716716887	2,6,11,13,16	too kid cons f. else
POOL	9158	0.716667586	3,5,8,10,13,16	put eat back on a heir
POOL	9159	0.716569455	3,5,8,10,13,16	put eat back on as el
POOL	9160	0.716469633	3,5,8,10,13,16	put eat back on if al
POOL	9161	0.716431408	3,6,7,11,16	pod eat a cons self
POOL	9162	0.716400612	3,5,8,10,13,16	put eat back on if well
POOL	9163	0.716244750	3,5,8,10,13,16	put eat back on a hell
POOL	9164	0.716118179	4,6,7,13,16	poi tube a khan's else
POOL	9165	0.716068871	3,5,8,10,13,16	put eat back on a ef
POOL	9166	0.716025665	3,5,8,10,13,16	put eat back on a ill
POOL	9167	0.715988388	3,5,8,10,13,16	put eat back on if el
POOL	9168	0.715883228	2,6,10,13,16	too tits cause thus else
POOL	9169	0.715870938	3,5,8,10,13,16	put eat back on as l
POOL	9170	0.715869698	3,5,8,10,13,16	put eat back on a aff
POOL	9171	0.715867131	3,5,8,10,13,16	put eat back on as elle
POOL	9172	0.715775335	2,4,6,11,13,16	too tea top icons ass else
POOL	9173	0.715769986	3,6,11,13,16	took eat carve us else
POOL	9174	0.715748615	2,4,6,7,13,16	pulled tea tube a conscious else
POOL	9175	0.715744896	3,5,8,10,13,16	put eat back on as eff
POOL	9176	0.715674343	3,5,8,10,13,16	put eat back on as wealth
POOL	9177	0.715614007	1,2,4,7,11,16	app oh tea t-back cons self
POOL	9178	0.715596781	3,5,8,10,13,16	put eat back on a help
POOL	9179	0.715552751	2,4,6,11,13,16	too tea top axons us elf
POOL	9180	0.715537479	2,6,11,12,16	too tit don's a self
POOL	9181	0.715536236	3,5,8,10,16	put eat bak on thyself
POOL	9182	0.715526170	2,6,11,12,16	po tit car's a self
POOL	9183	0.715510359	3,4,7,11,16	took see tan cons self
POOL	9184	0.715502120	4,7,11,12,16	toy bell cons a self
POOL	9185	0.715447162	2,4,6,11,13,16	too tea top axons a else
POOL	9186	0.715421865	3,5,8,10,13,16	put eat back on a sell
POOL	9187	0.715359057	2,6,7,11,16	too tec uhh cons self
POOL	9188	0.715289872	3,5,8,10,13,16	put eat back on if l
POOL	9189	0.715286064	3,5,8,10,13,16	put eat back on if elle
POOL	9190	0.715176160	3,5,8,10,13,16	put eat back on as f
POOL	9191	0.715163829	3,5,8,10,13,16	put eat back on if eff
POOL	9192	0.715141357	2,6,11,13,16	too tit cons us shell
POOL	9193	0.715102367	3,5,8,10,13,16	put eat back on a elm
POOL	9194	0.715093276	3,5,8,10,13,16	put eat back on if wealth
POOL	9195	0.715011737	3,5,8,10,13,16	put eat back on a err
POOL	9196	0.714986221	2,6,11,13,16	pop dick cons us else
POOL	9197	0.714977534	2,6,9,13,16	too twit at thus else
POOL	9198	0.714920404	3,5,8,11,12,16	'bout a 'bout aam a shelf
POOL	9199	0.714853749	2,4,6,11,12,16	too tea top axons a self
POOL	9200	0.714786922	3,5,8,10,13,16	put eat back on a cell
POOL	9201	0.714782664	2,4,7,11,16	pot tell bad cons self
POOL	9202	0.714781518	2,6,9,13,16	pawn tit at thus else
POOL	9203	0.714773255	3,6,7,11,16	took eat a cons elf
POOL	9204	0.714658533	3,5,8,10,13,16	put eat back on a fell
POOL	9205	0.714636221	2,4,6,7,13,16	pull teen tube a conscious else
POOL	9206	0.714595094	3,5,8,10,13,16	put eat back on if f
POOL	9207	0.714549944	3,5,8,10,13,16	put eat back on as ell
POOL	9208	0.714541085	3,5,8,10,13,16	put eat back on as s
POOL	9209	0.714535519	2,6,11,12,16	too tit cons a fell
POOL	9210	0.714512459	2,4,6,11,13,16	too tea top icons us elf
POOL	9211	0.714469849	2,6,7,11,16	too ti a caused self
POOL	9212	0.714428683	3,4,5,12,16	'bout a.'s 'til batons shelf
POOL	9213	0.714408562	2,6,9,13,16	too tit sec thus else
POOL	9214	0.714404767	1,2,4,5,7,11,16	app oh tea too bad cons health
POOL	9215	0.714400410	2,6,11,12,16	pos tit cons a self
POOL	9216	0.714345827	3,5,8,10,13,16	put eat back on a als
POOL	9217	0.714254650	3,5,8,10,13,16	put eat back on a ere
POOL	9218	0.714234831	2,6,11,13,16	too tit calms this else
POOL	9219	0.714227443	3,5,8,10,13,16	put eat back on a eyre
POOL	9220	0.714179487	2,4,6,11,13,16	too tea top axons ass elf
POOL	9221	0.714161151	2,4,6,11,16	pla tea tube cons self
POOL	9222	0.714138435	3,5,8,10,13,16	put eat back on a death
POOL	9223	0.714090278	3,5,8,10,13,16	put eat back on as ralph
POOL	9224	0.714015918	1,2,4,5,7,11,16	app oh see too bad cars self
POOL	9225	0.713968877	3,5,8,10,13,16	put eat back on if ell
POOL	9226	0.713968109	3,5,8,10,13,16	put eat back on as ulf
POOL	9227	0.713960018	3,5,8,10,13,16	put eat back on if s
POOL	9228	0.713906260	2,4,6,11,16	too tel tube cons self
POOL	9229	0.713813457	2,4,6,11,12,16	too tea top icons a self
POOL	9230	0.713775901	2,6,11,13,16	pawn tit conn us else
POOL	9231	0.713772496	3,5,8,10,13,16	put eat back on as tell
POOL	9232	0.713728639	2,4,9,11,13,16	bow tea t-back news us else
POOL	9233	0.713685057	1,2,4,7,11,16	app oh tea t-back khan's self
POOL	9234	0.713650090	3,5,8,10,13,16	put eat back on a ess
POOL	9235	0.713647299	2,4,9,13,16	too tea tek rush else
POOL	9236	0.713622790	3,5,8,10,13,16	put eat back on a laugh
POOL	9237	0.713598922	2,4,9,13,16	too ti tek thus else
POOL	9238	0.713509211	3,5,8,10,13,16	put eat back on if ralph
POOL	9239	0.713474424	3,5,8,10,13,16	put eat back on a nth
POOL	9240	0.713387042	3,5,8,10,13,16	put eat back on if ulf
POOL	9241	0.713369335	3,5,8,10,13,16	put eat back on a care
POOL	9242	0.713349949	1,4,7,11,16	pawn tea bad cons self
POOL	9243	0.713297728	3,5,8,10,13,16	put eat back on a bell
POOL	9244	0.713289770	4,6,7,11,13,16	pussy tube a cons path else
POOL	9245	0.713215104	2,6,11,15,16	too tit cons sell say
POOL	9246	0.713191429	3,5,8,10,13,16	put eat back on if tell
POOL	9247	0.713157997	3,5,8,10,13,16	put eat back on a yes
POOL	9248	0.713139266	4,6,7,11,13,16	pussy tube e'er cons us else
POOL	9249	0.713139195	2,4,6,11,13,16	too tea top icons ass elf
POOL	9250	0.713131700	3,7,11,13,16	pit eat cons us else
POOL	9251	0.713095465	3,5,8,10,13,16	put eat back on a aer
POOL	9252	0.713064693	4,7,11,13,16	pea bad cons fish else
POOL	9253	0.713064133	3,5,8,10,13,16	put eat back on a esse
POOL	9254	0.712987253	3,5,8,10,13,16	put eat back on a elks
POOL	9255	0.712878754	3,5,8,10,16	put eat back ahs themself
POOL	9256	0.712863589	3,6,7,11,16	took eb a cons self
POOL	9257	0.712863157	3,5,8,10,13,16	put eat back on a es
POOL	9258	0.712811022	2,4,6,11,13,16	too tea top axons a elf
POOL	9259	0.712800633	2,4,8,11,13,16	pro tea t-back ons us else
POOL	9260	0.712782651	2,5,7,11,16	too tit bad cons sel
POOL	9261	0.712751381	1,2,4,5,7,11,16	app oh tea too bad khan's health
POOL	9262	0.712711002	3,5,8,10,13,16	put eat back on a f.'s
POOL	9263	0.712694384	3,5,8,10,13,16	put eat back on a ash
POOL	9264	0.712626641	2,6,7,12,16	too tit ahh cons self
POOL	9265	0.712593749	2,6,7,11,16	too tit al cons seth
POOL	9266	0.712592282	3,5,8,10,13,16	put eat back on a airs
POOL	9267	0.712580156	3,5,8,10,13,16	put eat back on a heirs
POOL	9268	0.712557895	3,5,8,10,13,16	put eat back on as ass
POOL	9269	0.712478547	3,5,8,10,16	put eat back oz themself
POOL	9270	0.712468639	2,4,8,11,16	too tea tact ons self
POOL	9271	0.712447472	3,5,8,10,13,16	put eat back on a gulf
POOL	9272	0.712339909	3,5,8,10,13,16	put eat back on a shell
POOL	9273	0.712310402	3,5,8,10,13,16	put eat back on as e'er
POOL	9274	0.712265828	2,4,6,7,13,16	pull tea bah a conscious else
POOL	9275	0.712105790	2,4,6,11,13,16	too see top icons us else
POOL	9276	0.712088530	2,4,9,11,13,16	pull take t-back news us else
POOL	9277	0.712076863	3,5,8,10,13,16	put eat back on a del
POOL	9278	0.712069448	4,6,7,11,13,16	pussy cub a cons us else
POOL	9279	0.711976828	3,5,8,10,13,16	put eat back on if ass
POOL	9280	0.711917457	3,5,8,10,13,16	put eat back on a elves
POOL	9281	0.711880053	3,5,8,10,16	put eat bak on giselle
POOL	9282	0.711828334	3,6,7,11,16	took eat cat cons self
POOL	9283	0.711823190	3,5,8,10,13,16	put eat back on a alps
POOL	9284	0.711734098	2,4,9,11,16	too tea back news self
POOL	9285	0.711733039	1,2,4,9,11,16	app oh tea t-back news self
POOL	9286	0.711729335	3,5,8,10,13,16	put eat back on if e'er
POOL	9287	0.711710264	3,5,8,10,13,16	put eat back on a chef
POOL	9288	0.711652737	3,5,8,10,13,16	put eat back on a leaf
POOL	9289	0.711458104	3,6,11,13,16	took pitt cons us else
POOL	9290	0.711440351	3,5,8,10,13,16	put eat back on a tells
POOL	9291	0.711382262	2,6,11,12,16	too tab carr's a self
POOL	9292	0.711324414	3,5,8,10,13,16	put eat back on a cells
POOL	9293	0.711312529	3,5,8,10,13,16	put eat back on as els
POOL	9294	0.711149835	3,5,8,10,13,16	put eat back on as heir
POOL	9295	0.711130826	3,5,8,10,13,16	put eat back on a delve
POOL	9296	0.711125896	2,4,8,11,13,16	pull still t-back ons us else
POOL	9297	0.711115499	3,5,8,10,13,16	put eat back on a alp
POOL	9298	0.710945466	1,4,7,11,16	up ti bap cons self
POOL	9299	0.710862884	4,7,11,12,16	t. bad r.'s a self
POOL	9300	0.710827164	3,5,8,10,13,16	put eat back on a milf
POOL	9301	0.710806557	3,5,8,10,13,16	put eat back on a guess
POOL	9302	0.710778729	3,5,8,10,13,16	put eat back on a deaf
POOL	9303	0.710758006	3,5,8,10,13,16	put eat back on a ayres
POOL	9304	0.710753799	1,2,4,8,11,16	app oh tea t-back ons self
POOL	9305	0.710744462	2,4,6,11,13,16	too tea top axons us self
POOL	9306	0.710740095	2,6,9,13,16	too tit at snes else
POOL	9307	0.710731463	3,5,8,10,13,16	put eat back on if els
POOL	9308	0.710726999	3,5,8,10,13,16	put eat back on as hell
POOL	9309	0.710694565	3,5,8,10,13,16	put eat back on a share
POOL	9310	0.710622606	3,5,8,10,13,16	put eat back on a ref
POOL	9311	0.710568768	3,5,8,10,13,16	put eat back on if heir
POOL	9312	0.710551120	3,5,8,10,13,16	put eat back on as ef
POOL	9313	0.710507914	3,5,8,10,13,16	put eat back on as ill
POOL	9314	0.710497823	3,5,8,10,13,16	put eat back on a def
POOL	9315	0.710467110	1,2,4,5,7,11,16	app oh tea too bad cons sell
POOL	9316	0.710434752	3,5,8,10,13,16	put eat back on a tel
POOL	9317	0.710432710	2,6,9,13,16	pow tipped at thus else
POOL	9318	0.710351947	3,5,8,10,13,16	put eat back on as aff
POOL	9319	0.710328471	3,5,8,10,13,16	put eat back on a valve
POOL	9320	0.710315321	3,7,11,13,16	took eat cons ups else
POOL	9321	0.710288360	3,5,8,10,13,16	put eat back on a il
POOL	9322	0.710266023	3,5,8,10,13,16	put eat back on a yell
POOL	9323	0.710258349	2,4,7,11,16	pose tea bess cons self
POOL	9324	0.710210962	2,4,6,11,16	talk teeth tube cons self
POOL	9325	0.710178164	1,2,4,5,7,11,16	app oh tea too bad cars health
POOL	9326	0.710145932	3,5,8,10,13,16	put eat back on if hell
POOL	9327	0.710113517	3,5,8,10,13,16	put eat back on a mel
POOL	9328	0.710095290	3,5,8,10,13,16	put eat back on a belle
POOL	9329	0.710080541	3,5,8,10,13,16	put eat back on a loss
POOL	9330	0.710079030	3,5,8,10,13,16	put eat back on as help
POOL	9331	0.710063706	2,6,10,13,16	too tit cars thus else
POOL	9332	0.710061401	3,5,8,10,16	put eat back ahs thyself
POOL	9333	0.709970053	3,5,8,10,13,16	put eat back on if ef
POOL	9334	0.709926847	3,5,8,10,13,16	put eat back on if ill
POOL	9335	0.709922873	1,2,4,5,7,11,16	app oh tea too bad cons cell
POOL	9336	0.709904114	3,5,8,10,13,16	put eat back on as sell
POOL	9337	0.709852537	3,5,8,10,13,16	put eat back on a hair
POOL	9338	0.709789113	2,4,6,11,13,16	too tea top axons us alf
POOL	9339	0.709770880	3,5,8,10,13,16	put eat back on if aff
POOL	9340	0.709765438	2,5,11,13,16	too bit benz us else
POOL	9341	0.709704170	2,4,6,11,13,16	too tea top icons us self
POOL	9342	0.709682968	3,6,7,11,16	took eat a kung self
POOL	9343	0.709675386	3,5,8,10,13,16	put eat back on a dell
POOL	9344	0.709661194	3,5,8,10,16	put eat back oz thyself
POOL	9345	0.709584616	3,5,8,10,13,16	put eat back on as elm
POOL	9346	0.709553005	2,6,7,13,16	too tit a connoisseur else
POOL	9347	0.709497963	3,5,8,10,13,16	put eat back on if help
POOL	9348	0.709493986	3,5,8,10,13,16	put eat back on as err
POOL	9349	0.709469650	2,4,6,11,13,16	too see top icons us elf
POOL	9350	0.709371198	2,4,6,11,13,16	too tea top axons ass self
POOL	9351	0.709323047	3,5,8,10,13,16	put eat back on if sell
POOL	9352	0.709307750	1,2,4,5,7,11,16	app oh tea too bad cons shell
POOL	9353	0.709269171	3,5,8,10,13,16	put eat back on as cell
POOL	9354	0.709231709	3,5,8,10,13,16	put eat back on a fair
POOL	9355	0.709197578	3,5,8,10,13,16	put eat back on a ashe
POOL	9356	0.709140782	3,5,8,10,13,16	put eat back on as fell
POOL	9357	0.709129729	3,7,11,13,16	took eat tom's us else
POOL	9358	0.709074463	3,5,8,10,13,16	put eat back on a elk
POOL	9359	0.709003549	3,5,8,10,13,16	put eat back on if elm
POOL	9360	0.708955622	3,5,8,10,13,16	put eat back on a wells
POOL	9361	0.708912919	3,5,8,10,13,16	put eat back on if err
POOL	9362	0.708874807	3,5,8,10,16	put eat bak on vassal
POOL	9363	0.708859149	3,5,8,10,13,16	put eat back on a bel
POOL	9364	0.708846861	3,5,8,10,13,16	put eat back on a ans
POOL	9365	0.708828076	3,5,8,10,13,16	put eat back on as als
POOL	9366	0.708813724	1,2,4,5,7,11,16	app oh tea too bad khan's sell
POOL	9367	0.708809669	3,5,8,10,13,16	put eat back on a wear
POOL	9368	0.708770648	2,4,6,11,12,16	too see top icons a self
POOL	9369	0.708768055	1,2,4,5,7,11,16	app oh tea too bad cons chef
POOL	9370	0.708756039	1,2,4,5,7,11,16	app oh tea too bad cause health
POOL	9371	0.708748822	2,4,6,11,13,16	too tea top icons us alf
POOL	9372	0.708736899	3,5,8,10,13,16	put eat back on as ere
POOL	9373	0.708724322	2,4,9,11,13,16	pull tea t-back nah us else
POOL	9374	0.708709692	3,5,8,10,13,16	put eat back on as eyre
POOL	9375	0.708702776	2,4,6,11,16	too tea tube car's cells'
POOL	9376	0.708688104	3,5,8,10,13,16	put eat back on if cell
POOL	9377	0.708682175	2,6,11,12,16	boy dit cons a self
POOL	9378	0.708637200	2,4,6,11,13,16	too see too icons us elf
POOL	9379	0.708620684	3,5,8,10,13,16	put eat back on as death
POOL	9380	0.708559715	3,5,8,10,13,16	put eat back on if fell
POOL	9381	0.708481877	1,2,4,5,9,13,16	app oh tea too bak this else
POOL	9382	0.708415850	2,4,6,11,13,16	too tea top axons ass alf
POOL	9383	0.708375789	1,2,4,5,7,11,16	app oh tea too bad cons else
POOL	9384	0.708362220	2,5,11,13,16	paul tit ben's us else
POOL	9385	0.708330906	2,4,6,11,13,16	too tea top icons ass self
POOL	9386	0.708329499	3,5,8,10,13,16	put eat back on a sells
POOL	9387	0.708315114	1,2,4,5,9,13,16	app oh tea too bak thus else
POOL	9388	0.708269487	1,2,4,5,7,11,16	app oh tea too bad khan's cell
POOL	9389	0.708247009	3,5,8,10,13,16	put eat back on if als
POOL	9390	0.708239978	3,5,8,10,13,16	put eat back on a n.'s
POOL	9391	0.708197405	3,5,8,10,13,16	put eat back on a ev
POOL	9392	0.708155832	3,5,8,10,13,16	put eat back on if ere
POOL	9393	0.708132934	3,5,8,10,13,16	put eat back on a helps
POOL	9394	0.708132339	3,5,8,10,13,16	put eat back on as ess
POOL	9395	0.708128625	3,5,8,10,13,16	put eat back on if eyre
POOL	9396	0.708105039	3,5,8,10,13,16	put eat back on as laugh
POOL	9397	0.708039617	3,5,8,10,13,16	put eat back on if death
POOL	9398	0.707995648	3,5,8,10,13,16	put eat back on a nell
POOL	9399	0.707976382	3,5,8,10,13,16	put eat back on a golf
POOL	9400	0.707956673	3,5,8,10,13,16	put eat back on as nth
POOL	9401	0.707948828	3,5,8,10,13,16	put eat back on a rare
POOL	9402	0.707938198	2,4,6,11,12,16	too see too icons a self
POOL	9403	0.707917157	3,5,8,10,13,16	put eat back on a eh
POOL	9404	0.707904937	2,4,9,11,16	paul ti tek news self
POOL	9405	0.707904099	2,4,6,11,13,16	too tea top axons us health
POOL	9406	0.707881558	3,5,8,10,13,16	put eat back on a arf
POOL	9407	0.707879890	3,5,8,10,13,16	put eat back on a pell
POOL	9408	0.707851584	3,5,8,10,13,16	put eat back on as care
POOL	9409	0.707816116	1,2,4,5,8,11,16	app oh tea too bak ons self
POOL	9410	0.707779977	3,5,8,10,13,16	put eat back on as bell
POOL	9411	0.707759871	3,5,8,10,13,16	put eat back on a nel
POOL	9412	0.707739384	3,5,8,10,13,16	put eat back on a shells
POOL	9413	0.707664655	3,5,8,10,13,16	put eat back on a bells
POOL	9414	0.707654365	1,2,4,5,7,11,16	app oh tea too bad khan's shell
POOL	9415	0.707640246	3,5,8,10,13,16	put eat back on as yes
POOL	9416	0.707611470	3,5,8,10,13,16	put eat back on a emf
POOL	9417	0.707577714	3,5,8,10,13,16	put eat back on as aer
POOL	9418	0.707576185	3,4,7,11,16	took li bad cons self
POOL	9419	0.707551272	3,5,8,10,13,16	put eat back on if ess
POOL	9420	0.707546382	3,5,8,10,13,16	put eat back on as esse
POOL	9421	0.707523973	3,5,8,10,13,16	put eat back on if laugh
POOL	9422	0.707493912	2,4,9,12,16	too tea tek a self
POOL	9423	0.707493672	2,4,6,11,16	bow tea tube ann's self
POOL	9424	0.707469502	3,5,8,10,13,16	put eat back on as elks
POOL	9425	0.707458324	3,5,8,10,13,16	put eat back on a env
POOL	9426	0.707375606	3,5,8,10,13,16	put eat back on if nth
POOL	9427	0.707375558	2,4,6,11,13,16	too tea top icons ass alf
POOL	9428	0.707367465	1,2,4,8,11,16	app oh t t-back ons self
POOL	9429	0.707345406	3,5,8,10,13,16	put eat back on as es
POOL	9430	0.707334895	3,5,8,10,13,16	put eat back on a eel
POOL	9431	0.707311776	2,6,11,13,16	uhh tit cons mass. else
POOL	9432	0.707271851	3,5,8,10,13,16	put eat back on a guelph
POOL	9433	0.707270517	3,5,8,10,13,16	put eat back on if care
POOL	9434	0.707257230	3,5,8,10,13,16	put eat back on a mess
POOL	9435	0.707227718	2,5,11,13,16	too tit benz ask else
POOL	9436	0.707198910	3,5,8,10,13,16	put eat back on if bell
POOL	9437	0.707193251	3,5,8,10,13,16	put eat back on as f.'s
POOL	9438	0.707176633	3,5,8,10,13,16	put eat back on as ash
POOL	9439	0.707148546	3,5,8,10,13,16	put eat back on a sel
POOL	9440	0.707141739	3,5,8,10,13,16	put eat back on a eth
POOL	9441	0.707114669	1,2,4,5,7,11,16	app oh tea too bad khan's chef
POOL	9442	0.707089147	2,5,7,11,16	too kid dat cons self
POOL	9443	0.707074531	3,5,8,10,13,16	put eat back on as airs
POOL	9444	0.707069368	1,2,4,5,9,13,16	app oh tea too bak this elf
POOL	9445	0.707062405	3,5,8,10,13,16	put eat back on as heirs
POOL	9446	0.707059430	2,4,6,7,13,16	pull tea tube gas conscious else
POOL	9447	0.707059179	3,5,8,10,13,16	put eat back on if yes
POOL	9448	0.707054087	3,5,8,10,13,16	put eat back on a en
POOL	9449	0.707047384	2,4,6,11,13,16	too tea top axons a alf
POOL	9450	0.707025864	2,5,11,12,16	too tit benz a self
POOL	9451	0.707016023	2,4,7,11,16	too tea ben cons cell's
POOL	9452	0.707004682	3,5,8,10,13,16	put eat back on a cel
POOL	9453	0.707004599	1,2,4,5,7,11,16	app oh tea too bad cons share
POOL	9454	0.706996647	3,5,8,10,13,16	put eat back on if aer
POOL	9455	0.706973407	3,5,8,10,13,16	put eat back on a delle
POOL	9456	0.706965315	3,5,8,10,13,16	put eat back on if esse
POOL	9457	0.706963279	1,2,4,5,7,11,16	app oh tea too bad cons elf
POOL	9458	0.706929721	3,5,8,10,13,16	put eat back on as gulf
POOL	9459	0.706907683	4,6,7,11,16	pottery tube a cons self
POOL	9460	0.706902605	1,2,4,5,9,13,16	app oh tea too bak thus elf
POOL	9461	0.706889743	3,5,8,10,13,16	put eat back on a ills
POOL	9462	0.706888435	3,5,8,10,13,16	put eat back on if elks
POOL	9463	0.706884811	3,5,8,10,13,16	put eat back on a leif
POOL	9464	0.706863807	2,4,6,11,13,16	too tea top icons us health
POOL	9465	0.706862423	2,4,7,11,16	tur tea bad toms self
POOL	9466	0.706822158	3,5,8,10,13,16	put eat back on as shell
POOL	9467	0.706816046	3,5,8,10,13,16	put eat back on a delft
POOL	9468	0.706813279	3,5,8,10,13,16	put eat back on a fel
POOL	9469	0.706813189	2,6,11,13,16	too tik cons us err
POOL	9470	0.706790770	3,5,8,10,13,16	put eat back on a cal
POOL	9471	0.706781226	3,5,8,10,13,16	put eat back on a neff
POOL	9472	0.706764339	3,5,8,10,13,16	put eat back on if es
POOL	9473	0.706745024	3,5,8,10,13,16	put eat back on a loose
POOL	9474	0.706731445	3,5,8,10,13,16	put eat back on a kell
POOL	9475	0.706722403	1,2,4,5,7,11,16	app oh tea too bad khan's else
POOL	9476	0.706704341	3,5,8,10,13,16	put eat back on a pal
POOL	9477	0.706701206	3,5,8,10,13,16	put eat back on a filth
POOL	9478	0.706691102	2,6,9,11,16	boi tit at news self
POOL	9479	0.706670276	3,6,11,13,16	bat eat cons us else
POOL	9480	0.706612184	3,5,8,10,13,16	put eat back on if f.'s
POOL	9481	0.706595566	3,5,8,10,13,16	put eat back on if ash
POOL	9482	0.706585797	2,5,9,11,13,16	app tit becca news us else
POOL	9483	0.706559112	3,5,8,10,13,16	put eat back on as del
POOL	9484	0.706554399	1,2,4,5,7,11,16	app oh tea too bad cons cells
POOL	9485	0.706535488	2,4,7,11,16	too sci ty cons self
POOL	9486	0.706530835	2,4,6,11,13,16	too tea top axons ass health
POOL	9487	0.706493464	3,5,8,10,13,16	put eat back on if airs
POOL	9488	0.706481338	3,5,8,10,13,16	put eat back on if heirs
POOL	9489	0.706480914	3,5,8,10,13,16	put eat back on a n
POOL	9490	0.706479219	2,5,9,13,16	too tit ack thus else
POOL	9491	0.706462177	3,5,8,10,13,16	put eat back on a knell
POOL	9492	0.706405218	3,5,8,10,16	put eat back ahs giselle
POOL	9493	0.706399706	3,5,8,10,13,16	put eat back on as elves
POOL	9494	0.706392048	2,6,8,11,16	bah tit at ons self
POOL	9495	0.706348654	3,5,8,10,13,16	put eat back on if gulf
POOL	9496	0.706331956	2,4,9,11,13,16	pull tea t-back news and else
POOL	9497	0.706325303	5,7,11,13,16	twit bad calms us else
POOL	9498	0.706319007	1,2,4,5,9,13,16	app oh tea too bak nash else
POOL	9499	0.706318388	3,5,8,10,13,16	put eat back on a seth
POOL	9500	0.706305439	3,5,8,10,13,16	put eat back on as alps
POOL	9501	0.706259175	2,6,7,11,16	pro tait man cons self
POOL	9502	0.706241091	3,5,8,10,13,16	put eat back on if shell
POOL	9503	0.706240507	1,2,4,5,7,11,16	app oh tea too bad cars sell
POOL	9504	0.706192513	3,5,8,10,13,16	put eat back on as chef
POOL	9505	0.706170802	3,5,8,10,13,16	put eat back on a beth
POOL	9506	0.706134986	3,5,8,10,13,16	put eat back on as leaf
POOL	9507	0.706121889	3,5,8,10,13,16	put eat back on a yells
POOL	9508	0.706089655	3,5,8,10,13,16	put eat back on a gal
POOL	9509	0.706005011	3,5,8,10,16	put eat back oz giselle
POOL	9510	0.705978120	3,5,8,10,13,16	put eat back on a las
POOL	9511	0.705978045	3,5,8,10,13,16	put eat back on if del
POOL	9512	0.705922600	3,5,8,10,13,16	put eat back on as tells
POOL	9513	0.705883376	2,4,8,11,13,16	pull tea t-back ons mash else
POOL	9514	0.705875904	4,6,11,13,16	puss tube cons f else
POOL	9515	0.705868658	3,5,8,10,13,16	put eat back on a des
POOL	9516	0.705818639	3,5,8,10,13,16	put eat back on if elves
POOL	9517	0.705806663	3,5,8,10,13,16	put eat back on as cells
POOL	9518	0.705751305	3,5,8,10,13,16	put eat back on a calf
POOL	9519	0.705724372	3,5,8,10,13,16	put eat back on if alps
POOL	9520	0.705720902	3,5,8,10,13,16	put eat back on a val
POOL	9521	0.705696269	1,2,4,5,7,11,16	app oh tea too bad cars cell
POOL	9522	0.705678743	2,6,9,11,16	too tit at is self
POOL	9523	0.705662756	2,4,6,7,11,16	pull tea tube a cons ethyl
POOL	9524	0.705638097	1,2,4,7,11,16	app oh tea t-back cons health
POOL	9525	0.705622332	3,5,8,10,13,16	put eat back on a pulse
POOL	9526	0.705613075	3,5,8,10,13,16	put eat back on as delve
POOL	9527	0.705611446	3,5,8,10,13,16	put eat back on if chef
POOL	9528	0.705607358	3,5,8,10,13,16	put eat back on a hal
POOL	9529	0.705597747	3,5,8,10,13,16	put eat back on as alp
POOL	9530	0.705553919	3,5,8,10,13,16	put eat back on if leaf
POOL	9531	0.705515541	3,5,8,10,13,16	put eat back on a lease
POOL	9532	0.705494055	3,5,8,10,13,16	put eat back on a raf
POOL	9533	0.705490543	2,4,6,11,13,16	too tea top icons ass health
POOL	9534	0.705425131	2,5,7,11,16	too tit bet cons shells
POOL	9535	0.705351213	1,2,4,5,7,11,16	app oh tea too bad khan's share
POOL	9536	0.705341533	3,5,8,10,13,16	put eat back on if tells
POOL	9537	0.705329387	2,4,6,11,13,16	too tea top axons us air
POOL	9538	0.705309894	1,2,4,5,7,11,16	app oh tea too bad khan's elf
POOL	9539	0.705309413	3,5,8,10,13,16	put eat back on as milf
POOL	9540	0.705302502	4,6,7,11,13,16	pussy tube al coz us else
POOL	9541	0.705298802	3,5,8,10,13,16	put eat back on a meth
POOL	9542	0.705298258	3,6,11,13,16	took eat cons worth else
POOL	9543	0.705289238	3,5,8,10,13,16	put eat back on a est
POOL	9544	0.705288806	3,5,8,10,13,16	put eat back on as guess
POOL	9545	0.705274578	3,5,8,10,13,16	put eat back on a ex
POOL	9546	0.705260978	3,5,8,10,13,16	put eat back on as deaf
POOL	9547	0.705251653	2,6,10,13,16	ca tit cause thus else
POOL	9548	0.705247334	3,5,8,10,13,16	put eat back on a les
POOL	9549	0.705240255	3,5,8,10,13,16	put eat back on as ayres
POOL	9550	0.705225596	3,5,8,10,13,16	put eat back on if cells
POOL	9551	0.705202632	3,5,8,10,13,16	put eat back on a mal
POOL	9552	0.705176814	3,5,8,10,13,16	put eat back on as share
POOL	9553	0.705162370	2,4,6,11,13,16	too tea top axons a health
POOL	9554	0.705104855	3,5,8,10,13,16	put eat back on as ref
POOL	9555	0.705093666	3,6,11,12,16	took eat carve a self
POOL	9556	0.705082578	1,2,4,5,7,11,16	app oh tea too bad cons shall
POOL	9557	0.705081147	1,2,4,5,7,11,16	app oh tea too bad cars shell
POOL	9558	0.705032008	3,5,8,10,13,16	put eat back on if delve
POOL	9559	0.705016681	3,5,8,10,13,16	put eat back on if alp
POOL	9560	0.704993981	3,5,8,10,13,16	put eat back on a stealth
POOL	9561	0.704993077	3,5,8,10,13,16	put eat back on a hells
POOL	9562	0.704980072	3,5,8,10,13,16	put eat back on as def
POOL	9563	0.704976142	2,4,8,11,13,16	pull tea t-back und us else
POOL	9564	0.704965789	2,5,9,11,13,16	pull tweet becca news us else
POOL	9565	0.704963833	1,2,4,5,7,11,16	app oh tea too bad cons shells
POOL	9566	0.704963201	3,5,8,10,13,16	put eat back on a sal
POOL	9567	0.704917001	3,5,8,10,13,16	put eat back on as tel
POOL	9568	0.704906497	1,2,4,5,9,13,16	app oh tea too bak nash elf
POOL	9569	0.704901013	1,2,4,5,7,11,16	app oh tea too bad khan's cells
POOL	9570	0.704856455	3,5,8,10,13,16	put eat back on a welles
POOL	9571	0.704810720	3,5,8,10,13,16	put eat back on as valve
POOL	9572	0.704770609	3,5,8,10,13,16	put eat back on as il
POOL	9573	0.704748272	3,5,8,10,13,16	put eat back on as yell
POOL	9574	0.704740245	3,5,8,10,13,16	put eat back on a ish
POOL	9575	0.704728346	3,5,8,10,13,16	put eat back on if milf
POOL	9576	0.704711245	3,5,8,10,13,16	put eat back on a aft
POOL	9577	0.704707739	3,5,8,10,13,16	put eat back on if guess
POOL	9578	0.704679911	3,5,8,10,13,16	put eat back on if deaf
POOL	9579	0.704676911	2,6,7,9,13,16	pull tit a car anise else
POOL	9580	0.704659188	3,5,8,10,13,16	put eat back on if ayres
POOL	9581	0.704613088	3,5,8,10,12,16	put eat bak on the self
POOL	9582	0.704595766	3,5,8,10,13,16	put eat back on as mel
POOL	9583	0.704595748	3,5,8,10,13,16	put eat back on if share
POOL	9584	0.704577539	3,5,8,10,13,16	put eat back on as belle
POOL	9585	0.704562790	3,5,8,10,13,16	put eat back on as loss
POOL	9586	0.704541452	1,2,4,5,7,11,16	app oh tea too bad cars chef
POOL	9587	0.704523788	3,5,8,10,13,16	put eat back on if ref
POOL	9588	0.704502379	3,5,8,10,13,16	put eat back on a arse
POOL	9589	0.704399005	3,5,8,10,13,16	put eat back on if def
POOL	9590	0.704381068	3,5,8,10,13,16	put eat back on a eels
POOL	9591	0.704344619	2,4,6,11,16	foot tea tod cons self
POOL	9592	0.704335934	3,5,8,10,13,16	put eat back on if tel
POOL	9593	0.704334786	3,5,8,10,13,16	put eat back on as hair
POOL	9594	0.704296541	2,6,8,11,16	too tit s. ons self
POOL	9595	0.704289095	2,4,6,11,13,16	too tea top icons us air
POOL	9596	0.704273951	3,5,8,10,13,16	put eat back on a dal
POOL	9597	0.704236130	3,5,8,10,13,16	put eat back on a m
POOL	9598	0.704229653	3,5,8,10,13,16	put eat back on if valve
POOL	9599	0.704217071	4,6,7,11,13,16	pussy tube a 'cause us else
POOL	9600	0.704189542	3,5,8,10,13,16	put eat back on if il
POOL	9601	0.704174406	2,4,6,11,13,16	too tea top axons us l.'s
POOL	9602	0.704167803	3,5,8,10,13,16	put eat back on a elms
POOL	9603	0.704167205	3,5,8,10,13,16	put eat back on if yell
POOL	9604	0.704157635	3,5,8,10,13,16	put eat back on as dell
POOL	9605	0.704148656	2,6,7,11,16	pot tit bang cons self
POOL	9606	0.704145707	3,5,8,10,13,16	put eat back on a halle
POOL	9607	0.704074112	4,7,11,13,16	p. bad cons us bell
POOL	9608	0.704036053	2,5,7,11,16	too teak bad cons elf
POOL	9609	0.704015112	3,5,8,10,13,16	put eat back on a belles
POOL	9610	0.704014699	3,5,8,10,13,16	put eat back on if mel
POOL	9611	0.703996472	3,5,8,10,13,16	put eat back on if belle
POOL	9612	0.703988853	3,5,8,10,13,16	put eat back on a belts
POOL	9613	0.703987329	1,2,4,5,7,11,16	app oh tea too bad cons sells
POOL	9614	0.703981723	3,5,8,10,13,16	put eat back on if loss
POOL	9615	0.703956123	2,4,6,11,13,16	too tea top axons ass air
POOL	9616	0.703921874	3,5,8,10,13,16	put eat back on a bal
POOL	9617	0.703918846	2,6,9,11,16	too tait at anne's self
POOL	9618	0.703837547	2,4,6,11,12,16	too tea top icons a health
POOL	9619	0.703812543	2,4,6,11,15,16	too tea top axons sell if
POOL	9620	0.703763609	3,5,8,10,13,16	put eat back on a lal
POOL	9621	0.703753719	3,5,8,10,13,16	put eat back on if hair
POOL	9622	0.703741354	3,5,8,10,13,16	put eat back on a fells
POOL	9623	0.703736493	2,6,8,11,16	full tea at ons self
POOL	9624	0.703717301	3,6,11,12,16	took kit cons a self
POOL	9625	0.703713958	3,5,8,10,13,16	put eat back on as fair
POOL	9626	0.703709147	1,2,4,7,11,16	app oh tea t-back khan's health
POOL	9627	0.703706013	2,4,6,11,13,16	too see top icons us alf
POOL	9628	0.703702900	3,5,8,10,13,16	put eat back on a kal
POOL	9629	0.703679827	3,5,8,10,13,16	put eat back on as ashe
POOL	9630	0.703659022	1,2,4,5,7,11,16	app oh tea too bad cause shell
POOL	9631	0.703576568	3,5,8,10,13,16	put eat back on if dell
POOL	9632	0.703560508	2,4,8,11,12,16	a a but on a shelf
POOL	9633	0.703556712	3,5,8,10,13,16	put eat back on as elk
POOL	9634	0.703516509	2,4,6,11,13,16	too tea top axons us al
POOL	9635	0.703514448	3,5,8,10,13,16	put eat back on a leith
POOL	9636	0.703494098	3,5,8,10,13,16	put eat back on a ness
POOL	9637	0.703483638	3,5,8,10,13,16	put eat back on a wes
POOL	9638	0.703470541	2,4,6,11,15,16	too tea top axons sell off
POOL	9639	0.703466394	3,4,7,11,16	pop see bad car's self
POOL	9640	0.703447488	2,4,6,11,13,16	too tea top axons us well
POOL	9641	0.703437871	3,5,8,10,13,16	put eat back on as wells
POOL	9642	0.703429192	1,2,4,5,7,11,16	app oh tea too bad khan's shall
POOL	9643	0.703409303	3,5,7,11,16	foote eat bad cons self
POOL	9644	0.703399972	3,5,8,10,16	put eat back ahs vassal
POOL	9645	0.703387332	2,6,7,12,16	bull tet a cons self
POOL	9646	0.703375693	1,2,4,5,7,11,16	app oh tea too bad cons sel
POOL	9647	0.703370346	3,7,11,12,16	puck eat cons a self
POOL	9648	0.703341398	3,5,8,10,13,16	put eat back on as bel
POOL	9649	0.703335640	3,5,8,10,13,16	put eat back on a welp
POOL	9650	0.703330044	3,5,8,10,13,16	put eat back on a phelps
POOL	9651	0.703329110	3,5,8,10,13,16	put eat back on as ans
POOL	9652	0.703310448	1,2,4,5,7,11,16	app oh tea too bad khan's shells
POOL	9653	0.703308603	3,5,8,10,13,16	put eat back on a caf
POOL	9654	0.703291918	3,5,8,10,13,16	put eat back on as wear
POOL	9655	0.703252381	1,2,4,5,7,11,16	app oh tea too bad cons cel
POOL	9656	0.703249336	1,4,9,13,16	pea tea tek thus else
POOL	9657	0.703217959	3,5,8,10,13,16	put eat back on a saith
POOL	9658	0.703177751	3,5,8,10,13,16	put eat back on a yelp
POOL	9659	0.703177600	2,4,6,11,15,16	too tea top axons cell if
POOL	9660	0.703176614	3,6,7,11,16	took writ eye cons self
POOL	9661	0.703135993	2,9,11,16	pol t-back news self
POOL	9662	0.703134114	2,4,6,11,13,16	too tea top icons us l.'s
POOL	9663	0.703132892	3,5,8,10,13,16	put eat back on if fair
POOL	9664	0.703119327	1,2,4,5,7,11,16	app oh tea too bad cause chef
POOL	9665	0.703115499	3,4,9,13,16	took see tek thus else
POOL	9666	0.703100964	2,7,11,13,15,16	pull t-back cons us air fees
POOL	9667	0.703098760	3,5,8,10,13,16	put eat back on if ashe
POOL	9668	0.703085738	1,4,7,11,16	pearl tea tack cons self
POOL	9669	0.703082192	3,5,8,10,13,16	put eat back on a x
POOL	9670	0.703042243	4,7,11,12,13,16	pussy bow cons a see else
POOL	9671	0.703035264	2,4,6,11,13,16	too tea top axons us el
POOL	9672	0.702999765	3,5,8,10,16	put eat back oz vassal
POOL	9673	0.702975645	3,5,8,10,13,16	put eat back on if elk
POOL	9674	0.702973710	2,4,7,11,16	too tea bad kohn saith
POOL	9675	0.702915831	2,4,6,11,13,16	too tea top icons ass air
POOL	9676	0.702884571	3,5,8,10,13,16	put eat back on a melts
POOL	9677	0.702882868	2,6,7,11,16	per te a cons self
POOL	9678	0.702856804	3,5,8,10,13,16	put eat back on if wells
POOL	9679	0.702835598	2,4,6,11,15,16	too tea top axons cell off
POOL	9680	0.702830165	2,4,6,11,15,16	too tea top axons sell see
POOL	9681	0.702817860	2,6,7,9,13,16	power tit a car this else
POOL	9682	0.702811748	3,5,8,10,13,16	put eat back on as sells
POOL	9683	0.702801142	2,4,6,11,13,16	too tea top axons ass l.'s
POOL	9684	0.702793285	4,7,11,12,16	puts bad cons a self
POOL	9685	0.702790987	3,5,8,10,13,16	put eat back on a raff
POOL	9686	0.702772252	2,4,6,11,15,16	too tea top icons sell if
POOL	9687	0.702760331	3,5,8,10,13,16	put eat back on if bel
POOL	9688	0.702748043	3,5,8,10,13,16	put eat back on if ans
POOL	9689	0.702736676	1,2,4,5,7,11,16	app oh tea too bad cars elf
POOL	9690	0.702730688	2,6,9,13,16	too tit sack mesh else
POOL	9691	0.702722227	3,5,8,10,13,16	put eat back on as n.'s
POOL	9692	0.702715292	2,6,7,13,15,16	pao tit a conscious air fie
POOL	9693	0.702710851	3,5,8,10,13,16	put eat back on if wear
POOL	9694	0.702703915	3,5,8,10,13,16	put eat back on a ahl
POOL	9695	0.702689221	2,6,11,15,16	dew tit cons sell see
POOL	9696	0.702679654	3,5,8,10,13,16	put eat back on as ev
POOL	9697	0.702646984	3,5,8,10,13,16	put eat back on a gaff
POOL	9698	0.702615183	3,5,8,10,13,16	put eat back on as helps
POOL	9699	0.702596338	3,5,8,10,13,16	put eat back on a gaffe
POOL	9700	0.702587658	2,4,6,11,13,16	too tea top axons a air
POOL	9701	0.702572247	4,6,7,11,12,16	pussy cop a cons a self
POOL	9702	0.702530767	2,9,11,16	too t-back ann self
POOL	9703	0.702521829	2,4,9,13,16	paul tea back thus else
POOL	9704	0.702518106	3,5,8,10,13,16	put eat back on a nes
POOL	9705	0.702507461	3,5,8,10,13,16	put eat back on a ep
POOL	9706	0.702492290	3,5,8,10,13,16	put eat back on a alb
POOL	9707	0.702477897	3,5,8,10,13,16	put eat back on as nell
POOL	9708	0.702476217	2,4,6,11,13,16	too tea top icons us al
POOL	9709	0.702458631	3,5,8,10,13,16	put eat back on as golf
POOL	9710	0.702431077	3,5,8,10,13,16	put eat back on as rare
POOL	9711	0.702430250	2,4,6,11,15,16	too tea top icons sell off
POOL	9712	0.702411375	2,4,7,11,16	pause kee beck cons self
POOL	9713	0.702399841	2,6,7,13,15,16	pull kid a conscious air if
POOL	9714	0.702399406	3,5,8,10,13,16	put eat back on as eh
POOL	9715	0.702363807	3,5,8,10,13,16	put eat back on as arf
POOL	9716	0.702362139	3,5,8,10,13,16	put eat back on as pell
POOL	9717	0.702357442	4,7,9,11,13,16	pussy bee car news us else
POOL	9718	0.702342159	2,5,7,11,16	too tit bad carve shall
POOL	9719	0.702336748	2,4,6,11,13,16	too tea top axons us l
POOL	9720	0.702333943	1,2,4,5,7,11,16	app oh tea too bad khan's sells
POOL	9721	0.702332940	2,4,6,11,13,16	too tea top axons us elle
POOL	9722	0.702327795	1,2,4,5,7,11,16	app oh tea too bad cars cells
POOL	9723	0.702321565	3,5,8,10,13,16	put eat back on a tess
POOL	9724	0.702281359	2,4,6,7,13,16	pull tea cap al. conscious else
POOL	9725	0.702279455	4,7,11,12,13,16	booking bad cons a see else
POOL	9726	0.702262134	2,7,11,16	too t-back cons cells'
POOL	9727	0.702242120	3,5,8,10,13,16	put eat back on as nel
POOL	9728	0.702239677	2,6,8,11,16	too tit at ons sel
POOL	9729	0.702230681	3,5,8,10,13,16	put eat back on if sells
POOL	9730	0.702221633	3,5,8,10,13,16	put eat back on as shells
POOL	9731	0.702212905	2,4,6,11,15,16	too tea top axons shell if
POOL	9732	0.702210705	2,4,6,11,13,16	too tea top axons us eff
POOL	9733	0.702205766	2,4,8,11,16	oooh tea but ons self
POOL	9734	0.702195222	2,4,6,11,15,16	too tea top axons cell see
POOL	9735	0.702183512	4,7,11,13,15,16	pussy bad cons us air foot
POOL	9736	0.702157279	3,5,8,10,13,16	put eat back on a hess
POOL	9737	0.702146904	3,5,8,10,13,16	put eat back on as bells
POOL	9738	0.702143245	2,4,6,11,13,16	too tea top axons ass al
POOL	9739	0.702141161	3,5,8,10,13,16	put eat back on if n.'s
POOL	9740	0.702140152	2,4,6,11,13,16	too tea top axons us wealth
POOL	9741	0.702137308	2,4,6,11,15,16	too tea top icons cell if
POOL	9742	0.702133621	3,6,7,11,16	took eke a caused self
POOL	9743	0.702098587	3,5,8,10,13,16	put eat back on if ev
POOL	9744	0.702093719	3,5,8,10,13,16	put eat back on as emf
POOL	9745	0.702078991	3,5,8,10,13,16	put eat back on a kelp
POOL	9746	0.702074224	2,4,6,11,13,16	too tea top axons ass well
POOL	9747	0.702065183	1,2,4,5,7,11,16	app oh tea too bad cons seth
POOL	9748	0.702034116	3,5,8,10,13,16	put eat back on if helps
POOL	9749	0.702029361	3,5,8,10,13,16	put eat back on a epp
POOL	9750	0.701994972	2,4,6,11,13,16	too tea top icons us el
POOL	9751	0.701969872	2,5,9,11,13,16	pull tit becca e.'s us else
POOL	9752	0.701940573	3,5,8,10,13,16	put eat back on as env
POOL	9753	0.701923717	3,5,8,10,13,16	put eat back on a lis
POOL	9754	0.701899050	2,4,6,7,13,16	pull tea tube a conscious mel
POOL	9755	0.701896830	3,5,8,10,13,16	put eat back on if nell
POOL	9756	0.701895157	3,5,8,10,13,16	put eat back on a lass
POOL	9757	0.701892873	2,6,7,13,15,16	pull tit a conscious air leaf
POOL	9758	0.701877564	3,5,8,10,13,16	put eat back on if golf
POOL	9759	0.701870903	2,4,6,11,15,16	too tea top axons shell off
POOL	9760	0.701850010	3,5,8,10,13,16	put eat back on if rare
POOL	9761	0.701848012	3,5,8,10,13,16	put eat back on a bess
POOL	9762	0.701837280	1,4,7,11,16	hip tic bad cons self
POOL	9763	0.701826289	2,4,6,7,11,16	pull tin tube a cons affair
POOL	9764	0.701823070	4,7,10,13,16	tea bad khan's thus else
POOL	9765	0.701818339	3,5,8,10,13,16	put eat back on if eh
POOL	9766	0.701817144	3,5,8,10,13,16	put eat back on as eel
POOL	9767	0.701795306	2,4,6,11,15,16	too tea top icons cell off
POOL	9768	0.701791911	2,9,13,16	too t-back 'nuff else
POOL	9769	0.701786707	2,6,11,13,16	pour t conn. us else
POOL	9770	0.701782740	3,5,8,10,13,16	put eat back on if arf
POOL	9771	0.701781072	3,5,8,10,13,16	put eat back on if pell
POOL	9772	0.701760851	2,4,6,11,13,16	too tea top icons ass l.'s
POOL	9773	0.701757130	1,2,4,9,11,16	app oh tea t-back news health
POOL	9774	0.701754407	3,5,7,11,16	took eat ass cons self
POOL	9775	0.701754100	3,5,8,10,13,16	put eat back on as guelph
POOL	9776	0.701739479	3,5,8,10,13,16	put eat back on as mess
POOL	9777	0.701722308	1,2,4,5,7,11,16	app oh tea too bad khan's sel
POOL	9778	0.701662000	2,4,6,11,13,16	too tea top axons ass el
POOL	9779	0.701661053	3,5,8,10,13,16	put eat back on if nel
POOL	9780	0.701641970	2,4,6,11,13,16	too tea top axons us f
POOL	9781	0.701640566	3,5,8,10,13,16	put eat back on if shells
POOL	9782	0.701630795	3,5,8,10,13,16	put eat back on as sel
POOL	9783	0.701629861	3,5,8,10,13,16	put eat back on a luce
POOL	9784	0.701623988	3,5,8,10,13,16	put eat back on as eth
POOL	9785	0.701598995	1,2,4,5,7,11,16	app oh tea too bad khan's cel
POOL	9786	0.701565837	3,5,8,10,13,16	put eat back on if bells
POOL	9787	0.701559283	3,5,8,10,13,16	put eat back on a ralf
POOL	9788	0.701548977	1,2,4,5,9,13,16	app oh tea too bak this alf
POOL	9789	0.701536336	3,5,8,10,13,16	put eat back on as en
POOL	9790	0.701512652	3,5,8,10,13,16	put eat back on if emf
POOL	9791	0.701486931	3,5,8,10,13,16	put eat back on as cel
POOL	9792	0.701455656	3,5,8,10,13,16	put eat back on as delle
POOL	9793	0.701442889	1,2,4,5,7,11,16	app oh tea too bad cons alf
POOL	9794	0.701442491	4,7,10,13,16	pot bad cause ashe else
POOL	9795	0.701432677	2,4,6,11,13,16	too tea top axons a l.'s
POOL	9796	0.701382214	1,2,4,5,9,13,16	app oh tea too bak thus alf
POOL	9797	0.701376886	2,6,7,11,16	boe tit a karl self
POOL	9798	0.701371992	3,5,8,10,13,16	put eat back on as ills
POOL	9799	0.701367060	3,5,8,10,13,16	put eat back on as leif
POOL	9800	0.701359506	3,5,8,10,13,16	put eat back on if env
POOL	9801	0.701321904	3,5,8,10,12,16	'bout a 'bout -san tha self
POOL	9802	0.701314551	1,2,4,5,7,11,16	app oh tea too bad cause elf
POOL	9803	0.701298295	3,5,8,10,13,16	put eat back on as delft
POOL	9804	0.701296456	2,4,6,11,13,16	too tea top icons us l
POOL	9805	0.701295528	3,5,8,10,13,16	put eat back on as fel
POOL	9806	0.701292648	2,4,6,11,13,16	too tea top icons us elle
POOL	9807	0.701290136	3,5,8,10,13,16	put eat back on a dulce
POOL	9808	0.701284960	3,5,8,10,13,16	put eat back on a hesse
POOL	9809	0.701274685	2,6,7,12,16	too tit ash tonnes self
POOL	9810	0.701273019	3,5,8,10,13,16	put eat back on as cal
POOL	9811	0.701263475	3,5,8,10,13,16	put eat back on as neff
POOL	9812	0.701258594	3,5,8,10,13,16	put eat back on a exe
POOL	9813	0.701243828	2,5,9,11,12,16	pull kid becca news a self
POOL	9814	0.701239468	1,2,4,7,11,16	app oh tea t-back cons sell
POOL	9815	0.701236077	3,5,8,10,13,16	put eat back on if eel
POOL	9816	0.701230526	2,4,6,11,15,16	too tea top axons shell see
POOL	9817	0.701227273	3,5,8,10,13,16	put eat back on as loose
POOL	9818	0.701213694	3,5,8,10,13,16	put eat back on as kell
POOL	9819	0.701186590	3,5,8,10,13,16	put eat back on as pal
POOL	9820	0.701183455	3,5,8,10,13,16	put eat back on as filth
POOL	9821	0.701173033	3,5,8,10,13,16	put eat back on if guelph
POOL	9822	0.701172613	2,4,6,11,15,16	too tea top icons shell if
POOL	9823	0.701170413	2,4,6,11,13,16	too tea top icons us eff
POOL	9824	0.701162263	1,2,4,5,9,13,16	app oh tea too bak this self
POOL	9825	0.701158412	3,5,8,10,13,16	put eat back on if mess
POOL	9826	0.701154397	3,5,8,10,13,16	put eat back on a celts
POOL	9827	0.701102953	2,4,6,11,13,16	too tea top icons ass al
POOL	9828	0.701099861	2,4,6,11,13,16	too tea top icons us wealth
POOL	9829	0.701049728	3,5,8,10,13,16	put eat back on if sel
POOL	9830	0.701042921	3,5,8,10,13,16	put eat back on if eth
POOL	9831	0.701035056	2,6,8,11,16	too tit at swans self
POOL	9832	0.701015753	2,4,6,11,13,16	too tea top axons us ell
POOL	9833	0.701006895	2,4,6,11,13,16	too tea top axons us s
POOL	9834	0.700996213	3,5,8,10,13,16	put eat back on a ulm
POOL	9835	0.700995500	1,2,4,5,9,13,16	app oh tea too bak thus self
POOL	9836	0.700963484	2,4,6,11,13,16	too tea top axons ass l
POOL	9837	0.700963163	3,5,8,10,13,16	put eat back on as n
POOL	9838	0.700959676	2,4,6,11,13,16	too tea top axons ass elle
POOL	9839	0.700959338	2,7,11,12,13,16	poole t-back cons a see else
POOL	9840	0.700955269	3,5,8,10,13,16	put eat back on if en
POOL	9841	0.700944426	3,5,8,10,13,16	put eat back on as knell
POOL	9842	0.700929977	1,2,4,5,7,11,16	app oh tea too bad cons stealth
POOL	9843	0.700922411	1,2,4,5,7,11,16	app oh tea too bad cons sal
POOL	9844	0.700919893	2,4,9,11,16	too tea back nerve self
POOL	9845	0.700916067	3,5,8,10,13,16	put eat back on a aix
POOL	9846	0.700909015	3,5,8,10,13,16	put eat back on a epps
POOL	9847	0.700905864	3,5,8,10,13,16	put eat back on if cel
POOL	9848	0.700899222	2,6,9,11,16	poop tit at r.'s self
POOL	9849	0.700874589	3,5,8,10,13,16	put eat back on if delle
POOL	9850	0.700855974	1,2,4,5,7,11,16	app oh tea too bad cars shall
POOL	9851	0.700837441	2,4,6,11,13,16	too tea top axons ass eff
POOL	9852	0.700830611	2,4,6,11,15,16	too tea top icons shell off
POOL	9853	0.700810021	2,5,11,13,16	poe tight ben's us else
POOL	9854	0.700800637	3,5,8,10,13,16	put eat back on as seth
POOL	9855	0.700790925	3,5,8,10,13,16	put eat back on if ills
POOL	9856	0.700785993	3,5,8,10,13,16	put eat back on if leif
POOL	9857	0.700781036	2,6,9,13,16	poor tit at snes else
POOL	9858	0.700777890	1,2,4,8,11,16	app oh tea t-back ons health
POOL	9859	0.700774780	2,4,6,11,13,16	too tea top axons a al
POOL	9860	0.700766889	2,4,6,11,13,16	too tea top axons ass wealth
POOL	9861	0.700761646	2,4,8,11,12,16	pull tea t-back cause a self
POOL	9862	0.700737230	1,2,4,5,7,11,16	app oh tea too bad cars shells
POOL	9863	0.700729046	3,5,8,10,13,16	put eat back on a fess
POOL	9864	0.700717228	3,5,8,10,13,16	put eat back on if delft
POOL	9865	0.700714461	3,5,8,10,13,16	put eat back on if fel
POOL	9866	0.700692045	3,5,8,10,13,16	put eat back on a pelts
POOL	9867	0.700691952	3,5,8,10,13,16	put eat back on if cal
POOL	9868	0.700682409	3,5,8,10,13,16	put eat back on if neff
POOL	9869	0.700653051	3,5,8,10,13,16	put eat back on as beth
POOL	9870	0.700646207	3,5,8,10,13,16	put eat back on if loose
POOL	9871	0.700632628	3,5,8,10,13,16	put eat back on if kell
POOL	9872	0.700621708	2,4,6,11,13,16	too tea top icons ass el
POOL	9873	0.700605523	3,5,8,10,13,16	put eat back on if pal
POOL	9874	0.700604525	1,2,4,7,11,16	app oh tea t-back cons cell
POOL	9875	0.700604138	3,5,8,10,13,16	put eat back on as yells
POOL	9876	0.700602388	3,5,8,10,13,16	put eat back on if filth
POOL	9877	0.700601678	2,4,6,11,13,16	too tea top icons us f
POOL	9878	0.700571904	3,5,8,10,13,16	put eat back on as gal
POOL	9879	0.700556087	2,4,6,11,13,16	too tea top axons us ralph
POOL	9880	0.700479210	2,4,6,11,12,16	too tea top axons a sell
POOL	9881	0.700460369	3,5,8,10,13,16	put eat back on as las
POOL	9882	0.700433918	2,4,6,11,13,16	too tea top axons us ulf
POOL	9883	0.700411797	1,2,4,5,7,11,16	app oh tea too bad khan's seth
POOL	9884	0.700383344	2,4,6,7,13,16	pull tip tube how conscious else
POOL	9885	0.700382096	3,5,8,10,13,16	put eat back on if n
POOL	9886	0.700363359	3,5,8,10,13,16	put eat back on if knell
POOL	9887	0.700350907	3,5,8,10,13,16	put eat back on as des
POOL	9888	0.700293535	2,4,6,11,13,16	too tea top axons a el
POOL	9889	0.700268706	2,4,6,11,13,16	too tea top axons ass f
POOL	9890	0.700238305	2,4,6,11,13,16	too tea top axons us tell
POOL	9891	0.700233554	3,5,8,10,13,16	put eat back on as calf
POOL	9892	0.700227143	2,6,9,12,16	too tit zach a self
POOL	9893	0.700219571	3,5,8,10,13,16	put eat back on if seth
POOL	9894	0.700203151	3,5,8,10,13,16	put eat back on as val
POOL	9895	0.700198957	4,7,11,13,15,16	pussy bad cons saw air if
POOL	9896	0.700181201	3,5,7,11,16	took ich bad cons self
POOL	9897	0.700104581	3,5,8,10,13,16	put eat back on as pulse
POOL	9898	0.700089607	3,5,8,10,13,16	put eat back on as hal
POOL	9899	0.700071984	3,5,8,10,13,16	put eat back on if beth
POOL	9900	0.700038767	2,6,9,11,16	pu ti at news self
POOL	9901	0.700023071	3,5,8,10,13,16	put eat back on if yells
POOL	9902	0.699997790	3,5,8,10,13,16	put eat back on as lease
POOL	9903	0.699990837	3,5,8,10,13,16	put eat back on if gal
POOL	9904	0.699976304	3,5,8,10,13,16	put eat back on as raf
POOL	9905	0.699975462	2,4,6,11,13,16	too tea top icons us ell
POOL	9906	0.699966603	2,4,6,11,13,16	too tea top icons us s
POOL	9907	0.699940044	2,4,7,9,13,16	pull tea bad car enos else
POOL	9908	0.699937530	3,6,7,13,16	took eat a khan's el
POOL	9909	0.699923192	2,4,6,11,13,16	too tea top icons ass l
POOL	9910	0.699919384	2,4,6,11,13,16	too tea top icons ass elle
POOL	9911	0.699917071	1,2,4,5,7,11,16	app oh tea too bad cons cher
POOL	9912	0.699909188	1,2,4,5,7,12,16	app oh see too bad cons self
POOL	9913	0.699900643	2,5,7,11,16	plough kate bad cons self
POOL	9914	0.699879302	3,5,8,10,13,16	put eat back on if las
POOL	9915	0.699844267	2,4,6,11,12,16	too tea top axons a cell
POOL	9916	0.699809468	4,8,11,13,16	t. bike ons us else
POOL	9917	0.699797149	2,4,6,11,13,16	too tea top icons ass eff
POOL	9918	0.699789503	1,2,4,5,7,11,16	app oh tea too bad khan's alf
POOL	9919	0.699781051	3,5,8,10,13,16	put eat back on as meth
POOL	9920	0.699771628	2,4,8,11,16	too tea cat tonnes self
POOL	9921	0.699771487	3,5,8,10,13,16	put eat back on as est
POOL	9922	0.699769840	3,5,8,10,13,16	put eat back on if des
POOL	9923	0.699760726	1,2,4,5,7,11,16	app oh tea too bad cars sells
POOL	9924	0.699756827	3,5,8,10,13,16	put eat back on as ex
POOL	9925	0.699731713	4,7,9,12,16	puss bad car a self
POOL	9926	0.699729583	3,5,8,10,13,16	put eat back on as les
POOL	9927	0.699726597	2,4,6,11,13,16	too tea top icons ass wealth
POOL	9928	0.699702232	2,4,6,11,13,16	too tea top axons ass if
POOL	9929	0.699684881	3,5,8,10,13,16	put eat back on as mal
POOL	9930	0.699671002	2,4,11,16	too kiss batons self
POOL	9931	0.699652487	3,5,8,10,13,16	put eat back on if calf
POOL	9932	0.699649293	2,5,7,13,16	too tit bad khans elle
POOL	9933	0.699644808	3,6,11,13,16	butt eat cannes us else
POOL	9934	0.699642490	2,4,6,11,13,16	too tea top axons ass ell
POOL	9935	0.699639829	1,2,4,7,11,16	app oh tea t-back cons shell
POOL	9936	0.699633631	2,4,6,11,13,16	too tea top axons ass s
POOL	9937	0.699622084	3,5,8,10,13,16	put eat back on if val
POOL	9938	0.699595019	2,4,6,11,13,16	too tea top axons a l
POOL	9939	0.699591211	2,4,6,11,13,16	too tea top axons a elle
POOL	9940	0.699583231	2,6,10,13,16	too tic cause thus f.
POOL	9941	0.699574100	2,5,9,11,13,16	pull tit becca news lash else
POOL	9942	0.699540753	1,2,4,7,11,16	app oh tea t-back cons else
POOL	9943	0.699537733	2,4,6,7,13,16	pull tie tube a cava else
POOL	9944	0.699523514	3,5,8,10,13,16	put eat back on if pulse
POOL	9945	0.699515795	2,4,6,11,13,16	too tea top icons us ralph
POOL	9946	0.699508540	3,5,8,10,13,16	put eat back on if hal
POOL	9947	0.699476230	3,5,8,10,13,16	put eat back on as stealth
POOL	9948	0.699475326	3,5,8,10,13,16	put eat back on as hells
POOL	9949	0.699468976	2,4,6,11,13,16	too tea top axons a eff
POOL	9950	0.699445450	3,5,8,10,13,16	put eat back on as sal
POOL	9951	0.699438918	2,4,6,11,12,16	too tea top icons a sell
POOL	9952	0.699416723	3,5,8,10,13,16	put eat back on if lease
POOL	9953	0.699407672	1,2,4,5,7,11,16	app oh tea too bad cons saith
POOL	9954	0.699398423	2,4,6,11,13,16	too tea top axons a wealth
POOL	9955	0.699395237	3,5,8,10,13,16	put eat back on if raf
POOL	9956	0.699393627	2,4,6,11,13,16	too tea top icons us ulf
POOL	9957	0.699388307	3,7,11,12,16	took eat tongs a self
POOL	9958	0.699387571	4,7,11,13,15,16	pussy t'ang cons us air if
POOL	9959	0.699386106	1,2,4,5,9,13,16	app oh tea too bak nash alf
POOL	9960	0.699338704	3,5,8,10,13,16	put eat back on as welles
POOL	9961	0.699310518	1,2,4,7,11,16	app oh tea t-back khan's sell
POOL	9962	0.699276591	1,2,4,5,7,11,16	app oh tea too bad khan's stealth
POOL	9963	0.699269025	1,2,4,5,7,11,16	app oh tea too bad khan's sal
POOL	9964	0.699266181	2,6,7,13,15,16	pull pete a conscious air s.
POOL	9965	0.699228414	2,4,6,11,13,16	too tea top icons ass f
POOL	9966	0.699222494	3,5,8,10,13,16	put eat back on as ish
POOL	9967	0.699199984	3,5,8,10,13,16	put eat back on if meth
POOL	9968	0.699193494	3,5,8,10,13,16	put eat back on as aft
POOL	9969	0.699190421	3,5,8,10,13,16	put eat back on if est
POOL	9970	0.699182823	2,4,6,11,13,16	too tea top axons ass ralph
POOL	9971	0.699175760	3,5,8,10,13,16	put eat back on if ex
POOL	9972	0.699159030	3,6,11,13,16	port eat cons les else
POOL	9973	0.699149090	1,2,4,5,7,11,16	app oh tea too bad cars sel
POOL	9974	0.699148516	3,5,8,10,13,16	put eat back on if les
POOL	9975	0.699113290	1,2,4,5,7,11,16	app oh tea too bad cons shelf
POOL	9976	0.699113225	3,5,8,10,12,16	put eat back ahs the self
POOL	9977	0.699103815	3,5,8,10,13,16	put eat back on if mal
POOL	9978	0.699093900	2,4,9,11,13,16	pull tea t-back news us deaf
POOL	9979	0.699089117	2,5,11,12,16	too bit benz a self
POOL	9980	0.699060655	2,4,6,11,13,16	too tea top axons ass ulf
POOL	9981	0.699053990	3,5,11,13,16	took eat benz us else
POOL	9982	0.699025778	1,2,4,5,7,11,16	app oh tea too bad cars cel
POOL	9983	0.699023705	2,4,6,11,13,16	too tea top axons us ass
POOL	9984	0.699010185	1,2,4,7,11,16	app oh tea t-back cons chef
POOL	9985	0.698999392	1,2,4,5,9,13,16	app oh tea too bak nash self
POOL	9986	0.698984628	3,5,8,10,13,16	put eat back on as arse
POOL	9987	0.698920440	2,4,7,13,15,16	boss' tea bad conscious air if
POOL	9988	0.698900241	2,4,6,11,13,16	too tea top axons a f
POOL	9989	0.698895163	3,5,8,10,13,16	put eat back on if stealth
POOL	9990	0.698894259	3,5,8,10,13,16	put eat back on if hells
POOL	9991	0.698881969	2,6,11,12,16	too did cons ill self
POOL	9992	0.698879571	2,4,6,11,12,16	too tea top axons a shell
POOL	9993	0.698865041	2,4,6,11,13,16	too tea top axons ass tell
POOL	9994	0.698864384	3,5,8,10,13,16	put eat back on if sal
POOL	9995	0.698863317	3,5,8,10,13,16	put eat back on as eels
POOL	9996	0.698803975	2,4,6,11,12,16	too tea top icons a cell
POOL	9997	0.698794738	2,4,6,11,12,16	too see top icons a health
POOL	9998	0.698779719	3,5,8,10,12,16	put eat back oz the self
POOL	9999	0.698776211	2,4,6,11,13,16	too tea top axons us e'er
POOL	10000	0.698757637	3,5,8,10,13,16	put eat back on if welles
POOL	10001	0.698756200	3,5,8,10,13,16	put eat back on as dal
POOL	10002	0.698718379	3,5,8,10,13,16	put eat back on as m
POOL	10003	0.698697772	2,4,6,11,15,16	too tea top axons sell shh
POOL	10004	0.698675575	1,2,4,7,11,16	app oh tea t-back khan's cell
POOL	10005	0.698667562	2,4,6,11,15,16	too tea top axons sell fee
POOL	10006	0.698651365	3,6,11,12,16	pod eat cons a self
POOL	10007	0.698650052	3,5,8,10,13,16	put eat back on as elms
POOL	10008	0.698644325	4,7,9,11,13,16	pussy bad cub news us else
POOL	10009	0.698641427	3,5,8,10,13,16	put eat back on if ish
POOL	10010	0.698627956	3,5,8,10,13,16	put eat back on as halle
POOL	10011	0.698612427	3,5,8,10,13,16	put eat back on if aft
POOL	10012	0.698602198	2,4,6,11,13,16	too tea top icons ass ell
POOL	10013	0.698593339	2,4,6,11,13,16	too tea top icons ass s
POOL	10014	0.698581315	2,6,11,12,16	too tit cons na self
POOL	10015	0.698565592	4,6,7,11,15,16	patti tube a cons sell if
POOL	10016	0.698519917	2,4,9,12,16	too tea tek knee self
POOL	10017	0.698517983	2,6,7,12,16	too tit a cons spell
POOL	10018	0.698497361	3,5,8,10,13,16	put eat back on as belles
POOL	10019	0.698471102	3,5,8,10,13,16	put eat back on as belts
POOL	10020	0.698404123	3,5,8,10,13,16	put eat back on as bal
POOL	10021	0.698403561	3,5,8,10,13,16	put eat back on if arse
POOL	10022	0.698398559	2,4,6,7,13,16	pull til ti a conscious else
POOL	10023	0.698363038	3,5,8,10,13,16	put eat back on a shelf
POOL	10024	0.698348530	2,5,8,11,16	too test black ons self
POOL	10025	0.698282250	3,5,8,10,13,16	put eat back on if eels
POOL	10026	0.698274024	2,4,6,11,13,16	too tea top axons a ell
POOL	10027	0.698265166	2,4,6,11,13,16	too tea top axons a s
POOL	10028	0.698264497	5,7,11,13,16	put bad cons death else
POOL	10029	0.698263686	1,2,4,5,7,11,16	app oh tea too bad khan's cher
POOL	10030	0.698261388	2,6,7,11,14,16	pom tit a cons assess laugh
POOL	10031	0.698256156	4,6,7,11,12,16	pussy tube in cons a self
POOL	10032	0.698249927	2,4,6,11,12,16	too tea top axons a chef
POOL	10033	0.698249841	3,6,9,13,16	took eat at thus f
POOL	10034	0.698245858	3,5,8,10,13,16	put eat back on as lal
POOL	10035	0.698227962	4,6,7,11,13,16	footing tube a cons bass else
POOL	10036	0.698223603	3,5,8,10,13,16	put eat back on as fells
POOL	10037	0.698213402	2,4,6,10,13,16	too see too add-on this elf
POOL	10038	0.698185149	3,5,8,10,13,16	put eat back on as kal
POOL	10039	0.698177847	2,5,8,11,16	talk tit black ons self
POOL	10040	0.698175133	3,5,8,10,13,16	put eat back on if dal
POOL	10041	0.698142488	2,4,8,11,13,16	pull tea t-back ons us guess
POOL	10042	0.698137312	3,5,8,10,13,16	put eat back on if m
POOL	10043	0.698102936	2,4,8,11,12,16	pull she t-back ons a self
POOL	10044	0.698092422	2,6,10,13,16	too tit cause slash else
POOL	10045	0.698068985	3,5,8,10,13,16	put eat back on if elms
POOL	10046	0.698062828	2,4,6,11,15,16	too tea top axons cell shh
POOL	10047	0.698046889	3,5,8,10,13,16	put eat back on if halle
POOL	10048	0.698032618	2,4,6,11,15,16	too tea top axons cell fee
POOL	10049	0.697996697	3,5,8,10,13,16	put eat back on as leith
POOL	10050	0.697994486	1,2,4,7,11,16	app oh tea t-back cons share
POOL	10051	0.697978148	2,6,7,13,15,16	pull tit ran conscious air if
POOL	10052	0.697976347	3,5,8,10,13,16	put eat back on as ness
POOL	10053	0.697965887	3,5,8,10,13,16	put eat back on as wes
POOL	10054	0.697916294	3,5,8,10,13,16	put eat back on if belles
POOL	10055	0.697906957	3,6,11,13,16	took eat pons ish else
POOL	10056	0.697895956	4,7,11,12,13,16	bookie bad cons a s else
POOL	10057	0.697890035	3,5,8,10,13,16	put eat back on if belts
POOL	10058	0.697823056	3,5,8,10,13,16	put eat back on if bal
POOL	10059	0.697819613	2,4,9,12,16	too ti tek a self
POOL	10060	0.697817889	3,5,8,10,13,16	put eat back on as welp
POOL	10061	0.697814358	2,4,6,11,13,16	too tea top axons a ralph
POOL	10062	0.697812293	3,5,8,10,13,16	put eat back on as phelps
POOL	10063	0.697790852	3,5,8,10,13,16	put eat back on as caf
POOL	10064	0.697774020	2,6,9,11,16	aw tit dak news self
POOL	10065	0.697752620	2,4,9,13,15,16	pull tea t-back neff air if
POOL	10066	0.697710879	1,2,4,7,11,16	app oh tea t-back khan's shell
POOL	10067	0.697700984	4,6,7,11,13,16	pussy tube a cons us airs
POOL	10068	0.697700208	3,5,8,10,13,16	put eat back on as saith
POOL	10069	0.697692189	2,4,6,11,13,16	too tea top axons a ulf
POOL	10070	0.697685899	2,5,11,12,16	paul tit ben's a self
POOL	10071	0.697676146	2,4,6,11,15,16	too tea top axons sell saw
POOL	10072	0.697664791	3,5,8,10,13,16	put eat back on if lal
POOL	10073	0.697660000	3,5,8,10,13,16	put eat back on as yelp
POOL	10074	0.697650441	2,4,6,11,13,16	too tea top axons ass ass
POOL	10075	0.697642536	3,5,8,10,13,16	put eat back on if fells
POOL	10076	0.697616471	2,6,11,13,16	cow tit cons us cell
POOL	10077	0.697611803	1,2,4,7,11,16	app oh tea t-back khan's else
POOL	10078	0.697604082	3,5,8,10,13,16	put eat back on if kal
POOL	10079	0.697568030	2,6,13,16	too tait conscious else
POOL	10080	0.697564441	3,5,8,10,13,16	put eat back on as x
POOL	10081	0.697551274	2,7,11,13,15,16	poll t-back cons us air if
POOL	10082	0.697523264	2,4,6,11,15,16	too tea top axons sell earth
POOL	10083	0.697479854	2,4,8,11,16	too tea bad ons seth
POOL	10084	0.697470596	2,4,6,11,16	pause tea tube cons sal
POOL	10085	0.697464830	2,4,6,9,13,16	pull tea tube at enos else
POOL	10086	0.697449043	3,6,9,13,16	took eat at snes else
POOL	10087	0.697415630	3,5,8,10,13,16	put eat back on if leith
POOL	10088	0.697402947	2,4,6,11,13,16	too tea top axons ass e'er
POOL	10089	0.697395280	3,5,8,10,13,16	put eat back on if ness
POOL	10090	0.697391555	1,2,4,8,11,16	app oh t t-back ons health
POOL	10091	0.697385299	3,8,11,13,16	took tack ons us else
POOL	10092	0.697384820	3,5,8,10,13,16	put eat back on if wes
POOL	10093	0.697378893	2,7,11,13,15,16	pull t-back cons f air ass
POOL	10094	0.697366820	3,5,8,10,13,16	put eat back on as melts
POOL	10095	0.697346420	2,4,6,11,15,16	too tea top axons sell us
POOL	10096	0.697273236	3,5,8,10,13,16	put eat back on as raff
POOL	10097	0.697272237	1,2,4,5,7,10,16	app oh tea too bad con self
POOL	10098	0.697236822	3,5,8,10,13,16	put eat back on if welp
POOL	10099	0.697231226	3,5,8,10,13,16	put eat back on if phelps
POOL	10100	0.697220534	4,7,9,11,13,16	pussy bad car heirs us else
POOL	10101	0.697216286	1,2,4,5,7,11,16	app oh tea too bad cars alf
POOL	10102	0.697209785	3,5,8,10,13,16	put eat back on if caf
POOL	10103	0.697186164	3,5,8,10,13,16	put eat back on as ahl
POOL	10104	0.697160553	4,7,11,14,16	pot bap cons said laugh
POOL	10105	0.697142017	1,2,4,7,11,16	app oh tea t-back cons cells
POOL	10106	0.697129233	3,5,8,10,13,16	put eat back on as gaff
POOL	10107	0.697119141	3,5,8,10,13,16	put eat back on if saith
POOL	10108	0.697109153	4,7,11,12,13,16	pussy bad cons a fur else
POOL	10109	0.697098133	2,4,6,11,15,16	too tea top axons shell shh
POOL	10110	0.697089191	4,6,7,11,13,16	pussy dup a cons ess else
POOL	10111	0.697088756	4,6,7,11,13,16	pussy cab a cons us f.
POOL	10112	0.697081235	1,2,4,7,11,16	app oh tea t-back khan's chef
POOL	10113	0.697078934	3,5,8,10,13,16	put eat back on if yelp
POOL	10114	0.697078587	3,5,8,10,13,16	put eat back on as gaffe
POOL	10115	0.697077909	2,6,8,11,16	too tait fat ons self
POOL	10116	0.697067923	2,4,6,11,15,16	too tea top axons shell fee
POOL	10117	0.697052696	2,4,6,11,15,16	too tea top axons sell sh
POOL	10118	0.697041202	2,4,6,11,15,16	too tea top axons cell saw
POOL	10119	0.697006061	4,6,7,11,12,16	pussy tube a cons dah self
POOL	10120	0.697000355	3,5,8,10,13,16	put eat back on as nes
POOL	10121	0.696989710	3,5,8,10,13,16	put eat back on as ep
POOL	10122	0.696983374	3,5,8,10,13,16	put eat back on if x
POOL	10123	0.696974539	3,5,8,10,13,16	put eat back on as alb
POOL	10124	0.696904613	1,2,4,7,11,16	app oh tea t-back cons elf
POOL	10125	0.696901110	2,5,9,11,12,16	pull tit becca env a self
POOL	10126	0.696888320	2,4,6,11,15,16	too tea top axons cell earth
POOL	10127	0.696886634	3,5,7,11,16	took eat bad cons shells
POOL	10128	0.696817756	2,4,6,11,13,16	too tea top axons us aff
POOL	10129	0.696803814	3,5,8,10,13,16	put eat back on as tess
POOL	10130	0.696785753	3,5,8,10,13,16	put eat back on if melts
POOL	10131	0.696777241	4,7,10,12,16	putt bad cause a self
POOL	10132	0.696711477	2,4,6,11,15,16	too tea top axons cell us
POOL	10133	0.696692169	3,5,8,10,13,16	put eat back on if raff
POOL	10134	0.696677620	2,4,6,11,15,16	too tea top axons sell fur
POOL	10135	0.696639528	3,5,8,10,13,16	put eat back on as hess
POOL	10136	0.696605097	3,5,8,10,13,16	put eat back on if ahl
POOL	10137	0.696561240	3,5,8,10,13,16	put eat back on as kelp
POOL	10138	0.696548166	3,5,8,10,13,16	put eat back on if gaff
POOL	10139	0.696544262	4,6,11,13,16	put tube cons us ef
POOL	10140	0.696511610	3,5,8,10,13,16	put eat back on as epp
POOL	10141	0.696497520	3,5,8,10,13,16	put eat back on if gaffe
POOL	10142	0.696419288	3,5,8,10,13,16	put eat back on if nes
POOL	10143	0.696417753	2,4,6,11,15,16	too tea top axons cell sh
POOL	10144	0.696408643	3,5,8,10,13,16	put eat back on if ep
POOL	10145	0.696405966	3,5,8,10,13,16	put eat back on as lis
POOL	10146	0.696405075	2,4,6,11,13,16	too tea top axons ass els
POOL	10147	0.696395606	1,4,7,11,16	pooh tea bad cons saith
POOL	10148	0.696393472	3,5,8,10,13,16	put eat back on if alb
POOL	10149	0.696391955	2,4,11,16	pore tea batons self
POOL	10150	0.696379261	1,2,4,8,11,16	app oh tea t-back ons sell
POOL	10151	0.696377406	3,5,8,10,13,16	put eat back on as lass
POOL	10152	0.696342564	2,6,11,15,16	pew tit cons sell fuck
POOL	10153	0.696330261	3,5,8,10,13,16	put eat back on as bess
POOL	10154	0.696307851	3,6,7,11,16	ott eat ad cons self
POOL	10155	0.696294041	2,4,9,13,15,16	pow tea t-back this air f
POOL	10156	0.696242380	2,4,6,11,13,16	too tea top axons ass heir
POOL	10157	0.696222747	3,5,8,10,13,16	put eat back on if tess
POOL	10158	0.696179228	3,4,9,13,16	took be tek thus else
POOL	10159	0.696144047	2,7,11,16	coo t-back cons self
POOL	10160	0.696112110	3,5,8,10,13,16	put eat back on as luce
POOL	10161	0.696076507	2,4,6,11,15,16	too tea top axons shell saw
POOL	10162	0.696065536	1,2,4,7,11,16	app oh tea t-back khan's share
POOL	10163	0.696058461	3,5,8,10,13,16	put eat back on if hess
POOL	10164	0.696042679	4,7,11,16	spotty bad cons self
POOL	10165	0.696042677	2,4,6,11,15,16	too tea top axons cell fur
POOL	10166	0.696041532	3,5,8,10,13,16	put eat back on as ralf
POOL	10167	0.696034482	2,4,6,11,13,16	too tea top axons a e'er
POOL	10168	0.696012011	2,4,7,11,15,16	pull tea bad cons affaires if
POOL	10169	0.695980173	3,5,8,10,13,16	put eat back on if kelp
POOL	10170	0.695974533	1,4,9,13,16	up tea tek thus el
POOL	10171	0.695936484	2,7,11,12,13,16	pull t-back cons a sheet else
POOL	10172	0.695930544	3,5,8,10,13,16	put eat back on if epp
POOL	10173	0.695923625	2,4,6,11,15,16	too tea top axons shell earth
POOL	10174	0.695876677	3,4,7,11,16	polk see b'y cons self
POOL	10175	0.695875742	2,4,6,11,15,16	too tea top axons shell she
POOL	10176	0.695824899	3,5,8,10,13,16	put eat back on if lis
POOL	10177	0.695819545	2,4,6,11,13,16	too tea top axons ass hell
POOL	10178	0.695796339	3,5,8,10,13,16	put eat back on if lass
POOL	10179	0.695783624	2,6,7,12,16	too twit have cons self
POOL	10180	0.695772385	3,5,8,10,13,16	put eat back on as dulce
POOL	10181	0.695767209	3,5,8,10,13,16	put eat back on as hesse
POOL	10182	0.695759684	4,7,11,12,16	pea bad cons a air
POOL	10183	0.695758862	1,2,4,9,11,16	app oh tea t-back news shell
POOL	10184	0.695752601	2,4,6,11,15,16	too tea top axons sell sea
POOL	10185	0.695749195	3,5,8,10,13,16	put eat back on if bess
POOL	10186	0.695748847	2,4,6,11,15,16	too tea top axons sell sir
POOL	10187	0.695746781	2,4,6,11,15,16	too tea top axons shell us
POOL	10188	0.695744317	1,2,4,8,11,16	app oh tea t-back ons cell
POOL	10189	0.695740843	3,5,8,10,13,16	put eat back on as exe
POOL	10190	0.695643665	2,4,6,11,13,16	too tea top axons ass ef
POOL	10191	0.695639871	3,4,7,11,16	took with tass cons self
POOL	10192	0.695636646	3,5,8,10,13,16	put eat back on as celts
POOL	10193	0.695600459	2,4,6,11,13,16	too tea top axons ass ill
POOL	10194	0.695564126	4,6,7,11,15,16	pussy tube a cons sell calf
POOL	10195	0.695558625	2,5,11,12,13,16	oh tit batons a see else
POOL	10196	0.695531043	3,5,8,10,13,16	put eat back on if luce
POOL	10197	0.695512828	2,5,9,11,16	too tit dec runs self
POOL	10198	0.695507998	4,6,7,11,13,16	pouting stab a cons us else
POOL	10199	0.695478462	3,5,8,10,13,16	put eat back on as ulm
POOL	10200	0.695460465	3,5,8,10,13,16	put eat back on if ralf
POOL	10201	0.695453057	2,4,6,11,15,16	too tea top axons shell sh
POOL	10202	0.695444493	2,4,6,11,13,16	too tea top axons ass aff
POOL	10203	0.695398316	3,5,8,10,13,16	put eat back on as aix
POOL	10204	0.695394489	2,4,6,11,15,16	too tea top axons sell ass
POOL	10205	0.695391264	3,5,8,10,13,16	put eat back on as epps
POOL	10206	0.695358152	4,7,11,13,15,16	pussy bash cons us air sci
POOL	10207	0.695309785	2,5,7,11,16	daw tit bud cons self
POOL	10208	0.695308920	2,4,6,11,16	too pee tube cons saith
POOL	10209	0.695286312	4,11,12,16	tea batons a self
POOL	10210	0.695253018	2,6,8,11,16	too twit at odds self
POOL	10211	0.695213067	1,2,4,7,11,16	app oh tea t-back khan's cells
POOL	10212	0.695211295	3,5,8,10,13,16	put eat back on as fess
POOL	10213	0.695191318	3,5,8,10,13,16	put eat back on if dulce
POOL	10214	0.695186142	3,5,8,10,13,16	put eat back on if hesse
POOL	10215	0.695174294	3,5,8,10,13,16	put eat back on as pelts
POOL	10216	0.695159776	3,5,8,10,13,16	put eat back on if exe
POOL	10217	0.695137877	2,6,7,11,14,16	pull tit a cons assess l
POOL	10218	0.695129217	1,2,4,9,11,16	app oh tea t-back news chef
POOL	10219	0.695127437	3,5,8,10,13,16	put eat back on a if
POOL	10220	0.695117657	2,4,6,11,15,16	too tea top axons cell sea
POOL	10221	0.695113904	2,4,6,11,15,16	too tea top axons cell sir
POOL	10222	0.695077982	2,4,6,11,15,16	too tea top axons shell fur
POOL	10223	0.695055579	3,5,8,10,13,16	put eat back on if celts
POOL	10224	0.695039304	1,2,4,7,11,16	app oh tea t-back cons shells
POOL	10225	0.695036610	2,4,6,11,13,16	too tea top axons a els
POOL	10226	0.695026588	2,6,10,13,16	due kidd cause thus else
POOL	10227	0.695019520	2,9,13,16	uh t-back thus else
POOL	10228	0.694996660	2,4,6,11,13,16	too tea top axons ass sell
POOL	10229	0.694975663	1,2,4,7,11,16	app oh tea t-back khan's elf
POOL	10230	0.694948295	2,4,6,7,13,16	uhh tea bah a conscious else
POOL	10231	0.694907235	2,5,8,11,16	too tit beak ons self
POOL	10232	0.694897395	3,5,8,10,13,16	put eat back on if ulm
POOL	10233	0.694887751	2,6,7,11,12,16	pull treat a cons ia self
POOL	10234	0.694886687	1,2,4,5,7,11,16	app oh tea too bad cars shelf
POOL	10235	0.694884152	2,6,13,16	too tit conscious tell
POOL	10236	0.694873915	2,4,6,11,13,16	too tea top axons a heir
POOL	10237	0.694867976	3,6,11,13,16	took eat cons us pulse
POOL	10238	0.694817249	3,5,8,10,13,16	put eat back on if aix
POOL	10239	0.694810197	3,5,8,10,13,16	put eat back on if epps
POOL	10240	0.694794688	2,4,6,11,15,16	too tea top axons sell fir
POOL	10241	0.694792041	1,2,4,7,11,16	app oh tea t-back cons shall
POOL	10242	0.694779622	1,2,4,8,11,16	app oh tea t-back ons shell
POOL	10243	0.694759546	2,4,6,11,15,16	too tea top axons cell ass
POOL	10244	0.694746776	2,6,10,12,16	too tits cause a self
POOL	10245	0.694682523	1,2,4,5,7,10,16	app oh tea too bad car self
POOL	10246	0.694680546	1,2,4,8,11,16	app oh tea t-back ons else
POOL	10247	0.694677162	2,4,6,11,13,16	too tea top axons ass elm
POOL	10248	0.694665540	3,6,7,11,16	pat eat a cons cell's
POOL	10249	0.694643446	2,8,11,16	too t-back son's self
POOL	10250	0.694637178	3,5,8,10,12,16	put eat bak on the health
POOL	10251	0.694630228	3,5,8,10,13,16	put eat back on if fess
POOL	10252	0.694625383	3,6,7,11,16	bots eat a cannes self
POOL	10253	0.694593227	3,5,8,10,13,16	put eat back on if pelts
POOL	10254	0.694586531	2,4,6,11,13,16	too tea top axons ass err
POOL	10255	0.694546985	2,6,11,12,16	too tea cons a spell
POOL	10256	0.694539891	1,2,4,5,7,10,16	app oh tea too bad conn self
POOL	10257	0.694520579	2,4,6,11,15,16	too tea top axons sell eff
POOL	10258	0.694472539	2,7,11,13,15,16	pull t-back cons us elm fa
POOL	10259	0.694448849	2,5,7,12,16	too kids bad cons self
POOL	10260	0.694368061	2,4,6,11,15,16	too tea top axons sell foo
POOL	10261	0.694361716	2,4,6,11,13,16	too tea top axons ass cell
POOL	10262	0.694275200	2,4,6,11,13,16	too tea top axons a ef
POOL	10263	0.694273078	2,4,8,9,13,16	spa tea t-back ahh this else
POOL	10264	0.694233327	2,4,6,11,13,16	too tea top axons ass fell
POOL	10265	0.694199412	5,7,11,13,16	twit ben come us else
POOL	10266	0.694159744	2,4,6,11,15,16	too tea top axons cell fir
POOL	10267	0.694152962	2,4,6,11,15,16	too tea top axons shell sea
POOL	10268	0.694149977	1,2,4,8,11,16	app oh tea t-back ons chef
POOL	10269	0.694149208	2,4,6,11,15,16	too tea top axons shell sir
POOL	10270	0.694147102	1,2,4,7,11,16	app oh tea t-back cons sells
POOL	10271	0.694099394	4,7,11,13,14,16	pussy bad cons sir a laugh
POOL	10272	0.694076027	2,4,6,11,13,16	too tea top axons a aff
POOL	10273	0.694072372	2,5,7,12,16	puff tit bad cons self
POOL	10274	0.694043523	2,4,6,11,13,16	too tea top axons us aer
POOL	10275	0.694001414	2,4,8,11,12,16	bosch tea t-back ons a self
POOL	10276	0.693972961	2,4,9,13,16	poe day back thus else
POOL	10277	0.693957334	3,6,7,12,16	took knit a cons self
POOL	10278	0.693951844	2,4,6,11,15,16	too tea top axons sell f
POOL	10279	0.693920621	2,4,6,11,13,16	too tea top axons ass als
POOL	10280	0.693885635	2,4,6,11,15,16	too tea top axons cell eff
POOL	10281	0.693829444	2,4,6,11,13,16	too tea top axons ass ere
POOL	10282	0.693807397	2,8,11,16	ball t-back ons self
POOL	10283	0.693802238	2,4,6,11,13,16	too tea top axons ass eyre
POOL	10284	0.693798900	3,4,7,11,16	took bee bad carne self
POOL	10285	0.693794850	2,4,6,11,15,16	too tea top axons shell ass
POOL	10286	0.693784330	2,4,6,11,15,16	too tea top axons sell oof
POOL	10287	0.693733118	2,4,6,11,15,16	too tea top axons cell foo
POOL	10288	0.693725404	2,4,7,13,15,16	pulled tea pah conscious air if
POOL	10289	0.693650881	2,6,7,11,15,16	pull tit a cons hassle if
POOL	10290	0.693609113	4,9,11,16	pussy tek news self
POOL	10291	0.693540340	2,4,6,11,13,16	too tea top axons us airs
POOL	10292	0.693527393	2,4,6,11,15,16	too tea top axons sell fer
POOL	10293	0.693522841	2,6,7,11,14,16	pull dic a cons assess laugh
POOL	10294	0.693517374	1,2,6,7,11,16	up oh tit a cons sheriff
POOL	10295	0.693479376	4,7,11,12,13,16	pussy bad comm a see else
POOL	10296	0.693464562	1,2,4,5,7,11,16	app oh tea too bad cause shelf
POOL	10297	0.693452641	2,5,9,10,13,16	pu tit becca new this else
POOL	10298	0.693381517	2,7,11,16	too t-back cones self
POOL	10299	0.693343885	2,4,6,11,15,16	too tea top axons sell fa
POOL	10300	0.693332859	2,6,11,12,16	too tit conned 'cause self
POOL	10301	0.693316900	2,4,6,11,15,16	too tea top axons cell f
POOL	10302	0.693316769	2,4,6,11,15,16	too tea top axons sell s
POOL	10303	0.693308696	2,4,6,11,13,16	too tea top axons a elm
POOL	10304	0.693259143	2,5,11,12,13,16	pull teak batons a see else
POOL	10305	0.693226617	4,6,8,11,13,16	pussy tube met ons us else
POOL	10306	0.693226231	2,4,6,11,15,16	too tea top axons sell pfft
POOL	10307	0.693224884	2,4,6,11,13,16	too tea top axons ass ess
POOL	10308	0.693218066	2,4,6,11,13,16	too tea top axons a err
POOL	10309	0.693209929	2,6,7,12,16	po pete uh cons self
POOL	10310	0.693197585	2,4,6,11,13,16	too tea top axons ass laugh
POOL	10311	0.693195049	2,4,6,11,15,16	too tea top axons shell fir
POOL	10312	0.693188541	2,4,6,11,15,16	too tea top axons sell aff
POOL	10313	0.693186855	2,7,11,13,15,16	pull t-back cons us bare if
POOL	10314	0.693166718	2,6,9,12,16	pao tit at a self
POOL	10315	0.693158225	2,5,9,13,16	too tit dak sash else
POOL	10316	0.693149386	2,4,6,11,15,16	too tea top axons cell oof
POOL	10317	0.693134279	1,2,4,8,11,16	app oh tea t-back ons share
POOL	10318	0.693121400	2,5,7,11,16	too tit bah john's self
POOL	10319	0.693110354	1,2,4,7,11,16	app oh tea t-back khan's shells
POOL	10320	0.693049218	2,4,6,11,13,16	too tea top axons ass nth
POOL	10321	0.693023646	1,2,4,9,11,16	app oh tea t-back news elf
POOL	10322	0.693017595	2,5,9,11,16	tow tit basque news self
POOL	10323	0.692992926	1,2,4,8,11,16	app oh t t-back ons sell
POOL	10324	0.692978114	3,5,8,10,12,16	'bout a 'bout 'pon tha self
POOL	10325	0.692966149	1,2,4,7,11,16	app oh tea t-back cons sel
POOL	10326	0.692920940	2,4,6,11,15,16	too tea top axons shell eff
POOL	10327	0.692892449	2,4,6,11,15,16	too tea top axons cell fer
POOL	10328	0.692872522	2,4,6,11,13,16	too tea top axons ass bell
POOL	10329	0.692863091	1,2,4,7,11,16	app oh tea t-back khan's shall
POOL	10330	0.692853423	2,7,11,12,13,16	pull t-back tarn a see else
POOL	10331	0.692845287	3,5,8,10,13,16	put eat back on as shelf
POOL	10332	0.692822285	1,2,4,7,11,16	app oh tea t-back cons cel
POOL	10333	0.692776008	2,5,8,11,16	too tit black ons cells
POOL	10334	0.692775178	2,6,8,11,16	too peat at ons elf
POOL	10335	0.692768423	2,4,6,11,15,16	too tea top axons shell foo
POOL	10336	0.692708941	2,4,6,11,15,16	too tea top axons cell fa
POOL	10337	0.692683189	4,7,11,13,14,16	pussy ca cons us a laugh
POOL	10338	0.692681825	2,4,6,11,15,16	too tea top axons cell s
POOL	10339	0.692670259	2,4,6,11,13,16	too tea top axons ass aer
POOL	10340	0.692638927	2,4,6,11,13,16	too tea top axons ass esse
POOL	10341	0.692629986	4,7,13,16	push tat conscious else
POOL	10342	0.692591287	2,4,6,11,15,16	too tea top axons cell pfft
POOL	10343	0.692562048	2,4,6,11,13,16	too tea top axons ass elks
POOL	10344	0.692553598	2,4,6,11,15,16	too tea top axons cell aff
POOL	10345	0.692552156	2,4,6,11,13,16	too tea top axons a als
POOL	10346	0.692522246	2,6,8,11,16	too tit et ons shells
POOL	10347	0.692463782	6,11,13,16	petite cans ass else
POOL	10348	0.692460979	2,4,6,11,13,16	too tea top axons a ere
POOL	10349	0.692437951	2,4,6,11,13,16	too tea top axons ass es
POOL	10350	0.692433772	2,4,6,11,13,16	too tea top axons a eyre
POOL	10351	0.692378955	2,4,6,11,15,16	too tea top axons sell phu
POOL	10352	0.692357983	1,2,4,8,11,16	app oh t t-back ons cell
POOL	10353	0.692352205	2,4,6,11,15,16	too tea top axons shell f
POOL	10354	0.692343568	3,4,7,11,16	took see tube cons seth
POOL	10355	0.692303443	2,4,6,11,15,16	too tea top axons sell fie
POOL	10356	0.692285796	2,4,6,11,13,16	too tea top axons ass f.'s
POOL	10357	0.692283202	2,5,8,11,16	too tit black nuns self
POOL	10358	0.692281809	1,2,4,8,11,16	app oh tea t-back ons cells
POOL	10359	0.692269179	2,4,6,11,13,16	too tea top axons ass ash
POOL	10360	0.692264220	3,5,8,10,13,16	put eat back on if shelf
POOL	10361	0.692260942	2,5,9,11,13,16	pull tit becca news us share
POOL	10362	0.692257445	2,6,7,11,12,16	pull tit a cons a shelley
POOL	10363	0.692218152	1,2,4,7,11,16	app oh tea t-back khan's sells
POOL	10364	0.692184691	2,4,6,11,15,16	too tea top axons shell oof
POOL	10365	0.692167076	2,4,6,11,13,16	too tea top axons ass airs
POOL	10366	0.692154951	2,4,6,11,13,16	too tea top axons ass heirs
POOL	10367	0.692135991	1,2,4,7,11,16	app oh tea t-back cons seth
POOL	10368	0.692077013	2,6,7,10,13,16	pull tit a common this else
POOL	10369	0.692075468	4,6,7,13,16	booty tube a conscious else
POOL	10370	0.692044406	1,2,4,8,11,16	app oh tea t-back ons elf
POOL	10371	0.692022267	2,4,6,11,13,16	too tea top axons ass gulf
POOL	10372	0.692020529	2,5,7,12,16	too tit bruh cons self
POOL	10373	0.692019381	2,6,9,12,16	too tik at a self
POOL	10374	0.691990375	4,7,11,12,15,16	pussy bad cons a sell flaw
POOL	10375	0.691954935	2,5,7,9,13,16	pull tit bad copy this else
POOL	10376	0.691951361	3,6,11,13,16	took itch tongs us else
POOL	10377	0.691927754	2,4,6,11,15,16	too tea top axons shell fer
POOL	10378	0.691914703	2,4,6,11,13,16	too tea top axons ass shell
POOL	10379	0.691914342	3,6,8,11,16	fought eat at ons self
POOL	10380	0.691889543	2,4,8,9,13,16	pull piss t-back ahh this else
POOL	10381	0.691856419	2,4,6,11,13,16	too tea top axons a ess
POOL	10382	0.691828808	2,4,6,11,15,16	too tea top axons sell fu
POOL	10383	0.691802327	4,6,11,16	pussy too conf self
POOL	10384	0.691766550	6,7,11,16	petite em cons self
POOL	10385	0.691744246	2,4,6,11,15,16	too tea top axons shell fa
POOL	10386	0.691744012	2,4,6,11,15,16	too tea top axons cell phu
POOL	10387	0.691720902	2,5,9,11,13,16	pull dit becca news us l.
POOL	10388	0.691717130	2,4,6,11,15,16	too tea top axons shell s
POOL	10389	0.691697529	4,6,7,11,16	puts tube uh cons self
POOL	10390	0.691689154	2,6,7,13,15,16	pull tik a conscious care if
POOL	10391	0.691680753	2,4,6,11,13,16	too tea top axons a nth
POOL	10392	0.691668499	2,4,6,11,15,16	too tea top axons cell fie
POOL	10393	0.691667438	4,7,11,13,15,16	pussy bad cons us real if
POOL	10394	0.691666422	3,7,10,13,16	brought eat cause thus else
POOL	10395	0.691662028	4,6,7,11,15,16	pussy tube dan cons sell if
POOL	10396	0.691651658	2,4,6,11,13,16	too tea top axons ass del
POOL	10397	0.691646573	3,6,9,13,16	parte eat at thus else
POOL	10398	0.691626592	2,4,6,11,15,16	too tea top axons shell pfft
POOL	10399	0.691605324	2,4,7,11,14,16	pull tea tek cons assess laugh
POOL	10400	0.691588902	2,4,6,11,15,16	too tea top axons shell aff
POOL	10401	0.691565981	2,6,8,11,16	tour tit packs ons self
POOL	10402	0.691492251	2,4,6,11,13,16	too tea top axons ass elves
POOL	10403	0.691468443	2,4,6,11,15,16	too tea top axons sell sue
POOL	10404	0.691397984	2,4,6,11,13,16	too tea top axons ass alps
POOL	10405	0.691393288	1,2,4,8,11,16	app oh t t-back ons shell
POOL	10406	0.691381621	4,6,7,10,13,16	pussy tube hat cause this else
POOL	10407	0.691301794	2,4,6,11,13,16	too tea top axons a aer
POOL	10408	0.691294211	1,2,4,8,11,16	app oh t t-back ons else
POOL	10409	0.691285059	2,4,6,11,13,16	too tea top axons ass chef
POOL	10410	0.691270462	2,4,6,11,13,16	too tea top axons a esse
POOL	10411	0.691254952	2,6,7,13,15,16	pull tit a conscious mare if
POOL	10412	0.691232011	4,6,8,11,13,16	pussy tube at ons sas else
POOL	10413	0.691227532	2,4,6,11,13,16	too tea top axons ass leaf
POOL	10414	0.691193864	2,4,6,11,15,16	too tea top axons cell fu
POOL	10415	0.691193582	2,4,6,11,13,16	too tea top axons a elks
POOL	10416	0.691164773	4,7,11,13,15,16	pussy bad dons us air if
POOL	10417	0.691140976	1,2,4,7,11,16	app oh tea t-back cons alf
POOL	10418	0.691133041	2,4,8,11,13,16	palm die t-back ons us else
POOL	10419	0.691093591	3,4,9,11,13,16	took mi t-back news us else
POOL	10420	0.691069486	2,4,6,11,13,16	too tea top axons a es
POOL	10421	0.691037199	1,2,4,7,11,16	app oh tea t-back khan's sel
POOL	10422	0.691028976	5,7,11,16	post-it b. cons self
POOL	10423	0.691025195	4,9,13,16	pussy tek thus else
POOL	10424	0.691001407	2,6,7,11,14,16	pull tit damn cons assess laugh
POOL	10425	0.690986657	2,6,11,12,16	paws chit cannes a self
POOL	10426	0.690924123	2,6,9,13,16	pod tit at thus elle
POOL	10427	0.690894533	2,4,6,7,13,16	pull pee tube a conscious elves
POOL	10428	0.690893335	1,2,4,7,11,16	app oh tea t-back khan's cel
POOL	10429	0.690833499	2,4,6,11,15,16	too tea top axons cell sue
POOL	10430	0.690826895	2,6,11,12,16	too tit carne a hair
POOL	10431	0.690811584	1,2,4,7,11,16	app oh tea t-back cons stealth
POOL	10432	0.690780804	1,2,4,7,11,16	app oh tea t-back cons sal
POOL	10433	0.690779317	2,4,6,11,15,16	too tea top axons shell phu
POOL	10434	0.690764150	2,6,10,13,16	too tit cause thus ness
POOL	10435	0.690763643	1,2,4,8,11,16	app oh t t-back ons chef
POOL	10436	0.690722825	2,4,8,11,13,16	pull tip t-back ons sis else
POOL	10437	0.690715567	3,5,7,11,16	took eat bass corps' self
POOL	10438	0.690705620	2,4,6,11,13,16	too tea top axons ass delve
POOL	10439	0.690703804	2,4,6,11,15,16	too tea top axons shell fie
POOL	10440	0.690690490	1,2,4,7,10,16	app oh tea t-back cause self
POOL	10441	0.690690293	2,4,6,11,13,16	too tea top axons ass alp
POOL	10442	0.690677041	4,7,11,12,13,16	petty bad cons a see eff
POOL	10443	0.690670206	2,9,13,16	pure t-back nurse else
POOL	10444	0.690665633	3,6,11,13,16	pout et carr's us else
POOL	10445	0.690659227	2,5,7,11,12,16	pull tit bad convoy a self
POOL	10446	0.690658273	1,4,7,11,13,16	sep naughty bad cons us else
POOL	10447	0.690613222	4,6,7,11,12,16	pussy tad un cons a self
POOL	10448	0.690538963	3,6,10,13,16	pack eat cause thus else
POOL	10449	0.690509618	4,6,7,11,12,16	pussy b a cons ahh self
POOL	10450	0.690501132	2,6,7,12,16	cook tit pass cons self
POOL	10451	0.690412527	2,4,6,11,15,16	too tea top axons sell sci
POOL	10452	0.690410700	4,7,11,13,14,16	bushy bad cons us a laugh
POOL	10453	0.690401959	2,4,6,11,13,16	too tea top axons ass milf
POOL	10454	0.690364172	2,6,7,13,15,16	pull tek air conscious air if
POOL	10455	0.690361172	4,6,7,11,12,16	porky cub a cons a self
POOL	10456	0.690358072	2,5,7,11,15,16	pull t-top bad cons sell if
POOL	10457	0.690353523	2,4,6,11,13,16	too tea top axons ass deaf
POOL	10458	0.690336729	2,5,7,13,16	too kick bad connoisseur else
POOL	10459	0.690332800	2,4,6,11,13,16	too tea top axons ass ayres
POOL	10460	0.690255173	1,2,4,7,10,16	app oh tea t-back con self
POOL	10461	0.690238549	3,5,8,10,12,16	put eat bak on the sell
POOL	10462	0.690229169	2,4,6,11,15,16	too tea top axons shell fu
POOL	10463	0.690215965	3,7,9,13,16	psst eat car thus else
POOL	10464	0.690207041	1,2,4,7,11,16	app oh tea t-back khan's seth
POOL	10465	0.690197401	2,4,6,11,13,16	too tea top axons ass ref
POOL	10466	0.690179097	1,2,4,8,11,16	app oh tea t-back ons shells
POOL	10467	0.690164155	3,6,7,12,16	pac eat a cons self
POOL	10468	0.690133700	2,5,11,12,16	poe tight ben's a self
POOL	10469	0.690073044	2,5,9,10,13,16	pull tilt becca new this else
POOL	10470	0.690072617	2,4,6,11,13,16	too tea top axons ass def
POOL	10471	0.690016816	2,6,8,11,16	too tit key son's self
POOL	10472	0.690009546	2,4,6,11,13,16	too tea top axons ass tel
POOL	10473	0.689985446	4,6,7,10,13,16	pussy tube a cause zeus else
POOL	10474	0.689958760	3,6,8,11,16	took eat beck ons self
POOL	10475	0.689888340	2,6,11,15,16	pulls tit cons shill see
POOL	10476	0.689868804	2,4,6,11,15,16	too tea top axons shell sue
POOL	10477	0.689867280	2,4,6,11,15,16	too tea top axons sell soo
POOL	10478	0.689863155	2,4,6,11,13,16	too tea top axons ass il
POOL	10479	0.689840818	2,4,6,11,13,16	too tea top axons ass yell
POOL	10480	0.689829841	2,4,6,11,15,16	too tea top axons sell fs
POOL	10481	0.689827358	2,4,6,11,15,16	too tea top axons sell mm
POOL	10482	0.689781338	2,5,8,11,13,16	peru tit bak ons us else
POOL	10483	0.689777583	2,4,6,11,15,16	too tea top axons cell sci
POOL	10484	0.689751527	2,4,7,11,14,16	pull c bad cons assess laugh
POOL	10485	0.689747944	1,2,4,8,11,16	app oh t t-back ons share
POOL	10486	0.689740309	2,4,6,11,15,16	too tea top axons sell c
POOL	10487	0.689725704	1,2,4,7,11,16	app oh tea t-back cons cher
POOL	10488	0.689720498	2,4,8,9,13,16	pull tie t-back ahh mesh else
POOL	10489	0.689715074	1,2,6,11,13,16	up oh tb cons us else
POOL	10490	0.689688312	2,4,6,11,13,16	too tea top axons ass mel
POOL	10491	0.689670085	2,4,6,11,13,16	too tea top axons ass belle
POOL	10492	0.689669912	3,7,11,13,16	took eat cons us us
POOL	10493	0.689668915	2,6,9,13,16	poke tit mech thus else
POOL	10494	0.689667868	2,4,6,11,15,16	too tea top axons sell thaw
POOL	10495	0.689666916	2,5,11,16	too ticked batons self
POOL	10496	0.689634505	5,7,11,16	booted bad cons self
POOL	10497	0.689613628	2,4,6,11,15,16	too tea top axons sell thi
POOL	10498	0.689609686	3,5,8,10,13,16	put eat back on as if
POOL	10499	0.689603606	3,5,8,10,12,16	put eat bak on the cell
POOL	10500	0.689578720	2,4,6,11,15,16	too tea top axons sell sur
POOL	10501	0.689562438	2,5,11,12,13,16	pull tit batons a says else
POOL	10502	0.689476312	2,6,11,13,14,16	pull tit icon us a laugh
POOL	10503	0.689439637	3,6,9,13,16	took eat sack mesh else
POOL	10504	0.689369993	2,6,8,9,13,16	pull tit at ahh zenith else
POOL	10505	0.689326803	2,4,6,11,15,16	too tea top axons sell ef
POOL	10506	0.689318586	4,6,7,9,13,16	pussy tod a car nurse else
POOL	10507	0.689286969	2,5,9,12,16	too tit dak a self
POOL	10508	0.689286895	1,2,4,8,11,16	app oh tea t-back ons sells
POOL	10509	0.689267396	2,4,8,11,16	pol at bad ons self
POOL	10510	0.689253586	4,6,7,9,13,16	pussy tube a caused this else
POOL	10511	0.689250180	2,4,6,11,13,16	too tea top axons ass dell
POOL	10512	0.689246671	2,4,7,10,13,16	pull quay tibet cause this else
POOL	10513	0.689232337	2,4,6,11,15,16	too tea top axons cell soo
POOL	10514	0.689212026	1,2,4,7,11,16	app oh tea t-back khan's alf
POOL	10515	0.689194897	2,4,6,11,15,16	too tea top axons cell fs
POOL	10516	0.689192415	2,4,6,11,15,16	too tea top axons cell mm
POOL	10517	0.689138552	2,6,7,13,15,16	pull tit uhh converse air if
POOL	10518	0.689137316	3,5,8,10,12,16	put eat back ahs the health
POOL	10519	0.689105366	2,4,6,11,15,16	too tea top axons cell c
POOL	10520	0.689076276	4,7,11,12,13,16	pussy bat com a see else
POOL	10521	0.689035562	1,2,4,7,11,16	app oh tea t-back cons saith
POOL	10522	0.689032925	2,4,6,11,15,16	too tea top axons cell thaw
POOL	10523	0.689028619	3,5,8,10,13,16	put eat back on if if
POOL	10524	0.689021833	2,4,6,11,15,16	too tea top axons sell auth
POOL	10525	0.689006412	4,7,11,12,13,16	pussy tea cons a ess else
POOL	10526	0.688978685	2,4,6,11,15,16	too tea top axons cell thi
POOL	10527	0.688968487	3,6,11,12,16	butt eat cannes a self
POOL	10528	0.688943777	2,4,6,11,15,16	too tea top axons cell sur
POOL	10529	0.688895475	1,2,4,8,11,16	app oh t t-back ons cells
POOL	10530	0.688888497	1,2,4,9,10,16	app oh tea t-back new self
POOL	10531	0.688882634	1,2,4,7,11,16	app oh tea t-back khan's stealth
POOL	10532	0.688851854	1,2,4,7,11,16	app oh tea t-back khan's sal
POOL	10533	0.688834444	2,4,6,7,13,16	taught dis tube a conscious else
POOL	10534	0.688812888	2,4,6,11,15,16	too tea top axons shell sci
POOL	10535	0.688810840	3,4,8,11,13,16	took a t-back ons pass else
POOL	10536	0.688803810	3,5,8,10,12,16	put eat back oz the health
POOL	10537	0.688794787	3,5,8,10,16	put eat back on themself
POOL	10538	0.688772373	2,4,6,11,13,16	too tea top axons ass ashe
POOL	10539	0.688729239	2,4,6,11,15,16	too tea top axons sell sioux
POOL	10540	0.688723419	3,4,8,11,16	took see bike ons self
POOL	10541	0.688714895	2,4,6,11,15,16	too tea top axons shell shoe
POOL	10542	0.688705663	2,6,7,11,14,16	pull tit a cares assess laugh
POOL	10543	0.688691860	2,4,6,11,15,16	too tea top axons cell ef
POOL	10544	0.688658071	1,2,4,8,11,16	app oh t t-back ons elf
POOL	10545	0.688649258	2,4,6,11,13,16	too tea top axons ass elk
POOL	10546	0.688638910	3,5,8,10,12,16	put eat bak on the shell
POOL	10547	0.688638241	3,5,11,13,16	putt eat ben's us else
POOL	10548	0.688579523	3,5,11,13,16	took eat benz ask else
POOL	10549	0.688555351	1,2,4,5,7,11,16	app oh see too bad cars shelf
POOL	10550	0.688539834	3,5,8,10,12,16	put eat bak on the else
POOL	10551	0.688534927	2,4,8,11,12,16	pole too t-back ons a self
POOL	10552	0.688525659	3,7,11,12,16	took eat cons ca self
POOL	10553	0.688494863	2,4,7,11,14,16	pull tea bad cons assess cloth
POOL	10554	0.688438249	3,6,11,13,16	bought eat cons us elves
POOL	10555	0.688437391	2,7,13,16	oh t-back khans else
POOL	10556	0.688437116	2,6,7,11,12,16	tur tit abu cons a self
POOL	10557	0.688433943	2,4,6,11,13,16	too tea top axons ass bel
POOL	10558	0.688421656	2,4,6,11,13,16	too tea top axons ass ans
POOL	10559	0.688413588	2,4,6,11,15,16	too tea top axons shell ash
POOL	10560	0.688411832	2,4,9,13,15,16	aw tea t-back this air if
POOL	10561	0.688391282	2,4,11,16	too de- batons cells
POOL	10562	0.688386890	2,4,6,11,15,16	too tea top axons cell auth
POOL	10563	0.688283917	2,4,6,11,15,16	too tea top axons sell ths
POOL	10564	0.688267642	2,4,6,11,15,16	too tea top axons shell soo
POOL	10565	0.688233365	3,5,9,11,13,16	took eat becca news shh else
POOL	10566	0.688230202	2,4,6,11,15,16	too tea top axons shell fs
POOL	10567	0.688227720	2,4,6,11,15,16	too tea top axons shell mm
POOL	10568	0.688221158	4,7,11,13,14,16	pussy bad cons us a l.
POOL	10569	0.688159436	4,7,11,13,15,16	pussy bed cons us il if
POOL	10570	0.688152755	4,11,13,16	push batons f else
POOL	10571	0.688140670	2,4,6,11,15,16	too tea top axons shell c
POOL	10572	0.688105942	1,2,4,8,11,16	app oh tea t-back ons sel
POOL	10573	0.688094295	2,4,6,11,15,16	too tea top axons cell sioux
POOL	10574	0.688080646	2,4,6,11,15,16	too tea top axons shell shaw
POOL	10575	0.688068229	2,4,6,11,15,16	too tea top axons shell thaw
POOL	10576	0.688027240	4,6,8,11,13,16	putney tube at ons us else
POOL	10577	0.688013990	2,4,6,11,15,16	too tea top axons shell thi
POOL	10578	0.688009266	3,5,8,10,12,16	put eat bak on the chef
POOL	10579	0.687998911	2,5,7,11,16	doo tit bad tans self
POOL	10580	0.687997997	2,5,9,13,15,16	paul tit becca this air s
POOL	10581	0.687979082	2,4,6,11,15,16	too tea top axons shell sur
POOL	10582	0.687962077	1,2,4,8,11,16	app oh tea t-back ons cel
POOL	10583	0.687948679	4,6,7,11,15,16	pai tube a cons sell phu
POOL	10584	0.687926207	2,4,6,11,15,16	too tea top axons sell sa
POOL	10585	0.687904338	4,7,11,12,13,16	pussy bad cons a see yell
POOL	10586	0.687844825	4,6,8,11,13,16	booty tube mak ons us else
POOL	10587	0.687804066	2,5,7,11,16	app tit bad cons shelf
POOL	10588	0.687796754	1,2,4,7,11,16	app oh tea t-back khan's cher
POOL	10589	0.687772199	2,4,6,11,13,16	too tea top axons ass ev
POOL	10590	0.687733042	3,6,7,13,16	putt eat a connoisseur else
POOL	10591	0.687727164	2,4,6,11,15,16	too tea top axons shell ef
POOL	10592	0.687710539	4,7,11,13,14,16	pity bad cons us ann laugh
POOL	10593	0.687648974	2,4,6,11,15,16	too tea top axons cell ths
POOL	10594	0.687637945	3,5,8,10,13,16	put eat back on a their
POOL	10595	0.687637945	3,5,8,10,13,16	put eat back on a there
POOL	10596	0.687616851	2,4,8,9,13,16	pull tea t-back mock this else
POOL	10597	0.687585146	2,6,7,9,13,16	pol tit a car canvass else
POOL	10598	0.687583617	2,4,6,11,15,16	too tea top axons sell sie
POOL	10599	0.687570442	2,4,6,11,13,16	too tea top axons ass nell
POOL	10600	0.687563142	2,4,6,9,13,16	tue tea tube at kansas' else
POOL	10601	0.687561331	2,6,10,12,16	owe tit cause a self
POOL	10602	0.687546474	1,4,9,13,16	up tea back thus else
POOL	10603	0.687491952	2,4,6,11,13,16	too tea top axons ass eh
POOL	10604	0.687485748	4,6,7,11,15,16	pussy ib a cons sell if
POOL	10605	0.687481688	3,6,8,11,16	took gib at ons self
POOL	10606	0.687456352	2,4,6,11,13,16	too tea top axons ass arf
POOL	10607	0.687455108	4,6,7,10,13,16	pussy shh a cause this else
POOL	10608	0.687454684	2,4,6,11,13,16	too tea top axons ass pell
POOL	10609	0.687422194	2,4,6,11,15,16	too tea top axons shell auth
POOL	10610	0.687377577	2,5,9,11,12,16	bois tit becca news a self
POOL	10611	0.687354138	2,4,6,11,15,16	too tea top axons sell oss
POOL	10612	0.687334666	2,4,6,11,13,16	too tea top axons ass nel
POOL	10613	0.687318310	2,4,6,11,15,16	too tea top axons sell suh
POOL	10614	0.687310475	2,4,6,11,15,16	too tea top axons sell cee
POOL	10615	0.687308070	4,7,11,13,14,16	bookie tack cons us a laugh
POOL	10616	0.687291264	2,4,6,11,15,16	too tea top axons cell sa
POOL	10617	0.687275784	1,2,4,8,11,16	app oh tea t-back ons seth
POOL	10618	0.687268183	3,6,11,12,16	puck meat cons a self
POOL	10619	0.687247784	4,6,7,11,15,16	putney tube uh cons sell if
POOL	10620	0.687234849	2,4,6,11,15,16	too tea top axons sell si
POOL	10621	0.687186265	2,4,6,11,13,16	too tea top axons ass emf
POOL	10622	0.687129600	2,4,6,11,15,16	too tea top axons shell sioux
POOL	10623	0.687128146	4,6,13,16	taught tip conscious else
POOL	10624	0.687125870	2,6,8,11,16	full tit at umm self
POOL	10625	0.687124003	2,4,6,11,15,16	too tea top axons shell shah
POOL	10626	0.687123946	3,5,8,10,13,16	put eat back on a us
POOL	10627	0.687120669	3,7,10,13,16	took eat cond thus else
POOL	10628	0.687106612	1,2,4,7,11,16	app oh tea t-back khan's saith
POOL	10629	0.687081379	4,7,9,11,13,16	pussy t'ang car niece us else
POOL	10630	0.687074240	3,6,8,11,16	took eat at car's self
POOL	10631	0.687033118	2,4,6,11,13,16	too tea top axons ass env
POOL	10632	0.687029457	2,7,11,12,13,16	pull t-back cons a see pal
POOL	10633	0.686993567	3,5,8,10,12,16	put eat bak on the share
POOL	10634	0.686962583	3,8,11,13,16	took tack ons ish else
POOL	10635	0.686951843	4,7,11,16	petty bad cons cells
POOL	10636	0.686948674	2,4,6,11,15,16	too tea top axons cell sie
POOL	10637	0.686947036	2,4,6,11,15,16	too tea top axons sell sou
POOL	10638	0.686908022	2,4,6,11,15,16	too tea top axons sell ess
POOL	10639	0.686900998	2,4,6,11,15,16	too tea top axons sell os
POOL	10640	0.686889619	4,6,11,16	pussy too cons cells'
POOL	10641	0.686874414	3,7,11,13,16	pouch eat cons uhh else
POOL	10642	0.686873136	3,5,8,10,13,16	put eat back on a where
POOL	10643	0.686850530	5,7,11,16	post-it bad tongues self
POOL	10644	0.686846646	2,4,6,11,13,16	too tea top axons ass guelph
POOL	10645	0.686825712	2,4,6,11,15,16	too tea top axons shell ish
POOL	10646	0.686806201	3,5,8,10,13,16	put eat back on a an
POOL	10647	0.686803991	3,5,11,13,16	took east benz us else
POOL	10648	0.686792763	1,2,4,8,11,16	app oh t t-back ons shells
POOL	10649	0.686724895	4,6,7,11,13,16	pussy cad laugh cons us else
POOL	10650	0.686723340	2,4,6,11,13,16	too tea top axons ass sel
POOL	10651	0.686719194	2,4,6,11,15,16	too tea top axons cell oss
POOL	10652	0.686684278	2,4,6,11,15,16	too tea top axons shell ths
POOL	10653	0.686683366	2,4,6,11,15,16	too tea top axons cell suh
POOL	10654	0.686675532	2,4,6,11,15,16	too tea top axons cell cee
POOL	10655	0.686599905	2,4,6,11,15,16	too tea top axons cell si
POOL	10656	0.686579476	2,4,6,11,13,16	too tea top axons ass cel
POOL	10657	0.686548202	2,4,6,11,13,16	too tea top axons ass delle
POOL	10658	0.686545500	1,2,4,8,11,16	app oh t t-back ons shall
POOL	10659	0.686490956	2,4,6,11,15,16	too tea top axons sell cie
POOL	10660	0.686488187	2,4,11,16	too tea batons cher
POOL	10661	0.686463441	3,4,6,7,11,16	took eat tube a cons affairs
POOL	10662	0.686459606	2,4,6,11,13,16	too tea top axons ass leif
POOL	10663	0.686390841	2,4,6,11,13,16	too tea top axons ass delft
POOL	10664	0.686388073	2,4,6,11,13,16	too tea top axons ass fel
POOL	10665	0.686356021	2,4,6,11,13,16	too tea top axons ass neff
POOL	10666	0.686340544	4,6,8,11,13,16	pussy ebb at ons us else
POOL	10667	0.686329319	2,4,8,11,12,16	pull tea t-back ons a al
POOL	10668	0.686326569	2,4,6,11,15,16	too tea top axons shell sa
POOL	10669	0.686322065	2,4,6,11,15,16	too tea top axons sell esse
POOL	10670	0.686312092	2,4,6,11,15,16	too tea top axons cell sou
POOL	10671	0.686306240	2,4,6,11,13,16	too tea top axons ass kell
POOL	10672	0.686280768	1,2,4,8,11,16	app oh tea t-back ons alf
POOL	10673	0.686273078	2,4,6,11,15,16	too tea top axons cell ess
POOL	10674	0.686266054	2,4,6,11,15,16	too tea top axons cell os
POOL	10675	0.686225264	3,6,9,13,16	puss neat at thus else
POOL	10676	0.686206412	3,6,9,13,16	bot eat at snes else
POOL	10677	0.686151448	4,6,7,11,12,16	pussy tube a cons a theft
POOL	10678	0.686141098	3,5,8,10,12,16	put eat bak on the cells
POOL	10679	0.686138611	4,9,11,16	pudding tek news self
POOL	10680	0.686124719	2,5,11,12,16	too tit benz see self
POOL	10681	0.686121089	2,4,6,11,15,16	too tea top axons sell es
POOL	10682	0.686119039	4,7,13,16	pussy bang khan's else
POOL	10683	0.686110737	2,7,11,12,13,16	pull t-back cons e.'s see else
POOL	10684	0.686106448	2,5,9,13,15,16	pull tit becca this air chef
POOL	10685	0.686103413	3,4,6,7,11,16	potter a tube a cons self
POOL	10686	0.686055265	2,4,6,11,15,16	too tea top axons sell su
POOL	10687	0.686036972	2,4,6,11,13,16	too tea top axons ass knell
POOL	10688	0.686016826	3,6,7,12,16	took eat gang cons self
POOL	10689	0.685983978	2,4,6,11,15,16	too tea top axons shell sie
POOL	10690	0.685977434	3,5,8,10,16	put eat back on thyself
POOL	10691	0.685951672	2,4,6,11,15,16	too tea top axons shell shi
POOL	10692	0.685951377	1,2,4,8,11,16	app oh tea t-back ons stealth
POOL	10693	0.685932182	2,6,7,13,15,16	pa tit a converse air if
POOL	10694	0.685920597	1,2,4,8,11,16	app oh tea t-back ons sal
POOL	10695	0.685903694	3,5,8,10,12,16	put eat bak on the elf
POOL	10696	0.685900560	1,2,4,8,11,16	app oh t t-back ons sells
POOL	10697	0.685871479	2,6,10,13,16	too tit carr's ness else
POOL	10698	0.685856012	2,4,6,11,15,16	too tea top axons cell cie
POOL	10699	0.685817849	2,6,7,11,13,16	pull tb a comm us else
POOL	10700	0.685754499	2,4,6,11,15,16	too tea top axons shell oss
POOL	10701	0.685753642	2,5,9,11,16	pause tight bic news self
POOL	10702	0.685729451	2,5,7,11,15,16	pull tit bad cons cherie if
POOL	10703	0.685718671	2,4,6,11,15,16	too tea top axons shell suh
POOL	10704	0.685710836	2,4,6,11,15,16	too tea top axons shell cee
POOL	10705	0.685691060	2,4,7,13,15,16	pol tea bad conscious air ashe
POOL	10706	0.685687122	2,4,6,11,15,16	too tea top axons cell esse
POOL	10707	0.685667927	2,4,8,9,13,16	por tea t-back wah this else
POOL	10708	0.685662959	1,2,4,7,11,16	app oh tea t-back cons shelf
POOL	10709	0.685635210	2,4,6,11,15,16	too tea top axons shell si
POOL	10710	0.685613696	2,4,6,11,15,16	too tea top axons shell sha
POOL	10711	0.685608605	5,11,13,16	post-it ben's ass else
POOL	10712	0.685599761	3,7,10,13,16	took eat cause saith else
POOL	10713	0.685532087	2,5,7,12,16	too set pack cons self
POOL	10714	0.685519009	3,6,10,13,16	took peat cause thus else
POOL	10715	0.685506789	4,7,11,12,13,16	pussy bad cons eff see else
POOL	10716	0.685496179	3,6,11,12,16	took eat cons ep self
POOL	10717	0.685486145	2,4,6,11,15,16	too tea top axons cell es
POOL	10718	0.685420322	2,4,6,11,15,16	too tea top axons cell su
POOL	10719	0.685347397	2,4,6,11,15,16	too tea top axons shell sou
POOL	10720	0.685311194	4,6,7,11,15,16	pussy tube a cons nel if
POOL	10721	0.685308383	2,4,6,11,15,16	too tea top axons shell ess
POOL	10722	0.685307115	5,9,11,16	post-it dec news self
POOL	10723	0.685301359	2,4,6,11,15,16	too tea top axons shell os
POOL	10724	0.685219772	4,6,7,10,13,16	petite tube a cause death else
POOL	10725	0.685200213	2,6,7,11,13,16	uhh tit a honors us else
POOL	10726	0.685178246	3,5,8,10,13,16	put eat back on a half
POOL	10727	0.685129401	2,4,8,11,13,16	awe tea t-back ons fuss else
POOL	10728	0.685122060	2,4,6,11,15,16	too tea top axons shell shu
POOL	10729	0.684973445	6,11,13,16	petite cons lash else
POOL	10730	0.684916782	2,4,6,11,15,16	too tea top axons shell ashe
POOL	10731	0.684913867	2,6,9,13,15,16	pull tit at kansas' air if
POOL	10732	0.684913627	3,5,7,11,16	took eat death cons cells'
POOL	10733	0.684891317	2,4,6,11,15,16	too tea top axons shell cie
POOL	10734	0.684891290	2,5,11,12,16	too tit ben's a elf
POOL	10735	0.684865496	1,2,4,8,11,16	app oh tea t-back ons cher
POOL	10736	0.684819938	2,5,7,11,16	pee pete den cons self
POOL	10737	0.684799321	4,6,8,11,13,16	pussy bee axe ons us else
POOL	10738	0.684787049	2,6,7,13,15,16	pawn t a conscious air if
POOL	10739	0.684738687	3,5,8,10,12,16	put eat back ahs the sell
POOL	10740	0.684722426	2,4,6,11,15,16	too tea top axons shell esse
POOL	10741	0.684719607	1,2,4,8,11,16	app oh t t-back ons sel
POOL	10742	0.684642845	3,5,9,13,16	took eat puck thus else
POOL	10743	0.684625116	2,5,9,11,13,16	pull tit acta nav us else
POOL	10744	0.684575743	1,2,4,8,11,16	app oh t t-back ons cel
POOL	10745	0.684538310	2,4,6,11,15,16	too tea top axons shell sher
POOL	10746	0.684528611	3,6,7,9,13,16	pet eat a car kansas else
POOL	10747	0.684521450	2,4,6,11,15,16	too tea top axons shell es
POOL	10748	0.684489606	2,4,6,11,15,16	too tea top axons shell hsu
POOL	10749	0.684472227	3,7,11,12,16	took eat cons a el
POOL	10750	0.684455626	2,4,6,11,15,16	too tea top axons shell su
POOL	10751	0.684423792	2,4,6,11,15,16	too tea top axons shell shih
POOL	10752	0.684405181	3,5,8,10,12,16	put eat back oz the sell
POOL	10753	0.684400791	2,6,13,16	paz tit conscious else
POOL	10754	0.684306314	2,6,13,16	too kid conscious ralph
POOL	10755	0.684275534	2,6,7,11,14,16	pull kip a cons isa laugh
POOL	10756	0.684175354	1,2,4,8,11,16	app oh tea t-back ons saith
POOL	10757	0.684135702	2,4,6,11,15,16	too tea top axons shell shoo
POOL	10758	0.684135486	2,4,6,11,15,16	too tea top axons shell xi
POOL	10759	0.684108816	3,6,10,13,16	took eat cause ras else
POOL	10760	0.684108452	2,6,13,16	pong treat conscious else
POOL	10761	0.684103743	3,5,8,10,12,16	put eat back ahs the cell
POOL	10762	0.684057024	2,4,8,11,13,16	o tea t-back palms us else
POOL	10763	0.684038385	3,5,8,10,12,16	put eat bak on the shells
POOL	10764	0.683948904	3,5,8,10,13,16	put eat back on a less
POOL	10765	0.683925888	3,5,8,10,12,16	put eat bak on the hell
POOL	10766	0.683912934	2,4,6,11,15,16	too tea top axons shell xia
POOL	10767	0.683889450	1,2,4,8,11,16	app oh t t-back ons seth
POOL	10768	0.683884713	2,5,9,11,13,16	pull kick becca news raf else
POOL	10769	0.683803019	2,5,11,16	cook tit batons self
POOL	10770	0.683787038	3,5,8,10,12,16	put eat bak on the fell
POOL	10771	0.683770237	3,5,8,10,12,16	put eat back oz the cell
POOL	10772	0.683734009	1,2,4,7,11,16	app oh tea t-back khan's shelf
POOL	10773	0.683623291	2,5,9,11,13,16	boss' tips becca news us else
POOL	10774	0.683573309	2,4,6,11,15,16	too tea top axons shell tch
POOL	10775	0.683554693	4,9,13,16	pudding tek thus else
POOL	10776	0.683505849	2,4,7,11,14,16	pull dea bam cons assess laugh
POOL	10777	0.683476420	2,5,9,11,12,16	pull tit becca news m self
POOL	10778	0.683442345	3,5,8,10,13,16	put eat back on a they're
POOL	10779	0.683386913	2,4,6,11,15,16	too tea top axons shell ch
POOL	10780	0.683340503	4,7,11,16	cookie bad tongues self
POOL	10781	0.683293371	3,5,9,11,16	took eat duc news self
POOL	10782	0.683166768	2,4,6,10,12,16	too see too add-on a self
POOL	10783	0.683147358	5,7,11,16	audit bad come self
POOL	10784	0.683146183	3,5,8,10,12,16	put eat bak on the sells
POOL	10785	0.683139048	3,5,8,10,12,16	put eat back ahs the shell
POOL	10786	0.683136721	4,6,7,11,15,16	footing ted a cons sell if
POOL	10787	0.683088800	4,6,7,11,12,16	patti tube a cons a felt
POOL	10788	0.683039972	3,5,8,10,12,16	put eat back ahs the else
POOL	10789	0.682982793	1,2,4,5,8,12,16	app oh tea too beck ons self
POOL	10790	0.682950632	4,6,7,11,13,16	putney tube a cons us yes
POOL	10791	0.682911318	2,6,10,12,16	too tit cause nie self
POOL	10792	0.682894434	1,2,4,8,11,16	app oh t t-back ons alf
POOL	10793	0.682880289	4,6,7,11,15,16	pussy abb s cons sell if
POOL	10794	0.682868318	2,6,7,10,13,16	pull tech a conner this else
POOL	10795	0.682805542	3,5,8,10,12,16	put eat back oz the shell
POOL	10796	0.682789085	2,4,6,7,13,16	awe tea tube nash conscious else
POOL	10797	0.682741494	3,5,9,11,13,16	took eat becca in us else
POOL	10798	0.682710691	2,6,10,13,16	pong tit cause thus deaf
POOL	10799	0.682709958	2,4,6,7,11,12,16	'pon 'cause ab a cons a self
POOL	10800	0.682706466	3,5,8,10,12,16	put eat back oz the else
POOL	10801	0.682664408	3,6,9,13,16	took tit shaq thus else
POOL	10802	0.682575953	4,8,9,13,16	te tet ahh thus else
POOL	10803	0.682575266	3,6,7,11,13,16	pup whitby a cons us else
POOL	10804	0.682565042	1,2,4,8,11,16	app oh t t-back ons stealth
POOL	10805	0.682534263	1,2,4,8,11,16	app oh t t-back ons sal
POOL	10806	0.682509403	3,5,8,10,12,16	put eat back ahs the chef
POOL	10807	0.682492121	3,5,8,10,13,16	put eat back on a shall
POOL	10808	0.682388000	4,9,11,13,16	petey t-back news us else
POOL	10809	0.682381000	4,6,7,10,13,16	pussy tube a carte this else
POOL	10810	0.682357040	2,7,11,12,13,16	pull t-back r.'s a if else
POOL	10811	0.682343086	3,6,11,12,13,16	took eat icon a see else
POOL	10812	0.682321251	3,5,8,10,16	put eat back on giselle
POOL	10813	0.682300759	3,6,11,12,16	took eat cons a helm
POOL	10814	0.682293164	4,6,7,11,12,16	pussy tube then hans a self
POOL	10815	0.682226404	2,7,12,16	too t-back carne self
POOL	10816	0.682225310	3,8,11,13,16	port tec ons us else
POOL	10817	0.682200775	4,7,11,16	pussy tube carved self
POOL	10818	0.682175897	3,5,8,10,12,16	put eat back oz the chef
POOL	10819	0.682120194	3,5,8,10,13,16	put eat back on as their
POOL	10820	0.682120194	3,5,8,10,13,16	put eat back on as there
POOL	10821	0.682067065	2,6,7,11,14,16	pull twit s cons assess laugh
POOL	10822	0.682032473	3,5,7,11,16	took ike bam cons self
POOL	10823	0.681999412	2,9,13,16	poo t-back thus us
POOL	10824	0.681979047	3,4,9,12,16	took see tek a self
POOL	10825	0.681965230	3,5,8,10,12,16	put eat bak on the sel
POOL	10826	0.681954606	3,6,7,12,16	took ate a cannes self
POOL	10827	0.681925582	3,6,11,13,16	pup ek cons us else
POOL	10828	0.681905687	2,4,6,11,15,16	too tea top axons sell ys
POOL	10829	0.681856933	4,6,8,11,13,16	pussy tube at m.'s us else
POOL	10830	0.681839984	2,6,7,9,12,16	pull tit uh-uh car a self
POOL	10831	0.681821366	3,5,8,10,12,16	put eat bak on the cel
POOL	10832	0.681817978	5,7,11,16	post-it bad cons sel
POOL	10833	0.681781992	1,2,4,9,11,16	app oh tea t-back news shelf
POOL	10834	0.681656756	2,5,7,9,13,16	pull tit bad car this selfie
POOL	10835	0.681606195	3,5,8,10,13,16	put eat back on as us
POOL	10836	0.681589128	4,6,7,9,13,16	patty tube a car this l
POOL	10837	0.681570122	2,5,7,11,12,16	pause tit bad econ a self
POOL	10838	0.681557080	3,5,9,13,16	took eat bec russ else
POOL	10839	0.681541943	2,4,8,11,12,16	puck tea t-back month a self
POOL	10840	0.681539127	3,5,8,10,13,16	put eat back on if their
POOL	10841	0.681539127	3,5,8,10,13,16	put eat back on if there
POOL	10842	0.681522433	2,5,9,13,15,16	poi tit becca this air if
POOL	10843	0.681516309	2,5,9,10,13,16	pull tit becca new ess else
POOL	10844	0.681502386	2,5,7,12,16	cooke pitt bad cons self
POOL	10845	0.681493705	3,5,8,10,12,16	put eat back ahs the share
POOL	10846	0.681484103	2,4,7,11,12,16	pull t.'s bad cons a sellers
POOL	10847	0.681482414	4,9,11,16	pussy tek ins self
POOL	10848	0.681479162	1,2,4,8,11,16	app oh t t-back ons cher
POOL	10849	0.681408098	4,6,7,11,15,16	pussy tube a huns sell if
POOL	10850	0.681355385	3,5,8,10,13,16	put eat back on as where
POOL	10851	0.681288450	3,5,8,10,13,16	put eat back on as an
POOL	10852	0.681288323	3,4,9,13,16	putt see back thus else
POOL	10853	0.681275040	3,6,11,12,16	took itch tongs a self
POOL	10854	0.681270744	2,4,6,11,15,16	too tea top axons cell ys
POOL	10855	0.681209915	6,7,11,16	petite a cons saith
POOL	10856	0.681202779	4,7,11,12,15,16	parti bad cons a sell c
POOL	10857	0.681184860	2,4,6,7,11,12,16	'pon 'cause ab eh cons a self
POOL	10858	0.681135072	3,5,8,10,12,16	put eat bak on the seth
POOL	10859	0.681099275	3,6,10,13,16	took mitt can thus else
POOL	10860	0.681056572	2,4,6,7,11,12,16	'pon 'cause ab a khan's a self
POOL	10861	0.681037535	3,5,9,11,13,16	took eat becca news us ill
POOL	10862	0.681025866	3,6,7,12,16	fought id a cons self
POOL	10863	0.681025128	3,5,8,10,13,16	put eat back on if us
POOL	10864	0.681020586	3,4,8,11,16	took see bad pons self
POOL	10865	0.680955731	4,6,7,11,12,16	pussy tabs a cons a cel
POOL	10866	0.680879039	4,9,13,16	pot t-back nez else
POOL	10867	0.680872237	2,7,11,13,15,16	pull t-back cons shh m. if
POOL	10868	0.680867495	2,5,9,11,13,16	cow tit becca burns us else
POOL	10869	0.680817804	3,4,8,11,13,16	took em t-back ons us else
POOL	10870	0.680802752	1,2,4,8,11,16	app oh tea t-back ons shelf
POOL	10871	0.680794873	4,6,11,16	pussy keyed cons self
POOL	10872	0.680789020	1,2,4,8,11,16	app oh t t-back ons saith
POOL	10873	0.680774319	3,5,8,10,13,16	put eat back on if where
POOL	10874	0.680756845	2,6,11,12,16	poll tit cons a nell
POOL	10875	0.680746446	4,6,7,10,13,16	pussy ch a cause sas else
POOL	10876	0.680740023	2,6,7,11,14,16	cooke tit a cons ashy laugh
POOL	10877	0.680731587	4,9,13,16	pussy tek rush else
POOL	10878	0.680720468	3,7,10,13,16	took eat cause thus leaf
POOL	10879	0.680717916	2,5,7,11,13,16	ohh tit bad conor us else
POOL	10880	0.680707383	3,5,8,10,13,16	put eat back on if an
POOL	10881	0.680641235	3,5,8,10,12,16	put eat back ahs the cells
POOL	10882	0.680595696	6,9,13,16	petite at mesh else
POOL	10883	0.680558022	3,5,8,10,12,16	put eat bak on the shares
POOL	10884	0.680524370	2,5,11,12,13,16	pull tit batons a see chef
POOL	10885	0.680490478	3,4,6,7,11,16	took a tube a cons ethel
POOL	10886	0.680403832	3,5,8,10,12,16	put eat back ahs the elf
POOL	10887	0.680385469	2,6,11,12,13,16	pull tit cons emma see else
POOL	10888	0.680354383	4,6,7,13,16	pussy tube a cava else
POOL	10889	0.680349249	4,7,12,16	pussy bad cans self
POOL	10890	0.680331895	4,7,12,16	pussy bash cons self
POOL	10891	0.680312148	2,4,7,10,12,16	pull tea bad qian a self
POOL	10892	0.680307730	3,5,8,10,12,16	put eat back oz the cells
POOL	10893	0.680306048	2,4,6,11,15,16	too tea top axons shell ys
POOL	10894	0.680278727	4,6,8,11,12,16	footed tube at ons a self
POOL	10895	0.680267319	2,5,10,13,16	too tit bon thus l
POOL	10896	0.680218879	4,9,11,13,16	pussy t-back ms us else
POOL	10897	0.680140057	3,5,8,10,12,16	put eat bak on the alf
POOL	10898	0.680126919	2,9,12,16	pot t-back news self
POOL	10899	0.680109061	2,5,9,13,15,16	pull kate becca this air if
POOL	10900	0.680090771	4,6,7,13,16	pussy coupe a conscious else
POOL	10901	0.680070326	3,5,8,10,12,16	put eat back oz the elf
POOL	10902	0.680033231	3,8,11,13,16	took tak ons us el
POOL	10903	0.679999147	2,6,11,16	too tit kahn affair
POOL	10904	0.679989312	3,6,11,12,16	pout et carr's a self
POOL	10905	0.679810665	3,5,8,10,12,16	put eat bak on the stealth
POOL	10906	0.679779885	3,5,8,10,12,16	put eat bak on the sal
POOL	10907	0.679776904	2,5,9,11,12,16	tau beat becca news a self
POOL	10908	0.679702838	4,6,8,11,12,16	pussy tube out ons a self
POOL	10909	0.679660495	3,5,8,10,13,16	put eat back on as half
POOL	10910	0.679657220	4,6,7,11,12,16	pussy tod a palms a self
POOL	10911	0.679562811	3,6,11,16	input eat cons self
POOL	10912	0.679531474	2,4,6,7,11,12,16	'pon 'cause ab eh khan's a self
POOL	10913	0.679516478	6,7,13,16	petite eye khans else
POOL	10914	0.679472569	2,6,8,9,13,16	pull tits at ahh enos else
POOL	10915	0.679450061	4,7,11,12,15,16	pulley tang cons a sell if
POOL	10916	0.679406913	4,7,11,13,15,16	pussy bi ons us air if
POOL	10917	0.679366229	3,6,7,12,16	opt eat a carr's self
POOL	10918	0.679325298	2,4,7,11,14,16	boo tea tye cons assess laugh
POOL	10919	0.679316005	3,5,8,10,16	put eat back on vassal
POOL	10920	0.679283446	2,4,6,11,16	too tea top axons assess
POOL	10921	0.679259414	1,4,9,13,16	up rookie t-back thus else
POOL	10922	0.679188485	2,6,7,11,15,16	pla tit a cons sell furry
POOL	10923	0.679173964	2,4,8,9,13,16	tour et t-back ahh this else
POOL	10924	0.679159217	3,4,8,11,13,16	took a t-back non us else
POOL	10925	0.679138927	3,5,9,11,13,16	book's eat becca news us else
POOL	10926	0.679138922	2,5,9,11,13,16	aw tit pecan news us else
POOL	10927	0.679135021	4,8,11,12,13,16	pussy tik ons a see else
POOL	10928	0.679084342	1,4,9,13,16	up de back thus else
POOL	10929	0.679079428	3,5,8,10,13,16	put eat back on if half
POOL	10930	0.679066108	4,7,13,16	taught bad conscious elm
POOL	10931	0.679036542	2,5,7,9,12,16	pull tit bad car 'nother self
POOL	10932	0.678983732	4,6,7,11,16	pussy tube a collins' self
POOL	10933	0.678934305	4,9,11,13,16	pussy t-back news dish else
POOL	10934	0.678929495	2,4,6,11,16	too tea top icons assess
POOL	10935	0.678829949	2,5,9,13,15,16	pull tee becca nurse air if
POOL	10936	0.678758992	2,4,8,9,13,16	pull tea t-back ahh this phelps
POOL	10937	0.678724785	3,5,8,10,12,16	put eat bak on the cher
POOL	10938	0.678719026	3,6,8,11,16	pout nib at ons self
POOL	10939	0.678654793	4,7,11,12,15,16	pussy bad cod a sell if
POOL	10940	0.678577748	3,7,10,13,16	soot eat can thus else
POOL	10941	0.678557798	2,8,11,16	too t-back was cells'
POOL	10942	0.678538523	3,5,8,10,12,16	put eat back ahs the shells
POOL	10943	0.678514647	3,6,7,11,16	pooh eke e'er cons self
POOL	10944	0.678466313	3,4,7,13,16	putt see bad connoisseur else
POOL	10945	0.678431153	3,5,8,10,13,16	put eat back on as less
POOL	10946	0.678426026	3,5,8,10,12,16	put eat back ahs the hell
POOL	10947	0.678418598	4,6,7,10,13,16	footed tube a 'cause this else
POOL	10948	0.678373030	1,4,9,13,16	up tea back mass. else
POOL	10949	0.678363566	4,8,9,13,16	tee tuck r. thus else
POOL	10950	0.678287176	3,5,8,10,12,16	put eat back ahs the fell
POOL	10951	0.678260140	1,2,4,7,12,16	app oh tea t-back cons hell
POOL	10952	0.678230174	2,6,7,12,16	too dic a cons shelved
POOL	10953	0.678205017	3,5,8,10,12,16	put eat back oz the shells
POOL	10954	0.678198801	2,5,9,11,13,16	plough tit becca news laugh else
POOL	10955	0.678121291	1,2,4,7,12,16	app oh tea t-back cons fell
POOL	10956	0.678092520	3,5,8,10,12,16	put eat back oz the hell
POOL	10957	0.678063424	3,5,8,10,12,16	put eat back ahs the sense
POOL	10958	0.678057903	2,5,11,12,13,16	pull tit batons ca see else
POOL	10959	0.678034643	3,5,8,10,12,16	put eat bak on the saith
POOL	10960	0.678009539	3,5,7,9,13,16	took eat bad car enos else
POOL	10961	0.677982266	3,6,13,16	caught eat conscious else
POOL	10962	0.677963975	2,6,8,11,16	too tit at khan's shall
POOL	10963	0.677953670	3,5,8,10,12,16	put eat back oz the fell
POOL	10964	0.677937833	2,4,6,11,13,16	too tea top axons ass shelf
POOL	10965	0.677937606	3,5,7,11,16	took leak bad coz self
POOL	10966	0.677924594	3,5,8,10,13,16	put eat back on as they're
POOL	10967	0.677897539	1,2,4,7,12,16	app oh tea t-back cons sense
POOL	10968	0.677870310	2,7,11,16	too t-back kahn cell's
POOL	10969	0.677850087	3,5,8,10,13,16	put eat back on if less
POOL	10970	0.677806749	2,4,6,11,16	too tea top axons e-health
POOL	10971	0.677780546	4,7,11,12,13,16	pussy bet cons ca see else
POOL	10972	0.677778057	3,5,8,10,12,16	put eat back ahs the help
POOL	10973	0.677646321	3,5,8,10,12,16	put eat back ahs the sells
POOL	10974	0.677560111	3,4,8,11,13,16	polk id t-back ons us else
POOL	10975	0.677558321	4,7,13,16	petty bang khan's else
POOL	10976	0.677535489	4,6,7,11,16	pussy tube a cons ansel
POOL	10977	0.677444551	3,5,8,10,12,16	put eat back oz the help
POOL	10978	0.677416417	1,2,4,8,11,16	app oh t t-back ons shelf
POOL	10979	0.677396971	3,5,8,11,12,13,16	put eat bak ons a shh else
POOL	10980	0.677383838	4,6,11,16	pussy stab n.'s self
POOL	10981	0.677343527	3,5,8,10,13,16	put eat back on if they're
POOL	10982	0.677261092	2,6,8,11,16	app tit at ons shelf
POOL	10983	0.677247584	3,6,11,12,16	took eat pons up self
POOL	10984	0.677151164	3,5,11,13,16	talk meet ben's us else
POOL	10985	0.677131785	2,4,7,9,12,16	pull thai bad car riva self
POOL	10986	0.677025096	3,4,6,7,11,16	took a tb awe cons self
POOL	10987	0.677005648	4,6,11,16	petty teh cons self
POOL	10988	0.676993130	3,5,9,11,13,16	took ind becca news us else
POOL	10989	0.676976965	2,5,9,10,13,16	pull tit becca one this else
POOL	10990	0.676974370	3,5,8,10,13,16	put eat back on as shall
POOL	10991	0.676955752	4,7,13,15,16	pussy bad conscious del see
POOL	10992	0.676945278	4,6,7,11,15,16	taut tube a cons michel if
POOL	10993	0.676878077	6,9,13,16	petite da thus else
POOL	10994	0.676808851	2,5,7,12,16	too tit bad cons sul
POOL	10995	0.676743805	4,7,13,15,16	pussy bad conscious air phu
POOL	10996	0.676663811	4,7,11,13,14,16	pussy bak cons us a reese
POOL	10997	0.676608855	4,6,8,11,12,16	pussy tube at suns a self
POOL	10998	0.676607083	3,5,8,11,12,13,16	put eat bak ons a see else
POOL	10999	0.676595058	5,11,13,16	post-it ben's else else
POOL	11000	0.676573600	2,6,7,10,13,16	pull pic a cause this elsa
POOL	11001	0.676553066	2,5,9,11,12,16	pull tit becker inns' a self
POOL	11002	0.676465367	3,5,8,10,12,16	put eat back ahs the sel
POOL	11003	0.676461905	4,11,13,16	foot batons ass f.'s
POOL	11004	0.676393303	3,5,8,10,13,16	put eat back on if shall
POOL	11005	0.676355069	5,9,11,13,16	post-it back-up news f else
POOL	11006	0.676321503	3,5,8,10,12,16	put eat back ahs the cel
POOL	11007	0.676299384	2,7,12,16	awe t-back cons self
POOL	11008	0.676262954	3,6,7,11,15,16	took eat a cons essen if
POOL	11009	0.676192814	4,6,7,13,16	pussy tube hat conscious else
POOL	11010	0.676161327	3,7,13,16	took eat tarsus else
POOL	11011	0.676131862	3,5,8,10,12,16	put eat back oz the sel
POOL	11012	0.676117456	4,6,7,10,13,16	pussy tube a cause this calf
POOL	11013	0.676061178	2,6,7,12,16	pun tit a cons sass
POOL	11014	0.676000447	2,4,8,11,13,16	pas tea t-back ons us sells
POOL	11015	0.675988649	4,6,7,11,13,16	pussy eb a kung us else
POOL	11016	0.675987997	3,5,8,10,12,16	put eat back oz the cel
POOL	11017	0.675986907	3,5,8,11,12,13,16	put eat bak ons a sh else
POOL	11018	0.675984462	3,5,8,11,12,13,16	put eat bak ons a shh elf
POOL	11019	0.675971081	3,5,8,10,12,16	put eat bak on the celts
POOL	11020	0.675941784	3,5,8,10,12,16	put eat bak on the fel
POOL	11021	0.675935779	4,6,8,11,12,16	pussy coop at ons a self
POOL	11022	0.675883023	4,7,13,15,16	pussy ca conscious air see
POOL	11023	0.675871483	3,6,7,9,13,16	took git a car anas else
POOL	11024	0.675829711	3,5,8,10,12,16	put eat bak on the filth
POOL	11025	0.675787665	2,5,9,11,12,16	foot tit becca nose a self
POOL	11026	0.675730286	3,6,7,12,16	pout eat a cons seth
POOL	11027	0.675642350	4,8,11,12,16	bookie t-back ons a self
POOL	11028	0.675635210	3,5,8,10,12,16	put eat back ahs the seth
POOL	11029	0.675621505	2,5,7,12,16	coe tit bow cons self
POOL	11030	0.675619095	2,5,9,13,15,16	pull tit becca this hare if
POOL	11031	0.675600241	2,7,11,12,13,16	pull t-back cons ca sher else
POOL	11032	0.675347918	2,4,11,16	tall dick batons self
POOL	11033	0.675297917	2,5,8,11,16	puck took black ons self
POOL	11034	0.675197620	5,9,11,13,16	picket back-up news us else
POOL	11035	0.675194574	3,5,8,11,12,13,16	put eat bak ons a see elf
POOL	11036	0.675168875	2,6,7,11,14,16	a te a cons assess laugh
POOL	11037	0.675058160	3,5,8,10,12,16	put eat back ahs the shares
POOL	11038	0.675058097	4,6,8,11,13,16	pussy tube at ons us wells
POOL	11039	0.675057658	4,6,7,11,15,16	pussy ta a cannes sell if
POOL	11040	0.674962776	2,4,8,9,13,16	boy tea t-back ahh this als
POOL	11041	0.674950839	3,4,7,11,16	kush u bad cons self
POOL	11042	0.674932545	3,5,9,11,16	took eat ka inns' self
POOL	11043	0.674923144	2,5,7,11,15,16	pub tit bad cons ascend if
POOL	11044	0.674906081	3,6,10,13,16	thought rit cause thus else
POOL	11045	0.674892275	1,2,4,7,12,16	app oh tea t-back cons shares
POOL	11046	0.674842292	2,5,10,13,16	poor treat bak thus else
POOL	11047	0.674828776	4,6,8,11,12,16	pussy tube at ons key self
POOL	11048	0.674808669	2,4,6,11,16	too tea top axons itself
POOL	11049	0.674787616	4,6,7,10,13,16	pussy chub a cons this else
POOL	11050	0.674764057	6,11,13,16	petite cons ass wells
POOL	11051	0.674763188	2,5,9,13,15,16	pull test becca this air shah
POOL	11052	0.674742521	2,4,9,12,16	paul tea back a self
POOL	11053	0.674662040	3,5,8,10,12,16	put eat bak on the shelf
POOL	11054	0.674640194	3,5,8,10,12,16	put eat back ahs the alf
POOL	11055	0.674621842	3,8,9,13,16	out bak ahh thus else
POOL	11056	0.674574397	3,5,8,11,12,13,16	put eat bak ons a sh elf
POOL	11057	0.674544568	3,5,8,10,12,16	put eat back ahs the tell
POOL	11058	0.674495680	3,6,7,12,16	took eat a cons fierce
POOL	11059	0.674448621	1,2,4,5,7,12,16	app oh see too bad cons shelf
POOL	11060	0.674422075	2,6,7,10,12,16	pull tee a cause zia self
POOL	11061	0.674377521	2,4,6,11,16	too tea top axons affair
POOL	11062	0.674310803	3,5,8,10,12,16	put eat back ahs the stealth
POOL	11063	0.674306689	3,5,8,10,12,16	put eat back oz the alf
POOL	11064	0.674280023	3,5,8,10,12,16	put eat back ahs the sal
POOL	11065	0.674251451	3,5,8,11,12,15,16	put eat bak ons a sell see
POOL	11066	0.674147419	3,5,8,10,12,16	put eat back on the self
POOL	11067	0.674128786	3,6,8,11,16	'bout eat at ons cells'
POOL	11068	0.674125639	3,6,10,13,16	took whit cause miss else
POOL	11069	0.674049287	2,4,9,13,16	too tea t-back thus aloof
POOL	11070	0.674049039	5,7,13,16	footed bad khan's else
POOL	11071	0.674011912	4,9,11,16	pudding tek ins self
POOL	11072	0.674003804	2,6,7,11,14,16	eau tit heh cons assess laugh
POOL	11073	0.673998363	2,8,9,13,16	too t-back ahh anas else
POOL	11074	0.673946517	3,5,8,10,12,16	put eat back oz the sal
POOL	11075	0.673890137	2,6,10,12,16	due kidd cause a self
POOL	11076	0.673826873	2,6,8,12,16	talk tit at ahs self
POOL	11077	0.673822721	2,5,9,13,15,16	pulled tit becca nez air if
POOL	11078	0.673707214	3,5,8,11,12,15,16	put eat bak ons a cell see
POOL	11079	0.673696552	2,7,11,12,16	too t-back carney a self
POOL	11080	0.673671109	2,5,9,11,13,16	pull sea becca suns us else
POOL	11081	0.673658507	4,7,11,12,15,16	pussy tec cons a sell as
POOL	11082	0.673622847	2,4,6,11,16	too tea top axons affairs
POOL	11083	0.673591054	2,5,11,12,13,16	o. tit batons a sher else
POOL	11084	0.673441666	4,6,8,11,13,16	pussy deep at ons it's else
POOL	11085	0.673385787	2,4,8,11,12,16	pull stick t-back bon a self
POOL	11086	0.673370096	4,7,11,12,16	pussy bad icons a self
POOL	11087	0.673355338	2,4,7,9,12,16	peru tea bahn car a self
POOL	11088	0.673261086	4,9,13,16	pudding tek rush else
POOL	11089	0.673239844	4,8,11,13,16	pussy t-back ons x. else
POOL	11090	0.673235763	2,5,9,11,12,16	pull state baka news a self
POOL	11091	0.673224922	3,5,8,10,12,16	put eat back ahs the cher
POOL	11092	0.673135305	3,5,7,11,16	pao eat den cons self
POOL	11093	0.673125436	3,5,9,13,15,16	took eat becca this air fit
POOL	11094	0.673025119	3,7,11,12,13,16	pushy eat cons a see else
POOL	11095	0.673021554	3,5,8,10,12,16	put eat back ahs the says
POOL	11096	0.673005052	3,4,9,12,16	took see tek knee self
POOL	11097	0.672972568	2,5,7,11,12,16	pawn tit bad cons emma self
POOL	11098	0.672907998	3,5,7,11,16	busch dip bad cons self
POOL	11099	0.672891416	3,5,8,10,12,16	put eat back oz the cher
POOL	11100	0.672860352	3,5,8,10,12,16	put eat back ahs the fair
POOL	11101	0.672721729	2,4,6,11,16	too tea taboo actions self
POOL	11102	0.672662201	4,6,8,11,12,16	patty dob at ons a self
POOL	11103	0.672595227	3,5,8,10,12,16	put eat back ahs the felt
POOL	11104	0.672555154	4,8,11,13,16	pussy t-back ah us else
POOL	11105	0.672553108	4,7,11,12,15,16	pussy t. cuz a sell if
POOL	11106	0.672534780	3,5,8,10,12,16	put eat back ahs the saith
POOL	11107	0.672526847	3,5,8,10,12,16	put eat back oz the fair
POOL	11108	0.672486616	3,4,8,11,12,16	took yves t-back ons a self
POOL	11109	0.672446000	2,5,7,12,16	up tit bad cons filth
POOL	11110	0.672359158	2,5,9,13,16	too tit back-up menace else
POOL	11111	0.672353612	2,5,8,11,16	too tit bach ons sal
POOL	11112	0.672318208	4,7,10,16	pussy beth cause self
POOL	11113	0.672317796	3,5,8,11,12,15,16	put eat bak ons a sell shh
POOL	11114	0.672314132	3,5,9,13,15,16	took eat becca masse air if
POOL	11115	0.672301550	3,7,11,13,16	took eat calms esse bells'
POOL	11116	0.672298716	2,4,6,11,16	too tea top axons offense
POOL	11117	0.672261721	3,5,8,10,12,16	put eat back oz the felt
POOL	11118	0.672201274	3,5,8,10,12,16	put eat back oz the saith
POOL	11119	0.672193636	1,2,4,7,12,16	app oh tea t-back cons half
POOL	11120	0.672189352	3,5,8,11,12,13,16	put eat bak ons a saw else
POOL	11121	0.672159472	2,6,11,13,14,16	pour tb cons us a laugh
POOL	11122	0.672156261	2,6,10,12,16	too tic cause a seth
POOL	11123	0.672132842	2,4,8,11,16	too tea t-back ons ansel
POOL	11124	0.672064536	3,6,8,11,13,16	putty eat at ons us else
POOL	11125	0.672056933	4,7,11,12,15,16	pussies bad cards a sell if
POOL	11126	0.672039602	3,6,8,11,16	took beat at ons sells
POOL	11127	0.672033812	3,5,8,10,12,16	put eat back ahs the hair
POOL	11128	0.671812658	2,7,11,13,15,16	put t-back cons us mare if
POOL	11129	0.671811670	1,2,4,5,7,10,16	app oh tea too bad con shelf
POOL	11130	0.671773559	3,5,8,11,12,15,16	put eat bak ons a cell shh
POOL	11131	0.671719227	3,6,11,16	talk eat exxon self
POOL	11132	0.671700306	3,5,8,10,12,16	put eat back oz the hair
POOL	11133	0.671696917	2,5,8,11,16	ohh tit app ons self
POOL	11134	0.671696237	3,5,8,11,16	put eat bak ons self
POOL	11135	0.671676320	3,6,13,16	took eb conscious else
POOL	11136	0.671675926	3,6,7,12,16	took peat now cons self
POOL	11137	0.671530544	3,5,8,11,12,15,16	put eat bak ons a sell fee
POOL	11138	0.671446587	5,9,13,16	post-it beck's thus else
POOL	11139	0.671401351	3,7,10,13,16	pots eat cause ash else
POOL	11140	0.671391117	3,5,8,10,12,16	put eat back ahs the shelves
POOL	11141	0.671370857	3,5,8,10,12,16	'bout a 'bout -san tha shelf
POOL	11142	0.671330494	2,4,6,11,16	too tea top axons selfie
POOL	11143	0.671246697	3,5,7,11,13,16	booker knit bad cons us else
POOL	11144	0.671225231	1,2,4,7,12,16	app oh tea t-back cons shelves
POOL	11145	0.671192530	3,6,7,11,12,16	took eat a cons a ellis
POOL	11146	0.671142742	3,4,8,11,13,16	pause a t-back ons us else
POOL	11147	0.671062073	4,9,11,13,16	pussy t-back ann's thus else
POOL	11148	0.671054633	3,5,9,13,15,16	post eat becca this air if
POOL	11149	0.671031567	3,4,7,11,12,16	took issue bad sons' a self
POOL	11150	0.670986307	3,5,8,11,12,15,16	put eat bak ons a cell fee
POOL	11151	0.670978599	3,5,7,11,12,16	took eat bad honors a self
POOL	11152	0.670909137	2,4,6,11,16	too tea top axons offence
POOL	11153	0.670907731	3,5,8,11,12,15,16	put eat bak ons a sell sh
POOL	11154	0.670893581	4,9,13,14,16	pushing t-back thus a laugh
POOL	11155	0.670776843	3,5,8,11,12,13,16	put eat bak ons a saw elf
POOL	11156	0.670718752	2,7,11,12,13,16	boi t-back cons a mesh else
POOL	11157	0.670715637	4,7,10,16	bookish bad cause self
POOL	11158	0.670710816	2,6,11,12,16	too tit cons tha selves
POOL	11159	0.670705733	6,7,11,16	petite i. cons cell's
POOL	11160	0.670696735	4,9,11,13,16	patti t-back news est else
POOL	11161	0.670542283	4,7,11,12,15,16	pussy bui cons un sell if
POOL	11162	0.670527226	3,6,11,16	took eat cons ansel
POOL	11163	0.670493173	5,11,13,16	put batons ass else
POOL	11164	0.670491684	4,8,9,13,16	booking t-back ahh thus else
POOL	11165	0.670481559	4,7,11,12,13,16	pussy tie cons a see us
POOL	11166	0.670471218	3,5,8,10,12,16	put eat back ahs the celts
POOL	11167	0.670464071	3,5,8,11,12,13,16	put eat bak ons a shh alf
POOL	11168	0.670441922	3,5,8,10,12,16	put eat back ahs the fel
POOL	11169	0.670363494	3,5,8,11,12,15,16	put eat bak ons a cell sh
POOL	11170	0.670329849	3,5,8,10,12,16	put eat back ahs the filth
POOL	11171	0.670328283	3,5,8,11,12,15,16	put eat bak ons a sell if
POOL	11172	0.670314209	3,5,8,10,12,16	put eat back ahs the helps
POOL	11173	0.670312664	4,7,11,12,15,16	pussy tenn cons a hare if
POOL	11174	0.670305456	2,5,9,10,13,16	p tit becca new mass. else
POOL	11175	0.670305333	1,2,4,7,12,16	app oh tea t-back cons celts
POOL	11176	0.670296022	2,4,8,11,12,16	ohh tea t-back ons elle self
POOL	11177	0.670276037	1,2,4,7,12,16	app oh tea t-back cons fel
POOL	11178	0.670229186	2,6,10,12,16	too tit cause a shelled
POOL	11179	0.670180468	3,5,8,10,12,16	put eat back ahs the air
POOL	11180	0.670163964	1,2,4,7,12,16	app oh tea t-back cons filth
POOL	11181	0.670143220	3,6,8,11,16	took eat sack ons sel
POOL	11182	0.670137712	3,5,8,10,12,16	put eat back oz the celts
POOL	11183	0.670115768	3,6,8,11,16	took eat ek owns self
POOL	11184	0.670108416	3,5,8,10,12,16	put eat back oz the fel
POOL	11185	0.670098177	2,5,11,12,13,16	pull keep batons a see def
POOL	11186	0.670078473	2,4,11,13,16	pu tea batons us alfie
POOL	11187	0.670077357	3,5,8,11,12,13,16	put eat bak ons a shh self
POOL	11188	0.670068541	5,11,13,16	potted ben's ass else
POOL	11189	0.670058627	4,7,11,12,15,16	doughty bad cons a elle if
POOL	11190	0.670035139	3,5,8,11,12,15,16	put eat bak ons a sell off
POOL	11191	0.670017612	4,9,13,16	pottery t-back thus else
POOL	11192	0.669996343	3,5,8,10,12,16	put eat back oz the filth
POOL	11193	0.669980703	3,5,8,10,12,16	put eat back oz the helps
POOL	11194	0.669950770	3,5,8,11,12,15,16	put eat bak ons a sell earth
POOL	11195	0.669888639	3,7,13,16	took eat conscious shell
POOL	11196	0.669871784	4,6,7,13,16	pussy tube i kata else
POOL	11197	0.669856908	2,5,9,12,15,16	pull tit becca a sell fell
POOL	11198	0.669846962	3,5,8,10,12,16	put eat back oz the air
POOL	11199	0.669833720	3,5,8,11,12,15,16	put eat bak ons a sell saw
POOL	11200	0.669832790	4,7,9,13,16	pussy bad car canvass else
POOL	11201	0.669824880	3,5,8,11,12,15,16	put eat bak ons a sell fur
POOL	11202	0.669824170	3,6,7,10,13,16	took whitby egg cause this else
POOL	11203	0.669784046	3,5,8,11,12,15,16	put eat bak ons a cell if
POOL	11204	0.669760190	4,7,11,13,15,16	pussy back cons shh air if
POOL	11205	0.669699722	3,5,9,11,13,16	spot night becca news us else
POOL	11206	0.669674183	3,5,8,11,12,13,16	put eat bak ons a see alf
POOL	11207	0.669612338	3,5,8,10,12,16	put eat back ahs the smell
POOL	11208	0.669490901	3,5,8,11,12,15,16	put eat bak ons a cell off
POOL	11209	0.669456728	5,9,13,16	booklet but thus else
POOL	11210	0.669440443	3,6,10,13,16	took eat cause sass f.
POOL	11211	0.669406533	3,5,8,11,12,15,16	put eat bak ons a cell earth
POOL	11212	0.669388908	2,5,9,11,12,16	pull pits becca son's a self
POOL	11213	0.669289483	3,5,8,11,12,15,16	put eat bak ons a cell saw
POOL	11214	0.669287469	3,5,8,11,12,13,16	put eat bak ons a see self
POOL	11215	0.669280643	3,5,8,11,12,15,16	put eat bak ons a cell fur
POOL	11216	0.669275426	2,4,6,11,16	too tea top axons aswell
POOL	11217	0.669268701	3,6,8,11,16	took mitt at moms self
POOL	11218	0.669242604	3,6,10,13,16	took feat cause thus ralph
POOL	11219	0.669233266	1,2,4,8,12,16	app oh tea t-back ons hell
POOL	11220	0.669221957	1,2,4,5,7,10,16	app oh tea too bad car shelf
POOL	11221	0.669167604	3,6,8,11,16	took eat at arm seth
POOL	11222	0.669162178	3,5,8,10,12,16	put eat back ahs the shelf
POOL	11223	0.669096906	4,8,11,16	pussy cech ons self
POOL	11224	0.669094417	1,2,4,8,12,16	app oh tea t-back ons fell
POOL	11225	0.669079324	1,2,4,5,7,10,16	app oh tea too bad conn shelf
POOL	11226	0.669076509	3,5,8,10,12,16	put eat back ahs the spell
POOL	11227	0.669054006	3,5,8,11,12,13,16	put eat bak ons a sh alf
POOL	11228	0.669050701	2,5,8,11,16	too tim bear ons self
POOL	11229	0.669034560	3,5,8,10,12,16	put eat back ahs the shelved
POOL	11230	0.669025487	3,5,8,10,12,16	put eat back ahs the l.'s
POOL	11231	0.669006495	3,5,7,13,16	took eat bash connoisseur else
POOL	11232	0.668992051	2,6,10,12,16	too tit calm a alf
POOL	11233	0.668968686	4,8,9,13,16	pussy t-back na thus else
POOL	11234	0.668934522	3,6,7,11,12,16	took each a cons ea self
POOL	11235	0.668870665	1,2,4,8,12,16	app oh tea t-back ons sense
POOL	11236	0.668868674	1,2,4,7,12,16	app oh tea t-back cons shelved
POOL	11237	0.668828672	3,5,8,10,12,16	put eat back oz the shelf
POOL	11238	0.668818598	3,5,8,10,12,16	put eat back ahs the staff
POOL	11239	0.668779892	3,5,8,10,12,16	put eat back ahs the selves
POOL	11240	0.668773291	3,6,11,12,16	took ish cons ca self
POOL	11241	0.668732664	2,6,8,11,16	tour it knack ons self
POOL	11242	0.668691981	3,5,8,10,12,16	put eat back oz the l.'s
POOL	11243	0.668667292	3,5,8,11,12,13,16	put eat bak ons a sh self
POOL	11244	0.668623774	4,9,13,14,16	pussy t-back mess a laugh
POOL	11245	0.668614007	1,2,4,7,12,16	app oh tea t-back cons selves
POOL	11246	0.668585297	1,2,4,8,12,16	app oh tea t-back ons help
POOL	11247	0.668558860	2,5,9,11,13,16	toy tit becca news us pal
POOL	11248	0.668530475	3,6,13,16	took eat conscious nth
POOL	11249	0.668519223	4,6,7,13,16	pussy tube a conscious filth
POOL	11250	0.668478349	4,6,9,13,16	pussy tube at anise else
POOL	11251	0.668448700	3,6,8,11,16	pak eat sat ons self
POOL	11252	0.668374436	2,5,11,12,16	pussy tit batons a self
POOL	11253	0.668367590	3,5,8,10,12,16	put eat back ahs the al
POOL	11254	0.668321103	3,5,8,10,12,16	put eat back ahs the sas
POOL	11255	0.668318119	2,4,6,11,16	too tea top axons sheriff
POOL	11256	0.668304693	4,6,8,11,13,16	tutti tube at ons us nth
POOL	11257	0.668275936	2,5,9,10,13,16	pull tit becca new this where
POOL	11258	0.668210938	3,5,8,11,12,15,16	put eat bak ons a sell fir
POOL	11259	0.668185393	3,6,7,12,16	took east a cons filth
POOL	11260	0.668184967	3,5,8,11,12,15,16	put eat bak ons a sell sea
POOL	11261	0.668181750	3,5,8,11,12,15,16	put eat bak ons a sell sir
POOL	11262	0.668157154	3,5,9,11,13,16	tout eat becca th'are us else
POOL	11263	0.668155217	1,2,4,7,12,16	app oh tea t-back cons sas
POOL	11264	0.668100707	3,5,8,10,12,16	put eat back ahs the schiff
POOL	11265	0.668073529	4,6,8,11,12,16	patti tube at r. a self
POOL	11266	0.668052347	4,9,13,14,16	pussy t-back thus a riff
POOL	11267	0.668034084	3,5,8,10,12,16	put eat back oz the al
POOL	11268	0.667987597	3,5,8,10,12,16	put eat back oz the sas
POOL	11269	0.667979743	3,5,8,10,12,16	put eat back ahs the fare
POOL	11270	0.667975987	3,5,8,11,12,15,16	put eat bak ons a sell eff
POOL	11271	0.667943565	2,5,8,11,16	pugh tit black oars self
POOL	11272	0.667938353	3,5,7,11,13,16	took ist bad commas us else
POOL	11273	0.667934821	1,2,4,7,12,16	app oh tea t-back cons schiff
POOL	11274	0.667888847	2,4,6,11,16	too tea top axons ansel
POOL	11275	0.667886345	3,5,8,10,12,16	put eat back ahs the el
POOL	11276	0.667878014	3,5,8,11,12,15,16	put eat bak ons a sell ass
POOL	11277	0.667873920	3,5,8,10,12,16	put eat back ahs the chefs
POOL	11278	0.667859083	3,5,8,10,12,16	put eat back ahs the seal
POOL	11279	0.667855591	3,5,9,11,12,16	took eat becca tunes a self
POOL	11280	0.667853863	2,5,9,12,13,16	pas tit becca a see else
POOL	11281	0.667846497	3,8,9,13,16	took tack ahh thus s
POOL	11282	0.667845258	3,5,8,11,12,15,16	put eat bak ons a sell foo
POOL	11283	0.667840544	3,5,8,10,12,16	put eat back ahs the shalt
POOL	11284	0.667814054	2,4,9,12,16	too tea t-back nara self
POOL	11285	0.667788633	3,5,8,10,12,16	put eat back ahs the hal
POOL	11286	0.667720460	1,2,4,7,12,16	app oh tea t-back cons el
POOL	11287	0.667710871	2,4,6,11,16	too tea top axons ss
POOL	11288	0.667708035	1,2,4,7,12,16	app oh tea t-back cons chefs
POOL	11289	0.667699350	3,5,7,11,16	foote ish path cons self
POOL	11290	0.667690055	2,6,13,16	pour tit conscious hair
POOL	11291	0.667674659	1,2,4,7,12,16	app oh tea t-back cons shalt
POOL	11292	0.667666700	3,5,8,11,12,15,16	put eat bak ons a cell fir
POOL	11293	0.667646237	3,5,8,10,12,16	put eat back oz the fare
POOL	11294	0.667640730	3,5,8,11,12,15,16	put eat bak ons a cell sea
POOL	11295	0.667637513	3,5,8,11,12,15,16	put eat bak ons a cell sir
POOL	11296	0.667622748	1,2,4,7,12,16	app oh tea t-back cons hal
POOL	11297	0.667552839	3,5,8,10,12,16	put eat back oz the el
POOL	11298	0.667540414	3,5,8,10,12,16	put eat back oz the chefs
POOL	11299	0.667488500	3,5,8,11,12,15,16	put eat bak ons a sell f
POOL	11300	0.667455127	3,5,8,10,12,16	put eat back oz the hal
POOL	11301	0.667431750	3,5,8,11,12,15,16	put eat bak ons a cell eff
POOL	11302	0.667369997	3,5,8,10,12,16	put eat back ahs the fells
POOL	11303	0.667368341	4,8,9,13,16	pussy t-back ahh ras else
POOL	11304	0.667344917	3,5,8,11,12,15,16	put eat bak ons a sell oof
POOL	11305	0.667333777	3,5,8,11,12,15,16	put eat bak ons a cell ass
POOL	11306	0.667301021	3,5,8,11,12,15,16	put eat bak ons a cell foo
POOL	11307	0.667296822	2,5,9,12,16	too peat baek a self
POOL	11308	0.667252359	3,5,8,10,12,16	put eat back ahs the solve
POOL	11309	0.667204111	1,2,4,7,12,16	app oh tea t-back cons fells
POOL	11310	0.667187829	3,5,8,10,12,16	put eat back ahs the l
POOL	11311	0.667184021	3,5,8,10,12,16	put eat back ahs the elle
POOL	11312	0.667180622	3,6,7,10,13,16	took fib a cause service else
POOL	11313	0.667174352	3,5,8,10,12,16	put eat back ahs the hells
POOL	11314	0.667172212	3,6,7,11,12,16	took pit a cons a healthy
POOL	11315	0.667155577	5,9,11,13,16	post-it back-up news us bell
POOL	11316	0.667128565	3,5,8,10,12,16	put eat back ahs the fence
POOL	11317	0.667124685	3,5,8,11,12,15,16	put eat bak ons a sell fer
POOL	11318	0.667124456	3,5,8,10,12,16	put eat bak on the shall
POOL	11319	0.667103074	2,5,9,12,13,16	pull tit becca a he else
POOL	11320	0.667090041	3,5,7,9,13,16	books eat bad car kansas' else
POOL	11321	0.667077187	5,8,11,12,13,16	footed bak ons a see else
POOL	11322	0.667067860	3,5,8,10,12,16	put eat back ahs the shill
POOL	11323	0.667061786	3,5,8,10,12,16	put eat back ahs the eff
POOL	11324	0.667045995	4,6,7,10,13,16	pussy tu a cause this aff
POOL	11325	0.667043813	3,5,8,11,12,13,16	put eat bak ons a shh health
POOL	11326	0.667036491	3,5,8,10,12,16	put eat back oz the fells
POOL	11327	0.667021943	1,2,4,7,12,16	app oh tea t-back cons l
POOL	11328	0.667018135	1,2,4,7,12,16	app oh tea t-back cons elle
POOL	11329	0.667008467	1,2,4,7,12,16	app oh tea t-back cons hells
POOL	11330	0.667005063	4,6,7,13,16	footed tube a conscious l.
POOL	11331	0.666991233	3,5,8,10,12,16	put eat back ahs the wealth
POOL	11332	0.666967392	3,5,8,11,12,15,16	put eat bak ons a sell fa
POOL	11333	0.666958687	3,5,8,10,12,16	put eat back ahs the phelps
POOL	11334	0.666945600	2,5,9,12,13,16	pull tit becca a see heir
POOL	11335	0.666944263	3,5,8,11,12,15,16	put eat bak ons a cell f
POOL	11336	0.666901975	1,2,4,7,12,16	app oh tea t-back cons shill
POOL	11337	0.666895901	1,2,4,7,12,16	app oh tea t-back cons eff
POOL	11338	0.666892984	3,6,11,12,16	bots eat cons and self
POOL	11339	0.666882871	2,4,6,11,16	too tea top axons ethel
POOL	11340	0.666868236	3,7,11,12,16	pooch eat cons duh self
POOL	11341	0.666866546	3,5,8,11,12,15,16	put eat bak ons a sell pfft
POOL	11342	0.666854323	3,5,8,10,12,16	put eat back oz the l
POOL	11343	0.666850515	3,5,8,10,12,16	put eat back oz the elle
POOL	11344	0.666848103	3,5,8,10,12,16	put eat back ahs the sass
POOL	11345	0.666840846	3,5,8,10,12,16	put eat back oz the hells
POOL	11346	0.666834240	3,5,8,11,12,15,16	put eat bak ons a sell aff
POOL	11347	0.666807415	2,4,8,11,12,16	putt tea t-back ons a shill
POOL	11348	0.666800679	3,5,8,11,12,15,16	put eat bak ons a cell oof
POOL	11349	0.666795059	3,5,8,10,12,16	put eat back oz the fence
POOL	11350	0.666792802	1,2,4,7,12,16	app oh tea t-back cons phelps
POOL	11351	0.666762399	3,7,9,12,16	took eat ta ve self
POOL	11352	0.666761575	3,5,9,11,12,16	took eye becca news a self
POOL	11353	0.666760171	3,8,9,13,16	took back ahh thus else
POOL	11354	0.666739612	3,5,8,10,12,16	put eat back ahs the fill
POOL	11355	0.666728280	3,5,8,10,12,16	put eat back oz the eff
POOL	11356	0.666694672	3,5,8,10,12,16	put eat back ahs the tells
POOL	11357	0.666682217	1,2,4,7,12,16	app oh tea t-back cons sass
POOL	11358	0.666625181	3,5,8,10,12,16	put eat back oz the phelps
POOL	11359	0.666619526	3,5,9,11,16	took eat ack news shall
POOL	11360	0.666591535	3,5,8,10,12,16	put eat back ahs the scarce
POOL	11361	0.666588980	3,4,6,7,11,16	bot a tube a canoes self
POOL	11362	0.666587195	1,4,9,13,16	up tea t-back thus alfa
POOL	11363	0.666580448	3,5,8,11,12,15,16	put eat bak ons a cell fer
POOL	11364	0.666558099	2,6,10,12,16	daw tit cause is self
POOL	11365	0.666493051	3,5,8,10,12,16	put eat back ahs the f
POOL	11366	0.666475377	2,6,10,12,16	tao tit ka a self
POOL	11367	0.666470867	3,5,8,10,12,16	put eat back ahs the sill
POOL	11368	0.666455173	3,4,8,11,13,16	caught a t-back ons rash else
POOL	11369	0.666444397	4,8,11,12,13,16	pussy banc ons a hsu else
POOL	11370	0.666439829	3,5,8,10,12,16	put eat back ahs the sil
POOL	11371	0.666423155	3,5,8,11,12,15,16	put eat bak ons a cell fa
POOL	11372	0.666406106	3,5,8,10,12,16	put eat back oz the fill
POOL	11373	0.666385724	3,5,8,10,12,16	put eat back ahs the hence
POOL	11374	0.666376689	4,8,11,12,13,16	pussy pat cars a see else
POOL	11375	0.666365156	3,5,8,10,12,16	put eat back ahs the swell
POOL	11376	0.666348255	2,5,7,11,15,16	pull thick bad cons adair if
POOL	11377	0.666339798	3,5,8,10,12,16	put eat back ahs the sash
POOL	11378	0.666327165	1,2,4,7,12,16	app oh tea t-back cons f
POOL	11379	0.666326982	3,5,8,10,12,16	put eat back ahs the halle
POOL	11380	0.666325731	2,8,11,16	poop t-back kahn self
POOL	11381	0.666322309	3,5,8,11,12,15,16	put eat bak ons a cell pfft
POOL	11382	0.666308358	4,6,8,11,12,16	pussy ebb duck ons a self
POOL	11383	0.666304982	1,2,4,7,12,16	app oh tea t-back cons sill
POOL	11384	0.666290003	3,5,8,11,12,15,16	put eat bak ons a cell aff
POOL	11385	0.666273944	1,2,4,7,12,16	app oh tea t-back cons sil
POOL	11386	0.666253925	3,5,8,11,12,13,16	put eat bak ons a see health
POOL	11387	0.666250280	3,5,8,10,12,16	put eat back ahs the theft
POOL	11388	0.666193652	2,4,9,12,16	poe day back a self
POOL	11389	0.666192643	2,5,11,16	too tit axons cells
POOL	11390	0.666173913	1,2,4,7,12,16	app oh tea t-back cons sash
POOL	11391	0.666161097	1,2,4,7,12,16	app oh tea t-back cons halle
POOL	11392	0.666159545	3,5,8,10,12,16	put eat back oz the f
POOL	11393	0.666140310	3,5,8,11,12,15,16	put eat bak ons a sell phu
POOL	11394	0.666114784	3,5,8,10,12,16	put eat back ahs the shelled
POOL	11395	0.666097111	3,5,8,11,12,15,16	put eat bak ons a sell s
POOL	11396	0.666075585	3,5,8,11,12,15,16	put eat bak ons a sell fie
POOL	11397	0.666052219	3,5,8,10,12,16	put eat back oz the hence
POOL	11398	0.666006292	3,5,8,10,12,16	put eat back oz the sash
POOL	11399	0.665993476	3,5,8,10,12,16	put eat back oz the halle
POOL	11400	0.665948898	1,2,4,7,12,16	app oh tea t-back cons shelled
POOL	11401	0.665909706	5,9,11,13,16	post-it back-up is us else
POOL	11402	0.665872746	2,5,9,12,15,16	boo tit becca a sell if
POOL	11403	0.665866834	3,5,8,10,12,16	put eat back ahs the ell
POOL	11404	0.665865401	1,2,4,8,12,16	app oh tea t-back ons shares
POOL	11405	0.665857976	3,5,8,10,12,16	put eat back ahs the s
POOL	11406	0.665850539	3,5,8,10,12,16	put eat back ahs the chair
POOL	11407	0.665848678	2,5,7,12,16	too peat bad cons l.
POOL	11408	0.665841253	3,6,7,10,13,16	poet eat cash cause this else
POOL	11409	0.665809649	3,4,6,7,11,16	'bout a tube a cons affaires
POOL	11410	0.665773358	3,5,8,10,12,16	put eat back ahs the shared
POOL	11411	0.665720305	2,4,9,12,13,16	pull tea back ana see else
POOL	11412	0.665715757	3,5,8,10,12,16	put eat back ahs the steph
POOL	11413	0.665712161	3,5,8,10,12,16	put eat back ahs the helm
POOL	11414	0.665707583	2,6,11,16	bush tic cons selfie
POOL	11415	0.665704202	2,5,11,12,13,16	poole d batons a see else
POOL	11416	0.665700949	1,2,4,7,12,16	app oh tea t-back cons ell
POOL	11417	0.665689073	3,5,8,10,12,16	put eat back ahs the tel
POOL	11418	0.665668755	3,5,8,11,12,15,16	put eat bak ons a sell fu
POOL	11419	0.665633748	3,5,8,11,12,13,16	put eat bak ons a sh health
POOL	11420	0.665618242	2,4,11,16	poe take batons cher
POOL	11421	0.665596073	3,5,8,11,12,15,16	put eat bak ons a cell phu
POOL	11422	0.665564238	3,5,8,10,12,16	put eat back ahs the hare
POOL	11423	0.665561892	3,7,11,12,13,16	input eat cons a ch else
POOL	11424	0.665557772	3,6,7,11,15,16	porte eat a cons axel if
POOL	11425	0.665552874	3,5,8,11,12,15,16	put eat bak ons a cell s
POOL	11426	0.665533329	3,5,8,10,12,16	put eat back oz the ell
POOL	11427	0.665531347	3,5,8,11,12,15,16	put eat bak ons a cell fie
POOL	11428	0.665524470	3,5,8,10,12,16	put eat back oz the s
POOL	11429	0.665517033	3,5,8,10,12,16	put eat back oz the chair
POOL	11430	0.665496257	3,4,6,11,13,16	e-book a ter cons us else
POOL	11431	0.665487350	3,5,8,10,12,16	put eat back ahs the ralph
POOL	11432	0.665480334	1,2,4,5,7,10,16	app oh see too bad con shelf
POOL	11433	0.665472196	3,5,8,10,12,16	put eat back ahs the phil
POOL	11434	0.665462203	2,4,6,11,16	too tea top axons ethyl
POOL	11435	0.665459554	3,5,8,10,12,16	put eat back ahs the sen
POOL	11436	0.665430567	2,5,9,10,13,16	eau tit becca new this ralph
POOL	11437	0.665430314	2,5,7,11,12,16	pull picked bad cons ina self
POOL	11438	0.665383096	3,5,8,10,12,16	put eat back ahs the faire
POOL	11439	0.665378656	3,5,8,10,12,16	put eat back oz the helm
POOL	11440	0.665372905	3,4,8,11,16	tout see tik ons self
POOL	11441	0.665355956	2,5,11,12,13,16	pull wit batons a else else
POOL	11442	0.665351809	1,2,4,8,12,16	app oh tea t-back ons tell
POOL	11443	0.665284999	3,5,8,10,12,16	put eat back ahs the ulf
POOL	11444	0.665256452	3,5,8,11,12,13,16	put eat bak ons a saw alf
POOL	11445	0.665231281	2,4,6,11,16	too tea top axons affaires
POOL	11446	0.665230732	3,5,8,10,12,16	put eat back oz the hare
POOL	11447	0.665153844	3,5,8,10,12,16	put eat back oz the ralph
POOL	11448	0.665138690	3,5,8,10,12,16	put eat back oz the phil
POOL	11449	0.665136251	2,5,9,12,13,16	pull twist becca a see else
POOL	11450	0.665124517	3,5,8,11,12,15,16	put eat bak ons a cell fu
POOL	11451	0.665119114	1,2,4,7,12,16	app oh tea t-back cons ulf
POOL	11452	0.665062926	4,9,13,14,16	pussy t-back thus m laugh
POOL	11453	0.665049591	3,5,8,10,12,16	put eat back oz the faire
POOL	11454	0.664974929	3,4,8,11,13,16	took king t-back ons x else
POOL	11455	0.664951636	3,5,8,10,12,16	put eat back ahs the sheer
POOL	11456	0.664949733	3,5,8,10,12,16	put eat back ahs the smells
POOL	11457	0.664929021	4,6,7,11,16	pussy tube a calms ss
POOL	11458	0.664902483	4,6,8,11,12,16	petit tube at ons un self
POOL	11459	0.664890171	2,5,9,13,15,16	boi tit becca this sell if
POOL	11460	0.664870918	3,6,8,11,16	bud eat at sun's self
POOL	11461	0.664847706	4,7,10,16	pudding beth cause self
POOL	11462	0.664677593	3,5,8,10,12,16	put eat back ahs the shaft
POOL	11463	0.664585901	4,6,9,13,16	pudding tube atta thus else
POOL	11464	0.664582396	3,5,8,10,12,16	put eat back ahs the sul
POOL	11465	0.664582114	3,5,8,10,12,16	put eat back ahs the valve
POOL	11466	0.664571598	3,5,8,10,12,16	put eat back ahs the slough
POOL	11467	0.664569834	2,5,9,13,16	too kick back-up zenith else
POOL	11468	0.664543007	3,5,8,11,12,13,16	put eat bak ons a shh air
POOL	11469	0.664512832	3,5,8,11,12,15,16	put eat bak ons a sell sue
POOL	11470	0.664458537	3,5,9,13,15,16	took right becca this air if
POOL	11471	0.664444921	5,9,11,13,16	footed back-up anne's us else
POOL	11472	0.664428052	3,5,8,10,12,16	put eat back ahs the shen
POOL	11473	0.664418446	3,5,8,10,12,16	put eat back ahs the thief
POOL	11474	0.664416988	3,6,7,9,12,16	took ebb a car reza self
POOL	11475	0.664357689	3,5,8,10,12,16	put eat back ahs the fess
POOL	11476	0.664338555	3,5,8,10,12,16	put eat back ahs the hess
POOL	11477	0.664268792	3,5,9,11,13,16	coat eat becca news ann else
POOL	11478	0.664254847	2,4,6,11,16	too tea top axons lasalle
POOL	11479	0.664196978	3,5,8,10,12,16	put eat back ahs the herr
POOL	11480	0.664191804	1,2,4,7,12,16	app oh tea t-back cons fess
POOL	11481	0.664180846	3,5,8,10,12,16	put eat back ahs the spells
POOL	11482	0.664180045	5,7,11,16	post-it bank cons stealth
POOL	11483	0.664171510	3,5,8,10,12,16	put eat back on the health
POOL	11484	0.664153022	2,5,11,12,13,16	bah tit batons in see else
POOL	11485	0.664076693	3,5,8,10,12,16	put eat back ahs the snell
POOL	11486	0.664048982	3,5,8,10,12,16	put eat back ahs the fierce
POOL	11487	0.664045271	3,5,8,11,12,13,16	put eat bak ons a shh l.'s
POOL	11488	0.664042358	3,5,8,10,12,16	put eat back ahs the fares
POOL	11489	0.664034025	4,9,13,16	pussy tek rush al.
POOL	11490	0.664024183	3,5,8,10,12,16	put eat back oz the fess
POOL	11491	0.664005049	3,5,8,10,12,16	put eat back oz the hess
POOL	11492	0.663985555	4,6,8,11,12,16	pussy te at runs a self
POOL	11493	0.663968595	3,5,8,11,12,15,16	put eat bak ons a cell sue
POOL	11494	0.663960516	4,6,7,11,16	pussy tee a cons aswell
POOL	11495	0.663955354	3,5,8,11,12,15,16	put eat bak ons a sell fs
POOL	11496	0.663938853	3,5,8,11,12,15,16	put eat bak ons a sell us
POOL	11497	0.663867694	2,5,9,10,13,16	oooh dipped becca new this else
POOL	11498	0.663863472	3,5,8,10,12,16	put eat back oz the herr
POOL	11499	0.663845136	3,5,8,10,12,16	put eat back ahs the sheaf
POOL	11500	0.663838785	4,7,13,15,16	pussy ben conscious air sur
POOL	11501	0.663828795	1,2,4,8,12,16	app oh tea t-back ons says
POOL	11502	0.663765229	4,8,11,13,16	pussy t-back ons us shells
POOL	11503	0.663763189	4,8,11,12,16	pussy t-back m.'s a self
POOL	11504	0.663726314	4,6,7,11,16	pussy tube eye commas self
POOL	11505	0.663724883	3,4,8,11,13,16	took eel t-back ah us else
POOL	11506	0.663719506	4,6,8,11,12,16	pussy tube at ons a wealth
POOL	11507	0.663715476	3,5,8,10,12,16	put eat back oz the fierce
POOL	11508	0.663708852	3,5,8,10,12,16	put eat back oz the fares
POOL	11509	0.663706042	3,6,7,12,16	took eat a kohn solve
POOL	11510	0.663692685	2,5,9,12,15,16	pull fit becca a sell if
POOL	11511	0.663667593	1,2,4,8,12,16	app oh tea t-back ons fair
POOL	11512	0.663627292	3,5,8,10,12,16	put eat back ahs the e'er
POOL	11513	0.663607761	3,5,8,11,12,15,16	put eat bak ons a sell sci
POOL	11514	0.663575373	4,6,8,11,12,16	pussy tube whack bans a self
POOL	11515	0.663535363	3,8,9,13,16	port beck odd thus else
POOL	11516	0.663524179	3,5,8,11,12,15,16	put eat bak ons a sell ef
POOL	11517	0.663469473	3,5,8,11,12,13,16	put eat bak ons a shh el
POOL	11518	0.663466235	3,5,8,10,12,16	put eat back ahs the hesse
POOL	11519	0.663423777	3,5,8,10,12,16	put eat back ahs the hath
POOL	11520	0.663411117	3,5,8,11,12,15,16	put eat bak ons a cell fs
POOL	11521	0.663402468	1,2,4,8,12,16	app oh tea t-back ons felt
POOL	11522	0.663394616	3,5,8,11,12,15,16	put eat bak ons a cell us
POOL	11523	0.663351593	3,5,8,10,12,16	put eat back ahs the seals
POOL	11524	0.663335459	3,5,8,10,12,16	put eat back ahs the fairs
POOL	11525	0.663311949	3,5,11,12,13,16	oat eat batons a see else
POOL	11526	0.663301839	3,5,8,11,12,13,16	put eat bak ons a shh al
POOL	11527	0.663293786	3,5,8,10,12,16	put eat back oz the e'er
POOL	11528	0.663268833	3,4,9,13,16	talk she back thus else
POOL	11529	0.663260534	3,5,8,10,12,16	put eat back ahs the celled
POOL	11530	0.663229332	2,5,11,16	spa de batons self
POOL	11531	0.663217574	3,5,8,11,12,15,16	put eat bak ons a sell thaw
POOL	11532	0.663198832	5,8,11,12,13,16	post-it bak ons a see l.
POOL	11533	0.663171083	3,5,8,11,12,15,16	put eat bak ons a sell thi
POOL	11534	0.663144780	3,5,8,10,12,16	put eat back ahs the hairs
POOL	11535	0.663144665	2,8,9,13,16	too t-back rah kansas else
POOL	11536	0.663140407	3,5,8,11,12,15,16	put eat bak ons a sell soo
POOL	11537	0.663132942	3,5,8,11,12,13,16	put eat bak ons a sh air
POOL	11538	0.663132729	3,5,8,10,12,16	put eat back oz the hesse
POOL	11539	0.663090271	3,5,8,10,12,16	put eat back oz the hath
POOL	11540	0.663070151	3,5,8,10,12,16	put eat back ahs the sills
POOL	11541	0.663063524	3,5,8,11,12,15,16	put eat bak ons a cell sci
POOL	11542	0.663043498	2,5,11,13,16	poor tit batons us alfa
POOL	11543	0.663042776	3,4,9,12,16	took be tek a self
POOL	11544	0.663035284	4,7,13,15,16	pulley bad conscious err see
POOL	11545	0.663031575	3,5,8,11,12,15,16	put eat bak ons a sell c
POOL	11546	0.663027066	3,5,8,10,12,16	'bout a 'bout 'pon tha shelf
POOL	11547	0.663016521	3,5,9,13,15,16	took eat becca this eel if
POOL	11548	0.663001953	3,5,8,10,12,16	put eat back oz the fairs
POOL	11549	0.662979942	3,5,8,11,12,15,16	put eat bak ons a cell ef
POOL	11550	0.662975618	3,5,8,10,12,16	put eat back ahs the chess
POOL	11551	0.662973516	3,5,11,16	put eat batons self
POOL	11552	0.662972275	2,4,8,11,16	bow tea t-back ons offense
POOL	11553	0.662927029	3,5,8,10,12,16	put eat back oz the celled
POOL	11554	0.662899868	3,5,8,10,12,16	put eat back ahs the shear
POOL	11555	0.662893070	3,5,8,11,12,15,16	put eat bak ons a sell sur
POOL	11556	0.662870745	3,5,8,11,12,13,16	put eat bak ons a shh l
POOL	11557	0.662867481	3,5,8,11,12,13,16	put eat bak ons a shh elle
POOL	11558	0.662841053	1,2,4,8,12,16	app oh tea t-back ons hair
POOL	11559	0.662811275	3,5,8,10,12,16	put eat back oz the hairs
POOL	11560	0.662787348	3,5,8,9,13,16	put eat bak ahh nervous else
POOL	11561	0.662765830	3,6,13,16	putt ait conscious else
POOL	11562	0.662762708	3,5,8,11,12,13,16	put eat bak ons a shh eff
POOL	11563	0.662709622	2,5,9,11,12,16	poof tit becca news suh self
POOL	11564	0.662673337	3,5,8,11,12,15,16	put eat bak ons a cell thaw
POOL	11565	0.662663830	3,5,8,11,12,15,16	put eat bak ons a sell auth
POOL	11566	0.662642112	3,5,8,10,12,16	put eat back oz the chess
POOL	11567	0.662635206	3,5,8,11,12,13,16	put eat bak ons a sh l.'s
POOL	11568	0.662629420	3,5,8,10,12,16	put eat back ahs the els
POOL	11569	0.662626846	3,5,8,11,12,15,16	put eat bak ons a cell thi
POOL	11570	0.662596170	3,5,8,11,12,15,16	put eat bak ons a cell soo
POOL	11571	0.662494054	3,7,11,12,16	popped eat cons a elle
POOL	11572	0.662490451	3,5,8,9,13,16	put eat bak ah nervous else
POOL	11573	0.662487337	3,5,8,11,12,15,16	put eat bak ons a cell c
POOL	11574	0.662478212	3,5,8,10,12,16	put eat back ahs the sis
POOL	11575	0.662466725	3,5,8,10,12,16	put eat back ahs the heir
POOL	11576	0.662367162	3,5,8,10,12,16	put eat back ahs the cis
POOL	11577	0.662348833	3,5,8,11,12,15,16	put eat bak ons a cell sur
POOL	11578	0.662344424	3,5,7,13,16	took eat bad connoisseur l
POOL	11579	0.662341572	4,9,12,16	pussy tek th'are self
POOL	11580	0.662312469	3,5,8,10,12,16	put eat back ahs the nell
POOL	11581	0.662308416	2,4,9,12,16	pushy tea t-back a self
POOL	11582	0.662295914	3,5,8,10,12,16	put eat back oz the els
POOL	11583	0.662292694	4,11,12,16	putt batons a air
POOL	11584	0.662275221	3,5,8,11,12,13,16	put eat bak ons a shh f
POOL	11585	0.662241349	3,5,8,11,13,16	took eat bak ons asher else
POOL	11586	0.662198357	1,2,4,8,12,16	app oh tea t-back ons shelves
POOL	11587	0.662187801	3,5,8,10,12,16	put eat back ahs the sith
POOL	11588	0.662164943	3,5,8,11,12,15,16	put eat bak ons a sell sioux
POOL	11589	0.662143145	3,6,7,10,13,16	pop iba a cause this else
POOL	11590	0.662133219	3,5,8,10,12,16	put eat back oz the heir
POOL	11591	0.662119592	3,5,8,11,12,15,16	put eat bak ons a cell auth
POOL	11592	0.662103288	3,5,8,11,12,13,16	put eat bak ons a shh wealth
POOL	11593	0.662076693	3,5,8,10,12,16	put eat back ahs the nel
POOL	11594	0.662059408	3,5,8,11,12,13,16	put eat bak ons a sh el
POOL	11595	0.662051120	4,7,10,12,16	pottery tan cause a self
POOL	11596	0.662033656	3,5,8,10,12,16	put eat back oz the cis
POOL	11597	0.662032338	2,5,8,9,13,16	pull cheat bak ahh indus else
POOL	11598	0.662031330	3,5,8,11,12,15,16	put eat bak ons a sell ths
POOL	11599	0.661990780	3,5,8,11,16	put eat bak ons health
POOL	11600	0.661978963	3,5,8,10,12,16	put eat back oz the nell
POOL	11601	0.661947912	2,4,9,12,16	too tea back a elf
POOL	11602	0.661905778	2,7,12,16	too t-back cons fares
POOL	11603	0.661891774	3,5,8,11,12,13,16	put eat bak ons a sh al
POOL	11604	0.661891482	3,6,7,12,16	pope rit man cons self
POOL	11605	0.661887439	3,6,11,12,16	cot eat cons a air
POOL	11606	0.661868010	3,5,8,10,12,16	put eat back ahs the ef
POOL	11607	0.661855000	3,5,8,10,12,16	put eat back ahs the swells
POOL	11608	0.661747273	3,5,8,10,12,16	put eat back ahs the fil
POOL	11609	0.661743187	3,5,8,10,12,16	put eat back oz the nel
POOL	11610	0.661738464	3,5,8,11,12,13,16	put eat bak ons a shh ell
POOL	11611	0.661702125	1,2,4,7,12,16	app oh tea t-back cons ef
POOL	11612	0.661668837	3,5,8,10,12,16	put eat back ahs the aff
POOL	11613	0.661654196	3,5,8,10,12,16	put eat back ahs the scythe
POOL	11614	0.661641043	2,6,13,16	pow tipped conscious f.'s
POOL	11615	0.661624593	3,5,8,10,12,16	put eat back ahs the shall
POOL	11616	0.661620706	3,5,8,11,12,15,16	put eat bak ons a cell sioux
POOL	11617	0.661534504	3,5,8,10,12,16	put eat back oz the ef
POOL	11618	0.661528442	2,5,7,10,12,16	paul tit better cause a self
POOL	11619	0.661487093	3,5,8,11,12,15,16	put eat bak ons a cell ths
POOL	11620	0.661476630	3,5,8,11,12,15,16	put eat bak ons a sell sa
POOL	11621	0.661461394	5,9,13,16	post-it bach thus al.
POOL	11622	0.661460680	3,5,8,11,12,13,16	put eat bak ons a sh l
POOL	11623	0.661457416	3,5,8,11,12,13,16	put eat bak ons a sh elle
POOL	11624	0.661413768	3,5,8,10,12,16	put eat back oz the fil
POOL	11625	0.661369744	3,5,8,10,12,16	put eat back ahs the cen
POOL	11626	0.661352643	3,5,8,11,12,13,16	put eat bak ons a sh eff
POOL	11627	0.661335332	3,5,8,10,12,16	put eat back oz the aff
POOL	11628	0.661316242	3,5,8,11,12,13,16	put eat bak ons a shh ulf
POOL	11629	0.661278459	1,2,4,8,12,16	app oh tea t-back ons celts
POOL	11630	0.661249163	1,2,4,8,12,16	app oh tea t-back ons fel
POOL	11631	0.661224182	4,7,13,15,16	pussy bad tarsus air sh
POOL	11632	0.661223476	3,5,8,10,12,16	put eat back ahs the sheath
POOL	11633	0.661182981	3,5,8,11,12,15,16	put eat bak ons a sell sie
POOL	11634	0.661137090	1,2,4,8,12,16	app oh tea t-back ons filth
POOL	11635	0.661133740	3,6,8,11,13,16	poet tab at ons us else
POOL	11636	0.661133689	3,5,8,10,12,16	put eat back ahs the synth
POOL	11637	0.661131445	3,5,8,10,12,16	put eat back ahs the chaff
POOL	11638	0.661124919	2,6,11,16	pool tit batons shells
POOL	11639	0.661121450	1,2,4,8,12,16	app oh tea t-back ons helps
POOL	11640	0.661098048	3,5,8,10,12,16	put eat back ahs the neff
POOL	11641	0.661088202	4,6,9,13,16	pussy tube caught canvas else
POOL	11642	0.661071554	3,4,8,11,12,16	boss' a t-back ons a self
POOL	11643	0.661054994	5,11,13,16	potted ben's else else
POOL	11644	0.661046877	4,7,11,12,15,16	pussy bad cons a where if
POOL	11645	0.661036238	3,5,8,10,12,16	put eat back oz the cen
POOL	11646	0.660987708	1,2,4,8,12,16	app oh tea t-back ons air
POOL	11647	0.660986285	3,5,8,11,12,15,16	put eat bak ons a sell oss
POOL	11648	0.660955575	3,5,8,11,12,15,16	put eat bak ons a sell suh
POOL	11649	0.660948860	3,5,8,11,12,15,16	put eat bak ons a sell cee
POOL	11650	0.660932393	3,5,8,11,12,15,16	put eat bak ons a cell sa
POOL	11651	0.660922585	3,5,8,10,12,16	put eat back ahs the thiel
POOL	11652	0.660921518	3,5,11,12,13,16	took wet batons a see else
POOL	11653	0.660915523	2,5,7,12,16	too tit butt cons f
POOL	11654	0.660901506	3,5,8,10,12,16	put eat back ahs the elm
POOL	11655	0.660884037	3,5,8,11,12,15,16	put eat bak ons a sell si
POOL	11656	0.660883832	3,5,8,11,12,13,16	put eat bak ons a shh s
POOL	11657	0.660865156	3,5,8,11,12,13,16	put eat bak ons a sh f
POOL	11658	0.660810876	3,5,8,10,12,16	put eat back ahs the err
POOL	11659	0.660797939	3,5,8,10,12,16	put eat back oz the chaff
POOL	11660	0.660778999	3,5,8,10,12,16	put eat back ahs the knell
POOL	11661	0.660767261	3,5,8,10,12,16	put eat back ahs the scheer
POOL	11662	0.660764542	3,5,8,10,12,16	put eat back oz the neff
POOL	11663	0.660764334	3,5,8,11,12,13,16	put eat bak ons a shh ralph
POOL	11664	0.660739443	1,2,4,7,10,16	app oh tea t-back cause shelf
POOL	11665	0.660730831	4,7,10,13,16	pussy bad cause venus else
POOL	11666	0.660716185	5,7,13,16	potted ben khans else
POOL	11667	0.660693223	3,5,8,11,12,13,16	put eat bak ons a sh wealth
POOL	11668	0.660638744	3,5,8,11,12,15,16	put eat bak ons a cell sie
POOL	11669	0.660637340	3,5,8,11,12,15,16	put eat bak ons a sell sou
POOL	11670	0.660631435	3,5,8,10,12,16	put eat back ahs the shep
POOL	11671	0.660603900	3,5,8,11,12,15,16	put eat bak ons a sell ess
POOL	11672	0.660597879	3,5,8,11,12,15,16	put eat bak ons a sell os
POOL	11673	0.660568001	3,5,8,10,12,16	put eat back oz the elm
POOL	11674	0.660560786	4,7,11,15,16	porky bad cons ansel see
POOL	11675	0.660520184	2,8,11,13,16	too t-back ons earth alas
POOL	11676	0.660477370	3,5,8,10,12,16	put eat back oz the err
POOL	11677	0.660445493	3,5,8,10,12,16	put eat back oz the knell
POOL	11678	0.660442047	3,5,8,11,12,15,16	put eat bak ons a cell oss
POOL	11679	0.660419579	1,2,4,8,12,16	app oh tea t-back ons smell
POOL	11680	0.660413615	3,5,8,10,12,16	put eat back ahs the sez
POOL	11681	0.660411338	3,5,8,11,12,15,16	put eat bak ons a cell suh
POOL	11682	0.660404622	3,5,8,11,12,15,16	put eat bak ons a cell cee
POOL	11683	0.660367362	3,5,8,10,12,16	put eat back ahs the shan
POOL	11684	0.660339800	3,5,8,11,12,15,16	put eat bak ons a cell si
POOL	11685	0.660328399	3,5,8,11,12,13,16	put eat bak ons a sh ell
POOL	11686	0.660304125	1,2,4,7,10,16	app oh tea t-back con shelf
POOL	11687	0.660260151	2,4,8,11,12,16	pull chief t-back ons a sheer
POOL	11688	0.660246414	3,5,8,11,12,15,16	put eat bak ons a sell cie
POOL	11689	0.660151209	3,5,8,9,13,16	put eat bak ahh nervous elf
POOL	11690	0.660127961	3,5,9,11,13,16	took write becca zen us else
POOL	11691	0.660124608	3,5,8,10,12,16	put eat back ahs the hares
POOL	11692	0.660101651	3,5,8,11,12,15,16	put eat bak ons a sell esse
POOL	11693	0.660093103	3,5,8,11,12,15,16	put eat bak ons a cell sou
POOL	11694	0.660059662	3,5,8,11,12,15,16	put eat bak ons a cell ess
POOL	11695	0.660053789	3,5,8,10,12,16	put eat back ahs the ere
POOL	11696	0.660053642	3,5,8,11,12,15,16	put eat bak ons a cell os
POOL	11697	0.660026582	3,5,8,10,12,16	put eat back ahs the eyre
POOL	11698	0.659945285	3,5,8,10,12,16	put eat back ahs the silks
POOL	11699	0.659929386	3,5,8,11,12,15,16	put eat bak ons a sell es
POOL	11700	0.659906177	3,5,8,11,12,13,16	put eat bak ons a sh ulf
POOL	11701	0.659883750	1,2,4,8,12,16	app oh tea t-back ons spell
POOL	11702	0.659872965	3,5,8,11,12,15,16	put eat bak ons a sell su
POOL	11703	0.659854311	3,5,8,9,13,16	put eat bak ah nervous elf
POOL	11704	0.659848821	2,5,9,10,12,16	o tit becca new a self
POOL	11705	0.659846141	4,7,12,16	petite tak cons self
POOL	11706	0.659843212	2,4,8,11,16	too qui t-back ons aswell
POOL	11707	0.659841800	1,2,4,8,12,16	app oh tea t-back ons shelved
POOL	11708	0.659832728	1,2,4,8,12,16	app oh tea t-back ons l.'s
POOL	11709	0.659791102	3,5,8,10,12,16	put eat back oz the hares
POOL	11710	0.659774533	2,5,9,11,16	too tit back-up in. affairs
POOL	11711	0.659772881	3,5,8,10,12,16	put eat back on the sell
POOL	11712	0.659720283	3,5,8,10,12,16	put eat back oz the ere
POOL	11713	0.659702177	3,5,8,11,12,15,16	put eat bak ons a cell cie
POOL	11714	0.659693076	3,5,8,10,12,16	put eat back oz the eyre
POOL	11715	0.659625838	1,2,4,8,12,16	app oh tea t-back ons staff
POOL	11716	0.659601105	2,5,9,11,12,16	p tit becca news a s.
POOL	11717	0.659587133	1,2,4,8,12,16	app oh tea t-back ons selves
POOL	11718	0.659557414	3,5,8,11,12,15,16	put eat bak ons a cell esse
POOL	11719	0.659490917	4,6,7,13,16	pussy could a converse else
POOL	11720	0.659482185	3,5,9,10,13,16	buck eat becca new this else
POOL	11721	0.659473767	3,5,8,11,12,13,16	put eat bak ons a sh s
POOL	11722	0.659449229	3,5,8,10,12,16	put eat back ahs the ess
POOL	11723	0.659415352	3,5,8,10,12,16	put eat back ahs the sear
POOL	11724	0.659398086	2,5,9,10,13,16	poof tit becca neat this else
POOL	11725	0.659385148	3,5,8,11,12,15,16	put eat bak ons a cell es
POOL	11726	0.659354269	3,5,8,11,12,13,16	put eat bak ons a sh ralph
POOL	11727	0.659328728	3,5,8,11,12,15,16	put eat bak ons a cell su
POOL	11728	0.659277273	3,4,8,11,13,16	plot a t-back mars us else
POOL	11729	0.659276989	4,7,12,16	te bad tania self
POOL	11730	0.659264555	3,6,8,11,13,16	took eat at ons us else's
POOL	11731	0.659182534	3,5,8,10,12,16	put eat back ahs the sleuth
POOL	11732	0.659174830	1,2,4,8,12,16	app oh tea t-back ons al
POOL	11733	0.659162407	3,6,8,9,13,16	pulled eat at ahh minas else
POOL	11734	0.659155574	3,5,8,10,12,16	put eat back ahs the staph
POOL	11735	0.659137937	3,5,8,10,12,16	put eat back on the cell
POOL	11736	0.659128343	1,2,4,8,12,16	app oh tea t-back ons sas
POOL	11737	0.659115723	3,5,8,10,12,16	put eat back oz the ess
POOL	11738	0.659079231	3,5,8,10,12,16	put eat back ahs the shem
POOL	11739	0.658937449	1,2,4,9,10,16	app oh tea t-back new shelf
POOL	11740	0.658925999	3,5,8,11,12,13,16	put eat bak ons a shh e'er
POOL	11741	0.658907947	1,2,4,8,12,16	app oh tea t-back ons schiff
POOL	11742	0.658894604	3,5,8,10,12,16	put eat back ahs the aer
POOL	11743	0.658863272	3,5,8,10,12,16	put eat back ahs the esse
POOL	11744	0.658835544	2,5,11,16	too tick ben's affair
POOL	11745	0.658809164	2,5,8,11,16	too tit b'y taj self
POOL	11746	0.658792721	3,5,11,12,13,16	took eat batons a lush else
POOL	11747	0.658786984	1,2,4,8,12,16	app oh tea t-back ons fare
POOL	11748	0.658786392	3,5,8,10,12,16	put eat back ahs the elks
POOL	11749	0.658723945	2,5,8,9,13,16	pushed twitter bak ahh this else
POOL	11750	0.658719225	2,5,9,10,13,16	pull died becca new masse else
POOL	11751	0.658693586	1,2,4,8,12,16	app oh tea t-back ons el
POOL	11752	0.658681161	1,2,4,8,12,16	app oh tea t-back ons chefs
POOL	11753	0.658666324	1,2,4,8,12,16	app oh tea t-back ons seal
POOL	11754	0.658662296	3,5,8,10,12,16	put eat back ahs the es
POOL	11755	0.658647785	1,2,4,8,12,16	app oh tea t-back ons shalt
POOL	11756	0.658595874	1,2,4,8,12,16	app oh tea t-back ons hal
POOL	11757	0.658562927	3,5,8,11,12,13,16	put eat bak ons a shh els
POOL	11758	0.658561098	3,5,8,10,12,16	put eat back oz the aer
POOL	11759	0.658548364	2,5,8,9,12,16	pull tit bak ahh mirza self
POOL	11760	0.658546946	3,5,8,11,12,13,16	put eat back ons a sh else
POOL	11761	0.658529766	3,5,8,10,12,16	put eat back oz the esse
POOL	11762	0.658452887	3,5,8,10,12,16	put eat back oz the elks
POOL	11763	0.658328790	3,5,8,10,12,16	put eat back oz the es
POOL	11764	0.658310900	3,5,8,11,12,13,16	put eat bak ons a shh ef
POOL	11765	0.658275411	3,6,10,13,16	potts eat cause shh else
POOL	11766	0.658177237	1,2,4,8,12,16	app oh tea t-back ons fells
POOL	11767	0.658173242	3,5,8,10,12,16	put eat back on the shell
POOL	11768	0.658159281	3,5,7,10,13,16	took eat bad cause nassau else
POOL	11769	0.658075680	3,5,7,13,16	took into bad conscious else
POOL	11770	0.658074166	3,5,8,10,12,16	put eat back on the else
POOL	11771	0.658059600	1,2,4,8,12,16	app oh tea t-back ons solve
POOL	11772	0.657995069	1,2,4,8,12,16	app oh tea t-back ons l
POOL	11773	0.657991261	1,2,4,8,12,16	app oh tea t-back ons elle
POOL	11774	0.657981593	1,2,4,8,12,16	app oh tea t-back ons hells
POOL	11775	0.657946431	2,4,8,11,16	too tea t-back dons ss
POOL	11776	0.657935806	1,2,4,8,12,16	app oh tea t-back ons fence
POOL	11777	0.657931228	3,5,8,11,12,13,16	put eat bak ons a shh heir
POOL	11778	0.657898153	3,5,7,10,13,16	post eat bad e-car this else
POOL	11779	0.657887806	5,9,11,13,16	putty back-up news us l
POOL	11780	0.657875101	1,2,4,8,12,16	app oh tea t-back ons shill
POOL	11781	0.657869027	1,2,4,8,12,16	app oh tea t-back ons eff
POOL	11782	0.657798474	1,2,4,8,12,16	app oh tea t-back ons wealth
POOL	11783	0.657779527	3,4,8,11,16	poke knee tacks ons self
POOL	11784	0.657765928	1,2,4,8,12,16	app oh tea t-back ons phelps
POOL	11785	0.657743028	3,5,9,10,13,16	took eat betta new this else
POOL	11786	0.657655343	1,2,4,8,12,16	app oh tea t-back ons sass
POOL	11787	0.657560051	3,5,8,11,12,13,16	put eat bak ons a shh aff
POOL	11788	0.657549333	5,8,11,12,13,16	footed bak ons a s. else
POOL	11789	0.657546853	1,2,4,8,12,16	app oh tea t-back ons fill
POOL	11790	0.657543597	3,5,8,10,12,16	put eat back on the chef
POOL	11791	0.657515934	3,5,8,11,12,13,16	put eat bak ons a sh e'er
POOL	11792	0.657501913	1,2,4,8,12,16	app oh tea t-back ons tells
POOL	11793	0.657468804	5,8,11,12,13,16	post-it zack ons a see else
POOL	11794	0.657458649	3,5,8,11,15,16	put eat bak ons affair if
POOL	11795	0.657449933	3,5,9,13,15,16	pub eat becca this air foo
POOL	11796	0.657424191	2,5,9,10,12,16	poor tipped becca new a self
POOL	11797	0.657398776	1,2,4,8,12,16	app oh tea t-back ons scarce
POOL	11798	0.657396564	2,5,9,10,12,16	pull killed becca new a self
POOL	11799	0.657388526	2,5,9,12,15,16	pull tit becca a here if
POOL	11800	0.657300291	1,2,4,8,12,16	app oh tea t-back ons f
POOL	11801	0.657278108	1,2,4,8,12,16	app oh tea t-back ons sill
POOL	11802	0.657267959	3,5,9,11,13,16	took weak becca news ace else
POOL	11803	0.657257281	3,5,9,11,12,16	pop eat becca lens a self
POOL	11804	0.657247070	1,2,4,8,12,16	app oh tea t-back ons sil
POOL	11805	0.657207357	3,6,11,12,13,16	took eat ons ea see else
POOL	11806	0.657192965	1,2,4,8,12,16	app oh tea t-back ons hence
POOL	11807	0.657175924	2,6,8,11,12,16	pull tet at ons a selfish
POOL	11808	0.657172397	1,2,4,8,12,16	app oh tea t-back ons swell
POOL	11809	0.657152862	3,5,8,11,12,13,16	put eat bak ons a sh els
POOL	11810	0.657147039	1,2,4,8,12,16	app oh tea t-back ons sash
POOL	11811	0.657134436	3,5,8,11,12,13,16	put eat back ons a sh elf
POOL	11812	0.657134223	1,2,4,8,12,16	app oh tea t-back ons halle
POOL	11813	0.657131873	2,8,11,16	bush t-back cause cel
POOL	11814	0.657128178	4,7,13,16	pout tash conscious fell
POOL	11815	0.657125090	3,5,9,10,13,16	took lick becca new this else
POOL	11816	0.657120954	2,4,8,12,16	pup tea t-back ana self
POOL	11817	0.657116647	3,5,8,11,15,16	put eat bak ons affair off
POOL	11818	0.657096410	2,4,8,12,16	too c t-back ana self
POOL	11819	0.657082773	4,8,11,12,13,16	pussy pec ons a see cell
POOL	11820	0.657057521	1,2,4,8,12,16	app oh tea t-back ons theft
POOL	11821	0.656946790	3,5,8,11,16	put eat bak ons sell
POOL	11822	0.656922024	1,2,4,8,12,16	app oh tea t-back ons shelled
POOL	11823	0.656900835	3,5,8,11,12,13,16	put eat bak ons a sh ef
POOL	11824	0.656845401	4,7,12,16	pussy bad cons sash
POOL	11825	0.656729361	2,5,9,12,13,16	owe tit becca a too else
POOL	11826	0.656718378	4,6,8,11,13,16	pussy tee at was us else
POOL	11827	0.656674075	1,2,4,8,12,16	app oh tea t-back ons ell
POOL	11828	0.656665216	1,2,4,8,12,16	app oh tea t-back ons s
POOL	11829	0.656657780	1,2,4,8,12,16	app oh tea t-back ons chair
POOL	11830	0.656632386	2,4,8,12,16	too tea t-back fonda self
POOL	11831	0.656621794	4,7,12,16	pussy bak dons self
POOL	11832	0.656615341	3,5,8,11,12,13,16	put eat bak ons a shh elm
POOL	11833	0.656580599	1,2,4,8,12,16	app oh tea t-back ons shared
POOL	11834	0.656527899	3,5,8,10,12,16	put eat back on the share
POOL	11835	0.656522997	1,2,4,8,12,16	app oh tea t-back ons steph
POOL	11836	0.656521163	3,5,8,11,12,13,16	put eat bak ons a sh heir
POOL	11837	0.656519402	1,2,4,8,12,16	app oh tea t-back ons helm
POOL	11838	0.656511928	3,5,8,11,12,13,16	put eat bak ons a shh err
POOL	11839	0.656496314	1,2,4,8,12,16	app oh tea t-back ons tel
POOL	11840	0.656395902	3,6,8,11,16	poo pitt zak ons self
POOL	11841	0.656378405	3,5,7,9,12,16	took eat bad car riva self
POOL	11842	0.656371478	1,2,4,8,12,16	app oh tea t-back ons hare
POOL	11843	0.656316184	3,5,8,11,12,15,16	put eat bak ons a sell ys
POOL	11844	0.656294591	1,2,4,8,12,16	app oh tea t-back ons ralph
POOL	11845	0.656279437	1,2,4,8,12,16	app oh tea t-back ons phil
POOL	11846	0.656266946	4,8,11,12,13,16	pussy tic ons s. see else
POOL	11847	0.656266795	1,2,4,8,12,16	app oh tea t-back ons sen
POOL	11848	0.656190337	1,2,4,8,12,16	app oh tea t-back ons faire
POOL	11849	0.656184858	3,5,8,11,16	put eat bak ons cell
POOL	11850	0.656149986	3,5,8,11,12,13,16	put eat bak ons a sh aff
POOL	11851	0.656133331	3,5,9,11,13,16	busch eat becca news us loss
POOL	11852	0.656124382	2,5,9,12,13,16	pulled did becca a see else
POOL	11853	0.656092240	1,2,4,8,12,16	app oh tea t-back ons ulf
POOL	11854	0.656013041	2,5,11,13,16	tong tit batons issue else
POOL	11855	0.655922896	3,8,11,13,16	could bec khan's us else
POOL	11856	0.655862996	3,5,8,11,12,13,16	put eat bak ons a shh ere
POOL	11857	0.655853265	3,5,8,11,12,13,16	put eat bak ons a shh als
POOL	11858	0.655839677	3,5,8,11,12,13,16	put eat bak ons a shh eyre
POOL	11859	0.655771947	3,5,8,11,12,15,16	put eat bak ons a cell ys
POOL	11860	0.655758876	1,2,4,8,12,16	app oh tea t-back ons sheer
POOL	11861	0.655756974	1,2,4,8,12,16	app oh tea t-back ons smells
POOL	11862	0.655724871	2,6,7,10,12,16	pull ib a cause a set-off
POOL	11863	0.655692854	3,5,8,10,12,16	put eat back ahs the half
POOL	11864	0.655675430	3,5,8,10,12,16	put eat back on the cells
POOL	11865	0.655560132	3,5,11,12,13,16	put-on eat ben's a see else
POOL	11866	0.655559052	3,5,9,10,13,16	took eat becca ron this else
POOL	11867	0.655545349	3,4,8,11,12,16	took a t-back lungs a self
POOL	11868	0.655511725	3,6,7,13,16	took lib a conscious ellis
POOL	11869	0.655484834	1,2,4,8,12,16	app oh tea t-back ons shaft
POOL	11870	0.655438026	3,5,8,10,12,16	put eat back on the elf
POOL	11871	0.655426576	2,5,11,16	pooh tit axons cells
POOL	11872	0.655390789	3,4,8,11,13,16	took s t-back ons us golf
POOL	11873	0.655390621	3,5,8,11,12,13,16	put eat bak ons a shh ess
POOL	11874	0.655389636	1,2,4,8,12,16	app oh tea t-back ons sul
POOL	11875	0.655389355	1,2,4,8,12,16	app oh tea t-back ons valve
POOL	11876	0.655378839	1,2,4,8,12,16	app oh tea t-back ons slough
POOL	11877	0.655361332	3,5,11,12,13,16	porte eat batons a shu else
POOL	11878	0.655359348	3,5,8,10,12,16	put eat back oz the half
POOL	11879	0.655269773	3,8,9,13,16	took back ahh mess else
POOL	11880	0.655235293	1,2,4,8,12,16	app oh tea t-back ons shen
POOL	11881	0.655225687	1,2,4,8,12,16	app oh tea t-back ons thief
POOL	11882	0.655205276	3,5,8,11,12,13,16	put eat bak ons a sh elm
POOL	11883	0.655175642	3,5,8,11,12,13,16	put eat bak ons a shh nth
POOL	11884	0.655164930	1,2,4,8,12,16	app oh tea t-back ons fess
POOL	11885	0.655145795	1,2,4,8,12,16	app oh tea t-back ons hess
POOL	11886	0.655101863	3,5,8,11,12,13,16	put eat bak ons a sh err
POOL	11887	0.655098081	2,5,9,12,15,16	pull kid becca a sell turf
POOL	11888	0.655067840	4,8,11,16	pussy pac ons cel
POOL	11889	0.655040690	2,5,9,10,13,16	pull toy becca of this else
POOL	11890	0.655004219	1,2,4,8,12,16	app oh tea t-back ons herr
POOL	11891	0.654988087	1,2,4,8,12,16	app oh tea t-back ons spells
POOL	11892	0.654954434	3,4,7,13,16	took see at-bat cava else
POOL	11893	0.654906441	6,7,11,13,16	petite a cons nash elise
POOL	11894	0.654888372	3,5,8,11,12,13,16	put eat bak ons a shh esse
POOL	11895	0.654883933	1,2,4,8,12,16	app oh tea t-back ons snell
POOL	11896	0.654871070	4,9,12,16	pudding tek th'are self
POOL	11897	0.654869409	3,5,8,11,12,13,16	put eat bak ons a shh aer
POOL	11898	0.654856223	1,2,4,8,12,16	app oh tea t-back ons fierce
POOL	11899	0.654849599	1,2,4,8,12,16	app oh tea t-back ons fares
POOL	11900	0.654823446	2,5,9,12,16	too city back-up a self
POOL	11901	0.654822475	3,5,8,11,12,13,16	put eat bak ons a shh elks
POOL	11902	0.654814574	4,9,13,16	pussy back thus al.
POOL	11903	0.654777203	4,8,9,13,16	pussy t-back ya wrath else
POOL	11904	0.654762520	2,9,13,16	too t-back envious l.
POOL	11905	0.654760179	3,5,8,11,13,16	took eat bak ons us selfie
POOL	11906	0.654716107	3,5,8,11,12,13,16	put eat bak ons a shh es
POOL	11907	0.654696995	2,5,10,13,16	too tit backs vas else
POOL	11908	0.654652377	1,2,4,8,12,16	app oh tea t-back ons sheaf
POOL	11909	0.654583626	2,5,8,9,13,16	pull tit abbott bah this else
POOL	11910	0.654568219	6,7,11,16	petite a carve shelf
POOL	11911	0.654504358	5,7,13,16	footed bad khan's s.
POOL	11912	0.654495307	4,7,11,14,16	patti bad cons ursa laugh
POOL	11913	0.654452931	3,5,8,11,12,13,16	put eat bak ons a sh ere
POOL	11914	0.654443200	3,5,8,11,12,13,16	put eat bak ons a sh als
POOL	11915	0.654434533	1,2,4,8,12,16	app oh tea t-back ons e'er
POOL	11916	0.654429612	3,5,8,11,12,13,16	put eat bak ons a sh eyre
POOL	11917	0.654316251	2,5,11,12,13,16	pull lit batons l. see else
POOL	11918	0.654273476	1,2,4,8,12,16	app oh tea t-back ons hesse
POOL	11919	0.654231018	1,2,4,8,12,16	app oh tea t-back ons hath
POOL	11920	0.654228243	3,5,9,12,15,16	took eat becca a sell fir
POOL	11921	0.654190969	2,5,9,10,12,16	pull tit becca neil a self
POOL	11922	0.654158834	1,2,4,8,12,16	app oh tea t-back ons seals
POOL	11923	0.654142700	1,2,4,8,12,16	app oh tea t-back ons fairs
POOL	11924	0.654137435	3,5,8,11,16	put eat back ons self
POOL	11925	0.654104024	4,7,10,13,16	pussy bad cause thus elvis'
POOL	11926	0.654067775	1,2,4,8,12,16	app oh tea t-back ons celled
POOL	11927	0.654038516	5,8,11,12,13,16	post-it bak ons a hush else
POOL	11928	0.653980556	3,5,8,11,12,13,16	put eat bak ons a sh ess
POOL	11929	0.653954754	3,8,11,12,13,16	balk attack ons a see else
POOL	11930	0.653952021	1,2,4,8,12,16	app oh tea t-back ons hairs
POOL	11931	0.653877392	1,2,4,8,12,16	app oh tea t-back ons sills
POOL	11932	0.653858308	4,9,13,15,16	pussy t-back thus val f
POOL	11933	0.653850382	2,4,11,16	pulled tea batons shelf
POOL	11934	0.653782859	1,2,4,8,12,16	app oh tea t-back ons chess
POOL	11935	0.653773778	3,5,9,11,12,16	took eat becca news r self
POOL	11936	0.653765577	3,5,8,11,12,13,16	put eat bak ons a sh nth
POOL	11937	0.653725348	5,8,11,12,13,16	post-it bak ponds a see else
POOL	11938	0.653707109	1,2,4,8,12,16	app oh tea t-back ons shear
POOL	11939	0.653673739	3,5,11,16	put eat batons health
POOL	11940	0.653572717	3,5,8,10,12,16	put eat back on the shells
POOL	11941	0.653534243	3,6,7,10,13,16	took abb a cause this elsie
POOL	11942	0.653531444	3,6,8,9,13,16	putter eat faq ahh this else
POOL	11943	0.653478307	3,5,8,11,12,13,16	put eat bak ons a sh esse
POOL	11944	0.653460220	3,5,8,10,12,16	put eat back on the hell
POOL	11945	0.653459344	3,5,8,11,12,13,16	put eat bak ons a sh aer
POOL	11946	0.653436660	1,2,4,8,12,16	app oh tea t-back ons els
POOL	11947	0.653412410	3,5,8,11,12,13,16	put eat bak ons a sh elks
POOL	11948	0.653366443	2,7,11,12,16	pool t-back cons dia self
POOL	11949	0.653362871	4,6,8,11,12,16	pussy cod at ons a shares'
POOL	11950	0.653321370	3,5,8,10,12,16	put eat back on the fell
POOL	11951	0.653306324	3,6,11,12,16	took eat cons heh sil
POOL	11952	0.653306042	3,5,8,11,12,13,16	put eat bak ons a sh es
POOL	11953	0.653285452	1,2,4,8,12,16	app oh tea t-back ons sis
POOL	11954	0.653273966	1,2,4,8,12,16	app oh tea t-back ons heir
POOL	11955	0.653174403	1,2,4,8,12,16	app oh tea t-back ons cis
POOL	11956	0.653137795	4,8,11,12,16	pussy t-back ons ashe self
POOL	11957	0.653124390	4,8,11,13,16	pussy t-back month n else
POOL	11958	0.653119710	1,2,4,8,12,16	app oh tea t-back ons nell
POOL	11959	0.653097618	3,5,8,10,12,16	put eat back on the sense
POOL	11960	0.653046919	3,6,8,11,12,16	took eat at ons allah self
POOL	11961	0.652995042	1,2,4,8,12,16	app oh tea t-back ons sith
POOL	11962	0.652924663	4,6,8,11,12,16	pout tube at ons a selfish
POOL	11963	0.652883934	1,2,4,8,12,16	app oh tea t-back ons nel
POOL	11964	0.652812251	3,5,8,10,12,16	put eat back on the help
POOL	11965	0.652791472	4,8,10,13,16	pussy t-back en thus else
POOL	11966	0.652743414	5,11,13,16	peat batons wish elle
POOL	11967	0.652723450	4,8,11,13,16	booking t-back and us else
POOL	11968	0.652680515	3,5,8,10,12,16	put eat back on the sells
POOL	11969	0.652675251	1,2,4,8,12,16	app oh tea t-back ons ef
POOL	11970	0.652662241	1,2,4,8,12,16	app oh tea t-back ons swells
POOL	11971	0.652554514	1,2,4,8,12,16	app oh tea t-back ons fil
POOL	11972	0.652476078	1,2,4,8,12,16	app oh tea t-back ons aff
POOL	11973	0.652474226	5,9,11,16	pickett bec earns self
POOL	11974	0.652461437	1,2,4,8,12,16	app oh tea t-back ons scythe
POOL	11975	0.652176985	1,2,4,8,12,16	app oh tea t-back ons cen
POOL	11976	0.652167878	3,5,9,10,13,16	took eat becca new slash else
POOL	11977	0.652030717	1,2,4,8,12,16	app oh tea t-back ons sheath
POOL	11978	0.651992051	3,6,11,16	books eat cons ethyl
POOL	11979	0.651969042	3,8,11,13,16	took back cars' us else
POOL	11980	0.651940930	1,2,4,8,12,16	app oh tea t-back ons synth
POOL	11981	0.651938686	1,2,4,8,12,16	app oh tea t-back ons chaff
POOL	11982	0.651905289	1,2,4,8,12,16	app oh tea t-back ons neff
POOL	11983	0.651882175	3,6,11,16	pat beat econ self
POOL	11984	0.651729826	1,2,4,8,12,16	app oh tea t-back ons thiel
POOL	11985	0.651712739	6,9,13,16	petite at 'nuff els
POOL	11986	0.651708747	1,2,4,8,12,16	app oh tea t-back ons elm
POOL	11987	0.651653197	2,5,9,12,15,16	pull chick becca env sell if
POOL	11988	0.651618117	1,2,4,8,12,16	app oh tea t-back ons err
POOL	11989	0.651614046	3,5,8,11,12,13,16	put eat back ons a sh alf
POOL	11990	0.651586239	1,2,4,8,12,16	app oh tea t-back ons knell
POOL	11991	0.651574502	1,2,4,8,12,16	app oh tea t-back ons scheer
POOL	11992	0.651499562	3,5,8,10,12,16	put eat back on the sel
POOL	11993	0.651492405	5,9,11,13,16	post-it backer news nash else
POOL	11994	0.651438676	1,2,4,8,12,16	app oh tea t-back ons shep
POOL	11995	0.651355697	3,5,8,10,12,16	put eat back on the cel
POOL	11996	0.651287257	5,7,11,13,16	post-it bad col us alfie
POOL	11997	0.651227331	3,5,8,11,12,13,16	put eat back ons a sh self
POOL	11998	0.651220856	1,2,4,8,12,16	app oh tea t-back ons sez
POOL	11999	0.651174603	1,2,4,8,12,16	app oh tea t-back ons shan
POOL	12000	0.651094916	5,8,11,12,13,16	audit bak ons a see elle
POOL	12001	0.651059949	4,8,11,13,16	pussy backer ons us ralph
POOL	12002	0.650931848	1,2,4,8,12,16	app oh tea t-back ons hares
POOL	12003	0.650873429	3,6,8,11,12,16	took eat pat anjou a self
POOL	12004	0.650861029	1,2,4,8,12,16	app oh tea t-back ons ere
POOL	12005	0.650833823	1,2,4,8,12,16	app oh tea t-back ons eyre
POOL	12006	0.650820844	3,4,9,11,13,16	put-on a back news us else
POOL	12007	0.650796480	3,5,9,10,13,16	bush eat becca new s else
POOL	12008	0.650752526	1,2,4,8,12,16	app oh tea t-back ons silks
POOL	12009	0.650742067	2,5,11,12,16	too tit batons a shellfish
POOL	12010	0.650669404	3,5,8,10,12,16	put eat back on the seth
POOL	12011	0.650399212	2,5,8,12,13,16	poof tit bak ana see else
POOL	12012	0.650256469	1,2,4,8,12,16	app oh tea t-back ons ess
POOL	12013	0.650222593	1,2,4,8,12,16	app oh tea t-back ons sear
POOL	12014	0.650092354	3,5,8,10,12,16	put eat back on the shares
POOL	12015	0.649989775	1,2,4,8,12,16	app oh tea t-back ons sleuth
POOL	12016	0.649975008	2,5,9,13,16	too tit back-up vis alice
POOL	12017	0.649962815	1,2,4,8,12,16	app oh tea t-back ons staph
POOL	12018	0.649917390	2,5,9,10,13,16	pull tit becket of this else
POOL	12019	0.649899349	3,4,8,11,13,16	pow a t-back ons us chef
POOL	12020	0.649886471	1,2,4,8,12,16	app oh tea t-back ons shem
POOL	12021	0.649790857	3,5,11,12,13,16	took eat batons a see wes
POOL	12022	0.649701845	1,2,4,8,12,16	app oh tea t-back ons aer
POOL	12023	0.649674389	3,5,8,10,12,16	put eat back on the alf
POOL	12024	0.649670513	1,2,4,8,12,16	app oh tea t-back ons esse
POOL	12025	0.649638267	3,4,8,11,16	took see t-back ons offence
POOL	12026	0.649593633	1,2,4,8,12,16	app oh tea t-back ons elks
POOL	12027	0.649578762	3,5,8,10,12,16	put eat back on the tell
POOL	12028	0.649469537	1,2,4,8,12,16	app oh tea t-back ons es
POOL	12029	0.649344997	3,5,8,10,12,16	put eat back on the stealth
POOL	12030	0.649317390	3,8,11,12,13,16	took attack ons a sheikh else
POOL	12031	0.649314217	3,5,8,10,12,16	put eat back on the sal
POOL	12032	0.649146977	3,4,8,11,12,16	took shit t-back fond a self
POOL	12033	0.649133102	3,4,8,11,12,16	bowed leigh t-back ons a self
POOL	12034	0.649067158	3,8,11,12,13,16	took attack ams a see else
POOL	12035	0.648876361	6,7,13,16	petite a connoisseur s.
POOL	12036	0.648822561	2,6,10,13,16	peru tit qian thus else
POOL	12037	0.648730261	2,4,8,9,13,16	do tea t-back ahh the else
POOL	12038	0.648682122	2,6,8,10,13,16	ohh tit at ya'an this else
POOL	12039	0.648524621	3,5,11,12,13,16	took eat batons ma see else
POOL	12040	0.648454431	3,5,8,9,13,16	put-on eat duck ahh this else
POOL	12041	0.648406040	2,8,9,13,16	pao t-back ahh neff well-off
POOL	12042	0.648272421	3,5,11,12,13,16	puss peek batons a see else
POOL	12043	0.648259116	3,5,8,10,12,16	put eat back on the cher
POOL	12044	0.648193788	3,5,8,11,12,13,16	put eat back ons a sh health
POOL	12045	0.648151871	3,4,9,12,16	putt see back a self
POOL	12046	0.648070079	4,7,11,12,16	pussy bad sons' emma self
POOL	12047	0.648060661	4,9,11,16	push back news affair
POOL	12048	0.648055749	3,5,8,10,12,16	put eat back on the says
POOL	12049	0.647894547	3,5,8,10,12,16	put eat back on the fair
POOL	12050	0.647804041	2,5,8,12,13,16	pull meet bak ana see else
POOL	12051	0.647703193	3,5,9,13,15,16	took if becca jas air if
POOL	12052	0.647692458	2,5,10,12,13,16	pull tit econ a see else
POOL	12053	0.647661759	2,5,11,12,16	too tits batons a healthy
POOL	12054	0.647661708	3,5,11,16	put eat batons sell
POOL	12055	0.647629422	3,5,8,10,12,16	put eat back on the felt
POOL	12056	0.647568974	3,5,8,10,12,16	put eat back on the saith
POOL	12057	0.647480051	2,5,10,12,13,16	taught tit baton a see else
POOL	12058	0.647411157	3,5,11,12,13,16	poop eat batons app see else
POOL	12059	0.647162631	3,5,9,11,12,16	took rick becca news a help
POOL	12060	0.647068006	3,5,8,10,12,16	put eat back on the hair
POOL	12061	0.647042061	4,8,10,13,16	pussy t-back are bash else
POOL	12062	0.646938692	2,5,8,12,13,16	pull tit passed ana see else
POOL	12063	0.646775937	3,5,9,10,13,16	port eyed becca new this else
POOL	12064	0.646633390	3,4,8,11,12,16	cook a t-back bonds a self
POOL	12065	0.646446387	3,5,11,12,13,16	took list batons a thing else
POOL	12066	0.646445367	2,5,9,10,12,16	pull teach baton new a self
POOL	12067	0.646433605	3,5,9,12,13,16	tot eat becca a see else
POOL	12068	0.646425311	3,5,8,10,12,16	put eat back on the shelves
POOL	12069	0.646218098	3,5,9,10,13,16	took eat becca new this belts
POOL	12070	0.646067605	3,5,9,10,13,16	brought eat becca new this tell
POOL	12071	0.646031687	3,5,11,12,13,16	butch eat batons a see sell
POOL	12072	0.645755685	3,6,8,11,13,16	books eat at ons us alley
POOL	12073	0.645692981	3,5,8,11,12,13,16	put eat back ons a sh air
POOL	12074	0.645673758	3,6,7,9,12,16	punta eat a cum a self
POOL	12075	0.645669888	3,4,7,10,12,16	took a bad cause zara self
POOL	12076	0.645614703	5,7,11,16	pickett pass cons sel
POOL	12077	0.645525166	4,11,15,16	puss batons hal c.
POOL	12078	0.645505412	3,5,8,10,12,16	put eat back on the celts
POOL	12079	0.645476116	3,5,8,10,12,16	put eat back on the fel
POOL	12080	0.645471203	2,7,13,16	too t-back conscious alfa
POOL	12081	0.645364043	3,5,8,10,12,16	put eat back on the filth
POOL	12082	0.645348403	3,5,8,10,12,16	put eat back on the helps
POOL	12083	0.645214662	3,5,8,10,12,16	put eat back on the air
POOL	12084	0.645195245	3,5,8,11,12,13,16	put eat back ons a sh l.'s
POOL	12085	0.645187334	2,5,9,10,12,16	pop tit becca new zhang self
POOL	12086	0.644939524	3,7,13,16	port eat cava el
POOL	12087	0.644920616	2,5,10,12,13,16	pull piece baton a see else
POOL	12088	0.644866781	3,4,8,11,16	took ve backs ons self
POOL	12089	0.644705462	4,7,9,12,16	pussy baz car nora self
POOL	12090	0.644646532	3,5,8,10,12,16	put eat back on the smell
POOL	12091	0.644619447	3,5,8,11,12,13,16	put eat back ons a sh el
POOL	12092	0.644451813	3,5,8,11,12,13,16	put eat back ons a sh al
POOL	12093	0.644414264	5,9,13,16	butted dac nurse else
POOL	12094	0.644387641	3,5,9,12,13,16	took date becca a see else
POOL	12095	0.644337926	3,5,9,10,13,16	took eat aback en this else
POOL	12096	0.644278170	3,4,8,11,12,16	pull a t-back ons im self
POOL	12097	0.644196372	3,5,8,10,12,16	put eat back on the shelf
POOL	12098	0.644133424	2,5,8,9,12,16	pull tit bak allah a self
POOL	12099	0.644110703	3,5,8,10,12,16	put eat back on the spell
POOL	12100	0.644068754	3,5,8,10,12,16	put eat back on the shelved
POOL	12101	0.644059681	3,5,8,10,12,16	put eat back on the l.'s
POOL	12102	0.644049365	2,5,7,10,12,16	pull kate bad cause shia self
POOL	12103	0.644020719	3,5,8,11,12,13,16	put eat back ons a sh l
POOL	12104	0.644017455	3,5,8,11,12,13,16	put eat back ons a sh elle
POOL	12105	0.643917644	5,8,11,12,13,16	post-it bak ons oooh see else
POOL	12106	0.643912683	3,5,8,11,12,13,16	put eat back ons a sh eff
POOL	12107	0.643852792	3,5,8,10,12,16	put eat back on the staff
POOL	12108	0.643834043	5,7,11,16	butted bad tonnes cel
POOL	12109	0.643827645	2,5,8,12,13,16	pull tit bak ana rash else
POOL	12110	0.643814086	3,5,8,10,12,16	put eat back on the selves
POOL	12111	0.643798983	3,4,8,11,12,16	took a t-back ons a nell
POOL	12112	0.643700299	3,7,13,16	pooh eat conscious alp
POOL	12113	0.643491291	3,5,11,13,16	put eat batons issue self
POOL	12114	0.643425195	3,5,8,11,12,13,16	put eat back ons a sh f
POOL	12115	0.643401784	3,5,8,10,12,16	put eat back on the al
POOL	12116	0.643355297	3,5,8,10,12,16	put eat back on the sas
POOL	12117	0.643316601	3,6,8,11,12,16	took eat at ons a sellers'
POOL	12118	0.643253262	3,5,8,11,12,13,16	put eat back ons a sh wealth
POOL	12119	0.643134901	3,5,8,10,12,16	put eat back on the schiff
POOL	12120	0.643134472	3,5,8,11,12,13,16	put eat bak ons a shh shelf
POOL	12121	0.643130951	2,6,8,10,13,16	putt tit at are nasser else
POOL	12122	0.643013937	3,5,8,10,12,16	put eat back on the fare
POOL	12123	0.642920539	3,5,8,10,12,16	put eat back on the el
POOL	12124	0.642911030	5,7,13,16	puts bad conscious wealth
POOL	12125	0.642908114	3,5,8,10,12,16	put eat back on the chefs
POOL	12126	0.642893277	3,5,8,10,12,16	put eat back on the seal
POOL	12127	0.642888439	3,5,8,11,12,13,16	put eat back ons a sh ell
POOL	12128	0.642874738	3,5,8,10,12,16	put eat back on the shalt
POOL	12129	0.642822827	3,5,8,10,12,16	put eat back on the hal
POOL	12130	0.642821734	3,6,8,11,12,16	post eat at ons ala self
POOL	12131	0.642587315	3,6,13,16	poked eat conscious ref
POOL	12132	0.642511445	3,5,9,13,15,16	took b becca this air ef
POOL	12133	0.642466217	3,5,8,11,12,13,16	put eat back ons a sh ulf
POOL	12134	0.642427413	3,5,9,11,12,16	bode list becca news a self
POOL	12135	0.642404191	3,5,8,10,12,16	put eat back on the fells
POOL	12136	0.642286553	3,5,8,10,12,16	put eat back on the solve
POOL	12137	0.642284280	4,9,12,16	pussy tek th'are cells'
POOL	12138	0.642229210	3,5,9,12,13,16	took eat becca a sri else
POOL	12139	0.642222023	3,5,8,10,12,16	put eat back on the l
POOL	12140	0.642218215	3,5,8,10,12,16	put eat back on the elle
POOL	12141	0.642208546	3,5,8,10,12,16	put eat back on the hells
POOL	12142	0.642162759	3,5,8,10,12,16	put eat back on the fence
POOL	12143	0.642131719	3,5,9,11,12,16	pit eat becca news ain self
POOL	12144	0.642102054	3,5,8,10,12,16	put eat back on the shill
POOL	12145	0.642095980	3,5,8,10,12,16	put eat back on the eff
POOL	12146	0.642061971	3,4,9,12,16	took see t-back uva self
POOL	12147	0.642033807	3,5,8,11,12,13,16	put eat back ons a sh s
POOL	12148	0.642025427	3,5,8,10,12,16	put eat back on the wealth
POOL	12149	0.641992881	3,5,8,10,12,16	put eat back on the phelps
POOL	12150	0.641983698	3,4,7,10,12,16	punta a bad cause a self
POOL	12151	0.641945962	3,8,11,12,13,16	took tek ons a see well-off
POOL	12152	0.641914308	3,5,8,11,12,13,16	put eat back ons a sh ralph
POOL	12153	0.641882297	3,5,8,10,12,16	put eat back on the sass
POOL	12154	0.641773806	3,5,8,10,12,16	put eat back on the fill
POOL	12155	0.641736246	2,5,10,12,13,16	pull tit baton ness see else
POOL	12156	0.641728867	3,5,8,10,12,16	put eat back on the tells
POOL	12157	0.641724408	3,5,8,11,12,13,16	put eat bak ons a sh shelf
POOL	12158	0.641672965	3,5,8,9,13,16	took is bak ahh kansas' else
POOL	12159	0.641647009	3,5,9,10,13,16	foote eat becca lawn this else
POOL	12160	0.641625729	3,5,8,10,12,16	put eat back on the scarce
POOL	12161	0.641527245	3,5,8,10,12,16	put eat back on the f
POOL	12162	0.641505061	3,5,8,10,12,16	put eat back on the sill
POOL	12163	0.641477680	4,8,10,13,16	pussy t-back are thus bells
POOL	12164	0.641474023	3,5,8,10,12,16	put eat back on the sil
POOL	12165	0.641419919	3,5,8,10,12,16	put eat back on the hence
POOL	12166	0.641399350	3,5,8,10,12,16	put eat back on the swell
POOL	12167	0.641373992	3,5,8,10,12,16	put eat back on the sash
POOL	12168	0.641361176	3,5,8,10,12,16	put eat back on the halle
POOL	12169	0.641334758	3,5,9,11,16	pet eat back-up news affair
POOL	12170	0.641284474	3,5,8,10,12,16	put eat back on the theft
POOL	12171	0.641148978	3,5,8,10,12,16	put eat back on the shelled
POOL	12172	0.641077015	4,9,11,13,16	pussy back news us well-off
POOL	12173	0.641047844	2,5,10,12,13,16	pull tit baton a shove else
POOL	12174	0.640921380	3,5,11,13,16	put eat batons issue health
POOL	12175	0.640901029	3,5,8,10,12,16	put eat back on the ell
POOL	12176	0.640892170	3,5,8,10,12,16	put eat back on the s
POOL	12177	0.640884733	3,5,8,10,12,16	put eat back on the chair
POOL	12178	0.640807552	3,5,8,10,12,16	put eat back on the shared
POOL	12179	0.640749951	3,5,8,10,12,16	put eat back on the steph
POOL	12180	0.640746356	3,5,8,10,12,16	put eat back on the helm
POOL	12181	0.640723268	3,5,8,10,12,16	put eat back on the tel
POOL	12182	0.640598432	3,5,8,10,12,16	put eat back on the hare
POOL	12183	0.640533906	2,8,9,13,16	pub t-back ha canvass else
POOL	12184	0.640521544	3,5,8,10,12,16	put eat back on the ralph
POOL	12185	0.640506390	3,5,8,10,12,16	put eat back on the phil
POOL	12186	0.640493748	3,5,8,10,12,16	put eat back on the sen
POOL	12187	0.640480456	2,5,8,12,13,16	pull feet bak ana shaw else
POOL	12188	0.640417291	3,5,8,10,12,16	put eat back on the faire
POOL	12189	0.640395494	4,8,11,13,16	pussy t-back ons est ness
POOL	12190	0.640385926	2,5,9,10,13,16	pull it becca new this gulf
POOL	12191	0.640319194	3,5,8,10,12,16	put eat back on the ulf
POOL	12192	0.640075973	3,5,8,11,12,13,16	put eat back ons a sh e'er
POOL	12193	0.640064061	2,5,9,10,12,16	pulled tit becca not a self
POOL	12194	0.639985830	3,5,8,10,12,16	put eat back on the sheer
POOL	12195	0.639983928	3,5,8,10,12,16	put eat back on the smells
POOL	12196	0.639961387	2,6,10,12,16	too tit on as self
POOL	12197	0.639712901	3,5,8,11,12,13,16	put eat back ons a sh els
POOL	12198	0.639711787	3,5,8,10,12,16	put eat back on the shaft
POOL	12199	0.639697912	5,8,11,12,13,16	post-it tack han a see else
POOL	12200	0.639616590	3,5,8,10,12,16	put eat back on the sul
POOL	12201	0.639616308	3,5,8,10,12,16	put eat back on the valve
POOL	12202	0.639605793	3,5,8,10,12,16	put eat back on the slough
POOL	12203	0.639589968	3,5,9,11,12,16	took i becca nuns' a self
POOL	12204	0.639550045	4,8,10,13,16	pushy t-back are thus tells
POOL	12205	0.639547430	2,6,8,10,13,16	pull dit at are this alfie
POOL	12206	0.639527926	2,5,10,12,13,16	pow quick baton a see else
POOL	12207	0.639469659	2,5,9,10,12,16	pull chick becca hmm a self
POOL	12208	0.639462246	3,5,8,10,12,16	put eat back on the shen
POOL	12209	0.639460875	3,5,8,11,12,13,16	put eat back ons a sh ef
POOL	12210	0.639452640	3,5,8,10,12,16	put eat back on the thief
POOL	12211	0.639391883	3,5,8,10,12,16	put eat back on the fess
POOL	12212	0.639372749	3,5,8,10,12,16	put eat back on the hess
POOL	12213	0.639231172	3,5,8,10,12,16	put eat back on the herr
POOL	12214	0.639215040	3,5,8,10,12,16	put eat back on the spells
POOL	12215	0.639110887	3,5,8,10,12,16	put eat back on the snell
POOL	12216	0.639083176	3,5,8,10,12,16	put eat back on the fierce
POOL	12217	0.639081202	3,5,8,11,12,13,16	put eat back ons a sh heir
POOL	12218	0.639076553	3,5,8,10,12,16	put eat back on the fares
POOL	12219	0.638879330	3,5,8,10,12,16	put eat back on the sheaf
POOL	12220	0.638710025	3,5,8,11,12,13,16	put eat back ons a sh aff
POOL	12221	0.638661486	3,5,8,10,12,16	put eat back on the e'er
POOL	12222	0.638640126	5,8,11,12,13,16	post-it bite ons a hee else
POOL	12223	0.638500429	3,5,8,10,12,16	put eat back on the hesse
POOL	12224	0.638457971	3,5,8,10,12,16	put eat back on the hath
POOL	12225	0.638385787	3,5,8,10,12,16	put eat back on the seals
POOL	12226	0.638369653	3,5,8,10,12,16	put eat back on the fairs
POOL	12227	0.638308547	3,5,9,13,15,16	pooch ache becca this air if
POOL	12228	0.638294729	3,5,8,10,12,16	put eat back on the celled
POOL	12229	0.638197926	3,6,7,10,12,16	took lit a common a self
POOL	12230	0.638178975	3,5,8,10,12,16	put eat back on the hairs
POOL	12231	0.638104345	3,5,8,10,12,16	put eat back on the sills
POOL	12232	0.638009812	3,5,8,10,12,16	put eat back on the chess
POOL	12233	0.637934062	3,5,8,10,12,16	put eat back on the shear
POOL	12234	0.637765315	3,5,8,11,12,13,16	put eat back ons a sh elm
POOL	12235	0.637663614	3,5,8,10,12,16	put eat back on the els
POOL	12236	0.637661903	3,5,8,11,12,13,16	put eat back ons a sh err
POOL	12237	0.637564618	3,5,7,9,12,16	pete eat bad car mana self
POOL	12238	0.637512406	3,5,8,10,12,16	put eat back on the sis
POOL	12239	0.637500919	3,5,8,10,12,16	put eat back on the heir
POOL	12240	0.637401356	3,5,8,10,12,16	put eat back on the cis
POOL	12241	0.637346663	3,5,8,10,12,16	put eat back on the nell
POOL	12242	0.637295855	3,5,9,11,16	took eat back-up nerve sheriff
POOL	12243	0.637221995	3,5,8,10,12,16	put eat back on the sith
POOL	12244	0.637203840	3,4,7,10,12,16	took you tibet cause a self
POOL	12245	0.637110887	3,5,8,10,12,16	put eat back on the nel
POOL	12246	0.637012971	3,5,8,11,12,13,16	put eat back ons a sh ere
POOL	12247	0.637003240	3,5,8,11,12,13,16	put eat back ons a sh als
POOL	12248	0.636989651	3,5,8,11,12,13,16	put eat back ons a sh eyre
POOL	12249	0.636921703	4,7,12,16	pussy ta cons hells
POOL	12250	0.636902204	3,5,8,10,12,16	put eat back on the ef
POOL	12251	0.636889195	3,5,8,10,12,16	put eat back on the swells
POOL	12252	0.636781468	3,5,8,10,12,16	put eat back on the fil
POOL	12253	0.636737885	2,5,8,9,12,16	pull kiss bak ahh norah self
POOL	12254	0.636703032	3,5,8,10,12,16	put eat back on the aff
POOL	12255	0.636688390	3,5,8,10,12,16	put eat back on the scythe
POOL	12256	0.636540595	3,5,8,11,12,13,16	put eat back ons a sh ess
POOL	12257	0.636519114	3,5,9,12,13,16	taut eat becca a see wealth
POOL	12258	0.636403938	3,5,8,10,12,16	put eat back on the cen
POOL	12259	0.636325616	3,5,8,11,12,13,16	put eat back ons a sh nth
POOL	12260	0.636257670	3,5,8,10,12,16	put eat back on the sheath
POOL	12261	0.636234098	2,5,9,12,15,16	eau tit becca a heir if
POOL	12262	0.636167883	3,5,8,10,12,16	put eat back on the synth
POOL	12263	0.636165639	3,5,8,10,12,16	put eat back on the chaff
POOL	12264	0.636132242	3,5,8,10,12,16	put eat back on the neff
POOL	12265	0.636038346	3,5,8,11,12,13,16	put eat back ons a sh esse
POOL	12266	0.636019384	3,5,8,11,12,13,16	put eat back ons a sh aer
POOL	12267	0.635972450	3,5,8,11,12,13,16	put eat back ons a sh elks
POOL	12268	0.635956779	3,5,8,10,12,16	put eat back on the thiel
POOL	12269	0.635935701	3,5,8,10,12,16	put eat back on the elm
POOL	12270	0.635866081	3,5,8,11,12,13,16	put eat back ons a sh es
POOL	12271	0.635845070	3,5,8,10,12,16	put eat back on the err
POOL	12272	0.635843216	3,5,11,12,13,16	took ink batons a see milf
POOL	12273	0.635813193	3,5,8,10,12,16	put eat back on the knell
POOL	12274	0.635801456	3,5,8,10,12,16	put eat back on the scheer
POOL	12275	0.635721952	3,4,8,11,12,16	took pea t-back ons a sheath
POOL	12276	0.635690340	2,5,8,12,13,16	pull tit bak ana see ish
POOL	12277	0.635665630	3,5,8,10,12,16	put eat back on the shep
POOL	12278	0.635458516	3,5,8,11,16	put eat bak ons shelf
POOL	12279	0.635447809	3,5,8,10,12,16	put eat back on the sez
POOL	12280	0.635428656	4,8,11,12,16	patil t-back ons a solve
POOL	12281	0.635401556	3,5,8,10,12,16	put eat back on the shan
POOL	12282	0.635371707	2,5,9,12,16	too peak back-up naira self
POOL	12283	0.635336243	3,5,11,12,13,16	took it batons el see else
POOL	12284	0.635199965	4,9,11,16	pussy t-back news ethel
POOL	12285	0.635163271	2,8,11,12,16	too t-back honours eff self
POOL	12286	0.635158802	3,5,8,10,12,16	put eat back on the hares
POOL	12287	0.635130084	5,9,13,16	post-it back-up menace else
POOL	12288	0.635087983	3,5,8,10,12,16	put eat back on the ere
POOL	12289	0.635060776	3,5,8,10,12,16	put eat back on the eyre
POOL	12290	0.634979479	3,5,8,10,12,16	put eat back on the silks
POOL	12291	0.634885783	3,5,9,10,13,16	took ship becca and this else
POOL	12292	0.634798906	2,5,10,12,13,16	pull chick baton a said else
POOL	12293	0.634561823	4,8,11,16	pussy t-back honour self
POOL	12294	0.634526937	2,4,8,12,16	too 'kay tibet ana self
POOL	12295	0.634483423	3,5,8,10,12,16	put eat back on the ess
POOL	12296	0.634449546	3,5,8,10,12,16	put eat back on the sear
POOL	12297	0.634420101	3,6,11,16	took eat econ shelf
POOL	12298	0.634216728	3,5,8,10,12,16	put eat back on the sleuth
POOL	12299	0.634189768	3,5,8,10,12,16	put eat back on the staph
POOL	12300	0.634113425	3,5,8,10,12,16	put eat back on the shem
POOL	12301	0.633936542	3,5,9,12,15,16	pad eat becca a sell if
POOL	12302	0.633928798	3,5,8,10,12,16	put eat back on the aer
POOL	12303	0.633897466	3,5,8,10,12,16	put eat back on the esse
POOL	12304	0.633820587	3,5,8,10,12,16	put eat back on the elks
POOL	12305	0.633735041	3,5,7,13,16	punta rick bad conscious else
POOL	12306	0.633696490	3,5,8,10,12,16	put eat back on the es
POOL	12307	0.633527130	2,5,8,11,12,16	boar tit bak ons a shell-less
POOL	12308	0.633284604	3,4,8,11,16	took yeah t-back ons ethyl
POOL	12309	0.633270511	2,4,8,12,16	too teh t-back ana saith
POOL	12310	0.633264484	4,8,11,12,16	pussy t-back sons t self
POOL	12311	0.633022564	4,8,10,13,16	pussy t-back are th'are l
POOL	12312	0.632993679	3,5,9,12,15,16	butch eat becca zee sell if
POOL	12313	0.632610191	4,9,12,16	pussy back news cells'
POOL	12314	0.632444870	3,5,8,11,12,16	put eat bak ons a selfie
POOL	12315	0.632443179	2,5,10,12,13,16	pull tit baton a see m
POOL	12316	0.632168101	3,4,8,11,12,16	spot a t-back ons a sen
POOL	12317	0.632040007	4,9,13,16	pussy t-back thus healthy
POOL	12318	0.632034061	3,5,11,14,16	put eat batons ahead see
POOL	12319	0.631949741	2,5,8,12,13,16	pull kits bak ana see ralph
POOL	12320	0.631784241	4,8,10,13,16	parti t-back are saith else
POOL	12321	0.631753672	2,5,8,12,13,16	talk tit bak ana sheer else
POOL	12322	0.631708974	3,5,9,12,15,16	took missed becca a sell if
POOL	12323	0.631697934	3,5,9,12,13,16	took kick becca a sa else
POOL	12324	0.631575008	3,5,11,14,16	put eat batons ahead use
POOL	12325	0.631351752	2,4,8,12,16	bore 'cause t-back ana self
POOL	12326	0.631177600	2,5,8,9,12,16	pull tit bak ahh a elsa
POOL	12327	0.630747287	2,5,8,9,12,16	pull tit betty non- a self
POOL	12328	0.630700380	2,5,9,12,16	too tit becket visa self
POOL	12329	0.630553137	4,8,10,13,16	pussy t-back bon geoff else
POOL	12330	0.630245826	2,5,10,12,13,16	pro tit baton null see else
POOL	12331	0.629819446	3,5,9,12,15,16	tut eat becca a sell fill
POOL	12332	0.629551920	3,5,8,9,13,16	footer set bak ahh this else
POOL	12333	0.629189231	3,5,9,12,13,16	pulled eat becca a uhh else
POOL	12334	0.629139944	3,5,8,11,12,16	put eat bak ons a sheriff
POOL	12335	0.629123450	2,5,8,12,13,16	pull cat shack ana see else
POOL	12336	0.628618198	2,5,8,11,16	too tit black others' affaires
POOL	12337	0.628325454	3,5,8,10,12,16	put eat back on the shall
POOL	12338	0.627995366	3,4,8,11,16	pusher see t-back mars self
POOL	12339	0.627916066	2,6,8,10,12,16	pull tut at are una self
POOL	12340	0.627859058	2,5,10,12,13,16	pulled tit baton a chic else
POOL	12341	0.626987742	3,5,9,12,15,16	took thick becca env sell if
POOL	12342	0.626739922	2,5,11,12,16	pusher tit batons b self
POOL	12343	0.626613953	3,5,8,9,12,16	put eat bak ahh nina self
POOL	12344	0.626364265	2,4,8,12,16	pao tea t-back ana shan
POOL	12345	0.626317056	3,5,8,9,12,16	put eat bak ah nina self
POOL	12346	0.626254219	5,9,11,16	post-it back-up news ethyl
POOL	12347	0.625518110	3,8,11,12,13,16	poke attack ons b see else
POOL	12348	0.624826658	2,5,8,12,13,16	bois thick bak ana see else
POOL	12349	0.624809847	4,8,10,13,16	pouting tibet art thus else
POOL	12350	0.624284447	3,5,8,11,12,13,16	put eat back ons a sh shelf
POOL	12351	0.623949955	3,8,9,13,16	took attack rah nevis else
POOL	12352	0.623464033	5,11,13,16	post-it batons ass alas
POOL	12353	0.623021624	3,4,9,12,16	pooped see t-back nama self
POOL	12354	0.622984963	4,11,15,16	pussy batons afoul see
POOL	12355	0.622590811	2,5,8,12,13,16	pom tit bak ana see calf
POOL	12356	0.622393715	3,5,8,10,12,16	put eat back on the half
POOL	12357	0.622077358	2,5,10,13,16	too tit baton mash selfie
POOL	12358	0.621792300	3,8,11,13,16	putter attack lon us else
POOL	12359	0.621409278	2,5,11,12,16	pia tit batons a elm
POOL	12360	0.621008722	2,8,11,12,16	pow t-back ans a sally
POOL	12361	0.620409197	4,9,13,16	bawdy t-back thus alpha
POOL	12362	0.618164310	4,11,12,16	pussy batons mia self
POOL	12363	0.618132382	3,4,9,12,16	talk she back a self
POOL	12364	0.617899714	3,5,8,11,16	put eat back ons shelf
POOL	12365	0.617633163	2,6,8,12,16	pos tit hacker ana self
POOL	12366	0.617305786	3,5,11,16	put eat batons shelf
POOL	12367	0.616425955	2,5,8,9,12,16	pushed tit bak ahh a salah
POOL	12368	0.615464195	5,9,11,16	post-it back-up nerve ss
POOL	12369	0.614692394	1,2,3,7,11,12,16	a a at it cause a self
POOL	12370	0.613833421	5,9,13,16	boutique back-up thus alpha
POOL	12371	0.613823989	4,9,12,16	patty t-back norah self
POOL	12372	0.612640346	2,5,8,9,12,16	pull pissed bak ahh a yourself
POOL	12373	0.611872850	3,5,9,11,12,16	took in becca news it self
POOL	12374	0.611426237	4,11,12,16	pussy batons uh set-off
POOL	12375	0.611041984	3,8,11,13,16	potty attack ons us mal
POOL	12376	0.610416989	4,8,11,16	pussy t-back dons ethel
POOL	12377	0.610312535	3,5,8,11,12,16	put eat back ons a selfie
POOL	12378	0.609576260	4,6,13,16	petit cub conscious alpha
POOL	12379	0.607862863	5,9,13,16	audit back-up navas ass
POOL	12380	0.607007609	3,5,8,11,12,16	put eat back ons a sheriff
POOL	12381	0.606739046	3,5,8,9,10,12,16	put eat back ah mm tha self
POOL	12382	0.605004896	5,7,13,16	booted better conscious s.
POOL	12383	0.604815693	2,8,11,12,16	pu t-back ons ella cis
POOL	12384	0.600378389	3,5,8,11,12,13,16	'bout a 'bout aam a sh elf
POOL	12385	0.596662906	3,5,8,9,12,16	put eat bak ahh nina shelf
POOL	12386	0.596366008	3,5,8,9,12,16	put eat bak ah nina shelf
POOL	12387	0.594361686	3,5,8,10,13,15,16	put eat back on a care see
POOL	12388	0.594337839	3,8,11,12,13,16	pup attack ons a the else
POOL	12389	0.592270200	4,8,11,16	booking t-back don's lasalle
POOL	12390	0.592069026	3,5,8,10,13,15,16	put eat back on a share see
POOL	12391	0.589943955	3,5,8,10,13,15,16	put eat back on a care saw
POOL	12392	0.589231827	1,2,3,7,11,12,16	a a at it cause a shelf
POOL	12393	0.586915008	3,5,8,10,13,14,16	put eat back on a get else
POOL	12394	0.586675112	3,5,8,10,13,14,16	put eat back on a then else
POOL	12395	0.586207346	3,5,8,10,13,15,16	put eat back on a care s
POOL	12396	0.586074163	3,5,8,10,13,14,16	put eat back on a get love
POOL	12397	0.585834268	3,5,8,10,13,14,16	put eat back on a then love
POOL	12398	0.585445161	3,5,8,10,13,15,16	put eat back on a care feel
POOL	12399	0.585273066	3,5,8,10,13,15,16	put eat back on a care free
POOL	12400	0.585063330	3,5,8,10,13,14,16	put eat back on a get loss
POOL	12401	0.584823434	3,5,8,10,13,14,16	put eat back on a then loss
POOL	12402	0.584749592	3,5,8,10,13,15,16	put eat back on a care full
POOL	12403	0.584739467	3,5,8,10,12,13,16	put eat bak on the shh else
POOL	12404	0.584472846	3,5,8,10,13,15,16	put eat back on a care far
POOL	12405	0.583914687	3,5,8,10,13,15,16	put eat back on a share s
POOL	12406	0.583840734	3,5,8,9,10,12,16	put eat back ah mm the self
POOL	12407	0.583779835	3,5,8,10,13,15,16	put eat back on a care food
POOL	12408	0.583739377	3,5,8,10,13,14,16	put eat back on a a else
POOL	12409	0.583713876	3,5,8,10,13,15,16	put eat back on a care fuck
POOL	12410	0.583329402	3,5,8,10,12,13,16	put eat bak on the sh else
POOL	12411	0.583326958	3,5,8,10,12,13,16	put eat bak on the shh elf
POOL	12412	0.583311228	3,5,8,10,13,14,16	put eat back on a get life
POOL	12413	0.583209298	3,5,8,10,13,14,16	put eat back on a get leave
POOL	12414	0.583171287	3,5,8,10,13,15,16	put eat back on a care fun
POOL	12415	0.583152501	3,5,8,10,13,15,16	put eat back on a share feel
POOL	12416	0.583141809	3,5,8,10,13,15,16	put eat back on a care c
POOL	12417	0.583071333	3,5,8,10,13,14,16	put eat back on a then life
POOL	12418	0.583052787	3,5,11,12,16	put eat batons ea shelf
POOL	12419	0.582980407	3,5,8,10,13,15,16	put eat back on a share free
POOL	12420	0.582969402	3,5,8,10,13,14,16	put eat back on a then leave
POOL	12421	0.582898532	3,5,8,10,13,14,16	put eat back on a a love
POOL	12422	0.582457775	3,5,11,12,16	put eat batons ia shelf
POOL	12423	0.581930211	3,5,8,10,13,14,16	put eat back on a get left
POOL	12424	0.581916893	3,5,8,10,12,13,16	put eat bak on the sh elf
POOL	12425	0.581887698	3,5,8,10,13,14,16	put eat back on a a loss
POOL	12426	0.581690315	3,5,8,10,13,14,16	put eat back on a then left
POOL	12427	0.581465137	3,5,8,10,13,15,16	put eat back on a care thing
POOL	12428	0.581339742	3,5,8,10,13,15,16	put eat back on a care said
POOL	12429	0.581278479	3,5,8,9,10,12,16	put eat back ah mm tha shelf
POOL	12430	0.580877775	3,5,8,10,13,14,16	put eat back on a get law
POOL	12431	0.580851092	3,5,8,10,13,15,16	put eat back on a care thought
POOL	12432	0.580660549	3,5,8,10,13,15,16	put eat back on a care say
POOL	12433	0.580642115	3,5,8,10,13,15,16	put eat back on as year see
POOL	12434	0.580637880	3,5,8,10,13,14,16	put eat back on a then law
POOL	12435	0.580245900	3,5,8,10,13,15,16	put eat back on a care use
POOL	12436	0.580135597	3,5,8,10,13,14,16	put eat back on a a life
POOL	12437	0.580061048	3,5,8,10,13,15,16	put eat back on if year see
POOL	12438	0.580033667	3,5,8,10,13,14,16	put eat back on a a leave
POOL	12439	0.579595394	3,5,8,10,13,14,16	put eat back on a get self
POOL	12440	0.579595094	3,5,8,10,13,15,16	put eat back on a care death
POOL	12441	0.579355498	3,5,8,10,13,14,16	put eat back on a then self
POOL	12442	0.579172477	3,5,8,10,13,15,16	put eat back on a share thing
POOL	12443	0.579121280	3,5,8,10,13,15,16	put eat back on a care set
POOL	12444	0.579047082	3,5,8,10,13,15,16	put eat back on a share said
POOL	12445	0.578754579	3,5,8,10,13,14,16	put eat back on a a left
POOL	12446	0.578743470	3,5,8,10,13,14,16	put eat back on a get use
POOL	12447	0.578652541	3,5,8,10,13,15,16	put eat back on a care seen
POOL	12448	0.578556209	3,5,8,10,13,14,16	put eat back on a get see
POOL	12449	0.578506626	3,5,8,10,13,15,16	put eat back on a care yes
POOL	12450	0.578503574	3,5,8,10,13,14,16	put eat back on a then use
POOL	12451	0.578439543	3,5,8,10,13,15,16	put eat back on a care says
POOL	12452	0.578367890	3,5,8,10,13,15,16	put eat back on a share say
POOL	12453	0.578316313	3,5,8,10,13,14,16	put eat back on a then see
POOL	12454	0.578193620	3,5,8,10,13,15,16	put eat back on a care if
POOL	12455	0.577988253	1,2,4,5,7,11,13,16	app oh tea too bad cons us else
POOL	12456	0.577953240	3,5,8,10,13,15,16	put eat back on a share use
POOL	12457	0.577900476	3,5,8,10,13,15,16	put eat back on a care off
POOL	12458	0.577806567	3,5,8,10,12,13,16	put eat bak on the shh alf
POOL	12459	0.577702144	3,5,8,10,13,14,16	put eat back on a a law
POOL	12460	0.577493466	1,2,4,5,7,11,13,16	app oh tea too bad cons us elf
POOL	12461	0.577419853	3,5,8,10,12,13,16	put eat bak on the shh self
POOL	12462	0.577212569	3,5,8,10,13,14,16	put eat back on a get last
POOL	12463	0.577004196	3,5,8,10,13,14,16	put eat back on a get yes
POOL	12464	0.576972674	3,5,8,10,13,14,16	put eat back on a then last
POOL	12465	0.576880786	3,5,8,10,13,14,16	put eat back on a get al
POOL	12466	0.576777056	3,5,8,10,13,14,16	put eat back on a get lee
POOL	12467	0.576764300	3,5,8,10,13,14,16	put eat back on a then yes
POOL	12468	0.576729481	3,5,8,10,13,14,16	put eat back on a get ill
POOL	12469	0.576653697	2,6,11,16	too tab cons self
POOL	12470	0.576640890	3,5,8,10,13,14,16	put eat back on a then al
POOL	12471	0.576561850	3,5,8,10,13,14,16	put eat back on a get health
POOL	12472	0.576419762	3,5,8,10,13,14,16	put eat back on a a self
POOL	12473	0.576396502	3,5,8,10,12,13,16	put eat bak on the sh alf
POOL	12474	0.576341434	3,5,8,10,13,15,16	put eat back on as year earth
POOL	12475	0.576321954	3,5,8,10,13,14,16	put eat back on a then health
POOL	12476	0.576224384	3,5,8,10,13,15,16	put eat back on as year saw
POOL	12477	0.576009788	3,5,8,10,12,13,16	put eat bak on the sh self
POOL	12478	0.575969010	3,5,8,10,13,14,16	put eat back on a get la
POOL	12479	0.575900961	3,5,8,10,13,15,16	put eat back on a share if
POOL	12480	0.575760367	3,5,8,10,13,15,16	put eat back on if year earth
POOL	12481	0.575757508	3,5,8,10,13,14,16	put eat back on a get lose
POOL	12482	0.575729114	3,5,8,10,13,14,16	put eat back on a then la
POOL	12483	0.575643317	3,5,8,10,13,15,16	put eat back on if year saw
POOL	12484	0.575607816	3,5,8,10,13,15,16	put eat back on a share off
POOL	12485	0.575567838	3,5,8,10,13,14,16	put eat back on a a use
POOL	12486	0.575517612	3,5,8,10,13,14,16	put eat back on a then lose
POOL	12487	0.575380577	3,5,8,10,13,14,16	put eat back on a a see
POOL	12488	0.575280968	3,5,8,10,13,14,16	put eat back on if man else
POOL	12489	0.574832020	1,2,4,5,7,11,12,16	app oh tea too bad cons a self
POOL	12490	0.574717270	3,5,8,10,13,14,16	put eat back on a get laws
POOL	12491	0.574575631	3,5,8,10,13,15,16	put eat back on as year sea
POOL	12492	0.574572414	3,5,8,10,13,15,16	put eat back on as year sir
POOL	12493	0.574477374	3,5,8,10,13,14,16	put eat back on a then laws
POOL	12494	0.574463879	3,5,8,10,13,14,16	put eat back on a get lost
POOL	12495	0.574446543	3,5,8,10,13,14,16	put eat back on a get youth
POOL	12496	0.574440123	3,5,8,10,13,14,16	put eat back on if man love
POOL	12497	0.574386309	3,5,8,10,12,13,16	put eat bak on the shh health
POOL	12498	0.574327427	3,5,8,10,13,14,16	put eat back on a get class
POOL	12499	0.574298959	3,5,8,10,13,14,16	put eat back on a get looks
POOL	12500	0.574268678	3,5,8,10,13,15,16	put eat back on as year ass
POOL	12501	0.574255528	3,5,8,10,13,14,16	put eat back on a get earth
POOL	12502	0.574223983	3,5,8,10,13,14,16	put eat back on a then lost
POOL	12503	0.574206648	3,5,8,10,13,14,16	put eat back on a then youth
POOL	12504	0.574204225	1,2,4,5,7,11,13,16	app oh tea too bad cons ash elf
POOL	12505	0.574138478	3,5,8,10,13,14,16	put eat back on a get saw
POOL	12506	0.574087531	3,5,8,10,13,14,16	put eat back on a then class
POOL	12507	0.574061043	3,5,8,10,13,14,16	put eat back on a get air
POOL	12508	0.574059064	3,5,8,10,13,14,16	put eat back on a then looks
POOL	12509	0.574036938	3,5,8,10,13,14,16	put eat back on a a last
POOL	12510	0.574015632	3,5,8,10,13,14,16	put eat back on a then earth
POOL	12511	0.573994564	3,5,8,10,13,15,16	put eat back on if year sea
POOL	12512	0.573991347	3,5,8,10,13,15,16	put eat back on if year sir
POOL	12513	0.573898582	3,5,8,10,13,14,16	put eat back on a then saw
POOL	12514	0.573879164	3,5,8,10,13,15,16	put eat back on as year f
POOL	12515	0.573828565	3,5,8,10,13,14,16	put eat back on a a yes
POOL	12516	0.573821148	3,5,8,10,13,14,16	put eat back on a then air
POOL	12517	0.573787427	3,5,8,10,13,14,16	put eat back on a get list
POOL	12518	0.573710712	3,5,8,10,13,14,16	put eat back on if bad else
POOL	12519	0.573705154	3,5,8,10,13,14,16	put eat back on a a al
POOL	12520	0.573687611	3,5,8,10,13,15,16	put eat back on if year ass
POOL	12521	0.573601424	3,5,8,10,13,14,16	put eat back on a a lee
POOL	12522	0.573563307	3,5,8,10,13,14,16	put eat back on a get l.'s
POOL	12523	0.573553849	3,5,8,10,13,14,16	put eat back on a a ill
POOL	12524	0.573547531	3,5,8,10,13,14,16	put eat back on a then list
POOL	12525	0.573429290	3,5,8,10,13,14,16	put eat back on if man loss
POOL	12526	0.573386218	3,5,8,10,13,14,16	put eat back on a a health
POOL	12527	0.573323411	3,5,8,10,13,14,16	put eat back on a then l.'s
POOL	12528	0.573298097	3,5,8,10,13,15,16	put eat back on if year f
POOL	12529	0.573211240	3,5,8,10,13,14,16	put eat back on a an else
POOL	12530	0.573211240	3,5,8,10,13,14,16	put eat back on a as else
POOL	12531	0.573211240	3,5,8,10,13,14,16	put eat back on a at else
POOL	12532	0.572976244	3,5,8,10,12,13,16	put eat bak on the sh health
POOL	12533	0.572869867	3,5,8,10,13,14,16	put eat back on if bad love
POOL	12534	0.572793379	3,5,8,10,13,14,16	put eat back on a a la
POOL	12535	0.572581876	3,5,8,10,13,14,16	put eat back on a a lose
POOL	12536	0.572489725	3,5,8,10,13,14,16	put eat back on a get sea
POOL	12537	0.572487775	3,5,8,10,13,15,16	put eat back on as year s
POOL	12538	0.572388781	3,5,8,10,13,14,16	put eat back on a get l
POOL	12539	0.572370396	3,5,8,10,13,14,16	put eat back on a an love
POOL	12540	0.572370396	3,5,8,10,13,14,16	put eat back on a as love
POOL	12541	0.572370396	3,5,8,10,13,14,16	put eat back on a at love
POOL	12542	0.572249829	3,5,8,10,13,14,16	put eat back on a then sea
POOL	12543	0.572182772	3,5,8,10,13,14,16	put eat back on a get ass
POOL	12544	0.572148886	3,5,8,10,13,14,16	put eat back on a then l
POOL	12545	0.571942876	3,5,8,10,13,14,16	put eat back on a then ass
POOL	12546	0.571906708	3,5,8,10,13,15,16	put eat back on if year s
POOL	12547	0.571885503	3,5,8,10,12,13,16	put eat bak on the shh air
POOL	12548	0.571804190	3,5,8,10,13,15,16	put eat back on a care us
POOL	12549	0.571793257	3,5,8,10,13,14,16	put eat back on a get f
POOL	12550	0.571737410	3,5,8,10,13,15,16	put eat back on a care she
POOL	12551	0.571725590	3,5,8,10,13,15,16	put eat back on as year feel
POOL	12552	0.571677188	3,5,8,10,13,14,16	put eat back on if man life
POOL	12553	0.571575258	3,5,8,10,13,14,16	put eat back on if man leave
POOL	12554	0.571553495	3,5,8,10,13,15,16	put eat back on as year free
POOL	12555	0.571553362	3,5,8,10,13,14,16	put eat back on a then f
POOL	12556	0.571541639	3,5,8,10,13,14,16	put eat back on a a laws
POOL	12557	0.571540563	3,5,8,10,13,14,16	put eat back on a get lots
POOL	12558	0.571402080	3,5,8,10,13,14,16	put eat back on a get glass
POOL	12559	0.571387766	3,5,8,10,12,13,16	put eat bak on the shh l.'s
POOL	12560	0.571359562	3,5,8,10,13,14,16	put eat back on a an loss
POOL	12561	0.571359562	3,5,8,10,13,14,16	put eat back on a as loss
POOL	12562	0.571359562	3,5,8,10,13,14,16	put eat back on a at loss
POOL	12563	0.571300667	3,5,8,10,13,14,16	put eat back on a then lots
POOL	12564	0.571288248	3,5,8,10,13,14,16	put eat back on a a lost
POOL	12565	0.571270912	3,5,8,10,13,14,16	put eat back on a a youth
POOL	12566	0.571162185	3,5,8,10,13,14,16	put eat back on a then glass
POOL	12567	0.571151795	3,5,8,10,13,14,16	put eat back on a a class
POOL	12568	0.571144523	3,5,8,10,13,15,16	put eat back on if year feel
POOL	12569	0.571123328	3,5,8,10,13,14,16	put eat back on a a looks
POOL	12570	0.571100970	3,5,8,10,13,14,16	put eat back on a get re-
POOL	12571	0.571079896	3,5,8,10,13,14,16	put eat back on a a earth
POOL	12572	0.571067587	3,5,8,10,13,14,16	put eat back on a get los
POOL	12573	0.571045777	1,2,4,7,11,13,16	app oh tea t-back cons us else
POOL	12574	0.571030021	3,5,8,10,13,15,16	put eat back on as year full
POOL	12575	0.570972428	3,5,8,10,13,15,16	put eat back on if year free
POOL	12576	0.570962846	3,5,8,10,13,14,16	put eat back on a a saw
POOL	12577	0.570885412	3,5,8,10,13,14,16	put eat back on a a air
POOL	12578	0.570861075	3,5,8,10,13,14,16	put eat back on a then re-
POOL	12579	0.570827691	3,5,8,10,13,14,16	put eat back on a then los
POOL	12580	0.570811969	3,5,8,10,12,13,16	put eat bak on the shh el
POOL	12581	0.570753275	3,5,8,10,13,15,16	put eat back on as year far
POOL	12582	0.570644334	3,5,8,10,12,13,16	put eat bak on the shh al
POOL	12583	0.570611796	3,5,8,10,13,14,16	put eat back on a a list
POOL	12584	0.570475438	3,5,8,10,12,13,16	put eat bak on the sh air
POOL	12585	0.570448954	3,5,8,10,13,15,16	put eat back on if year full
POOL	12586	0.570401869	3,5,8,10,13,14,16	put eat back on a get s
POOL	12587	0.570387676	3,5,8,10,13,14,16	put eat back on a a l.'s
POOL	12588	0.570296171	3,5,8,10,13,14,16	put eat back on if man left
POOL	12589	0.570213241	3,5,8,10,12,13,16	put eat bak on the shh l
POOL	12590	0.570209977	3,5,8,10,12,13,16	put eat bak on the shh elle
POOL	12591	0.570174424	2,6,11,16	too tits khan self
POOL	12592	0.570172208	3,5,8,10,13,15,16	put eat back on if year far
POOL	12593	0.570161973	3,5,8,10,13,14,16	put eat back on a then s
POOL	12594	0.570106932	3,5,8,10,13,14,16	put eat back on if bad life
POOL	12595	0.570105204	3,5,8,10,12,13,16	put eat bak on the shh eff
POOL	12596	0.570060264	3,5,8,10,13,15,16	put eat back on as year food
POOL	12597	0.570005002	3,5,8,10,13,14,16	put eat back on if bad leave
POOL	12598	0.569994305	3,5,8,10,13,15,16	put eat back on as year fuck
POOL	12599	0.569977701	3,5,8,10,12,13,16	put eat bak on the sh l.'s
POOL	12600	0.569633268	1,2,4,7,11,13,16	app oh tea t-back cons us elf
POOL	12601	0.569617717	3,5,8,10,12,13,16	put eat bak on the shh f
POOL	12602	0.569607461	3,5,8,10,13,14,16	put eat back on a an life
POOL	12603	0.569607461	3,5,8,10,13,14,16	put eat back on a as life
POOL	12604	0.569607461	3,5,8,10,13,14,16	put eat back on a at life
POOL	12605	0.569511531	3,5,8,10,13,15,16	put eat back on a share us
POOL	12606	0.569505530	3,5,8,10,13,14,16	put eat back on a an leave
POOL	12607	0.569505530	3,5,8,10,13,14,16	put eat back on a as leave
POOL	12608	0.569505530	3,5,8,10,13,14,16	put eat back on a at leave
POOL	12609	0.569479197	3,5,8,10,13,15,16	put eat back on if year food
POOL	12610	0.569451716	3,5,8,10,13,15,16	put eat back on as year fun
POOL	12611	0.569445784	3,5,8,10,12,13,16	put eat bak on the shh wealth
POOL	12612	0.569444750	3,5,8,10,13,15,16	put eat back on a share she
POOL	12613	0.569441157	1,2,4,7,11,13,16	app oh tea t-back cons ass else
POOL	12614	0.569422238	3,5,8,10,13,15,16	put eat back on as year c
POOL	12615	0.569413238	3,5,8,10,13,15,16	put eat back on if year fuck
POOL	12616	0.569401904	3,5,8,10,12,13,16	put eat bak on the sh el
POOL	12617	0.569314093	3,5,8,10,13,14,16	put eat back on a a sea
POOL	12618	0.569306375	1,2,4,7,11,12,16	app oh tea t-back cons a self
POOL	12619	0.569243735	3,5,8,10,13,14,16	put eat back on if man law
POOL	12620	0.569234269	3,5,8,10,12,13,16	put eat bak on the sh al
POOL	12621	0.569213150	3,5,8,10,13,14,16	put eat back on a a l
POOL	12622	0.569080960	3,5,8,10,12,13,16	put eat bak on the shh ell
POOL	12623	0.569007141	3,5,8,10,13,14,16	put eat back on a a ass
POOL	12624	0.568870649	3,5,8,10,13,15,16	put eat back on if year fun
POOL	12625	0.568866270	1,2,4,5,7,11,13,16	app oh tea too bad cons ash alf
POOL	12626	0.568841171	3,5,8,10,13,15,16	put eat back on if year c
POOL	12627	0.568818620	3,5,8,10,13,15,16	put eat back on a care of
POOL	12628	0.568803176	3,5,8,10,12,13,16	put eat bak on the sh l
POOL	12629	0.568799912	3,5,8,10,12,13,16	put eat bak on the sh elle
POOL	12630	0.568725915	3,5,8,10,13,14,16	put eat back on if bad left
POOL	12631	0.568695139	3,5,8,10,12,13,16	put eat bak on the sh eff
POOL	12632	0.568658738	3,5,8,10,12,13,16	put eat bak on the shh ulf
POOL	12633	0.568617626	3,5,8,10,13,14,16	put eat back on a a f
POOL	12634	0.568470845	3,5,8,10,13,15,16	put eat back on as year fall
POOL	12635	0.568398840	1,2,4,5,7,11,13,16	app oh tea too bad cause a else
POOL	12636	0.568364931	3,5,8,10,13,14,16	put eat back on a a lots
POOL	12637	0.568226449	3,5,8,10,13,14,16	put eat back on a a glass
POOL	12638	0.568226443	3,5,8,10,13,14,16	put eat back on a an left
POOL	12639	0.568226443	3,5,8,10,13,14,16	put eat back on a as left
POOL	12640	0.568226443	3,5,8,10,13,14,16	put eat back on a at left
POOL	12641	0.568226328	3,5,8,10,12,13,16	put eat bak on the shh s
POOL	12642	0.568207652	3,5,8,10,12,13,16	put eat bak on the sh f
POOL	12643	0.568106830	3,5,8,10,12,13,16	put eat bak on the shh ralph
POOL	12644	0.568053902	2,6,11,16	too tit toms self
POOL	12645	0.568035719	3,5,8,10,12,13,16	put eat bak on the sh wealth
POOL	12646	0.568028647	1,2,4,7,11,13,16	app oh tea t-back cons ass elf
POOL	12647	0.567961354	3,5,8,10,13,14,16	put eat back on if man self
POOL	12648	0.567951314	1,2,4,8,11,13,16	app oh tea t-back ons us else
POOL	12649	0.567925339	3,5,8,10,13,14,16	put eat back on a a re-
POOL	12650	0.567904053	1,2,4,5,7,11,13,16	app oh tea too bad cause a elf
POOL	12651	0.567891956	3,5,8,10,13,14,16	put eat back on a a los
POOL	12652	0.567889778	3,5,8,10,13,15,16	put eat back on if year fall
POOL	12653	0.567745566	3,5,8,10,13,15,16	put eat back on as year thing
POOL	12654	0.567673479	3,5,8,10,13,14,16	put eat back on if bad law
POOL	12655	0.567670895	3,5,8,10,12,13,16	put eat bak on the sh ell
POOL	12656	0.567625848	3,5,8,10,13,15,16	put eat back on as year fair
POOL	12657	0.567624483	3,5,8,10,13,15,16	put eat back on as year feet
POOL	12658	0.567620171	3,5,8,10,13,15,16	put eat back on as year said
POOL	12659	0.567457444	3,5,8,10,13,15,16	put eat back on as year fear
POOL	12660	0.567456176	3,5,8,10,13,15,16	put eat back on as year fit
POOL	12661	0.567374872	1,2,4,7,11,13,16	app oh tea t-back cons ash else
POOL	12662	0.567336332	3,5,8,10,13,14,16	put eat back on a get c
POOL	12663	0.567295805	3,5,8,10,13,15,16	put eat back on as year fan
POOL	12664	0.567248673	3,5,8,10,12,13,16	put eat bak on the sh ulf
POOL	12665	0.567226237	3,5,8,10,13,14,16	put eat back on a a s
POOL	12666	0.567176005	3,5,8,10,13,15,16	put eat back on as year fish
POOL	12667	0.567174008	3,5,8,10,13,14,16	put eat back on a an law
POOL	12668	0.567174008	3,5,8,10,13,14,16	put eat back on a as law
POOL	12669	0.567174008	3,5,8,10,13,14,16	put eat back on a at law
POOL	12670	0.567164499	3,5,8,10,13,15,16	put eat back on if year thing
POOL	12671	0.567131521	3,5,8,10,13,15,16	put eat back on as year thought
POOL	12672	0.567109430	3,5,8,10,13,14,16	put eat back on if man use
POOL	12673	0.567096436	3,5,8,10,13,14,16	put eat back on a then c
POOL	12674	0.567092179	3,5,8,10,13,14,16	put eat back on a get r
POOL	12675	0.567044781	3,5,8,10,13,15,16	put eat back on if year fair
POOL	12676	0.567043416	3,5,8,10,13,15,16	put eat back on if year feet
POOL	12677	0.567019804	3,5,8,10,13,15,16	put eat back on as year foot
POOL	12678	0.566940978	3,5,8,10,13,15,16	put eat back on as year say
POOL	12679	0.566876377	3,5,8,10,13,15,16	put eat back on if year fear
POOL	12680	0.566875109	3,5,8,10,13,15,16	put eat back on if year fit
POOL	12681	0.566852283	3,5,8,10,13,14,16	put eat back on a then r
POOL	12682	0.566816263	3,5,8,10,12,13,16	put eat bak on the sh s
POOL	12683	0.566714738	3,5,8,10,13,15,16	put eat back on if year fan
POOL	12684	0.566696765	3,5,8,10,12,13,16	put eat bak on the sh ralph
POOL	12685	0.566594938	3,5,8,10,13,15,16	put eat back on if year fish
POOL	12686	0.566550454	3,5,8,10,13,15,16	put eat back on if year thought
POOL	12687	0.566526329	3,5,8,10,13,15,16	put eat back on as year use
POOL	12688	0.566525961	3,5,8,10,13,15,16	put eat back on a share of
POOL	12689	0.566438737	3,5,8,10,13,15,16	put eat back on if year foot
POOL	12690	0.566407906	3,5,8,10,13,15,16	put eat back on a care a
POOL	12691	0.566407906	3,5,8,10,13,15,16	put eat back on a care for
POOL	12692	0.566376232	3,5,8,10,12,13,16	'bout a 'bout -san tha shh elf
POOL	12693	0.566268495	3,5,8,10,12,13,16	put eat bak on the shh e'er
POOL	12694	0.566236213	3,5,8,10,13,14,16	put eat back on a get less
POOL	12695	0.565996317	3,5,8,10,13,14,16	put eat back on a then less
POOL	12696	0.565962362	1,2,4,7,11,13,16	app oh tea t-back cons ash elf
POOL	12697	0.565937556	1,2,4,5,7,11,13,16	app oh see too bad cars us else
POOL	12698	0.565905423	3,5,8,10,12,13,16	put eat bak on the shh els
POOL	12699	0.565891626	3,5,8,10,13,14,16	put eat back on a an self
POOL	12700	0.565891626	3,5,8,10,13,14,16	put eat back on a as self
POOL	12701	0.565891626	3,5,8,10,13,14,16	put eat back on a at self
POOL	12702	0.565875523	3,5,8,10,13,15,16	put eat back on as year death
POOL	12703	0.565653396	3,5,8,10,12,13,16	put eat bak on the shh ef
POOL	12704	0.565539174	3,5,8,10,13,14,16	put eat back on if bad use
POOL	12705	0.565442769	1,2,4,5,7,11,13,16	app oh see too bad cars us elf
POOL	12706	0.565401709	3,5,8,10,13,15,16	put eat back on as year set
POOL	12707	0.565370156	3,5,8,10,13,14,16	put eat back on if man yes
POOL	12708	0.565294456	3,5,8,10,13,15,16	put eat back on if year death
POOL	12709	0.565273723	3,5,8,10,12,13,16	put eat bak on the shh heir
POOL	12710	0.565250955	3,5,8,10,13,15,16	put eat back on as year f.'s
POOL	12711	0.565246746	3,5,8,10,13,14,16	put eat back on if man al
POOL	12712	0.565039702	3,5,8,10,13,14,16	put eat back on a an use
POOL	12713	0.565039702	3,5,8,10,13,14,16	put eat back on a as use
POOL	12714	0.565039702	3,5,8,10,13,14,16	put eat back on a at use
POOL	12715	0.564966167	3,5,8,10,12,13,16	'bout a 'bout -san tha sh elf
POOL	12716	0.564932970	3,5,8,10,13,15,16	put eat back on as year seen
POOL	12717	0.564927810	3,5,8,10,13,14,16	put eat back on if man health
POOL	12718	0.564902547	3,5,8,10,12,13,16	put eat bak on the shh aff
POOL	12719	0.564858430	3,5,8,10,12,13,16	put eat bak on the sh e'er
POOL	12720	0.564852441	3,5,8,10,13,14,16	put eat back on a an see
POOL	12721	0.564852441	3,5,8,10,13,14,16	put eat back on a as see
POOL	12722	0.564852441	3,5,8,10,13,14,16	put eat back on a at see
POOL	12723	0.564787055	3,5,8,10,13,15,16	put eat back on as year yes
POOL	12724	0.564719972	3,5,8,10,13,15,16	put eat back on as year says
POOL	12725	0.564669888	3,5,8,10,13,15,16	put eat back on if year f.'s
POOL	12726	0.564495358	3,5,8,10,12,13,16	put eat bak on the sh els
POOL	12727	0.564474049	3,5,8,10,13,15,16	put eat back on as year if
POOL	12728	0.564334970	3,5,8,10,13,14,16	put eat back on if man la
POOL	12729	0.564329745	3,5,8,10,13,15,16	put eat back on as year v
POOL	12730	0.564243331	3,5,8,10,12,13,16	put eat bak on the sh ef
POOL	12731	0.564180904	3,5,8,10,13,15,16	put eat back on as year off
POOL	12732	0.564160701	3,5,8,10,13,14,16	put eat back on a a c
POOL	12733	0.564123468	3,5,8,10,13,14,16	put eat back on if man lose
POOL	12734	0.564115247	3,5,8,10,13,15,16	put eat back on a share a
POOL	12735	0.564115247	3,5,8,10,13,15,16	put eat back on a share for
POOL	12736	0.564112877	1,2,4,7,11,13,16	app oh tea t-back cons us alf
POOL	12737	0.563957837	3,5,8,10,12,13,16	put eat bak on the shh elm
POOL	12738	0.563916547	3,5,8,10,13,14,16	put eat back on a a r
POOL	12739	0.563892982	3,5,8,10,13,15,16	put eat back on if year if
POOL	12740	0.563863658	3,5,8,10,12,13,16	put eat bak on the sh heir
POOL	12741	0.563854424	3,5,8,10,12,13,16	put eat bak on the shh err
POOL	12742	0.563838100	3,5,8,10,13,14,16	put eat back on a be else
POOL	12743	0.563799900	3,5,8,10,13,14,16	put eat back on if bad yes
POOL	12744	0.563791173	3,5,8,10,13,15,16	put eat back on a care her
POOL	12745	0.563791173	3,5,8,10,13,15,16	put eat back on a care who
POOL	12746	0.563748678	3,5,8,10,13,15,16	put eat back on if year v
POOL	12747	0.563726163	1,2,4,7,11,13,16	app oh tea t-back cons us self
POOL	12748	0.563691433	3,5,8,10,13,15,16	put eat back on a care few
POOL	12749	0.563599838	3,5,8,10,13,15,16	put eat back on if year off
POOL	12750	0.563508802	3,5,8,10,13,14,16	put eat back on a an last
POOL	12751	0.563508802	3,5,8,10,13,14,16	put eat back on a as last
POOL	12752	0.563508802	3,5,8,10,13,14,16	put eat back on a at last
POOL	12753	0.563492482	3,5,8,10,12,13,16	put eat bak on the sh aff
POOL	12754	0.563357554	3,5,8,10,13,14,16	put eat back on if bad health
POOL	12755	0.563300428	3,5,8,10,13,14,16	put eat back on a an yes
POOL	12756	0.563300428	3,5,8,10,13,14,16	put eat back on a as yes
POOL	12757	0.563300428	3,5,8,10,13,14,16	put eat back on a at yes
POOL	12758	0.563232710	3,5,8,10,13,15,16	put eat back on a care four
POOL	12759	0.563205492	3,5,8,10,12,13,16	put eat bak on the shh ere
POOL	12760	0.563195761	3,5,8,10,12,13,16	put eat bak on the shh als
POOL	12761	0.563182172	3,5,8,10,12,13,16	put eat bak on the shh eyre
POOL	12762	0.563177018	3,5,8,10,13,14,16	put eat back on a an al
POOL	12763	0.563177018	3,5,8,10,13,14,16	put eat back on a as al
POOL	12764	0.563177018	3,5,8,10,13,14,16	put eat back on a at al
POOL	12765	0.563102429	3,5,8,10,13,14,16	put eat back on a get all
POOL	12766	0.563076887	3,5,8,10,13,15,16	put eat back on a care he
POOL	12767	0.563073288	3,5,8,10,13,14,16	put eat back on a an lee
POOL	12768	0.563073288	3,5,8,10,13,14,16	put eat back on a as lee
POOL	12769	0.563073288	3,5,8,10,13,14,16	put eat back on a at lee
POOL	12770	0.563025713	3,5,8,10,13,14,16	put eat back on a an ill
POOL	12771	0.563025713	3,5,8,10,13,14,16	put eat back on a as ill
POOL	12772	0.563025713	3,5,8,10,13,14,16	put eat back on a at ill
POOL	12773	0.562997256	3,5,8,10,13,14,16	put eat back on a be love
POOL	12774	0.562907995	4,7,11,16	taught ten cons self
POOL	12775	0.562889350	3,5,8,10,13,15,16	put eat back on a care as
POOL	12776	0.562889350	3,5,8,10,13,15,16	put eat back on a care is
POOL	12777	0.562862533	3,5,8,10,13,14,16	put eat back on a then all
POOL	12778	0.562858082	3,5,8,10,13,14,16	put eat back on a an health
POOL	12779	0.562858082	3,5,8,10,13,14,16	put eat back on a as health
POOL	12780	0.562858082	3,5,8,10,13,14,16	put eat back on a at health
POOL	12781	0.562781323	1,2,4,5,7,11,12,16	app oh see too bad cars a self
POOL	12782	0.562774592	4,6,11,16	foote too cons self
POOL	12783	0.562733116	3,5,8,10,12,13,16	put eat bak on the shh ess
POOL	12784	0.562621488	3,5,8,10,13,14,16	put eat back on if man earth
POOL	12785	0.562569583	2,6,11,16	plow tit cons self
POOL	12786	0.562547772	3,5,8,10,12,13,16	put eat bak on the sh elm
POOL	12787	0.562518137	3,5,8,10,12,13,16	put eat bak on the shh nth
POOL	12788	0.562508256	1,2,4,7,11,13,16	app oh tea t-back cons ass alf
POOL	12789	0.562444359	3,5,8,10,12,13,16	put eat bak on the sh err
POOL	12790	0.562423230	3,5,8,10,13,15,16	put eat back on a care half
POOL	12791	0.562388143	3,5,8,10,13,14,16	put eat back on a get if
POOL	12792	0.562265242	3,5,8,10,13,14,16	put eat back on a an la
POOL	12793	0.562265242	3,5,8,10,13,14,16	put eat back on a as la
POOL	12794	0.562265242	3,5,8,10,13,14,16	put eat back on a at la
POOL	12795	0.562230868	3,5,8,10,12,13,16	put eat bak on the shh esse
POOL	12796	0.562211905	3,5,8,10,12,13,16	put eat bak on the shh aer
POOL	12797	0.562164971	3,5,8,10,12,13,16	put eat bak on the shh elks
POOL	12798	0.562148247	3,5,8,10,13,14,16	put eat back on a then if
POOL	12799	0.562121542	1,2,4,7,11,13,16	app oh tea t-back cons ass self
POOL	12800	0.562094998	3,5,8,10,13,14,16	put eat back on a get off
POOL	12801	0.562058602	3,5,8,10,12,13,16	put eat bak on the shh es
POOL	12802	0.562053740	3,5,8,10,13,14,16	put eat back on a an lose
POOL	12803	0.562053740	3,5,8,10,13,14,16	put eat back on a as lose
POOL	12804	0.562053740	3,5,8,10,13,14,16	put eat back on a at lose
POOL	12805	0.561986422	3,5,8,10,13,14,16	put eat back on a be loss
POOL	12806	0.561929267	3,5,8,10,13,14,16	put eat back on if man l.'s
POOL	12807	0.561895801	2,6,11,16	pure treat cons self
POOL	12808	0.561855103	3,5,8,10,13,14,16	put eat back on a then off
POOL	12809	0.561849202	1,2,4,5,7,11,13,16	app oh tea too bad cons ash air
POOL	12810	0.561795427	3,5,8,10,12,13,16	put eat bak on the sh ere
POOL	12811	0.561785696	3,5,8,10,12,13,16	put eat bak on the sh als
POOL	12812	0.561772107	3,5,8,10,12,13,16	put eat bak on the sh eyre
POOL	12813	0.561498513	3,5,8,10,13,15,16	put eat back on a share her
POOL	12814	0.561498513	3,5,8,10,13,15,16	put eat back on a share who
POOL	12815	0.561379995	3,5,8,10,12,13,16	put eat bak on the shh airs
POOL	12816	0.561369602	3,5,8,10,12,13,16	put eat bak on the shh heirs
POOL	12817	0.561323051	3,5,8,10,12,13,16	put eat bak on the sh ess
POOL	12818	0.561177058	3,5,8,10,12,13,16	put eat back on the shh else
POOL	12819	0.561108072	3,5,8,10,12,13,16	put eat bak on the sh nth
POOL	12820	0.561036816	1,2,4,5,7,11,13,16	app oh tea too bad cons ash al
POOL	12821	0.561013502	3,5,8,10,13,14,16	put eat back on a an laws
POOL	12822	0.561013502	3,5,8,10,13,14,16	put eat back on a as laws
POOL	12823	0.561013502	3,5,8,10,13,14,16	put eat back on a at laws
POOL	12824	0.560884244	3,7,11,16	took eat carve self
POOL	12825	0.560864115	3,5,8,10,13,15,16	put eat back on a care through
POOL	12826	0.560820803	3,5,8,10,12,13,16	put eat bak on the sh esse
POOL	12827	0.560801840	3,5,8,10,12,13,16	put eat bak on the sh aer
POOL	12828	0.560784228	3,5,8,10,13,15,16	put eat back on a share he
POOL	12829	0.560760111	3,5,8,10,13,14,16	put eat back on a an lost
POOL	12830	0.560760111	3,5,8,10,13,14,16	put eat back on a as lost
POOL	12831	0.560760111	3,5,8,10,13,14,16	put eat back on a at lost
POOL	12832	0.560754906	3,5,8,10,12,13,16	put eat bak on the sh elks
POOL	12833	0.560754741	3,5,8,10,13,14,16	put eat back on if man l
POOL	12834	0.560742775	3,5,8,10,13,14,16	put eat back on a an youth
POOL	12835	0.560742775	3,5,8,10,13,14,16	put eat back on a as youth
POOL	12836	0.560742775	3,5,8,10,13,14,16	put eat back on a at youth
POOL	12837	0.560692619	1,2,4,7,11,13,16	app oh tea t-back cons us health
POOL	12838	0.560648537	3,5,8,10,12,13,16	put eat bak on the sh es
POOL	12839	0.560623659	3,5,8,10,13,14,16	put eat back on a an class
POOL	12840	0.560623659	3,5,8,10,13,14,16	put eat back on a as class
POOL	12841	0.560623659	3,5,8,10,13,14,16	put eat back on a at class
POOL	12842	0.560596690	3,5,8,10,13,15,16	put eat back on a share as
POOL	12843	0.560596690	3,5,8,10,13,15,16	put eat back on a share is
POOL	12844	0.560595191	3,5,8,10,13,14,16	put eat back on a an looks
POOL	12845	0.560595191	3,5,8,10,13,14,16	put eat back on a as looks
POOL	12846	0.560595191	3,5,8,10,13,14,16	put eat back on a at looks
POOL	12847	0.560561227	3,5,8,10,13,15,16	put eat back on a care up
POOL	12848	0.560551760	3,5,8,10,13,14,16	put eat back on a an earth
POOL	12849	0.560551760	3,5,8,10,13,14,16	put eat back on a as earth
POOL	12850	0.560551760	3,5,8,10,13,14,16	put eat back on a at earth
POOL	12851	0.560478635	3,5,8,10,13,15,16	put eat back on a care it's
POOL	12852	0.560478635	3,5,8,10,13,15,16	put eat back on a care some
POOL	12853	0.560478635	3,5,8,10,13,15,16	put eat back on a care this
POOL	12854	0.560441971	1,2,4,7,11,13,16	app oh tea t-back cons ash alf
POOL	12855	0.560434710	3,5,8,10,13,14,16	put eat back on a an saw
POOL	12856	0.560434710	3,5,8,10,13,14,16	put eat back on a as saw
POOL	12857	0.560434710	3,5,8,10,13,14,16	put eat back on a at saw
POOL	12858	0.560357276	3,5,8,10,13,14,16	put eat back on a an air
POOL	12859	0.560357276	3,5,8,10,13,14,16	put eat back on a as air
POOL	12860	0.560357276	3,5,8,10,13,14,16	put eat back on a at air
POOL	12861	0.560330825	3,5,8,10,13,15,16	put eat back on a care three
POOL	12862	0.560321945	3,5,8,10,13,14,16	put eat back on a are else
POOL	12863	0.560234320	3,5,8,10,13,14,16	put eat back on a be life
POOL	12864	0.560159217	3,5,8,10,13,14,16	put eat back on if man f
POOL	12865	0.560132390	3,5,8,10,13,14,16	put eat back on a be leave
POOL	12866	0.560104813	1,2,4,5,7,11,13,16	app oh see too bad cars us alf
POOL	12867	0.560094319	3,5,8,10,12,13,16	put eat bak on the shh alp
POOL	12868	0.560083659	3,5,8,10,13,14,16	put eat back on a an list
POOL	12869	0.560083659	3,5,8,10,13,14,16	put eat back on a as list
POOL	12870	0.560083659	3,5,8,10,13,14,16	put eat back on a at list
POOL	12871	0.560055257	1,2,4,7,11,13,16	app oh tea t-back cons ash self
POOL	12872	0.559969930	3,5,8,10,12,13,16	put eat bak on the sh airs
POOL	12873	0.559959537	3,5,8,10,12,13,16	put eat bak on the sh heirs
POOL	12874	0.559859539	3,5,8,10,13,14,16	put eat back on a an l.'s
POOL	12875	0.559859539	3,5,8,10,13,14,16	put eat back on a as l.'s
POOL	12876	0.559859539	3,5,8,10,13,14,16	put eat back on a at l.'s
POOL	12877	0.559807759	3,5,8,10,12,13,16	put eat bak on the shh ayres
POOL	12878	0.559766993	3,5,8,10,12,13,16	put eat back on the sh else
POOL	12879	0.559764548	3,5,8,10,12,13,16	put eat back on the shh elf
POOL	12880	0.559764350	3,5,8,10,13,15,16	put eat back on a care so
POOL	12881	0.559623727	3,5,8,10,13,15,16	put eat back on a care me
POOL	12882	0.559481100	3,5,8,10,13,14,16	put eat back on a are love
POOL	12883	0.559232511	2,5,11,16	too tit ben's self
POOL	12884	0.559224412	3,5,8,10,12,13,16	'bout a 'bout 'pon tha shh elf
POOL	12885	0.559137285	1,2,4,7,11,12,16	app oh tea t-back cons a health
POOL	12886	0.559087998	1,2,4,7,11,13,16	app oh tea t-back cons ass health
POOL	12887	0.558853303	3,5,8,10,13,14,16	put eat back on a be left
POOL	12888	0.558785957	3,5,8,10,13,14,16	put eat back on a an sea
POOL	12889	0.558785957	3,5,8,10,13,14,16	put eat back on a as sea
POOL	12890	0.558785957	3,5,8,10,13,14,16	put eat back on a at sea
POOL	12891	0.558685014	3,5,8,10,13,14,16	put eat back on a an l
POOL	12892	0.558685014	3,5,8,10,13,14,16	put eat back on a as l
POOL	12893	0.558685014	3,5,8,10,13,14,16	put eat back on a at l
POOL	12894	0.558684254	3,5,8,10,12,13,16	put eat bak on the sh alp
POOL	12895	0.558642853	2,4,6,11,13,15,16	too tea top axons ass air if
POOL	12896	0.558571455	3,5,8,10,13,15,16	put eat back on a share through
POOL	12897	0.558479004	3,5,8,10,13,14,16	put eat back on a an ass
POOL	12898	0.558479004	3,5,8,10,13,14,16	put eat back on a as ass
POOL	12899	0.558479004	3,5,8,10,13,14,16	put eat back on a at ass
POOL	12900	0.558470267	3,5,8,10,13,14,16	put eat back on a are loss
POOL	12901	0.558397694	3,5,8,10,12,13,16	put eat bak on the sh ayres
POOL	12902	0.558380167	3,5,8,9,10,12,16	put eat back ah mm the shelf
POOL	12903	0.558354483	3,5,8,10,12,13,16	put eat back on the sh elf
POOL	12904	0.558349708	2,4,6,11,13,15,16	too tea top axons ass air off
POOL	12905	0.558268567	3,5,8,10,13,15,16	put eat back on a share up
POOL	12906	0.558191813	1,2,4,7,11,13,16	app oh tea t-back cons us air
POOL	12907	0.558185976	3,5,8,10,13,15,16	put eat back on a share it's
POOL	12908	0.558185976	3,5,8,10,13,15,16	put eat back on a share some
POOL	12909	0.558185976	3,5,8,10,13,15,16	put eat back on a share this
POOL	12910	0.558089490	3,5,8,10,13,14,16	put eat back on a an f
POOL	12911	0.558089490	3,5,8,10,13,14,16	put eat back on a as f
POOL	12912	0.558089490	3,5,8,10,13,14,16	put eat back on a at f
POOL	12913	0.558084619	3,5,8,10,13,15,16	put eat back on as year us
POOL	12914	0.558048192	2,4,6,11,13,15,16	too tea top axons us air see
POOL	12915	0.558038165	3,5,8,10,13,15,16	put eat back on a share three
POOL	12916	0.558017839	3,5,8,10,13,15,16	put eat back on as year she
POOL	12917	0.557836795	3,5,8,10,13,14,16	put eat back on a an lots
POOL	12918	0.557836795	3,5,8,10,13,14,16	put eat back on a as lots
POOL	12919	0.557836795	3,5,8,10,13,14,16	put eat back on a at lots
POOL	12920	0.557814347	3,5,8,10,12,13,16	'bout a 'bout 'pon tha sh elf
POOL	12921	0.557800867	3,5,8,10,13,14,16	put eat back on a be law
POOL	12922	0.557698313	3,5,8,10,13,14,16	put eat back on a an glass
POOL	12923	0.557698313	3,5,8,10,13,14,16	put eat back on a as glass
POOL	12924	0.557698313	3,5,8,10,13,14,16	put eat back on a at glass
POOL	12925	0.557694076	1,2,4,7,11,13,16	app oh tea t-back cons us l.'s
POOL	12926	0.557548426	3,5,8,10,13,15,16	put eat back on a care per
POOL	12927	0.557503552	3,5,8,10,13,15,16	put eat back on if year us
POOL	12928	0.557471690	3,5,8,10,13,15,16	put eat back on a share so
POOL	12929	0.557436772	3,5,8,10,13,15,16	put eat back on if year she
POOL	12930	0.557397203	3,5,8,10,13,14,16	put eat back on a an re-
POOL	12931	0.557397203	3,5,8,10,13,14,16	put eat back on a as re-
POOL	12932	0.557397203	3,5,8,10,13,14,16	put eat back on a at re-
POOL	12933	0.557363819	3,5,8,10,13,14,16	put eat back on a an los
POOL	12934	0.557363819	3,5,8,10,13,14,16	put eat back on a as los
POOL	12935	0.557363819	3,5,8,10,13,14,16	put eat back on a at los
POOL	12936	0.557331067	3,5,8,10,13,15,16	put eat back on a share me
POOL	12937	0.557299559	3,5,8,10,13,15,16	put eat back on a care am
POOL	12938	0.557118279	1,2,4,7,11,13,16	app oh tea t-back cons us el
POOL	12939	0.557041690	3,5,8,10,13,15,16	put eat back on a care less
POOL	12940	0.557021713	1,2,4,7,11,13,16	app oh tea t-back cons ash health
POOL	12941	0.556950644	1,2,4,7,11,13,16	app oh tea t-back cons us al
POOL	12942	0.556938132	3,5,8,10,13,14,16	put eat back on a a less
POOL	12943	0.556934320	1,2,4,5,7,11,13,16	app oh tea too bad cons ash e'er
POOL	12944	0.556872178	3,5,8,10,12,15,16	put eat back on the shell see
POOL	12945	0.556852429	3,5,8,10,13,14,16	put eat back on a get are
POOL	12946	0.556718165	3,5,8,10,13,14,16	put eat back on a are life
POOL	12947	0.556698101	3,5,8,10,13,14,16	put eat back on a an s
POOL	12948	0.556698101	3,5,8,10,13,14,16	put eat back on a as s
POOL	12949	0.556698101	3,5,8,10,13,14,16	put eat back on a at s
POOL	12950	0.556616235	3,5,8,10,13,14,16	put eat back on a are leave
POOL	12951	0.556612533	3,5,8,10,13,14,16	put eat back on a then are
POOL	12952	0.556587192	1,2,4,7,11,13,16	app oh tea t-back cons ass air
POOL	12953	0.556519551	1,2,4,7,11,13,16	app oh tea t-back cons us l
POOL	12954	0.556518486	3,5,8,10,13,14,16	put eat back on a be self
POOL	12955	0.556516287	1,2,4,7,11,13,16	app oh tea t-back cons us elle
POOL	12956	0.556443571	2,4,6,11,13,15,16	too tea top axons ass air see
POOL	12957	0.556411514	1,2,4,7,11,13,16	app oh tea t-back cons us eff
POOL	12958	0.556234567	2,6,11,16	pow tit toms self
POOL	12959	0.556184895	1,2,4,5,7,11,13,16	app oh tea too bad cons ash ass
POOL	12960	0.556138143	3,5,8,10,13,14,16	put eat back on a get or
POOL	12961	0.556114537	2,4,6,11,13,15,16	too tea top axons us air shh
POOL	12962	0.556089456	1,2,4,7,11,13,16	app oh tea t-back cons ass l.'s
POOL	12963	0.556012752	1,2,4,5,7,11,13,16	app oh tea too bad cons ash aff
POOL	12964	0.555998713	3,5,8,10,13,14,16	put eat back on a get us
POOL	12965	0.555924027	1,2,4,7,11,13,16	app oh tea t-back cons us f
POOL	12966	0.555898247	3,5,8,10,13,14,16	put eat back on a then or
POOL	12967	0.555758817	3,5,8,10,13,14,16	put eat back on a then us
POOL	12968	0.555752093	1,2,4,7,11,13,16	app oh tea t-back cons us wealth
POOL	12969	0.555685899	1,2,4,7,11,13,16	app oh tea t-back cons us well
POOL	12970	0.555666562	3,5,8,10,13,14,16	put eat back on a be use
POOL	12971	0.555513658	1,2,4,7,11,13,16	app oh tea t-back cons ass el
POOL	12972	0.555479301	3,5,8,10,13,14,16	put eat back on a be see
POOL	12973	0.555387270	1,2,4,7,11,13,16	app oh tea t-back cons us ell
POOL	12974	0.555346024	1,2,4,7,11,13,16	app oh tea t-back cons ass al
POOL	12975	0.555337148	3,5,8,10,13,14,16	put eat back on a are left
POOL	12976	0.555327285	2,4,6,11,13,15,16	too tea top axons us air fee
POOL	12977	0.555199628	1,2,4,7,11,12,16	app oh tea t-back cons a sell
POOL	12978	0.555099049	3,5,8,10,13,15,16	put eat back on as year of
POOL	12979	0.555037987	4,7,12,16	bot bad cons self
POOL	12980	0.555006899	3,5,8,10,13,15,16	put eat back on a share am
POOL	12981	0.554995617	2,4,6,11,13,14,16	too tea top axons ass a laugh
POOL	12982	0.554965048	1,2,4,7,11,13,16	app oh tea t-back cons us ulf
POOL	12983	0.554938523	3,5,8,10,12,15,16	put eat back on the shell shh
POOL	12984	0.554914930	1,2,4,7,11,13,16	app oh tea t-back cons ass l
POOL	12985	0.554911666	1,2,4,7,11,13,16	app oh tea t-back cons ass elle
POOL	12986	0.554806893	1,2,4,7,11,13,16	app oh tea t-back cons ass eff
POOL	12987	0.554715115	3,6,11,16	took eat carne self
POOL	12988	0.554704472	2,4,6,11,13,15,16	too tea top axons us air sh
POOL	12989	0.554655391	1,2,4,7,11,12,16	app oh tea t-back cons a cell
POOL	12990	0.554602173	3,5,8,10,13,14,16	put eat back on if man less
POOL	12991	0.554532638	1,2,4,7,11,13,16	app oh tea t-back cons us s
POOL	12992	0.554520907	1,2,4,7,11,13,16	app oh tea t-back cons ash air
POOL	12993	0.554517982	3,5,8,10,13,15,16	put eat back on if year of
POOL	12994	0.554509916	2,4,6,11,13,15,16	too tea top axons ass air shh
POOL	12995	0.554413140	1,2,4,7,11,13,16	app oh tea t-back cons us ralph
POOL	12996	0.554374662	1,2,4,5,7,11,15,16	app oh tea too bad cause sell shh
POOL	12997	0.554319406	1,2,4,7,11,13,16	app oh tea t-back cons ass f
POOL	12998	0.554284712	3,5,8,10,13,14,16	put eat back on a are law
POOL	12999	0.554270760	2,6,11,16	could tits khan self
POOL	13000	0.554244157	3,5,8,10,12,13,16	put eat back on the shh alf
POOL	13001	0.554168781	1,2,4,5,7,11,13,16	app oh tea too bad cons ash als
POOL	13002	0.554151271	3,5,8,10,12,15,16	put eat back on the shell fee
POOL	13003	0.554147473	1,2,4,7,11,13,16	app oh tea t-back cons ass wealth
POOL	13004	0.554135662	3,5,8,10,13,14,16	put eat back on a be last
POOL	13005	0.554125024	2,4,6,11,13,15,16	too tea top axons us air if
POOL	13006	0.554081279	1,2,4,7,11,13,16	app oh tea t-back cons ass well
POOL	13007	0.554040269	1,2,4,7,11,12,16	app oh tea t-back cons a shell
POOL	13008	0.554023171	1,2,4,7,11,13,16	app oh tea t-back cons ash l.'s
POOL	13009	0.553927288	3,5,8,10,13,14,16	put eat back on a be yes
POOL	13010	0.553898455	1,2,4,5,7,11,15,16	app oh tea too bad cause cell shh
POOL	13011	0.553857443	3,5,8,10,12,13,16	put eat back on the shh self
POOL	13012	0.553831879	2,4,6,11,13,15,16	too tea top axons us air off
POOL	13013	0.553804348	3,5,8,10,13,14,16	put eat back on a a all
POOL	13014	0.553803878	3,5,8,10,13,14,16	put eat back on a be al
POOL	13015	0.553782649	1,2,4,7,11,13,16	app oh tea t-back cons ass ell
POOL	13016	0.553747511	2,4,6,11,13,15,16	too tea top axons us air earth
POOL	13017	0.553722664	2,4,6,11,13,15,16	too tea top axons ass air fee
POOL	13018	0.553717495	2,5,11,16	too tick ben's self
POOL	13019	0.553700148	3,5,8,10,13,14,16	put eat back on a be lee
POOL	13020	0.553652573	3,5,8,10,13,14,16	put eat back on a be ill
POOL	13021	0.553632564	3,5,8,10,13,14,16	put eat back on a an c
POOL	13022	0.553632564	3,5,8,10,13,14,16	put eat back on a as c
POOL	13023	0.553632564	3,5,8,10,13,14,16	put eat back on a at c
POOL	13024	0.553630461	2,4,6,11,13,15,16	too tea top axons us air saw
POOL	13025	0.553621621	2,4,6,11,13,15,16	too tea top axons us air fur
POOL	13026	0.553617095	3,5,8,10,13,16	put eat back on a well-off
POOL	13027	0.553528458	3,5,8,10,12,15,16	put eat back on the shell sh
POOL	13028	0.553500573	1,2,4,7,11,12,16	app oh tea t-back cons a chef
POOL	13029	0.553484942	3,5,8,10,13,14,16	put eat back on a be health
POOL	13030	0.553447373	1,2,4,7,11,13,16	app oh tea t-back cons ash el
POOL	13031	0.553388411	3,5,8,10,13,14,16	put eat back on a an r
POOL	13032	0.553388411	3,5,8,10,13,14,16	put eat back on a as r
POOL	13033	0.553388411	3,5,8,10,13,14,16	put eat back on a at r
POOL	13034	0.553384804	1,2,4,5,7,11,13,16	app oh tea too bad cons ash aer
POOL	13035	0.553378918	3,5,8,10,13,14,16	put eat back on a get least
POOL	13036	0.553360428	1,2,4,7,11,13,16	app oh tea t-back cons ass ulf
POOL	13037	0.553307000	2,4,6,11,13,14,16	too tea top axons ass a leaf
POOL	13038	0.553279739	1,2,4,7,11,13,16	app oh tea t-back cons ash al
POOL	13039	0.553140855	1,2,4,5,7,11,15,16	app oh tea too bad cause sell sh
POOL	13040	0.553139023	3,5,8,10,13,14,16	put eat back on a then least
POOL	13041	0.553108307	1,2,4,7,11,12,16	app oh tea t-back cons a else
POOL	13042	0.553099851	2,4,6,11,13,15,16	too tea top axons ass air sh
POOL	13043	0.553090897	1,2,4,5,7,11,13,16	app oh tea too bad cons ash cell
POOL	13044	0.553090063	3,5,8,10,13,14,16	put eat back on a a if
POOL	13045	0.553031917	3,5,8,10,13,14,16	put eat back on if bad less
POOL	13046	0.553002331	3,5,8,10,13,14,16	put eat back on a are self
POOL	13047	0.552964043	2,4,6,11,13,14,16	too tea top axons ass a else
POOL	13048	0.552935171	1,2,4,7,11,13,16	app oh tea t-back cons us tell
POOL	13049	0.552928017	1,2,4,7,11,13,16	app oh tea t-back cons ass s
POOL	13050	0.552892102	3,5,8,10,13,14,16	put eat back on a be la
POOL	13051	0.552854465	1,2,4,7,11,13,16	app oh tea t-back cons ass if
POOL	13052	0.552848645	1,2,4,7,11,13,16	app oh tea t-back cons ash l
POOL	13053	0.552845381	1,2,4,7,11,13,16	app oh tea t-back cons ash elle
POOL	13054	0.552834092	3,5,8,10,12,13,16	put eat back on the sh alf
POOL	13055	0.552808519	1,2,4,7,11,13,16	app oh tea t-back cons ass ralph
POOL	13056	0.552796918	3,5,8,10,13,14,16	put eat back on a a off
POOL	13057	0.552740608	1,2,4,7,11,13,16	app oh tea t-back cons ash eff
POOL	13058	0.552688335	3,5,8,10,13,15,16	put eat back on as year a
POOL	13059	0.552688335	3,5,8,10,13,15,16	put eat back on as year for
POOL	13060	0.552680600	3,5,8,10,13,14,16	put eat back on a be lose
POOL	13061	0.552664648	1,2,4,5,7,11,15,16	app oh tea too bad cause cell sh
POOL	13062	0.552574805	1,2,4,7,11,13,16	app oh tea t-back cons us e'er
POOL	13063	0.552571497	3,5,8,10,12,15,16	put eat back on the shell earth
POOL	13064	0.552467347	1,2,4,5,7,11,12,16	app oh see too bad cars a health
POOL	13065	0.552454447	3,5,8,10,12,15,16	put eat back on the shell saw
POOL	13066	0.552447378	3,5,8,10,12,13,16	put eat back on the sh self
POOL	13067	0.552445607	3,5,8,10,12,15,16	put eat back on the shell fur
POOL	13068	0.552306349	1,2,4,5,7,11,13,16	app oh tea too bad cons ash airs
POOL	13069	0.552253422	2,4,6,11,13,15,16	too tea top axons ass air us
POOL	13070	0.552253121	1,2,4,7,11,13,16	app oh tea t-back cons ash f
POOL	13071	0.552252631	1,2,4,7,11,13,16	app oh tea t-back cons us ass
POOL	13072	0.552211733	1,2,4,7,11,13,16	app oh tea t-back cons us els
POOL	13073	0.552150407	3,5,8,10,13,14,16	put eat back on a are use
POOL	13074	0.552142890	2,4,6,11,13,15,16	too tea top axons ass air earth
POOL	13075	0.552107268	3,5,8,10,13,15,16	put eat back on if year a
POOL	13076	0.552107268	3,5,8,10,13,15,16	put eat back on if year for
POOL	13077	0.552081188	1,2,4,7,11,13,16	app oh tea t-back cons ash wealth
POOL	13078	0.552025840	2,4,6,11,13,15,16	too tea top axons ass air saw
POOL	13079	0.552017000	2,4,6,11,13,15,16	too tea top axons ass air fur
POOL	13080	0.552014994	1,2,4,7,11,13,16	app oh tea t-back cons ash well
POOL	13081	0.552007678	2,4,6,11,13,15,16	too tea top axons us air fir
POOL	13082	0.551981708	2,4,6,11,13,15,16	too tea top axons us air sea
POOL	13083	0.551978491	2,4,6,11,13,15,16	too tea top axons us air sir
POOL	13084	0.551974002	1,2,4,5,7,11,13,16	app oh tea too bad cons ash bell
POOL	13085	0.551963145	3,5,8,10,13,14,16	put eat back on a are see
POOL	13086	0.551959706	1,2,4,7,11,13,16	app oh tea t-back cons us ef
POOL	13087	0.551838642	1,2,4,5,7,11,13,16	app oh tea too bad cons ash ash
POOL	13088	0.551772728	2,4,6,11,13,15,16	too tea top axons us air eff
POOL	13089	0.551737117	1,2,4,7,11,12,16	app oh tea t-back cons a share
POOL	13090	0.551716364	1,2,4,7,11,13,16	app oh tea t-back cons ash ell
POOL	13091	0.551698968	3,5,8,10,13,14,16	put eat back on a get let's
POOL	13092	0.551695798	1,2,4,7,11,12,16	app oh tea t-back cons a elf
POOL	13093	0.551674755	2,4,6,11,13,15,16	too tea top axons us air ass
POOL	13094	0.551641999	2,4,6,11,13,15,16	too tea top axons us air foo
POOL	13095	0.551640362	3,5,8,10,13,14,16	put eat back on a be laws
POOL	13096	0.551580033	1,2,4,7,11,13,16	app oh tea t-back cons us heir
POOL	13097	0.551556375	1,2,4,5,7,11,13,16	app oh tea too bad cons ash death
POOL	13098	0.551551533	2,4,6,11,13,14,16	too tea top axons ass a elf
POOL	13099	0.551495553	1,2,4,5,7,11,13,16	app oh tea too bad cons ash alps
POOL	13100	0.551468389	3,5,8,10,13,14,16	put eat back on if man all
POOL	13101	0.551459072	3,5,8,10,13,14,16	put eat back on a then let's
POOL	13102	0.551386971	3,5,8,10,13,14,16	put eat back on a be lost
POOL	13103	0.551369635	3,5,8,10,13,14,16	put eat back on a be youth
POOL	13104	0.551330551	1,2,4,7,11,13,16	app oh tea t-back cons ass tell
POOL	13105	0.551294143	1,2,4,7,11,13,16	app oh tea t-back cons ash ulf
POOL	13106	0.551286917	1,2,4,7,11,12,16	app oh tea t-back cons a cells
POOL	13107	0.551285241	2,4,6,11,13,15,16	too tea top axons us air f
POOL	13108	0.551250519	3,5,8,10,13,14,16	put eat back on a be class
POOL	13109	0.551222051	3,5,8,10,13,14,16	put eat back on a be looks
POOL	13110	0.551208857	1,2,4,7,11,13,16	app oh tea t-back cons us aff
POOL	13111	0.551178620	3,5,8,10,13,14,16	put eat back on a be earth
POOL	13112	0.551164004	1,2,4,5,7,11,13,16	app oh tea too bad cons ash alp
POOL	13113	0.551141657	2,4,6,11,13,15,16	too tea top axons us air oof
POOL	13114	0.551130075	1,2,4,5,7,11,13,16	app oh tea too bad cons ash delve
POOL	13115	0.551112365	2,4,6,11,13,14,16	too tea top axons ass a loss
POOL	13116	0.551061570	3,5,8,10,13,14,16	put eat back on a be saw
POOL	13117	0.551058353	1,2,4,5,7,11,13,16	app oh tea too bad cons ash del
POOL	13118	0.550984136	3,5,8,10,13,14,16	put eat back on a be air
POOL	13119	0.550970184	1,2,4,7,11,13,16	app oh tea t-back cons ass e'er
POOL	13120	0.550930643	1,2,4,5,7,11,13,16	app oh tea too bad cons ash ayres
POOL	13121	0.550921426	2,4,6,11,13,15,16	too tea top axons us air fer
POOL	13122	0.550861732	1,2,4,7,11,13,16	app oh tea t-back cons ash s
POOL	13123	0.550831664	3,5,8,10,12,15,16	put eat back on the shell fir
POOL	13124	0.550823899	3,5,8,10,12,13,16	put eat back on the shh health
POOL	13125	0.550805694	3,5,8,10,12,15,16	put eat back on the shell sea
POOL	13126	0.550802477	3,5,8,10,12,15,16	put eat back on the shell sir
POOL	13127	0.550788180	1,2,4,7,11,13,16	app oh tea t-back cons ash if
POOL	13128	0.550783404	1,2,4,5,7,11,13,16	app oh tea too bad cons ash chef
POOL	13129	0.550764133	2,4,6,11,13,15,16	too tea top axons us air fa
POOL	13130	0.550754103	3,5,8,10,13,14,16	put eat back on if man if
POOL	13131	0.550742234	1,2,4,7,11,13,16	app oh tea t-back cons ash ralph
POOL	13132	0.550710519	3,5,8,10,13,14,16	put eat back on a be list
POOL	13133	0.550663287	2,4,6,11,13,15,16	too tea top axons us air pfft
POOL	13134	0.550648010	1,2,4,7,11,13,16	app oh tea t-back cons ass ass
POOL	13135	0.550630981	2,4,6,11,13,15,16	too tea top axons us air aff
POOL	13136	0.550619506	3,5,8,10,13,14,16	put eat back on a are last
POOL	13137	0.550607112	1,2,4,7,11,13,16	app oh tea t-back cons ass els
POOL	13138	0.550596714	3,5,8,10,12,15,16	put eat back on the shell eff
POOL	13139	0.550498741	3,5,8,10,12,15,16	put eat back on the shell ass
POOL	13140	0.550486399	3,5,8,10,13,14,16	put eat back on a be l.'s
POOL	13141	0.550478446	3,5,8,10,13,14,16	put eat back on a get plus
POOL	13142	0.550476968	3,5,8,10,12,13,16	put eat bak on the shh shelf
POOL	13143	0.550465985	3,5,8,10,12,15,16	put eat back on the shell foo
POOL	13144	0.550465207	1,2,4,5,7,11,13,16	app oh tea too bad cons ash care
POOL	13145	0.550460958	3,5,8,10,13,14,16	put eat back on if man off
POOL	13146	0.550433076	1,2,4,7,11,13,16	app oh tea t-back cons us ill
POOL	13147	0.550411133	3,5,8,10,13,14,16	put eat back on a are yes
POOL	13148	0.550403058	2,4,6,11,13,15,16	too tea top axons ass air fir
POOL	13149	0.550377087	2,4,6,11,13,15,16	too tea top axons ass air sea
POOL	13150	0.550373870	2,4,6,11,13,15,16	too tea top axons ass air sir
POOL	13151	0.550355086	1,2,4,7,11,13,16	app oh tea t-back cons ass ef
POOL	13152	0.550324746	1,2,4,7,11,13,16	app oh tea t-back cons us hell
POOL	13153	0.550287723	3,5,8,10,13,14,16	put eat back on a are al
POOL	13154	0.550264147	1,2,4,7,11,13,16	app oh tea t-back cons us elm
POOL	13155	0.550238551	3,5,8,10,13,14,16	put eat back on a then plus
POOL	13156	0.550183993	3,5,8,10,13,14,16	put eat back on a are lee
POOL	13157	0.550168107	2,4,6,11,13,15,16	too tea top axons ass air eff
POOL	13158	0.550160734	1,2,4,7,11,13,16	app oh tea t-back cons us err
POOL	13159	0.550136418	3,5,8,10,13,14,16	put eat back on a are ill
POOL	13160	0.550109227	3,5,8,10,12,15,16	put eat back on the shell f
POOL	13161	0.550092053	2,4,6,11,13,14,16	too tea top axons ass a alf
POOL	13162	0.550084753	1,2,4,5,7,11,13,16	app oh tea too bad cons ash deaf
POOL	13163	0.550071601	3,5,8,10,13,15,16	put eat back on as year her
POOL	13164	0.550071601	3,5,8,10,13,15,16	put eat back on as year who
POOL	13165	0.550070135	2,4,6,11,13,15,16	too tea top axons ass air ass
POOL	13166	0.550037378	2,4,6,11,13,15,16	too tea top axons ass air foo
POOL	13167	0.549975413	1,2,4,7,11,13,16	app oh tea t-back cons ass heir
POOL	13168	0.549971861	3,5,8,10,13,15,16	put eat back on as year few
POOL	13169	0.549968787	3,5,8,10,13,14,16	put eat back on a are health
POOL	13170	0.549965644	3,5,8,10,12,15,16	put eat back on the shell oof
POOL	13171	0.549937051	2,4,6,11,13,15,16	too tea top axons us air phu
POOL	13172	0.549898133	3,5,8,10,13,14,16	put eat back on if bad all
POOL	13173	0.549893852	2,4,6,11,13,15,16	too tea top axons us air s
POOL	13174	0.549874073	1,2,4,5,7,11,13,16	app oh tea too bad cons ash def
POOL	13175	0.549872325	2,4,6,11,13,15,16	too tea top axons us air fie
POOL	13176	0.549792949	1,2,4,5,7,11,13,16	app oh tea too bad cons ash cells
POOL	13177	0.549745412	3,5,8,10,12,15,16	put eat back on the shell fer
POOL	13178	0.549737086	3,6,11,16	took kitt cons self
POOL	13179	0.549696352	1,2,4,7,11,12,16	app oh tea t-back cons a shells
POOL	13180	0.549688565	2,4,6,11,13,14,16	too tea top axons us air laugh
POOL	13181	0.549680620	2,4,6,11,13,15,16	too tea top axons ass air f
POOL	13182	0.549635926	2,5,11,16	poo tit ben's self
POOL	13183	0.549619416	1,2,4,7,11,13,16	app oh tea t-back cons us sell
POOL	13184	0.549604236	1,2,4,7,11,13,16	app oh tea t-back cons ass aff
POOL	13185	0.549588119	3,5,8,10,12,15,16	put eat back on the shell fa
POOL	13186	0.549572173	1,2,4,5,7,11,13,16	app oh tea too bad cons ash belle
POOL	13187	0.549537037	2,4,6,11,13,15,16	too tea top axons ass air oof
POOL	13188	0.549513139	3,5,8,10,13,15,16	put eat back on as year four
POOL	13189	0.549511802	1,2,4,7,11,13,16	app oh tea t-back cons us ere
POOL	13190	0.549502071	1,2,4,7,11,13,16	app oh tea t-back cons us als
POOL	13191	0.549490535	3,5,8,10,13,15,16	put eat back on if year her
POOL	13192	0.549490535	3,5,8,10,13,15,16	put eat back on if year who
POOL	13193	0.549488482	1,2,4,7,11,13,16	app oh tea t-back cons us eyre
POOL	13194	0.549487273	3,5,8,10,12,15,16	put eat back on the shell pfft
POOL	13195	0.549465495	2,4,6,11,13,15,16	too tea top axons us air fu
POOL	13196	0.549454967	3,5,8,10,12,15,16	put eat back on the shell aff
POOL	13197	0.549413834	3,5,8,10,12,13,16	put eat back on the sh health
POOL	13198	0.549412817	3,5,8,10,13,14,16	put eat back on a be sea
POOL	13199	0.549390795	3,5,8,10,13,15,16	put eat back on if year few
POOL	13200	0.549375947	3,5,8,10,13,14,16	put eat back on a are la
POOL	13201	0.549357316	3,5,8,10,13,15,16	put eat back on as year he
POOL	13202	0.549316805	2,4,6,11,13,15,16	too tea top axons ass air fer
POOL	13203	0.549311874	3,5,8,10,13,14,16	put eat back on a be l
POOL	13204	0.549264266	1,2,4,7,11,13,16	app oh tea t-back cons ash tell
POOL	13205	0.549257245	1,2,4,5,7,11,13,16	app oh tea too bad cons ash dell
POOL	13206	0.549220206	2,4,6,11,13,14,16	too tea top axons ass a leif
POOL	13207	0.549216038	1,2,4,5,7,11,13,16	app oh tea too bad cons ash ashe
POOL	13208	0.549183847	3,5,8,10,13,14,16	put eat back on if bad if
POOL	13209	0.549169778	3,5,8,10,13,15,16	put eat back on as year as
POOL	13210	0.549169778	3,5,8,10,13,15,16	put eat back on as year is
POOL	13211	0.549164445	3,5,8,10,13,14,16	put eat back on a are lose
POOL	13212	0.549159512	2,4,6,11,13,15,16	too tea top axons ass air fa
POOL	13213	0.549105864	3,5,8,10,13,14,16	put eat back on a be ass
POOL	13214	0.549075178	1,2,4,7,11,13,16	app oh tea t-back cons us cell
POOL	13215	0.549066903	3,5,8,10,12,13,16	put eat bak on the sh shelf
POOL	13216	0.549058666	2,4,6,11,13,15,16	too tea top axons ass air pfft
POOL	13217	0.549039426	1,2,4,7,11,13,16	app oh tea t-back cons us ess
POOL	13218	0.549026361	2,4,6,11,13,15,16	too tea top axons ass air aff
POOL	13219	0.548965131	1,2,4,7,11,13,16	app oh tea t-back cons us fell
POOL	13220	0.548932072	3,5,8,10,13,15,16	put eat back on if year four
POOL	13221	0.548903899	1,2,4,7,11,13,16	app oh tea t-back cons ash e'er
POOL	13222	0.548890702	3,5,8,10,13,14,16	put eat back on if bad off
POOL	13223	0.548875419	1,2,4,5,7,11,12,16	app oh see too bad cars a sell
POOL	13224	0.548857165	1,2,4,7,11,12,16	app oh tea t-back cons a fell
POOL	13225	0.548847856	2,4,6,11,13,14,16	too tea top axons ass a ulf
POOL	13226	0.548828455	1,2,4,7,11,13,16	app oh tea t-back cons ass ill
POOL	13227	0.548824447	1,2,4,7,11,13,16	app oh tea t-back cons us nth
POOL	13228	0.548776249	3,5,8,10,13,15,16	put eat back on if year he
POOL	13229	0.548769412	1,2,4,7,11,12,16	app oh tea t-back cons a hell
POOL	13230	0.548761037	3,5,8,10,12,15,16	put eat back on the shell phu
POOL	13231	0.548720125	1,2,4,7,11,13,16	app oh tea t-back cons ass hell
POOL	13232	0.548719847	1,2,4,7,11,12,16	app oh tea t-back cons a sells
POOL	13233	0.548717838	3,5,8,10,12,15,16	put eat back on the shell s
POOL	13234	0.548716432	1,2,4,5,7,11,13,16	app oh tea too bad cons ash ans
POOL	13235	0.548716350	3,5,8,10,13,14,16	put eat back on a be f
POOL	13236	0.548703659	3,5,8,10,13,15,16	put eat back on as year half
POOL	13237	0.548696312	3,5,8,10,12,15,16	put eat back on the shell fie
POOL	13238	0.548659526	1,2,4,7,11,13,16	app oh tea t-back cons ass elm
POOL	13239	0.548645068	1,2,4,5,7,11,13,16	app oh tea too bad cons ash bel
POOL	13240	0.548588712	3,5,8,10,13,15,16	put eat back on if year as
POOL	13241	0.548588712	3,5,8,10,13,15,16	put eat back on if year is
POOL	13242	0.548581725	1,2,4,7,11,13,16	app oh tea t-back cons ash ass
POOL	13243	0.548556113	1,2,4,7,11,13,16	app oh tea t-back cons ass err
POOL	13244	0.548540827	1,2,4,7,11,13,16	app oh tea t-back cons ash els
POOL	13245	0.548537178	1,2,4,7,11,13,16	app oh tea t-back cons us esse
POOL	13246	0.548518215	1,2,4,7,11,13,16	app oh tea t-back cons us aer
POOL	13247	0.548471281	1,2,4,7,11,13,16	app oh tea t-back cons us elks
POOL	13248	0.548463655	3,5,8,10,13,14,16	put eat back on a be lots
POOL	13249	0.548399211	1,2,4,5,7,11,12,16	app oh see too bad cars a cell
POOL	13250	0.548364912	1,2,4,7,11,13,16	app oh tea t-back cons us es
POOL	13251	0.548336636	1,2,4,7,11,13,16	app oh tea t-back cons us if
POOL	13252	0.548332430	2,4,6,11,13,15,16	too tea top axons ass air phu
POOL	13253	0.548325172	3,5,8,10,13,14,16	put eat back on a be glass
POOL	13254	0.548323093	3,5,8,10,12,13,16	put eat back on the shh air
POOL	13255	0.548318435	1,2,4,7,11,12,16	app oh tea t-back cons a sense
POOL	13256	0.548309573	2,4,6,11,13,15,16	too tea top axons us air sue
POOL	13257	0.548289482	3,5,8,10,12,15,16	put eat back on the shell fu
POOL	13258	0.548289231	2,4,6,11,13,15,16	too tea top axons ass air s
POOL	13259	0.548288801	1,2,4,7,11,13,16	app oh tea t-back cons ash ef
POOL	13260	0.548273435	2,4,6,11,13,14,16	too tea top axons ass a roof
POOL	13261	0.548267705	2,4,6,11,13,15,16	too tea top axons ass air fie
POOL	13262	0.548253350	2,4,6,11,13,14,16	too tea top axons ass a loose
POOL	13263	0.548183251	1,2,4,5,7,11,13,16	app oh tea too bad cons ash arf
POOL	13264	0.548124207	3,5,8,10,13,14,16	put eat back on a are laws
POOL	13265	0.548122592	3,5,8,10,13,15,16	put eat back on if year half
POOL	13266	0.548108211	1,2,4,7,11,12,16	app oh tea t-back cons a sel
POOL	13267	0.548099344	3,5,8,10,13,16	put eat back on as well-off
POOL	13268	0.548077351	1,2,4,7,11,13,16	app oh tea t-back cons us laugh
POOL	13269	0.548046269	1,2,4,5,7,11,12,16	app oh see too bad cars a shell
POOL	13270	0.548038531	2,4,6,11,13,14,16	too tea top axons ass a rough
POOL	13271	0.548024062	3,5,8,10,13,14,16	put eat back on a be re-
POOL	13272	0.548014795	1,2,4,7,11,13,16	app oh tea t-back cons ass sell
POOL	13273	0.547999948	2,4,6,11,13,14,16	too tea top axons us air leaf
POOL	13274	0.547990679	3,5,8,10,13,14,16	put eat back on a be los
POOL	13275	0.547984899	1,2,4,7,11,12,16	app oh tea t-back cons a cel
POOL	13276	0.547920386	1,2,4,7,11,13,16	app oh tea t-back cons us death
POOL	13277	0.547909128	1,2,4,7,11,13,16	app oh tea t-back cons ash heir
POOL	13278	0.547907182	1,2,4,7,11,13,16	app oh tea t-back cons ass ere
POOL	13279	0.547897450	1,2,4,7,11,13,16	app oh tea t-back cons ass als
POOL	13280	0.547883862	1,2,4,7,11,13,16	app oh tea t-back cons ass eyre
POOL	13281	0.547870816	3,5,8,10,13,14,16	put eat back on a are lost
POOL	13282	0.547860875	2,4,6,11,13,15,16	too tea top axons ass air fu
POOL	13283	0.547853480	3,5,8,10,13,14,16	put eat back on a are youth
POOL	13284	0.547825357	3,5,8,10,12,13,16	put eat back on the shh l.'s
POOL	13285	0.547798726	1,2,4,7,11,13,16	app oh tea t-back cons us bell
POOL	13286	0.547752095	2,4,6,11,13,15,16	too tea top axons us air fs
POOL	13287	0.547735594	2,4,6,11,13,15,16	too tea top axons us air us
POOL	13288	0.547734364	3,5,8,10,13,14,16	put eat back on a are class
POOL	13289	0.547705896	3,5,8,10,13,14,16	put eat back on a are looks
POOL	13290	0.547686305	1,2,4,7,11,13,16	app oh tea t-back cons us airs
POOL	13291	0.547675912	1,2,4,7,11,13,16	app oh tea t-back cons us heirs
POOL	13292	0.547662465	3,5,8,10,13,14,16	put eat back on a are earth
POOL	13293	0.547596003	2,4,6,11,13,14,16	too tea top axons ass a las
POOL	13294	0.547574036	1,2,4,5,7,11,12,16	app oh see too bad cars a chef
POOL	13295	0.547554348	3,5,8,10,13,14,16	put eat back on a a are
POOL	13296	0.547545415	3,5,8,10,13,14,16	put eat back on a are saw
POOL	13297	0.547537951	1,2,4,7,11,13,16	app oh tea t-back cons ash aff
POOL	13298	0.547518278	3,5,8,10,13,16	put eat back on if well-off
POOL	13299	0.547480811	1,2,4,7,11,12,16	app oh tea t-back cons a help
POOL	13300	0.547470558	1,2,4,7,11,13,16	app oh tea t-back cons ass cell
POOL	13301	0.547467980	3,5,8,10,13,14,16	put eat back on a are air
POOL	13302	0.547462802	1,2,4,7,11,13,16	app oh tea t-back cons us ash
POOL	13303	0.547434806	1,2,4,7,11,13,16	app oh tea t-back cons ass ess
POOL	13304	0.547431524	1,2,4,7,11,13,16	app oh tea t-back cons ass help
POOL	13305	0.547404502	2,4,6,11,13,15,16	too tea top axons us air sci
POOL	13306	0.547360510	1,2,4,7,11,13,16	app oh tea t-back cons ass fell
POOL	13307	0.547324961	3,5,8,10,13,14,16	put eat back on a be s
POOL	13308	0.547320920	2,4,6,11,13,15,16	too tea top axons us air ef
POOL	13309	0.547295818	1,2,4,7,11,13,16	app oh tea t-back cons us f.'s
POOL	13310	0.547254217	1,2,4,5,7,11,13,16	app oh tea too bad cons ash cel
POOL	13311	0.547249559	3,5,8,10,12,13,16	put eat back on the shh el
POOL	13312	0.547230761	1,2,4,5,7,11,13,16	app oh tea too bad cons ash delle
POOL	13313	0.547219827	1,2,4,7,11,13,16	app oh tea t-back cons ass nth
POOL	13314	0.547199507	2,4,6,11,13,14,16	too tea top axons ass a lease
POOL	13315	0.547194364	3,5,8,10,13,14,16	put eat back on a are list
POOL	13316	0.547146430	1,2,4,7,11,13,16	app oh tea t-back cons us gulf
POOL	13317	0.547144544	3,5,8,10,13,15,16	put eat back on as year through
POOL	13318	0.547133559	3,5,8,10,12,15,16	put eat back on the shell sue
POOL	13319	0.547112740	1,2,4,5,7,11,13,16	app oh tea too bad cons ash delft
POOL	13320	0.547081925	3,5,8,10,12,13,16	put eat back on the shh al
POOL	13321	0.547062066	1,2,4,7,11,13,16	app oh tea t-back cons us elves
POOL	13322	0.547048129	1,2,4,5,7,11,13,16	app oh tea too bad cons ash bells
POOL	13323	0.547014315	2,4,6,11,13,15,16	too tea top axons us air thaw
POOL	13324	0.546977739	1,2,4,7,11,13,16	app oh tea t-back cons us shell
POOL	13325	0.546970244	3,5,8,10,13,14,16	put eat back on a are l.'s
POOL	13326	0.546969616	2,4,6,11,13,14,16	too tea top axons ass a les
POOL	13327	0.546967824	2,4,6,11,13,15,16	too tea top axons us air thi
POOL	13328	0.546937148	2,4,6,11,13,15,16	too tea top axons us air soo
POOL	13329	0.546932557	1,2,4,7,11,13,16	app oh tea t-back cons ass esse
POOL	13330	0.546913595	1,2,4,7,11,13,16	app oh tea t-back cons ass aer
POOL	13331	0.546913028	3,5,8,10,12,13,16	put eat back on the sh air
POOL	13332	0.546893382	1,2,4,7,11,13,16	app oh tea t-back cons us alps
POOL	13333	0.546882840	2,4,6,11,13,15,16	too tea top axons us air mm
POOL	13334	0.546866660	1,2,4,7,11,13,16	app oh tea t-back cons ass elks
POOL	13335	0.546841655	3,5,8,10,13,15,16	put eat back on as year up
POOL	13336	0.546840063	3,5,8,10,13,14,16	put eat back on a a or
POOL	13337	0.546828315	2,4,6,11,13,15,16	too tea top axons us air c
POOL	13338	0.546797701	1,2,4,7,11,12,16	app oh tea t-back cons a seth
POOL	13339	0.546794299	1,2,4,5,7,11,13,16	app oh tea too bad cons ash alpha
POOL	13340	0.546762170	1,2,4,7,11,13,16	app oh tea t-back cons ash ill
POOL	13341	0.546760292	1,2,4,7,11,13,16	app oh tea t-back cons ass es
POOL	13342	0.546759064	3,5,8,10,13,15,16	put eat back on as year it's
POOL	13343	0.546759064	3,5,8,10,13,15,16	put eat back on as year some
POOL	13344	0.546759064	3,5,8,10,13,15,16	put eat back on as year this
POOL	13345	0.546752271	1,2,4,7,11,13,16	app oh tea t-back cons us del
POOL	13346	0.546704952	2,4,6,11,13,15,16	too tea top axons ass air sue
POOL	13347	0.546700632	3,5,8,10,13,14,16	put eat back on a a us
POOL	13348	0.546689811	2,4,6,11,13,15,16	too tea top axons us air sur
POOL	13349	0.546653840	1,2,4,7,11,13,16	app oh tea t-back cons ash hell
POOL	13350	0.546650831	3,5,8,10,12,13,16	put eat back on the shh l
POOL	13351	0.546647567	3,5,8,10,12,13,16	put eat back on the shh elle
POOL	13352	0.546611254	3,5,8,10,13,15,16	put eat back on as year three
POOL	13353	0.546593241	1,2,4,7,11,13,16	app oh tea t-back cons ash elm
POOL	13354	0.546576081	3,5,8,10,12,15,16	put eat back on the shell fs
POOL	13355	0.546563477	3,5,8,10,13,15,16	put eat back on if year through
POOL	13356	0.546542794	3,5,8,10,12,13,16	put eat back on the shh eff
POOL	13357	0.546489828	1,2,4,7,11,13,16	app oh tea t-back cons ash err
POOL	13358	0.546472731	1,2,4,7,11,13,16	app oh tea t-back cons ass laugh
POOL	13359	0.546460571	2,4,6,11,13,15,16	too tea top axons us air auth
POOL	13360	0.546438043	1,2,4,7,11,13,16	app oh tea t-back cons us chef
POOL	13361	0.546415292	3,5,8,10,12,13,16	put eat back on the sh l.'s
POOL	13362	0.546409996	3,5,8,10,13,14,16	put eat back on a an less
POOL	13363	0.546409996	3,5,8,10,13,14,16	put eat back on a as less
POOL	13364	0.546409996	3,5,8,10,13,14,16	put eat back on a at less
POOL	13365	0.546400629	1,2,4,7,11,13,16	app oh tea t-back cons us alp
POOL	13366	0.546388734	1,2,4,7,11,13,16	app oh tea t-back cons us leaf
POOL	13367	0.546387810	1,2,4,7,11,13,16	app oh tea t-back cons us delve
POOL	13368	0.546315765	1,2,4,7,11,13,16	app oh tea t-back cons ass death
POOL	13369	0.546260588	3,5,8,10,13,15,16	put eat back on if year up
POOL	13370	0.546244482	2,4,6,11,13,14,16	too tea top axons us air elf
POOL	13371	0.546228488	3,5,8,10,12,15,16	put eat back on the shell sci
POOL	13372	0.546194106	1,2,4,7,11,13,16	app oh tea t-back cons ass bell
POOL	13373	0.546175407	1,2,4,7,11,12,16	app oh tea t-back cons a alf
POOL	13374	0.546174031	2,4,6,11,13,14,16	too tea top axons ass a ref
POOL	13375	0.546147475	2,4,6,11,13,15,16	too tea top axons ass air fs
POOL	13376	0.546144906	3,5,8,10,12,15,16	put eat back on the shell ef
POOL	13377	0.546114069	1,2,4,7,11,13,16	app oh tea t-back cons us ayres
POOL	13378	0.546081685	1,2,4,7,11,13,16	app oh tea t-back cons ass airs
POOL	13379	0.546078556	1,2,4,5,7,11,13,16	app oh tea too bad cons ash cal
POOL	13380	0.546071292	1,2,4,7,11,13,16	app oh tea t-back cons ass heirs
POOL	13381	0.546055307	3,5,8,10,12,13,16	put eat back on the shh f
POOL	13382	0.546044778	3,5,8,10,13,15,16	put eat back on as year so
POOL	13383	0.546030187	3,5,8,10,13,15,16	put eat back on if year three
POOL	13384	0.545994857	1,2,4,5,7,11,12,16	app oh see too bad cars a elf
POOL	13385	0.545977218	1,2,4,7,11,13,16	app oh tea t-back cons us milf
POOL	13386	0.545967176	3,5,8,10,12,15,16	put eat back on the shell shoe
POOL	13387	0.545961684	2,4,6,11,13,15,16	too tea top axons us air sioux
POOL	13388	0.545948510	1,2,4,7,11,13,16	app oh tea t-back cons ash sell
POOL	13389	0.545931623	2,6,11,16	pow tit cons cher
POOL	13390	0.545904155	3,5,8,10,13,15,16	put eat back on as year me
POOL	13391	0.545896662	3,5,8,10,13,14,16	put eat back on a are sea
POOL	13392	0.545883374	3,5,8,10,12,13,16	put eat back on the shh wealth
POOL	13393	0.545858182	1,2,4,7,11,13,16	app oh tea t-back cons ass ash
POOL	13394	0.545840897	1,2,4,7,11,13,16	app oh tea t-back cons ash ere
POOL	13395	0.545839494	3,5,8,10,12,13,16	put eat back on the sh el
POOL	13396	0.545838301	3,5,8,10,12,15,16	put eat back on the shell thaw
POOL	13397	0.545831165	1,2,4,7,11,13,16	app oh tea t-back cons ash als
POOL	13398	0.545828071	2,4,6,11,13,15,16	too tea top axons us air ths
POOL	13399	0.545820326	1,2,4,7,11,12,16	app oh tea t-back cons a shares
POOL	13400	0.545818183	2,4,6,11,13,14,16	too tea top axons ass a reef
POOL	13401	0.545817577	1,2,4,7,11,13,16	app oh tea t-back cons ash eyre
POOL	13402	0.545806079	1,2,4,7,11,13,16	app oh tea t-back cons us tells
POOL	13403	0.545799881	2,4,6,11,13,15,16	too tea top axons ass air sci
POOL	13404	0.545795718	3,5,8,10,13,14,16	put eat back on a are l
POOL	13405	0.545791810	3,5,8,10,12,15,16	put eat back on the shell thi
POOL	13406	0.545761134	3,5,8,10,12,15,16	put eat back on the shell soo
POOL	13407	0.545732377	2,4,6,11,13,14,16	too tea top axons ass a leith
POOL	13408	0.545716300	2,4,6,11,13,15,16	too tea top axons ass air ef
POOL	13409	0.545708913	3,5,8,10,12,15,16	put eat back on the shell ash
POOL	13410	0.545706826	3,5,8,10,12,15,16	put eat back on the shell mm
POOL	13411	0.545706704	1,2,4,7,11,13,16	app oh tea t-back cons us cells
POOL	13412	0.545691198	1,2,4,7,11,13,16	app oh tea t-back cons ass f.'s
POOL	13413	0.545671860	3,5,8,10,12,13,16	put eat back on the sh al
POOL	13414	0.545662495	1,2,4,7,11,12,16	app oh tea t-back cons a stealth
POOL	13415	0.545654929	1,2,4,7,11,12,16	app oh tea t-back cons a sal
POOL	13416	0.545652301	3,5,8,10,12,15,16	put eat back on the shell c
POOL	13417	0.545639584	1,2,4,7,11,13,16	app oh tea t-back cons us deaf
POOL	13418	0.545589709	3,5,8,10,13,14,16	put eat back on a are ass
POOL	13419	0.545580650	1,2,4,5,7,11,13,16	app oh tea too bad cons ash beth
POOL	13420	0.545541809	1,2,4,7,11,13,16	app oh tea t-back cons ass gulf
POOL	13421	0.545518550	3,5,8,10,12,13,16	put eat back on the shh ell
POOL	13422	0.545515386	1,2,4,7,11,13,16	app oh tea t-back cons us il
POOL	13423	0.545513797	3,5,8,10,12,15,16	put eat back on the shell sur
POOL	13424	0.545505765	1,2,4,7,11,13,16	app oh tea t-back cons us ref
POOL	13425	0.545457445	1,2,4,7,11,13,16	app oh tea t-back cons ass elves
POOL	13426	0.545423534	3,5,8,10,12,15,16	put eat back on the shell shaw
POOL	13427	0.545409694	2,4,6,11,13,15,16	too tea top axons ass air thaw
POOL	13428	0.545404273	1,2,4,7,11,13,16	app oh tea t-back cons ash cell
POOL	13429	0.545398808	1,2,4,7,11,13,16	app oh tea t-back cons us def
POOL	13430	0.545373118	1,2,4,7,11,13,16	app oh tea t-back cons ass shell
POOL	13431	0.545368521	1,2,4,7,11,13,16	app oh tea t-back cons ash ess
POOL	13432	0.545365239	1,2,4,7,11,13,16	app oh tea t-back cons ash help
POOL	13433	0.545363203	2,4,6,11,13,15,16	too tea top axons ass air thi
POOL	13434	0.545344747	1,2,4,7,11,13,16	app oh tea t-back cons us tel
POOL	13435	0.545332527	2,4,6,11,13,15,16	too tea top axons ass air soo
POOL	13436	0.545298957	1,2,4,5,7,11,13,16	app oh tea too bad cons ash calf
POOL	13437	0.545294225	1,2,4,7,11,13,16	app oh tea t-back cons ash fell
POOL	13438	0.545288762	1,2,4,7,11,13,16	app oh tea t-back cons ass alps
POOL	13439	0.545284557	3,5,8,10,12,15,16	put eat back on the shell auth
POOL	13440	0.545278219	2,4,6,11,13,15,16	too tea top axons ass air mm
POOL	13441	0.545273371	2,4,6,11,13,15,16	too tea top axons us air sa
POOL	13442	0.545258910	2,4,6,11,13,14,16	too tea top axons ass a raf
POOL	13443	0.545240766	3,5,8,10,12,13,16	put eat back on the sh l
POOL	13444	0.545237502	3,5,8,10,12,13,16	put eat back on the sh elle
POOL	13445	0.545223695	2,4,6,11,13,15,16	too tea top axons ass air c
POOL	13446	0.545200194	3,5,8,10,13,14,16	put eat back on a are f
POOL	13447	0.545200122	1,2,4,7,11,13,16	app oh tea t-back cons us yell
POOL	13448	0.545153542	1,2,4,7,11,13,16	app oh tea t-back cons ash nth
POOL	13449	0.545147650	1,2,4,7,11,13,16	app oh tea t-back cons ass del
POOL	13450	0.545132729	3,5,8,10,12,13,16	put eat back on the sh eff
POOL	13451	0.545119948	1,2,4,7,11,13,16	app oh tea t-back cons us valve
POOL	13452	0.545096329	3,5,8,10,12,13,16	put eat back on the shh ulf
POOL	13453	0.545085190	2,4,6,11,13,15,16	too tea top axons ass air sur
POOL	13454	0.545069403	1,2,4,7,11,13,16	app oh tea t-back cons us mel
POOL	13455	0.545053780	1,2,4,7,11,13,16	app oh tea t-back cons us belle
POOL	13456	0.544979722	2,4,6,11,13,15,16	too tea top axons us air sie
POOL	13457	0.544947499	3,5,8,10,13,14,16	put eat back on a are lots
POOL	13458	0.544919882	1,2,4,5,7,11,13,16	app oh tea too bad cons ash des
POOL	13459	0.544866272	1,2,4,7,11,13,16	app oh tea t-back cons ash esse
POOL	13460	0.544855950	2,4,6,11,13,15,16	too tea top axons ass air auth
POOL	13461	0.544847310	1,2,4,7,11,13,16	app oh tea t-back cons ash aer
POOL	13462	0.544833423	1,2,4,7,11,13,16	app oh tea t-back cons ass chef
POOL	13463	0.544809017	3,5,8,10,13,14,16	put eat back on a are glass
POOL	13464	0.544805125	1,2,4,5,7,11,16	app oh tea too bad cars assess
POOL	13465	0.544800375	1,2,4,7,11,13,16	app oh tea t-back cons ash elks
POOL	13466	0.544796009	1,2,4,7,11,13,16	app oh tea t-back cons ass alp
POOL	13467	0.544785670	3,5,8,10,12,15,16	put eat back on the shell sioux
POOL	13468	0.544785001	2,4,6,11,13,14,16	too tea top axons us air alf
POOL	13469	0.544784114	1,2,4,7,11,13,16	app oh tea t-back cons ass leaf
POOL	13470	0.544783190	1,2,4,7,11,13,16	app oh tea t-back cons ass delve
POOL	13471	0.544783025	2,4,6,11,13,15,16	too tea top axons us air oss
POOL	13472	0.544752316	2,4,6,11,13,15,16	too tea top axons us air suh
POOL	13473	0.544745600	2,4,6,11,13,15,16	too tea top axons us air cee
POOL	13474	0.544694007	1,2,4,7,11,13,16	app oh tea t-back cons ash es
POOL	13475	0.544693862	1,2,4,7,11,13,16	app oh tea t-back cons us dell
POOL	13476	0.544680778	2,4,6,11,13,15,16	too tea top axons us air si
POOL	13477	0.544663918	3,5,8,10,12,13,16	put eat back on the shh s
POOL	13478	0.544652057	3,5,8,10,12,15,16	put eat back on the shell ths
POOL	13479	0.544649590	1,2,4,7,11,12,16	app oh tea t-back cons a cher
POOL	13480	0.544645242	3,5,8,10,12,13,16	put eat back on the sh f
POOL	13481	0.544603554	3,5,8,10,12,15,16	put eat back on the shell shah
POOL	13482	0.544594314	2,4,6,11,13,14,16	too tea top axons ass a riff
POOL	13483	0.544544420	3,5,8,10,12,13,16	put eat back on the shh ralph
POOL	13484	0.544530146	2,4,6,11,13,14,16	too tea top axons ass a less
POOL	13485	0.544518912	1,2,4,5,7,11,13,16	app oh tea too bad cons ash aft
POOL	13486	0.544509448	1,2,4,7,11,13,16	app oh tea t-back cons ass ayres
POOL	13487	0.544507907	3,5,8,10,13,14,16	put eat back on a are re-
POOL	13488	0.544474524	3,5,8,10,13,14,16	put eat back on a are los
POOL	13489	0.544473309	3,5,8,10,12,13,16	put eat back on the sh wealth
POOL	13490	0.544465540	1,2,4,7,11,13,16	app oh tea t-back cons us ashe
POOL	13491	0.544452884	1,2,4,7,11,12,16	app oh tea t-back cons a tell
POOL	13492	0.544434081	2,4,6,11,13,15,16	too tea top axons us air sou
POOL	13493	0.544406446	1,2,4,7,11,13,16	app oh tea t-back cons ash laugh
POOL	13494	0.544400640	2,4,6,11,13,15,16	too tea top axons us air ess
POOL	13495	0.544394620	2,4,6,11,13,15,16	too tea top axons us air os
POOL	13496	0.544372598	1,2,4,7,11,13,16	app oh tea t-back cons ass milf
POOL	13497	0.544357063	2,4,6,11,13,15,16	too tea top axons ass air sioux
POOL	13498	0.544347876	3,5,8,10,12,15,16	put eat back on the shell ish
POOL	13499	0.544310972	1,2,4,5,7,11,13,16	app oh tea too bad cons ash belles
POOL	13500	0.544259424	3,5,8,10,13,14,16	put eat back on a be c
POOL	13501	0.544249480	1,2,4,7,11,13,16	app oh tea t-back cons ash death
POOL	13502	0.544223450	2,4,6,11,13,15,16	too tea top axons ass air ths
POOL	13503	0.544201458	1,2,4,7,11,13,16	app oh tea t-back cons ass tells
POOL	13504	0.544190942	1,2,4,5,7,11,13,16	app oh tea too bad cons ash dal
POOL	13505	0.544178785	1,2,4,7,11,13,16	app oh tea t-back cons us elk
POOL	13506	0.544166550	1,2,4,5,7,11,13,16	app oh tea too bad cons ash arse
POOL	13507	0.544140190	1,2,4,7,11,12,16	app oh tea t-back cons a saith
POOL	13508	0.544127821	1,2,4,7,11,13,16	app oh tea t-back cons ash bell
POOL	13509	0.544120801	2,4,6,11,13,14,16	too tea top axons ass a lis
POOL	13510	0.544108485	3,5,8,10,12,13,16	put eat back on the sh ell
POOL	13511	0.544102084	1,2,4,7,11,13,16	app oh tea t-back cons ass cells
POOL	13512	0.544097357	3,5,8,10,12,15,16	put eat back on the shell sa
POOL	13513	0.544096321	2,4,6,11,13,14,16	too tea top axons ass a lass
POOL	13514	0.544080936	1,2,4,5,7,11,13,16	app oh tea too bad cons ash alfie
POOL	13515	0.544080838	3,5,8,10,13,14,16	put eat back on a a least
POOL	13516	0.544043155	2,4,6,11,13,15,16	too tea top axons us air cie
POOL	13517	0.544034964	1,2,4,7,11,13,16	app oh tea t-back cons ass deaf
POOL	13518	0.544029743	1,2,4,7,11,13,16	app oh tea t-back cons us ans
POOL	13519	0.544015400	1,2,4,7,11,13,16	app oh tea t-back cons ash airs
POOL	13520	0.544015271	3,5,8,10,13,14,16	put eat back on a be r
POOL	13521	0.544005007	1,2,4,7,11,13,16	app oh tea t-back cons ash heirs
POOL	13522	0.543994230	1,2,4,7,11,13,16	app oh tea t-back cons us bel
POOL	13523	0.543948342	3,6,11,16	talk mitt cons self
POOL	13524	0.543926884	1,2,4,5,7,11,13,16	app oh tea too bad cons ash bal
POOL	13525	0.543913155	2,4,6,11,13,14,16	too tea top axons us air leif
POOL	13526	0.543910766	1,2,4,7,11,13,16	app oh tea t-back cons ass il
POOL	13527	0.543901144	1,2,4,7,11,13,16	app oh tea t-back cons ass ref
POOL	13528	0.543898392	2,4,6,11,13,15,16	too tea top axons us air esse
POOL	13529	0.543894808	1,2,4,5,7,11,12,16	app oh see too bad cars a shells
POOL	13530	0.543873449	1,2,4,7,11,13,16	app oh tea t-back cons us ev
POOL	13531	0.543868925	2,4,6,11,13,14,16	too tea top axons ass a luce
POOL	13532	0.543828855	3,5,8,10,13,15,16	put eat back on as year per
POOL	13533	0.543810665	1,2,4,5,7,11,16	app oh tea too bad cons affair
POOL	13534	0.543808806	3,5,8,10,13,14,16	put eat back on a are s
POOL	13535	0.543803708	3,5,8,10,12,15,16	put eat back on the shell sie
POOL	13536	0.543796534	1,2,4,5,7,11,13,16	app oh tea too bad cons ash alfa
POOL	13537	0.543794187	1,2,4,7,11,13,16	app oh tea t-back cons ass def
POOL	13538	0.543791897	1,2,4,7,11,13,16	app oh tea t-back cons ash ash
POOL	13539	0.543740126	1,2,4,7,11,13,16	app oh tea t-back cons ass tel
POOL	13540	0.543726126	2,4,6,11,13,15,16	too tea top axons us air es
POOL	13541	0.543693878	2,4,6,11,13,14,16	too tea top axons ass a ruff
POOL	13542	0.543692647	1,2,4,7,11,12,16	app oh tea t-back cons a shall
POOL	13543	0.543686264	3,5,8,10,12,13,16	put eat back on the sh ulf
POOL	13544	0.543676312	1,2,4,7,11,13,16	app oh tea t-back cons us wells
POOL	13545	0.543669706	2,4,6,11,13,15,16	too tea top axons us air su
POOL	13546	0.543668750	2,4,6,11,13,15,16	too tea top axons ass air sa
POOL	13547	0.543624913	1,2,4,7,11,13,16	app oh tea t-back cons ash f.'s
POOL	13548	0.543607011	3,5,8,10,12,15,16	put eat back on the shell oss
POOL	13549	0.543598699	3,5,8,10,12,15,16	put eat back on the shell shi
POOL	13550	0.543595502	1,2,4,7,11,13,16	app oh tea t-back cons ass yell
POOL	13551	0.543579988	3,5,8,10,13,15,16	put eat back on as year am
POOL	13552	0.543576302	3,5,8,10,12,15,16	put eat back on the shell suh
POOL	13553	0.543569586	3,5,8,10,12,15,16	put eat back on the shell cee
POOL	13554	0.543540804	2,4,6,11,13,14,16	too tea top axons us air ulf
POOL	13555	0.543515327	1,2,4,7,11,13,16	app oh tea t-back cons ass valve
POOL	13556	0.543510028	1,2,4,5,7,11,13,16	app oh tea too bad cons ash belts
POOL	13557	0.543504764	3,5,8,10,12,15,16	put eat back on the shell si
POOL	13558	0.543475524	1,2,4,7,11,13,16	app oh tea t-back cons ash gulf
POOL	13559	0.543466931	1,2,4,5,7,11,13,16	app oh tea too bad cons ash caf
POOL	13560	0.543464783	1,2,4,7,11,13,16	app oh tea t-back cons ass mel
POOL	13561	0.543450338	1,2,4,7,11,13,16	app oh tea t-back cons ass half
POOL	13562	0.543449159	1,2,4,7,11,13,16	app oh tea t-back cons ass belle
POOL	13563	0.543391160	1,2,4,7,11,13,16	app oh tea t-back cons ash elves
POOL	13564	0.543383000	1,2,4,5,7,11,16	app oh tea too bad cause assess
POOL	13565	0.543375102	2,4,6,11,13,15,16	too tea top axons ass air sie
POOL	13566	0.543322119	3,5,8,10,13,15,16	put eat back on as year less
POOL	13567	0.543312744	1,2,4,7,11,12,16	app oh tea t-back cons a fair
POOL	13568	0.543311367	1,2,4,7,11,13,16	app oh tea t-back cons us arf
POOL	13569	0.543309005	3,5,8,10,12,15,16	put eat back on the shell sha
POOL	13570	0.543306833	1,2,4,7,11,13,16	app oh tea t-back cons ash shell
POOL	13571	0.543296341	1,2,4,7,11,13,16	app oh tea t-back cons ash care
POOL	13572	0.543276212	3,5,8,10,13,14,16	put eat back on a an all
POOL	13573	0.543276212	3,5,8,10,13,14,16	put eat back on a as all
POOL	13574	0.543276212	3,5,8,10,13,14,16	put eat back on a at all
POOL	13575	0.543258067	3,5,8,10,12,15,16	put eat back on the shell sou
POOL	13576	0.543254086	1,2,4,7,11,13,16	app oh tea t-back cons us nell
POOL	13577	0.543253853	3,5,8,10,12,13,16	put eat back on the sh s
POOL	13578	0.543247788	3,5,8,10,13,15,16	put eat back on if year per
POOL	13579	0.543224626	3,5,8,10,12,15,16	put eat back on the shell ess
POOL	13580	0.543222477	1,2,4,7,11,13,16	app oh tea t-back cons ash alps
POOL	13581	0.543218606	3,5,8,10,12,15,16	put eat back on the shell os
POOL	13582	0.543186809	1,2,4,7,11,13,16	app oh tea t-back cons us eh
POOL	13583	0.543179639	1,2,4,7,11,13,16	app oh tea t-back cons ash their
POOL	13584	0.543179639	1,2,4,7,11,13,16	app oh tea t-back cons ash there
POOL	13585	0.543178405	2,4,6,11,13,15,16	too tea top axons ass air oss
POOL	13586	0.543161013	1,2,4,7,11,13,16	app oh tea t-back cons ash yes
POOL	13587	0.543154865	1,2,4,7,11,13,16	app oh tea t-back cons us pell
POOL	13588	0.543147695	2,4,6,11,13,15,16	too tea top axons ass air suh
POOL	13589	0.543140980	2,4,6,11,13,15,16	too tea top axons ass air cee
POOL	13590	0.543139635	1,2,4,7,11,13,16	app oh tea t-back cons us sells
POOL	13591	0.543134355	3,5,8,10,12,13,16	put eat back on the sh ralph
POOL	13592	0.543089241	1,2,4,7,11,13,16	app oh tea t-back cons ass dell
POOL	13593	0.543081366	1,2,4,7,11,13,16	app oh tea t-back cons ash del
POOL	13594	0.543076157	2,4,6,11,13,15,16	too tea top axons ass air si
POOL	13595	0.543051992	1,2,4,7,11,13,16	app oh tea t-back cons us nel
POOL	13596	0.543042082	1,2,4,7,11,13,16	app oh tea t-back cons us emf
POOL	13597	0.542970047	1,2,4,7,11,12,16	app oh tea t-back cons a says
POOL	13598	0.542951428	2,5,11,16	pooh tick ben's self
POOL	13599	0.542941995	2,4,6,11,13,14,16	too tea top axons ass a raff
POOL	13600	0.542927451	1,2,4,7,11,13,16	app oh tea t-back cons us env
POOL	13601	0.542908099	1,2,4,7,11,12,16	app oh tea t-back cons a felt
POOL	13602	0.542894125	2,4,6,11,13,14,16	too tea top axons ass a arf
POOL	13603	0.542887603	3,5,8,10,12,15,16	put eat back on the shell shu
POOL	13604	0.542867141	3,5,8,10,12,15,16	put eat back on the shell cie
POOL	13605	0.542861381	1,2,4,7,11,13,16	app oh tea t-back cons ash us
POOL	13606	0.542860920	1,2,4,7,11,13,16	app oh tea t-back cons ass ashe
POOL	13607	0.542854696	1,2,4,5,7,11,13,16	app oh tea too bad cons ash alb
POOL	13608	0.542829460	2,4,6,11,13,15,16	too tea top axons ass air sou
POOL	13609	0.542796020	2,4,6,11,13,15,16	too tea top axons ass air ess
POOL	13610	0.542789999	2,4,6,11,13,15,16	too tea top axons ass air os
POOL	13611	0.542767138	1,2,4,7,11,13,16	app oh tea t-back cons ash chef
POOL	13612	0.542737519	1,2,4,5,7,11,13,16	app oh tea too bad cons ash ahl
POOL	13613	0.542730648	3,7,11,16	taunt eat cons self
POOL	13614	0.542729724	1,2,4,7,11,13,16	app oh tea t-back cons ash alp
POOL	13615	0.542722378	3,5,8,10,12,15,16	put eat back on the shell esse
POOL	13616	0.542717829	1,2,4,7,11,13,16	app oh tea t-back cons ash leaf
POOL	13617	0.542716905	1,2,4,7,11,13,16	app oh tea t-back cons ash delve
POOL	13618	0.542711651	3,5,8,10,12,15,16	put eat back on the shell ashe
POOL	13619	0.542706085	3,5,8,10,12,13,16	put eat back on the shh e'er
POOL	13620	0.542670430	1,2,4,5,7,11,12,16	app oh see too bad cars a sel
POOL	13621	0.542633821	1,2,4,7,11,13,16	app oh tea t-back cons us shells
POOL	13622	0.542633689	1,2,4,7,11,13,16	app oh tea t-back cons us guelph
POOL	13623	0.542631327	1,2,4,7,11,12,16	app oh tea t-back cons a shelves
POOL	13624	0.542574165	1,2,4,7,11,13,16	app oh tea t-back cons ass elk
POOL	13625	0.542569768	1,2,4,7,11,13,16	app oh tea t-back cons us bells
POOL	13626	0.542562531	1,2,4,5,7,11,12,16	app oh see too bad cars a cel
POOL	13627	0.542561926	3,5,8,10,13,14,16	put eat back on a an if
POOL	13628	0.542561926	3,5,8,10,13,14,16	put eat back on a as if
POOL	13629	0.542561926	3,5,8,10,13,14,16	put eat back on a at if
POOL	13630	0.542554291	1,2,4,7,11,13,16	app oh tea t-back cons us eel
POOL	13631	0.542550112	3,5,8,10,12,15,16	put eat back on the shell es
POOL	13632	0.542527999	1,2,4,7,11,13,16	app oh tea t-back cons us sel
POOL	13633	0.542524089	1,2,4,7,11,13,16	app oh tea t-back cons ash where
POOL	13634	0.542493692	3,5,8,10,12,15,16	put eat back on the shell su
POOL	13635	0.542470392	1,2,4,5,7,11,16	app oh tea too bad cons affairs
POOL	13636	0.542466943	1,2,4,7,11,13,16	app oh tea t-back cons ash an
POOL	13637	0.542443163	1,2,4,7,11,13,16	app oh tea t-back cons ash ayres
POOL	13638	0.542438535	2,4,6,11,13,15,16	too tea top axons ass air cie
POOL	13639	0.542425123	1,2,4,7,11,13,16	app oh tea t-back cons ass ans
POOL	13640	0.542404687	1,2,4,7,11,13,16	app oh tea t-back cons us cel
POOL	13641	0.542400887	3,5,8,10,13,14,16	put eat back on a a let's
POOL	13642	0.542397514	1,2,4,7,11,12,16	app oh tea t-back cons a hair
POOL	13643	0.542389610	1,2,4,7,11,13,16	app oh tea t-back cons ass bel
POOL	13644	0.542387246	3,5,8,10,12,15,16	put eat back on the shell sher
POOL	13645	0.542377880	1,2,4,7,11,13,16	app oh tea t-back cons us delle
POOL	13646	0.542369646	1,2,4,7,11,13,16	app oh tea t-back cons us eth
POOL	13647	0.542345499	3,5,8,10,12,15,16	put eat back on the shell hsu
POOL	13648	0.542343013	3,5,8,10,12,13,16	put eat back on the shh els
POOL	13649	0.542306313	1,2,4,7,11,13,16	app oh tea t-back cons ash milf
POOL	13650	0.542301941	1,2,4,7,11,13,16	app oh tea t-back cons us leif
POOL	13651	0.542293771	2,4,6,11,13,15,16	too tea top axons ass air esse
POOL	13652	0.542289088	3,5,8,10,12,15,16	put eat back on the shell shih
POOL	13653	0.542281841	2,6,11,16	too tit cons shelf
POOL	13654	0.542268829	1,2,4,7,11,13,16	app oh tea t-back cons ass ev
POOL	13655	0.542268782	3,5,8,10,13,14,16	put eat back on a an off
POOL	13656	0.542268782	3,5,8,10,13,14,16	put eat back on a as off
POOL	13657	0.542268782	3,5,8,10,13,14,16	put eat back on a at off
POOL	13658	0.542242999	1,2,4,7,11,13,16	app oh tea t-back cons us delft
POOL	13659	0.542240627	1,2,4,7,11,13,16	app oh tea t-back cons us fel
POOL	13660	0.542213154	1,2,4,7,11,13,16	app oh tea t-back cons us neff
POOL	13661	0.542201676	1,2,4,7,11,13,16	app oh tea t-back cons us ills
POOL	13662	0.542170484	1,2,4,7,11,13,16	app oh tea t-back cons us kell
POOL	13663	0.542135173	1,2,4,7,11,13,16	app oh tea t-back cons ash tells
POOL	13664	0.542134534	1,2,4,7,11,13,16	app oh tea t-back cons us en
POOL	13665	0.542132661	1,2,4,7,11,12,16	app oh tea t-back cons a fel
POOL	13666	0.542123330	1,2,4,7,11,12,16	app oh tea t-back cons a celts
POOL	13667	0.542121506	2,4,6,11,13,15,16	too tea top axons ass air es
POOL	13668	0.542090987	3,5,8,10,12,13,16	put eat back on the shh ef
POOL	13669	0.542071691	1,2,4,7,11,13,16	app oh tea t-back cons ass wells
POOL	13670	0.542065085	2,4,6,11,13,15,16	too tea top axons ass air su
POOL	13671	0.542042154	3,5,8,10,12,15,16	put eat back on the shell shoo
POOL	13672	0.542041969	3,5,8,10,12,15,16	put eat back on the shell xi
POOL	13673	0.542035799	1,2,4,7,11,13,16	app oh tea t-back cons ash cells
POOL	13674	0.541968679	1,2,4,7,11,13,16	app oh tea t-back cons ash deaf
POOL	13675	0.541939683	1,2,4,7,11,13,16	app oh tea t-back cons us knell
POOL	13676	0.541904398	1,2,4,5,7,11,13,16	app oh tea too bad cons ash bess
POOL	13677	0.541858211	3,7,11,16	took eat cons saith
POOL	13678	0.541851209	3,5,8,10,12,15,16	put eat back on the shell xia
POOL	13679	0.541844481	1,2,4,7,11,13,16	app oh tea t-back cons ash il
POOL	13680	0.541841736	1,2,4,7,11,13,16	app oh tea t-back cons us filth
POOL	13681	0.541834859	1,2,4,7,11,13,16	app oh tea t-back cons ash ref
POOL	13682	0.541733770	1,2,4,7,11,12,16	app oh tea t-back cons a filth
POOL	13683	0.541727902	1,2,4,7,11,13,16	app oh tea t-back cons ash def
POOL	13684	0.541711314	3,5,8,10,12,13,16	put eat back on the shh heir
POOL	13685	0.541706747	1,2,4,7,11,13,16	app oh tea t-back cons ass arf
POOL	13686	0.541682822	1,2,4,5,7,11,16	app oh tea too bad cars e-health
POOL	13687	0.541673841	1,2,4,7,11,13,16	app oh tea t-back cons ash tel
POOL	13688	0.541649466	1,2,4,7,11,13,16	app oh tea t-back cons ass nell
POOL	13689	0.541643243	1,2,4,7,11,13,16	app oh tea t-back cons us n
POOL	13690	0.541641204	1,2,4,7,11,13,16	app oh tea t-back cons us cal
POOL	13691	0.541619855	1,2,4,5,7,11,13,16	app oh tea too bad cons ash dulce
POOL	13692	0.541582188	1,2,4,7,11,13,16	app oh tea t-back cons ass eh
POOL	13693	0.541567122	1,2,4,7,11,13,16	app oh tea t-back cons us pal
POOL	13694	0.541560102	3,5,8,10,12,15,16	put eat back on the shell tch
POOL	13695	0.541550245	1,2,4,7,11,13,16	app oh tea t-back cons ass pell
POOL	13696	0.541535014	1,2,4,7,11,13,16	app oh tea t-back cons ass sells
POOL	13697	0.541529217	1,2,4,7,11,13,16	app oh tea t-back cons ash yell
POOL	13698	0.541449042	1,2,4,7,11,13,16	app oh tea t-back cons ash valve
POOL	13699	0.541447372	1,2,4,7,11,13,16	app oh tea t-back cons ass nel
POOL	13700	0.541437462	1,2,4,7,11,13,16	app oh tea t-back cons ass emf
POOL	13701	0.541400334	3,5,8,10,12,15,16	put eat back on the shell ch
POOL	13702	0.541398498	1,2,4,7,11,13,16	app oh tea t-back cons ash mel
POOL	13703	0.541384186	1,2,4,5,7,11,13,16	app oh tea too bad cons ash celts
POOL	13704	0.541384053	1,2,4,7,11,13,16	app oh tea t-back cons ash half
POOL	13705	0.541382874	1,2,4,7,11,13,16	app oh tea t-back cons ash belle
POOL	13706	0.541340137	3,5,8,10,12,13,16	put eat back on the shh aff
POOL	13707	0.541322831	1,2,4,7,11,13,16	app oh tea t-back cons ass env
POOL	13708	0.541311982	1,2,4,8,11,14,16	app oh tea t-back ons ash laugh
POOL	13709	0.541296020	3,5,8,10,12,13,16	put eat back on the sh e'er
POOL	13710	0.541247397	1,2,4,7,11,13,16	app oh tea t-back cons us yells
POOL	13711	0.541217489	1,2,4,7,11,13,16	app oh tea t-back cons us seth
POOL	13712	0.541205438	1,2,4,5,7,11,13,16	app oh tea too bad cons ash aix
POOL	13713	0.541201985	1,2,4,9,11,12,16	app oh see t-back news eh self
POOL	13714	0.541180366	3,5,8,10,13,14,16	put eat back on a a plus
POOL	13715	0.541147945	1,2,4,7,11,13,16	app oh tea t-back cons ass shall
POOL	13716	0.541145782	1,2,4,7,11,13,16	app oh tea t-back cons ass n.'s
POOL	13717	0.541145493	1,2,4,7,11,13,16	app oh tea t-back cons ash guess
POOL	13718	0.541090986	1,2,4,7,11,13,16	app oh tea t-back cons us beth
POOL	13719	0.541040248	1,2,4,7,11,13,16	app oh tea t-back cons us gal
POOL	13720	0.541029201	1,2,4,7,11,13,16	app oh tea t-back cons ass shells
POOL	13721	0.541029069	1,2,4,7,11,13,16	app oh tea t-back cons ass guelph
POOL	13722	0.541022956	1,2,4,7,11,13,16	app oh tea t-back cons ash dell
POOL	13723	0.541003682	1,2,4,7,11,13,16	app oh tea t-back cons ash share
POOL	13724	0.540969388	1,2,4,7,11,12,16	app oh tea t-back cons a helps
POOL	13725	0.540965147	1,2,4,7,11,13,16	app oh tea t-back cons ass bells
POOL	13726	0.540949670	1,2,4,7,11,13,16	app oh tea t-back cons ass eel
POOL	13727	0.540935234	1,2,4,5,7,11,13,16	app oh tea too bad cons ash aloof
POOL	13728	0.540932948	3,5,8,10,12,13,16	put eat back on the sh els
POOL	13729	0.540923378	1,2,4,7,11,13,16	app oh tea t-back cons ass sel
POOL	13730	0.540895593	1,2,4,5,7,11,13,16	app oh tea too bad cons ash alice
POOL	13731	0.540895168	1,2,4,7,11,13,16	app oh tea t-back cons ass golf
POOL	13732	0.540800066	1,2,4,7,11,13,16	app oh tea t-back cons ass cel
POOL	13733	0.540794635	1,2,4,7,11,13,16	app oh tea t-back cons ash ashe
POOL	13734	0.540773260	1,2,4,7,11,13,16	app oh tea t-back cons ass delle
POOL	13735	0.540765026	1,2,4,7,11,13,16	app oh tea t-back cons ass eth
POOL	13736	0.540750234	1,2,4,7,11,13,16	app oh tea t-back cons us calf
POOL	13737	0.540743269	3,5,8,10,13,14,16	put eat back on a are c
POOL	13738	0.540724174	1,2,4,7,11,13,16	app oh tea t-back cons us val
POOL	13739	0.540704112	3,5,8,10,12,15,16	put eat back on the shell if
POOL	13740	0.540697320	1,2,4,7,11,13,16	app oh tea t-back cons ass leif
POOL	13741	0.540680922	3,5,8,10,12,13,16	put eat back on the sh ef
POOL	13742	0.540673482	1,2,4,7,11,13,16	app oh tea t-back cons us alpha
POOL	13743	0.540638379	1,2,4,7,11,13,16	app oh tea t-back cons ass delft
POOL	13744	0.540636007	1,2,4,7,11,13,16	app oh tea t-back cons ass fel
POOL	13745	0.540626851	1,2,4,7,11,13,16	app oh tea t-back cons us hal
POOL	13746	0.540611422	1,2,4,7,11,12,16	app oh tea t-back cons a shelved
POOL	13747	0.540608533	1,2,4,7,11,13,16	app oh tea t-back cons ass neff
POOL	13748	0.540597055	1,2,4,7,11,13,16	app oh tea t-back cons ass ills
POOL	13749	0.540565864	1,2,4,7,11,13,16	app oh tea t-back cons ass kell
POOL	13750	0.540529913	1,2,4,7,11,13,16	app oh tea t-back cons ass en
POOL	13751	0.540529734	1,2,4,7,11,13,16	app oh tea t-back cons us raf
POOL	13752	0.540523193	1,2,4,7,11,13,16	app oh tea t-back cons ash loss
POOL	13753	0.540507880	1,2,4,7,11,13,16	app oh tea t-back cons ash elk
POOL	13754	0.540499116	3,5,8,10,13,14,16	put eat back on a are r
POOL	13755	0.540448472	1,2,4,7,11,12,16	app oh tea t-back cons a smell
POOL	13756	0.540410968	3,5,8,10,12,15,16	put eat back on the shell off
POOL	13757	0.540395427	3,5,8,10,12,13,16	put eat back on the shh elm
POOL	13758	0.540358838	1,2,4,7,11,13,16	app oh tea t-back cons ash ans
POOL	13759	0.540343557	1,2,4,7,11,13,16	app oh tea t-back cons us meth
POOL	13760	0.540335062	1,2,4,7,11,13,16	app oh tea t-back cons ass knell
POOL	13761	0.540323325	1,2,4,7,11,13,16	app oh tea t-back cons ash bel
POOL	13762	0.540301249	3,5,8,10,12,13,16	put eat back on the sh heir
POOL	13763	0.540292014	3,5,8,10,12,13,16	put eat back on the shh err
POOL	13764	0.540283089	3,7,13,16	could eat khans else
POOL	13765	0.540281943	1,2,4,7,11,13,16	app oh tea t-back cons ash hair
POOL	13766	0.540279943	1,2,4,7,11,13,16	app oh tea t-back cons us mal
POOL	13767	0.540279844	1,2,4,7,11,13,16	app oh tea t-back cons us hells
POOL	13768	0.540254343	1,2,4,7,11,12,16	app oh tea t-back cons a air
POOL	13769	0.540237115	1,2,4,7,11,13,16	app oh tea t-back cons ass filth
POOL	13770	0.540202544	1,2,4,7,11,13,16	app oh tea t-back cons ash ev
POOL	13771	0.540181375	1,2,4,7,11,12,16	app oh tea t-back cons a selves
POOL	13772	0.540162740	1,2,4,7,11,13,16	app oh tea t-back cons us welles
POOL	13773	0.540112925	2,4,6,11,13,15,16	too tea top axons us air ys
POOL	13774	0.540082283	1,2,4,7,11,13,16	app oh tea t-back cons us stealth
POOL	13775	0.540074717	1,2,4,7,11,13,16	app oh tea t-back cons us sal
POOL	13776	0.540063423	1,2,4,7,11,13,16	app oh tea t-back cons ash less
POOL	13777	0.540038622	1,2,4,7,11,13,16	app oh tea t-back cons ass n
POOL	13778	0.540036583	1,2,4,7,11,13,16	app oh tea t-back cons ass cal
POOL	13779	0.540005406	1,2,4,7,11,13,16	app oh tea t-back cons ash wells
POOL	13780	0.539990602	4,6,7,10,13,16	pottery tube al. cause this else
POOL	13781	0.539989190	1,2,4,7,11,12,16	app oh tea t-back cons a spell
POOL	13782	0.539962501	1,2,4,7,11,13,16	app oh tea t-back cons ass pal
POOL	13783	0.539930072	3,5,8,10,12,13,16	put eat back on the sh aff
POOL	13784	0.539858754	1,2,4,7,11,13,16	app oh tea t-back cons us aft
POOL	13785	0.539756606	1,2,4,7,11,12,16	app oh tea t-back cons a l.'s
POOL	13786	0.539749805	1,2,4,7,11,13,16	app oh tea t-back cons ash fair
POOL	13787	0.539700244	1,2,4,7,11,12,16	app oh tea t-back cons a sas
POOL	13788	0.539660666	1,2,4,7,11,12,16	app oh tea t-back cons a schiff
POOL	13789	0.539643083	3,5,8,10,12,13,16	put eat back on the shh ere
POOL	13790	0.539642777	1,2,4,7,11,13,16	app oh tea t-back cons ass yells
POOL	13791	0.539640462	1,2,4,7,11,13,16	app oh tea t-back cons ash arf
POOL	13792	0.539633351	3,5,8,10,12,13,16	put eat back on the shh als
POOL	13793	0.539623365	1,2,4,8,11,14,16	app oh tea t-back ons ash leaf
POOL	13794	0.539621829	1,2,4,7,11,13,16	app oh tea t-back cons us eels
POOL	13795	0.539619763	3,5,8,10,12,13,16	put eat back on the shh eyre
POOL	13796	0.539612868	1,2,4,7,11,13,16	app oh tea t-back cons ass seth
POOL	13797	0.539584062	1,2,4,5,7,11,16	app oh tea too bad cars affair
POOL	13798	0.539583411	1,2,4,7,11,13,16	app oh tea t-back cons ash they're
POOL	13799	0.539583181	1,2,4,7,11,13,16	app oh tea t-back cons ash nell
POOL	13800	0.539572527	4,8,11,16	poi dat ons self
POOL	13801	0.539572466	1,2,4,7,11,13,16	app oh tea t-back cons us elms
POOL	13802	0.539515903	1,2,4,7,11,13,16	app oh tea t-back cons ash eh
POOL	13803	0.539501041	1,2,4,7,11,13,16	app oh tea t-back cons us well-off
POOL	13804	0.539486365	1,2,4,7,11,13,16	app oh tea t-back cons ass beth
POOL	13805	0.539485950	3,6,11,16	took heat tongs self
POOL	13806	0.539483960	1,2,4,7,11,13,16	app oh tea t-back cons ash pell
POOL	13807	0.539483931	1,2,4,7,11,13,16	app oh tea t-back cons us dal
POOL	13808	0.539468729	1,2,4,7,11,13,16	app oh tea t-back cons ash sells
POOL	13809	0.539441589	1,2,4,7,11,13,16	app oh tea t-back cons us belles
POOL	13810	0.539435628	1,2,4,7,11,13,16	app oh tea t-back cons ass gal
POOL	13811	0.539388056	1,2,4,7,11,13,16	app oh tea t-back cons ash wear
POOL	13812	0.539381087	1,2,4,7,11,13,16	app oh tea t-back cons ash nel
POOL	13813	0.539374007	1,2,4,7,11,13,16	app oh tea t-back cons us halle
POOL	13814	0.539371177	1,2,4,7,11,13,16	app oh tea t-back cons ash emf
POOL	13815	0.539280408	1,2,4,8,11,14,16	app oh tea t-back ons ash else
POOL	13816	0.539276882	1,2,4,7,11,12,16	app oh tea t-back cons a shalt
POOL	13817	0.539256546	1,2,4,7,11,13,16	app oh tea t-back cons ash env
POOL	13818	0.539206938	1,2,4,7,11,13,16	app oh tea t-back cons us fells
POOL	13819	0.539187993	1,2,4,7,11,12,16	app oh tea t-back cons a staff
POOL	13820	0.539182150	1,2,4,7,11,13,16	app oh tea t-back cons us bal
POOL	13821	0.539180809	1,2,4,7,11,12,16	app oh tea t-back cons a el
POOL	13822	0.539170707	3,5,8,10,12,13,16	put eat back on the shh ess
POOL	13823	0.539170159	1,2,4,7,11,12,16	app oh tea t-back cons a chefs
POOL	13824	0.539145614	1,2,4,7,11,13,16	app oh tea t-back cons ass calf
POOL	13825	0.539129365	1,2,4,7,11,12,16	app oh tea t-back cons a fare
POOL	13826	0.539120037	2,6,10,16	too tit conned self
POOL	13827	0.539119554	1,2,4,7,11,13,16	app oh tea t-back cons ass val
POOL	13828	0.539098972	1,2,4,7,11,12,16	app oh tea t-back cons a fells
POOL	13829	0.539081660	1,2,4,7,11,13,16	app oh tea t-back cons ash shall
POOL	13830	0.539079497	1,2,4,7,11,13,16	app oh tea t-back cons ash n.'s
POOL	13831	0.539071517	1,2,4,7,11,12,16	app oh tea t-back cons a hal
POOL	13832	0.539068861	1,2,4,7,11,13,16	app oh tea t-back cons ass alpha
POOL	13833	0.539046494	1,2,4,7,11,13,16	app oh tea t-back cons us lal
POOL	13834	0.539022230	1,2,4,7,11,13,16	app oh tea t-back cons ass hal
POOL	13835	0.539015378	1,2,4,5,7,11,16	app oh tea too bad cons ansel
POOL	13836	0.539013174	1,2,4,7,11,12,16	app oh tea t-back cons a al
POOL	13837	0.538994458	1,2,4,7,11,13,16	app oh tea t-back cons us kal
POOL	13838	0.538985362	3,5,8,10,12,13,16	put eat back on the sh elm
POOL	13839	0.538962916	1,2,4,7,11,13,16	app oh tea t-back cons ash shells
POOL	13840	0.538962784	1,2,4,7,11,13,16	app oh tea t-back cons ash guelph
POOL	13841	0.538955728	3,5,8,10,12,13,16	put eat back on the shh nth
POOL	13842	0.538936911	3,5,8,10,12,15,16	put eat back on the shell ys
POOL	13843	0.538932509	1,2,4,7,11,13,16	app oh tea t-back cons us half
POOL	13844	0.538925113	1,2,4,7,11,13,16	app oh tea t-back cons ass raf
POOL	13845	0.538898862	1,2,4,7,11,13,16	app oh tea t-back cons ash bells
POOL	13846	0.538883385	1,2,4,7,11,13,16	app oh tea t-back cons ash eel
POOL	13847	0.538881949	3,5,8,10,12,13,16	put eat back on the sh err
POOL	13848	0.538857093	1,2,4,7,11,13,16	app oh tea t-back cons ash sel
POOL	13849	0.538853816	1,2,4,7,11,13,16	app oh tea t-back cons ash helps
POOL	13850	0.538828883	1,2,4,7,11,13,16	app oh tea t-back cons ash golf
POOL	13851	0.538814111	1,2,4,7,11,13,16	app oh tea t-back cons us leith
POOL	13852	0.538812246	1,2,4,7,11,12,16	app oh tea t-back cons a seal
POOL	13853	0.538775368	1,2,4,7,11,12,16	app oh tea t-back cons a shill
POOL	13854	0.538738937	1,2,4,7,11,13,16	app oh tea t-back cons ass meth
POOL	13855	0.538733781	1,2,4,7,11,13,16	app oh tea t-back cons ash cel
POOL	13856	0.538724510	1,2,4,7,11,12,16	app oh tea t-back cons a hells
POOL	13857	0.538715447	2,6,10,16	ohh tit cause self
POOL	13858	0.538706975	1,2,4,7,11,13,16	app oh tea t-back cons ash delle
POOL	13859	0.538698741	1,2,4,7,11,13,16	app oh tea t-back cons ash eth
POOL	13860	0.538675323	1,2,4,7,11,13,16	app oh tea t-back cons ass mal
POOL	13861	0.538675224	1,2,4,7,11,13,16	app oh tea t-back cons ass hells
POOL	13862	0.538668458	3,5,8,10,12,13,16	put eat back on the shh esse
POOL	13863	0.538656489	1,2,4,7,11,13,16	app oh tea t-back cons us caf
POOL	13864	0.538650192	1,2,4,7,11,13,16	app oh tea t-back cons ash rare
POOL	13865	0.538649496	3,5,8,10,12,13,16	put eat back on the shh aer
POOL	13866	0.538631035	1,2,4,7,11,13,16	app oh tea t-back cons ash leif
POOL	13867	0.538602561	3,5,8,10,12,13,16	put eat back on the shh elks
POOL	13868	0.538582081	1,2,4,7,11,12,16	app oh tea t-back cons a l
POOL	13869	0.538578817	1,2,4,7,11,12,16	app oh tea t-back cons a elle
POOL	13870	0.538572094	1,2,4,7,11,13,16	app oh tea t-back cons ash delft
POOL	13871	0.538569722	1,2,4,7,11,13,16	app oh tea t-back cons ash fel
POOL	13872	0.538559977	1,2,4,7,11,13,16	app oh tea t-back cons us saith
POOL	13873	0.538558119	1,2,4,7,11,13,16	app oh tea t-back cons ass welles
POOL	13874	0.538542248	1,2,4,7,11,13,16	app oh tea t-back cons ash neff
POOL	13875	0.538530770	1,2,4,7,11,13,16	app oh tea t-back cons ash ills
POOL	13876	0.538508305	2,4,6,11,13,15,16	too tea top axons ass air ys
POOL	13877	0.538499579	1,2,4,7,11,13,16	app oh tea t-back cons ash kell
POOL	13878	0.538496193	3,5,8,10,12,13,16	put eat back on the shh es
POOL	13879	0.538477662	1,2,4,7,11,13,16	app oh tea t-back cons ass stealth
POOL	13880	0.538474044	1,2,4,7,11,12,16	app oh tea t-back cons a eff
POOL	13881	0.538470096	1,2,4,7,11,13,16	app oh tea t-back cons ass sal
POOL	13882	0.538463628	1,2,4,7,11,13,16	app oh tea t-back cons ash en
POOL	13883	0.538439564	1,2,4,8,11,14,16	app oh tea t-back ons ash love
POOL	13884	0.538437673	1,2,4,7,11,12,16	app oh tea t-back cons a sass
POOL	13885	0.538299993	1,2,4,7,11,12,16	app oh tea t-back cons a phelps
POOL	13886	0.538268777	1,2,4,7,11,13,16	app oh tea t-back cons ash knell
POOL	13887	0.538254133	1,2,4,7,11,13,16	app oh tea t-back cons ass aft
POOL	13888	0.538243789	1,2,4,5,7,11,16	app oh tea too bad cars affairs
POOL	13889	0.538233018	3,5,8,10,12,13,16	put eat back on the sh ere
POOL	13890	0.538223286	3,5,8,10,12,13,16	put eat back on the sh als
POOL	13891	0.538212818	1,2,4,7,11,13,16	app oh tea t-back cons us raff
POOL	13892	0.538209698	3,5,8,10,12,13,16	put eat back on the sh eyre
POOL	13893	0.538170830	1,2,4,7,11,13,16	app oh tea t-back cons ash filth
POOL	13894	0.538134277	1,2,4,7,11,12,16	app oh tea t-back cons a solve
POOL	13895	0.538133102	1,2,4,7,11,12,16	app oh tea t-back cons a fence
POOL	13896	0.538130882	1,2,4,7,11,13,16	app oh tea t-back cons ass ish
POOL	13897	0.538103213	1,2,4,7,11,13,16	app oh tea t-back cons ash mess
POOL	13898	0.538089387	1,2,4,7,11,13,16	app oh tea t-back cons us gaff
POOL	13899	0.538051901	1,2,4,7,11,12,16	app oh tea t-back cons a sill
POOL	13900	0.538045977	1,2,4,7,11,13,16	app oh tea t-back cons us gaffe
POOL	13901	0.538025297	1,2,4,7,11,12,16	app oh tea t-back cons a sil
POOL	13902	0.538017208	1,2,4,7,11,13,16	app oh tea t-back cons ass eels
POOL	13903	0.537986557	1,2,4,7,11,12,16	app oh tea t-back cons a f
POOL	13904	0.537972337	1,2,4,7,11,13,16	app oh tea t-back cons ash n
POOL	13905	0.537970298	1,2,4,7,11,13,16	app oh tea t-back cons ash cal
POOL	13906	0.537967845	1,2,4,7,11,13,16	app oh tea t-back cons ass elms
POOL	13907	0.537963270	1,2,4,7,11,13,16	app oh tea t-back cons ass arse
POOL	13908	0.537956792	1,2,4,7,11,13,16	app oh tea t-back cons us alb
POOL	13909	0.537905031	1,2,4,7,11,12,16	app oh tea t-back cons a scarce
POOL	13910	0.537896421	1,2,4,7,11,13,16	app oh tea t-back cons ass well-off
POOL	13911	0.537896216	1,2,4,7,11,13,16	app oh tea t-back cons ash pal
POOL	13912	0.537879310	1,2,4,7,11,13,16	app oh tea t-back cons ass dal
POOL	13913	0.537867899	1,2,4,8,11,14,16	app oh tea t-back ons ash elf
POOL	13914	0.537836968	1,2,4,7,11,13,16	app oh tea t-back cons ass belles
POOL	13915	0.537824665	1,2,4,7,11,12,16	app oh tea t-back cons a sash
POOL	13916	0.537818673	1,2,4,7,11,12,16	app oh tea t-back cons a halle
POOL	13917	0.537817586	3,5,8,10,12,13,16	put eat back on the shh airs
POOL	13918	0.537814624	1,2,4,7,11,12,16	app oh tea t-back cons a wealth
POOL	13919	0.537807193	3,5,8,10,12,13,16	put eat back on the shh heirs
POOL	13920	0.537804198	1,2,4,7,11,13,16	app oh tea t-back cons us ellis
POOL	13921	0.537769386	1,2,4,7,11,13,16	app oh tea t-back cons ass halle
POOL	13922	0.537760642	3,5,8,10,12,13,16	put eat back on the sh ess
POOL	13923	0.537665173	1,2,4,7,11,12,16	app oh tea t-back cons a swell
POOL	13924	0.537664179	1,2,4,7,11,13,16	app oh tea t-back cons ash loose
POOL	13925	0.537662328	1,2,4,7,11,12,16	app oh tea t-back cons a shelled
POOL	13926	0.537602318	1,2,4,7,11,13,16	app oh tea t-back cons ass fells
POOL	13927	0.537577530	1,2,4,7,11,13,16	app oh tea t-back cons ass bal
POOL	13928	0.537576492	1,2,4,7,11,13,16	app oh tea t-back cons ash yells
POOL	13929	0.537572496	1,2,4,7,11,13,16	app oh tea t-back cons us alfie
POOL	13930	0.537565839	1,2,4,5,7,11,16	app oh tea too bad cars offense
POOL	13931	0.537546583	1,2,4,7,11,13,16	app oh tea t-back cons ash seth
POOL	13932	0.537545663	3,5,8,10,12,13,16	put eat back on the sh nth
POOL	13933	0.537469656	1,2,4,7,11,12,16	app oh tea t-back cons a fill
POOL	13934	0.537449800	1,2,4,7,11,12,16	app oh tea t-back cons a ell
POOL	13935	0.537441874	1,2,4,7,11,13,16	app oh tea t-back cons ass lal
POOL	13936	0.537428730	1,2,4,8,11,14,16	app oh tea t-back ons ash loss
POOL	13937	0.537420080	1,2,4,7,11,13,16	app oh tea t-back cons ash beth
POOL	13938	0.537389838	1,2,4,7,11,13,16	app oh tea t-back cons ass kal
POOL	13939	0.537377176	1,2,4,7,11,12,16	app oh tea t-back cons a half
POOL	13940	0.537369343	1,2,4,7,11,13,16	app oh tea t-back cons ash gal
POOL	13941	0.537323791	1,2,4,7,11,12,16	app oh tea t-back cons a tells
POOL	13942	0.537304959	1,2,4,7,11,12,16	app oh tea t-back cons a theft
POOL	13943	0.537289615	1,2,4,7,11,12,16	app oh tea t-back cons a hence
POOL	13944	0.537258393	3,5,8,10,12,13,16	put eat back on the sh esse
POOL	13945	0.537247465	1,2,4,7,11,13,16	app oh tea t-back cons us alfa
POOL	13946	0.537247094	1,2,4,5,7,11,16	app oh tea too bad cars selfie
POOL	13947	0.537239431	3,5,8,10,12,13,16	put eat back on the sh aer
POOL	13948	0.537209491	1,2,4,7,11,13,16	app oh tea t-back cons ass leith
POOL	13949	0.537192496	3,5,8,10,12,13,16	put eat back on the sh elks
POOL	13950	0.537177794	1,2,4,5,7,9,11,16	app oh tea too bad car news shelf
POOL	13951	0.537108545	1,2,4,7,11,12,16	app oh tea t-back cons a steph
POOL	13952	0.537086128	3,5,8,10,12,13,16	put eat back on the sh es
POOL	13953	0.537079329	1,2,4,7,11,13,16	app oh tea t-back cons ash calf
POOL	13954	0.537053269	1,2,4,7,11,13,16	app oh tea t-back cons ash val
POOL	13955	0.537051869	1,2,4,7,11,13,16	app oh tea t-back cons ass caf
POOL	13956	0.537036856	3,5,8,10,13,14,16	put eat back on a be less
POOL	13957	0.537027578	1,2,4,7,11,12,16	app oh tea t-back cons a ulf
POOL	13958	0.537026212	3,5,8,10,13,14,16	put eat back on a an are
POOL	13959	0.537026212	3,5,8,10,13,14,16	put eat back on a as are
POOL	13960	0.537026212	3,5,8,10,13,14,16	put eat back on a at are
POOL	13961	0.537006832	1,2,4,7,11,13,16	app oh tea t-back cons ash las
POOL	13962	0.537004686	1,2,4,7,11,12,16	app oh tea t-back cons a helm
POOL	13963	0.537002577	1,2,4,7,11,13,16	app oh tea t-back cons ash alpha
POOL	13964	0.536968960	1,2,4,8,11,14,16	app oh tea t-back ons ash less
POOL	13965	0.536955945	1,2,4,7,11,13,16	app oh tea t-back cons ash hal
POOL	13966	0.536955357	1,2,4,7,11,13,16	app oh tea t-back cons ass saith
POOL	13967	0.536921974	1,2,4,7,11,13,16	app oh tea t-back cons ass welp
POOL	13968	0.536913008	1,2,4,7,11,13,16	app oh tea t-back cons ash des
POOL	13969	0.536903668	1,2,4,7,11,12,16	app oh tea t-back cons a faire
POOL	13970	0.536862459	1,2,4,7,11,12,16	app oh tea t-back cons a tel
POOL	13971	0.536858828	1,2,4,7,11,13,16	app oh tea t-back cons ash raf
POOL	13972	0.536852165	1,2,4,7,11,12,16	app oh tea t-back cons a hare
POOL	13973	0.536803069	1,2,4,7,11,16	app oh tea t-back cons assess
POOL	13974	0.536786641	1,2,4,7,11,13,16	app oh tea t-back cons ass yelp
POOL	13975	0.536783278	1,2,4,7,11,13,16	app oh tea t-back cons us shelf
POOL	13976	0.536778365	1,2,4,7,11,13,16	app oh tea t-back cons ash pulse
POOL	13977	0.536672652	1,2,4,7,11,13,16	app oh tea t-back cons ash meth
POOL	13978	0.536630117	1,2,4,7,11,13,16	app oh tea t-back cons us shall
POOL	13979	0.536610336	1,2,4,7,11,13,16	app oh tea t-back cons ash lease
POOL	13980	0.536609038	1,2,4,7,11,13,16	app oh tea t-back cons ash mal
POOL	13981	0.536608939	1,2,4,7,11,13,16	app oh tea t-back cons ash hells
POOL	13982	0.536608198	1,2,4,7,11,13,16	app oh tea t-back cons ass raff
POOL	13983	0.536595168	1,2,4,7,11,12,16	app oh tea t-back cons a s
POOL	13984	0.536585717	1,2,4,5,7,11,13,16	app oh tea too bad cons ash alas
POOL	13985	0.536576443	1,2,4,7,11,12,16	app oh tea t-back cons a sen
POOL	13986	0.536573282	1,2,4,5,7,11,16	app oh tea too bad cars offence
POOL	13987	0.536555852	1,2,4,7,11,12,16	app oh tea t-back cons a ralph
POOL	13988	0.536542975	1,2,4,7,11,12,16	app oh tea t-back cons a chair
POOL	13989	0.536531910	3,5,8,10,12,13,16	put eat back on the shh alp
POOL	13990	0.536491834	1,2,4,7,11,13,16	app oh tea t-back cons ash welles
POOL	13991	0.536484766	1,2,4,7,11,13,16	app oh tea t-back cons ass gaff
POOL	13992	0.536476820	1,2,4,7,11,12,16	app oh tea t-back cons a shared
POOL	13993	0.536476416	1,2,4,5,7,11,16	app oh tea too bad cons affaires
POOL	13994	0.536441356	1,2,4,7,11,13,16	app oh tea t-back cons ass gaffe
POOL	13995	0.536416363	1,2,4,7,11,13,16	app oh tea t-back cons ash est
POOL	13996	0.536411377	1,2,4,7,11,13,16	app oh tea t-back cons ash stealth
POOL	13997	0.536408418	1,2,4,8,11,14,16	app oh tea t-back ons ash alf
POOL	13998	0.536407521	3,5,8,10,12,13,16	put eat back on the sh airs
POOL	13999	0.536403811	1,2,4,7,11,13,16	app oh tea t-back cons ash sal
POOL	14000	0.536403797	1,2,4,7,11,13,16	app oh tea t-back cons ash ex
POOL	14001	0.536397128	3,5,8,10,12,13,16	put eat back on the sh heirs
POOL	14002	0.536383300	1,2,4,7,11,12,16	app oh tea t-back cons a phil
POOL	14003	0.536380444	1,2,4,7,11,13,16	app oh tea t-back cons ash les
POOL	14004	0.536375911	1,2,4,7,11,13,16	app oh tea t-back cons ass ahl
POOL	14005	0.536352172	1,2,4,7,11,13,16	app oh tea t-back cons ass alb
POOL	14006	0.536311926	3,5,8,10,13,14,16	put eat back on a an or
POOL	14007	0.536311926	3,5,8,10,13,14,16	put eat back on a as or
POOL	14008	0.536311926	3,5,8,10,13,14,16	put eat back on a at or
POOL	14009	0.536301185	1,2,4,7,11,13,16	app oh tea t-back cons us elsa
POOL	14010	0.536245349	3,5,8,10,12,13,16	put eat back on the shh ayres
POOL	14011	0.536213587	1,2,4,7,11,12,16	app oh tea t-back cons a sul
POOL	14012	0.536212106	1,2,4,7,11,13,16	app oh tea t-back cons ass ep
POOL	14013	0.536206215	1,2,4,7,11,12,16	app oh tea t-back cons a selfie
POOL	14014	0.536199577	1,2,4,7,11,13,16	app oh tea t-back cons ass ellis
POOL	14015	0.536187848	1,2,4,7,11,13,16	app oh tea t-back cons ash aft
POOL	14016	0.536172496	3,5,8,10,13,14,16	put eat back on a an us
POOL	14017	0.536172496	3,5,8,10,13,14,16	put eat back on a as us
POOL	14018	0.536172496	3,5,8,10,13,14,16	put eat back on a at us
POOL	14019	0.536127838	1,2,4,7,11,12,16	app oh tea t-back cons a slough
POOL	14020	0.536070566	1,2,4,7,11,12,16	app oh tea t-back cons a fess
POOL	14021	0.536068605	1,2,4,7,11,12,16	app oh tea t-back cons a sheer
POOL	14022	0.536064597	1,2,4,7,11,13,16	app oh tea t-back cons ash ish
POOL	14023	0.536051344	1,2,4,7,11,12,16	app oh tea t-back cons a smells
POOL	14024	0.535967875	1,2,4,7,11,13,16	app oh tea t-back cons ass alfie
POOL	14025	0.535950923	1,2,4,7,11,13,16	app oh tea t-back cons ash eels
POOL	14026	0.535904058	1,2,4,7,11,12,16	app oh tea t-back cons a shen
POOL	14027	0.535901560	1,2,4,7,11,13,16	app oh tea t-back cons ash elms
POOL	14028	0.535896985	1,2,4,7,11,13,16	app oh tea t-back cons ash arse
POOL	14029	0.535850320	1,2,4,7,11,12,16	app oh tea t-back cons a shaft
POOL	14030	0.535847398	1,2,4,7,11,12,16	app oh tea t-back cons a hess
POOL	14031	0.535844847	1,2,4,7,11,13,16	app oh tea t-back cons ass kelp
POOL	14032	0.535830136	1,2,4,7,11,13,16	app oh tea t-back cons ash well-off
POOL	14033	0.535813025	1,2,4,7,11,13,16	app oh tea t-back cons ash dal
POOL	14034	0.535802307	1,2,4,7,11,13,16	app oh tea t-back cons ass epp
POOL	14035	0.535779188	1,2,4,5,7,11,16	app oh tea too bad cars aswell
POOL	14036	0.535770683	1,2,4,7,11,13,16	app oh tea t-back cons ash belles
POOL	14037	0.535729870	1,2,4,7,13,16	app oh see t-back canvas else
POOL	14038	0.535703633	1,2,4,7,11,12,16	app oh tea t-back cons a snell
POOL	14039	0.535703101	1,2,4,7,11,13,16	app oh tea t-back cons ash halle
POOL	14040	0.535680228	1,2,4,7,11,12,16	app oh tea t-back cons a herr
POOL	14041	0.535676628	1,2,4,8,11,14,16	app oh tea t-back ons ash life
POOL	14042	0.535642844	1,2,4,7,11,13,16	app oh tea t-back cons ass alfa
POOL	14043	0.535636982	1,2,4,7,11,12,16	app oh tea t-back cons a valve
POOL	14044	0.535601379	1,2,4,7,11,12,16	app oh tea t-back cons a thief
POOL	14045	0.535583480	1,2,4,7,11,12,16	app oh tea t-back cons a sheaf
POOL	14046	0.535574698	1,2,4,8,11,14,16	app oh tea t-back ons ash leave
POOL	14047	0.535536572	1,2,4,8,11,14,16	app oh tea t-back ons ash leif
POOL	14048	0.535536033	1,2,4,7,11,13,16	app oh tea t-back cons ash fells
POOL	14049	0.535519909	4,7,11,13,15,16	pottery tub cons us air if
POOL	14050	0.535511245	1,2,4,7,11,13,16	app oh tea t-back cons ash bal
POOL	14051	0.535493609	1,2,4,7,11,13,16	app oh tea t-back cons ash m
POOL	14052	0.535422783	1,2,4,7,11,13,16	app oh tea t-back cons us elsie
POOL	14053	0.535394797	1,2,4,7,11,13,16	app oh tea t-back cons ass ralf
POOL	14054	0.535392297	1,2,4,7,11,12,16	app oh tea t-back cons a spells
POOL	14055	0.535375589	1,2,4,7,11,13,16	app oh tea t-back cons ash lal
POOL	14056	0.535353854	1,2,4,7,11,12,16	app oh tea t-back cons a fares
POOL	14057	0.535323553	1,2,4,7,11,13,16	app oh tea t-back cons ash kal
POOL	14058	0.535301746	1,2,4,7,11,13,16	app oh tea t-back cons ash belts
POOL	14059	0.535209221	1,2,4,7,11,12,16	app oh tea t-back cons a fierce
POOL	14060	0.535178658	1,2,4,7,11,13,16	app oh tea t-back cons ass shelf
POOL	14061	0.535164221	1,2,4,8,11,14,16	app oh tea t-back ons ash ulf
POOL	14062	0.535143206	1,2,4,7,11,13,16	app oh tea t-back cons ash leith
POOL	14063	0.535121845	3,5,8,10,12,13,16	put eat back on the sh alp
POOL	14064	0.535109026	3,5,8,10,12,13,16	put eat back on the sh delve
POOL	14065	0.535099695	1,2,4,7,11,12,16	app oh tea t-back cons a hesse
POOL	14066	0.535004069	1,2,4,7,11,12,16	app oh tea t-back cons a celled
POOL	14067	0.534985584	1,2,4,7,11,13,16	app oh tea t-back cons ash caf
POOL	14068	0.534889072	1,2,4,7,11,13,16	app oh tea t-back cons ash saith
POOL	14069	0.534877671	1,2,4,7,11,13,16	app oh tea t-back cons ash ness
POOL	14070	0.534874118	1,2,4,7,11,16	app oh tea t-back khan's assess
POOL	14071	0.534868705	1,2,4,7,11,13,16	app oh tea t-back cons ash wes
POOL	14072	0.534855689	1,2,4,7,11,13,16	app oh tea t-back cons ash welp
POOL	14073	0.534835284	3,5,8,10,12,13,16	put eat back on the sh ayres
POOL	14074	0.534788775	1,2,4,5,7,11,16	app oh tea too bad cars ansel
POOL	14075	0.534779142	1,2,4,7,11,13,16	app oh tea t-back cons us alice
POOL	14076	0.534747940	1,2,4,7,11,12,16	app oh tea t-back cons a fairs
POOL	14077	0.534737053	1,2,4,7,11,13,16	app oh tea t-back cons ash phelps
POOL	14078	0.534736391	1,2,4,7,11,12,16	app oh tea t-back cons a sills
POOL	14079	0.534731265	1,2,4,7,11,12,16	app oh tea t-back cons a hath
POOL	14080	0.534720356	1,2,4,7,11,13,16	app oh tea t-back cons ash yelp
POOL	14081	0.534696565	1,2,4,7,11,13,16	app oh tea t-back cons ass elsa
POOL	14082	0.534637335	1,2,4,7,11,12,16	app oh tea t-back cons a e'er
POOL	14083	0.534611269	1,2,4,5,7,11,16	app oh tea too bad cars ss
POOL	14084	0.534589800	1,2,4,8,11,14,16	app oh tea t-back ons ash roof
POOL	14085	0.534569716	1,2,4,8,11,14,16	app oh tea t-back ons ash loose
POOL	14086	0.534567542	2,7,11,13,15,16	pull t-back cons usher air if
POOL	14087	0.534565154	2,4,6,11,13,16	too tea top axons us well-off
POOL	14088	0.534548073	1,2,4,7,11,12,16	app oh tea t-back cons a seals
POOL	14089	0.534541913	1,2,4,7,11,13,16	app oh tea t-back cons ash raff
POOL	14090	0.534524608	1,2,4,7,11,13,16	app oh tea t-back cons ash x
POOL	14091	0.534418481	1,2,4,7,11,13,16	app oh tea t-back cons ash gaff
POOL	14092	0.534377734	1,2,4,7,11,12,16	app oh tea t-back cons a hairs
POOL	14093	0.534375071	1,2,4,7,11,13,16	app oh tea t-back cons ash gaffe
POOL	14094	0.534366435	1,2,4,7,11,16	app oh tea t-back cons e-health
POOL	14095	0.534361143	1,2,4,7,11,13,16	app oh tea t-back cons us aloof
POOL	14096	0.534355219	1,2,4,7,11,13,16	app oh tea t-back cons ash melts
POOL	14097	0.534354897	1,2,4,8,11,14,16	app oh tea t-back ons ash rough
POOL	14098	0.534314682	3,5,8,10,12,15,16	put eat back on the shell us
POOL	14099	0.534309947	1,2,4,7,11,12,16	app oh tea t-back cons a shear
POOL	14100	0.534309626	1,2,4,7,11,13,16	app oh tea t-back cons ash ahl
POOL	14101	0.534295611	1,2,4,8,11,14,16	app oh tea t-back ons ash left
POOL	14102	0.534285887	1,2,4,7,11,13,16	app oh tea t-back cons ash alb
POOL	14103	0.534274263	1,2,4,7,11,12,16	app oh tea t-back cons a els
POOL	14104	0.534247902	3,5,8,10,12,15,16	put eat back on the shell she
POOL	14105	0.534145821	1,2,4,7,11,13,16	app oh tea t-back cons ash ep
POOL	14106	0.534133292	1,2,4,7,11,13,16	app oh tea t-back cons ash ellis
POOL	14107	0.534124576	1,2,4,7,11,12,16	app oh tea t-back cons a chess
POOL	14108	0.534041106	1,2,4,7,11,13,16	app oh tea t-back cons ash nes
POOL	14109	0.534022236	1,2,4,7,11,12,16	app oh tea t-back cons a ef
POOL	14110	0.533912369	1,2,4,8,11,14,16	app oh tea t-back ons ash las
POOL	14111	0.533903072	3,5,8,10,13,14,16	put eat back on a be all
POOL	14112	0.533901590	1,2,4,7,11,13,16	app oh tea t-back cons ash alfie
POOL	14113	0.533872643	1,2,4,7,11,13,16	app oh tea t-back cons ash tess
POOL	14114	0.533835176	1,2,4,8,11,14,16	app oh tea t-back ons ash all
POOL	14115	0.533834299	1,2,4,7,11,12,16	app oh tea t-back cons a nell
POOL	14116	0.533818163	1,2,4,7,11,13,16	app oh tea t-back cons ass elsie
POOL	14117	0.533782586	1,2,4,7,11,12,16	app oh tea t-back cons a sis
POOL	14118	0.533781754	1,2,4,7,11,12,16	app oh tea t-back cons a sith
POOL	14119	0.533778562	1,2,4,7,11,13,16	app oh tea t-back cons ash kelp
POOL	14120	0.533736022	1,2,4,7,11,13,16	app oh tea t-back cons ash epp
POOL	14121	0.533731826	1,2,4,7,11,13,16	app oh tea t-back cons ash hess
POOL	14122	0.533698655	1,2,4,5,7,11,13,16	app oh tea too bad cons ash alva
POOL	14123	0.533697830	4,7,10,16	pot bad taj self
POOL	14124	0.533687400	1,2,4,7,11,12,16	app oh tea t-back cons a cis
POOL	14125	0.533642563	1,2,4,7,11,12,16	app oh tea t-back cons a heir
POOL	14126	0.533632205	1,2,4,7,11,12,16	app oh tea t-back cons a nel
POOL	14127	0.533576559	1,2,4,7,11,13,16	app oh tea t-back cons ash alfa
POOL	14128	0.533552702	3,5,8,10,13,14,16	put eat back on a an least
POOL	14129	0.533552702	3,5,8,10,13,14,16	put eat back on a as least
POOL	14130	0.533552702	3,5,8,10,13,14,16	put eat back on a at least
POOL	14131	0.533531630	1,2,4,7,11,13,16	app oh tea t-back cons ash lis
POOL	14132	0.533523286	1,2,4,7,13,16	app oh see t-back calmness else
POOL	14133	0.533520701	3,5,8,10,13,14,16	put eat back on a are less
POOL	14134	0.533515873	1,2,4,8,11,14,16	app oh tea t-back ons ash lease
POOL	14135	0.533507150	1,2,4,7,11,13,16	app oh tea t-back cons ash lass
POOL	14136	0.533466740	1,2,4,7,11,13,16	app oh tea t-back cons ash bess
POOL	14137	0.533398715	1,2,4,7,11,12,16	app oh tea t-back cons a swells
POOL	14138	0.533328512	1,2,4,7,11,13,16	app oh tea t-back cons ash ralf
POOL	14139	0.533324379	1,2,4,7,11,12,16	app oh tea t-back cons a scythe
POOL	14140	0.533285981	1,2,4,8,11,14,16	app oh tea t-back ons ash les
POOL	14141	0.533279753	1,2,4,7,11,13,16	app oh tea t-back cons ash luce
POOL	14142	0.533271387	1,2,4,7,11,12,16	app oh tea t-back cons a aff
POOL	14143	0.533262687	1,2,4,5,7,11,16	app oh tea too bad cars ethel
POOL	14144	0.533243176	1,2,4,8,11,14,16	app oh tea t-back ons ash law
POOL	14145	0.533213076	1,2,4,5,7,11,13,16	app oh tea too bad cons ash alley
POOL	14146	0.533191890	2,4,6,11,13,16	too tea top axons ass well-off
POOL	14147	0.533190509	1,2,4,7,11,12,16	app oh tea t-back cons a fil
POOL	14148	0.533188786	3,5,8,10,13,14,16	put eat back on a be if
POOL	14149	0.533174521	1,2,4,7,11,13,16	app oh tea t-back cons ass alice
POOL	14150	0.533153222	2,4,6,11,13,16	too tea top axons ass alpha
POOL	14151	0.533129801	1,2,4,7,11,16	app oh tea t-back cons itself
POOL	14152	0.533120890	1,2,4,8,11,14,16	app oh tea t-back ons ash if
POOL	14153	0.533114189	1,2,4,5,7,11,13,16	app oh tea too bad cons ash calif
POOL	14154	0.533112373	1,2,4,7,11,13,16	app oh tea t-back cons ash shelf
POOL	14155	0.533098204	1,2,4,7,11,12,16	app oh tea t-back cons a set-off
POOL	14156	0.533093731	1,2,4,7,13,16	app oh see t-back canvas elf
POOL	14157	0.533070891	1,2,4,7,11,12,16	app oh tea t-back cons a cen
POOL	14158	0.533065055	1,2,4,7,11,13,16	app oh tea t-back cons ash dulce
POOL	14159	0.532984124	1,2,4,7,11,13,16	app oh tea t-back cons ash hesse
POOL	14160	0.532961524	1,2,4,7,11,13,16	app oh tea t-back cons ash exe
POOL	14161	0.532922101	1,2,4,9,11,16	app oh tea t-back news assess
POOL	14162	0.532895641	3,5,8,10,13,14,16	put eat back on a be off
POOL	14163	0.532872212	1,2,4,7,11,13,16	app oh tea t-back cons ash celts
POOL	14164	0.532810765	1,2,4,7,11,12,16	app oh tea t-back cons a chaff
POOL	14165	0.532793366	1,2,4,7,11,12,16	app oh tea t-back cons a neff
POOL	14166	0.532793031	1,2,4,7,11,13,16	app oh tea t-back cons ash ulm
POOL	14167	0.532756523	1,2,4,7,11,13,16	app oh tea t-back cons ass aloof
POOL	14168	0.532737396	1,2,4,7,11,12,16	app oh tea t-back cons a sheath
POOL	14169	0.532692324	1,2,4,7,11,12,16	app oh tea t-back cons a sheriff
POOL	14170	0.532667930	1,2,4,7,11,13,16	app oh tea t-back cons ash aix
POOL	14171	0.532661886	1,2,4,7,11,13,16	app oh tea t-back cons ash epps
POOL	14172	0.532630280	1,2,4,7,11,13,16	app oh tea t-back cons ash elsa
POOL	14173	0.532604927	1,2,4,7,11,12,16	app oh tea t-back cons a thiel
POOL	14174	0.532565730	1,2,4,7,11,12,16	app oh tea t-back cons a synth
POOL	14175	0.532519895	1,2,4,7,11,12,16	app oh tea t-back cons a knell
POOL	14176	0.532507626	1,2,4,7,11,13,16	app oh tea t-back cons ash fess
POOL	14177	0.532490396	1,2,4,8,11,14,16	app oh tea t-back ons ash ref
POOL	14178	0.532481998	1,2,4,7,11,12,16	app oh tea t-back cons a scheer
POOL	14179	0.532475911	1,2,4,7,11,13,16	app oh tea t-back cons ash pelts
POOL	14180	0.532437485	1,2,4,7,11,16	app oh tea t-back khan's e-health
POOL	14181	0.532349033	1,2,4,5,7,11,13,16	app oh tea too bad cons ash ala
POOL	14182	0.532326677	1,2,4,7,11,12,16	app oh tea t-back cons a elm
POOL	14183	0.532256183	1,2,4,5,7,11,12,16	app oh see too bad cars a selfie
POOL	14184	0.532249813	1,2,4,5,7,11,16	app oh tea too bad cars affaires
POOL	14185	0.532247925	1,2,4,5,7,11,16	app oh tea too bad cars ethyl
POOL	14186	0.532229116	1,2,4,7,11,12,16	app oh tea t-back cons a shep
POOL	14187	0.532223264	1,2,4,7,11,12,16	app oh tea t-back cons a err
POOL	14188	0.532163242	1,2,4,7,11,12,16	app oh tea t-back cons a sez
POOL	14189	0.532134548	1,2,4,8,11,14,16	app oh tea t-back ons ash reef
POOL	14190	0.532048742	1,2,4,8,11,14,16	app oh tea t-back ons ash leith
POOL	14191	0.531960794	1,2,4,8,11,14,16	app oh tea t-back ons ash self
POOL	14192	0.531942861	1,2,4,8,11,16	app oh tea t-back ons assess
POOL	14193	0.531872751	3,5,8,10,13,14,16	put eat back on a an let's
POOL	14194	0.531872751	3,5,8,10,13,14,16	put eat back on a as let's
POOL	14195	0.531872751	3,5,8,10,13,14,16	put eat back on a at let's
POOL	14196	0.531843336	1,2,4,7,11,12,16	app oh tea t-back cons a shan
POOL	14197	0.531789015	1,2,4,7,11,12,16	app oh tea t-back cons a hares
POOL	14198	0.531784757	2,4,6,11,13,16	too tea top axons a alpha
POOL	14199	0.531751878	1,2,4,7,11,13,16	app oh tea t-back cons ash elsie
POOL	14200	0.531713313	1,2,4,7,11,16	app oh tea t-back cons affair
POOL	14201	0.531699850	2,4,8,9,13,16	pull tea t-back ahh canvas else
POOL	14202	0.531611506	1,2,4,7,11,12,16	app oh tea t-back cons a silks
POOL	14203	0.531575275	1,2,4,8,11,14,16	app oh tea t-back ons ash raf
POOL	14204	0.531574332	1,2,4,7,11,12,16	app oh tea t-back cons a ere
POOL	14205	0.531551012	1,2,4,7,11,12,16	app oh tea t-back cons a eyre
POOL	14206	0.531534693	1,2,4,7,11,13,16	app oh tea t-back cons us e-health
POOL	14207	0.531509476	2,4,7,13,15,16	pull tea pooh-bah conscious air if
POOL	14208	0.531448582	1,2,4,5,7,11,13,16	app oh tea too bad cons ash allie
POOL	14209	0.531200851	1,2,4,7,11,16	app oh tea t-back khan's itself
POOL	14210	0.531111459	1,2,4,7,11,12,16	app oh tea t-back cons a sear
POOL	14211	0.531108870	1,2,4,8,11,14,16	app oh tea t-back ons ash use
POOL	14212	0.531108236	1,2,4,7,11,13,16	app oh tea t-back cons ash alice
POOL	14213	0.531101956	1,2,4,7,11,12,16	app oh tea t-back cons a ess
POOL	14214	0.530946960	1,2,4,5,7,11,13,16	app oh tea too bad cons ash alford
POOL	14215	0.530944778	1,2,4,5,7,11,13,16	app oh tea too bad cons ash caliph
POOL	14216	0.530921609	1,2,4,8,11,14,16	app oh tea t-back ons ash see
POOL	14217	0.530910679	1,2,4,8,11,14,16	app oh tea t-back ons ash riff
POOL	14218	0.530909693	1,2,4,7,11,12,16	app oh tea t-back cons a sleuth
POOL	14219	0.530905401	1,2,4,7,11,12,16	app oh tea t-back cons a staph
POOL	14220	0.530887146	1,2,4,7,13,16	app oh see t-back calmness elf
POOL	14221	0.530774724	1,2,4,5,7,11,13,16	app oh tea too bad cons ash alli
POOL	14222	0.530764726	1,2,4,7,11,12,16	app oh tea t-back cons a shem
POOL	14223	0.530690238	1,2,4,7,11,13,16	app oh tea t-back cons ash aloof
POOL	14224	0.530652230	3,5,8,10,13,14,16	put eat back on a an plus
POOL	14225	0.530652230	3,5,8,10,13,14,16	put eat back on a as plus
POOL	14226	0.530652230	3,5,8,10,13,14,16	put eat back on a at plus
POOL	14227	0.530641533	3,7,11,16	port eat cons cell's
POOL	14228	0.530626003	1,2,4,7,11,13,16	app oh tea t-back cons us selfie
POOL	14229	0.530617039	1,2,4,7,11,16	app oh tea t-back cons affairs
POOL	14230	0.530599708	1,2,4,7,11,12,16	app oh tea t-back cons a esse
POOL	14231	0.530580745	1,2,4,7,11,12,16	app oh tea t-back cons a aer
POOL	14232	0.530574595	2,6,7,13,15,16	pussy tit a conscious air if
POOL	14233	0.530533811	1,2,4,7,11,12,16	app oh tea t-back cons a elks
POOL	14234	0.530437167	1,2,4,8,11,14,16	app oh tea t-back ons ash lis
POOL	14235	0.530427442	1,2,4,7,11,12,16	app oh tea t-back cons a es
POOL	14236	0.530412687	1,2,4,8,11,14,16	app oh tea t-back ons ash lass
POOL	14237	0.530405257	1,2,4,8,11,14,16	app oh tea t-back ons ash lush
POOL	14238	0.530386917	3,5,8,10,13,14,16	put eat back on a are all
POOL	14239	0.530335831	1,2,4,5,7,11,13,16	app oh tea too bad cons ash alphas
POOL	14240	0.530287326	1,2,4,7,11,13,16	app oh tea t-back cons us ella
POOL	14241	0.530258822	1,2,4,7,11,13,16	app oh tea t-back cons us ellie
POOL	14242	0.530237305	1,2,4,7,11,13,16	app oh tea t-back cons us alas
POOL	14243	0.530230477	1,2,4,7,11,13,16	app oh tea t-back cons us healthy
POOL	14244	0.530185290	1,2,4,8,11,14,16	app oh tea t-back ons ash luce
POOL	14245	0.530180553	1,2,4,8,11,14,16	app oh tea t-back ons ash leash
POOL	14246	0.530117118	2,4,6,11,13,16	too tea top axons ass ellis
POOL	14247	0.530010244	1,2,4,8,11,14,16	app oh tea t-back ons ash ruff
POOL	14248	0.529979360	1,2,4,7,11,12,16	app oh tea t-back cons a e-health
POOL	14249	0.529942235	1,2,4,8,11,14,16	app oh tea t-back ons ash lash
POOL	14250	0.529930073	1,2,4,7,11,13,16	app oh tea t-back cons ass e-health
POOL	14251	0.529784363	1,2,4,7,11,16	app oh tea t-back khan's affair
POOL	14252	0.529672631	3,5,8,10,13,14,16	put eat back on a are if
POOL	14253	0.529669847	1,2,4,7,11,16	app oh tea t-back cons offense
POOL	14254	0.529577970	1,2,4,8,11,14,16	app oh tea t-back ons ash last
POOL	14255	0.529535405	2,4,6,11,13,16	too tea top axons ass alfie
POOL	14256	0.529506227	1,2,4,8,11,16	app oh tea t-back ons e-health
POOL	14257	0.529466446	1,2,4,5,7,10,16	app oh tea too bad con themself
POOL	14258	0.529400518	4,6,7,9,13,16	pussy tube a car canvass else
POOL	14259	0.529379486	3,5,8,10,13,14,16	put eat back on a are off
POOL	14260	0.529369596	1,2,4,8,11,14,16	app oh tea t-back ons ash yes
POOL	14261	0.529326422	4,6,7,11,12,16	patty tube a connors a self
POOL	14262	0.529258360	1,2,4,8,11,14,16	app oh tea t-back ons ash raff
POOL	14263	0.529248834	1,2,4,9,11,16	app oh tea t-back news itself
POOL	14264	0.529246186	1,2,4,8,11,14,16	app oh tea t-back ons ash al
POOL	14265	0.529210490	1,2,4,8,11,14,16	app oh tea t-back ons ash arf
POOL	14266	0.529156202	2,4,6,11,13,16	too tea top axons ass alfa
POOL	14267	0.529142456	1,2,4,8,11,14,16	app oh tea t-back ons ash lee
POOL	14268	0.529119208	1,2,4,7,11,13,16	app oh tea t-back cons us heiress
POOL	14269	0.529109268	1,2,4,7,11,13,16	app oh tea t-back cons us elise
POOL	14270	0.529094881	1,2,4,8,11,14,16	app oh tea t-back ons ash ill
POOL	14271	0.529080487	1,2,4,7,11,16	app oh tea t-back cons selfie
POOL	14272	0.529036004	1,2,4,5,7,10,16	app oh tea too bad cause themself
POOL	14273	0.529021382	1,2,4,7,11,13,16	app oh tea t-back cons ass selfie
POOL	14274	0.528987954	1,2,4,8,11,14,16	app oh tea t-back ons ash shh
POOL	14275	0.528927250	1,2,4,8,11,14,16	app oh tea t-back ons ash health
POOL	14276	0.528748652	2,4,6,11,13,16	too tea top axons a ellis
POOL	14277	0.528736370	4,6,7,11,12,16	pussy tube a collins' a self
POOL	14278	0.528688089	1,2,4,7,11,16	app oh tea t-back khan's affairs
POOL	14279	0.528682706	1,2,4,7,11,13,16	app oh tea t-back cons ass ella
POOL	14280	0.528675143	1,2,4,7,11,12,16	app oh tea t-back cons a healthy
POOL	14281	0.528654201	1,2,4,7,11,13,16	app oh tea t-back cons ass ellie
POOL	14282	0.528632685	1,2,4,7,11,13,16	app oh tea t-back cons ass alas
POOL	14283	0.528625856	1,2,4,7,11,13,16	app oh tea t-back cons ass healthy
POOL	14284	0.528602015	1,2,4,8,11,14,16	app oh tea t-back ons ash ruth
POOL	14285	0.528556527	1,2,4,8,11,16	app oh t t-back ons assess
POOL	14286	0.528511865	1,2,4,7,11,16	app oh tea t-back cons offence
POOL	14287	0.528453667	1,2,4,7,11,13,16	app oh tea t-back cons us ela
POOL	14288	0.528398911	1,2,4,8,11,14,16	app oh tea t-back ons ash golf
POOL	14289	0.528387424	2,4,7,13,15,16	pull tea bad conscious air furry
POOL	14290	0.528363603	2,4,6,11,13,16	too tea top axons ass elsa
POOL	14291	0.528334410	1,2,4,8,11,14,16	app oh tea t-back ons ash la
POOL	14292	0.528253791	1,2,4,7,11,13,16	app oh tea t-back cons us elie
POOL	14293	0.528200702	1,2,4,8,11,14,16	app oh tea t-back ons ash fee
POOL	14294	0.528183578	1,2,4,7,11,13,16	app oh tea t-back cons us ele
POOL	14295	0.528166939	2,4,6,11,13,16	too tea top axons a alfie
POOL	14296	0.528160768	1,2,4,8,11,14,16	app oh tea t-back ons ash lift
POOL	14297	0.528122908	1,2,4,8,11,14,16	app oh tea t-back ons ash lose
POOL	14298	0.528037757	1,2,4,8,11,14,16	app oh tea t-back ons ash ross
POOL	14299	0.528020435	1,2,4,7,11,13,16	app oh tea t-back cons us effie
POOL	14300	0.527966455	4,6,11,16	putt deb cons sells
POOL	14301	0.527912317	1,2,4,7,11,13,16	app oh tea t-back cons us elly
POOL	14302	0.527863788	1,2,4,7,11,13,16	app oh tea t-back cons ash e-health
POOL	14303	0.527856675	1,2,4,7,11,13,16	app oh tea t-back cons us wealthy
POOL	14304	0.527787737	2,4,6,11,13,16	too tea top axons a alfa
POOL	14305	0.527765357	1,2,4,8,11,14,16	app oh tea t-back ons ash liv
POOL	14306	0.527740897	1,2,4,7,11,16	app oh tea t-back khan's offense
POOL	14307	0.527658747	1,2,4,7,11,13,16	app oh tea t-back cons us eller
POOL	14308	0.527653072	3,5,8,10,13,14,16	put eat back on a be are
POOL	14309	0.527585176	1,2,4,8,11,14,16	app oh tea t-back ons ash are
POOL	14310	0.527577889	1,2,4,8,11,14,16	app oh tea t-back ons ash sh
POOL	14311	0.527566500	1,2,4,8,11,14,16	app oh tea t-back ons ash wolf
POOL	14312	0.527546330	1,2,4,8,11,14,16	app oh tea t-back ons ash wrath
POOL	14313	0.527514587	1,2,4,7,11,13,16	app oh tea t-back cons ass heiress
POOL	14314	0.527504647	1,2,4,7,11,13,16	app oh tea t-back cons ass elise
POOL	14315	0.527367930	1,2,4,7,11,16	app oh tea t-back cons aswell
POOL	14316	0.527345603	1,2,4,8,11,14,16	app oh tea t-back ons ash gulf
POOL	14317	0.527338800	2,4,6,11,13,16	too tea top axons ass elsie
POOL	14318	0.527330093	1,2,4,7,13,16	app oh see t-back canvas alf
POOL	14319	0.527264704	2,4,6,11,13,16	too tea top axons ass alice
POOL	14320	0.527238132	1,2,4,8,11,14,16	app oh tea t-back ons ash roth
POOL	14321	0.527198577	1,2,4,8,11,14,16	app oh tea t-back ons ash laughed
POOL	14322	0.527151537	1,2,4,7,11,16	app oh tea t-back khan's selfie
POOL	14323	0.527151024	1,2,4,8,11,14,16	app oh tea t-back ons ash rush
POOL	14324	0.527143380	1,2,4,8,11,14,16	app oh tea t-back ons ash lev
POOL	14325	0.527091579	1,2,4,7,11,12,16	app oh tea t-back cons a serif
POOL	14326	0.527082670	1,2,4,8,11,14,16	app oh tea t-back ons ash laws
POOL	14327	0.527046318	1,2,4,7,11,13,16	app oh tea t-back cons us alva
POOL	14328	0.526995137	2,4,6,11,13,16	too tea top axons a elsa
POOL	14329	0.526990882	1,2,4,8,11,14,16	app oh tea t-back ons ash luv
POOL	14330	0.526984256	1,2,4,8,11,14,16	app oh tea t-back ons ash earl
POOL	14331	0.526955097	1,2,4,7,11,13,16	app oh tea t-back cons ash selfie
POOL	14332	0.526938786	3,5,8,10,13,14,16	put eat back on a be or
POOL	14333	0.526937798	1,2,4,7,11,13,16	app oh tea t-back cons us alley
POOL	14334	0.526914559	3,5,8,10,12,13,16	put eat back on the shh shelf
POOL	14335	0.526876732	1,2,4,5,7,10,16	app oh tea too bad car themself
POOL	14336	0.526853106	1,2,4,8,11,16	app oh tea t-back ons affair
POOL	14337	0.526849047	1,2,4,7,11,13,16	app oh tea t-back cons ass ela
POOL	14338	0.526829279	1,2,4,8,11,14,16	app oh tea t-back ons ash lost
POOL	14339	0.526824785	1,2,4,7,11,13,16	app oh tea t-back cons us calif
POOL	14340	0.526811943	1,2,4,8,11,14,16	app oh tea t-back ons ash youth
POOL	14341	0.526799356	3,5,8,10,13,14,16	put eat back on a be us
POOL	14342	0.526734100	1,2,4,5,7,10,16	app oh tea too bad conn themself
POOL	14343	0.526725142	1,2,4,8,11,14,16	app oh tea t-back ons ash cliff
POOL	14344	0.526708681	1,2,4,8,11,14,16	app oh tea t-back ons ash ralph
POOL	14345	0.526692827	1,2,4,8,11,14,16	app oh tea t-back ons ash class
POOL	14346	0.526664359	1,2,4,8,11,14,16	app oh tea t-back ons ash looks
POOL	14347	0.526654114	1,2,4,8,11,14,16	app oh tea t-back ons ash laughs
POOL	14348	0.526649170	1,2,4,7,11,13,16	app oh tea t-back cons ass elie
POOL	14349	0.526620928	1,2,4,8,11,14,16	app oh tea t-back ons ash earth
POOL	14350	0.526616421	1,2,4,7,11,13,16	app oh tea t-back cons ash ella
POOL	14351	0.526608547	1,2,4,8,11,14,16	app oh tea t-back ons ash wreath
POOL	14352	0.526587916	1,2,4,7,11,13,16	app oh tea t-back cons ash ellie
POOL	14353	0.526582915	1,2,4,7,11,16	app oh tea t-back khan's offence
POOL	14354	0.526578957	1,2,4,7,11,13,16	app oh tea t-back cons ass ele
POOL	14355	0.526566400	1,2,4,7,11,13,16	app oh tea t-back cons ash alas
POOL	14356	0.526559571	1,2,4,7,11,13,16	app oh tea t-back cons ash healthy
POOL	14357	0.526528143	3,5,8,11,12,13,14,16	put eat bak ons a shh eh laugh
POOL	14358	0.526503878	1,2,4,8,11,14,16	app oh tea t-back ons ash saw
POOL	14359	0.526495038	1,2,4,8,11,14,16	app oh tea t-back ons ash fur
POOL	14360	0.526426444	1,2,4,8,11,14,16	app oh tea t-back ons ash air
POOL	14361	0.526420224	1,2,4,5,7,10,16	app oh tea too bad con thyself
POOL	14362	0.526415815	1,2,4,7,11,13,16	app oh tea t-back cons ass effie
POOL	14363	0.526307696	1,2,4,7,11,13,16	app oh tea t-back cons ass elly
POOL	14364	0.526252055	1,2,4,7,11,13,16	app oh tea t-back cons ass wealthy
POOL	14365	0.526236519	2,4,6,11,13,16	too tea top axons ass aloof
POOL	14366	0.526230650	5,7,11,16	puts bat cons self
POOL	14367	0.526216218	1,2,4,8,11,14,16	app oh tea t-back ons ash lou
POOL	14368	0.526212448	1,2,4,7,11,16	app oh tea t-back cons ansel
POOL	14369	0.526152827	1,2,4,8,11,14,16	app oh tea t-back ons ash list
POOL	14370	0.526119893	1,2,4,8,11,16	app oh t t-back ons e-health
POOL	14371	0.526054127	1,2,4,7,11,13,16	app oh tea t-back cons ass eller
POOL	14372	0.526034746	1,2,4,7,11,16	app oh tea t-back cons ss
POOL	14373	0.525989783	1,2,4,5,7,10,16	app oh tea too bad cause thyself
POOL	14374	0.525970335	2,4,6,11,13,16	too tea top axons a elsie
POOL	14375	0.525950320	1,2,4,7,11,13,16	app oh tea t-back cons us ala
POOL	14376	0.525928707	1,2,4,8,11,14,16	app oh tea t-back ons ash l.'s
POOL	14377	0.525775561	1,2,4,7,11,16	app oh tea t-back cons sheriff
POOL	14378	0.525756832	1,2,4,8,11,16	app oh tea t-back ons affairs
POOL	14379	0.525754521	1,2,4,8,11,14,16	app oh tea t-back ons ash lav
POOL	14380	0.525657569	1,2,4,8,11,14,16	app oh tea t-back ons ash leigh
POOL	14381	0.525644358	1,2,4,8,11,14,16	app oh tea t-back ons ash russ
POOL	14382	0.525504494	3,5,8,10,12,13,16	put eat back on the sh shelf
POOL	14383	0.525467013	1,2,4,8,11,14,16	app oh tea t-back ons ash arse
POOL	14384	0.525448302	1,2,4,7,11,13,16	app oh tea t-back cons ash heiress
POOL	14385	0.525443904	2,4,7,13,15,16	pull tea bad conscious el-al if
POOL	14386	0.525441697	1,2,4,7,11,13,16	app oh tea t-back cons ass alva
POOL	14387	0.525438980	1,2,4,7,11,16	app oh tea t-back khan's aswell
POOL	14388	0.525438362	1,2,4,7,11,13,16	app oh tea t-back cons ash elise
POOL	14389	0.525352910	1,2,4,8,11,14,16	app oh tea t-back ons ash el
POOL	14390	0.525333178	1,2,4,7,11,13,16	app oh tea t-back cons ass alley
POOL	14391	0.525221412	1,2,4,8,11,14,16	app oh tea t-back ons ash reese
POOL	14392	0.525220164	1,2,4,7,11,13,16	app oh tea t-back cons ass calif
POOL	14393	0.525171076	1,2,4,8,11,14,16	app oh tea t-back ons ash bluff
POOL	14394	0.525133160	1,2,4,8,11,14,16	app oh tea t-back ons ash lea
POOL	14395	0.525123509	1,2,4,7,13,16	app oh see t-back calmness alf
POOL	14396	0.525105774	1,2,4,8,11,14,16	app oh tea t-back ons ash leafs
POOL	14397	0.525050603	3,5,8,11,12,13,14,16	put eat bak ons a shh eh leaf
POOL	14398	0.525045760	1,2,4,8,11,14,16	app oh tea t-back ons ash rath
POOL	14399	0.525044839	1,2,4,8,11,14,16	app oh tea t-back ons ash le
POOL	14400	0.524962127	1,2,4,8,11,14,16	app oh tea t-back ons ash loft
POOL	14401	0.524921234	1,2,4,7,11,13,16	app oh tea t-back cons us allie
POOL	14402	0.524906791	1,2,4,8,11,14,16	app oh tea t-back ons ash loaf
POOL	14403	0.524903073	1,2,4,7,11,16	app oh tea t-back cons ethel
POOL	14404	0.524883260	1,2,4,8,11,16	app oh t t-back ons itself
POOL	14405	0.524881095	1,2,4,8,11,14,16	app oh tea t-back ons ash fir
POOL	14406	0.524868054	2,4,6,11,13,16	too tea top axons a aloof
POOL	14407	0.524855125	1,2,4,8,11,14,16	app oh tea t-back ons ash sea
POOL	14408	0.524809640	1,2,4,8,11,16	app oh tea t-back ons offense
POOL	14409	0.524799485	1,2,4,8,11,14,16	app oh tea t-back ons ash lieu
POOL	14410	0.524794666	1,2,4,7,11,12,16	app oh tea t-back cons a selfish
POOL	14411	0.524782762	1,2,4,7,11,13,16	app oh tea t-back cons ash ela
POOL	14412	0.524754182	1,2,4,8,11,14,16	app oh tea t-back ons ash l
POOL	14413	0.524750918	1,2,4,8,11,14,16	app oh tea t-back ons ash elle
POOL	14414	0.524731351	2,4,7,11,14,16	pu'er tea bad cons assess laugh
POOL	14415	0.524720348	1,2,4,8,11,14,16	app oh tea t-back ons ash rhys
POOL	14416	0.524720047	1,2,4,8,11,14,16	app oh tea t-back ons ash ros
POOL	14417	0.524679373	1,2,4,8,11,14,16	app oh tea t-back ons ash wolfe
POOL	14418	0.524646145	1,2,4,8,11,14,16	app oh tea t-back ons ash eff
POOL	14419	0.524639023	1,2,4,8,11,14,16	app oh tea t-back ons ash milf
POOL	14420	0.524582885	1,2,4,7,11,13,16	app oh tea t-back cons ash elie
POOL	14421	0.524579832	1,2,4,7,11,12,16	app oh tea t-back cons a shelley
POOL	14422	0.524560350	2,6,10,16	pah tit as self
POOL	14423	0.524548172	1,2,4,8,11,14,16	app oh tea t-back ons ash ass
POOL	14424	0.524515416	1,2,4,8,11,14,16	app oh tea t-back ons ash foo
POOL	14425	0.524512672	1,2,4,7,11,13,16	app oh tea t-back cons ash ele
POOL	14426	0.524491298	1,2,4,8,11,14,16	app oh tea t-back ons ash rash
POOL	14427	0.524482501	1,2,4,8,11,14,16	app oh tea t-back ons ash ras
POOL	14428	0.524478469	1,2,4,7,11,12,16	app oh tea t-back cons a seller
POOL	14429	0.524404228	1,2,4,8,11,14,16	app oh tea t-back ons ash loo
POOL	14430	0.524349530	1,2,4,7,11,13,16	app oh tea t-back cons ash effie
POOL	14431	0.524347951	1,2,4,7,11,13,16	app oh tea t-back cons us alford
POOL	14432	0.524345700	1,2,4,7,11,13,16	app oh tea t-back cons ass ala
POOL	14433	0.524345458	1,2,4,7,11,13,16	app oh tea t-back cons us caliph
POOL	14434	0.524326411	1,2,4,8,11,14,16	app oh tea t-back ons ash lew
POOL	14435	0.524305849	1,2,4,8,11,14,16	app oh tea t-back ons ash reece
POOL	14436	0.524283498	1,2,4,7,11,16	app oh tea t-back khan's ansel
POOL	14437	0.524260500	2,5,9,13,15,16	pull tit becca anas air if
POOL	14438	0.524241412	1,2,4,7,11,13,16	app oh tea t-back cons ash elly
POOL	14439	0.524222972	1,2,4,8,11,14,16	app oh tea t-back ons ash eel
POOL	14440	0.524220279	1,2,4,8,11,16	app oh tea t-back ons selfie
POOL	14441	0.524204689	1,2,4,8,11,14,16	app oh tea t-back ons ash wolff
POOL	14442	0.524185770	1,2,4,7,11,13,16	app oh tea t-back cons ash wealthy
POOL	14443	0.524179562	3,5,8,10,13,14,16	put eat back on a be least
POOL	14444	0.524177191	1,2,4,8,11,14,16	app oh tea t-back ons ash il
POOL	14445	0.524158658	1,2,4,8,11,14,16	app oh tea t-back ons ash f
POOL	14446	0.524156020	1,2,4,8,11,14,16	app oh tea t-back ons ash rus
POOL	14447	0.524151110	1,2,4,7,11,13,16	app oh tea t-back cons us alli
POOL	14448	0.524145221	1,2,4,8,11,14,16	app oh tea t-back ons ash fluff
POOL	14449	0.524140744	1,2,4,8,11,14,16	app oh tea t-back ons ash lymph
POOL	14450	0.524136917	3,5,8,10,13,14,16	put eat back on a are are
POOL	14451	0.524111666	1,2,4,8,11,14,16	app oh tea t-back ons ash least
POOL	14452	0.524105796	1,2,4,7,11,16	app oh tea t-back khan's ss
POOL	14453	0.524015074	1,2,4,8,11,14,16	app oh tea t-back ons ash oof
POOL	14454	0.524009357	3,5,8,11,12,13,14,16	put eat bak ons a shh eh else
POOL	14455	0.524003922	1,2,4,8,11,14,16	app oh tea t-back ons ash woolf
POOL	14456	0.523987842	1,2,4,7,11,13,16	app oh tea t-back cons ash eller
POOL	14457	0.523986725	1,2,4,8,11,14,16	app oh tea t-back ons ash wealth
POOL	14458	0.523968702	1,2,4,7,11,12,16	app oh tea t-back cons a sell-through
POOL	14459	0.523964440	1,2,4,7,11,12,16	app oh tea t-back cons a shelly
POOL	14460	0.523905963	1,2,4,8,11,14,16	app oh tea t-back ons ash lots
POOL	14461	0.523883542	1,2,4,7,11,12,16	app oh tea t-back cons a fellas
POOL	14462	0.523879654	1,2,4,8,11,14,16	app oh tea t-back ons ash ahl
POOL	14463	0.523866539	1,2,4,8,11,14,16	app oh tea t-back ons ash li
POOL	14464	0.523847541	1,2,4,8,11,14,16	app oh tea t-back ons ash earle
POOL	14465	0.523846611	1,2,4,7,11,16	app oh tea t-back khan's sheriff
POOL	14466	0.523830510	1,2,4,5,7,10,16	app oh tea too bad car thyself
POOL	14467	0.523794843	1,2,4,8,11,14,16	app oh tea t-back ons ash fer
POOL	14468	0.523782257	1,2,4,8,11,14,16	app oh tea t-back ons ash slough
POOL	14469	0.523767480	1,2,4,8,11,14,16	app oh tea t-back ons ash glass
POOL	14470	0.523719183	1,2,4,7,11,16	app oh tea t-back cons ethyl
POOL	14471	0.523687878	1,2,4,5,7,10,16	app oh tea too bad conn thyself
POOL	14472	0.523661132	4,9,13,16	push back thus al.
POOL	14473	0.523651657	1,2,4,8,11,16	app oh tea t-back ons offence
POOL	14474	0.523649518	1,2,4,7,11,13,16	app oh tea t-back cons us alphas
POOL	14475	0.523644061	1,2,4,8,11,14,16	app oh tea t-back ons ash rev
POOL	14476	0.523637550	1,2,4,8,11,14,16	app oh tea t-back ons ash fa
POOL	14477	0.523624067	1,2,4,7,11,16	app oh tea t-back cons affaires
POOL	14478	0.523621901	1,2,4,8,11,14,16	app oh tea t-back ons ash ell
POOL	14479	0.523551930	1,2,4,7,11,12,16	app oh tea t-back cons a shellfish
POOL	14480	0.523536704	1,2,4,8,11,14,16	app oh tea t-back ons ash pfft
POOL	14481	0.523514570	3,5,8,11,12,13,14,16	put eat bak ons a shh eh elf
POOL	14482	0.523504398	1,2,4,8,11,14,16	app oh tea t-back ons ash aff
POOL	14483	0.523466771	1,2,4,8,11,16	app oh t t-back ons affair
POOL	14484	0.523466370	1,2,4,8,11,14,16	app oh tea t-back ons ash re-
POOL	14485	0.523432987	1,2,4,8,11,14,16	app oh tea t-back ons ash los
POOL	14486	0.523422631	3,5,8,10,13,14,16	put eat back on a are or
POOL	14487	0.523375412	1,2,4,7,11,13,16	app oh tea t-back cons ash alva
POOL	14488	0.523329854	1,2,4,7,11,12,16	app oh tea t-back cons a sulfur
POOL	14489	0.523316613	1,2,4,7,11,13,16	app oh tea t-back cons ass allie
POOL	14490	0.523286074	1,2,4,7,11,12,16	app oh tea t-back cons a cellar
POOL	14491	0.523283201	3,5,8,10,13,14,16	put eat back on a are us
POOL	14492	0.523266893	1,2,4,7,11,13,16	app oh tea t-back cons ash alley
POOL	14493	0.523153879	1,2,4,7,11,13,16	app oh tea t-back cons ash calif
POOL	14494	0.523135110	1,2,4,5,7,10,16	app oh see too bad con themself
POOL	14495	0.523088122	1,2,4,8,11,14,16	app oh tea t-back ons ash liz
POOL	14496	0.522986214	1,2,4,7,11,12,16	app oh tea t-back cons a selfies
POOL	14497	0.522974123	1,2,4,7,11,16	app oh tea t-back khan's ethel
POOL	14498	0.522930865	1,2,4,8,11,14,16	app oh tea t-back ons ash glyph
POOL	14499	0.522898540	1,2,4,8,11,14,16	app oh tea t-back ons ash ralf
POOL	14500	0.522837678	2,4,6,11,13,16	too tea top axons ass selfie
POOL	14501	0.522810468	1,2,4,8,11,14,16	app oh tea t-back ons ash phu
POOL	14502	0.522810209	4,7,12,16	pot tass tongs self
POOL	14503	0.522796065	1,2,4,5,7,10,16	app oh tea too bad con giselle
POOL	14504	0.522789998	1,2,4,8,11,14,16	app oh tea t-back ons ash lah
POOL	14505	0.522767530	2,4,8,11,12,16	pull tea t-back ons uh-uh self
POOL	14506	0.522767269	1,2,4,8,11,14,16	app oh tea t-back ons ash s
POOL	14507	0.522766667	4,8,11,12,13,16	patil t-back ons a see else
POOL	14508	0.522759791	1,2,4,8,11,14,16	app oh tea t-back ons ash false
POOL	14509	0.522745742	1,2,4,8,11,14,16	app oh tea t-back ons ash fie
POOL	14510	0.522743331	1,2,4,7,11,13,16	app oh tea t-back cons ass alford
POOL	14511	0.522740838	1,2,4,7,11,13,16	app oh tea t-back cons ass caliph
POOL	14512	0.522736012	1,2,4,7,11,12,16	app oh tea t-back cons a alpha
POOL	14513	0.522696875	1,2,4,8,11,14,16	app oh tea t-back ons ash leh
POOL	14514	0.522676817	1,2,4,7,11,12,16	app oh tea t-back cons a sulphur
POOL	14515	0.522546490	1,2,4,7,11,13,16	app oh tea t-back cons ass alli
POOL	14516	0.522507723	1,2,4,8,11,16	app oh tea t-back ons aswell
POOL	14517	0.522507296	1,2,4,7,11,16	app oh tea t-back cons lasalle
POOL	14518	0.522499611	3,5,8,10,13,14,16	put eat back on a be let's
POOL	14519	0.522442556	2,4,6,11,13,16	too tea top axons ass ella
POOL	14520	0.522431715	1,2,4,8,11,14,16	app oh tea t-back ons ash let's
POOL	14521	0.522413586	2,4,6,11,13,16	too tea top axons ass alas
POOL	14522	0.522409300	2,4,6,11,13,16	too tea top axons ass ellie
POOL	14523	0.522389138	3,5,8,11,12,13,14,16	put eat bak ons a shh eh loss
POOL	14524	0.522370498	1,2,4,8,11,16	app oh t t-back ons affairs
POOL	14525	0.522365624	1,2,4,5,7,10,16	app oh tea too bad cause giselle
POOL	14526	0.522338912	1,2,4,8,11,14,16	app oh tea t-back ons ash fu
POOL	14527	0.522307897	1,2,4,8,11,14,16	app oh tea t-back ons ash cloth
POOL	14528	0.522279415	1,2,4,7,11,13,16	app oh tea t-back cons ash ala
POOL	14529	0.522278002	1,2,4,7,11,12,16	app oh tea t-back cons a schaeffer
POOL	14530	0.522239323	1,2,4,8,11,14,16	app oh tea t-back ons ash loop
POOL	14531	0.522237524	3,5,8,11,12,13,14,16	put eat bak ons a shh eh alf
POOL	14532	0.522108728	1,2,4,8,11,14,16	app oh tea t-back ons ash rosh
POOL	14533	0.522072666	3,6,11,16	took tit cons cell's
POOL	14534	0.522044898	1,2,4,7,11,13,16	app oh tea t-back cons ass alphas
POOL	14535	0.521846629	1,2,4,8,11,14,16	app oh tea t-back ons ash lap
POOL	14536	0.521808132	1,2,4,8,11,14,16	app oh tea t-back ons ash lee's
POOL	14537	0.521797612	1,2,4,8,11,14,16	app oh tea t-back ons ash als
POOL	14538	0.521790233	1,2,4,7,11,16	app oh tea t-back khan's ethyl
POOL	14539	0.521778885	1,2,4,7,11,13,16	app oh tea t-back cons ash else's
POOL	14540	0.521740112	2,4,6,7,13,16	pai tea tube a conscious e'er
POOL	14541	0.521695117	1,2,4,7,11,16	app oh tea t-back khan's affaires
POOL	14542	0.521674014	1,2,4,8,11,14,16	app oh tea t-back ons ash lip
POOL	14543	0.521657566	1,2,4,8,11,14,16	app oh tea t-back ons ash lips
POOL	14544	0.521599857	1,2,4,8,11,14,16	app oh tea t-back ons ash luiz
POOL	14545	0.521474658	3,5,8,11,12,13,14,16	put eat bak ons a shh eh leif
POOL	14546	0.521436003	1,2,4,8,11,14,16	app oh tea t-back ons ash lu
POOL	14547	0.521423305	1,2,4,8,11,16	app oh t t-back ons offense
POOL	14548	0.521352240	1,2,4,8,11,16	app oh tea t-back ons ansel
POOL	14549	0.521290511	1,2,4,8,11,14,16	app oh tea t-back ons ash eels
POOL	14550	0.521279089	3,5,8,10,13,14,16	put eat back on a be plus
POOL	14551	0.521250328	1,2,4,7,11,13,16	app oh tea t-back cons ash allie
POOL	14552	0.521222292	1,2,4,7,11,12,16	app oh tea t-back cons a shell-less
POOL	14553	0.521213410	1,2,4,7,11,12,16	app oh tea t-back cons a chelsea
POOL	14554	0.521175519	4,8,11,12,13,16	pussy t-back ons a yes else
POOL	14555	0.521174539	1,2,4,8,11,16	app oh tea t-back ons ss
POOL	14556	0.521172459	1,2,4,7,11,12,16	app oh tea t-back cons a sellers
POOL	14557	0.521163581	4,7,11,12,15,16	pussy tabby cons a sell if
POOL	14558	0.521148852	3,5,8,11,12,13,14,16	put eat bak ons a shh eh ulf
POOL	14559	0.521134248	1,2,4,7,11,13,16	app oh tea t-back cons ash elvis
POOL	14560	0.521125599	1,2,4,7,11,12,16	app oh tea t-back cons a yourself
POOL	14561	0.521114891	2,4,9,12,13,16	pull tea t-back ina see else
POOL	14562	0.521097542	2,4,6,11,13,16	too tea top axons ass elise
POOL	14563	0.521084928	1,2,4,8,11,14,16	app oh tea t-back ons ash leap
POOL	14564	0.521029243	1,2,4,8,11,14,16	app oh tea t-back ons ash bless
POOL	14565	0.521026295	2,4,6,11,13,16	too tea top axons ass heiress
POOL	14566	0.520915353	1,2,4,8,11,16	app oh tea t-back ons sheriff
POOL	14567	0.520910562	1,2,4,8,11,14,16	app oh tea t-back ons ash luz
POOL	14568	0.520863481	1,2,4,8,11,14,16	app oh tea t-back ons ash ills
POOL	14569	0.520833945	1,2,4,8,11,16	app oh t t-back ons selfie
POOL	14570	0.520760285	1,2,4,8,11,14,16	app oh tea t-back ons ash neff
POOL	14571	0.520724661	2,7,11,13,15,16	pull t-back carr's us air furry
POOL	14572	0.520677046	1,2,4,7,11,13,16	app oh tea t-back cons ash alford
POOL	14573	0.520674553	1,2,4,7,11,13,16	app oh tea t-back cons ash caliph
POOL	14574	0.520663406	3,5,8,10,13,14,16	put eat back on a are least
POOL	14575	0.520648444	1,2,4,8,11,14,16	app oh tea t-back ons ash pulse
POOL	14576	0.520625512	1,2,4,8,11,14,16	app oh tea t-back ons ash fs
POOL	14577	0.520578346	1,2,4,7,11,16	app oh tea t-back khan's lasalle
POOL	14578	0.520543710	1,2,4,8,11,14,16	app oh tea t-back ons ash 'nuff
POOL	14579	0.520541705	3,6,11,16	port ib cons seth
POOL	14580	0.520518793	1,2,4,8,11,14,16	app oh tea t-back ons ash earls
POOL	14581	0.520509696	4,8,11,12,13,16	pussy t-back odds a see else
POOL	14582	0.520503541	1,2,4,8,11,14,16	app oh tea t-back ons ash filth
POOL	14583	0.520480205	1,2,4,7,11,13,16	app oh tea t-back cons ash alli
POOL	14584	0.520464379	1,2,4,7,11,13,16	app oh tea t-back cons ass lp
POOL	14585	0.520446364	1,2,4,8,11,14,16	app oh tea t-back ons ash els
POOL	14586	0.520325808	1,2,4,8,11,14,16	app oh tea t-back ons ash loos
POOL	14587	0.520320603	1,2,4,7,11,13,16	app oh tea t-back cons ash fellas
POOL	14588	0.520303287	2,4,6,11,13,16	too tea top axons ass ela
POOL	14589	0.520299673	1,2,4,7,11,12,16	app oh tea t-back cons a sally
POOL	14590	0.520288272	1,2,4,8,11,14,16	app oh tea t-back ons ash lance
POOL	14591	0.520287389	1,2,4,8,11,14,16	app oh tea t-back ons ash locks
POOL	14592	0.520286227	1,2,4,8,11,14,16	app oh tea t-back ons ash reeve
POOL	14593	0.520265323	1,2,4,8,11,16	app oh t t-back ons offence
POOL	14594	0.520206352	1,2,4,5,7,10,16	app oh tea too bad car giselle
POOL	14595	0.520194337	1,2,4,8,11,14,16	app oh tea t-back ons ash ef
POOL	14596	0.520132297	1,2,4,8,11,14,16	app oh tea t-back ons ash lacks
POOL	14597	0.520104004	1,2,4,8,11,14,16	app oh tea t-back ons ash leaks
POOL	14598	0.520088888	1,2,4,5,7,10,16	app oh see too bad con thyself
POOL	14599	0.520070098	2,4,6,11,13,16	too tea top axons ass elie
POOL	14600	0.520063719	1,2,4,5,7,10,16	app oh tea too bad conn giselle
POOL	14601	0.520042866	1,2,4,8,11,16	app oh tea t-back ons ethel
POOL	14602	0.520006290	1,2,4,7,11,12,16	app oh tea t-back cons a therese
POOL	14603	0.519997488	1,2,4,8,11,14,16	app oh tea t-back ons ash alls
POOL	14604	0.519988182	2,4,6,11,13,16	too tea top axons ass ele
POOL	14605	0.519978613	1,2,4,7,11,13,16	app oh tea t-back cons ash alphas
POOL	14606	0.519952605	1,2,4,8,11,14,16	app oh tea t-back ons ash rav
POOL	14607	0.519931945	1,2,4,7,11,12,16	app oh tea t-back cons a itself
POOL	14608	0.519931336	1,2,4,8,11,14,16	app oh tea t-back ons ash lace
POOL	14609	0.519887732	1,2,4,8,11,14,16	app oh tea t-back ons ash thaw
POOL	14610	0.519887501	3,5,8,11,12,13,14,16	put eat bak ons a shh eh loose
POOL	14611	0.519866728	1,2,4,7,11,12,16	app oh tea t-back cons a ellis
POOL	14612	0.519864983	3,5,8,11,12,13,14,16	put eat bak ons a shh eh roof
POOL	14613	0.519841241	1,2,4,8,11,14,16	app oh tea t-back ons ash thi
POOL	14614	0.519831464	1,2,4,8,11,14,16	app oh tea t-back ons ash bliss
POOL	14615	0.519797850	2,4,6,11,13,16	too tea top axons ass effie
POOL	14616	0.519701732	1,2,4,8,11,14,16	app oh tea t-back ons ash c
POOL	14617	0.519697452	1,2,4,7,11,12,16	app oh tea t-back cons a hellish
POOL	14618	0.519690250	1,2,4,5,7,10,16	app oh tea too bad con vassal
POOL	14619	0.519671711	2,4,6,11,13,16	too tea top axons ass elly
POOL	14620	0.519659443	3,5,8,11,12,13,14,16	put eat bak ons a shh eh rough
POOL	14621	0.519635026	1,2,4,7,11,12,16	app oh tea t-back cons a alfie
POOL	14622	0.519618056	1,2,4,7,11,13,16	app oh tea t-back cons ash ulcer
POOL	14623	0.519460240	1,2,4,8,11,14,16	app oh tea t-back ons ash laps
POOL	14624	0.519457579	1,2,4,8,11,14,16	app oh tea t-back ons ash r
POOL	14625	0.519430405	1,2,4,8,11,14,16	app oh tea t-back ons ash loops
POOL	14626	0.519375880	2,4,6,11,13,16	too tea top axons ass eller
POOL	14627	0.519355365	1,2,4,8,11,14,16	app oh tea t-back ons ash yous
POOL	14628	0.519333988	1,2,4,8,11,14,16	app oh tea t-back ons ash auth
POOL	14629	0.519312322	3,5,8,11,12,13,14,16	put eat bak ons a shh eh las
POOL	14630	0.519309995	1,2,4,7,11,12,16	app oh tea t-back cons a alfa
POOL	14631	0.519259808	1,2,4,5,7,10,16	app oh tea too bad cause vassal
POOL	14632	0.519188924	1,2,4,8,11,14,16	app oh tea t-back ons ash alps
POOL	14633	0.519121388	1,2,4,8,11,16	app oh t t-back ons aswell
POOL	14634	0.519117645	1,2,4,8,11,14,16	app oh tea t-back ons ash lax
POOL	14635	0.519006791	1,2,4,8,11,14,16	app oh tea t-back ons ash lex
POOL	14636	0.518983456	3,5,8,10,13,14,16	put eat back on a are let's
POOL	14637	0.518981692	1,2,4,7,11,13,16	app oh tea t-back cons ash zealous
POOL	14638	0.518977895	1,2,4,8,11,14,16	app oh tea t-back ons ash lapse
POOL	14639	0.518965388	3,5,8,11,12,13,14,16	put eat bak ons a shh eh lease
POOL	14640	0.518958244	1,2,4,7,10,16	app oh tea t-back cause themself
POOL	14641	0.518925071	1,2,4,8,11,14,16	app oh tea t-back ons ash gloss
POOL	14642	0.518904493	1,2,4,7,11,12,16	app oh tea t-back cons a cellars
POOL	14643	0.518858976	1,2,4,8,11,16	app oh tea t-back ons ethyl
POOL	14644	0.518857810	1,2,4,7,11,12,16	app oh tea t-back cons a zealous
POOL	14645	0.518856374	1,2,4,8,11,14,16	app oh tea t-back ons ash yas
POOL	14646	0.518764233	3,5,8,11,12,13,14,16	put eat bak ons a shh eh les
POOL	14647	0.518763860	1,2,4,8,11,16	app oh tea t-back ons affaires
POOL	14648	0.518701488	1,2,4,8,11,14,16	app oh tea t-back ons ash ths
POOL	14649	0.518696171	1,2,4,8,11,14,16	app oh tea t-back ons ash alp
POOL	14650	0.518690792	4,6,7,10,13,16	pussy tabby ann cause this else
POOL	14651	0.518667058	1,2,4,8,11,14,16	app oh tea t-back ons ash loath
POOL	14652	0.518637893	1,2,4,8,11,14,16	app oh tea t-back ons ash fleece
POOL	14653	0.518633912	1,2,4,8,11,14,16	app oh tea t-back ons ash leaps
POOL	14654	0.518633159	1,2,4,8,11,14,16	app oh tea t-back ons ash luke's
POOL	14655	0.518582606	1,2,4,8,11,14,16	app oh tea t-back ons ash blyth
POOL	14656	0.518564112	1,2,4,8,11,14,16	app oh tea t-back ons ash sleuth
POOL	14657	0.518552802	1,2,4,8,11,14,16	app oh tea t-back ons ash lux
POOL	14658	0.518522926	1,2,4,7,10,16	app oh tea t-back con themself
POOL	14659	0.518498966	1,2,4,7,11,12,16	app oh tea t-back cons a sheriff's
POOL	14660	0.518398094	1,2,4,7,11,13,16	app oh tea t-back cons ash lp
POOL	14661	0.518363715	1,2,4,7,11,12,16	app oh tea t-back cons a elsa
POOL	14662	0.518243660	1,2,4,7,11,12,16	app oh tea t-back cons a herself
POOL	14663	0.518237110	1,2,4,8,11,14,16	app oh tea t-back ons ash lice
POOL	14664	0.518208287	1,2,4,8,11,14,16	app oh tea t-back ons ash lupe
POOL	14665	0.518164283	1,2,4,8,11,14,16	app oh tea t-back ons ash floss
POOL	14666	0.518133715	1,2,4,7,11,12,16	app oh tea t-back cons a salah
POOL	14667	0.518079568	3,5,8,10,12,16	put eat bak on the selfie
POOL	14668	0.518028005	3,5,8,11,12,13,14,16	put eat bak ons a shh eh ref
POOL	14669	0.517965906	1,2,4,8,11,16	app oh t t-back ons ansel
POOL	14670	0.517965605	1,2,4,8,11,14,16	app oh tea t-back ons ash licks
POOL	14671	0.517951182	1,2,4,7,11,12,16	app oh tea t-back cons a sherry
POOL	14672	0.517912844	1,2,4,8,11,14,16	app oh tea t-back ons ash lakhs
POOL	14673	0.517898729	3,5,8,11,12,13,14,16	put eat bak ons a shh eh leith
POOL	14674	0.517794511	1,2,4,8,11,14,16	app oh tea t-back ons ash lop
POOL	14675	0.517788204	1,2,4,8,11,16	app oh t t-back ons ss
POOL	14676	0.517762934	3,5,8,10,13,14,16	put eat back on a are plus
POOL	14677	0.517716638	3,5,8,11,12,13,14,16	put eat bak ons a shh eh reef
POOL	14678	0.517685077	1,2,4,8,11,14,16	app oh tea t-back ons ash luxe
POOL	14679	0.517659255	1,2,4,8,11,14,16	app oh tea t-back ons ash lutz
POOL	14680	0.517656442	1,2,4,8,11,14,16	app oh tea t-back ons ash oss
POOL	14681	0.517647088	1,2,4,8,11,16	app oh tea t-back ons lasalle
POOL	14682	0.517634161	3,5,8,11,12,13,14,16	put eat bak ons a shh eh less
POOL	14683	0.517529019	1,2,4,8,11,16	app oh t t-back ons sheriff
POOL	14684	0.517485313	1,2,4,7,11,12,16	app oh tea t-back cons a elsie
POOL	14685	0.517274057	1,2,4,8,11,14,16	app oh tea t-back ons ash ess
POOL	14686	0.517269065	1,2,4,8,11,14,16	app oh tea t-back ons ash lurks
POOL	14687	0.517268037	1,2,4,8,11,14,16	app oh tea t-back ons ash os
POOL	14688	0.517227274	3,5,8,11,12,13,14,16	put eat bak ons a shh eh raf
POOL	14689	0.517185951	2,6,10,16	puss tete cars' self
POOL	14690	0.517156250	1,2,4,9,10,16	app oh tea t-back new themself
POOL	14691	0.517125753	1,2,4,7,11,12,16	app oh tea t-back cons a halsey
POOL	14692	0.517100536	1,2,4,5,7,10,16	app oh tea too bad car vassal
POOL	14693	0.517028475	4,7,11,13,14,16	pussy tack cons usher a laugh
POOL	14694	0.516988690	1,2,4,7,11,12,16	app oh tea t-back cons a stealthy
POOL	14695	0.516957904	1,2,4,5,7,10,16	app oh tea too bad conn vassal
POOL	14696	0.516781214	1,2,4,7,11,12,16	app oh tea t-back cons a sallie
POOL	14697	0.516656531	1,2,4,8,11,16	app oh t t-back ons ethel
POOL	14698	0.516645752	3,5,8,11,12,13,14,16	put eat bak ons a shh eh riff
POOL	14699	0.516599543	1,2,4,8,11,14,16	app oh tea t-back ons ash es
POOL	14700	0.516546223	1,2,4,7,11,12,16	app oh tea t-back cons a cherie
POOL	14701	0.516320472	1,2,4,7,11,12,16	app oh tea t-back cons a sherri
POOL	14702	0.516280024	4,6,7,11,15,16	pussy tb a cons sell soo
POOL	14703	0.516271520	3,5,8,11,12,13,14,16	put eat bak ons a shh eh lis
POOL	14704	0.516250100	3,5,8,11,12,13,14,16	put eat bak ons a shh eh lass
POOL	14705	0.516243447	1,2,4,8,11,12,16	too good see t-back on a self
POOL	14706	0.516088446	3,5,8,11,12,13,14,16	put eat bak ons a shh eh lush
POOL	14707	0.516051128	3,5,8,11,12,13,14,16	put eat bak ons a shh eh luce
POOL	14708	0.516007384	1,2,4,7,10,16	app oh tea t-back cause thyself
POOL	14709	0.515950344	1,2,4,7,11,12,16	app oh tea t-back cons a cheri
POOL	14710	0.515914024	1,2,4,7,11,12,16	app oh tea t-back cons a sheri
POOL	14711	0.515891830	3,5,8,11,12,13,14,16	put eat bak ons a shh eh leash
POOL	14712	0.515857871	3,5,8,11,12,13,14,16	put eat bak ons a shh eh ruff
POOL	14713	0.515741418	1,2,4,9,11,12,16	app oh see t-back news eh shelf
POOL	14714	0.515683302	3,5,8,11,12,13,14,16	put eat bak ons a shh eh lash
POOL	14715	0.515572066	1,2,4,7,10,16	app oh tea t-back con thyself
POOL	14716	0.515522141	3,5,8,11,12,13,14,16	put eat bak ons a shh eh use
POOL	14717	0.515472642	1,2,4,8,11,16	app oh t t-back ons ethyl
POOL	14718	0.515377526	1,2,4,8,11,16	app oh t t-back ons affaires
POOL	14719	0.515216514	3,7,11,16	took eat carve shelf
POOL	14720	0.515199973	3,5,8,11,12,13,14,16	put eat bak ons a shh eh raff
POOL	14721	0.515158087	3,5,8,11,12,13,14,16	put eat bak ons a shh eh arf
POOL	14722	0.515132907	3,5,8,11,12,13,14,16	put eat bak ons a shh eh see
POOL	14723	0.514848306	3,5,8,11,12,13,14,16	put eat bak ons a shh eh shh
POOL	14724	0.514774642	3,5,8,10,12,16	put eat bak on the sheriff
POOL	14725	0.514478268	4,8,11,12,13,16	cookie t-back ons a say else
POOL	14726	0.514432534	4,8,11,12,13,16	bookie t-back news a see else
POOL	14727	0.514260754	1,2,4,8,11,16	app oh t t-back ons lasalle
POOL	14728	0.514205390	1,2,4,9,10,16	app oh tea t-back new thyself
POOL	14729	0.513717515	2,4,8,11,13,16	pull tin t-back ons us else's
POOL	14730	0.513614499	3,5,8,11,12,13,14,16	put eat bak ons a shh eh sh
POOL	14731	0.513541740	2,5,9,11,12,16	pull tit becca news a selfish
POOL	14732	0.513030692	3,4,9,11,13,16	putter a t-back news us else
POOL	14733	0.512986342	1,2,4,8,11,14,16	app oh tea t-back ons ash ys
POOL	14734	0.512969024	1,2,4,8,11,14,16	app oh tea t-back ons ash alpha
POOL	14735	0.512907737	4,7,11,12,15,16	pussy bad cons mia sell if
POOL	14736	0.512579705	3,5,8,10,12,16	put eat back ahs the selfie
POOL	14737	0.512402159	4,8,11,16	t. cac ons cher
POOL	14738	0.512369882	1,2,4,7,10,16	app oh tea t-back cause giselle
POOL	14739	0.512246199	3,5,8,10,12,16	put eat back oz the selfie
POOL	14740	0.511934564	1,2,4,7,10,16	app oh tea t-back con giselle
POOL	14741	0.511744608	3,4,9,11,13,16	took a t-back honors us else
POOL	14742	0.511038835	3,5,8,11,12,13,14,16	put eat back ons a sh eh laugh
POOL	14743	0.510532598	1,2,4,7,12,16	app oh tea t-back cons set-off
POOL	14744	0.510118915	1,2,4,8,11,14,16	app oh tea t-back ons ash leafy
POOL	14745	0.510038812	2,7,11,12,13,16	pull t-back cons a shot aloof
POOL	14746	0.509868037	1,2,4,8,11,14,16	app oh tea t-back ons ash alfie
POOL	14747	0.509668781	4,8,11,12,13,16	pussy t-back ons et see else
POOL	14748	0.509561295	3,5,8,11,12,13,14,16	put eat back ons a sh eh leaf
POOL	14749	0.509543006	1,2,4,8,11,14,16	app oh tea t-back ons ash alfa
POOL	14750	0.509342834	1,2,4,8,11,14,16	app oh tea t-back ons ash aloof
POOL	14751	0.509315427	1,2,4,8,11,14,16	app oh tea t-back ons ash louis
POOL	14752	0.509305970	1,2,4,7,10,16	app oh tea t-back cause vassal
POOL	14753	0.508870652	1,2,4,7,10,16	app oh tea t-back con vassal
POOL	14754	0.508520049	3,5,8,11,12,13,14,16	put eat back ons a sh eh else
POOL	14755	0.508487493	3,5,8,10,12,16	put eat bak on the serif
POOL	14756	0.508025261	3,5,8,11,12,13,14,16	put eat back ons a sh eh elf
POOL	14757	0.507870922	1,2,4,8,11,14,16	app oh tea t-back ons ash lewis
POOL	14758	0.507553710	1,2,4,8,11,14,16	app oh tea t-back ons ash luther
POOL	14759	0.507550493	2,5,9,12,15,16	pull tit becca nausea sell if
POOL	14760	0.507074683	1,2,4,8,11,14,16	app oh tea t-back ons ash alice
POOL	14761	0.507032444	4,6,7,11,15,16	pussy serb a cons unfair if
POOL	14762	0.506899830	3,5,8,11,12,13,14,16	put eat back ons a sh eh loss
POOL	14763	0.506748216	3,5,8,11,12,13,14,16	put eat back ons a sh eh alf
POOL	14764	0.506394504	3,4,8,11,13,16	took a t-back ons us alfa
POOL	14765	0.506354157	4,8,11,12,13,16	pity t-back ons a see help
POOL	14766	0.506150502	1,2,4,8,11,14,16	app oh tea t-back ons ash luis
POOL	14767	0.506038829	1,2,4,8,11,14,16	app oh tea t-back ons ash ellis
POOL	14768	0.505985350	3,5,8,11,12,13,14,16	put eat back ons a sh eh leif
POOL	14769	0.505659544	3,5,8,11,12,13,14,16	put eat back ons a sh eh ulf
POOL	14770	0.505515598	1,2,4,7,12,16	app oh tea t-back cons healthy
POOL	14771	0.505493372	2,5,9,12,13,16	pull tit becca anvil see else
POOL	14772	0.505235328	4,9,13,15,16	pussy t-back newness air see
POOL	14773	0.505218996	1,2,4,8,11,14,16	app oh tea t-back ons ash alas
POOL	14774	0.505191014	4,8,9,13,16	pottery t-back ahh rash else
POOL	14775	0.505017909	1,2,4,8,11,14,16	app oh tea t-back ons ash shelf
POOL	14776	0.504398193	3,5,8,11,12,13,14,16	put eat back ons a sh eh loose
POOL	14777	0.504375675	3,5,8,11,12,13,14,16	put eat back ons a sh eh roof
POOL	14778	0.504365835	4,8,11,12,13,16	petty t-back ons and see else
POOL	14779	0.504170135	3,5,8,11,12,13,14,16	put eat back ons a sh eh rough
POOL	14780	0.504090959	1,2,4,8,11,14,16	app oh tea t-back ons ash elise
POOL	14781	0.503823014	3,5,8,11,12,13,14,16	put eat back ons a sh eh las
POOL	14782	0.503821790	4,8,11,12,13,16	pussy t-back ons a see an
POOL	14783	0.503741858	2,6,7,11,14,16	pushy tit a taj assess laugh
POOL	14784	0.503476080	3,5,8,11,12,13,14,16	put eat back ons a sh eh lease
POOL	14785	0.503274925	3,5,8,11,12,13,14,16	put eat back ons a sh eh les
POOL	14786	0.503054248	1,2,4,8,11,14,16	app oh tea t-back ons ash lewes
POOL	14787	0.502821745	1,2,4,7,12,16	app oh tea t-back cons serif
POOL	14788	0.502569843	3,5,9,11,12,16	putty eat becca news a self
POOL	14789	0.502538697	3,5,8,11,12,13,14,16	put eat back ons a sh eh ref
POOL	14790	0.502409421	3,5,8,11,12,13,14,16	put eat back ons a sh eh leith
POOL	14791	0.502227330	3,5,8,11,12,13,14,16	put eat back ons a sh eh reef
POOL	14792	0.501737966	3,5,8,11,12,13,14,16	put eat back ons a sh eh raf
POOL	14793	0.501505724	1,2,4,8,12,16	app oh tea t-back ons set-off
POOL	14794	0.501156444	3,5,8,11,12,13,14,16	put eat back ons a sh eh riff
POOL	14795	0.500782212	3,5,8,11,12,13,14,16	put eat back ons a sh eh lis
POOL	14796	0.500760792	3,5,8,11,12,13,14,16	put eat back ons a sh eh lass
POOL	14797	0.500685986	1,2,4,7,12,16	app oh tea t-back cons shelley
POOL	14798	0.500599138	3,5,8,11,12,13,14,16	put eat back ons a sh eh lush
POOL	14799	0.500561820	3,5,8,11,12,13,14,16	put eat back ons a sh eh luce
POOL	14800	0.500402522	3,5,8,11,12,13,14,16	put eat back ons a sh eh leash
POOL	14801	0.500368563	3,5,8,11,12,13,14,16	put eat back ons a sh eh ruff
POOL	14802	0.500283516	4,9,11,13,16	pussy t-back news us ella
POOL	14803	0.500193994	3,5,8,11,12,13,14,16	put eat back ons a sh eh lash
POOL	14804	0.499973610	1,2,4,7,12,16	app oh tea t-back cons fellas
POOL	14805	0.499968029	1,2,4,7,12,16	app oh tea t-back cons shelly
POOL	14806	0.499710665	3,5,8,11,12,13,14,16	put eat back ons a sh eh raff
POOL	14807	0.499668779	3,5,8,11,12,13,14,16	put eat back ons a sh eh arf
POOL	14808	0.499486767	1,2,4,7,12,16	app oh tea t-back cons shellfish
POOL	14809	0.499358998	3,5,8,11,12,13,14,16	put eat back ons a sh eh shh
POOL	14810	0.498454650	4,6,8,11,13,16	pussy tue at ons us elsa
POOL	14811	0.498125191	3,5,8,11,12,13,14,16	put eat back ons a sh eh sh
POOL	14812	0.498025525	3,5,9,13,15,16	talk eat becca zenith air if
POOL	14813	0.498000519	1,2,4,7,12,16	app oh tea t-back cons schaeffer
POOL	14814	0.497557729	2,5,11,12,13,16	ah tit batons a see elsie
POOL	14815	0.497457353	3,5,8,11,12,13,14,16	put eat back ons a sh eh less
POOL	14816	0.497277580	3,5,8,11,12,15,16	put eat bak ons a sell offer
POOL	14817	0.497024676	3,5,8,11,12,13,16	put eat bak ons a shh alpha
POOL	14818	0.496733343	3,5,8,11,12,15,16	put eat bak ons a cell offer
POOL	14819	0.496488724	1,2,4,8,12,16	app oh tea t-back ons healthy
POOL	14820	0.496297362	2,4,8,11,12,16	pull outta t-back ons la self
POOL	14821	0.495852236	3,5,8,11,12,13,16	put eat bak ons a shh well-off
POOL	14822	0.495614611	3,5,8,11,12,13,16	put eat bak ons a sh alpha
POOL	14823	0.494947885	4,6,7,13,16	pussy tube a converse well-off
POOL	14824	0.494598464	4,6,7,13,16	pussy tuba a conscious l
POOL	14825	0.494155392	3,5,8,11,12,13,16	put eat bak ons a shh ellis
POOL	14826	0.493923690	3,5,8,11,12,13,16	put eat bak ons a shh alfie
POOL	14827	0.493794871	1,2,4,8,12,16	app oh tea t-back ons serif
POOL	14828	0.493598659	3,5,8,11,12,13,16	put eat bak ons a shh alfa
POOL	14829	0.492745327	3,5,8,11,12,13,16	put eat bak ons a sh ellis
POOL	14830	0.492652379	3,5,8,11,12,13,16	put eat bak ons a shh elsa
POOL	14831	0.492513625	3,5,8,11,12,13,16	put eat bak ons a sh alfie
POOL	14832	0.492409570	2,5,9,12,13,16	pull tech becca rina see else
POOL	14833	0.492188594	3,5,8,11,12,13,16	put eat bak ons a sh alfa
POOL	14834	0.492156805	1,2,4,8,12,16	app oh tea t-back ons selfish
POOL	14835	0.491891952	1,2,4,8,12,16	app oh tea t-back ons sell-through
POOL	14836	0.491844589	4,8,11,12,13,16	pussy t-back khans teh see else
POOL	14837	0.491808291	2,5,9,10,12,16	pull tit becca new a selfie
POOL	14838	0.491787909	1,2,4,8,12,16	app oh tea t-back ons seller
POOL	14839	0.491773977	3,5,8,11,12,13,16	put eat bak ons a shh elsie
POOL	14840	0.491659112	1,2,4,8,12,16	app oh tea t-back ons shelley
POOL	14841	0.491242314	3,5,8,11,12,13,16	put eat bak ons a sh elsa
POOL	14842	0.490946736	1,2,4,8,12,16	app oh tea t-back ons fellas
POOL	14843	0.490941155	1,2,4,8,12,16	app oh tea t-back ons shelly
POOL	14844	0.490782880	1,2,4,8,11,12,16	too good see t-back on a shelf
POOL	14845	0.490712338	3,5,8,11,12,13,16	put eat bak ons a shh aloof
POOL	14846	0.490459893	1,2,4,8,12,16	app oh tea t-back ons shellfish
POOL	14847	0.490396781	1,2,4,8,12,16	app oh tea t-back ons cellar
POOL	14848	0.490363912	3,5,8,11,12,13,16	put eat bak ons a sh elsie
POOL	14849	0.490358615	1,2,4,8,12,16	app oh tea t-back ons sulfur
POOL	14850	0.490216113	4,6,7,13,16	pussy taboo hang conscious else
POOL	14851	0.490184808	1,2,4,8,12,16	app oh tea t-back ons alpha
POOL	14852	0.490046945	1,2,4,8,12,16	app oh tea t-back ons selfies
POOL	14853	0.489838282	2,5,9,12,13,16	puig tit becca zia see else
POOL	14854	0.489734286	2,5,9,12,15,16	peru tit becca zee sell if
POOL	14855	0.489596739	1,2,4,8,12,16	app oh tea t-back ons sulphur
POOL	14856	0.489302273	3,5,8,11,12,13,16	put eat bak ons a sh aloof
POOL	14857	0.488973645	1,2,4,8,12,16	app oh tea t-back ons schaeffer
POOL	14858	0.488882346	2,5,9,12,13,16	pull tit bangkok nama see else
POOL	14859	0.488730194	1,2,4,8,12,16	app oh tea t-back ons shell-less
POOL	14860	0.488719832	1,2,4,8,12,16	app oh tea t-back ons chelsea
POOL	14861	0.488499370	4,8,9,13,16	pussy t-back ahh thus elsie
POOL	14862	0.488398276	1,2,4,8,12,16	app oh tea t-back ons sellers
POOL	14863	0.488233685	4,6,8,11,12,16	pussy tubby at ons i self
POOL	14864	0.487703962	2,5,9,11,12,16	pull toy becca news leah self
POOL	14865	0.487613899	3,5,8,10,12,16	put eat back on the selfie
POOL	14866	0.487589466	1,2,4,8,12,16	app oh tea t-back ons sally
POOL	14867	0.487274935	3,4,8,11,12,16	took a t-back ons una self
POOL	14868	0.487148703	1,2,4,8,12,16	app oh tea t-back ons ellis
POOL	14869	0.486831402	2,5,9,10,12,16	pull tit becca new liza self
POOL	14870	0.486822286	1,2,4,8,12,16	app oh tea t-back ons therese
POOL	14871	0.486566990	1,2,4,8,12,16	app oh tea t-back ons alfie
POOL	14872	0.486511062	1,2,4,8,12,16	app oh tea t-back ons hellish
POOL	14873	0.486212643	5,8,11,12,13,16	potty better ons a see else
POOL	14874	0.486187788	1,2,4,8,12,16	app oh tea t-back ons alfa
POOL	14875	0.485752316	1,2,4,8,12,16	app oh tea t-back ons cellars
POOL	14876	0.485697852	1,2,4,8,12,16	app oh tea t-back ons zealous
POOL	14877	0.485606436	1,2,4,8,12,16	app oh tea t-back ons sheriff's
POOL	14878	0.485395188	1,2,4,8,12,16	app oh tea t-back ons elsa
POOL	14879	0.485065835	3,5,9,11,12,16	took eat becca news a alfa
POOL	14880	0.485062514	1,2,4,8,12,16	app oh tea t-back ons salah
POOL	14881	0.485043606	3,5,9,12,15,16	took eat becca nausea sell if
POOL	14882	0.484967354	1,2,4,8,12,16	app oh tea t-back ons sherry
POOL	14883	0.484669071	2,5,9,11,12,16	pull died becca news a alfie
POOL	14884	0.484370386	1,2,4,8,12,16	app oh tea t-back ons elsie
POOL	14885	0.484308973	3,5,8,10,12,16	put eat back on the sheriff
POOL	14886	0.484134342	4,9,12,13,16	pussy t-back souza see else
POOL	14887	0.483980694	1,2,4,8,12,16	app oh tea t-back ons halsey
POOL	14888	0.483923758	3,4,5,6,8,11,13,16	'bout a.'s 'til ab ack ons ash elf
POOL	14889	0.483748604	1,2,4,8,12,16	app oh tea t-back ons stealthy
POOL	14890	0.483484596	1,2,4,8,12,16	app oh tea t-back ons sallie
POOL	14891	0.483328235	1,2,4,8,12,16	app oh tea t-back ons cherie
POOL	14892	0.483064859	1,2,4,8,12,16	app oh tea t-back ons sherri
POOL	14893	0.482633043	1,2,4,8,12,16	app oh tea t-back ons cheri
POOL	14894	0.482590669	1,2,4,8,12,16	app oh tea t-back ons sheri
POOL	14895	0.482244496	2,5,9,12,15,16	pushy tit becca a sell says
POOL	14896	0.481966035	3,5,9,12,13,16	took eat becca neva see else
POOL	14897	0.481301153	3,4,5,6,8,11,13,16	'bout a.'s 'til ab ack ons ashe elf
POOL	14898	0.479836175	2,5,9,12,13,16	pu'er tit becca a see f.'s
POOL	14899	0.479687225	4,8,11,12,16	pussy t-back ons a cellar
POOL	14900	0.479163612	3,5,8,9,13,16	put eat bak ahh nervous well-off
POOL	14901	0.479124944	3,5,8,9,13,16	put eat bak ahh nervous alpha
POOL	14902	0.478866714	3,5,8,9,13,16	put eat bak ah nervous well-off
POOL	14903	0.478828047	3,5,8,9,13,16	put eat bak ah nervous alpha
POOL	14904	0.478174651	3,5,8,11,12,13,16	put eat back ons a sh alpha
POOL	14905	0.478021824	3,5,8,10,12,16	put eat back on the serif
POOL	14906	0.477354163	3,5,8,11,13,16	pushy eat bak ons issue else
POOL	14907	0.475672438	4,8,9,13,16	pussy t-back ahh nauseous fell
POOL	14908	0.475305367	3,5,8,11,12,13,16	put eat back ons a sh ellis
POOL	14909	0.475073664	3,5,8,11,12,13,16	put eat back ons a sh alfie
POOL	14910	0.474748633	3,5,8,11,12,13,16	put eat back ons a sh alfa
POOL	14911	0.474138750	3,8,11,12,13,16	took attack ons a see elvis'
POOL	14912	0.473802354	3,5,8,11,12,13,16	put eat back ons a sh elsa
POOL	14913	0.472923952	3,5,8,11,12,13,16	put eat back ons a sh elsie
POOL	14914	0.472691035	4,8,11,13,16	pussy t-back r. us ala
POOL	14915	0.472488306	3,5,9,10,13,16	took eater becca new tha else
POOL	14916	0.472366920	3,8,11,12,13,16	took attack ons leah see else
POOL	14917	0.472342837	3,5,9,11,12,16	books eat becca news a sellers
POOL	14918	0.472318485	2,5,8,12,13,16	pu tit backup ana see else
POOL	14919	0.472155149	3,4,8,11,12,16	took here t-back ons dia self
POOL	14920	0.471862312	3,5,8,11,12,13,16	put eat back ons a sh aloof
POOL	14921	0.470938570	5,9,12,13,16	post-it back-up sousa see else
POOL	14922	0.470466417	3,5,9,12,13,16	pet eat becca navas see else
POOL	14923	0.469777063	2,4,8,12,16	too tea t-back ana sellers'
POOL	14924	0.468508965	4,8,9,13,16	bawdy t-back ahh thus aloof
POOL	14925	0.465598507	4,8,10,13,16	pussy attack are thus alfie
POOL	14926	0.465126034	2,5,9,10,12,16	aw tit becca new a shelley
POOL	14927	0.464576121	3,5,11,13,16	put eat batons issue well-off
POOL	14928	0.463681901	5,7,11,12,16	post-it bad common a selfies
POOL	14929	0.462841902	3,5,11,13,16	put eat batons issue alpha
POOL	14930	0.462368430	3,4,5,6,8,11,12,13,16	'bout a.'s 'til ab ack ons eh shh elf
POOL	14931	0.462331988	5,8,11,12,13,16	post-it betty ons a see bells
POOL	14932	0.461271712	3,4,5,6,8,11,12,13,16	'bout a.'s 'til ab ack ons eh sh elf
POOL	14933	0.461092244	3,4,5,6,8,11,12,13,16	'bout a.'s 'til ab ack ons uh sh elf
POOL	14934	0.460540273	4,8,9,13,16	pussy setback ahh thus alas
POOL	14935	0.460269477	4,8,11,12,16	pussy t-back others' a heir
POOL	14936	0.459063909	3,5,9,12,15,16	bought city becca a sell if
POOL	14937	0.458807724	3,5,9,12,15,16	took eat becca a ellie if
POOL	14938	0.458345536	2,5,9,10,12,16	pull audit becca new a helm
POOL	14939	0.458256531	3,8,11,12,13,16	input attack ons a see alpha
POOL	14940	0.457802215	5,7,13,16	post-it bear connoisseur alpha
POOL	14941	0.455100285	3,5,11,13,16	put eat batons issue e-health
POOL	14942	0.453969593	2,5,9,10,12,16	pull attic becca new mia self
POOL	14943	0.453274382	3,5,11,13,16	put eat batons issue healthy
POOL	14944	0.448923809	3,5,8,10,12,13,14,16	put eat bak on the shh eh laugh
POOL	14945	0.447690002	3,5,8,10,12,13,14,16	put eat bak on the sh eh laugh
POOL	14946	0.447446269	3,5,8,10,12,13,14,16	put eat bak on the shh eh leaf
POOL	14947	0.446957329	4,8,11,12,16	pussy t-back ons ed elsa
POOL	14948	0.446405023	3,5,8,10,12,13,14,16	put eat bak on the shh eh else
POOL	14949	0.446212462	3,5,8,10,12,13,14,16	put eat bak on the sh eh leaf
POOL	14950	0.445910236	3,5,8,10,12,13,14,16	put eat bak on the shh eh elf
POOL	14951	0.445171216	3,5,8,10,12,13,14,16	put eat bak on the sh eh else
POOL	14952	0.444784804	3,5,8,10,12,13,14,16	put eat bak on the shh eh loss
POOL	14953	0.444676429	3,5,8,10,12,13,14,16	put eat bak on the sh eh elf
POOL	14954	0.444633190	3,5,8,10,12,13,14,16	put eat bak on the shh eh alf
POOL	14955	0.443870324	3,5,8,10,12,13,14,16	put eat bak on the shh eh leif
POOL	14956	0.443550997	3,5,8,10,12,13,14,16	put eat bak on the sh eh loss
POOL	14957	0.443544518	3,5,8,10,12,13,14,16	put eat bak on the shh eh ulf
POOL	14958	0.443399384	3,5,8,10,12,13,14,16	put eat bak on the sh eh alf
POOL	14959	0.442636518	3,5,8,10,12,13,14,16	put eat bak on the sh eh leif
POOL	14960	0.442310711	3,5,8,10,12,13,14,16	put eat bak on the sh eh ulf
POOL	14961	0.442283167	3,5,8,10,12,13,14,16	put eat bak on the shh eh loose
POOL	14962	0.442260649	3,5,8,10,12,13,14,16	put eat bak on the shh eh roof
POOL	14963	0.442055109	3,5,8,10,12,13,14,16	put eat bak on the shh eh rough
POOL	14964	0.441707988	3,5,8,10,12,13,14,16	put eat bak on the shh eh las
POOL	14965	0.441361054	3,5,8,10,12,13,14,16	put eat bak on the shh eh lease
POOL	14966	0.441159899	3,5,8,10,12,13,14,16	put eat bak on the shh eh les
POOL	14967	0.441049360	3,5,8,10,12,13,14,16	put eat bak on the sh eh loose
POOL	14968	0.441026842	3,5,8,10,12,13,14,16	put eat bak on the sh eh roof
POOL	14969	0.440821302	3,5,8,10,12,13,14,16	put eat bak on the sh eh rough
POOL	14970	0.440474181	3,5,8,10,12,13,14,16	put eat bak on the sh eh las
POOL	14971	0.440423671	3,5,8,10,12,13,14,16	put eat bak on the shh eh ref
POOL	14972	0.440294395	3,5,8,10,12,13,14,16	put eat bak on the shh eh leith
POOL	14973	0.440127247	3,5,8,10,12,13,14,16	put eat bak on the sh eh lease
POOL	14974	0.440112304	3,5,8,10,12,13,14,16	put eat bak on the shh eh reef
POOL	14975	0.439926092	3,5,8,10,12,13,14,16	put eat bak on the sh eh les
POOL	14976	0.439622940	3,5,8,10,12,13,14,16	put eat bak on the shh eh raf
POOL	14977	0.439583824	2,5,9,12,15,16	pull it becca a selling if
POOL	14978	0.439189864	3,5,8,10,12,13,14,16	put eat bak on the sh eh ref
POOL	14979	0.439060589	3,5,8,10,12,13,14,16	put eat bak on the sh eh leith
POOL	14980	0.439041418	3,5,8,10,12,13,14,16	put eat bak on the shh eh riff
POOL	14981	0.438878497	3,5,8,10,12,13,14,16	put eat bak on the sh eh reef
POOL	14982	0.438667186	3,5,8,10,12,13,14,16	put eat bak on the shh eh lis
POOL	14983	0.438665785	3,4,5,6,8,11,12,16	'bout a.'s 'til ab ack ons uhh shelf
POOL	14984	0.438645766	3,5,8,10,12,13,14,16	put eat bak on the shh eh lass
POOL	14985	0.438484112	3,5,8,10,12,13,14,16	put eat bak on the shh eh lush
POOL	14986	0.438446794	3,5,8,10,12,13,14,16	put eat bak on the shh eh luce
POOL	14987	0.438389133	3,5,8,10,12,13,14,16	put eat bak on the sh eh raf
POOL	14988	0.438287496	3,5,8,10,12,13,14,16	put eat bak on the shh eh leash
POOL	14989	0.438253537	3,5,8,10,12,13,14,16	put eat bak on the shh eh ruff
POOL	14990	0.438078968	3,5,8,10,12,13,14,16	put eat bak on the shh eh lash
POOL	14991	0.438066082	3,4,5,6,8,11,12,16	'bout a.'s 'til ab ack ons eh shelf
POOL	14992	0.437884018	3,4,5,6,8,11,12,16	'bout a.'s 'til ab ack ons uh shelf
POOL	14993	0.437807612	3,5,8,10,12,13,14,16	put eat bak on the sh eh riff
POOL	14994	0.437595639	3,5,8,10,12,13,14,16	put eat bak on the shh eh raff
POOL	14995	0.437553753	3,5,8,10,12,13,14,16	put eat bak on the shh eh arf
POOL	14996	0.437433379	3,5,8,10,12,13,14,16	put eat bak on the sh eh lis
POOL	14997	0.437411959	3,5,8,10,12,13,14,16	put eat bak on the sh eh lass
POOL	14998	0.437250305	3,5,8,10,12,13,14,16	put eat bak on the sh eh lush
POOL	14999	0.437243972	3,5,8,10,12,13,14,16	put eat bak on the shh eh shh
POOL	15000	0.437212987	3,5,8,10,12,13,14,16	put eat bak on the sh eh luce
POOL	15001	0.437053689	3,5,8,10,12,13,14,16	put eat bak on the sh eh leash
POOL	15002	0.437019731	3,5,8,10,12,13,14,16	put eat bak on the sh eh ruff
POOL	15003	0.436845161	3,5,8,10,12,13,14,16	put eat bak on the sh eh lash
POOL	15004	0.436361832	3,5,8,10,12,13,14,16	put eat bak on the sh eh raff
POOL	15005	0.436319946	3,5,8,10,12,13,14,16	put eat bak on the sh eh arf
POOL	15006	0.436010165	3,5,8,10,12,13,14,16	put eat bak on the sh eh shh
POOL	15007	0.436010165	3,5,8,10,12,13,14,16	put eat bak on the shh eh sh
POOL	15008	0.435667666	3,5,8,10,13,14,15,16	put eat back on a a all see
POOL	15009	0.435342327	3,5,8,10,12,13,14,16	put eat bak on the shh eh less
POOL	15010	0.434955552	3,5,9,12,15,16	input eat becca a sally if
POOL	15011	0.434776358	3,5,8,10,12,13,14,16	put eat bak on the sh eh sh
POOL	15012	0.434108520	3,5,8,10,12,13,14,16	put eat bak on the sh eh less
POOL	15013	0.434028031	3,5,8,10,13,14,15,16	put eat back on a a all fee
POOL	15014	0.432121651	3,5,8,10,13,14,15,16	put eat back on a a all earth
POOL	15015	0.431802152	3,5,8,10,13,14,15,16	put eat back on a a all saw
POOL	15016	0.431104301	3,5,8,10,12,13,15,16	put eat back on the sh el see
POOL	15017	0.430819700	3,5,8,10,12,13,15,16	put eat back on the sh el shh
POOL	15018	0.430580414	3,5,8,10,12,13,15,16	put eat back on the sh l see
POOL	15019	0.430577558	3,5,8,10,12,13,15,16	put eat back on the sh elle see
POOL	15020	0.430491243	3,5,8,10,13,14,15,16	put eat back on a a all f
POOL	15021	0.430359493	3,5,8,10,13,14,15,16	put eat back on a a all sea
POOL	15022	0.430356678	3,5,8,10,13,14,15,16	put eat back on a a all sir
POOL	15023	0.430295813	3,5,8,10,12,13,15,16	put eat back on the sh l shh
POOL	15024	0.430292957	3,5,8,10,12,13,15,16	put eat back on the sh elle shh
POOL	15025	0.430090909	3,5,8,10,13,14,15,16	put eat back on a a all ass
POOL	15026	0.430035273	3,5,8,10,13,14,15,16	put eat back on a a all fa
POOL	15027	0.429980808	3,5,8,10,12,13,14,16	put eat back on the shh eh laugh
POOL	15028	0.429589668	3,5,8,10,12,13,15,16	put eat back on the sh ell see
POOL	15029	0.429585893	3,5,8,10,12,13,15,16	put eat back on the sh el sh
POOL	15030	0.429464667	3,5,8,10,12,13,15,16	put eat back on the sh el fee
POOL	15031	0.429417666	3,5,8,10,13,14,15,16	put eat back on a a are see
POOL	15032	0.429305067	3,5,8,10,12,13,15,16	put eat back on the sh ell shh
POOL	15033	0.429062006	3,5,8,10,12,13,15,16	put eat back on the sh l sh
POOL	15034	0.429059150	3,5,8,10,12,13,15,16	put eat back on the sh elle sh
POOL	15035	0.428940779	3,5,8,10,12,13,15,16	put eat back on the sh l fee
POOL	15036	0.428937923	3,5,8,10,12,13,15,16	put eat back on the sh elle fee
POOL	15037	0.428747001	3,5,8,10,12,13,14,16	put eat back on the sh eh laugh
POOL	15038	0.428532619	3,5,8,10,13,14,15,16	put eat back on a a all s
POOL	15039	0.428503268	3,5,8,10,12,13,14,16	put eat back on the shh eh leaf
POOL	15040	0.428071260	3,5,8,10,12,13,15,16	put eat back on the sh ell sh
POOL	15041	0.427972211	3,5,8,10,12,13,15,16	put eat back on the sh el fur
POOL	15042	0.427950284	3,5,11,12,16	put eat batons ea selfie
POOL	15043	0.427950034	3,5,8,10,12,13,15,16	put eat back on the sh ell fee
POOL	15044	0.427778031	3,5,8,10,13,14,15,16	put eat back on a a are fee
POOL	15045	0.427558286	3,5,8,10,12,13,15,16	put eat back on the sh el earth
POOL	15046	0.427462021	3,5,8,10,12,13,14,16	put eat back on the shh eh else
POOL	15047	0.427448323	3,5,8,10,12,13,15,16	put eat back on the sh l fur
POOL	15048	0.427445467	3,5,8,10,12,13,15,16	put eat back on the sh elle fur
POOL	15049	0.427355272	3,5,11,12,16	put eat batons ia selfie
POOL	15050	0.427269461	3,5,8,10,12,13,14,16	put eat back on the sh eh leaf
POOL	15051	0.427238787	3,5,8,10,12,13,15,16	put eat back on the sh el saw
POOL	15052	0.427146374	3,5,8,10,13,14,15,16	put eat back on a a all sue
POOL	15053	0.427044365	3,5,8,10,13,14,15,16	put eat back on a a all feel
POOL	15054	0.427034399	3,5,8,10,12,13,15,16	put eat back on the sh l earth
POOL	15055	0.427031543	3,5,8,10,12,13,15,16	put eat back on the sh elle earth
POOL	15056	0.426967234	3,5,8,10,12,13,14,16	put eat back on the shh eh elf
POOL	15057	0.426893783	3,5,8,10,13,14,15,16	put eat back on a a all free
POOL	15058	0.426714900	3,5,8,10,12,13,15,16	put eat back on the sh l saw
POOL	15059	0.426712044	3,5,8,10,12,13,15,16	put eat back on the sh elle saw
POOL	15060	0.426560011	3,5,8,10,12,13,15,16	put eat back on the sh el fir
POOL	15061	0.426457578	3,5,8,10,12,13,15,16	put eat back on the sh ell fur
POOL	15062	0.426435743	3,5,8,10,13,14,15,16	put eat back on a a all full
POOL	15063	0.426354429	3,5,8,10,12,13,15,16	put eat back on the sh el eff
POOL	15064	0.426240041	3,5,8,10,12,13,15,16	put eat back on the sh el foo
POOL	15065	0.426228215	3,5,8,10,12,13,14,16	put eat back on the sh eh else
POOL	15066	0.426193590	3,5,8,10,13,14,15,16	put eat back on a a all far
POOL	15067	0.426043653	3,5,8,10,12,13,15,16	put eat back on the sh ell earth
POOL	15068	0.426036124	3,5,8,10,12,13,15,16	put eat back on the sh l fir
POOL	15069	0.426033268	3,5,8,10,12,13,15,16	put eat back on the sh elle fir
POOL	15070	0.425970636	3,5,8,10,13,14,15,16	put eat back on a a all shoe
POOL	15071	0.425927878	3,5,8,10,12,13,15,16	put eat back on the sh el f
POOL	15072	0.425880405	3,5,8,10,13,14,15,16	put eat back on a a all mm
POOL	15073	0.425871651	3,5,8,10,13,14,15,16	put eat back on a a are earth
POOL	15074	0.425850274	3,5,8,10,13,14,15,16	put eat back on a a all c
POOL	15075	0.425841803	3,5,8,10,12,13,14,16	put eat back on the shh eh loss
POOL	15076	0.425830542	3,5,8,10,12,13,15,16	put eat back on the sh l eff
POOL	15077	0.425827686	3,5,8,10,12,13,15,16	put eat back on the sh elle eff
POOL	15078	0.425802243	3,5,8,10,12,13,15,16	put eat back on the sh el oof
POOL	15079	0.425796128	3,5,8,10,12,13,15,16	put eat back on the sh el sea
POOL	15080	0.425793313	3,5,8,10,12,13,15,16	put eat back on the sh el sir
POOL	15081	0.425744656	3,5,8,10,13,14,15,16	put eat back on a a all ash
POOL	15082	0.425733427	3,5,8,10,12,13,14,16	put eat back on the sh eh elf
POOL	15083	0.425724154	3,5,8,10,12,13,15,16	put eat back on the sh ell saw
POOL	15084	0.425716154	3,5,8,10,12,13,15,16	put eat back on the sh l foo
POOL	15085	0.425713298	3,5,8,10,12,13,15,16	put eat back on the sh elle foo
POOL	15086	0.425690189	3,5,8,10,12,13,14,16	put eat back on the shh eh alf
POOL	15087	0.425609540	3,5,8,10,12,13,15,16	put eat back on the sh el fer
POOL	15088	0.425587206	3,5,8,10,13,14,15,16	put eat back on a a all food
POOL	15089	0.425552152	3,5,8,10,13,14,15,16	put eat back on a a are saw
POOL	15090	0.425529491	3,5,8,10,13,14,15,16	put eat back on a a all fuck
POOL	15091	0.425527544	3,5,8,10,12,13,15,16	put eat back on the sh el ass
POOL	15092	0.425494949	3,5,8,10,13,14,15,16	put eat back on a a all shaw
POOL	15093	0.425471909	3,5,8,10,12,13,15,16	put eat back on the sh el fa
POOL	15094	0.425403991	3,5,8,10,12,13,15,16	put eat back on the sh l f
POOL	15095	0.425401135	3,5,8,10,12,13,15,16	put eat back on the sh elle f
POOL	15096	0.425383668	3,5,8,10,12,13,15,16	put eat back on the sh el pfft
POOL	15097	0.425355401	3,5,8,10,12,13,15,16	put eat back on the sh el aff
POOL	15098	0.425278355	3,5,8,10,12,13,15,16	put eat back on the sh l oof
POOL	15099	0.425275500	3,5,8,10,12,13,15,16	put eat back on the sh elle oof
POOL	15100	0.425272241	3,5,8,10,12,13,15,16	put eat back on the sh l sea
POOL	15101	0.425269426	3,5,8,10,12,13,15,16	put eat back on the sh l sir
POOL	15102	0.425269385	3,5,8,10,12,13,15,16	put eat back on the sh elle sea
POOL	15103	0.425266570	3,5,8,10,12,13,15,16	put eat back on the sh elle sir
POOL	15104	0.425085653	3,5,8,10,12,13,15,16	put eat back on the sh l fer
POOL	15105	0.425082797	3,5,8,10,12,13,15,16	put eat back on the sh elle fer
POOL	15106	0.425061759	3,5,8,10,12,13,14,16	put eat back on the sh eh love
POOL	15107	0.425054726	3,5,8,10,13,14,15,16	put eat back on a a all fun
POOL	15108	0.425045378	3,5,8,10,12,13,15,16	put eat back on the sh ell fir
POOL	15109	0.425003657	3,5,8,10,12,13,15,16	put eat back on the sh l ass
POOL	15110	0.425000801	3,5,8,10,12,13,15,16	put eat back on the sh elle ass
POOL	15111	0.424948022	3,5,8,10,12,13,15,16	put eat back on the sh l fa
POOL	15112	0.424945166	3,5,8,10,12,13,15,16	put eat back on the sh elle fa
POOL	15113	0.424927323	3,5,8,10,12,13,14,16	put eat back on the shh eh leif
POOL	15114	0.424859781	3,5,8,10,12,13,15,16	put eat back on the sh l pfft
POOL	15115	0.424856925	3,5,8,10,12,13,15,16	put eat back on the sh elle pfft
POOL	15116	0.424839796	3,5,8,10,12,13,15,16	put eat back on the sh ell eff
POOL	15117	0.424831514	3,5,8,10,12,13,15,16	put eat back on the sh l aff
POOL	15118	0.424828658	3,5,8,10,12,13,15,16	put eat back on the sh elle aff
POOL	15119	0.424748212	3,5,8,10,12,13,15,16	put eat back on the sh el phu
POOL	15120	0.424725408	3,5,8,10,12,13,15,16	put eat back on the sh ell foo
POOL	15121	0.424691577	3,5,8,10,12,13,15,16	put eat back on the sh el fie
POOL	15122	0.424607996	3,5,8,10,12,13,14,16	put eat back on the sh eh loss
POOL	15123	0.424601517	3,5,8,10,12,13,14,16	put eat back on the shh eh ulf
POOL	15124	0.424489698	3,5,8,10,13,14,15,16	put eat back on a a all sa
POOL	15125	0.424456382	3,5,8,10,12,13,14,16	put eat back on the sh eh alf
POOL	15126	0.424413245	3,5,8,10,12,13,15,16	put eat back on the sh ell f
POOL	15127	0.424335601	3,5,8,10,12,13,15,16	put eat back on the sh el fu
POOL	15128	0.424287610	3,5,8,10,12,13,15,16	put eat back on the sh ell oof
POOL	15129	0.424281495	3,5,8,10,12,13,15,16	put eat back on the sh ell sea
POOL	15130	0.424278680	3,5,8,10,12,13,15,16	put eat back on the sh ell sir
POOL	15131	0.424241243	3,5,8,10,13,14,15,16	put eat back on a a are f
POOL	15132	0.424224325	3,5,8,10,12,13,15,16	put eat back on the sh l phu
POOL	15133	0.424221469	3,5,8,10,12,13,15,16	put eat back on the sh elle phu
POOL	15134	0.424196464	3,5,8,10,13,14,15,16	put eat back on a a all fall
POOL	15135	0.424167690	3,5,8,10,12,13,15,16	put eat back on the sh l fie
POOL	15136	0.424164834	3,5,8,10,12,13,15,16	put eat back on the sh elle fie
POOL	15137	0.424109493	3,5,8,10,13,14,15,16	put eat back on a a are sea
POOL	15138	0.424106678	3,5,8,10,13,14,15,16	put eat back on a a are sir
POOL	15139	0.424094907	3,5,8,10,12,13,15,16	put eat back on the sh ell fer
POOL	15140	0.424026109	3,5,8,10,13,14,15,16	put eat back on a a all eve
POOL	15141	0.424012911	3,5,8,10,12,13,15,16	put eat back on the sh ell ass
POOL	15142	0.423971179	3,5,8,10,13,14,15,16	put eat back on a a all si
POOL	15143	0.423969254	3,5,8,10,12,13,15,16	put eat back on the sh el s
POOL	15144	0.423957276	3,5,8,10,12,13,15,16	put eat back on the sh ell fa
POOL	15145	0.423869035	3,5,8,10,12,13,15,16	put eat back on the sh ell pfft
POOL	15146	0.423840909	3,5,8,10,13,14,15,16	put eat back on a a are ass
POOL	15147	0.423840768	3,5,8,10,12,13,15,16	put eat back on the sh ell aff
POOL	15148	0.423811714	3,5,8,10,12,13,15,16	put eat back on the sh l fu
POOL	15149	0.423808858	3,5,8,10,12,13,15,16	put eat back on the sh elle fu
POOL	15150	0.423785273	3,5,8,10,13,14,15,16	put eat back on a a are fa
POOL	15151	0.423720791	3,5,8,10,13,14,15,16	put eat back on a a all os
POOL	15152	0.423693516	3,5,8,10,12,13,14,16	put eat back on the sh eh leif
POOL	15153	0.423457091	3,5,8,10,13,14,15,16	put eat back on a a all fair
POOL	15154	0.423455897	3,5,8,10,13,14,15,16	put eat back on a a all feet
POOL	15155	0.423445367	3,5,8,10,12,13,15,16	put eat back on the sh l s
POOL	15156	0.423442511	3,5,8,10,12,13,15,16	put eat back on the sh elle s
POOL	15157	0.423367710	3,5,8,10,12,13,14,16	put eat back on the sh eh ulf
POOL	15158	0.423340166	3,5,8,10,12,13,14,16	put eat back on the shh eh loose
POOL	15159	0.423317648	3,5,8,10,12,13,14,16	put eat back on the shh eh roof
POOL	15160	0.423309738	3,5,8,10,13,14,15,16	put eat back on a a all fear
POOL	15161	0.423308628	3,5,8,10,13,14,15,16	put eat back on a a all fit
POOL	15162	0.423233579	3,5,8,10,12,13,15,16	put eat back on the sh ell phu
POOL	15163	0.423176944	3,5,8,10,12,13,15,16	put eat back on the sh ell fie
POOL	15164	0.423168304	3,5,8,10,13,14,15,16	put eat back on a a all fan
POOL	15165	0.423167666	3,5,8,10,13,14,15,16	put eat back on a a a see
POOL	15166	0.423112108	3,5,8,10,12,13,14,16	put eat back on the shh eh rough
POOL	15167	0.423063479	3,5,8,10,13,14,15,16	put eat back on a a all fish
POOL	15168	0.423037766	3,5,8,10,13,14,15,16	put eat back on a a all thing
POOL	15169	0.422926803	3,5,8,10,13,14,15,16	put eat back on a a all foot
POOL	15170	0.422840588	3,5,8,10,13,14,15,16	put eat back on a a all fat
POOL	15171	0.422839709	3,5,8,10,13,14,15,16	put eat back on a a all fell
POOL	15172	0.422836376	3,5,8,10,12,13,15,16	put eat back on the sh el fs
POOL	15173	0.422820968	3,5,8,10,12,13,15,16	put eat back on the sh ell fu
POOL	15174	0.422764987	3,5,8,10,12,13,14,16	put eat back on the shh eh las
POOL	15175	0.422710965	3,5,8,10,13,14,15,16	put eat back on a a all said
POOL	15176	0.422583010	3,5,8,10,12,13,15,16	put eat back on the sh el sue
POOL	15177	0.422581145	3,5,8,10,13,14,15,16	put eat back on a a all firm
POOL	15178	0.422555002	3,5,8,10,12,13,14,16	put eat back on the sh eh leave
POOL	15179	0.422536080	3,5,8,10,13,14,15,16	put eat back on a a all xi
POOL	15180	0.422500477	3,5,8,10,13,14,15,16	put eat back on a a all thought
POOL	15181	0.422488278	3,5,8,10,13,14,15,16	put eat back on a a all tough
POOL	15182	0.422459098	3,5,8,10,12,13,15,16	put eat back on the sh el ef
POOL	15183	0.422454621	3,5,8,10,12,13,15,16	put eat back on the sh ell s
POOL	15184	0.422418053	3,5,8,10,12,13,14,16	put eat back on the shh eh lease
POOL	15185	0.422312488	3,5,8,10,12,13,15,16	put eat back on the sh l fs
POOL	15186	0.422309633	3,5,8,10,12,13,15,16	put eat back on the sh elle fs
POOL	15187	0.422282619	3,5,8,10,13,14,15,16	put eat back on a a are s
POOL	15188	0.422216897	3,5,8,10,12,13,14,16	put eat back on the shh eh les
POOL	15189	0.422132694	3,5,8,10,13,14,15,16	put eat back on a a all ve
POOL	15190	0.422116671	3,5,8,10,13,14,15,16	put eat back on a a all say
POOL	15191	0.422116155	3,5,8,10,13,14,15,16	put eat back on a a all feed
POOL	15192	0.422106359	3,5,8,10,12,13,14,16	put eat back on the sh eh loose
POOL	15193	0.422083841	3,5,8,10,12,13,14,16	put eat back on the sh eh roof
POOL	15194	0.422062902	3,5,8,10,13,14,15,16	put eat back on a a all laugh
POOL	15195	0.422059123	3,5,8,10,12,13,15,16	put eat back on the sh l sue
POOL	15196	0.422056267	3,5,8,10,12,13,15,16	put eat back on the sh elle sue
POOL	15197	0.421999416	3,5,8,10,13,14,15,16	put eat back on a a all fill
POOL	15198	0.421935210	3,5,8,10,12,13,15,16	put eat back on the sh l ef
POOL	15199	0.421932354	3,5,8,10,12,13,15,16	put eat back on the sh elle ef
POOL	15200	0.421878301	3,5,8,10,12,13,14,16	put eat back on the sh eh rough
POOL	15201	0.421791073	3,5,8,10,12,13,15,16	put eat back on the sh el sci
POOL	15202	0.421753853	3,5,8,10,13,14,15,16	put eat back on a a all use
POOL	15203	0.421666739	3,5,8,10,12,13,15,16	put eat back on the sh el thaw
POOL	15204	0.421649742	3,5,8,10,13,14,15,16	put eat back on a a all roof
POOL	15205	0.421626060	3,5,8,10,12,13,15,16	put eat back on the sh el thi
POOL	15206	0.421599791	3,5,8,10,13,14,15,16	put eat back on a a all fees
POOL	15207	0.421531180	3,5,8,10,12,13,14,16	put eat back on the sh eh las
POOL	15208	0.421528489	3,5,8,10,13,14,15,16	put eat back on a a all fed
POOL	15209	0.421528031	3,5,8,10,13,14,15,16	put eat back on a a a fee
POOL	15210	0.421480669	3,5,8,10,12,13,14,16	put eat back on the shh eh ref
POOL	15211	0.421458302	3,5,8,10,13,14,15,16	put eat back on a a all fought
POOL	15212	0.421444202	3,5,8,10,13,14,15,16	put eat back on a a all rough
POOL	15213	0.421407272	3,5,8,10,12,13,15,16	put eat back on the sh el shoe
POOL	15214	0.421401478	3,5,8,10,13,14,15,16	put eat back on a a all death
POOL	15215	0.421382138	3,5,8,10,12,13,15,16	put eat back on the sh el soo
POOL	15216	0.421379060	3,5,8,10,13,14,15,16	put eat back on a a all f.'s
POOL	15217	0.421351394	3,5,8,10,12,13,14,16	put eat back on the shh eh leith
POOL	15218	0.421321743	3,5,8,10,12,13,15,16	put eat back on the sh ell fs
POOL	15219	0.421317041	3,5,8,10,12,13,15,16	put eat back on the sh el mm
POOL	15220	0.421286909	3,5,8,10,12,13,15,16	put eat back on the sh el c
POOL	15221	0.421267185	3,5,8,10,12,13,15,16	put eat back on the sh l sci
POOL	15222	0.421264330	3,5,8,10,12,13,15,16	put eat back on the sh elle sci
POOL	15223	0.421184246	3,5,8,10,12,13,14,16	put eat back on the sh eh lease
POOL	15224	0.421182213	3,5,8,10,12,13,15,16	put eat back on the sh el auth
POOL	15225	0.421181291	3,5,8,10,12,13,15,16	put eat back on the sh el ash
POOL	15226	0.421169303	3,5,8,10,12,13,14,16	put eat back on the shh eh reef
POOL	15227	0.421165718	3,5,8,10,12,13,15,16	put eat back on the sh el sur
POOL	15228	0.421142852	3,5,8,10,12,13,15,16	put eat back on the sh l thaw
POOL	15229	0.421139996	3,5,8,10,12,13,15,16	put eat back on the sh elle thaw
POOL	15230	0.421102173	3,5,8,10,12,13,15,16	put eat back on the sh l thi
POOL	15231	0.421099317	3,5,8,10,12,13,15,16	put eat back on the sh elle thi
POOL	15232	0.421068377	3,5,8,10,12,13,15,16	put eat back on the sh ell sue
POOL	15233	0.421048854	3,5,8,10,13,14,15,16	put eat back on a a all phil
POOL	15234	0.420983091	3,5,8,10,12,13,14,16	put eat back on the sh eh les
POOL	15235	0.420963626	3,5,8,10,13,14,15,16	put eat back on a a all v
POOL	15236	0.420944465	3,5,8,10,12,13,15,16	put eat back on the sh ell ef
POOL	15237	0.420931585	3,5,8,10,12,13,15,16	put eat back on the sh el shaw
POOL	15238	0.420896374	3,5,8,10,13,14,15,16	put eat back on a a are sue
POOL	15239	0.420883384	3,5,8,10,12,13,15,16	put eat back on the sh l shoe
POOL	15240	0.420880529	3,5,8,10,12,13,15,16	put eat back on the sh elle shoe
POOL	15241	0.420858251	3,5,8,10,12,13,15,16	put eat back on the sh l soo
POOL	15242	0.420855395	3,5,8,10,12,13,15,16	put eat back on the sh elle soo
POOL	15243	0.420819335	3,5,8,10,13,14,15,16	put eat back on a a all beef
POOL	15244	0.420808423	3,5,8,10,13,14,15,16	put eat back on a a all fool
POOL	15245	0.420794365	3,5,8,10,13,14,15,16	put eat back on a a are feel
POOL	15246	0.420793153	3,5,8,10,12,13,15,16	put eat back on the sh l mm
POOL	15247	0.420790297	3,5,8,10,12,13,15,16	put eat back on the sh elle mm
POOL	15248	0.420769811	3,5,8,10,13,14,15,16	put eat back on a a all set
POOL	15249	0.420763022	3,5,8,10,12,13,15,16	put eat back on the sh l c
POOL	15250	0.420760166	3,5,8,10,12,13,15,16	put eat back on the sh elle c
POOL	15251	0.420679939	3,5,8,10,12,13,14,16	put eat back on the shh eh raf
POOL	15252	0.420658326	3,5,8,10,12,13,15,16	put eat back on the sh l auth
POOL	15253	0.420657404	3,5,8,10,12,13,15,16	put eat back on the sh l ash
POOL	15254	0.420655470	3,5,8,10,12,13,15,16	put eat back on the sh elle auth
POOL	15255	0.420654548	3,5,8,10,12,13,15,16	put eat back on the sh elle ash
POOL	15256	0.420643783	3,5,8,10,13,14,15,16	put eat back on a a are free
POOL	15257	0.420641831	3,5,8,10,12,13,15,16	put eat back on the sh l sur
POOL	15258	0.420638975	3,5,8,10,12,13,15,16	put eat back on the sh elle sur
POOL	15259	0.420628776	3,5,8,10,12,13,15,16	put eat back on the sh el ths
POOL	15260	0.420628507	3,5,8,10,13,14,15,16	put eat back on a a all chef
POOL	15261	0.420585362	3,5,8,10,13,14,15,16	put eat back on a a all leaf
POOL	15262	0.420528607	3,5,8,10,12,13,15,16	put eat back on the sh el sioux
POOL	15263	0.420408058	3,5,8,10,13,14,15,16	put eat back on a a all flew
POOL	15264	0.420407697	3,5,8,10,12,13,15,16	put eat back on the sh l shaw
POOL	15265	0.420404841	3,5,8,10,12,13,15,16	put eat back on the sh elle shaw
POOL	15266	0.420359664	3,5,8,10,13,14,15,16	put eat back on a a all seen
POOL	15267	0.420355166	3,5,8,10,13,14,15,16	put eat back on a a an see
POOL	15268	0.420276440	3,5,8,10,12,13,15,16	put eat back on the sh ell sci
POOL	15269	0.420246863	3,5,8,10,12,13,14,16	put eat back on the sh eh ref
POOL	15270	0.420233066	3,5,8,10,13,14,15,16	put eat back on a a all fig
POOL	15271	0.420231989	3,5,8,10,13,14,15,16	put eat back on a a all yes
POOL	15272	0.420214102	3,5,8,10,12,13,15,16	put eat back on the sh el shah
POOL	15273	0.420185743	3,5,8,10,13,14,15,16	put eat back on a a are full
POOL	15274	0.420173291	3,5,8,10,13,14,15,16	put eat back on a a all says
POOL	15275	0.420152107	3,5,8,10,12,13,15,16	put eat back on the sh ell thaw
POOL	15276	0.420117587	3,5,8,10,12,13,14,16	put eat back on the sh eh leith
POOL	15277	0.420111427	3,5,8,10,12,13,15,16	put eat back on the sh ell thi
POOL	15278	0.420104889	3,5,8,10,12,13,15,16	put eat back on the sh l ths
POOL	15279	0.420102033	3,5,8,10,12,13,15,16	put eat back on the sh elle ths
POOL	15280	0.420098417	3,5,8,10,12,13,14,16	put eat back on the shh eh riff
POOL	15281	0.420042153	3,5,8,10,12,13,15,16	put eat back on the sh el if
POOL	15282	0.420004720	3,5,8,10,12,13,15,16	put eat back on the sh l sioux
POOL	15283	0.420001864	3,5,8,10,12,13,15,16	put eat back on the sh elle sioux
POOL	15284	0.419990384	3,5,8,10,12,13,15,16	put eat back on the sh el ish
POOL	15285	0.419943590	3,5,8,10,13,14,15,16	put eat back on a a are far
POOL	15286	0.419935496	3,5,8,10,12,13,14,16	put eat back on the sh eh reef
POOL	15287	0.419926333	3,5,8,10,12,13,15,16	put eat back on the sh el sa
POOL	15288	0.419892639	3,5,8,10,12,13,15,16	put eat back on the sh ell shoe
POOL	15289	0.419867505	3,5,8,10,12,13,15,16	put eat back on the sh ell soo
POOL	15290	0.419802408	3,5,8,10,12,13,15,16	put eat back on the sh ell mm
POOL	15291	0.419785651	3,5,8,10,12,13,15,16	put eat back on the sh el off
POOL	15292	0.419772277	3,5,8,10,12,13,15,16	put eat back on the sh ell c
POOL	15293	0.419724185	3,5,8,10,12,13,14,16	put eat back on the shh eh lis
POOL	15294	0.419720636	3,5,8,10,13,14,15,16	put eat back on a a are shoe
POOL	15295	0.419702765	3,5,8,10,12,13,14,16	put eat back on the shh eh lass
POOL	15296	0.419690215	3,5,8,10,12,13,15,16	put eat back on the sh l shah
POOL	15297	0.419687359	3,5,8,10,12,13,15,16	put eat back on the sh elle shah
POOL	15298	0.419669390	3,5,8,10,12,13,15,16	put eat back on the sh el sie
POOL	15299	0.419667580	3,5,8,10,12,13,15,16	put eat back on the sh ell auth
POOL	15300	0.419666659	3,5,8,10,12,13,15,16	put eat back on the sh ell ash
POOL	15301	0.419651085	3,5,8,10,12,13,15,16	put eat back on the sh ell sur
POOL	15302	0.419630405	3,5,8,10,13,14,15,16	put eat back on a a are mm
POOL	15303	0.419621651	3,5,8,10,13,14,15,16	put eat back on a a a earth
POOL	15304	0.419600274	3,5,8,10,13,14,15,16	put eat back on a a are c
POOL	15305	0.419541111	3,5,8,10,12,13,14,16	put eat back on the shh eh lush
POOL	15306	0.419518266	3,5,8,10,12,13,15,16	put eat back on the sh l if
POOL	15307	0.419515410	3,5,8,10,12,13,15,16	put eat back on the sh elle if
POOL	15308	0.419503793	3,5,8,10,12,13,14,16	put eat back on the shh eh luce
POOL	15309	0.419497281	3,5,8,10,12,13,15,16	put eat back on the sh el oss
POOL	15310	0.419494656	3,5,8,10,13,14,15,16	put eat back on a a are ash
POOL	15311	0.419470410	3,5,8,10,12,13,15,16	put eat back on the sh el suh
POOL	15312	0.419466497	3,5,8,10,12,13,15,16	put eat back on the sh l ish
POOL	15313	0.419464534	3,5,8,10,12,13,15,16	put eat back on the sh el cee
POOL	15314	0.419463641	3,5,8,10,12,13,15,16	put eat back on the sh elle ish
POOL	15315	0.419462744	3,5,8,10,12,13,15,16	put eat back on the sh el eve
POOL	15316	0.419446132	3,5,8,10,12,13,14,16	put eat back on the sh eh raf
POOL	15317	0.419416952	3,5,8,10,12,13,15,16	put eat back on the sh ell shaw
POOL	15318	0.419407814	3,5,8,10,12,13,15,16	put eat back on the sh el si
POOL	15319	0.419402446	3,5,8,10,12,13,15,16	put eat back on the sh l sa
POOL	15320	0.419399590	3,5,8,10,12,13,15,16	put eat back on the sh elle sa
POOL	15321	0.419372111	3,5,8,10,13,14,15,16	put eat back on a a all ah
POOL	15322	0.419344495	3,5,8,10,12,13,14,16	put eat back on the shh eh leash
POOL	15323	0.419337206	3,5,8,10,13,14,15,16	put eat back on a a are food
POOL	15324	0.419334854	3,5,8,10,12,13,15,16	put eat back on the sh el shi
POOL	15325	0.419310536	3,5,8,10,12,13,14,16	put eat back on the shh eh ruff
POOL	15326	0.419302152	3,5,8,10,13,14,15,16	put eat back on a a a saw
POOL	15327	0.419279491	3,5,8,10,13,14,15,16	put eat back on a a are fuck
POOL	15328	0.419261764	3,5,8,10,12,13,15,16	put eat back on the sh l off
POOL	15329	0.419258908	3,5,8,10,12,13,15,16	put eat back on the sh elle off
POOL	15330	0.419244949	3,5,8,10,13,14,15,16	put eat back on a a are shaw
POOL	15331	0.419191954	3,5,8,10,12,13,15,16	put eat back on the sh el sou
POOL	15332	0.419162694	3,5,8,10,12,13,15,16	put eat back on the sh el ess
POOL	15333	0.419157426	3,5,8,10,12,13,15,16	put eat back on the sh el os
POOL	15334	0.419145503	3,5,8,10,12,13,15,16	put eat back on the sh l sie
POOL	15335	0.419142647	3,5,8,10,12,13,15,16	put eat back on the sh elle sie
POOL	15336	0.419135967	3,5,8,10,12,13,14,16	put eat back on the shh eh lash
POOL	15337	0.419114143	3,5,8,10,12,13,15,16	put eat back on the sh ell ths
POOL	15338	0.419081372	3,5,8,10,12,13,15,16	put eat back on the sh el sha
POOL	15339	0.419013974	3,5,8,10,12,13,15,16	put eat back on the sh ell sioux
POOL	15340	0.418973394	3,5,8,10,12,13,15,16	put eat back on the sh l oss
POOL	15341	0.418970538	3,5,8,10,12,13,15,16	put eat back on the sh elle oss
POOL	15342	0.418946523	3,5,8,10,12,13,15,16	put eat back on the sh l suh
POOL	15343	0.418943667	3,5,8,10,12,13,15,16	put eat back on the sh elle suh
POOL	15344	0.418940647	3,5,8,10,12,13,15,16	put eat back on the sh l cee
POOL	15345	0.418937791	3,5,8,10,12,13,15,16	put eat back on the sh elle cee
POOL	15346	0.418883927	3,5,8,10,12,13,15,16	put eat back on the sh l si
POOL	15347	0.418881071	3,5,8,10,12,13,15,16	put eat back on the sh elle si
POOL	15348	0.418864610	3,5,8,10,12,13,14,16	put eat back on the sh eh riff
POOL	15349	0.418849894	3,5,8,10,12,13,15,16	put eat back on the sh el cie
POOL	15350	0.418810967	3,5,8,10,12,13,15,16	put eat back on the sh l shi
POOL	15351	0.418808111	3,5,8,10,12,13,15,16	put eat back on the sh elle shi
POOL	15352	0.418804726	3,5,8,10,13,14,15,16	put eat back on a a are fun
POOL	15353	0.418723226	3,5,8,10,12,13,15,16	put eat back on the sh el esse
POOL	15354	0.418715531	3,5,8,10,13,14,15,16	put eat back on a a an fee
POOL	15355	0.418712645	3,5,8,10,12,13,15,16	put eat back on the sh el shu
POOL	15356	0.418699470	3,5,8,10,12,13,15,16	put eat back on the sh ell shah
POOL	15357	0.418668067	3,5,8,10,12,13,15,16	put eat back on the sh l sou
POOL	15358	0.418665211	3,5,8,10,12,13,15,16	put eat back on the sh elle sou
POOL	15359	0.418652638	3,5,8,10,12,13,14,16	put eat back on the shh eh raff
POOL	15360	0.418638807	3,5,8,10,12,13,15,16	put eat back on the sh l ess
POOL	15361	0.418635951	3,5,8,10,12,13,15,16	put eat back on the sh elle ess
POOL	15362	0.418633539	3,5,8,10,12,13,15,16	put eat back on the sh l os
POOL	15363	0.418630683	3,5,8,10,12,13,15,16	put eat back on the sh elle os
POOL	15364	0.418610752	3,5,8,10,12,13,14,16	put eat back on the shh eh arf
POOL	15365	0.418572494	3,5,8,10,12,13,15,16	put eat back on the sh el es
POOL	15366	0.418558687	3,5,8,10,12,13,15,16	put eat back on the sh el ashe
POOL	15367	0.418557485	3,5,8,10,12,13,15,16	put eat back on the sh l sha
POOL	15368	0.418554629	3,5,8,10,12,13,15,16	put eat back on the sh elle sha
POOL	15369	0.418527520	3,5,8,10,12,13,15,16	put eat back on the sh ell if
POOL	15370	0.418523126	3,5,8,10,12,13,15,16	put eat back on the sh el su
POOL	15371	0.418490378	3,5,8,10,12,13,14,16	put eat back on the sh eh lis
POOL	15372	0.418475751	3,5,8,10,12,13,15,16	put eat back on the sh ell ish
POOL	15373	0.418468958	3,5,8,10,12,13,14,16	put eat back on the sh eh lass
POOL	15374	0.418411700	3,5,8,10,12,13,15,16	put eat back on the sh ell sa
POOL	15375	0.418326007	3,5,8,10,12,13,15,16	put eat back on the sh l cie
POOL	15376	0.418323151	3,5,8,10,12,13,15,16	put eat back on the sh elle cie
POOL	15377	0.418307304	3,5,8,10,12,13,14,16	put eat back on the sh eh lush
POOL	15378	0.418300971	3,5,8,10,12,13,14,16	put eat back on the shh eh shh
POOL	15379	0.418274833	3,5,8,10,12,13,15,16	put eat back on the sh el sher
POOL	15380	0.418271018	3,5,8,10,12,13,15,16	put eat back on the sh ell off
POOL	15381	0.418269986	3,5,8,10,12,13,14,16	put eat back on the sh eh luce
POOL	15382	0.418239698	3,5,8,10,13,14,15,16	put eat back on a a are sa
POOL	15383	0.418238304	3,5,8,10,12,13,15,16	put eat back on the sh el hsu
POOL	15384	0.418199339	3,5,8,10,12,13,15,16	put eat back on the sh l esse
POOL	15385	0.418196483	3,5,8,10,12,13,15,16	put eat back on the sh elle esse
POOL	15386	0.418188944	3,5,8,10,12,13,15,16	put eat back on the sh el shih
POOL	15387	0.418188758	3,5,8,10,12,13,15,16	put eat back on the sh l shu
POOL	15388	0.418185902	3,5,8,10,12,13,15,16	put eat back on the sh elle shu
POOL	15389	0.418154757	3,5,8,10,12,13,15,16	put eat back on the sh ell sie
POOL	15390	0.418110688	3,5,8,10,12,13,14,16	put eat back on the sh eh leash
POOL	15391	0.418076729	3,5,8,10,12,13,14,16	put eat back on the sh eh ruff
POOL	15392	0.418048607	3,5,8,10,12,13,15,16	put eat back on the sh l es
POOL	15393	0.418045751	3,5,8,10,12,13,15,16	put eat back on the sh elle es
POOL	15394	0.418034800	3,5,8,10,12,13,15,16	put eat back on the sh l ashe
POOL	15395	0.418031944	3,5,8,10,12,13,15,16	put eat back on the sh elle ashe
POOL	15396	0.417999239	3,5,8,10,12,13,15,16	put eat back on the sh l su
POOL	15397	0.417996383	3,5,8,10,12,13,15,16	put eat back on the sh elle su
POOL	15398	0.417991243	3,5,8,10,13,14,15,16	put eat back on a a a f
POOL	15399	0.417982648	3,5,8,10,12,13,15,16	put eat back on the sh ell oss
POOL	15400	0.417972877	3,5,8,10,12,13,15,16	put eat back on the sh el shoo
POOL	15401	0.417972715	3,5,8,10,12,13,15,16	put eat back on the sh el xi
POOL	15402	0.417955777	3,5,8,10,12,13,15,16	put eat back on the sh ell suh
POOL	15403	0.417949901	3,5,8,10,12,13,15,16	put eat back on the sh ell cee
POOL	15404	0.417948111	3,5,8,10,12,13,15,16	put eat back on the sh ell eve
POOL	15405	0.417946464	3,5,8,10,13,14,15,16	put eat back on a a are fall
POOL	15406	0.417902160	3,5,8,10,12,13,14,16	put eat back on the sh eh lash
POOL	15407	0.417893181	3,5,8,10,12,13,15,16	put eat back on the sh ell si
POOL	15408	0.417859493	3,5,8,10,13,14,15,16	put eat back on a a a sea
POOL	15409	0.417856678	3,5,8,10,13,14,15,16	put eat back on a a a sir
POOL	15410	0.417820222	3,5,8,10,12,13,15,16	put eat back on the sh ell shi
POOL	15411	0.417805801	3,5,8,10,12,13,15,16	put eat back on the sh el xia
POOL	15412	0.417783677	3,5,8,10,13,14,15,16	put eat back on a a all eh
POOL	15413	0.417780550	3,5,8,10,13,14,15,16	put eat back on a a all fi
POOL	15414	0.417776109	3,5,8,10,13,14,15,16	put eat back on a a are eve
POOL	15415	0.417760321	3,5,8,10,13,14,15,16	put eat back on a a all uh
POOL	15416	0.417750945	3,5,8,10,12,13,15,16	put eat back on the sh l sher
POOL	15417	0.417748089	3,5,8,10,12,13,15,16	put eat back on the sh elle sher
POOL	15418	0.417721179	3,5,8,10,13,14,15,16	put eat back on a a are si
POOL	15419	0.417714417	3,5,8,10,12,13,15,16	put eat back on the sh l hsu
POOL	15420	0.417711561	3,5,8,10,12,13,15,16	put eat back on the sh elle hsu
POOL	15421	0.417699435	3,5,8,10,13,14,15,16	put eat back on a a all er
POOL	15422	0.417677322	3,5,8,10,12,13,15,16	put eat back on the sh ell sou
POOL	15423	0.417665057	3,5,8,10,12,13,15,16	put eat back on the sh l shih
POOL	15424	0.417662201	3,5,8,10,12,13,15,16	put eat back on the sh elle shih
POOL	15425	0.417648061	3,5,8,10,12,13,15,16	put eat back on the sh ell ess
POOL	15426	0.417642793	3,5,8,10,12,13,15,16	put eat back on the sh ell os
POOL	15427	0.417590909	3,5,8,10,13,14,15,16	put eat back on a a a ass
POOL	15428	0.417569329	3,5,8,10,12,13,15,16	put eat back on the sh el ve
POOL	15429	0.417566739	3,5,8,10,12,13,15,16	put eat back on the sh ell sha
POOL	15430	0.417551082	3,5,8,10,12,13,15,16	put eat back on the sh el tch
POOL	15431	0.417535273	3,5,8,10,13,14,15,16	put eat back on a a a fa
POOL	15432	0.417470791	3,5,8,10,13,14,15,16	put eat back on a a are os
POOL	15433	0.417448990	3,5,8,10,12,13,15,16	put eat back on the sh l shoo
POOL	15434	0.417448828	3,5,8,10,12,13,15,16	put eat back on the sh l xi
POOL	15435	0.417446134	3,5,8,10,12,13,15,16	put eat back on the sh elle shoo
POOL	15436	0.417445972	3,5,8,10,12,13,15,16	put eat back on the sh elle xi
POOL	15437	0.417418831	3,5,8,10,12,13,14,16	put eat back on the sh eh raff
POOL	15438	0.417411285	3,5,8,10,12,13,15,16	put eat back on the sh el ch
POOL	15439	0.417376945	3,5,8,10,12,13,14,16	put eat back on the sh eh arf
POOL	15440	0.417335262	3,5,8,10,12,13,15,16	put eat back on the sh ell cie
POOL	15441	0.417281914	3,5,8,10,12,13,15,16	put eat back on the sh l xia
POOL	15442	0.417279058	3,5,8,10,12,13,15,16	put eat back on the sh elle xia
POOL	15443	0.417273002	3,5,8,10,13,14,15,16	put eat back on a a all aw
POOL	15444	0.417208593	3,5,8,10,12,13,15,16	put eat back on the sh ell esse
POOL	15445	0.417207091	3,5,8,10,13,14,15,16	put eat back on a a are fair
POOL	15446	0.417205897	3,5,8,10,13,14,15,16	put eat back on a a are feet
POOL	15447	0.417198012	3,5,8,10,12,13,15,16	put eat back on the sh ell shu
POOL	15448	0.417067164	3,5,8,10,12,13,14,16	put eat back on the sh eh shh
POOL	15449	0.417067164	3,5,8,10,12,13,14,16	put eat back on the shh eh sh
POOL	15450	0.417059738	3,5,8,10,13,14,15,16	put eat back on a a are fear
POOL	15451	0.417058628	3,5,8,10,13,14,15,16	put eat back on a a are fit
POOL	15452	0.417057861	3,5,8,10,12,13,15,16	put eat back on the sh ell es
POOL	15453	0.417044054	3,5,8,10,12,13,15,16	put eat back on the sh ell ashe
POOL	15454	0.417032590	3,5,8,10,12,13,15,16	put eat back on the sh el ver
POOL	15455	0.417027195	3,5,8,10,12,13,15,16	put eat back on the sh l tch
POOL	15456	0.417024339	3,5,8,10,12,13,15,16	put eat back on the sh elle tch
POOL	15457	0.417008493	3,5,8,10,12,13,15,16	put eat back on the sh ell su
POOL	15458	0.416918304	3,5,8,10,13,14,15,16	put eat back on a a are fan
POOL	15459	0.416887398	3,5,8,10,12,13,15,16	put eat back on the sh l ch
POOL	15460	0.416884542	3,5,8,10,12,13,15,16	put eat back on the sh elle ch
POOL	15461	0.416813479	3,5,8,10,13,14,15,16	put eat back on a a are fish
POOL	15462	0.416809151	3,5,8,10,13,14,15,16	put eat back on a a an earth
POOL	15463	0.416787766	3,5,8,10,13,14,15,16	put eat back on a a are thing
POOL	15464	0.416760200	3,5,8,10,12,13,15,16	put eat back on the sh ell sher
POOL	15465	0.416723672	3,5,8,10,12,13,15,16	put eat back on the sh ell hsu
POOL	15466	0.416676803	3,5,8,10,13,14,15,16	put eat back on a a are foot
POOL	15467	0.416674311	3,5,8,10,12,13,15,16	put eat back on the sh ell shih
POOL	15468	0.416590588	3,5,8,10,13,14,15,16	put eat back on a a are fat
POOL	15469	0.416589709	3,5,8,10,13,14,15,16	put eat back on a a are fell
POOL	15470	0.416489652	3,5,8,10,13,14,15,16	put eat back on a a an saw
POOL	15471	0.416482462	3,5,8,10,12,13,15,16	put eat back on the sh el yves
POOL	15472	0.416460965	3,5,8,10,13,14,15,16	put eat back on a a are said
POOL	15473	0.416458244	3,5,8,10,12,13,15,16	put eat back on the sh ell shoo
POOL	15474	0.416458082	3,5,8,10,12,13,15,16	put eat back on the sh ell xi
POOL	15475	0.416400262	3,5,8,10,12,13,15,16	put eat back on the sh el v
POOL	15476	0.416356042	3,5,8,10,12,13,15,16	put eat back on the sh el vous
POOL	15477	0.416331145	3,5,8,10,13,14,15,16	put eat back on a a are firm
POOL	15478	0.416291168	3,5,8,10,12,13,15,16	put eat back on the sh ell xia
POOL	15479	0.416286080	3,5,8,10,13,14,15,16	put eat back on a a are xi
POOL	15480	0.416250477	3,5,8,10,13,14,15,16	put eat back on a a are thought
POOL	15481	0.416238278	3,5,8,10,13,14,15,16	put eat back on a a are tough
POOL	15482	0.416153571	3,5,8,10,12,13,15,16	put eat back on the sh el vee
POOL	15483	0.416054696	3,5,8,10,12,13,15,16	put eat back on the sh ell ve
POOL	15484	0.416036449	3,5,8,10,12,13,15,16	put eat back on the sh ell tch
POOL	15485	0.416032619	3,5,8,10,13,14,15,16	put eat back on a a a s
POOL	15486	0.415896652	3,5,8,10,12,13,15,16	put eat back on the sh ell ch
POOL	15487	0.415882694	3,5,8,10,13,14,15,16	put eat back on a a are ve
POOL	15488	0.415866671	3,5,8,10,13,14,15,16	put eat back on a a are say
POOL	15489	0.415866155	3,5,8,10,13,14,15,16	put eat back on a a are feed
POOL	15490	0.415833357	3,5,8,10,12,13,14,16	put eat back on the sh eh sh
POOL	15491	0.415812902	3,5,8,10,13,14,15,16	put eat back on a a are laugh
POOL	15492	0.415749416	3,5,8,10,13,14,15,16	put eat back on a a are fill
POOL	15493	0.415721829	3,5,8,10,12,13,14,16	put eat back on the sh eh liv
POOL	15494	0.415517957	3,5,8,10,12,13,15,16	put eat back on the sh ell ver
POOL	15495	0.415503853	3,5,8,10,13,14,15,16	put eat back on a a are use
POOL	15496	0.415410943	3,5,8,10,12,13,15,16	put eat back on the sh el ys
POOL	15497	0.415399742	3,5,8,10,13,14,15,16	put eat back on a a are roof
POOL	15498	0.415349791	3,5,8,10,13,14,15,16	put eat back on a a are fees
POOL	15499	0.415278489	3,5,8,10,13,14,15,16	put eat back on a a are fed
POOL	15500	0.415230517	3,5,8,10,13,14,15,16	put eat back on a a all if
POOL	15501	0.415215694	3,5,8,10,12,13,15,16	put eat back on the sh el irv
POOL	15502	0.415208302	3,5,8,10,13,14,15,16	put eat back on a a are fought
POOL	15503	0.415194202	3,5,8,10,13,14,15,16	put eat back on a a are rough
POOL	15504	0.415178743	3,5,8,10,13,14,15,16	put eat back on a a an f
POOL	15505	0.415177599	3,5,8,10,12,13,14,16	put eat back on the sh eh lev
POOL	15506	0.415151478	3,5,8,10,13,14,15,16	put eat back on a a are death
POOL	15507	0.415129060	3,5,8,10,13,14,15,16	put eat back on a a are f.'s
POOL	15508	0.415046993	3,5,8,10,13,14,15,16	put eat back on a a an sea
POOL	15509	0.415044178	3,5,8,10,13,14,15,16	put eat back on a a an sir
POOL	15510	0.415044162	3,5,8,10,12,13,14,16	put eat back on the sh eh luv
POOL	15511	0.414974016	3,5,8,10,13,14,15,16	put eat back on a a all off
POOL	15512	0.414887056	3,5,8,10,12,13,15,16	put eat back on the sh l ys
POOL	15513	0.414885629	3,5,8,10,12,13,15,16	put eat back on the sh ell v
POOL	15514	0.414884200	3,5,8,10,12,13,15,16	put eat back on the sh elle ys
POOL	15515	0.414841409	3,5,8,10,12,13,15,16	put eat back on the sh ell vous
POOL	15516	0.414798854	3,5,8,10,13,14,15,16	put eat back on a a are phil
POOL	15517	0.414778409	3,5,8,10,13,14,15,16	put eat back on a a an ass
POOL	15518	0.414722773	3,5,8,10,13,14,15,16	put eat back on a a an fa
POOL	15519	0.414713626	3,5,8,10,13,14,15,16	put eat back on a a are v
POOL	15520	0.414646374	3,5,8,10,13,14,15,16	put eat back on a a a sue
POOL	15521	0.414638938	3,5,8,10,12,13,15,16	put eat back on the sh ell vee
POOL	15522	0.414569335	3,5,8,10,13,14,15,16	put eat back on a a are beef
POOL	15523	0.414558423	3,5,8,10,13,14,15,16	put eat back on a a are fool
POOL	15524	0.414544365	3,5,8,10,13,14,15,16	put eat back on a a a feel
POOL	15525	0.414519811	3,5,8,10,13,14,15,16	put eat back on a a are set
POOL	15526	0.414393783	3,5,8,10,13,14,15,16	put eat back on a a a free
POOL	15527	0.414378507	3,5,8,10,13,14,15,16	put eat back on a a are chef
POOL	15528	0.414335362	3,5,8,10,13,14,15,16	put eat back on a a are leaf
POOL	15529	0.414211748	3,5,8,10,12,13,15,16	put eat back on the sh el ev
POOL	15530	0.414158058	3,5,8,10,13,14,15,16	put eat back on a a are flew
POOL	15531	0.414109664	3,5,8,10,13,14,15,16	put eat back on a a are seen
POOL	15532	0.413983066	3,5,8,10,13,14,15,16	put eat back on a a are fig
POOL	15533	0.413981989	3,5,8,10,13,14,15,16	put eat back on a a are yes
POOL	15534	0.413962347	3,5,8,10,12,13,14,16	put eat back on the sh eh lav
POOL	15535	0.413935743	3,5,8,10,13,14,15,16	put eat back on a a a full
POOL	15536	0.413923291	3,5,8,10,13,14,15,16	put eat back on a a are says
POOL	15537	0.413896310	3,5,8,10,12,13,15,16	put eat back on the sh ell ys
POOL	15538	0.413710243	3,5,8,10,12,13,15,16	put eat back on the sh el us
POOL	15539	0.413701061	3,5,8,10,12,13,15,16	put eat back on the sh ell irv
POOL	15540	0.413693590	3,5,8,10,13,14,15,16	put eat back on a a a far
POOL	15541	0.413496657	3,5,8,10,12,13,15,16	put eat back on the sh el she
POOL	15542	0.413470636	3,5,8,10,13,14,15,16	put eat back on a a a shoe
POOL	15543	0.413380405	3,5,8,10,13,14,15,16	put eat back on a a a mm
POOL	15544	0.413350274	3,5,8,10,13,14,15,16	put eat back on a a a c
POOL	15545	0.413244656	3,5,8,10,13,14,15,16	put eat back on a a a ash
POOL	15546	0.413220119	3,5,8,10,13,14,15,16	put eat back on a a an s
POOL	15547	0.413186355	3,5,8,10,12,13,15,16	put eat back on the sh l us
POOL	15548	0.413183499	3,5,8,10,12,13,15,16	put eat back on the sh elle us
POOL	15549	0.413122111	3,5,8,10,13,14,15,16	put eat back on a a are ah
POOL	15550	0.413094094	3,5,8,10,12,13,15,16	put eat back on the sh el vu
POOL	15551	0.413087206	3,5,8,10,13,14,15,16	put eat back on a a a food
POOL	15552	0.413029491	3,5,8,10,13,14,15,16	put eat back on a a a fuck
POOL	15553	0.412994949	3,5,8,10,13,14,15,16	put eat back on a a a shaw
POOL	15554	0.412972769	3,5,8,10,12,13,15,16	put eat back on the sh l she
POOL	15555	0.412969913	3,5,8,10,12,13,15,16	put eat back on the sh elle she
POOL	15556	0.412697115	3,5,8,10,12,13,15,16	put eat back on the sh ell ev
POOL	15557	0.412554726	3,5,8,10,13,14,15,16	put eat back on a a a fun
POOL	15558	0.412195610	3,5,8,10,12,13,15,16	put eat back on the sh ell us
POOL	15559	0.411989698	3,5,8,10,13,14,15,16	put eat back on a a a sa
POOL	15560	0.411982024	3,5,8,10,12,13,15,16	put eat back on the sh ell she
POOL	15561	0.411833874	3,5,8,10,13,14,15,16	put eat back on a a an sue
POOL	15562	0.411731865	3,5,8,10,13,14,15,16	put eat back on a a an feel
POOL	15563	0.411711826	3,5,8,10,12,13,14,16	put eat back on the shh eh less
POOL	15564	0.411696464	3,5,8,10,13,14,15,16	put eat back on a a a fall
POOL	15565	0.411581283	3,5,8,10,13,14,15,16	put eat back on a a an free
POOL	15566	0.411533677	3,5,8,10,13,14,15,16	put eat back on a a are eh
POOL	15567	0.411530550	3,5,8,10,13,14,15,16	put eat back on a a are fi
POOL	15568	0.411526109	3,5,8,10,13,14,15,16	put eat back on a a a eve
POOL	15569	0.411510321	3,5,8,10,13,14,15,16	put eat back on a a are uh
POOL	15570	0.411471179	3,5,8,10,13,14,15,16	put eat back on a a a si
POOL	15571	0.411449435	3,5,8,10,13,14,15,16	put eat back on a a are er
POOL	15572	0.411244188	3,5,8,10,13,14,15,16	put eat back on a a all offer
POOL	15573	0.411220791	3,5,8,10,13,14,15,16	put eat back on a a a os
POOL	15574	0.411123243	3,5,8,10,13,14,15,16	put eat back on a a an full
POOL	15575	0.411023002	3,5,8,10,13,14,15,16	put eat back on a a are aw
POOL	15576	0.410957091	3,5,8,10,13,14,15,16	put eat back on a a a fair
POOL	15577	0.410955897	3,5,8,10,13,14,15,16	put eat back on a a a feet
POOL	15578	0.410881090	3,5,8,10,13,14,15,16	put eat back on a a an far
POOL	15579	0.410809738	3,5,8,10,13,14,15,16	put eat back on a a a fear
POOL	15580	0.410808628	3,5,8,10,13,14,15,16	put eat back on a a a fit
POOL	15581	0.410668304	3,5,8,10,13,14,15,16	put eat back on a a a fan
POOL	15582	0.410667153	3,5,8,10,12,13,15,16	put eat back on the sh el of
POOL	15583	0.410658136	3,5,8,10,13,14,15,16	put eat back on a a an shoe
POOL	15584	0.410567905	3,5,8,10,13,14,15,16	put eat back on a a an mm
POOL	15585	0.410563479	3,5,8,10,13,14,15,16	put eat back on a a a fish
POOL	15586	0.410537774	3,5,8,10,13,14,15,16	put eat back on a a an c
POOL	15587	0.410537766	3,5,8,10,13,14,15,16	put eat back on a a a thing
POOL	15588	0.410478019	3,5,8,10,12,13,14,16	put eat back on the sh eh less
POOL	15589	0.410432156	3,5,8,10,13,14,15,16	put eat back on a a an ash
POOL	15590	0.410426803	3,5,8,10,13,14,15,16	put eat back on a a a foot
POOL	15591	0.410340588	3,5,8,10,13,14,15,16	put eat back on a a a fat
POOL	15592	0.410339709	3,5,8,10,13,14,15,16	put eat back on a a a fell
POOL	15593	0.410274706	3,5,8,10,13,14,15,16	put eat back on a a an food
POOL	15594	0.410216991	3,5,8,10,13,14,15,16	put eat back on a a an fuck
POOL	15595	0.410210965	3,5,8,10,13,14,15,16	put eat back on a a a said
POOL	15596	0.410182449	3,5,8,10,13,14,15,16	put eat back on a a an shaw
POOL	15597	0.410081145	3,5,8,10,13,14,15,16	put eat back on a a a firm
POOL	15598	0.410036080	3,5,8,10,13,14,15,16	put eat back on a a a xi
POOL	15599	0.410000477	3,5,8,10,13,14,15,16	put eat back on a a a thought
POOL	15600	0.409988278	3,5,8,10,13,14,15,16	put eat back on a a a tough
POOL	15601	0.409742226	3,5,8,10,13,14,15,16	put eat back on a a an fun
POOL	15602	0.409632694	3,5,8,10,13,14,15,16	put eat back on a a a ve
POOL	15603	0.409616671	3,5,8,10,13,14,15,16	put eat back on a a a say
POOL	15604	0.409616155	3,5,8,10,13,14,15,16	put eat back on a a a feed
POOL	15605	0.409562902	3,5,8,10,13,14,15,16	put eat back on a a a laugh
POOL	15606	0.409499416	3,5,8,10,13,14,15,16	put eat back on a a a fill
POOL	15607	0.409253853	3,5,8,10,13,14,15,16	put eat back on a a a use
POOL	15608	0.409177198	3,5,8,10,13,14,15,16	put eat back on a a an sa
POOL	15609	0.409152520	3,5,8,10,12,13,15,16	put eat back on the sh ell of
POOL	15610	0.409149742	3,5,8,10,13,14,15,16	put eat back on a a a roof
POOL	15611	0.409099791	3,5,8,10,13,14,15,16	put eat back on a a a fees
POOL	15612	0.409028489	3,5,8,10,13,14,15,16	put eat back on a a a fed
POOL	15613	0.408980517	3,5,8,10,13,14,15,16	put eat back on a a are if
POOL	15614	0.408958302	3,5,8,10,13,14,15,16	put eat back on a a a fought
POOL	15615	0.408944202	3,5,8,10,13,14,15,16	put eat back on a a a rough
POOL	15616	0.408901478	3,5,8,10,13,14,15,16	put eat back on a a a death
POOL	15617	0.408898607	3,5,8,10,13,14,15,16	put eat back on a a all us
POOL	15618	0.408883964	3,5,8,10,13,14,15,16	put eat back on a a an fall
POOL	15619	0.408879060	3,5,8,10,13,14,15,16	put eat back on a a a f.'s
POOL	15620	0.408724016	3,5,8,10,13,14,15,16	put eat back on a a are off
POOL	15621	0.408713609	3,5,8,10,13,14,15,16	put eat back on a a an eve
POOL	15622	0.408685021	3,5,8,10,13,14,15,16	put eat back on a a all she
POOL	15623	0.408658679	3,5,8,10,13,14,15,16	put eat back on a a an si
POOL	15624	0.408548854	3,5,8,10,13,14,15,16	put eat back on a a a phil
POOL	15625	0.408463626	3,5,8,10,13,14,15,16	put eat back on a a a v
POOL	15626	0.408408291	3,5,8,10,13,14,15,16	put eat back on a a an os
POOL	15627	0.408319335	3,5,8,10,13,14,15,16	put eat back on a a a beef
POOL	15628	0.408308423	3,5,8,10,13,14,15,16	put eat back on a a a fool
POOL	15629	0.408269811	3,5,8,10,13,14,15,16	put eat back on a a a set
POOL	15630	0.408144591	3,5,8,10,13,14,15,16	put eat back on a a an fair
POOL	15631	0.408143397	3,5,8,10,13,14,15,16	put eat back on a a an feet
POOL	15632	0.408128507	3,5,8,10,13,14,15,16	put eat back on a a a chef
POOL	15633	0.408085362	3,5,8,10,13,14,15,16	put eat back on a a a leaf
POOL	15634	0.407997238	3,5,8,10,13,14,15,16	put eat back on a a an fear
POOL	15635	0.407996128	3,5,8,10,13,14,15,16	put eat back on a a an fit
POOL	15636	0.407908058	3,5,8,10,13,14,15,16	put eat back on a a a flew
POOL	15637	0.407859664	3,5,8,10,13,14,15,16	put eat back on a a a seen
POOL	15638	0.407855804	3,5,8,10,13,14,15,16	put eat back on a a an fan
POOL	15639	0.407750979	3,5,8,10,13,14,15,16	put eat back on a a an fish
POOL	15640	0.407733066	3,5,8,10,13,14,15,16	put eat back on a a a fig
POOL	15641	0.407731989	3,5,8,10,13,14,15,16	put eat back on a a a yes
POOL	15642	0.407725266	3,5,8,10,13,14,15,16	put eat back on a a an thing
POOL	15643	0.407673291	3,5,8,10,13,14,15,16	put eat back on a a a says
POOL	15644	0.407614303	3,5,8,10,13,14,15,16	put eat back on a a an foot
POOL	15645	0.407528088	3,5,8,10,13,14,15,16	put eat back on a a an fat
POOL	15646	0.407527209	3,5,8,10,13,14,15,16	put eat back on a a an fell
POOL	15647	0.407398465	3,5,8,10,13,14,15,16	put eat back on a a an said
POOL	15648	0.407268645	3,5,8,10,13,14,15,16	put eat back on a a an firm
POOL	15649	0.407223580	3,5,8,10,13,14,15,16	put eat back on a a an xi
POOL	15650	0.407187977	3,5,8,10,13,14,15,16	put eat back on a a an thought
POOL	15651	0.407175778	3,5,8,10,13,14,15,16	put eat back on a a an tough
POOL	15652	0.406950027	3,5,8,10,13,14,16	put eat back on a get louis
POOL	15653	0.406872111	3,5,8,10,13,14,15,16	put eat back on a a a ah
POOL	15654	0.406820194	3,5,8,10,13,14,15,16	put eat back on a a an ve
POOL	15655	0.406804171	3,5,8,10,13,14,15,16	put eat back on a a an say
POOL	15656	0.406803655	3,5,8,10,13,14,15,16	put eat back on a a an feed
POOL	15657	0.406750402	3,5,8,10,13,14,15,16	put eat back on a a an laugh
POOL	15658	0.406710131	3,5,8,10,13,14,16	put eat back on a then louis
POOL	15659	0.406686916	3,5,8,10,13,14,15,16	put eat back on a a an fill
POOL	15660	0.406441353	3,5,8,10,13,14,15,16	put eat back on a a an use
POOL	15661	0.406337242	3,5,8,10,13,14,15,16	put eat back on a a an roof
POOL	15662	0.406287291	3,5,8,10,13,14,15,16	put eat back on a a an fees
POOL	15663	0.406215989	3,5,8,10,13,14,15,16	put eat back on a a an fed
POOL	15664	0.406145802	3,5,8,10,13,14,15,16	put eat back on a a an fought
POOL	15665	0.406131702	3,5,8,10,13,14,15,16	put eat back on a a an rough
POOL	15666	0.406088978	3,5,8,10,13,14,15,16	put eat back on a a an death
POOL	15667	0.406066560	3,5,8,10,13,14,15,16	put eat back on a a an f.'s
POOL	15668	0.405855517	3,5,8,10,13,14,15,16	put eat back on a a all of
POOL	15669	0.405736354	3,5,8,10,13,14,15,16	put eat back on a a an phil
POOL	15670	0.405651126	3,5,8,10,13,14,15,16	put eat back on a a an v
POOL	15671	0.405506835	3,5,8,10,13,14,15,16	put eat back on a a an beef
POOL	15672	0.405495923	3,5,8,10,13,14,15,16	put eat back on a a an fool
POOL	15673	0.405457311	3,5,8,10,13,14,15,16	put eat back on a a an set
POOL	15674	0.405316007	3,5,8,10,13,14,15,16	put eat back on a a an chef
POOL	15675	0.405283677	3,5,8,10,13,14,15,16	put eat back on a a a eh
POOL	15676	0.405280550	3,5,8,10,13,14,15,16	put eat back on a a a fi
POOL	15677	0.405272862	3,5,8,10,13,14,15,16	put eat back on a a an leaf
POOL	15678	0.405260321	3,5,8,10,13,14,15,16	put eat back on a a a uh
POOL	15679	0.405199435	3,5,8,10,13,14,15,16	put eat back on a a a er
POOL	15680	0.405095558	3,5,8,10,13,14,15,16	put eat back on a a an flew
POOL	15681	0.405047164	3,5,8,10,13,14,15,16	put eat back on a a an seen
POOL	15682	0.404994188	3,5,8,10,13,14,15,16	put eat back on a a are offer
POOL	15683	0.404920566	3,5,8,10,13,14,15,16	put eat back on a a an fig
POOL	15684	0.404919489	3,5,8,10,13,14,15,16	put eat back on a a an yes
POOL	15685	0.404860791	3,5,8,10,13,14,15,16	put eat back on a a an says
POOL	15686	0.404773002	3,5,8,10,13,14,15,16	put eat back on a a a aw
POOL	15687	0.404367172	3,5,8,10,12,13,16	put eat bak on the shh alpha
POOL	15688	0.404059611	3,5,8,10,13,14,15,16	put eat back on a a an ah
POOL	15689	0.403774395	3,5,8,10,13,14,16	put eat back on a a louis
POOL	15690	0.403668244	3,5,8,10,13,15,16	put eat back on as year offer
POOL	15691	0.403355517	3,5,8,10,13,14,15,16	put eat back on a a all a
POOL	15692	0.403355517	3,5,8,10,13,14,15,16	put eat back on a a all for
POOL	15693	0.403087177	3,5,8,10,13,15,16	put eat back on if year offer
POOL	15694	0.402957107	3,5,8,10,12,13,16	put eat bak on the sh alpha
POOL	15695	0.402730517	3,5,8,10,13,14,15,16	put eat back on a a a if
POOL	15696	0.402648607	3,5,8,10,13,14,15,16	put eat back on a a are us
POOL	15697	0.402474016	3,5,8,10,13,14,15,16	put eat back on a a a off
POOL	15698	0.402471177	3,5,8,10,13,14,15,16	put eat back on a a an eh
POOL	15699	0.402468050	3,5,8,10,13,14,15,16	put eat back on a a an fi
POOL	15700	0.402447821	3,5,8,10,13,14,15,16	put eat back on a a an uh
POOL	15701	0.402435021	3,5,8,10,13,14,15,16	put eat back on a a are she
POOL	15702	0.402386935	3,5,8,10,13,14,15,16	put eat back on a a an er
POOL	15703	0.401960502	3,5,8,10,13,14,15,16	put eat back on a a an aw
POOL	15704	0.401497888	3,5,8,10,12,13,16	put eat bak on the shh ellis
POOL	15705	0.401266186	3,5,8,10,12,13,16	put eat bak on the shh alfie
POOL	15706	0.400978603	3,5,8,10,13,14,15,16	put eat back on a a all few
POOL	15707	0.400941155	3,5,8,10,12,13,16	put eat bak on the shh alfa
POOL	15708	0.400738784	3,5,8,10,13,14,15,16	put eat back on a a all her
POOL	15709	0.400738784	3,5,8,10,13,14,15,16	put eat back on a a all who
POOL	15710	0.400577221	3,5,8,10,13,14,15,16	put eat back on a a all four
POOL	15711	0.400113784	3,5,8,10,13,14,15,16	put eat back on a a all he
POOL	15712	0.400087823	3,5,8,10,12,13,16	put eat bak on the sh ellis
POOL	15713	0.399994875	3,5,8,10,12,13,16	put eat bak on the shh elsa
POOL	15714	0.399926247	3,5,8,10,13,14,15,16	put eat back on a a all as
POOL	15715	0.399926247	3,5,8,10,13,14,15,16	put eat back on a a all is
POOL	15716	0.399918017	3,5,8,10,13,14,15,16	put eat back on a a an if
POOL	15717	0.399868926	3,5,8,10,13,14,15,16	put eat back on a a all half
POOL	15718	0.399856121	3,5,8,10,12,13,16	put eat bak on the sh alfie
POOL	15719	0.399661516	3,5,8,10,13,14,15,16	put eat back on a a an off
POOL	15720	0.399605517	3,5,8,10,13,14,15,16	put eat back on a a are of
POOL	15721	0.399531090	3,5,8,10,12,13,16	put eat bak on the sh alfa
POOL	15722	0.399116473	3,5,8,10,12,13,16	put eat bak on the shh elsie
POOL	15723	0.398744188	3,5,8,10,13,14,15,16	put eat back on a a a offer
POOL	15724	0.398584810	3,5,8,10,12,13,16	put eat bak on the sh elsa
POOL	15725	0.398054833	3,5,8,10,12,13,16	put eat bak on the shh aloof
POOL	15726	0.397980622	3,5,8,10,13,14,15,16	put eat back on a a all through
POOL	15727	0.397706408	3,5,8,10,12,13,16	put eat bak on the sh elsie
POOL	15728	0.397598124	3,5,8,10,13,14,15,16	put eat back on a a all up
POOL	15729	0.397513993	3,5,8,10,13,14,15,16	put eat back on a a all three
POOL	15730	0.397426247	3,5,8,10,13,14,15,16	put eat back on a a all it's
POOL	15731	0.397426247	3,5,8,10,13,14,15,16	put eat back on a a all some
POOL	15732	0.397426247	3,5,8,10,13,14,15,16	put eat back on a a all this
POOL	15733	0.397105517	3,5,8,10,13,14,15,16	put eat back on a a are a
POOL	15734	0.397105517	3,5,8,10,13,14,15,16	put eat back on a a are for
POOL	15735	0.396801247	3,5,8,10,13,14,15,16	put eat back on a a all so
POOL	15736	0.396660624	3,5,8,10,13,14,15,16	put eat back on a a all me
POOL	15737	0.396644768	3,5,8,10,12,13,16	put eat bak on the sh aloof
POOL	15738	0.396398607	3,5,8,10,13,14,15,16	put eat back on a a a us
POOL	15739	0.396185021	3,5,8,10,13,14,15,16	put eat back on a a a she
POOL	15740	0.395931688	3,5,8,10,13,14,15,16	put eat back on a a an offer
POOL	15741	0.394961924	3,5,8,10,13,14,15,16	put eat back on a a all per
POOL	15742	0.394728603	3,5,8,10,13,14,15,16	put eat back on a a are few
POOL	15743	0.394626977	3,5,8,10,13,14,15,16	put eat back on a a all am
POOL	15744	0.394488784	3,5,8,10,13,14,15,16	put eat back on a a are her
POOL	15745	0.394488784	3,5,8,10,13,14,15,16	put eat back on a a are who
POOL	15746	0.394418920	3,5,8,10,13,14,15,16	put eat back on a a all less
POOL	15747	0.394327221	3,5,8,10,13,14,15,16	put eat back on a a are four
POOL	15748	0.393863784	3,5,8,10,13,14,15,16	put eat back on a a are he
POOL	15749	0.393676247	3,5,8,10,13,14,15,16	put eat back on a a are as
POOL	15750	0.393676247	3,5,8,10,13,14,15,16	put eat back on a a are is
POOL	15751	0.393618926	3,5,8,10,13,14,15,16	put eat back on a a are half
POOL	15752	0.393586107	3,5,8,10,13,14,15,16	put eat back on a a an us
POOL	15753	0.393372521	3,5,8,10,13,14,15,16	put eat back on a a an she
POOL	15754	0.393355517	3,5,8,10,13,14,15,16	put eat back on a a a of
POOL	15755	0.393246259	3,5,8,10,13,14,16	put eat back on a an louis
POOL	15756	0.393246259	3,5,8,10,13,14,16	put eat back on a as louis
POOL	15757	0.393246259	3,5,8,10,13,14,16	put eat back on a at louis
POOL	15758	0.391730622	3,5,8,10,13,14,15,16	put eat back on a a are through
POOL	15759	0.391348124	3,5,8,10,13,14,15,16	put eat back on a a are up
POOL	15760	0.391263993	3,5,8,10,13,14,15,16	put eat back on a a are three
POOL	15761	0.391176247	3,5,8,10,13,14,15,16	put eat back on a a are it's
POOL	15762	0.391176247	3,5,8,10,13,14,15,16	put eat back on a a are some
POOL	15763	0.391176247	3,5,8,10,13,14,15,16	put eat back on a a are this
POOL	15764	0.390855517	3,5,8,10,13,14,15,16	put eat back on a a a a
POOL	15765	0.390855517	3,5,8,10,13,14,15,16	put eat back on a a a for
POOL	15766	0.390551247	3,5,8,10,13,14,15,16	put eat back on a a are so
POOL	15767	0.390543017	3,5,8,10,13,14,15,16	put eat back on a a an of
POOL	15768	0.390410624	3,5,8,10,13,14,15,16	put eat back on a a are me
POOL	15769	0.388711924	3,5,8,10,13,14,15,16	put eat back on a a are per
POOL	15770	0.388478603	3,5,8,10,13,14,15,16	put eat back on a a a few
POOL	15771	0.388376977	3,5,8,10,13,14,15,16	put eat back on a a are am
POOL	15772	0.388238784	3,5,8,10,13,14,15,16	put eat back on a a a her
POOL	15773	0.388238784	3,5,8,10,13,14,15,16	put eat back on a a a who
POOL	15774	0.388168920	3,5,8,10,13,14,15,16	put eat back on a a are less
POOL	15775	0.388077221	3,5,8,10,13,14,15,16	put eat back on a a a four
POOL	15776	0.388043017	3,5,8,10,13,14,15,16	put eat back on a a an a
POOL	15777	0.388043017	3,5,8,10,13,14,15,16	put eat back on a a an for
POOL	15778	0.387613784	3,5,8,10,13,14,15,16	put eat back on a a a he
POOL	15779	0.387426247	3,5,8,10,13,14,15,16	put eat back on a a a as
POOL	15780	0.387426247	3,5,8,10,13,14,15,16	put eat back on a a a is
POOL	15781	0.387368926	3,5,8,10,13,14,15,16	put eat back on a a a half
POOL	15782	0.385666103	3,5,8,10,13,14,15,16	put eat back on a a an few
POOL	15783	0.385480622	3,5,8,10,13,14,15,16	put eat back on a a a through
POOL	15784	0.385426284	3,5,8,10,13,14,15,16	put eat back on a a an her
POOL	15785	0.385426284	3,5,8,10,13,14,15,16	put eat back on a a an who
POOL	15786	0.385264721	3,5,8,10,13,14,15,16	put eat back on a a an four
POOL	15787	0.385098124	3,5,8,10,13,14,15,16	put eat back on a a a up
POOL	15788	0.385013993	3,5,8,10,13,14,15,16	put eat back on a a a three
POOL	15789	0.384926247	3,5,8,10,13,14,15,16	put eat back on a a a it's
POOL	15790	0.384926247	3,5,8,10,13,14,15,16	put eat back on a a a some
POOL	15791	0.384926247	3,5,8,10,13,14,15,16	put eat back on a a a this
POOL	15792	0.384801284	3,5,8,10,13,14,15,16	put eat back on a a an he
POOL	15793	0.384613747	3,5,8,10,13,14,15,16	put eat back on a a an as
POOL	15794	0.384613747	3,5,8,10,13,14,15,16	put eat back on a a an is
POOL	15795	0.384556426	3,5,8,10,13,14,15,16	put eat back on a a an half
POOL	15796	0.384301247	3,5,8,10,13,14,15,16	put eat back on a a a so
POOL	15797	0.384160624	3,5,8,10,13,14,15,16	put eat back on a a a me
POOL	15798	0.383873119	3,5,8,10,13,14,16	put eat back on a be louis
POOL	15799	0.382668122	3,5,8,10,13,14,15,16	put eat back on a a an through
POOL	15800	0.382461924	3,5,8,10,13,14,15,16	put eat back on a a a per
POOL	15801	0.382285624	3,5,8,10,13,14,15,16	put eat back on a a an up
POOL	15802	0.382201493	3,5,8,10,13,14,15,16	put eat back on a a an three
POOL	15803	0.382126977	3,5,8,10,13,14,15,16	put eat back on a a a am
POOL	15804	0.382113747	3,5,8,10,13,14,15,16	put eat back on a a an it's
POOL	15805	0.382113747	3,5,8,10,13,14,15,16	put eat back on a a an some
POOL	15806	0.382113747	3,5,8,10,13,14,15,16	put eat back on a a an this
POOL	15807	0.381918920	3,5,8,10,13,14,15,16	put eat back on a a a less
POOL	15808	0.381488747	3,5,8,10,13,14,15,16	put eat back on a a an so
POOL	15809	0.380804763	3,5,8,10,12,13,16	put eat back on the shh alpha
POOL	15810	0.380356964	3,5,8,10,13,14,16	put eat back on a are louis
POOL	15811	0.379649424	3,5,8,10,13,14,15,16	put eat back on a a an per
POOL	15812	0.379394698	3,5,8,10,12,13,16	put eat back on the sh alpha
POOL	15813	0.379106420	3,5,8,10,13,14,15,16	put eat back on a a an less
POOL	15814	0.377935478	3,5,8,10,12,13,16	put eat back on the shh ellis
POOL	15815	0.377703776	3,5,8,10,12,13,16	put eat back on the shh alfie
POOL	15816	0.377378745	3,5,8,10,12,13,16	put eat back on the shh alfa
POOL	15817	0.376525414	3,5,8,10,12,13,16	put eat back on the sh ellis
POOL	15818	0.376432466	3,5,8,10,12,13,16	put eat back on the shh elsa
POOL	15819	0.376293711	3,5,8,10,12,13,16	put eat back on the sh alfie
POOL	15820	0.375968680	3,5,8,10,12,13,16	put eat back on the sh alfa
POOL	15821	0.375554064	3,5,8,10,12,13,16	put eat back on the shh elsie
POOL	15822	0.375022401	3,5,8,10,12,13,16	put eat back on the sh elsa
POOL	15823	0.374492424	3,5,8,10,12,13,16	put eat back on the shh aloof
POOL	15824	0.374143999	3,5,8,10,12,13,16	put eat back on the sh elsie
POOL	15825	0.373082359	3,5,8,10,12,13,16	put eat back on the sh aloof
VIS	0	0	0.900814011	2,6,7,11,13,16	pull tit a cons ass else
VIS	1	1	0.900810760	2,6,7,11,13,16	push tit a cons ass else
VIS	2	2	0.900566967	2,6,7,11,13,16	too tit a cons ass else
VIS	3	3	0.898885061	2,6,7,11,13,16	pull tit a khan's ass else
VIS	4	4	0.898881810	2,6,7,11,13,16	push tit a khan's ass else
VIS	5	5	0.898638017	2,6,7,11,13,16	too tit a khan's ass else
VIS	6	6	0.898316330	2,6,7,11,13,16	pull tit a cons s else
VIS	7	7	0.897699488	2,4,7,11,13,16	pull tea bad cons us else
VIS	8	8	0.897696237	2,4,7,11,13,16	push tea bad cons us else
VIS	9	9	0.897557579	2,4,6,7,11,16	pull tea tube a cons self
VIS	10	10	0.897554328	2,4,6,7,11,16	push tea tube a cons self
VIS	11	11	0.897452445	2,4,7,11,13,16	too tea bad cons us else
VIS	12	12	0.897310536	2,4,6,7,11,16	too tea tube a cons self
VIS	13	13	0.896894741	2,4,6,7,11,16	paw tea tube a cons self
VIS	14	14	0.896326225	2,4,7,11,13,16	pull tea bad cons ass else
VIS	15	15	0.896322973	2,4,7,11,13,16	push tea bad cons ass else
VIS	16	16	0.896079181	2,4,7,11,13,16	too tea bad cons ass else
VIS	17	17	0.895996563	2,4,6,7,11,16	pull tea tab a cons self
VIS	18	18	0.895993311	2,4,6,7,11,16	push tea tab a cons self
VIS	19	19	0.895770538	2,4,7,11,13,16	pull tea bad khan's us else
VIS	20	20	0.895767287	2,4,7,11,13,16	push tea bad khan's us else
VIS	21	21	0.895749519	2,4,6,7,11,16	too tea tab a cons self
VIS	22	22	0.895628629	2,4,6,7,11,16	pull tea tube a khan's self
VIS	23	23	0.895625378	2,4,6,7,11,16	push tea tube a khan's self
VIS	24	24	0.895622030	2,4,6,7,11,16	pull tea top a cons self
VIS	25	25	0.895618778	2,4,6,7,11,16	push tea top a cons self
VIS	26	26	0.895608716	2,4,6,7,11,16	pull tea tub a cons self
VIS	27	27	0.895605465	2,4,6,7,11,16	push tea tub a cons self
VIS	28	28	0.895559796	2,6,7,11,13,16	book tit a cons ass else
VIS	29	29	0.895381586	2,4,6,7,11,16	too tea tube a khan's self
VIS	30	30	0.895374986	2,4,6,7,11,16	too tea top a cons self
VIS	31	31	0.895361672	2,4,6,7,11,16	too tea tub a cons self
VIS	32	32	0.895333724	2,4,6,7,11,16	paw tea tab a cons self
VIS	33	35	0.894364346	2,4,7,11,12,16	pull tea bad cons a self
VIS	34	36	0.894361095	2,4,7,11,12,16	push tea bad cons a self
VIS	35	39	0.894117303	2,4,7,11,12,16	too tea bad cons a self
VIS	36	40	0.893701508	2,4,7,11,12,16	paw tea bad cons a self
VIS	37	41	0.892435396	2,4,7,11,12,16	pull tea bad khan's a self
VIS	38	42	0.892432145	2,4,7,11,12,16	push tea bad khan's a self
VIS	39	43	0.892323490	2,5,7,11,13,16	pull tit bad cons us else
VIS	40	44	0.892320239	2,5,7,11,13,16	push tit bad cons us else
VIS	41	45	0.892188353	2,4,7,11,12,16	too tea bad khan's a self
VIS	42	46	0.892154641	2,4,7,11,13,16	pow tea bad cons us else
VIS	43	47	0.892091612	4,6,7,11,13,16	took tube a cons ass else
VIS	44	48	0.892076447	2,5,7,11,13,16	too tit bad cons us else
VIS	45	49	0.891867581	2,6,7,11,12,16	pull tit yeah cons a self
VIS	46	50	0.891864329	2,6,7,11,12,16	push tit yeah cons a self
VIS	47	51	0.891772558	2,4,7,11,12,16	paw tea bad khan's a self
VIS	48	52	0.891620537	2,6,7,11,12,16	too tit yeah cons a self
VIS	49	53	0.891618445	4,6,7,11,13,16	book tube a cons ass else
POOLSIZE	15826
