POOL	0	0.895325779	2,4,7,11,14,16	us oh la cut rub al
POOL	1	0.893952516	2,4,7,11,14,16	ass oh la cut rub al
POOL	2	0.892657787	2,4,7,11,14,16	us oh la cut rub air
POOL	3	0.892609755	2,4,7,11,14,16	us oh la tut rub al
POOL	4	0.891454835	2,4,7,11,14,16	s oh la cut rub al
POOL	5	0.891284523	2,4,7,11,14,16	ass oh la cut rub air
POOL	6	0.891236491	2,4,7,11,14,16	ass oh la tut rub al
POOL	7	0.890669770	4,6,7,11,14,16	show lol ahh cut rub al
POOL	8	0.890465560	4,6,7,11,14,16	show lol awe cut rub al
POOL	9	0.890372872	4,6,7,11,14,16	show lol ah cut rub al
POOL	10	0.889895615	2,4,7,11,13,16	us oh la cut run bell
POOL	11	0.889546914	2,4,7,11,13,16	us oh la cut raw bell
POOL	12	0.889366462	2,4,7,11,13,16	us oh la cut run bill
POOL	13	0.889017762	2,4,7,11,13,16	us oh la cut raw bill
POOL	14	0.888522351	2,4,7,11,13,16	ass oh la cut run bell
POOL	15	0.888400593	4,6,7,11,14,16	show real ahh cut rub al
POOL	16	0.888173651	2,4,7,11,13,16	ass oh la cut raw bell
POOL	17	0.887993199	2,4,7,11,13,16	ass oh la cut run bill
POOL	18	0.887942170	2,4,7,11,13,16	us oh la cut yeah bell
POOL	19	0.887644498	2,4,7,11,13,16	ass oh la cut raw bill
POOL	20	0.886004845	2,6,7,11,14,16	us ole ahh cut rub al
POOL	21	0.885800635	2,6,7,11,14,16	us ole awe cut rub al
POOL	22	0.885707948	2,6,7,11,14,16	us ole ah cut rub al
POOL	23	0.885261397	4,7,9,11,14,16	show la ca that rub al
POOL	24	0.885239605	4,6,7,11,13,16	show lol ahh cut run bell
POOL	25	0.885035395	4,6,7,11,13,16	show lol awe cut run bell
POOL	26	0.884942708	4,6,7,11,13,16	show lol ah cut run bell
POOL	27	0.884890905	4,6,7,11,13,16	show lol ahh cut raw bell
POOL	28	0.884710453	4,6,7,11,13,16	show lol ahh cut run bill
POOL	29	0.884686695	4,6,7,11,13,16	show lol awe cut raw bell
POOL	30	0.884631581	2,6,7,11,14,16	ass ole ahh cut rub al
POOL	31	0.884594007	4,6,7,11,13,16	show lol ah cut raw bell
POOL	32	0.884506243	4,6,7,11,13,16	show lol awe cut run bill
POOL	33	0.884482248	6,7,9,11,14,16	hole ahh ca that rub al
POOL	34	0.884278038	6,7,9,11,14,16	hole awe ca that rub al
POOL	35	0.884185351	6,7,9,11,14,16	hole ah ca that rub al
POOL	36	0.883794466	4,7,9,11,14,16	show la tough that rub al
POOL	37	0.883380534	4,7,9,11,14,16	show la come that rub al
POOL	38	0.883015317	6,7,9,11,14,16	hole ahh tough that rub al
POOL	39	0.882811107	6,7,9,11,14,16	hole awe tough that rub al
POOL	40	0.882718420	6,7,9,11,14,16	hole ah tough that rub al
POOL	41	0.882601385	6,7,9,11,14,16	hole ahh come that rub al
POOL	42	0.882593405	4,7,9,11,14,16	show la ca that rub air
POOL	43	0.882488501	2,5,7,11,14,16	us ole la cut rub al
POOL	44	0.882397175	6,7,9,11,14,16	hole awe come that rub al
POOL	45	0.882304488	6,7,9,11,14,16	hole ah come that rub al
POOL	46	0.882254945	4,7,9,11,14,16	home la ca that rub al
POOL	47	0.881814256	6,7,9,11,14,16	hole ahh ca that rub air
POOL	48	0.881662044	6,7,9,11,14,16	hole ahh top that rub al
POOL	49	0.881655059	4,6,9,11,14,16	show lol got that rub al
POOL	50	0.881610046	6,7,9,11,14,16	hole awe ca that rub air
POOL	51	0.881517358	6,7,9,11,14,16	hole ah ca that rub air
POOL	52	0.881457834	6,7,9,11,14,16	hole awe top that rub al
POOL	53	0.881387379	6,7,9,11,14,16	hole ahh too that rub al
POOL	54	0.881384895	6,7,9,11,14,16	hole ahh duh that rub al
POOL	55	0.881365147	6,7,9,11,14,16	hole ah top that rub al
POOL	56	0.881183169	6,7,9,11,14,16	hole awe too that rub al
POOL	57	0.881180685	6,7,9,11,14,16	hole awe duh that rub al
POOL	58	0.881179322	6,7,9,11,14,16	hole ahh ta that rub al
POOL	59	0.881139078	2,4,7,11,14,16	f. oh la cut rub al
POOL	60	0.881115238	2,5,7,11,14,16	ass ole la cut rub al
POOL	61	0.881090482	6,7,9,11,14,16	hole ah too that rub al
POOL	62	0.881087998	6,7,9,11,14,16	hole ah duh that rub al
POOL	63	0.881082174	6,7,9,11,14,16	hole ahh tongue that rub al
POOL	64	0.880975112	6,7,9,11,14,16	hole awe ta that rub al
POOL	65	0.880932434	2,4,9,11,14,16	ass oh lat that rub al
POOL	66	0.880902772	4,7,11,12,13,16	show la cut are uhh bell
POOL	67	0.880882425	6,7,9,11,14,16	hole ah ta that rub al
POOL	68	0.880877964	6,7,9,11,14,16	hole awe tongue that rub al
POOL	69	0.880816493	2,5,7,11,14,16	us old la cut rub al
POOL	70	0.880785276	6,7,9,11,14,16	hole ah tongue that rub al
POOL	71	0.880754679	6,7,9,11,14,16	hole ahh ton that rub al
POOL	72	0.880716083	4,7,11,12,16	show la cut air -able
POOL	73	0.880624022	4,7,11,12,16	show la cut are -able
POOL	74	0.880574680	2,6,7,11,13,16	us ole ahh cut run bell
POOL	75	0.880550469	6,7,9,11,14,16	hole awe ton that rub al
POOL	76	0.880519218	2,4,9,11,14,16	ass oh lotte that rub al
POOL	77	0.880457782	6,7,9,11,14,16	hole ah ton that rub al
POOL	78	0.880380230	6,7,9,11,14,16	hole ahh ca pfft rub al
POOL	79	0.880373619	4,7,11,12,13,16	show la cut are uhh bill
POOL	80	0.880370470	2,6,7,11,13,16	us ole awe cut run bell
POOL	81	0.880347325	6,7,9,11,14,16	hole ahh tough that rub air
POOL	82	0.880323772	4,6,9,11,14,16	show lol ott that rub al
POOL	83	0.880277783	2,6,7,11,13,16	us ole ah cut run bell
POOL	84	0.880225980	2,6,7,11,13,16	us ole ahh cut raw bell
POOL	85	0.880199663	2,4,9,11,14,16	ass oh lott that rub al
POOL	86	0.880146156	4,7,11,12,13,16	show la cut air uhh bell
POOL	87	0.880069438	4,7,11,12,13,16	show la cut or uhh bell
POOL	88	0.880045528	2,6,7,11,13,16	us ole ahh cut run bill
POOL	89	0.880021770	2,6,7,11,13,16	us ole awe cut raw bell
POOL	90	0.879929083	2,6,7,11,13,16	us ole ah cut raw bell
POOL	91	0.879860415	4,7,11,12,13,16	show la cut are uh bell
POOL	92	0.879841318	2,6,7,11,13,16	us ole awe cut run bill
POOL	93	0.879820509	2,5,7,11,14,16	us ole la cut rub air
POOL	94	0.879772477	2,5,7,11,14,16	us ole la tut rub al
POOL	95	0.879676403	2,4,7,11,14,16	us oh la dumb rub al
POOL	96	0.879624022	4,7,11,12,16	show la cut or -able
POOL	97	0.879617003	4,7,11,12,13,16	show la cut air uhh bill
POOL	98	0.879540286	4,7,11,12,13,16	show la cut or uhh bill
POOL	99	0.879443229	2,5,7,11,14,16	ass old la cut rub al
POOL	100	0.879385883	4,6,9,11,14,16	show real got that rub al
POOL	101	0.879372750	2,4,7,11,16	us oh la cut rubble
POOL	102	0.879331263	4,7,11,12,13,16	show la cut are uh bill
POOL	103	0.878987066	4,6,9,11,14,16	show lol got that rub air
POOL	104	0.878648607	4,6,9,11,14,16	home lol got that rub al
POOL	105	0.878609100	2,4,7,11,16	ass oh la cut rubble
POOL	106	0.878488565	2,4,7,11,16	us oh la cut -able
POOL	107	0.878434753	2,4,9,11,14,16	s oh lat that rub al
POOL	108	0.878308372	4,6,9,11,14,16	hoe lol got that rub al
POOL	109	0.878264441	2,4,9,11,14,16	ass oh lat that rub air
POOL	110	0.878186522	4,7,11,12,16	show la cut new -able
POOL	111	0.878057531	6,7,11,12,16	hole ahh cut air -able
POOL	112	0.878021537	2,4,9,11,14,16	s oh lotte that rub al
POOL	113	0.877965470	6,7,11,12,16	hole ahh cut are -able
POOL	114	0.877884767	4,7,11,12,16	home la cut air -able
POOL	115	0.877812479	6,7,11,12,16	hole awe cut air -able
POOL	116	0.877792706	4,7,11,12,16	home la cut are -able
POOL	117	0.877724915	2,4,7,11,16	ass oh la cut -able
POOL	118	0.877720418	6,7,11,12,16	hole awe cut are -able
POOL	119	0.877701254	6,7,11,12,16	hole ah cut air -able
POOL	120	0.877609193	6,7,11,12,16	hole ah cut are -able
POOL	121	0.877407426	2,4,7,11,14,16	us oh la cut rub als
POOL	122	0.877058337	2,5,7,11,13,16	us ole la cut run bell
POOL	123	0.876965470	6,7,11,12,16	hole ahh cut or -able
POOL	124	0.876792706	4,7,11,12,16	home la cut or -able
POOL	125	0.876720418	6,7,11,12,16	hole awe cut or -able
POOL	126	0.876709636	2,5,7,11,13,16	us ole la cut raw bell
POOL	127	0.876629522	4,6,7,11,14,16	show lol ahh pot rub al
POOL	128	0.876609193	6,7,11,12,16	hole ah cut or -able
POOL	129	0.876571980	4,7,11,12,16	show la cut re- -able
POOL	130	0.876529184	2,5,7,11,13,16	us ole la cut run bill
POOL	131	0.876512000	2,4,7,11,12,16	us oh la cut air bell
POOL	132	0.876318893	2,4,7,11,14,16	us oh na cut rub al
POOL	133	0.876203086	4,7,11,12,16	show la cut yeah -able
POOL	134	0.876180484	2,5,7,11,13,16	us ole la cut raw bill
POOL	135	0.876177069	4,7,11,12,16	show la cut you -able
POOL	136	0.876028896	4,7,11,12,16	show la tut air -able
POOL	137	0.875982848	2,4,7,11,12,16	us oh la cut air bill
POOL	138	0.875936835	4,7,11,12,16	show la tut are -able
POOL	139	0.875916681	4,6,7,11,14,16	ohh lol ahh cut rub al
POOL	140	0.875905573	4,7,11,12,16	show la come air -able
POOL	141	0.875895352	2,4,7,11,12,16	ass oh la cut are bell
POOL	142	0.875876194	4,6,9,11,13,16	show lol got that raw bell
POOL	143	0.875813513	4,7,11,12,16	show la come are -able
POOL	144	0.875695875	2,4,7,11,16	s oh la cut rubble
POOL	145	0.875685073	2,5,7,11,13,16	ass ole la cut run bell
POOL	146	0.875661724	2,4,6,7,11,16	us oh lol ahh cut rub
POOL	147	0.875624022	4,7,11,12,16	show la cut her -able
POOL	148	0.875624022	4,7,11,12,16	show la cut were -able
POOL	149	0.875608521	4,6,7,11,16	show lol ahh cut rubble
POOL	150	0.875550308	4,7,11,12,16	so la cut air -able
POOL	151	0.875527970	6,7,11,12,16	hole ahh cut new -able
POOL	152	0.875457514	2,4,6,7,11,16	us oh lol awe cut rub
POOL	153	0.875386328	2,5,7,11,13,16	us old la cut run bell
POOL	154	0.875366200	2,4,7,11,12,16	ass oh la cut are bill
POOL	155	0.875364827	2,4,6,7,11,16	us oh lol ah cut rub
POOL	156	0.875363469	4,6,7,11,16	show lol awe cut rubble
POOL	157	0.875355206	4,7,11,12,16	home la cut new -able
POOL	158	0.875347041	4,6,9,11,13,16	show lol got that raw bill
POOL	159	0.875336373	2,5,7,11,13,16	ass ole la cut raw bell
POOL	160	0.875282918	6,7,11,12,16	hole awe cut new -able
POOL	161	0.875259507	4,7,11,12,16	show la cut law -able
POOL	162	0.875252244	4,6,7,11,16	show lol ah cut rubble
POOL	163	0.875171693	6,7,11,12,16	hole ah cut new -able
POOL	164	0.875155921	2,5,7,11,13,16	ass ole la cut run bill
POOL	165	0.875138736	2,4,7,11,12,16	ass oh la cut air bell
POOL	166	0.875120376	2,4,7,11,16	ash oh la cut rubble
POOL	167	0.875062019	2,4,7,11,12,16	ass oh la cut or bell
POOL	168	0.874976485	4,7,11,12,16	hoe la cut air -able
POOL	169	0.874936835	4,7,11,12,16	show la tut or -able
POOL	170	0.874899001	2,4,7,11,14,16	us mo la cut rub al
POOL	171	0.874893608	4,6,9,11,13,16	show lol ott that run bell
POOL	172	0.874884424	4,7,11,12,16	hoe la cut are -able
POOL	173	0.874854141	4,7,11,12,16	hope la cut air -able
POOL	174	0.874824705	6,7,11,12,16	hole are cut air -able
POOL	175	0.874813513	4,7,11,12,16	show la come or -able
POOL	176	0.874811690	2,4,7,11,16	s oh la cut -able
POOL	177	0.874794228	4,7,11,12,16	show la tough air -able
POOL	178	0.874792442	2,4,7,11,16	us know la cut rubble
POOL	179	0.874762081	4,7,11,12,16	hope la cut are -able
POOL	180	0.874724336	4,6,7,11,16	show lol ahh cut -able
POOL	181	0.874702167	4,7,11,12,16	show la tough are -able
POOL	182	0.874685563	2,4,7,11,16	us oh la tut rubble
POOL	183	0.874609584	2,4,7,11,12,16	ass oh la cut air bill
POOL	184	0.874591755	4,7,11,12,16	show law cut air -able
POOL	185	0.874562241	2,4,7,11,16	us oh la come rubble
POOL	186	0.874544907	4,6,9,11,13,16	show lol ott that raw bell
POOL	187	0.874499694	4,7,11,12,16	show law cut are -able
POOL	188	0.874479284	4,6,7,11,16	show lol awe cut -able
POOL	189	0.874417868	4,7,11,12,16	show la top air -able
POOL	190	0.874371016	4,7,11,12,16	show raw cut air -able
POOL	191	0.874368059	4,6,7,11,16	show lol ah cut -able
POOL	192	0.874364455	4,6,9,11,13,16	show lol ott that run bill
POOL	193	0.874325807	4,7,11,12,16	show la top are -able
POOL	194	0.874288461	2,4,6,7,11,16	ass oh lol ahh cut rub
POOL	195	0.874278955	4,7,11,12,16	show raw cut are -able
POOL	196	0.874236191	2,4,7,11,16	ash oh la cut -able
POOL	197	0.874234663	4,7,11,12,16	hoa la cut air -able
POOL	198	0.874208473	4,7,11,12,16	ho la cut air -able
POOL	199	0.874160135	2,6,7,11,14,16	eh ole ahh cut rub al
POOL	200	0.874142602	4,7,11,12,16	hoa la cut are -able
POOL	201	0.874135509	4,6,7,11,16	show real ahh cut rubble
POOL	202	0.874116412	4,7,11,12,16	ho la cut are -able
POOL	203	0.874084251	2,4,6,7,11,16	ass oh lol awe cut rub
POOL	204	0.874081507	4,6,7,11,14,16	show lol car cut rub al
POOL	205	0.874028792	2,4,7,11,16	ass know la cut rubble
POOL	206	0.874015755	4,6,9,11,13,16	show lol ott that raw bill
POOL	207	0.873991563	2,4,6,7,11,16	ass oh lol ah cut rub
POOL	208	0.873921913	2,4,7,11,16	ass oh la tut rubble
POOL	209	0.873913428	6,7,11,12,16	hole ahh cut re- -able
POOL	210	0.873908257	2,4,7,11,16	us know la cut -able
POOL	211	0.873890457	4,6,7,11,16	show real awe cut rubble
POOL	212	0.873884424	4,7,11,12,16	hoe la cut or -able
POOL	213	0.873824705	6,7,11,12,16	hole on cut air -able
POOL	214	0.873801378	2,4,7,11,16	us oh la tut -able
POOL	215	0.873798591	2,4,7,11,16	ass oh la come rubble
POOL	216	0.873779232	4,6,7,11,16	show real ah cut rubble
POOL	217	0.873762081	4,7,11,12,16	hope la cut or -able
POOL	218	0.873743363	4,7,11,12,16	hoh la cut air -able
POOL	219	0.873740664	4,7,11,12,16	home la cut re- -able
POOL	220	0.873702167	4,7,11,12,16	show la tough or -able
POOL	221	0.873678056	2,4,7,11,16	us oh la come -able
POOL	222	0.873668376	6,7,11,12,16	hole awe cut re- -able
POOL	223	0.873651302	4,7,11,12,16	hoh la cut are -able
POOL	224	0.873557151	6,7,11,12,16	hole ah cut re- -able
POOL	225	0.873544535	6,7,11,12,16	hole ahh cut yeah -able
POOL	226	0.873518517	6,7,11,12,16	hole ahh cut you -able
POOL	227	0.873499694	4,7,11,12,16	show law cut or -able
POOL	228	0.873499335	4,7,11,12,16	show la tut new -able
POOL	229	0.873450896	2,4,7,11,16	us oh la tough rubble
POOL	230	0.873392548	2,4,6,7,11,16	us oh real ahh cut rub
POOL	231	0.873377955	4,7,11,12,16	show la cunt air -able
POOL	232	0.873376013	4,7,11,12,16	show la come new -able
POOL	233	0.873371771	4,7,11,12,16	home la cut yeah -able
POOL	234	0.873370344	6,7,11,12,16	hole ahh tut air -able
POOL	235	0.873345753	4,7,11,12,16	home la cut you -able
POOL	236	0.873329527	4,6,7,11,14,16	show lol ahh cut rub null
POOL	237	0.873325807	4,7,11,12,16	show la top or -able
POOL	238	0.873304168	1,4,7,11,14,16	uhh show la cut rub al
POOL	239	0.873299483	6,7,11,12,16	hole awe cut yeah -able
POOL	240	0.873285894	4,7,11,12,16	show la cunt are -able
POOL	241	0.873278955	4,7,11,12,16	show raw cut or -able
POOL	242	0.873278283	6,7,11,12,16	hole ahh tut are -able
POOL	243	0.873273465	6,7,11,12,16	hole awe cut you -able
POOL	244	0.873251324	4,6,7,11,16	show real ahh cut -able
POOL	245	0.873248423	2,4,7,11,16	us oh law cut rubble
POOL	246	0.873247022	6,7,11,12,16	hole ahh come air -able
POOL	247	0.873197580	4,7,11,12,16	home la tut air -able
POOL	248	0.873188258	6,7,11,12,16	hole ah cut yeah -able
POOL	249	0.873162240	6,7,11,12,16	hole ah cut you -able
POOL	250	0.873158475	2,4,7,11,16	us owe la cut rubble
POOL	251	0.873154961	6,7,11,12,16	hole ahh come are -able
POOL	252	0.873144607	2,4,7,11,16	ass know la cut -able
POOL	253	0.873142602	4,7,11,12,16	hoa la cut or -able
POOL	254	0.873125292	6,7,11,12,16	hole awe tut air -able
POOL	255	0.873116412	4,7,11,12,16	ho la cut or -able
POOL	256	0.873105520	4,7,11,12,16	home la tut are -able
POOL	257	0.873074535	2,4,7,11,16	us oh la top rubble
POOL	258	0.873074258	4,7,11,12,16	home la come air -able
POOL	259	0.873044334	2,4,7,11,16	us go la cut rubble
POOL	260	0.873037728	2,4,7,11,16	ass oh la tut -able
POOL	261	0.873033231	6,7,11,12,16	hole awe tut are -able
POOL	262	0.873027684	2,4,7,11,16	us oh raw cut rubble
POOL	263	0.873020747	4,7,11,12,16	so la cut new -able
POOL	264	0.873019924	2,4,7,11,16	her oh la cut rubble
POOL	265	0.873019924	2,4,7,11,16	who oh la cut rubble
POOL	266	0.873014067	6,7,11,12,16	hole ah tut air -able
POOL	267	0.873006272	4,6,7,11,16	show real awe cut -able
POOL	268	0.873001970	6,7,11,12,16	hole awe come air -able
POOL	269	0.872982197	4,7,11,12,16	home la come are -able
POOL	270	0.872965470	6,7,11,12,16	hole ahh cut her -able
POOL	271	0.872965470	6,7,11,12,16	hole ahh cut were -able
POOL	272	0.872922006	6,7,11,12,16	hole ah tut are -able
POOL	273	0.872914406	2,4,7,11,16	ass oh la come -able
POOL	274	0.872909909	6,7,11,12,16	hole awe come are -able
POOL	275	0.872895047	4,6,7,11,16	show real ah cut -able
POOL	276	0.872890745	6,7,11,12,16	hole ah come air -able
POOL	277	0.872888115	2,6,9,11,14,16	us ole got pfft rub al
POOL	278	0.872798684	6,7,11,12,16	hole ah come are -able
POOL	279	0.872792706	4,7,11,12,16	home la cut her -able
POOL	280	0.872777205	4,6,7,11,16	home lol ahh cut rubble
POOL	281	0.872763650	4,7,9,12,16	show la come true -able
POOL	282	0.872726418	2,6,9,11,14,16	us ole got vet rub al
POOL	283	0.872720418	6,7,11,12,16	hole awe cut her -able
POOL	284	0.872720418	6,7,11,12,16	hole awe cut were -able
POOL	285	0.872687246	2,4,7,11,16	ass oh la tough rubble
POOL	286	0.872612606	4,6,7,11,12,16	show lol ahh cut are bell
POOL	287	0.872609193	6,7,11,12,16	hole ah cut her -able
POOL	288	0.872609193	6,7,11,12,16	hole ah cut were -able
POOL	289	0.872600955	6,7,11,12,16	hole ahh cut law -able
POOL	290	0.872566711	2,4,7,11,16	us oh la tough -able
POOL	291	0.872532153	4,6,7,11,16	home lol awe cut rubble
POOL	292	0.872525019	1,6,7,11,14,16	uhh hole ahh cut rub al
POOL	293	0.872520686	4,7,9,12,16	show la ca true -able
POOL	294	0.872484773	2,4,7,11,16	ass oh law cut rubble
POOL	295	0.872451661	1,4,7,11,14,16	eh show la cut rub al
POOL	296	0.872420928	4,6,7,11,16	home lol ah cut rubble
POOL	297	0.872409347	5,7,11,12,16	hole la cut air -able
POOL	298	0.872408396	4,6,7,11,12,16	show lol awe cut are bell
POOL	299	0.872394825	2,4,7,11,16	ass owe la cut rubble
POOL	300	0.872375695	4,6,7,11,16	show lol are cut rubble
POOL	301	0.872364238	2,4,7,11,16	us oh law cut -able
POOL	302	0.872355903	6,7,11,12,16	hole awe cut law -able
POOL	303	0.872320809	1,6,7,11,14,16	uhh hole awe cut rub al
POOL	304	0.872317286	5,7,11,12,16	hole la cut are -able
POOL	305	0.872315709	4,6,7,11,12,16	show lol ah cut are bell
POOL	306	0.872310886	2,4,7,11,16	ass oh la top rubble
POOL	307	0.872295144	6,7,11,12,16	hole are cut new -able
POOL	308	0.872280684	2,4,7,11,16	ass go la cut rubble
POOL	309	0.872278283	6,7,11,12,16	hole ahh tut or -able
POOL	310	0.872274290	2,4,7,11,16	us owe la cut -able
POOL	311	0.872261811	1,4,7,11,14,16	uh show la cut rub al
POOL	312	0.872244679	6,7,11,12,16	hole ah cut law -able
POOL	313	0.872228121	1,6,7,11,14,16	uhh hole ah cut rub al
POOL	314	0.872154961	6,7,11,12,16	hole ahh come or -able
POOL	315	0.872135676	6,7,11,12,16	hole ahh tough air -able
POOL	316	0.872101979	2,6,7,11,14,16	us ole ahh pump rub al
POOL	317	0.872093225	2,6,7,11,14,16	us o. ahh cut rub al
POOL	318	0.872083454	4,6,7,11,12,16	show lol ahh cut are bill
POOL	319	0.872043616	6,7,11,12,16	hole ahh tough are -able
POOL	320	0.872033231	6,7,11,12,16	hole awe tut or -able
POOL	321	0.871922006	6,7,11,12,16	hole ah tut or -able
POOL	322	0.871909949	6,7,11,12,16	hole y'are cut air -able
POOL	323	0.871909909	6,7,11,12,16	hole awe come or -able
POOL	324	0.871893020	4,6,7,11,16	home lol ahh cut -able
POOL	325	0.871890624	6,7,11,12,16	hole awe tough air -able
POOL	326	0.871879244	4,6,7,11,12,16	show lol awe cut are bill
POOL	327	0.871855990	4,6,7,11,12,16	show lol ahh cut air bell
POOL	328	0.871832411	4,7,9,12,16	show la tough true -able
POOL	329	0.871817888	6,7,11,12,16	hole y'are cut are -able
POOL	330	0.871798684	6,7,11,12,16	hole ah come or -able
POOL	331	0.871798564	6,7,11,12,16	hole awe tough are -able
POOL	332	0.871786556	4,6,7,11,12,16	show lol ah cut are bill
POOL	333	0.871779400	6,7,11,12,16	hole ah tough air -able
POOL	334	0.871779273	4,6,7,11,12,16	show lol ahh cut or bell
POOL	335	0.871765122	4,6,9,12,16	show lol got true -able
POOL	336	0.871756360	4,7,9,12,16	show la too true -able
POOL	337	0.871744211	2,6,9,11,14,16	us ole got too rub al
POOL	338	0.871687339	6,7,11,12,16	hole ah tough are -able
POOL	339	0.871672512	1,6,7,11,14,16	eh hole ahh cut rub al
POOL	340	0.871647968	4,6,7,11,16	home lol awe cut -able
POOL	341	0.871572515	4,7,9,12,16	show la top true -able
POOL	342	0.871556829	2,6,9,11,14,16	us ole ott pfft rub al
POOL	343	0.871536743	4,6,7,11,16	home lol ah cut -able
POOL	344	0.871535877	2,4,7,11,13,16	us oh la tint run bell
POOL	345	0.871491510	4,6,7,11,16	show lol are cut -able
POOL	346	0.871482662	1,6,7,11,14,16	uh hole ahh cut rub al
POOL	347	0.871468302	1,6,7,11,14,16	eh hole awe cut rub al
POOL	348	0.871375614	1,6,7,11,14,16	eh hole ah cut rub al
POOL	349	0.871317286	5,7,11,12,16	hole la cut or -able
POOL	350	0.871304194	4,6,7,11,16	home real ahh cut rubble
POOL	351	0.871295144	6,7,11,12,16	hole on cut new -able
POOL	352	0.871059142	4,6,7,11,16	home real awe cut rubble
POOL	353	0.871043616	6,7,11,12,16	hole ahh tough or -able
POOL	354	0.870947917	4,6,7,11,16	home real ah cut rubble
POOL	355	0.870921334	4,6,7,11,16	show lol ahh tut rubble
POOL	356	0.870902683	4,6,7,11,16	show real are cut rubble
POOL	357	0.870840783	6,7,11,12,16	hole ahh tut new -able
POOL	358	0.870832076	4,7,9,11,14,16	show la tot that rub al
POOL	359	0.870817888	6,7,11,12,16	hole y'are cut or -able
POOL	360	0.870798564	6,7,11,12,16	hole awe tough or -able
POOL	361	0.870650446	6,9,11,12,16	hole got that air -able
POOL	362	0.870636175	1,4,7,11,14,16	uhh show la cut rub air
POOL	363	0.870588143	1,4,7,11,14,16	uhh show la tut rub al
POOL	364	0.870292110	4,6,9,12,16	show real got true -able
POOL	365	0.870186706	2,6,9,11,13,16	ass ole got that run bell
POOL	366	0.870105098	6,7,9,12,16	hole ahh come true -able
POOL	367	0.870037149	4,6,7,12,16	show lol ahh tut -able
POOL	368	0.869932334	4,7,9,12,16	home la come true -able
POOL	369	0.869879786	5,7,11,12,16	hole la cut new -able
POOL	370	0.869862134	6,7,9,12,16	hole ahh ca true -able
POOL	371	0.869860046	6,7,9,12,16	hole awe come true -able
POOL	372	0.869838005	2,6,9,11,13,16	ass ole got that raw bell
POOL	373	0.869792097	4,6,7,12,16	show lol awe tut -able
POOL	374	0.869748821	6,7,9,12,16	hole ah come true -able
POOL	375	0.869689370	4,7,9,12,16	home la ca true -able
POOL	376	0.869680872	4,6,7,12,16	show lol ah tut -able
POOL	377	0.869657553	2,6,9,11,13,16	ass ole got that run bill
POOL	378	0.869617082	6,7,9,12,16	hole awe ca true -able
POOL	379	0.869512639	4,7,9,12,16	show la tongue true -able
POOL	380	0.869505857	6,7,9,12,16	hole ah ca true -able
POOL	381	0.869396176	4,7,9,12,16	show la come tour -able
POOL	382	0.869357319	4,7,11,14,16	at-home la cut rub al
POOL	383	0.869308853	2,6,9,11,13,16	ass ole got that raw bill
POOL	384	0.869297650	2,4,7,11,13,16	meh oh la cost run bell
POOL	385	0.869278546	3,6,7,11,16	who full ahh cut rubble
POOL	386	0.869276420	4,7,11,13,16	show la cut run -able
POOL	387	0.869250905	4,7,9,12,16	show la duh true -able
POOL	388	0.869199964	4,7,9,11,16	show la come that rubble
POOL	389	0.869173859	6,7,9,12,16	hole ahh tough true -able
POOL	390	0.869166090	4,7,9,12,16	show la done true -able
POOL	391	0.869153212	4,7,9,12,16	show la ca tour -able
POOL	392	0.869119646	4,7,9,12,16	show la ton true -able
POOL	393	0.869097808	6,7,9,12,16	hole ahh too true -able
POOL	394	0.869033494	3,6,7,11,16	who full awe cut rubble
POOL	395	0.869001096	4,7,9,12,16	home la tough true -able
POOL	396	0.868957000	4,7,9,11,16	show la ca that rubble
POOL	397	0.868943106	4,7,9,12,16	show la come ver -able
POOL	398	0.868935283	2,4,7,11,12,16	us oh la cut are bell
POOL	399	0.868933806	4,6,9,12,16	home lol got true -able
POOL	400	0.868928807	6,7,9,12,16	hole awe tough true -able
POOL	401	0.868925044	4,7,9,12,16	home la too true -able
POOL	402	0.868922270	3,6,7,11,16	who full ah cut rubble
POOL	403	0.868913963	6,7,9,12,16	hole ahh top true -able
POOL	404	0.868898283	2,4,7,11,16	ask oh la cut rubble
POOL	405	0.868880089	2,4,7,9,11,16	ass oh la ca that rub
POOL	406	0.868855420	2,6,9,11,13,16	ass ole ott that run bell
POOL	407	0.868852756	6,7,9,12,16	hole awe too true -able
POOL	408	0.868817582	6,7,9,12,16	hole ah tough true -able
POOL	409	0.868748559	2,6,7,11,14,16	us ole ahh cut rub girl
POOL	410	0.868741531	6,7,9,12,16	hole ah too true -able
POOL	411	0.868741199	4,7,9,12,16	home la top true -able
POOL	412	0.868700142	4,7,9,12,16	show la ca ver -able
POOL	413	0.868681218	2,6,7,11,16	us old ahh cut rubble
POOL	414	0.868668911	6,7,9,12,16	hole awe top true -able
POOL	415	0.868564137	4,6,7,12,16	show real ahh tut -able
POOL	416	0.868557686	6,7,9,12,16	hole ah top true -able
POOL	417	0.868506719	2,6,9,11,13,16	ass ole ott that raw bell
POOL	418	0.868493248	4,7,9,12,16	show la ta true -able
POOL	419	0.868488796	4,6,7,11,13,16	show lol ahh cut non- bell
POOL	420	0.868464937	4,7,9,12,16	show la tough tour -able
POOL	421	0.868441603	4,6,9,11,14,16	show lol sta that rub al
POOL	422	0.868436166	2,6,7,11,16	us old awe cut rubble
POOL	423	0.868404151	4,6,7,11,13,16	show lol ahh kent run bell
POOL	424	0.868397648	4,6,9,12,16	show lol got tour -able
POOL	425	0.868394361	3,6,7,11,16	who full ahh cut -able
POOL	426	0.868388886	4,7,9,12,16	show la too tour -able
POOL	427	0.868378742	4,7,9,12,16	show la come tree -able
POOL	428	0.868357503	4,7,9,12,16	show la come ter -able
POOL	429	0.868328152	4,7,9,12,16	show la come stir -able
POOL	430	0.868326267	2,6,9,11,13,16	ass ole ott that run bill
POOL	431	0.868324941	2,6,7,11,16	us old ah cut rubble
POOL	432	0.868319085	4,6,7,12,16	show real awe tut -able
POOL	433	0.868315779	4,7,9,11,16	show la come that -able
POOL	434	0.868315779	4,7,9,12,16	show la come their -able
POOL	435	0.868315779	4,7,9,12,16	show la come there -able
POOL	436	0.868268725	4,7,9,11,16	show la tough that rubble
POOL	437	0.868268258	4,7,9,12,16	show la come star -able
POOL	438	0.868265245	5,7,11,12,16	hole la cut re- -able
POOL	439	0.868222906	2,4,9,12,16	us oh lat true -able
POOL	440	0.868207861	4,6,7,12,16	show real ah tut -able
POOL	441	0.868205041	4,7,9,12,16	show la top tour -able
POOL	442	0.868201436	4,6,9,11,16	show lol got that rubble
POOL	443	0.868192674	4,7,9,11,16	show la too that rubble
POOL	444	0.868187628	2,6,7,11,16	us ole ahh cut rubble
POOL	445	0.868149309	3,6,7,11,16	who full awe cut -able
POOL	446	0.868135778	4,7,9,12,16	show la ca tree -able
POOL	447	0.868120885	6,9,11,12,16	hole got that new -able
POOL	448	0.868114538	4,7,9,12,16	show la ca ter -able
POOL	449	0.868095156	2,5,9,11,14,16	ass ole lat that rub al
POOL	450	0.868085187	4,7,9,12,16	show la ca stir -able
POOL	451	0.868076697	3,4,7,11,16	who oh la cut -able
POOL	452	0.868072815	4,7,9,11,16	show la ca that -able
POOL	453	0.868072815	4,7,9,12,16	show la ca their -able
POOL	454	0.868072815	4,7,9,12,16	show la ca there -able
POOL	455	0.868038085	3,6,7,11,16	who full ah cut -able
POOL	456	0.868025294	4,7,9,12,16	show la ca star -able
POOL	457	0.868011867	4,7,9,12,16	show la tough ver -able
POOL	458	0.868008829	4,7,9,11,16	show la top that rubble
POOL	459	0.867944578	4,6,9,12,16	show lol got ver -able
POOL	460	0.867942576	2,6,7,11,16	us ole awe cut rubble
POOL	461	0.867935816	4,7,9,12,16	show la too ver -able
POOL	462	0.867917568	2,6,7,11,16	ass old ahh cut rubble
POOL	463	0.867896351	5,7,11,12,16	hole la cut yeah -able
POOL	464	0.867874003	1,4,7,11,13,16	uhh show la cut run bell
POOL	465	0.867870333	5,7,11,12,16	hole la cut you -able
POOL	466	0.867831352	2,6,7,11,16	us ole ah cut rubble
POOL	467	0.867797033	2,6,7,11,16	us old ahh cut -able
POOL	468	0.867751971	4,7,9,12,16	show la top ver -able
POOL	469	0.867727047	2,4,9,12,16	us oh lotte true -able
POOL	470	0.867722160	5,7,11,12,16	hole la tut air -able
POOL	471	0.867722011	4,7,11,13,16	show la cut raw -able
POOL	472	0.867681940	2,5,9,11,14,16	ass ole lotte that rub al
POOL	473	0.867672516	2,6,7,11,16	ass old awe cut rubble
POOL	474	0.867667578	4,6,9,12,16	show lol ott true -able
POOL	475	0.867630100	5,7,11,12,16	hole la tut are -able
POOL	476	0.867598838	5,7,11,12,16	hole la come air -able
POOL	477	0.867597876	4,7,9,12,16	so la come true -able
POOL	478	0.867561292	2,6,7,11,16	ass old ah cut rubble
POOL	479	0.867551981	2,6,7,11,16	us old awe cut -able
POOL	480	0.867538243	4,7,11,12,16	show la cut art -able
POOL	481	0.867525303	1,4,7,11,13,16	uhh show la cut raw bell
POOL	482	0.867506777	5,7,11,12,16	hole la come are -able
POOL	483	0.867489720	4,7,11,14,16	at-home la cut rub air
POOL	484	0.867460795	4,6,9,12,16	home real got true -able
POOL	485	0.867459256	2,4,9,12,16	ass oh lat true -able
POOL	486	0.867447503	4,7,9,12,16	show la tough tree -able
POOL	487	0.867440756	2,6,7,11,16	us old ah cut -able
POOL	488	0.867426264	4,7,9,12,16	show la tough ter -able
POOL	489	0.867423979	2,6,7,11,16	ass ole ahh cut rubble
POOL	490	0.867413158	2,4,7,9,11,16	ass oh la tough that rub
POOL	491	0.867402244	2,4,6,7,11,16	as oh lol ahh cut rub
POOL	492	0.867396913	4,7,9,12,16	show la tough stir -able
POOL	493	0.867386208	4,6,7,12,16	show lol ahh cunt -able
POOL	494	0.867384540	4,7,9,11,16	show la tough that -able
POOL	495	0.867384540	4,7,9,12,16	show la tough their -able
POOL	496	0.867384540	4,7,9,12,16	show la tough there -able
POOL	497	0.867380214	4,6,9,12,16	show lol got tree -able
POOL	498	0.867371452	4,7,9,12,16	show la too tree -able
POOL	499	0.867362385	2,5,9,11,14,16	ass ole lott that rub al
POOL	500	0.867358975	4,6,9,12,16	show lol got ter -able
POOL	501	0.867354911	4,7,9,12,16	so la ca true -able
POOL	502	0.867350213	4,7,9,12,16	show la too ter -able
POOL	503	0.867344851	1,4,7,11,13,16	uhh show la cut run bill
POOL	504	0.867343581	2,4,9,12,16	us oh lott true -able
POOL	505	0.867337482	4,6,9,12,16	show lol not true -able
POOL	506	0.867337019	4,7,9,12,16	show la tough star -able
POOL	507	0.867329624	4,6,9,12,16	show lol got stir -able
POOL	508	0.867320862	4,7,9,12,16	show la too stir -able
POOL	509	0.867317286	5,7,11,12,16	hole la cut her -able
POOL	510	0.867317286	5,7,11,12,16	hole la cut were -able
POOL	511	0.867317251	4,6,9,11,16	show lol got that -able
POOL	512	0.867317251	4,6,9,12,16	show lol got their -able
POOL	513	0.867317251	4,6,9,12,16	show lol got there -able
POOL	514	0.867308489	4,7,9,11,16	show la too that -able
POOL	515	0.867308489	4,7,9,12,16	show la too their -able
POOL	516	0.867308489	4,7,9,12,16	show la too there -able
POOL	517	0.867303444	2,6,7,11,16	us ole ahh cut -able
POOL	518	0.867269730	4,6,9,12,16	show lol got star -able
POOL	519	0.867260968	4,7,9,12,16	show la too star -able
POOL	520	0.867205833	4,6,7,12,16	home lol ahh tut -able
POOL	521	0.867191066	2,6,7,11,12,16	us ole ahh cut air bell
POOL	522	0.867187607	4,7,9,12,16	show la top tree -able
POOL	523	0.867166368	4,7,9,12,16	show la top ter -able
POOL	524	0.867141156	4,6,7,12,16	show lol awe cunt -able
POOL	525	0.867137017	4,7,9,12,16	show la top stir -able
POOL	526	0.867124644	4,7,9,11,16	show la top that -able
POOL	527	0.867029931	4,6,7,12,16	show lol ah cunt -able
POOL	528	0.867021496	1,4,7,11,13,16	eh show la cut run bell
POOL	529	0.867016812	6,9,11,12,16	hole got too air -able
POOL	530	0.866999225	2,4,7,9,11,16	ass oh la come that rub
POOL	531	0.866996150	1,4,7,11,13,16	uhh show la cut raw bill
POOL	532	0.866963397	2,4,9,12,16	ass oh lotte true -able
POOL	533	0.866960781	4,6,7,12,16	home lol awe tut -able
POOL	534	0.866952772	5,7,11,12,16	hole la cut law -able
POOL	535	0.866924752	6,9,11,12,16	hole got too are -able
POOL	536	0.866924636	4,6,9,12,16	show real got tour -able
POOL	537	0.866872272	6,7,9,12,16	hole are come true -able
POOL	538	0.866854087	6,7,9,12,16	hole ahh tongue true -able
POOL	539	0.866849557	4,6,7,12,16	home lol ah tut -able
POOL	540	0.866831647	1,4,7,11,13,16	uh show la cut run bell
POOL	541	0.866804323	4,6,7,12,16	show lol are tut -able
POOL	542	0.866770586	4,7,11,12,13,16	co. la cut are uhh bell
POOL	543	0.866751703	4,6,9,12,16	show lol art true -able
POOL	544	0.866737624	6,7,9,12,16	hole ahh come tour -able
POOL	545	0.866728424	4,6,9,11,16	show real got that rubble
POOL	546	0.866681323	4,7,9,12,16	home la tongue true -able
POOL	547	0.866672796	1,4,7,11,13,16	eh show la cut raw bell
POOL	548	0.866666637	4,7,9,12,16	so la tough true -able
POOL	549	0.866639323	4,7,9,12,16	show law come true -able
POOL	550	0.866630100	5,7,11,12,16	hole la tut or -able
POOL	551	0.866629308	6,7,9,12,16	hole are ca true -able
POOL	552	0.866617869	6,7,11,13,16	hole ahh cut run -able
POOL	553	0.866609035	6,7,9,12,16	hole awe tongue true -able
POOL	554	0.866599348	4,6,9,12,16	so lol got true -able
POOL	555	0.866592353	6,7,9,12,16	hole ahh duh true -able
POOL	556	0.866590585	4,7,9,12,16	so la too true -able
POOL	557	0.866579931	2,4,9,12,16	ass oh lott true -able
POOL	558	0.866574418	2,6,7,11,12,16	ass ole ahh cut are bell
POOL	559	0.866565508	4,7,11,14,16	ago la cut rub al
POOL	560	0.866564860	4,7,9,12,16	home la come tour -able
POOL	561	0.866552902	6,9,11,12,16	hole ott that air -able
POOL	562	0.866541412	6,7,9,11,16	hole ahh come that rubble
POOL	563	0.866510381	4,6,7,11,14,16	show lol ahh cut neb al
POOL	564	0.866507538	6,7,9,12,16	hole ahh done true -able
POOL	565	0.866506777	5,7,11,12,16	hole la come or -able
POOL	566	0.866506343	6,9,11,12,16	hole got that re- -able
POOL	567	0.866497810	6,7,9,12,16	hole ah tongue true -able
POOL	568	0.866494660	6,7,9,12,16	hole ahh ca tour -able
POOL	569	0.866492572	6,7,9,12,16	hole awe come tour -able
POOL	570	0.866492344	1,4,7,11,13,16	eh show la cut run bill
POOL	571	0.866487493	5,7,11,12,16	hole la tough air -able
POOL	572	0.866481442	4,7,11,14,16	at-home la cut rub well
POOL	573	0.866471566	4,6,9,12,16	show real got ver -able
POOL	574	0.866461094	6,7,9,12,16	hole ahh ton true -able
POOL	575	0.866452795	4,7,9,11,14,16	show la ca mid rub al
POOL	576	0.866447618	4,7,9,11,12,16	show la ca that air bell
POOL	577	0.866445105	4,7,11,13,16	home la cut run -able
POOL	578	0.866442155	4,7,11,13,16	show la cut y'are -able
POOL	579	0.866423147	2,5,9,11,14,16	ass old lat that rub al
POOL	580	0.866419589	4,7,9,12,16	home la duh true -able
POOL	581	0.866418584	4,7,9,12,16	show raw come true -able
POOL	582	0.866406741	4,7,9,12,16	so la top true -able
POOL	583	0.866395432	5,7,11,12,16	hole la tough are -able
POOL	584	0.866382408	2,4,7,9,11,16	s oh la ca that rub
POOL	585	0.866381347	6,7,9,12,16	hole ah come tour -able
POOL	586	0.866372817	6,7,11,13,16	hole awe cut run -able
POOL	587	0.866370208	2,6,7,11,12,16	ass ole awe cut are bell
POOL	588	0.866368648	4,7,9,11,16	home la come that rubble
POOL	589	0.866347301	6,7,9,12,16	hole awe duh true -able
POOL	590	0.866298448	6,7,9,11,16	hole ahh ca that rubble
POOL	591	0.866296360	6,7,9,11,16	hole awe come that rubble
POOL	592	0.866285020	5,7,11,12,16	hole law cut air -able
POOL	593	0.866284554	6,7,9,12,16	hole ahh come ver -able
POOL	594	0.866277521	2,6,7,11,12,16	ass ole ah cut are bell
POOL	595	0.866262486	6,7,9,12,16	hole awe done true -able
POOL	596	0.866261592	6,7,11,13,16	hole ah cut run -able
POOL	597	0.866249608	6,7,9,12,16	hole awe ca tour -able
POOL	598	0.866236076	6,7,9,12,16	hole ah duh true -able
POOL	599	0.866216042	6,7,9,12,16	hole awe ton true -able
POOL	600	0.866194567	4,6,9,12,16	show real ott true -able
POOL	601	0.866192959	5,7,11,12,16	hole law cut are -able
POOL	602	0.866185135	6,7,9,11,16	hole ah come that rubble
POOL	603	0.866157338	4,6,9,12,16	show lol shot true -able
POOL	604	0.866151334	2,4,7,9,11,16	us oh la ca pfft rub
POOL	605	0.866151261	6,7,9,12,16	hole ah done true -able
POOL	606	0.866138383	6,7,9,12,16	hole ah ca tour -able
POOL	607	0.866137450	6,9,11,12,16	hole got that yeah -able
POOL	608	0.866126781	3,4,7,11,16	who new la cut rubble
POOL	609	0.866125684	4,7,9,11,16	home la ca that rubble
POOL	610	0.866111133	5,7,11,12,16	hole la top air -able
POOL	611	0.866104817	6,7,9,12,16	hole ah ton true -able
POOL	612	0.866095532	4,6,7,11,13,16	show le ahh cut run bell
POOL	613	0.866064281	5,7,11,12,16	hole raw cut air -able
POOL	614	0.866053396	6,7,9,11,16	hole awe ca that rubble
POOL	615	0.866045265	2,6,7,11,12,16	ass ole ahh cut are bill
POOL	616	0.866041590	6,7,9,12,16	hole ahh ca ver -able
POOL	617	0.866039502	6,7,9,12,16	hole awe come ver -able
POOL	618	0.866025524	4,6,9,12,16	hoe lol got true -able
POOL	619	0.866019072	5,7,11,12,16	hole la top are -able
POOL	620	0.866002552	4,9,11,12,16	show lat that air -able
POOL	621	0.865999185	6,7,9,11,14,16	hole ahh ca zack rub al
POOL	622	0.865989636	2,4,7,9,11,16	us oh la ca vet rub
POOL	623	0.865972220	5,7,11,12,16	hole raw cut are -able
POOL	624	0.865942171	6,7,9,11,16	hole ah ca that rubble
POOL	625	0.865941033	6,7,9,12,16	hole are tough true -able
POOL	626	0.865928277	6,7,9,12,16	hole ah come ver -able
POOL	627	0.865924752	6,9,11,12,16	hole got too or -able
POOL	628	0.865918466	4,7,9,11,12,16	show la ca that air bill
POOL	629	0.865913196	4,6,7,12,16	show real ahh cunt -able
POOL	630	0.865907203	4,6,9,12,16	show real got tree -able
POOL	631	0.865903181	4,6,9,12,16	hope lol got true -able
POOL	632	0.865890543	2,4,7,11,14,16	us d'oh la cut raw al
POOL	633	0.865885963	4,6,9,12,16	show real got ter -able
POOL	634	0.865872272	6,7,9,12,16	hole on come true -able
POOL	635	0.865864982	6,7,9,12,16	hole are too true -able
POOL	636	0.865864470	4,6,9,12,16	show real not true -able
POOL	637	0.865856612	4,6,9,12,16	show real got stir -able
POOL	638	0.865841055	2,6,7,11,12,16	ass ole awe cut are bill
POOL	639	0.865834696	6,7,9,12,16	hole ahh ta true -able
POOL	640	0.865817802	2,6,7,11,12,16	ass ole ahh cut air bell
POOL	641	0.865806385	6,7,9,12,16	hole ahh tough tour -able
POOL	642	0.865804323	4,6,7,12,16	show lol on tut -able
POOL	643	0.865796719	4,6,9,12,16	show real got star -able
POOL	644	0.865796538	6,7,9,12,16	hole awe ca ver -able
POOL	645	0.865732822	4,6,7,12,16	home real ahh tut -able
POOL	646	0.865731973	4,6,7,11,13,16	hoo lol ahh cut run bell
POOL	647	0.865730334	6,7,9,12,16	hole ahh too tour -able
POOL	648	0.865720190	6,7,9,12,16	hole ahh come tree -able
POOL	649	0.865708776	2,4,7,11,13,16	us oh yuh cut run bell
POOL	650	0.865702152	4,7,11,12,16	show la pot air -able
POOL	651	0.865700564	2,5,7,11,14,16	hoo ole la cut rub al
POOL	652	0.865698951	6,7,9,12,16	hole ahh come ter -able
POOL	653	0.865695461	6,9,11,12,16	hole got vet air -able
POOL	654	0.865685313	6,7,9,12,16	hole ah ca ver -able
POOL	655	0.865681137	6,7,9,12,16	hole are top true -able
POOL	656	0.865676591	4,6,9,12,16	show lol hot true -able
POOL	657	0.865669600	6,7,9,12,16	hole ahh come stir -able
POOL	658	0.865668469	6,7,9,11,12,16	hole ahh ca that air bell
POOL	659	0.865668144	4,6,7,12,16	show real awe cunt -able
POOL	660	0.865659450	4,7,11,13,16	show la cut love -able
POOL	661	0.865657227	6,7,9,11,16	hole ahh come that -able
POOL	662	0.865657227	6,7,9,12,16	hole ahh come their -able
POOL	663	0.865657227	6,7,9,12,16	hole ahh come there -able
POOL	664	0.865637027	6,9,11,12,16	hole art that air -able
POOL	665	0.865629308	6,7,9,12,16	hole on ca true -able
POOL	666	0.865610173	6,7,9,11,16	hole ahh tough that rubble
POOL	667	0.865609706	6,7,9,12,16	hole ahh come star -able
POOL	668	0.865603400	6,9,11,12,16	hole got vet are -able
POOL	669	0.865602605	4,6,7,12,16	show lol ahh cuffed -able
POOL	670	0.865597342	4,6,7,9,11,16	show lol ahh ca that rub
POOL	671	0.865589644	6,7,9,12,16	hole awe ta true -able
POOL	672	0.865566332	4,6,9,12,16	home lol got tour -able
POOL	673	0.865566330	4,7,9,11,16	show la come too rubble
POOL	674	0.865561333	6,7,9,12,16	hole awe tough tour -able
POOL	675	0.865559717	4,7,11,13,16	at-home la cut run bill
POOL	676	0.865556919	4,6,7,12,16	show real ah cunt -able
POOL	677	0.865546489	6,7,9,12,16	hole ahh top tour -able
POOL	678	0.865534122	6,7,9,11,16	hole ahh too that rubble
POOL	679	0.865506693	4,9,11,12,16	show lotte that air -able
POOL	680	0.865487770	4,6,7,12,16	home real awe tut -able
POOL	681	0.865485282	6,7,9,12,16	hole awe too tour -able
POOL	682	0.865484463	4,7,9,11,16	home la come that -able
POOL	683	0.865478420	6,7,9,12,16	hole ah ta true -able
POOL	684	0.865477226	6,7,9,12,16	hole ahh ca tree -able
POOL	685	0.865475138	6,7,9,12,16	hole awe come tree -able
POOL	686	0.865464259	6,7,9,11,12,16	hole awe ca that air bell
POOL	687	0.865455987	6,7,9,12,16	hole ahh ca ter -able
POOL	688	0.865453899	6,7,9,12,16	hole awe come ter -able
POOL	689	0.865450108	6,7,9,12,16	hole ah tough tour -able
POOL	690	0.865437409	4,7,9,11,16	home la tough that rubble
POOL	691	0.865426636	6,7,9,12,16	hole ahh ca stir -able
POOL	692	0.865425114	4,7,11,13,16	at-home la cut run bell
POOL	693	0.865414263	6,7,9,11,16	hole ahh ca that -able
POOL	694	0.865412175	6,7,9,11,16	hole awe come that -able
POOL	695	0.865395432	5,7,11,12,16	hole la tough or -able
POOL	696	0.865393132	4,6,7,9,11,16	show lol awe ca that rub
POOL	697	0.865376545	4,6,7,12,16	home real ah tut -able
POOL	698	0.865371572	6,7,9,11,12,16	hole ah ca that air bell
POOL	699	0.865370120	4,6,9,11,16	home lol got that rubble
POOL	700	0.865365121	6,7,9,11,16	hole awe tough that rubble
POOL	701	0.865361358	4,7,9,11,16	home la too that rubble
POOL	702	0.865357553	4,6,7,12,16	show lol awe cuffed -able
POOL	703	0.865350277	6,7,9,11,16	hole ahh top that rubble
POOL	704	0.865331311	4,6,7,12,16	show real are tut -able
POOL	705	0.865323366	4,7,9,11,16	show la ca too rubble
POOL	706	0.865300950	6,7,9,11,16	hole ah come that -able
POOL	707	0.865300445	4,6,7,9,11,16	show lol ah ca that rub
POOL	708	0.865289070	6,7,9,11,16	hole awe too that rubble
POOL	709	0.865283702	4,6,9,12,16	hoa lol got true -able
POOL	710	0.865278692	4,6,9,12,16	show real art true -able
POOL	711	0.865264498	6,9,11,12,16	hole got pfft air -able
POOL	712	0.865257513	4,6,9,12,16	ho lol got true -able
POOL	713	0.865253896	6,7,9,11,16	hole ah tough that rubble
POOL	714	0.865246329	4,6,7,12,16	show lol ah cuffed -able
POOL	715	0.865242596	3,4,7,11,16	who new la cut -able
POOL	716	0.865237228	2,4,7,11,16	us oh la cuz rubble
POOL	717	0.865193871	6,9,11,12,16	hole got that law -able
POOL	718	0.865192959	5,7,11,12,16	hole law cut or -able
POOL	719	0.865192600	5,7,11,12,16	hole la tut new -able
POOL	720	0.865182425	4,6,7,12,16	show lol ahh taft -able
POOL	721	0.865177845	6,7,9,11,16	hole ah too that rubble
POOL	722	0.865175188	4,6,9,12,16	show lil got true -able
POOL	723	0.865172437	6,9,11,12,16	hole got pfft are -able
POOL	724	0.865169211	6,7,9,11,16	hole awe ca that -able
POOL	725	0.865139316	6,7,9,11,12,16	hole ahh ca that air bill
POOL	726	0.865126336	4,6,9,12,16	so real got true -able
POOL	727	0.865123227	4,9,11,12,16	show lott that air -able
POOL	728	0.865113262	4,6,9,12,16	home lol got ver -able
POOL	729	0.865105225	6,7,9,11,16	hole awe top that rubble
POOL	730	0.865071219	5,7,11,12,16	hole la cunt air -able
POOL	731	0.865069277	5,7,11,12,16	hole la come new -able
POOL	732	0.865063460	6,7,11,13,16	hole ahh cut raw -able
POOL	733	0.865057986	6,7,9,11,16	hole ah ca that -able
POOL	734	0.865042662	6,9,11,12,16	hole shot that air -able
POOL	735	0.865026493	4,6,7,9,12,16	show lol ahh ca true bell
POOL	736	0.865019072	5,7,11,12,16	hole la top or -able
POOL	737	0.864994000	6,7,9,11,16	hole ah top that rubble
POOL	738	0.864983120	2,6,7,11,13,16	eng ole ahh cut run bell
POOL	739	0.864980888	4,6,7,11,16	who lol ahh cut rubble
POOL	740	0.864979158	5,7,11,12,16	hole la cunt are -able
POOL	741	0.864975819	3,4,6,7,11,16	who oh lol ahh cut rub
POOL	742	0.864972220	5,7,11,12,16	hole raw cut or -able
POOL	743	0.864937373	4,6,7,12,16	show lol awe taft -able
POOL	744	0.864935106	6,7,9,11,12,16	hole awe ca that air bill
POOL	745	0.864890696	4,7,11,13,16	home la cut raw -able
POOL	746	0.864877604	4,7,11,14,16	at-home la cut rub ill
POOL	747	0.864871375	4,6,7,12,16	so lol ahh tut -able
POOL	748	0.864855431	2,4,9,12,16	us oh lat tour -able
POOL	749	0.864845360	6,9,11,12,16	hole got meet air -able
POOL	750	0.864842419	6,7,9,11,12,16	hole ah ca that air bill
POOL	751	0.864842155	4,6,9,12,16	show lol at true -able
POOL	752	0.864837820	2,6,9,12,16	us old got true -able
POOL	753	0.864836263	4,6,9,12,16	home lol ott true -able
POOL	754	0.864826148	4,6,7,12,16	show lol ah taft -able
POOL	755	0.864822283	4,6,7,9,12,16	show lol awe ca true bell
POOL	756	0.864818407	6,7,11,13,16	hole awe cut raw -able
POOL	757	0.864800520	3,4,7,11,16	who too la cut rubble
POOL	758	0.864792403	4,6,9,12,16	hoh lol got true -able
POOL	759	0.864777970	6,7,11,12,16	hole ahh cut we -able
POOL	760	0.864771609	3,4,6,7,11,16	who oh lol awe cut rub
POOL	761	0.864753299	6,9,11,12,16	hole got meet are -able
POOL	762	0.864744878	2,4,6,9,12,16	us oh lol ott true bell
POOL	763	0.864735836	3,6,7,11,16	who lol awe cut rubble
POOL	764	0.864729596	4,6,7,9,12,16	show lol ah ca true bell
POOL	765	0.864725988	6,7,9,11,16	hole ahh tough that -able
POOL	766	0.864707183	6,7,11,13,16	hole ah cut raw -able
POOL	767	0.864706371	4,7,11,12,13,16	show la cut lieu uhh bell
POOL	768	0.864697909	4,7,11,14,16	ago la cut rub air
POOL	769	0.864684326	4,6,9,12,16	show real shot true -able
POOL	770	0.864678922	3,4,6,7,11,16	who oh lol ah cut rub
POOL	771	0.864675539	4,6,9,12,16	show rule got true -able
POOL	772	0.864670133	4,7,11,14,16	at-home la tut rub al
POOL	773	0.864649937	6,7,9,11,16	hole ahh too that -able
POOL	774	0.864647170	5,7,11,12,16	hole lah cut air -able
POOL	775	0.864626323	4,6,7,12,16	so lol awe tut -able
POOL	776	0.864624611	3,6,7,11,16	who lol ah cut rubble
POOL	777	0.864603400	6,9,11,12,16	hole got vet or -able
POOL	778	0.864591360	3,6,7,11,16	who full ahh tut rubble
POOL	779	0.864589234	4,7,11,13,16	show la tut run -able
POOL	780	0.864567802	4,6,9,11,16	show lol got too rubble
POOL	781	0.864561915	6,9,11,12,16	hole hot that air -able
POOL	782	0.864555109	5,7,11,12,16	hole lah cut are -able
POOL	783	0.864554892	4,6,7,12,16	home lol ahh cunt -able
POOL	784	0.864552513	4,6,9,12,16	hoe real got true -able
POOL	785	0.864548899	4,6,9,12,16	home lol got tree -able
POOL	786	0.864546810	4,7,11,14,16	at-home la come rub al
POOL	787	0.864546031	2,4,9,12,16	s oh lat true -able
POOL	788	0.864527659	4,6,9,12,16	home lol got ter -able
POOL	789	0.864515098	4,6,7,12,16	so lol ah tut -able
POOL	790	0.864513881	2,5,7,11,14,16	us ole la thom rub al
POOL	791	0.864506166	4,6,9,12,16	home lol not true -able
POOL	792	0.864498308	4,6,9,12,16	home lol got stir -able
POOL	793	0.864497340	4,6,7,9,12,16	show lol ahh ca true bill
POOL	794	0.864492219	6,7,9,11,14,16	hole ahh ca that rub pill
POOL	795	0.864485935	4,6,9,11,16	home lol got that -able
POOL	796	0.864485935	4,6,9,12,16	home lol got their -able
POOL	797	0.864485935	4,6,9,12,16	home lol got there -able
POOL	798	0.864480936	6,7,9,11,16	hole awe tough that -able
POOL	799	0.864468037	3,6,7,11,16	who full ahh come rubble
POOL	800	0.864466092	6,7,9,11,16	hole ahh top that -able
POOL	801	0.864465911	4,7,11,13,16	show la come run -able
POOL	802	0.864456915	5,7,9,12,16	hole la come true -able
POOL	803	0.864438415	4,6,9,12,16	home lol got star -able
POOL	804	0.864430169	4,6,9,12,16	hope real got true -able
POOL	805	0.864404885	6,7,9,11,16	hole awe too that -able
POOL	806	0.864402362	2,4,9,12,16	us oh lat ver -able
POOL	807	0.864380574	3,4,7,11,16	who good la cut rubble
POOL	808	0.864380574	3,4,7,11,16	who how la cut rubble
POOL	809	0.864380574	3,4,7,11,16	who know la cut rubble
POOL	810	0.864380574	3,4,7,11,16	who now la cut rubble
POOL	811	0.864369711	6,7,9,11,16	hole ah tough that -able
POOL	812	0.864359573	2,4,9,12,16	us oh lotte tour -able
POOL	813	0.864346308	3,6,7,11,16	who full awe tut rubble
POOL	814	0.864344230	2,6,9,12,16	us ole got true -able
POOL	815	0.864331311	4,6,7,12,16	show real on tut -able
POOL	816	0.864320868	4,7,11,14,16	at-home la cut rob al
POOL	817	0.864314396	5,7,11,12,16	hole la touch air -able
POOL	818	0.864309840	4,6,7,12,16	home lol awe cunt -able
POOL	819	0.864300104	4,6,9,12,16	show lol ott tour -able
POOL	820	0.864297551	4,6,7,12,16	hoe lol ahh tut -able
POOL	821	0.864293660	6,7,9,11,16	hole ah too that -able
POOL	822	0.864293130	4,6,7,9,12,16	show lol awe ca true bill
POOL	823	0.864282640	5,7,11,12,16	hole la test air -able
POOL	824	0.864273695	3,4,7,11,16	who oh la tut rubble
POOL	825	0.864264661	6,7,9,11,14,16	hole duh ca that rub al
POOL	826	0.864235089	6,9,11,12,16	hole got vat air -able
POOL	827	0.864235083	3,6,7,11,16	who full ah tut rubble
POOL	828	0.864222985	3,6,7,11,16	who full awe come rubble
POOL	829	0.864222335	5,7,11,12,16	hole la touch are -able
POOL	830	0.864221040	6,7,9,11,16	hole awe top that -able
POOL	831	0.864215725	2,4,6,9,12,16	us oh lol ott true bill
POOL	832	0.864213950	5,7,9,12,16	hole la ca true -able
POOL	833	0.864203580	4,6,9,12,16	show real hot true -able
POOL	834	0.864201538	6,7,9,11,12,16	hole ahh tough that air bell
POOL	835	0.864200443	4,6,7,9,12,16	show lol ah ca true bill
POOL	836	0.864198615	4,6,7,12,16	home lol ah cunt -able
POOL	837	0.864196664	4,7,11,13,16	show la cut young -able
POOL	838	0.864190579	5,7,11,12,16	hole la test are -able
POOL	839	0.864175208	4,6,7,12,16	hope lol ahh tut -able
POOL	840	0.864172437	6,9,11,12,16	hole got pfft or -able
POOL	841	0.864153382	4,6,7,12,16	show lol are cunt -able
POOL	842	0.864150373	3,4,7,11,16	who oh la come rubble
POOL	843	0.864143028	6,9,11,12,16	hole got vat are -able
POOL	844	0.864142377	2,4,6,9,12,16	us oh lol got ver bell
POOL	845	0.864130411	4,6,7,9,11,16	show lol ahh tough that rub
POOL	846	0.864129594	4,6,7,12,16	show real ahh cuffed -able
POOL	847	0.864111761	3,6,7,11,16	who full ah come rubble
POOL	848	0.864111502	2,4,9,12,16	us oh rot true -able
POOL	849	0.864110646	4,7,11,13,16	so la cut run -able
POOL	850	0.864109815	6,7,9,11,16	hole ah top that -able
POOL	851	0.864103892	4,6,9,11,16	show lol ott that rubble
POOL	852	0.864096703	3,6,7,11,16	who lol ahh cut -able
POOL	853	0.864093321	4,6,9,12,16	home real got tour -able
POOL	854	0.864091782	2,4,9,12,16	ass oh lat tour -able
POOL	855	0.864074170	2,6,9,12,16	ass old got true -able
POOL	856	0.864052499	4,6,7,12,16	hoe lol awe tut -able
POOL	857	0.864050172	2,4,9,12,16	s oh lotte true -able
POOL	858	0.864026559	3,4,7,11,16	who law la cut rubble
POOL	859	0.864023342	6,9,11,12,16	hole ott that new -able
POOL	860	0.864005308	4,7,11,13,16	at-home la cut raw bill
POOL	861	0.863993224	4,7,11,14,16	uh-oh la cut rub al
POOL	862	0.863979679	3,6,7,11,16	who sure ahh cut rubble
POOL	863	0.863979158	5,7,11,12,16	hole la cunt or -able
POOL	864	0.863976107	2,4,9,12,16	us oh lott tour -able
POOL	865	0.863973007	4,6,7,12,16	home lol are tut -able
POOL	866	0.863970532	2,4,9,12,16	ash oh lat true -able
POOL	867	0.863970008	4,6,9,12,16	show lol not tour -able
POOL	868	0.863957932	5,7,11,12,16	hole la tough new -able
POOL	869	0.863942464	2,4,6,9,11,16	ass oh lol ott that rub
POOL	870	0.863941275	4,6,7,12,16	hoe lol ah tut -able
POOL	871	0.863930156	4,6,7,12,16	hope lol awe tut -able
POOL	872	0.863926201	4,6,7,9,11,16	show lol awe tough that rub
POOL	873	0.863920388	4,6,9,12,16	home lol art true -able
POOL	874	0.863916335	3,4,7,11,16	who too la cut -able
POOL	875	0.863906503	2,4,9,12,16	us oh lotte ver -able
POOL	876	0.863897109	4,6,9,11,16	home real got that rubble
POOL	877	0.863895570	2,4,9,11,16	ass oh lat that rubble
POOL	878	0.863889567	4,6,7,12,16	show lol y'are tut -able
POOL	879	0.863884542	4,6,7,12,16	show real awe cuffed -able
POOL	880	0.863870705	4,7,11,13,16	at-home la cut raw bell
POOL	881	0.863851651	3,6,7,11,16	who lol awe cut -able
POOL	882	0.863847034	4,6,9,12,16	show lol ott ver -able
POOL	883	0.863837998	2,4,9,12,16	us oh lat tree -able
POOL	884	0.863833514	4,6,7,9,11,16	show lol ah tough that rub
POOL	885	0.863831293	5,7,11,12,16	hold la cut air -able
POOL	886	0.863827281	2,6,7,11,13,16	us ole ahh cut non bell
POOL	887	0.863821159	6,9,11,14,16	hole ata that rub al
POOL	888	0.863818931	4,6,7,12,16	hope lol ah tut -able
POOL	889	0.863816758	2,4,9,12,16	us oh lat ter -able
POOL	890	0.863810691	4,6,9,12,16	hoa real got true -able
POOL	891	0.863787407	2,4,9,12,16	us oh lat stir -able
POOL	892	0.863784501	4,6,9,12,16	ho real got true -able
POOL	893	0.863783604	6,7,11,13,16	hole ahh cut y'are -able
POOL	894	0.863781558	2,6,7,11,13,16	us ole ahh tap run bell
POOL	895	0.863773317	4,6,7,12,16	show real ah cuffed -able
POOL	896	0.863755459	5,7,11,12,16	hole law cut new -able
POOL	897	0.863753299	6,9,11,12,16	hole got meet or -able
POOL	898	0.863741937	4,9,11,14,16	show lotta that rub al
POOL	899	0.863740426	3,6,7,11,16	who lol ah cut -able
POOL	900	0.863739233	5,7,11,12,16	hold la cut are -able
POOL	901	0.863734627	3,6,7,11,16	who sure awe cut rubble
POOL	902	0.863727514	2,4,9,12,16	us oh lat star -able
POOL	903	0.863709413	4,6,7,12,16	show real ahh taft -able
POOL	904	0.863707175	3,6,7,11,16	who full ahh tut -able
POOL	905	0.863689631	4,7,11,14,16	ago la cut rub well
POOL	906	0.863674722	2,5,7,11,12,16	us ole la cut air bell
POOL	907	0.863666707	2,4,9,12,16	s oh lott true -able
POOL	908	0.863654375	2,4,6,9,12,16	us oh lol got ter bell
POOL	909	0.863651532	1,5,7,11,14,16	uhh hole la cut rub al
POOL	910	0.863642597	2,4,9,12,16	us know lat true -able
POOL	911	0.863640251	4,6,9,12,16	home real got ver -able
POOL	912	0.863638712	2,4,9,12,16	ass oh lat ver -able
POOL	913	0.863630363	3,5,7,11,16	who full la cut rubble
POOL	914	0.863623402	3,6,7,11,16	who sure ah cut rubble
POOL	915	0.863610840	4,7,11,13,16	home la cut y'are -able
POOL	916	0.863595923	2,4,9,12,16	ass oh lotte tour -able
POOL	917	0.863583852	3,6,7,11,16	who full ahh come -able
POOL	918	0.863581572	5,7,11,12,16	hole la top new -able
POOL	919	0.863580580	2,6,9,12,16	ass ole got true -able
POOL	920	0.863578058	5,7,11,12,16	hole la tut re- -able
POOL	921	0.863559562	4,6,7,9,12,16	show lol ahh tough true bell
POOL	922	0.863555729	4,6,7,12,16	hoa lol ahh tut -able
POOL	923	0.863555109	5,7,11,12,16	hole lah cut or -able
POOL	924	0.863538552	6,7,11,13,16	hole awe cut y'are -able
POOL	925	0.863536823	4,7,11,13,16	hoe la cut run -able
POOL	926	0.863534720	5,7,11,12,16	hole raw cut new -able
POOL	927	0.863529540	4,6,7,12,16	ho lol ahh tut -able
POOL	928	0.863525676	5,7,9,12,16	hole la tough true -able
POOL	929	0.863523037	2,4,9,12,16	us oh lott ver -able
POOL	930	0.863516938	4,6,9,12,16	show lol not ver -able
POOL	931	0.863507876	3,6,7,11,16	who real ahh cut rubble
POOL	932	0.863496389	3,4,7,11,16	who good la cut -able
POOL	933	0.863496389	3,4,7,11,16	who how la cut -able
POOL	934	0.863496389	3,4,7,11,16	who know la cut -able
POOL	935	0.863496389	3,4,7,11,16	who now la cut -able
POOL	936	0.863486773	4,7,11,14,16	at-home la cut rub el
POOL	937	0.863474673	2,4,9,12,16	ash oh lotte true -able
POOL	938	0.863472991	4,9,11,12,16	show lat that new -able
POOL	939	0.863464361	4,6,7,12,16	show real awe taft -able
POOL	940	0.863462123	3,6,7,11,16	who full awe tut -able
POOL	941	0.863454736	5,7,11,12,16	hole la come re- -able
POOL	942	0.863449624	5,7,9,12,16	hole la too true -able
POOL	943	0.863447215	4,6,7,12,16	show lil ahh tut -able
POOL	944	0.863441166	4,7,9,11,12,16	home la ca that air bell
POOL	945	0.863435465	4,7,11,14,16	at-home la tough rub al
POOL	946	0.863427327	6,7,11,13,16	hole ah cut y'are -able
POOL	947	0.863418542	4,7,11,13,16	at-home la cut yeah bill
POOL	948	0.863414479	4,7,11,13,16	hope la cut run -able
POOL	949	0.863399711	2,4,9,11,16	ass oh lotte that rubble
POOL	950	0.863398363	4,6,7,12,16	so real ahh tut -able
POOL	951	0.863389510	3,4,7,11,16	who oh la tut -able
POOL	952	0.863385043	6,7,11,13,16	hole are cut run -able
POOL	953	0.863384229	4,6,9,12,16	show lol art tour -able
POOL	954	0.863381244	6,9,11,12,16	hole got met air -able
POOL	955	0.863371614	2,4,6,9,12,16	ass oh lol ott true bell
POOL	956	0.863365585	6,9,11,12,16	hole got thought air -able
POOL	957	0.863356692	3,6,7,11,16	who full ahh tough rubble
POOL	958	0.863355352	4,6,7,9,12,16	show lol awe tough true bell
POOL	959	0.863354566	4,7,11,13,16	show la tough run -able
POOL	960	0.863353136	4,6,7,12,16	show real ah taft -able
POOL	961	0.863350898	3,6,7,11,16	who full ah tut -able
POOL	962	0.863347852	2,4,9,12,16	ass oh rot true -able
POOL	963	0.863342139	2,4,9,12,16	us oh lotte tree -able
POOL	964	0.863338800	3,6,7,11,16	who full awe come -able
POOL	965	0.863328166	4,6,7,9,11,16	show real ahh ca that rub
POOL	966	0.863320899	2,4,9,12,16	us oh lotte ter -able
POOL	967	0.863310677	4,6,7,12,16	hoa lol awe tut -able
POOL	968	0.863291548	2,4,9,12,16	us oh lotte stir -able
POOL	969	0.863290401	6,7,9,11,16	hole ahh tongue that rubble
POOL	970	0.863289184	6,9,11,12,16	hole got met are -able
POOL	971	0.863288803	6,9,11,12,16	hole got not air -able
POOL	972	0.863284488	4,6,7,12,16	ho lol awe tut -able
POOL	973	0.863283939	4,7,11,13,16	at-home la cut yeah bell
POOL	974	0.863276069	3,6,7,11,16	who pull ahh cut rubble
POOL	975	0.863273524	6,9,11,12,16	hole got thought are -able
POOL	976	0.863266188	3,4,7,11,16	who oh la come -able
POOL	977	0.863265780	5,7,9,12,16	hole la top true -able
POOL	978	0.863262824	3,6,7,11,16	who real awe cut rubble
POOL	979	0.863246451	4,6,9,11,16	show lol got vet rubble
POOL	980	0.863245180	4,7,9,11,12,16	show la ca that air belle
POOL	981	0.863232992	4,7,11,14,16	at-home law cut rub al
POOL	982	0.863231655	2,4,9,12,16	us oh lotte star -able
POOL	983	0.863227576	3,6,7,11,16	who full ah come -able
POOL	984	0.863226636	2,6,9,11,13,16	us ole got that run bell
POOL	985	0.863222335	5,7,11,12,16	hole la touch or -able
POOL	986	0.863219707	4,6,9,11,16	show lol ott that -able
POOL	987	0.863212857	5,7,11,12,16	soul la cut air -able
POOL	988	0.863212457	2,4,9,12,16	ass oh lott tour -able
POOL	989	0.863209164	5,7,11,12,16	hole la tut yeah -able
POOL	990	0.863202163	4,6,7,12,16	show lil awe tut -able
POOL	991	0.863199453	4,6,7,12,16	hoa lol ah tut -able
POOL	992	0.863190579	5,7,11,12,16	hole la test or -able
POOL	993	0.863188017	4,6,9,11,16	show lol art that rubble
POOL	994	0.863183147	5,7,11,12,16	hole la tut you -able
POOL	995	0.863173263	4,6,7,12,16	ho lol ah tut -able
POOL	996	0.863171237	4,9,11,12,16	home lat that air -able
POOL	997	0.863165900	6,9,11,12,16	hole got vet new -able
POOL	998	0.863153382	4,6,7,12,16	show lol on cunt -able
POOL	999	0.863153311	4,6,7,12,16	so real awe tut -able
POOL	1000	0.863152093	4,7,11,13,16	show law cut run -able
POOL	1001	0.863151599	3,6,7,11,16	who real ah cut rubble
POOL	1002	0.863146739	2,4,9,12,16	us know lotte true -able
POOL	1003	0.863145569	2,5,7,11,12,16	us ole la cut air bill
POOL	1004	0.863143028	6,9,11,12,16	hole got vat or -able
POOL	1005	0.863142853	2,4,9,12,16	ass oh lotte ver -able
POOL	1006	0.863142374	3,4,7,11,16	who law la cut -able
POOL	1007	0.863130965	3,6,7,11,16	who full y'are cut rubble
POOL	1008	0.863111640	3,6,7,11,16	who full awe tough rubble
POOL	1009	0.863109847	2,6,7,12,16	us old ahh tut -able
POOL	1010	0.863107466	6,9,11,12,16	hole art that new -able
POOL	1011	0.863100931	4,7,9,11,12,16	hoe la ca that air bell
POOL	1012	0.863095494	3,6,7,11,16	who sure ahh cut -able
POOL	1013	0.863091208	2,4,9,12,16	ash oh lott true -able
POOL	1014	0.863090938	4,6,7,12,16	show lil ah tut -able
POOL	1015	0.863081881	4,6,7,12,16	home real ahh cunt -able
POOL	1016	0.863074348	2,4,9,12,16	ass oh lat tree -able
POOL	1017	0.863059105	4,7,11,14,16	at-home la top rub al
POOL	1018	0.863058074	2,5,7,11,12,16	ass ole la cut are bell
POOL	1019	0.863053108	2,4,9,12,16	ass oh lat ter -able
POOL	1020	0.863045349	6,7,9,11,16	hole awe tongue that rubble
POOL	1021	0.863042086	4,6,7,12,16	so real ah tut -able
POOL	1022	0.863039028	3,4,7,11,16	who oh la tough rubble
POOL	1023	0.863034825	4,7,11,13,16	show la tut raw -able
POOL	1024	0.863033035	2,5,7,11,16	us old la cut rubble
POOL	1025	0.863031017	3,6,7,11,16	who pull awe cut rubble
POOL	1026	0.863028667	6,7,9,11,16	hole ahh duh that rubble
POOL	1027	0.863023757	2,4,9,12,16	ass oh lat stir -able
POOL	1028	0.863016245	2,4,9,11,16	ass oh lott that rubble
POOL	1029	0.863012253	4,7,11,14,16	at-home raw cut rub al
POOL	1030	0.863011385	2,4,9,11,16	ass oh lat that -able
POOL	1031	0.863011385	2,4,9,12,16	ass oh lat their -able
POOL	1032	0.863011385	2,4,9,12,16	ass oh lat there -able
POOL	1033	0.863000899	6,7,11,13,16	hole ahh cut love -able
POOL	1034	0.863000415	3,6,7,11,16	who full ah tough rubble
POOL	1035	0.862994199	4,7,9,11,12,16	show la ca that re- bell
POOL	1036	0.862980332	3,6,7,11,16	who full ahh top rubble
POOL	1037	0.862978206	4,7,11,13,16	show la top run -able
POOL	1038	0.862977132	4,9,11,12,16	show lotte that new -able
POOL	1039	0.862973007	4,6,7,12,16	home lol on tut -able
POOL	1040	0.862963864	2,4,9,12,16	ass oh lat star -able
POOL	1041	0.862958673	2,4,9,12,16	us oh lott tree -able
POOL	1042	0.862943852	6,7,9,11,16	hole ahh done that rubble
POOL	1043	0.862937434	2,4,9,12,16	us oh lott ter -able
POOL	1044	0.862934124	6,7,9,11,16	hole ah tongue that rubble
POOL	1045	0.862931354	4,7,11,13,16	show raw cut run -able
POOL	1046	0.862929943	3,4,7,11,16	who ooh la cut rubble
POOL	1047	0.862919792	3,6,7,11,16	who pull ah cut rubble
POOL	1048	0.862919269	6,9,11,12,16	hole ott too air -able
POOL	1049	0.862911502	4,7,11,13,16	show la come raw -able
POOL	1050	0.862908083	2,4,9,12,16	us oh lott stir -able
POOL	1051	0.862907778	6,7,9,11,16	hole ahh come too rubble
POOL	1052	0.862897408	6,7,9,11,16	hole ahh ton that rubble
POOL	1053	0.862878948	2,4,9,12,16	ass know lat true -able
POOL	1054	0.862872710	6,9,11,12,16	hole got too re- -able
POOL	1055	0.862864795	2,6,7,12,16	us old awe tut -able
POOL	1056	0.862850442	3,6,7,11,16	who sure awe cut -able
POOL	1057	0.862848189	2,4,9,12,16	us oh lott star -able
POOL	1058	0.862842461	2,4,6,9,12,16	ass oh lol ott true bill
POOL	1059	0.862836829	4,6,7,12,16	home real awe cunt -able
POOL	1060	0.862836555	3,4,7,11,16	who oh law cut rubble
POOL	1061	0.862828135	4,7,11,13,16	home la cut love -able
POOL	1062	0.862827208	6,9,11,12,16	hole ott too are -able
POOL	1063	0.862824540	4,6,7,12,16	hoe real ahh tut -able
POOL	1064	0.862811091	2,4,6,9,12,16	us oh lol ott ver bell
POOL	1065	0.862802534	4,7,11,14,16	at-home la tut rub air
POOL	1066	0.862799025	1,5,7,11,14,16	eh hole la cut rub al
POOL	1067	0.862795001	4,7,11,13,16	hoa la cut run -able
POOL	1068	0.862783615	6,7,9,11,16	hole awe duh that rubble
POOL	1069	0.862769114	2,4,6,9,12,16	ass oh lol got ver bell
POOL	1070	0.862768811	4,7,11,13,16	ho la cut run -able
POOL	1071	0.862767906	4,7,11,13,16	ago la cut run bill
POOL	1072	0.862763273	2,4,9,12,16	us know lott true -able
POOL	1073	0.862759387	2,4,9,12,16	ass oh lott ver -able
POOL	1074	0.862755847	6,7,11,13,16	hole awe cut love -able
POOL	1075	0.862753570	2,6,7,12,16	us old ah tut -able
POOL	1076	0.862751863	2,5,7,11,14,16	us ole la cut rub la
POOL	1077	0.862746178	3,5,7,11,16	who full la cut -able
POOL	1078	0.862739217	3,6,7,11,16	who sure ah cut -able
POOL	1079	0.862735280	3,6,7,11,16	who full awe top rubble
POOL	1080	0.862734937	6,9,11,12,16	hole got pfft new -able
POOL	1081	0.862725452	4,7,11,13,16	at-home la cut y'are bill
POOL	1082	0.862706643	3,4,6,7,11,16	who oh real ahh cut rub
POOL	1083	0.862698800	6,7,9,11,16	hole awe done that rubble
POOL	1084	0.862679211	4,7,11,14,16	at-home la come rub air
POOL	1085	0.862675378	4,9,11,12,16	home lotte that air -able
POOL	1086	0.862672390	6,7,9,11,16	hole ah duh that rubble
POOL	1087	0.862664814	6,7,9,11,16	hole ahh ca too rubble
POOL	1088	0.862662726	6,7,9,11,16	hole awe come too rubble
POOL	1089	0.862662667	3,4,7,11,16	who oh la top rubble
POOL	1090	0.862652356	6,7,9,11,16	hole awe ton that rubble
POOL	1091	0.862648554	4,7,11,14,16	at-home la cut rub l
POOL	1092	0.862644622	6,7,11,13,16	hole ah cut love -able
POOL	1093	0.862643984	4,7,11,14,16	at-home la cut rub elle
POOL	1094	0.862633303	4,7,11,13,16	ago la cut run bell
POOL	1095	0.862633067	4,7,11,12,13,16	show la tod are uhh bell
POOL	1096	0.862630422	4,7,11,14,16	at-home la cut rub tell
POOL	1097	0.862624055	3,6,7,11,16	who full ah top rubble
POOL	1098	0.862623691	3,6,7,11,16	who real ahh cut -able
POOL	1099	0.862616257	2,6,7,12,16	us ole ahh tut -able
POOL	1100	0.862615815	3,4,7,11,16	who oh raw cut rubble
POOL	1101	0.862609176	1,5,7,11,14,16	uh hole la cut rub al
POOL	1102	0.862593667	4,9,11,12,16	show lott that new -able
POOL	1103	0.862590849	4,7,11,13,16	at-home la cut y'are bell
POOL	1104	0.862589172	6,9,11,12,16	hole not too air -able
POOL	1105	0.862587575	6,7,9,11,16	hole ah done that rubble
POOL	1106	0.862578489	2,4,9,12,16	ass oh lotte tree -able
POOL	1107	0.862571778	4,7,9,11,12,16	hoe la ca that air bill
POOL	1108	0.862566034	2,4,5,7,11,16	us oh law la cut rub
POOL	1109	0.862557249	2,4,9,12,16	ass oh lotte ter -able
POOL	1110	0.862556237	4,7,11,13,16	so la cut raw -able
POOL	1111	0.862551502	6,7,9,11,16	hole ah come too rubble
POOL	1112	0.862544995	2,4,6,9,11,16	us oh lol got pfft rub
POOL	1113	0.862541131	6,7,9,11,16	hole ah ton that rubble
POOL	1114	0.862539445	2,5,7,11,16	us ole la cut rubble
POOL	1115	0.862528922	2,5,7,11,12,16	ass ole la cut are bill
POOL	1116	0.862527898	2,4,9,12,16	ass oh lotte stir -able
POOL	1117	0.862515526	2,4,9,11,16	ass oh lotte that -able
POOL	1118	0.862515526	2,4,9,12,16	ass oh lotte their -able
POOL	1119	0.862515526	2,4,9,12,16	ass oh lotte there -able
POOL	1120	0.862513101	6,9,11,12,16	hole shot that new -able
POOL	1121	0.862503816	6,9,11,12,16	hole got too yeah -able
POOL	1122	0.862502433	3,4,6,7,11,16	who oh real awe cut rub
POOL	1123	0.862477799	6,9,11,12,16	hole got too you -able
POOL	1124	0.862472507	3,6,7,11,16	who full ahh tough -able
POOL	1125	0.862468005	2,4,9,12,16	ass oh lotte star -able
POOL	1126	0.862467905	6,7,11,12,16	hole rah cut air -able
POOL	1127	0.862465047	4,7,9,11,12,16	show la ca that re- bill
POOL	1128	0.862453269	4,7,11,14,16	at-home la cut rob air
POOL	1129	0.862448059	4,7,11,13,16	show la tut yeah -able
POOL	1130	0.862419762	6,7,9,11,16	hole awe ca too rubble
POOL	1131	0.862409746	3,4,6,7,11,16	who oh real ah cut rub
POOL	1132	0.862408800	6,9,11,12,16	hole ott that re- -able
POOL	1133	0.862406216	6,7,9,11,16	hole ahh tongue that -able
POOL	1134	0.862391884	3,6,7,11,16	who pull ahh cut -able
POOL	1135	0.862385043	6,7,11,13,16	hole on cut run -able
POOL	1136	0.862383297	2,4,6,9,11,16	us oh lol got vet rub
POOL	1137	0.862383089	2,4,9,12,16	ass know lotte true -able
POOL	1138	0.862378681	6,9,11,12,16	hole got feet air -able
POOL	1139	0.862378639	3,6,7,11,16	who real awe cut -able
POOL	1140	0.862371205	2,6,7,12,16	us ole awe tut -able
POOL	1141	0.862368918	4,9,11,12,16	show lat too air -able
POOL	1142	0.862346197	2,6,7,12,16	ass old ahh tut -able
POOL	1143	0.862324736	4,7,11,13,16	show la come yeah -able
POOL	1144	0.862315799	6,9,11,12,16	hole got meet new -able
POOL	1145	0.862308537	6,7,9,11,16	hole ah ca too rubble
POOL	1146	0.862303701	4,7,11,13,16	hoh la cut run -able
POOL	1147	0.862302088	6,7,11,12,16	hole ahh touched air -able
POOL	1148	0.862301458	2,5,7,11,12,16	ass ole la cut air bell
POOL	1149	0.862291912	4,9,11,12,16	home lott that air -able
POOL	1150	0.862289184	6,9,11,12,16	hole got met or -able
POOL	1151	0.862286620	6,9,11,12,16	hole got feet are -able
POOL	1152	0.862276858	4,9,11,12,16	show lat too are -able
POOL	1153	0.862273524	6,9,11,12,16	hole got thought or -able
POOL	1154	0.862271010	6,7,9,11,16	hole ahh ta that rubble
POOL	1155	0.862269385	2,5,7,11,16	ass old la cut rubble
POOL	1156	0.862267414	3,6,7,11,16	who real ah cut -able
POOL	1157	0.862259980	2,6,7,12,16	us ole ah tut -able
POOL	1158	0.862259795	3,4,6,7,11,16	who oh lol ahh tut rub
POOL	1159	0.862246780	3,6,7,11,16	who full y'are cut -able
POOL	1160	0.862240405	6,7,11,14,16	ahold ahh cut rub al
POOL	1161	0.862227455	3,6,7,11,16	who full awe tough -able
POOL	1162	0.862224741	2,5,7,11,12,16	ass ole la cut or bell
POOL	1163	0.862195023	2,4,9,12,16	ass oh lott tree -able
POOL	1164	0.862186609	4,7,11,13,16	show la cut yuh -able
POOL	1165	0.862173784	2,4,9,12,16	ass oh lott ter -able
POOL	1166	0.862161164	6,7,9,11,16	hole awe tongue that -able
POOL	1167	0.862154843	3,4,7,11,16	who oh la tough -able
POOL	1168	0.862152125	5,7,9,11,12,16	hole la ca that air bell
POOL	1169	0.862148850	2,5,7,11,16	us old la cut -able
POOL	1170	0.862146832	3,6,7,11,16	who pull awe cut -able
POOL	1171	0.862144482	6,7,9,11,16	hole ahh duh that -able
POOL	1172	0.862144433	2,4,9,12,16	ass oh lott stir -able
POOL	1173	0.862132060	2,4,9,11,16	ass oh lott that -able
POOL	1174	0.862127062	4,7,11,12,16	eau la cut air -able
POOL	1175	0.862125624	4,7,11,14,16	uh-oh la cut rub air
POOL	1176	0.862118654	2,4,9,11,12,16	ass oh lat that air bell
POOL	1177	0.862116230	3,6,7,11,16	who full ah tough -able
POOL	1178	0.862103376	4,6,7,11,16	show lol ahh tufts rubble
POOL	1179	0.862101145	2,6,7,12,16	ass old awe tut -able
POOL	1180	0.862096147	3,6,7,11,16	who full ahh top -able
POOL	1181	0.862085793	4,7,11,14,16	ago la cut rub ill
POOL	1182	0.862059667	6,7,9,11,16	hole ahh done that -able
POOL	1183	0.862049939	6,7,9,11,16	hole ah tongue that -able
POOL	1184	0.862045758	3,4,7,11,16	who ooh la cut -able
POOL	1185	0.862039906	6,9,11,12,16	hole ott that yeah -able
POOL	1186	0.862035607	3,6,7,11,16	who pull ah cut -able
POOL	1187	0.862032354	6,9,11,12,16	hole hot that new -able
POOL	1188	0.862025958	6,7,9,11,16	hole awe ta that rubble
POOL	1189	0.862023593	6,7,9,11,16	hole ahh come too -able
POOL	1190	0.862019191	4,7,11,14,16	at-home la cunt rub al
POOL	1191	0.862013223	6,7,9,11,16	hole ahh ton that -able
POOL	1192	0.862003393	6,9,11,12,16	hole art too air -able
POOL	1193	0.862002713	2,5,7,11,12,16	us old la cut air bell
POOL	1194	0.861995353	6,7,11,14,16	ahold awe cut rub al
POOL	1195	0.861989920	2,6,7,12,16	ass old ah tut -able
POOL	1196	0.861982414	4,7,11,13,16	hoe la cut raw -able
POOL	1197	0.861976540	6,7,9,11,16	hole ahh tough too rubble
POOL	1198	0.861969471	4,7,11,13,16	so la cut yeah -able
POOL	1199	0.861953560	6,9,11,14,16	hole ata that rub air
POOL	1200	0.861952370	3,4,7,11,16	who oh law cut -able
POOL	1201	0.861942747	4,7,11,13,16	at-home la cut love bill
POOL	1202	0.861938292	4,7,11,13,16	show la cunt run -able
POOL	1203	0.861930682	6,7,11,13,16	hole ahh tut run -able
POOL	1204	0.861924752	6,9,11,12,16	hole got too her -able
POOL	1205	0.861924752	6,9,11,12,16	hole got too were -able
POOL	1206	0.861920019	2,4,7,9,11,16	us oh la ca that rub
POOL	1207	0.861914733	6,7,9,11,16	hole ah ta that rubble
POOL	1208	0.861911333	6,9,11,12,16	hole art too are -able
POOL	1209	0.861900488	6,7,9,11,16	hole ahh too too rubble
POOL	1210	0.861899430	6,7,9,11,16	hole awe duh that -able
POOL	1211	0.861891149	4,9,11,12,16	show rot that air -able
POOL	1212	0.861884128	6,7,11,14,16	ahold ah cut rub al
POOL	1213	0.861878322	4,7,11,14,16	ago la tut rub al
POOL	1214	0.861874338	4,9,11,14,16	show lotta that rub air
POOL	1215	0.861873059	4,9,11,12,16	show lotte too air -able
POOL	1216	0.861860070	4,7,11,13,16	hope la cut raw -able
POOL	1217	0.861859813	2,6,7,11,14,16	us ole ahh cut yep al
POOL	1218	0.861858450	4,9,11,12,16	show lat that re- -able
POOL	1219	0.861852607	2,6,7,12,16	ass ole ahh tut -able
POOL	1220	0.861851095	3,6,7,11,16	who full awe top -able
POOL	1221	0.861830633	6,7,11,13,16	hole are cut raw -able
POOL	1222	0.861827208	6,9,11,12,16	hole ott too or -able
POOL	1223	0.861815917	4,7,11,13,16	show la cut rough -able
POOL	1224	0.861814615	6,7,9,11,16	hole awe done that -able
POOL	1225	0.861808144	4,7,11,13,16	at-home la cut love bell
POOL	1226	0.861807529	2,6,9,12,16	ass own got true -able
POOL	1227	0.861807359	6,7,11,13,16	hole ahh come run -able
POOL	1228	0.861802888	6,7,9,11,14,16	hole ahh tub verse rub al
POOL	1229	0.861800157	4,7,11,13,16	show la tough raw -able
POOL	1230	0.861794255	4,7,11,14,16	at-home la tut rub well
POOL	1231	0.861788205	6,7,9,11,16	hole ah duh that -able
POOL	1232	0.861780999	4,9,11,12,16	show lotte too are -able
POOL	1233	0.861780629	6,7,9,11,16	hole ahh ca too -able
POOL	1234	0.861778482	3,4,7,11,16	who oh la top -able
POOL	1235	0.861775795	2,5,7,11,16	ass ole la cut rubble
POOL	1236	0.861769189	4,7,11,13,16	show la cut rush -able
POOL	1237	0.861757918	4,7,11,13,16	home la tut run -able
POOL	1238	0.861754999	4,7,11,14,16	ago la come rub al
POOL	1239	0.861754969	4,7,11,13,16	show la tut y'are -able
POOL	1240	0.861739870	3,6,7,11,16	who full ah top -able
POOL	1241	0.861732397	4,7,11,14,16	at-home y'are cut rub al
POOL	1242	0.861731631	3,4,7,11,16	who oh raw cut -able
POOL	1243	0.861705528	6,9,11,12,16	hole got vat new -able
POOL	1244	0.861705438	2,4,9,11,12,16	ass oh lotte that air bell
POOL	1245	0.861685630	6,7,11,13,16	hole awe tut run -able
POOL	1246	0.861673287	2,4,6,9,11,16	ass oh real ott that rub
POOL	1247	0.861670933	4,7,11,14,16	at-home la come rub well
POOL	1248	0.861655260	2,5,7,11,16	us ole la cut -able
POOL	1249	0.861651498	4,7,11,13,16	show y'are cut run -able
POOL	1250	0.861634596	4,7,11,13,16	home la come run -able
POOL	1251	0.861631646	4,7,11,13,16	show la come y'are -able
POOL	1252	0.861622973	5,7,9,11,12,16	hole la ca that air bill
POOL	1253	0.861622754	3,4,7,11,16	who oh la cunt rubble
POOL	1254	0.861619795	2,6,7,11,13,16	us ole mom cut run bell
POOL	1255	0.861609535	2,4,7,11,14,16	hou oh rock cut rub al
POOL	1256	0.861607555	2,6,7,12,16	ass ole awe tut -able
POOL	1257	0.861604199	5,7,11,12,16	hole la dust air -able
POOL	1258	0.861597917	6,9,11,12,16	hole ott vet air -able
POOL	1259	0.861597684	4,7,11,13,16	show law cut raw -able
POOL	1260	0.861595143	4,7,11,14,16	at-home lah cut rub al
POOL	1261	0.861589502	2,4,9,11,12,16	ass oh lat that air bill
POOL	1262	0.861582189	4,7,11,13,16	at-home la cut run belle
POOL	1263	0.861574405	6,7,11,13,16	hole ah tut run -able
POOL	1264	0.861567866	4,7,11,14,16	at-home la tough rub air
POOL	1265	0.861567078	4,7,11,13,16	show la cut la -able
POOL	1266	0.861562307	6,7,11,13,16	hole awe come run -able
POOL	1267	0.861560237	6,9,11,12,16	hole got too law -able
POOL	1268	0.861551358	6,9,11,12,16	hole got vet re- -able
POOL	1269	0.861538113	6,7,11,13,16	hole ahh cut young -able
POOL	1270	0.861529057	4,7,11,14,16	ago la cut rob al
POOL	1271	0.861514243	4,7,11,13,16	show lah cut run -able
POOL	1272	0.861505856	6,9,11,12,16	hole ott vet are -able
POOL	1273	0.861496330	2,6,7,12,16	ass ole ah tut -able
POOL	1274	0.861492925	6,9,11,12,16	hole art that re- -able
POOL	1275	0.861489594	4,9,11,12,16	show lott too air -able
POOL	1276	0.861489556	4,9,11,12,16	show lat that yeah -able
POOL	1277	0.861470345	2,6,9,12,16	us old got tour -able
POOL	1278	0.861465802	2,4,7,11,13,16	meh oh la cut run barr
POOL	1279	0.861451083	6,7,11,13,16	hole ah come run -able
POOL	1280	0.861444990	4,7,11,14,16	at-home la cut rob well
POOL	1281	0.861444783	2,4,6,9,11,16	s oh lol ott that rub
POOL	1282	0.861439594	3,4,7,11,16	who new la tut rubble
POOL	1283	0.861423797	4,7,11,13,16	show la top raw -able
POOL	1284	0.861409028	6,9,11,12,16	hole shot too air -able
POOL	1285	0.861397533	4,9,11,12,16	show lott too are -able
POOL	1286	0.861395648	4,7,11,13,16	hoe la cut yeah -able
POOL	1287	0.861385884	2,4,9,11,12,16	ass oh lott that air bell
POOL	1288	0.861385200	2,5,7,11,16	ass old la cut -able
POOL	1289	0.861376945	4,7,11,13,16	show raw cut raw -able
POOL	1290	0.861365393	4,7,11,14,16	at-home law cut rub air
POOL	1291	0.861365349	4,7,11,13,16	home la cut young -able
POOL	1292	0.861362591	4,9,11,12,16	show lotte that re- -able
POOL	1293	0.861348720	2,6,7,11,14,16	us mole ahh tuff rub al
POOL	1294	0.861335960	3,4,7,11,16	who oh y'are cut rubble
POOL	1295	0.861316967	6,9,11,12,16	hole shot too are -able
POOL	1296	0.861316272	3,4,7,11,16	who new la come rubble
POOL	1297	0.861309234	4,7,11,14,16	show la cut rubber al
POOL	1298	0.861293061	6,7,11,13,16	hole awe cut young -able
POOL	1299	0.861288199	2,4,5,7,11,16	ass oh all la cut rub
POOL	1300	0.861286620	6,9,11,12,16	hole got feet or -able
POOL	1301	0.861276858	4,9,11,12,16	show lat too or -able
POOL	1302	0.861276381	4,7,11,13,16	so la cut y'are -able
POOL	1303	0.861273304	4,7,11,13,16	hope la cut yeah -able
POOL	1304	0.861267820	6,9,11,12,16	hole not vet air -able
POOL	1305	0.861243868	6,7,11,13,16	hole are cut yeah -able
POOL	1306	0.861240592	4,7,11,13,16	hoa la cut raw -able
POOL	1307	0.861227490	2,6,7,11,14,16	us ole was cut rub al
POOL	1308	0.861214402	4,7,11,13,16	ho la cut raw -able
POOL	1309	0.861213709	2,4,6,9,11,16	us oh lol ott pfft rub
POOL	1310	0.861213497	4,7,11,13,16	ago la cut raw bill
POOL	1311	0.861213391	4,7,11,13,16	show la tough yeah -able
POOL	1312	0.861205904	5,7,9,12,16	hole la tongue true -able
POOL	1313	0.861198705	3,4,7,11,16	who oh lah cut rubble
POOL	1314	0.861192770	2,4,5,7,11,16	ass oh law la cut rub
POOL	1315	0.861191506	4,7,11,14,16	at-home la top rub air
POOL	1316	0.861182464	6,9,11,12,16	hole got vet yeah -able
POOL	1317	0.861181836	6,7,11,13,16	hole ah cut young -able
POOL	1318	0.861178873	2,6,9,11,14,16	us ole ah pfft rub al
POOL	1319	0.861176286	2,4,9,11,12,16	ass oh lotte that air bill
POOL	1320	0.861171731	2,4,6,9,11,16	ass oh lol got pfft rub
POOL	1321	0.861166954	6,9,11,12,16	hole ott pfft air -able
POOL	1322	0.861160945	2,6,9,12,16	s old got true -able
POOL	1323	0.861156447	6,9,11,12,16	hole got vet you -able
POOL	1324	0.861148432	2,4,7,11,16	us oh lakh cut rubble
POOL	1325	0.861144654	4,7,11,14,16	at-home raw cut rub air
POOL	1326	0.861117346	4,7,11,14,16	uh-oh la cut rub well
POOL	1327	0.861089440	5,7,9,12,16	hole la come tour -able
POOL	1328	0.861077210	6,9,11,14,16	hole aka that rub al
POOL	1329	0.861074831	4,6,7,11,13,16	o lol ahh can't run bell
POOL	1330	0.861061239	4,6,7,11,16	show lol sha cut rubble
POOL	1331	0.861047567	4,9,11,12,16	show lat vet air -able
POOL	1332	0.861025586	2,4,9,11,16	us oh lat too rubble
POOL	1333	0.861017275	2,6,9,12,16	us old got ver -able
POOL	1334	0.860993697	4,9,11,12,16	show lotte that yeah -able
POOL	1335	0.860983540	1,5,7,11,14,16	uhh hole la cut rub air
POOL	1336	0.860982345	2,4,9,11,16	s oh lat that rubble
POOL	1337	0.860979125	4,9,11,12,16	show lott that re- -able
POOL	1338	0.860976756	2,6,9,12,16	us ole got tour -able
POOL	1339	0.860969685	5,7,11,13,16	hole la cut run -able
POOL	1340	0.860965121	4,5,7,11,16	show law la cut rubble
POOL	1341	0.860955506	4,9,11,12,16	show lat vet are -able
POOL	1342	0.860945281	6,9,11,14,16	hole ata that rub well
POOL	1343	0.860944169	5,7,9,12,16	hole la duh true -able
POOL	1344	0.860937753	2,5,7,11,14,16	us row la cut rub al
POOL	1345	0.860935508	1,5,7,11,14,16	uhh hole la tut rub al
POOL	1346	0.860910621	4,9,11,14,16	home lotta that rub al
POOL	1347	0.860893228	5,7,9,11,16	hole la come that rubble
POOL	1348	0.860891610	2,5,7,11,16	ass ole la cut -able
POOL	1349	0.860878120	1,5,7,11,14,16	yeah hole la cut rub al
POOL	1350	0.860872297	4,6,7,11,16	show lee ahh cut rubble
POOL	1351	0.860866059	4,9,11,14,16	show lotta that rub well
POOL	1352	0.860865931	3,4,7,11,16	who oh la touch rubble
POOL	1353	0.860859355	5,7,9,12,16	hole la done true -able
POOL	1354	0.860856731	2,4,9,11,12,16	ass oh lott that air bill
POOL	1355	0.860856439	1,5,7,11,14,16	an hole la cut rub al
POOL	1356	0.860856439	1,5,7,11,14,16	as hole la cut rub al
POOL	1357	0.860856439	1,5,7,11,14,16	at hole la cut rub al
POOL	1358	0.860846476	5,7,9,12,16	hole la ca tour -able
POOL	1359	0.860843206	2,6,7,12,16	us own ahh tut -able
POOL	1360	0.860834174	3,4,7,11,16	who oh la test rubble
POOL	1361	0.860830633	6,7,11,13,16	hole on cut raw -able
POOL	1362	0.860812910	5,7,9,12,16	hole la ton true -able
POOL	1363	0.860780999	4,9,11,12,16	show lotte too or -able
POOL	1364	0.860766394	2,5,7,11,16	us own la cut rubble
POOL	1365	0.860740276	2,6,9,12,16	us old ott true -able
POOL	1366	0.860738569	3,4,7,11,16	who oh la cunt -able
POOL	1367	0.860706696	2,6,9,12,16	ass old got tour -able
POOL	1368	0.860696014	6,7,11,13,16	hole ahh tough run -able
POOL	1369	0.860694962	4,7,11,14,16	ago la cut rub el
POOL	1370	0.860685194	5,7,9,11,12,16	hole la tough that air bell
POOL	1371	0.860667355	2,6,9,12,16	s ole got true -able
POOL	1372	0.860650264	5,7,9,11,16	hole la ca that rubble
POOL	1373	0.860641676	4,9,11,12,16	home lat that new -able
POOL	1374	0.860636370	5,7,9,12,16	hole la come ver -able
POOL	1375	0.860616604	4,9,11,12,16	show lat pfft air -able
POOL	1376	0.860610231	4,9,11,12,16	show lott that yeah -able
POOL	1377	0.860598154	2,6,7,12,16	us own awe tut -able
POOL	1378	0.860585446	2,6,9,12,16	ash old got true -able
POOL	1379	0.860555409	3,4,7,11,16	who new la tut -able
POOL	1380	0.860551708	4,9,11,12,16	show lotte vet air -able
POOL	1381	0.860550778	6,7,11,13,16	hole are cut y'are -able
POOL	1382	0.860545977	4,9,11,12,16	show lat that law -able
POOL	1383	0.860529727	2,4,9,11,16	us oh lotte too rubble
POOL	1384	0.860524543	4,9,11,12,16	show lat pfft are -able
POOL	1385	0.860523686	2,6,9,12,16	us ole got ver -able
POOL	1386	0.860513196	1,5,7,11,14,16	air hole la cut rub al
POOL	1387	0.860510484	2,6,9,11,16	ass old got that rubble
POOL	1388	0.860486929	2,6,7,12,16	us own ah tut -able
POOL	1389	0.860486486	2,4,9,11,16	s oh lotte that rubble
POOL	1390	0.860470287	6,7,11,13,16	hole y'are cut run -able
POOL	1391	0.860459647	4,9,11,12,16	show lotte vet are -able
POOL	1392	0.860458905	2,6,7,12,16	us old ahh cunt -able
POOL	1393	0.860452912	2,6,9,12,16	us old got tree -able
POOL	1394	0.860451775	3,4,7,11,16	who oh y'are cut -able
POOL	1395	0.860450962	6,7,11,13,16	hole awe tough run -able
POOL	1396	0.860432087	3,4,7,11,16	who new la come -able
POOL	1397	0.860431672	2,6,9,12,16	us old got ter -able
POOL	1398	0.860402321	2,6,9,12,16	us old got stir -able
POOL	1399	0.860397533	4,9,11,12,16	show lott too or -able
POOL	1400	0.860393406	5,7,9,12,16	hole la ca ver -able
POOL	1401	0.860385660	6,9,11,14,16	hole gotta that rub al
POOL	1402	0.860382273	2,4,7,11,16	us toe la cut rubble
POOL	1403	0.860376273	6,7,11,13,16	hole ahh tut raw -able
POOL	1404	0.860376079	2,6,7,11,14,16	us owe mah cut rub al
POOL	1405	0.860372806	6,7,11,14,16	ahold ahh cut rub air
POOL	1406	0.860361568	2,6,7,9,12,16	us ole ahh ca true bell
POOL	1407	0.860339737	6,7,11,13,16	hole ah tough run -able
POOL	1408	0.860319654	6,7,11,13,16	hole ahh top run -able
POOL	1409	0.860314520	3,4,7,11,16	who oh lah cut -able
POOL	1410	0.860293701	3,6,7,11,16	who lol ahh tut rubble
POOL	1411	0.860284086	1,4,9,11,14,16	uhh show lat that rub al
POOL	1412	0.860277772	1,5,7,11,14,16	up hole la cut rub al
POOL	1413	0.860271262	5,7,9,11,12,16	hole la come that air bell
POOL	1414	0.860262955	4,9,11,12,16	hoe lat that air -able
POOL	1415	0.860261936	2,4,9,11,16	ass oh lat too rubble
POOL	1416	0.860253626	2,6,9,12,16	ass old got ver -able
POOL	1417	0.860252950	6,7,11,13,16	hole ahh come raw -able
POOL	1418	0.860246686	2,6,9,12,16	us ole ott true -able
POOL	1419	0.860243868	6,7,11,13,16	hole on cut yeah -able
POOL	1420	0.860213853	2,6,7,12,16	us old awe cunt -able
POOL	1421	0.860213106	2,6,9,12,16	ass ole got tour -able
POOL	1422	0.860204927	3,4,7,11,16	who new la tough rubble
POOL	1423	0.860197466	4,9,11,12,16	show lat meet air -able
POOL	1424	0.860187526	6,9,11,14,16	hole ata too rub al
POOL	1425	0.860186513	5,7,9,12,16	hole la ta true -able
POOL	1426	0.860170379	3,6,7,11,16	who lol ahh come rubble
POOL	1427	0.860168242	4,9,11,12,16	show lott vet air -able
POOL	1428	0.860160607	2,5,9,11,14,16	ass ole locked that rub al
POOL	1429	0.860158201	5,7,9,12,16	hole la tough tour -able
POOL	1430	0.860157358	2,6,7,9,12,16	us ole awe ca true bell
POOL	1431	0.860156042	5,7,9,11,12,16	hole la tough that air bill
POOL	1432	0.860151860	2,6,7,11,14,16	less cole ahh cut rub al
POOL	1433	0.860146261	2,4,9,11,16	us oh lott too rubble
POOL	1434	0.860145817	4,9,11,12,16	home lotte that new -able
POOL	1435	0.860141401	2,4,9,11,16	us oh lat too -able
POOL	1436	0.860140611	4,9,11,12,16	hope lat that air -able
POOL	1437	0.860131221	6,7,11,13,16	hole awe tut raw -able
POOL	1438	0.860131033	1,5,7,11,14,16	eh hole la cut rub air
POOL	1439	0.860127754	6,7,11,14,16	ahold awe cut rub air
POOL	1440	0.860120745	4,9,11,12,16	show lotte pfft air -able
POOL	1441	0.860113333	3,4,7,11,16	who too la tut rubble
POOL	1442	0.860108303	4,9,11,14,16	show lotta too rub al
POOL	1443	0.860105405	4,9,11,12,16	show lat meet are -able
POOL	1444	0.860103020	2,4,9,11,16	s oh lott that rubble
POOL	1445	0.860102629	2,6,7,12,16	us old ah cunt -able
POOL	1446	0.860098160	2,4,9,11,16	s oh lat that -able
POOL	1447	0.860091856	2,6,9,12,16	ash ole got true -able
POOL	1448	0.860083001	1,5,7,11,14,16	eh hole la tut rub al
POOL	1449	0.860082150	5,7,9,12,16	hole la too tour -able
POOL	1450	0.860080936	4,5,7,11,16	show law la cut -able
POOL	1451	0.860079635	4,5,7,11,16	show all la cut rubble
POOL	1452	0.860079556	2,6,7,12,16	ass own ahh tut -able
POOL	1453	0.860076181	4,9,11,12,16	show lott vet are -able
POOL	1454	0.860074602	6,7,11,13,16	hole awe top run -able
POOL	1455	0.860072007	5,7,9,12,16	hole la come tree -able
POOL	1456	0.860064671	2,6,7,9,12,16	us ole ah ca true bell
POOL	1457	0.860050767	5,7,9,12,16	hole la come ter -able
POOL	1458	0.860050118	4,9,11,12,16	show lotte that law -able
POOL	1459	0.860048649	3,6,7,11,16	who lol awe tut rubble
POOL	1460	0.860028684	4,9,11,12,16	show lotte pfft are -able
POOL	1461	0.860021416	5,7,9,12,16	hole la come stir -able
POOL	1462	0.860019996	6,7,11,13,16	hole ah tut raw -able
POOL	1463	0.860016894	2,6,9,11,16	ass ole got that rubble
POOL	1464	0.860016529	6,7,11,14,16	ahold ah cut rub air
POOL	1465	0.860009043	5,7,9,11,16	hole la come that -able
POOL	1466	0.860009043	5,7,9,12,16	hole la come their -able
POOL	1467	0.860009043	5,7,9,12,16	hole la come there -able
POOL	1468	0.860008903	4,6,7,11,13,16	hone lol ahh cut law bell
POOL	1469	0.860007898	6,7,11,13,16	hole awe come raw -able
POOL	1470	0.860002744	2,5,7,11,16	ass own la cut rubble
POOL	1471	0.860002454	3,4,7,11,16	who new law cut rubble
POOL	1472	0.859990011	3,4,7,11,16	who too la come rubble
POOL	1473	0.859981746	3,4,7,11,16	who oh la touch -able
POOL	1474	0.859976626	2,6,9,12,16	ass old ott true -able
POOL	1475	0.859969294	2,6,9,12,16	us role got true -able
POOL	1476	0.859965316	2,6,7,12,16	us ole ahh cunt -able
POOL	1477	0.859963377	6,7,11,13,16	hole ah top run -able
POOL	1478	0.859961990	5,7,9,11,16	hole la tough that rubble
POOL	1479	0.859961523	5,7,9,12,16	hole la come star -able
POOL	1480	0.859959322	2,6,9,12,16	us ole got tree -able
POOL	1481	0.859958190	4,7,9,11,14,16	show lar tug that rub al
POOL	1482	0.859955506	4,9,11,12,16	show lat vet or -able
POOL	1483	0.859949989	3,4,7,11,16	who oh la test -able
POOL	1484	0.859944334	4,9,11,13,16	show lotta that run bill
POOL	1485	0.859941183	1,5,7,11,14,16	uh hole la cut rub air
POOL	1486	0.859938083	2,6,9,12,16	us ole got ter -able
POOL	1487	0.859908732	2,6,9,12,16	us ole got stir -able
POOL	1488	0.859898305	5,7,9,12,16	hole la top tour -able
POOL	1489	0.859896674	6,7,11,13,16	hole ah come raw -able
POOL	1490	0.859893152	1,5,7,11,14,16	uh hole la tut rub al
POOL	1491	0.859885938	5,7,9,11,16	hole la too that rubble
POOL	1492	0.859882209	2,5,7,11,16	us own la cut -able
POOL	1493	0.859870870	1,4,9,11,14,16	uhh show lotte that rub al
POOL	1494	0.859850010	2,4,5,7,11,16	us oh law la tut rub
POOL	1495	0.859848838	2,6,9,12,16	us ole got star -able
POOL	1496	0.859839358	4,9,11,12,16	show lat too new -able
POOL	1497	0.859839152	3,4,7,11,16	who oh la cuffed rubble
POOL	1498	0.859834504	2,6,7,12,16	ass own awe tut -able
POOL	1499	0.859832416	2,6,7,9,12,16	us ole ahh ca true bill
POOL	1500	0.859829043	5,7,9,12,16	hole la ca tree -able
POOL	1501	0.859828567	3,4,7,11,16	who new la top rubble
POOL	1502	0.859824401	2,6,9,12,16	us old art true -able
POOL	1503	0.859809732	4,9,11,13,16	show lotta that run bell
POOL	1504	0.859807803	5,7,9,12,16	hole la ca ter -able
POOL	1505	0.859789507	6,7,11,13,16	hole ahh tut yeah -able
POOL	1506	0.859781715	3,4,7,11,16	who new raw cut rubble
POOL	1507	0.859778452	5,7,9,12,16	hole la ca stir -able
POOL	1508	0.859768073	6,7,11,13,16	hole are cut love -able
POOL	1509	0.859767096	4,9,11,12,16	hoe lotte that air -able
POOL	1510	0.859766079	5,7,9,11,16	hole la ca that -able
POOL	1511	0.859766079	5,7,9,12,16	hole la ca their -able
POOL	1512	0.859766079	5,7,9,12,16	hole la ca there -able
POOL	1513	0.859762351	4,9,11,12,16	home lott that new -able
POOL	1514	0.859760036	2,6,9,12,16	ass ole got ver -able
POOL	1515	0.859749134	1,4,7,11,14,16	ebb show la cut rub al
POOL	1516	0.859748963	2,6,9,12,16	us oh got true -able
POOL	1517	0.859742110	5,7,9,11,12,16	hole la come that air bill
POOL	1518	0.859737280	4,9,11,12,16	show lott pfft air -able
POOL	1519	0.859723279	2,6,7,12,16	ass own ah tut -able
POOL	1520	0.859720264	2,6,7,12,16	us ole awe cunt -able
POOL	1521	0.859718558	5,7,9,12,16	hole la ca star -able
POOL	1522	0.859705132	5,7,9,12,16	hole la tough ver -able
POOL	1523	0.859702093	5,7,9,11,16	hole la top that rubble
POOL	1524	0.859701607	4,9,11,12,16	show lotte meet air -able
POOL	1525	0.859695255	2,6,7,12,16	ass old ahh cunt -able
POOL	1526	0.859693387	3,4,7,11,16	who good la tut rubble
POOL	1527	0.859693387	3,4,7,11,16	who how la tut rubble
POOL	1528	0.859693387	3,4,7,11,16	who know la tut rubble
POOL	1529	0.859693387	3,4,7,11,16	who now la tut rubble
POOL	1530	0.859689262	2,6,9,12,16	ass old got tree -able
POOL	1531	0.859668022	2,6,9,12,16	ass old got ter -able
POOL	1532	0.859666652	4,9,11,12,16	show lott that law -able
POOL	1533	0.859666185	6,7,11,13,16	hole ahh come yeah -able
POOL	1534	0.859646529	2,6,9,12,16	ass old not true -able
POOL	1535	0.859645219	4,9,11,12,16	show lott pfft are -able
POOL	1536	0.859644752	4,9,11,12,16	hope lotte that air -able
POOL	1537	0.859638671	2,6,9,12,16	ass old got stir -able
POOL	1538	0.859629080	5,7,9,12,16	hole la too ver -able
POOL	1539	0.859628206	2,6,7,9,12,16	us ole awe ca true bill
POOL	1540	0.859626954	3,4,7,11,16	who oh la cut rebel
POOL	1541	0.859609546	4,9,11,12,16	show lotte meet are -able
POOL	1542	0.859609039	2,6,7,12,16	us ole ah cunt -able
POOL	1543	0.859587195	4,9,11,12,16	show lat vat air -able
POOL	1544	0.859570065	3,4,7,11,16	who good la come rubble
POOL	1545	0.859570065	3,4,7,11,16	who how la come rubble
POOL	1546	0.859552575	1,4,7,11,13,16	uhh show la cut rub bell
POOL	1547	0.859551315	1,4,9,11,14,16	uhh show lott that rub al
POOL	1548	0.859550778	6,7,11,13,16	hole on cut y'are -able
POOL	1549	0.859544455	6,7,11,13,16	hole awe tut yeah -able
POOL	1550	0.859537603	4,9,11,12,16	home lat too air -able
POOL	1551	0.859535518	2,6,7,9,12,16	us ole ah ca true bill
POOL	1552	0.859528057	6,7,11,13,16	hole ahh cut yuh -able
POOL	1553	0.859524543	4,9,11,12,16	show lat pfft or -able
POOL	1554	0.859521132	4,9,11,12,16	hoa lat that air -able
POOL	1555	0.859495134	4,9,11,12,16	show lat vat are -able
POOL	1556	0.859483036	2,6,9,12,16	ass ole ott true -able
POOL	1557	0.859459647	4,9,11,12,16	show lotte vet or -able
POOL	1558	0.859450203	2,6,7,12,16	ass old awe cunt -able
POOL	1559	0.859445542	4,9,11,12,16	home lat too are -able
POOL	1560	0.859445235	5,7,9,12,16	hole la top ver -able
POOL	1561	0.859433230	6,7,11,13,16	hole ah tut yeah -able
POOL	1562	0.859432972	2,6,7,12,16	s old ahh tut -able
POOL	1563	0.859431579	1,4,9,11,14,16	eh show lat that rub al
POOL	1564	0.859421132	6,7,11,13,16	hole awe come yeah -able
POOL	1565	0.859415276	5,7,11,13,16	hole la cut raw -able
POOL	1566	0.859383630	4,9,11,12,16	hoe lott that air -able
POOL	1567	0.859364527	6,7,11,14,16	ahold ahh cut rub well
POOL	1568	0.859361588	4,9,11,12,16	show rot that new -able
POOL	1569	0.859356160	2,5,7,11,16	s old la cut rubble
POOL	1570	0.859343499	4,9,11,12,16	show lotte too new -able
POOL	1571	0.859341444	6,9,11,14,16	hole ata that rub ill
POOL	1572	0.859338979	2,6,7,12,16	ass old ah cunt -able
POOL	1573	0.859330811	2,6,9,12,16	us ole art true -able
POOL	1574	0.859318141	4,9,11,12,16	show lott meet air -able
POOL	1575	0.859309908	6,7,11,13,16	hole ah come yeah -able
POOL	1576	0.859283005	6,7,11,13,16	hole awe cut yuh -able
POOL	1577	0.859279741	6,7,11,13,16	hole ahh cunt run -able
POOL	1578	0.859262221	4,9,11,14,16	show lotta that rub ill
POOL	1579	0.859261286	4,9,11,12,16	hope lott that air -able
POOL	1580	0.859230035	2,6,9,12,16	us old shot true -able
POOL	1581	0.859226081	4,9,11,12,16	show lott meet are -able
POOL	1582	0.859209611	6,9,11,14,16	hole aka that rub air
POOL	1583	0.859207121	1,5,7,11,14,16	uhh hole la cut rub ill
POOL	1584	0.859205644	2,6,9,12,16	ass role got true -able
POOL	1585	0.859201666	2,6,7,12,16	ass ole ahh cunt -able
POOL	1586	0.859195672	2,6,9,12,16	ass ole got tree -able
POOL	1587	0.859195450	4,5,7,11,16	show all la cut -able
POOL	1588	0.859187920	2,6,7,12,16	s old awe tut -able
POOL	1589	0.859174433	2,6,9,12,16	ass ole got ter -able
POOL	1590	0.859171780	6,7,11,13,16	hole ah cut yuh -able
POOL	1591	0.859157365	6,7,11,13,16	hole ahh cut rough -able
POOL	1592	0.859152940	2,6,9,12,16	ass ole not true -able
POOL	1593	0.859145832	2,6,9,12,16	us goal got true -able
POOL	1594	0.859145082	2,6,9,12,16	ass ole got stir -able
POOL	1595	0.859141605	6,7,11,13,16	hole ahh tough raw -able
POOL	1596	0.859140768	5,7,9,12,16	hole la tough tree -able
POOL	1597	0.859132709	2,6,9,11,16	ass ole got that -able
POOL	1598	0.859132709	2,6,9,12,16	ass ole got their -able
POOL	1599	0.859132709	2,6,9,12,16	ass ole got there -able
POOL	1600	0.859119528	5,7,9,12,16	hole la tough ter -able
POOL	1601	0.859119475	6,7,11,14,16	ahold awe cut rub well
POOL	1602	0.859118559	2,5,7,11,16	ass own la cut -able
POOL	1603	0.859113371	2,6,7,12,16	ass old are tut -able
POOL	1604	0.859110637	6,7,11,13,16	hole ahh cut rush -able
POOL	1605	0.859101641	1,5,7,11,14,16	uhh hole la cut rub well
POOL	1606	0.859096417	6,7,11,13,16	hole ahh tut y'are -able
POOL	1607	0.859090177	5,7,9,12,16	hole la tough stir -able
POOL	1608	0.859085188	2,6,9,12,16	ass ole got star -able
POOL	1609	0.859077805	5,7,9,11,16	hole la tough that -able
POOL	1610	0.859077805	5,7,9,12,16	hole la tough their -able
POOL	1611	0.859077805	5,7,9,12,16	hole la tough there -able
POOL	1612	0.859076695	2,6,7,12,16	s old ah tut -able
POOL	1613	0.859064717	5,7,9,12,16	hole la too tree -able
POOL	1614	0.859060751	2,6,9,12,16	ass old art true -able
POOL	1615	0.859060600	4,6,7,11,14,16	oe lol ahh ton rub al
POOL	1616	0.859043477	5,7,9,12,16	hole la too ter -able
POOL	1617	0.859043022	4,9,11,14,16	home lotta that rub air
POOL	1618	0.859034689	6,7,11,13,16	hole awe cunt run -able
POOL	1619	0.859030284	5,7,9,12,16	hole la tough star -able
POOL	1620	0.859025045	2,3,6,7,11,16	ass ooh all ahh cut rub
POOL	1621	0.859014126	5,7,9,12,16	hole la too stir -able
POOL	1622	0.859008251	6,7,11,14,16	ahold ah cut rub well
POOL	1623	0.859007579	6,7,11,14,16	ahold are cut rub al
POOL	1624	0.859006660	1,5,7,11,14,16	add hole la cut rub al
POOL	1625	0.859001753	5,7,9,11,16	hole la too that -able
POOL	1626	0.859001753	5,7,9,12,16	hole la too their -able
POOL	1627	0.859001753	5,7,9,12,16	hole la too there -able
POOL	1628	0.858988304	2,6,7,9,12,16	ass ole ahh ca true bell
POOL	1629	0.858985314	2,6,9,12,16	ass oh got true -able
POOL	1630	0.858973094	6,7,11,13,16	hole ahh come y'are -able
POOL	1631	0.858961272	2,5,7,11,14,16	us told la test rub al
POOL	1632	0.858956614	2,6,7,12,16	ass ole awe cunt -able
POOL	1633	0.858954233	5,7,9,12,16	hole la too star -able
POOL	1634	0.858949688	5,7,9,11,12,16	hole la ca that air belle
POOL	1635	0.858943176	3,5,7,11,16	who full la tut rubble
POOL	1636	0.858939382	2,6,7,12,16	s ole ahh tut -able
POOL	1637	0.858923464	6,7,11,13,16	hole ah cunt run -able
POOL	1638	0.858915878	6,7,11,13,16	hole y'are cut raw -able
POOL	1639	0.858912313	6,7,11,13,16	hole awe cut rough -able
POOL	1640	0.858896553	6,7,11,13,16	hole awe tough raw -able
POOL	1641	0.858880872	5,7,9,12,16	hole la top tree -able
POOL	1642	0.858866174	6,9,11,14,16	hole ata vet rub al
POOL	1643	0.858865585	6,7,11,13,16	hole awe cut rush -able
POOL	1644	0.858862570	2,5,7,11,16	s ole la cut rubble
POOL	1645	0.858857473	2,6,7,12,16	ash old ahh tut -able
POOL	1646	0.858845389	2,6,7,12,16	ass ole ah cunt -able
POOL	1647	0.858823049	1,6,7,11,14,16	ell hole ahh cut rub al
POOL	1648	0.858820835	2,3,6,7,11,16	ass ooh all awe cut rub
POOL	1649	0.858819854	3,5,7,11,16	who full la come rubble
POOL	1650	0.858817908	5,7,9,11,16	hole la top that -able
POOL	1651	0.858790519	2,4,5,7,11,16	s oh all la cut rub
POOL	1652	0.858786952	4,9,11,14,16	show lotta vet rub al
POOL	1653	0.858784707	6,9,11,14,16	hole ata that rob al
POOL	1654	0.858780661	2,5,7,11,16	ash old la cut rubble
POOL	1655	0.858750635	2,6,9,12,16	us own got ver -able
POOL	1656	0.858749289	2,6,9,12,16	us old hot true -able
POOL	1657	0.858736446	2,6,9,12,16	us ole shot true -able
POOL	1658	0.858728148	2,3,6,7,11,16	ass ooh all ah cut rub
POOL	1659	0.858705485	4,9,11,14,16	show lotta that rob al
POOL	1660	0.858694330	2,6,7,12,16	s ole awe tut -able
POOL	1661	0.858675303	2,6,7,12,16	us old ahh cuffed -able
POOL	1662	0.858650682	6,7,11,14,16	hole ahh cut rubber al
POOL	1663	0.858619781	2,6,7,12,16	ass ole are tut -able
POOL	1664	0.858612421	2,6,7,12,16	ash old awe tut -able
POOL	1665	0.858583106	2,6,7,12,16	s ole ah tut -able
POOL	1666	0.858567161	2,6,9,12,16	ass ole art true -able
POOL	1667	0.858535784	3,5,7,11,16	who well la cut rubble
POOL	1668	0.858518061	6,9,11,14,16	hole gotta that rub air
POOL	1669	0.858501196	2,6,7,12,16	ash old ah tut -able
POOL	1670	0.858473635	2,6,9,12,16	us own ott true -able
POOL	1671	0.858471975	2,5,7,11,16	s old la cut -able
POOL	1672	0.858466385	2,6,9,12,16	ass old shot true -able
POOL	1673	0.858440055	2,6,9,12,16	ass own got tour -able
POOL	1674	0.858435211	6,9,11,14,16	hole ata pfft rub al
POOL	1675	0.858430251	2,6,7,12,16	us old awe cuffed -able
POOL	1676	0.858405630	6,7,11,14,16	hole awe cut rubber al
POOL	1677	0.858389925	4,9,11,13,16	show lotta that raw bill
POOL	1678	0.858383941	2,5,7,11,14,16	us ole wa cut rub al
POOL	1679	0.858382183	2,6,9,12,16	ass goal got true -able
POOL	1680	0.858363883	2,6,7,12,16	ash ole ahh tut -able
POOL	1681	0.858355989	4,9,11,14,16	show lotta pfft rub al
POOL	1682	0.858354614	1,5,7,11,14,16	eh hole la cut rub ill
POOL	1683	0.858345848	2,5,7,11,16	us old la tut rubble
POOL	1684	0.858344118	1,5,7,11,14,16	uhh hole la tough rub al
POOL	1685	0.858331495	3,5,7,11,16	who sure la cut rubble
POOL	1686	0.858319926	6,9,11,14,16	hole ata too rub air
POOL	1687	0.858319026	2,6,7,12,16	us old ah cuffed -able
POOL	1688	0.858318805	2,6,9,12,16	ash own got true -able
POOL	1689	0.858317796	1,5,7,11,14,16	uhh hole la cut rob al
POOL	1690	0.858294406	6,7,11,14,16	hole ah cut rubber al
POOL	1691	0.858287071	2,5,7,11,16	ash ole la cut rubble
POOL	1692	0.858267515	1,5,7,11,14,16	uhh hole la tut rub air
POOL	1693	0.858255699	2,6,9,12,16	us ole hot true -able
POOL	1694	0.858255323	4,9,11,13,16	show lotta that raw bell
POOL	1695	0.858255122	2,6,7,12,16	us old ahh taft -able
POOL	1696	0.858249134	1,5,7,11,14,16	eh hole la cut rub well
POOL	1697	0.858243843	2,6,9,11,16	ass own got that rubble
POOL	1698	0.858241321	2,6,7,12,16	us role ahh tut -able
POOL	1699	0.858240704	4,9,11,14,16	show lotta too rub air
POOL	1700	0.858240649	4,7,9,11,14,16	show la ca that odd al
POOL	1701	0.858237828	3,6,9,11,16	who full got too rubble
POOL	1702	0.858222526	2,5,7,11,16	us old la come rubble
POOL	1703	0.858221368	1,5,7,11,13,16	uhh hole la cut run bell
POOL	1704	0.858210128	1,5,7,11,14,16	yeah hole la cut rub air
POOL	1705	0.858201333	6,9,11,14,16	hole aka that rub well
POOL	1706	0.858192265	2,6,7,12,16	us own ahh cunt -able
POOL	1707	0.858181713	2,6,7,12,16	us ole ahh cuffed -able
POOL	1708	0.858166282	2,6,7,11,16	us sole ahh cut rubble
POOL	1709	0.858165032	2,6,9,12,16	us own got ter -able
POOL	1710	0.858164509	2,5,7,11,16	us role la cut rubble
POOL	1711	0.858135420	5,7,11,13,16	hole la cut y'are -able
POOL	1712	0.858133805	4,5,7,11,16	home law la cut rubble
POOL	1713	0.858118831	2,6,7,12,16	ash ole awe tut -able
POOL	1714	0.858113371	2,6,7,12,16	ass old on tut -able
POOL	1715	0.858091916	4,7,9,11,16	show la son that rubble
POOL	1716	0.858071836	4,6,7,11,14,16	show lol wha dumped rub al
POOL	1717	0.858058991	3,5,7,11,16	who full la tut -able
POOL	1718	0.858034744	4,9,11,14,16	home lotta that rub well
POOL	1719	0.858020990	2,6,7,12,16	us oh ahh tut -able
POOL	1720	0.858016073	6,9,11,14,16	hole ata meet rub al
POOL	1721	0.858010070	2,6,7,12,16	us old awe taft -able
POOL	1722	0.858007607	2,6,7,12,16	ash ole ah tut -able
POOL	1723	0.858007579	6,7,11,14,16	ahold on cut rub al
POOL	1724	0.858002339	4,9,11,14,16	hoe lotta that rub al
POOL	1725	0.857996269	2,6,7,12,16	us role awe tut -able
POOL	1726	0.857978385	2,5,7,11,16	s ole la cut -able
POOL	1727	0.857950613	6,9,11,14,16	hole ata that rub el
POOL	1728	0.857947213	2,6,7,12,16	us own awe cunt -able
POOL	1729	0.857936851	4,9,11,14,16	show lotta meet rub al
POOL	1730	0.857936661	2,6,7,12,16	us ole awe cuffed -able
POOL	1731	0.857935669	3,5,7,11,16	who full la come -able
POOL	1732	0.857911653	2,6,7,12,16	ass old ahh cuffed -able
POOL	1733	0.857898845	2,6,7,12,16	us old ah taft -able
POOL	1734	0.857896476	2,5,7,11,16	ash old la cut -able
POOL	1735	0.857885044	2,6,7,12,16	us role ah tut -able
POOL	1736	0.857881945	2,4,6,9,16	us oh lol got treble
POOL	1737	0.857879996	4,9,11,14,16	hope lotta that rub al
POOL	1738	0.857872667	1,5,7,11,13,16	uhh hole la cut raw bell
POOL	1739	0.857871391	4,9,11,14,16	show lotta that rub el
POOL	1740	0.857852258	2,5,7,11,16	us ole la tut rubble
POOL	1741	0.857835988	2,6,7,12,16	us own ah cunt -able
POOL	1742	0.857803159	4,9,11,13,16	show lotta that yeah bill
POOL	1743	0.857775760	3,6,7,11,16	who ole ahh cut rubble
POOL	1744	0.857760690	6,7,11,14,16	ahold ahh cut rub ill
POOL	1745	0.857758606	2,4,6,9,16	us oh lol got rubble
POOL	1746	0.857728936	2,5,7,11,16	us ole la come rubble
POOL	1747	0.857708508	3,5,7,11,16	who full la tough rubble
POOL	1748	0.857695817	5,9,11,12,16	hole lat that air -able
POOL	1749	0.857692215	1,5,7,11,13,16	uhh hole la cut run bill
POOL	1750	0.857668557	4,9,11,13,16	show lotta that yeah bell
POOL	1751	0.857651599	3,5,7,11,16	who well la cut -able
POOL	1752	0.857647933	6,7,9,11,14,16	hole ahh ca that mud al
POOL	1753	0.857642217	5,7,9,11,16	hole la tongue that rubble
POOL	1754	0.857640500	2,6,9,11,16	us old got too rubble
POOL	1755	0.857627885	3,5,7,11,16	who pull la cut rubble
POOL	1756	0.857597259	2,6,9,11,16	s old got that rubble
POOL	1757	0.857582198	2,5,7,11,16	ass old la tut rubble
POOL	1758	0.857553218	6,7,11,14,16	ahold ahh tut rub al
POOL	1759	0.857515638	6,7,11,14,16	ahold awe cut rub ill
POOL	1760	0.857509783	6,9,11,14,16	hole gotta that rub well
POOL	1761	0.857506035	3,5,7,11,16	who full law cut rubble
POOL	1762	0.857461663	2,5,7,11,16	us old la tut -able
POOL	1763	0.857458876	2,5,7,11,16	ass old la come rubble
POOL	1764	0.857447310	3,5,7,11,16	who sure la cut -able
POOL	1765	0.857443577	6,9,11,14,16	hole aka too rub al
POOL	1766	0.857429896	6,7,11,14,16	ahold ahh come rub al
POOL	1767	0.857405802	6,9,11,14,16	hole ata vat rub al
POOL	1768	0.857404413	6,7,11,14,16	ahold ah cut rub ill
POOL	1769	0.857402886	2,5,7,11,16	ash ole la cut -able
POOL	1770	0.857400859	2,5,7,11,16	ass role la cut rubble
POOL	1771	0.857380483	5,7,9,11,16	hole la duh that rubble
POOL	1772	0.857368861	1,5,7,11,13,16	eh hole la cut run bell
POOL	1773	0.857363530	2,6,7,11,14,16	us o. ahh cut rub kill
POOL	1774	0.857352715	5,7,11,13,16	hole la cut love -able
POOL	1775	0.857343515	1,5,7,11,13,16	uhh hole la cut raw bill
POOL	1776	0.857332148	3,5,7,11,16	who full la top rubble
POOL	1777	0.857326580	4,9,11,14,16	show lotta vat rub al
POOL	1778	0.857311681	4,6,7,11,14,16	coe lol shah cut rub al
POOL	1779	0.857311648	6,9,11,14,16	hole ata too rub well
POOL	1780	0.857308166	6,7,11,14,16	ahold awe tut rub al
POOL	1781	0.857295668	5,7,9,11,16	hole la done that rubble
POOL	1782	0.857285296	3,5,7,11,16	who full raw cut rubble
POOL	1783	0.857276988	4,9,11,14,16	home lotta too rub al
POOL	1784	0.857260517	4,9,11,14,16	hoa lotta that rub al
POOL	1785	0.857259595	5,7,9,11,16	hole la come too rubble
POOL	1786	0.857249620	4,5,7,11,16	home law la cut -able
POOL	1787	0.857249224	5,7,9,11,16	hole la ton that rubble
POOL	1788	0.857248320	4,5,7,11,16	home all la cut rubble
POOL	1789	0.857234328	4,9,11,14,16	ho lotta that rub al
POOL	1790	0.857232426	4,9,11,14,16	show lotta too rub well
POOL	1791	0.857213469	1,4,7,11,14,16	uhh show rock cut rub al
POOL	1792	0.857211771	5,7,9,12,16	hole la uhh true -able
POOL	1793	0.857203953	6,7,11,14,16	ahold ahh cut rob al
POOL	1794	0.857199958	5,9,11,12,16	hole lotte that air -able
POOL	1795	0.857196942	6,7,11,14,16	ahold ah tut rub al
POOL	1796	0.857184844	6,7,11,14,16	ahold awe come rub al
POOL	1797	0.857179011	1,5,7,11,13,16	uh hole la cut run bell
POOL	1798	0.857153428	6,7,9,12,16	hole ahh come fir -able
POOL	1799	0.857139980	6,7,11,14,16	ahold are cut rub air
POOL	1800	0.857118295	2,4,6,9,16	ass oh lol got treble
POOL	1801	0.857113019	4,9,11,13,16	home lotta that run bill
POOL	1802	0.857112393	6,9,11,14,16	hole ata that rub l
POOL	1803	0.857110069	4,9,11,13,16	show lotta that y'are bill
POOL	1804	0.857107824	6,9,11,14,16	hole ata that rub elle
POOL	1805	0.857094262	6,9,11,14,16	hole ata that rub tell
POOL	1806	0.857073619	6,7,11,14,16	ahold ah come rub al
POOL	1807	0.857033171	4,9,11,14,16	show lotta that rub l
POOL	1808	0.857028602	4,9,11,14,16	show lotta that rub elle
POOL	1809	0.857020160	1,5,7,11,13,16	eh hole la cut raw bell
POOL	1810	0.857016631	5,7,9,11,16	hole la ca too rubble
POOL	1811	0.857015872	4,7,9,12,16	show la ted true -able
POOL	1812	0.857015040	4,9,11,14,16	show lotta that rub tell
POOL	1813	0.856998575	6,9,11,14,16	hole ata vet rub air
POOL	1814	0.856994957	2,4,6,9,16	ass oh lol got rubble
POOL	1815	0.856978416	4,9,11,13,16	home lotta that run bell
POOL	1816	0.856975467	4,9,11,13,16	show lotta that y'are bell
POOL	1817	0.856968073	2,5,7,12,16	us ole la tut -able
POOL	1818	0.856958901	6,7,11,14,16	ahold awe cut rob al
POOL	1819	0.856919353	4,9,11,14,16	show lotta vet rub air
POOL	1820	0.856917108	6,9,11,14,16	hole ata that rob air
POOL	1821	0.856916476	3,6,9,11,16	who full got vet rubble
POOL	1822	0.856906288	2,6,7,11,13,16	eh seoul ahh cut run bell
POOL	1823	0.856847677	6,7,11,14,16	ahold ah cut rob al
POOL	1824	0.856845225	2,5,7,9,12,16	us ole la ca true bell
POOL	1825	0.856839708	1,5,7,11,13,16	eh hole la cut run bill
POOL	1826	0.856837886	4,9,11,14,16	show lotta that rob air
POOL	1827	0.856830399	2,6,7,9,11,16	us ole ahh ca pfft rub
POOL	1828	0.856830311	1,5,7,11,13,16	uh hole la cut raw bell
POOL	1829	0.856824323	3,5,7,11,16	who full la tough -able
POOL	1830	0.856816492	5,9,11,12,16	hole lott that air -able
POOL	1831	0.856783083	6,7,11,14,16	hole ahh cut rubber air
POOL	1832	0.856769218	4,9,11,14,16	hoh lotta that rub al
POOL	1833	0.856758032	5,7,9,11,16	hole la tongue that -able
POOL	1834	0.856753842	5,7,11,14,16	f-hole la cut rub al
POOL	1835	0.856752027	6,9,11,14,16	hole gotta too rub al
POOL	1836	0.856743700	3,5,7,11,16	who pull la cut -able
POOL	1837	0.856741921	2,6,7,11,14,16	mash ole ahh tat rub al
POOL	1838	0.856729701	2,5,7,11,13,16	us ole la cut wreck bell
POOL	1839	0.856724334	4,6,9,11,14,16	owe lol watt that rub al
POOL	1840	0.856698013	2,5,7,12,16	ass old la tut -able
POOL	1841	0.856680000	2,4,7,11,14,16	eth oh la tint rub al
POOL	1842	0.856668701	2,6,7,9,11,16	us ole ahh ca vet rub
POOL	1843	0.856649859	1,5,7,11,13,16	uh hole la cut run bill
POOL	1844	0.856640382	2,4,7,11,12,16	us oh la cut are baer
POOL	1845	0.856626189	2,6,7,9,11,16	us ole awe ca pfft rub
POOL	1846	0.856622827	5,7,9,11,16	hole la ta that rubble
POOL	1847	0.856621850	3,5,7,11,16	who full law cut -able
POOL	1848	0.856597495	6,9,11,14,16	hole aka that rub ill
POOL	1849	0.856592222	5,7,11,14,16	ahold la cut rub al
POOL	1850	0.856567612	6,9,11,14,16	hole ata pfft rub air
POOL	1851	0.856551958	6,9,11,14,16	hole ata met rub al
POOL	1852	0.856538031	6,7,11,14,16	hole awe cut rubber air
POOL	1853	0.856536298	6,9,11,14,16	hole ata thought rub al
POOL	1854	0.856533502	2,6,7,9,11,16	us ole ah ca pfft rub
POOL	1855	0.856496298	5,7,9,11,16	hole la duh that -able
POOL	1856	0.856491008	1,5,7,11,13,16	eh hole la cut raw bill
POOL	1857	0.856488390	4,9,11,14,16	show lotta pfft rub air
POOL	1858	0.856485514	3,6,9,11,16	who full got pfft rubble
POOL	1859	0.856472736	4,9,11,14,16	show lotta met rub al
POOL	1860	0.856472423	5,9,11,12,16	hole lock that air -able
POOL	1861	0.856464491	2,6,7,9,11,16	us ole awe ca vet rub
POOL	1862	0.856459516	6,9,11,14,16	hole ata not rub al
POOL	1863	0.856457076	4,9,11,14,16	show lotta thought rub al
POOL	1864	0.856447963	3,5,7,11,16	who full la top -able
POOL	1865	0.856430906	4,9,11,14,16	home lotta that rub ill
POOL	1866	0.856426807	6,7,11,14,16	hole ah cut rubber air
POOL	1867	0.856412501	2,6,7,11,12,16	earth ole ahh cut are bell
POOL	1868	0.856411483	5,7,9,11,16	hole la done that -able
POOL	1869	0.856408933	2,4,6,9,16	us oh real got treble
POOL	1870	0.856401111	3,5,7,11,16	who full raw cut -able
POOL	1871	0.856380294	4,9,11,14,16	show lotta not rub al
POOL	1872	0.856375410	5,7,9,11,16	hole la come too -able
POOL	1873	0.856371804	2,6,7,9,11,16	us ole ah ca vet rub
POOL	1874	0.856369859	6,7,11,14,16	ahold ahh cut rub el
POOL	1875	0.856365039	5,7,9,11,16	hole la ton that -able
POOL	1876	0.856364135	4,5,7,11,16	home all la cut -able
POOL	1877	0.856328356	5,7,9,11,16	hole la tough too rubble
POOL	1878	0.856327364	4,9,11,13,16	show lotta that love bill
POOL	1879	0.856318551	6,7,11,14,16	ahold ahh tough rub al
POOL	1880	0.856316072	2,5,7,9,12,16	us ole la ca true bill
POOL	1881	0.856310701	4,9,11,13,16	show lotta too run bill
POOL	1882	0.856301158	1,5,7,11,13,16	uh hole la cut raw bill
POOL	1883	0.856292235	3,5,7,11,16	who full la cunt rubble
POOL	1884	0.856285595	2,4,6,9,16	us oh real got rubble
POOL	1885	0.856282498	5,7,11,13,16	hole la tut run -able
POOL	1886	0.856277934	4,5,7,11,16	show law la tut rubble
POOL	1887	0.856267923	1,5,7,11,13,16	uhh hole la cut yeah bell
POOL	1888	0.856252305	5,7,9,11,16	hole la too too rubble
POOL	1889	0.856232570	5,7,11,14,16	asshole la cut rub al
POOL	1890	0.856230390	1,4,7,11,13,16	uhh show la tom run bell
POOL	1891	0.856204423	2,5,7,12,16	ass ole la tut -able
POOL	1892	0.856203109	2,3,6,7,11,16	us ooh full ahh cut rub
POOL	1893	0.856192762	4,9,11,13,16	show lotta that love bell
POOL	1894	0.856176098	4,9,11,13,16	show lotta too run bell
POOL	1895	0.856159176	5,7,11,13,16	hole la come run -able
POOL	1896	0.856154612	4,5,7,11,16	show law la come rubble
POOL	1897	0.856148474	6,9,11,14,16	hole ata meet rub air
POOL	1898	0.856139980	6,7,11,14,16	ahold on cut rub air
POOL	1899	0.856134740	4,9,11,14,16	hoe lotta that rub air
POOL	1900	0.856132446	5,7,9,11,16	hole la ca too -able
POOL	1901	0.856131701	6,7,11,14,16	ahold are cut rub well
POOL	1902	0.856124807	6,7,11,14,16	ahold awe cut rub el
POOL	1903	0.856122225	6,9,11,14,16	hole aka vet rub al
POOL	1904	0.856089400	2,3,5,7,11,16	ass new all la cut rub
POOL	1905	0.856073499	6,7,11,14,16	ahold awe tough rub al
POOL	1906	0.856069252	4,9,11,14,16	show lotta meet rub air
POOL	1907	0.856068460	5,7,9,11,16	hole la top too rubble
POOL	1908	0.856066376	3,6,9,11,16	who full got meet rubble
POOL	1909	0.856064962	1,5,7,11,13,16	uhh hole la cut y'are bell
POOL	1910	0.856061863	1,6,7,11,14,16	uhh holt ahh cut rub al
POOL	1911	0.856042811	2,5,7,9,11,16	ass ole la ca that rub
POOL	1912	0.856040759	6,9,11,14,16	hole aka that rob al
POOL	1913	0.856032291	3,6,9,11,16	who full got vet -able
POOL	1914	0.856013582	6,7,11,14,16	ahold ah cut rub el
POOL	1915	0.856012397	4,9,11,14,16	hope lotta that rub air
POOL	1916	0.855998899	2,3,6,7,11,16	us ooh full awe cut rub
POOL	1917	0.855990296	6,9,11,14,16	hole ata vet rub well
POOL	1918	0.855966806	4,9,11,13,16	show lotta that run belle
POOL	1919	0.855962274	6,7,11,14,16	ahold ah tough rub al
POOL	1920	0.855955636	4,9,11,14,16	home lotta vet rub al
POOL	1921	0.855938243	5,7,9,11,16	hole la come vet rubble
POOL	1922	0.855911074	4,9,11,14,16	show lotta vet rub well
POOL	1923	0.855908830	6,9,11,14,16	hole ata that rob well
POOL	1924	0.855906212	2,3,6,7,11,16	us ooh full ah cut rub
POOL	1925	0.855905945	6,9,11,14,16	hole gotta that rub ill
POOL	1926	0.855889929	5,7,11,13,16	hole la cut young -able
POOL	1927	0.855874170	4,9,11,14,16	home lotta that rob al
POOL	1928	0.855868186	3,5,7,11,16	who full lah cut rubble
POOL	1929	0.855855546	2,5,7,11,13,16	us ole la ump run bell
POOL	1930	0.855848795	6,7,9,11,16	hole ahh eat that rubble
POOL	1931	0.855829607	4,9,11,14,16	show lotta that rob well
POOL	1932	0.855799346	4,5,7,11,16	so law la cut rubble
POOL	1933	0.855773477	4,6,7,11,13,16	show ill ahh tet run bell
POOL	1934	0.855738642	5,7,9,11,16	hole la ta that -able
POOL	1935	0.855707810	6,9,11,14,16	hole ata too rub ill
POOL	1936	0.855706599	2,5,7,11,14,16	us ole la cut luck al
POOL	1937	0.855695279	5,7,9,11,16	hole la ca vet rubble
POOL	1938	0.855691263	6,9,11,14,16	hole aka pfft rub al
POOL	1939	0.855686494	2,6,7,9,11,16	us ole ahh ca too rub
POOL	1940	0.855685619	6,7,11,14,16	ahold ahh tut rub air
POOL	1941	0.855645283	2,4,6,9,16	ass oh real got treble
POOL	1942	0.855628588	4,9,11,14,16	show lotta too rub ill
POOL	1943	0.855601751	3,5,7,11,16	who call la cut rubble
POOL	1944	0.855601329	3,6,9,11,16	who full got pfft -able
POOL	1945	0.855594670	6,7,11,14,16	hole ahh cut re-up al
POOL	1946	0.855575978	6,9,11,14,16	hole aka too rub air
POOL	1947	0.855558610	4,9,11,13,16	home lotta that raw bill
POOL	1948	0.855538203	6,9,11,14,16	hole ata vat rub air
POOL	1949	0.855535412	3,5,7,11,16	who full la touch rubble
POOL	1950	0.855524674	4,9,11,14,16	home lotta pfft rub al
POOL	1951	0.855521945	2,4,6,9,16	ass oh real got rubble
POOL	1952	0.855519213	3,5,7,11,16	hoo all la cut rubble
POOL	1953	0.855508702	2,3,5,7,11,16	ass ooh all la cut rub
POOL	1954	0.855507281	5,7,9,11,16	hole la come pfft rubble
POOL	1955	0.855503655	3,5,7,11,16	who full la test rubble
POOL	1956	0.855471961	2,5,7,9,12,16	ass ole la ca true bell
POOL	1957	0.855471805	2,6,9,11,12,16	ass ole ott that air bell
POOL	1958	0.855461103	3,5,7,11,16	saw all la cut rubble
POOL	1959	0.855458981	4,9,11,14,16	show lotta vat rub air
POOL	1960	0.855456750	4,7,9,11,14,16	show lul ca matt rub al
POOL	1961	0.855456104	3,6,9,11,16	who full got vat rubble
POOL	1962	0.855444171	5,7,9,11,16	hole la tough too -able
POOL	1963	0.855435202	5,9,11,14,16	hole lotta that rub al
POOL	1964	0.855430675	6,9,11,14,16	hole gotta vet rub al
POOL	1965	0.855424007	4,9,11,13,16	home lotta that raw bell
POOL	1966	0.855409389	4,9,11,14,16	home lotta too rub air
POOL	1967	0.855408050	3,5,7,11,16	who full la cunt -able
POOL	1968	0.855393749	4,5,7,11,16	show law la tut -able
POOL	1969	0.855392449	4,5,7,11,16	show all la tut rubble
POOL	1970	0.855378294	2,5,7,9,12,16	us ole la tough true bell
POOL	1971	0.855369335	4,5,7,11,16	show al la cut rubble
POOL	1972	0.855368120	5,7,9,11,16	hole la too too -able
POOL	1973	0.855349209	6,9,11,14,16	hole gotta that rob al
POOL	1974	0.855323206	2,5,7,11,14,16	us know nah cut rub al
POOL	1975	0.855272124	6,9,11,14,16	hole aka meet rub al
POOL	1976	0.855270427	4,5,7,11,16	show law la come -able
POOL	1977	0.855269126	4,5,7,11,16	show all la come rubble
POOL	1978	0.855264316	5,7,9,11,16	hole la ca pfft rubble
POOL	1979	0.855247005	1,4,7,11,12,16	uhh show la cut are bell
POOL	1980	0.855235401	2,4,6,9,16	us oh lol got trumbull
POOL	1981	0.855195022	2,5,7,12,16	us own la tut -able
POOL	1982	0.855184804	4,7,11,12,16	show la tuck fear -able
POOL	1983	0.855184275	5,7,9,11,16	hole la top too -able
POOL	1984	0.855173216	2,5,7,9,12,16	us old la ca true bell
POOL	1985	0.855166256	5,9,11,12,16	hole lat that new -able
POOL	1986	0.855158585	2,4,9,11,12,16	us oh lat that air bell
POOL	1987	0.855116243	4,6,7,9,16	show lol ahh come treble
POOL	1988	0.855081391	2,4,7,11,13,16	us hoe la tun run bell
POOL	1989	0.855054058	5,7,9,11,16	hole la come vet -able
POOL	1990	0.855051850	4,6,7,9,11,16	hole lol ahh ca that rub
POOL	1991	0.855047831	5,7,11,13,16	hole la tough run -able
POOL	1992	0.855007004	5,7,9,11,16	hole la tough vet rubble
POOL	1993	0.855000058	1,4,7,11,13,16	uhh show la cut run tell
POOL	1994	0.854992905	4,6,7,9,16	show lol ahh come rubble
POOL	1995	0.854989349	4,9,11,13,16	show lotta vet run bill
POOL	1996	0.854984182	2,3,5,7,11,16	ass too all la cut rub
POOL	1997	0.854984001	3,5,7,11,16	who full lah cut -able
POOL	1998	0.854971844	4,9,11,13,16	home lotta that yeah bill
POOL	1999	0.854964362	2,5,7,9,12,16	us ole la come true bell
POOL	2000	0.854942808	2,5,7,9,12,16	ass ole la ca true bill
POOL	2001	0.854942652	2,6,9,11,12,16	ass ole ott that air bill
POOL	2002	0.854930953	5,7,9,11,16	hole la too vet rubble
POOL	2003	0.854930870	4,7,9,11,14,16	rowe la stuff that rub al
POOL	2004	0.854915161	4,5,7,11,16	so law la cut -able
POOL	2005	0.854911438	2,5,7,9,12,16	us ole la ca ver bell
POOL	2006	0.854886243	5,7,11,14,16	f-hole la cut rub air
POOL	2007	0.854882924	3,5,7,11,16	who bull la cut rubble
POOL	2008	0.854873279	4,6,7,9,16	show lol ahh ca treble
POOL	2009	0.854871191	4,6,7,9,16	show lol awe come treble
POOL	2010	0.854864578	4,9,11,13,16	show lotta that young bill
POOL	2011	0.854854746	4,9,11,13,16	show lotta vet run bell
POOL	2012	0.854845358	5,7,11,13,16	hole law cut run -able
POOL	2013	0.854840793	4,5,7,11,16	show law law cut rubble
POOL	2014	0.854837241	4,9,11,13,16	home lotta that yeah bell
POOL	2015	0.854811094	5,7,9,11,16	hole la ca vet -able
POOL	2016	0.854810722	2,5,7,12,16	us old la cunt -able
POOL	2017	0.854768901	5,7,9,11,16	hole law come that rubble
POOL	2018	0.854759967	4,6,7,9,16	show lol ah come treble
POOL	2019	0.854756292	4,9,11,13,16	show lotta too raw bill
POOL	2020	0.854750921	4,6,8,11,16	show lol got love rubble
POOL	2021	0.854749941	4,6,7,9,16	show lol ahh ca rubble
POOL	2022	0.854747853	4,6,7,9,16	show lol awe come rubble
POOL	2023	0.854747108	5,7,9,11,16	hole la top vet rubble
POOL	2024	0.854729976	4,9,11,13,16	show lotta that young bell
POOL	2025	0.854728089	5,7,11,13,16	hole la tut raw -able
POOL	2026	0.854724623	5,7,11,14,16	ahold la cut rub air
POOL	2027	0.854722381	1,4,7,11,16	uhh show la cut rubble
POOL	2028	0.854717852	1,4,7,11,12,16	uhh show la cut are bill
POOL	2029	0.854717566	3,5,7,11,16	who call la cut -able
POOL	2030	0.854712503	3,5,7,11,16	who all la cut rubble
POOL	2031	0.854671470	5,7,11,13,16	hole la top run -able
POOL	2032	0.854670397	5,9,11,12,16	hole lotte that new -able
POOL	2033	0.854651227	3,5,7,11,16	who full la touch -able
POOL	2034	0.854644554	2,4,6,9,16	us oh lol got verbal
POOL	2035	0.854636628	4,6,7,9,16	show lol ah come rubble
POOL	2036	0.854635028	3,5,7,11,16	hoo all la cut -able
POOL	2037	0.854624619	5,7,11,13,16	hole raw cut run -able
POOL	2038	0.854621689	4,9,11,13,16	show lotta too raw bell
POOL	2039	0.854620054	4,5,7,11,16	show law raw cut rubble
POOL	2040	0.854619470	3,5,7,11,16	who full la test -able
POOL	2041	0.854604767	5,7,11,13,16	hole la come raw -able
POOL	2042	0.854602260	3,6,9,11,16	who full got met rubble
POOL	2043	0.854586600	3,6,9,11,16	who full got thought rubble
POOL	2044	0.854586401	4,6,9,12,16	show lol baht true -able
POOL	2045	0.854576918	3,5,7,11,16	saw all la cut -able
POOL	2046	0.854575880	2,5,7,9,11,16	ass ole la tough that rub
POOL	2047	0.854575408	5,7,9,11,12,16	hole la ca that are bell
POOL	2048	0.854571919	3,6,9,11,16	who full got vat -able
POOL	2049	0.854562890	4,9,11,13,16	show lat that run -able
POOL	2050	0.854558386	4,9,11,13,16	show lotta pfft run bill
POOL	2051	0.854514083	3,5,7,11,16	hou all la cut rubble
POOL	2052	0.854508633	3,5,7,11,16	who full la cuffed rubble
POOL	2053	0.854508264	4,5,7,11,16	show all la tut -able
POOL	2054	0.854490389	1,4,7,11,12,16	uhh show la cut air bell
POOL	2055	0.854485150	4,5,7,11,16	show al la cut -able
POOL	2056	0.854483437	4,9,11,13,16	show lotta that run bel
POOL	2057	0.854471751	2,4,6,9,16	ass oh lol got trumbull
POOL	2058	0.854467855	1,6,7,11,12,16	uhh hole ahh cut are bell
POOL	2059	0.854444062	3,5,7,11,16	who full la trust rubble
POOL	2060	0.854431372	2,5,7,12,16	ass own la tut -able
POOL	2061	0.854423784	4,9,11,13,16	show lotta pfft run bell
POOL	2062	0.854413671	1,4,7,11,12,16	uhh show la cut or bell
POOL	2063	0.854412397	4,9,11,13,16	show lotta that raw belle
POOL	2064	0.854410832	2,4,6,8,11,16	us oh lol got love rub
POOL	2065	0.854401920	3,4,7,11,16	who oh ra cut rubble
POOL	2066	0.854394497	1,4,7,11,12,16	eh show la cut are bell
POOL	2067	0.854370802	2,5,7,9,11,16	ass old la ca that rub
POOL	2068	0.854364971	5,7,11,14,16	asshole la cut rub air
POOL	2069	0.854328129	2,4,5,7,11,16	us oh all la cut rub
POOL	2070	0.854317132	2,5,7,12,16	us ole la cunt -able
POOL	2071	0.854306997	5,9,11,12,16	hole let that air -able
POOL	2072	0.854296435	3,5,7,11,16	who full la cut rebel
POOL	2073	0.854288031	4,9,11,13,16	show lotta that run bear
POOL	2074	0.854286931	5,9,11,12,16	hole lott that new -able
POOL	2075	0.854278754	4,9,11,13,16	home lotta that y'are bill
POOL	2076	0.854263645	1,6,7,11,12,16	uhh hole awe cut are bell
POOL	2077	0.854233022	4,7,9,12,16	hone la come true -able
POOL	2078	0.854205070	2,4,6,9,16	s oh lol got treble
POOL	2079	0.854204737	4,9,11,13,16	hoe lotta that run bill
POOL	2080	0.854204648	1,4,7,11,12,16	uh show la cut are bell
POOL	2081	0.854194338	2,4,7,11,13,16	us oh raj tucked run bell
POOL	2082	0.854170958	1,6,7,11,12,16	uhh hole ah cut are bell
POOL	2083	0.854169526	4,9,11,13,16	show lotta too yeah bill
POOL	2084	0.854161947	2,5,7,9,11,16	ass ole la come that rub
POOL	2085	0.854144151	4,9,11,13,16	home lotta that y'are bell
POOL	2086	0.854140284	3,6,9,11,16	who full ott too rubble
POOL	2087	0.854139248	4,9,11,13,16	show lotta meet run bill
POOL	2088	0.854121032	6,7,9,12,16	hole ahh pup true -able
POOL	2089	0.854082420	3,5,7,11,16	who full love cut rubble
POOL	2090	0.854082393	4,9,11,13,16	hope lotta that run bill
POOL	2091	0.854081732	2,4,6,9,16	s oh lol got rubble
POOL	2092	0.854070134	4,9,11,13,16	hoe lotta that run bell
POOL	2093	0.854067031	4,9,11,13,16	show lotte that run -able
POOL	2094	0.854062183	5,9,11,12,16	hole lat too air -able
POOL	2095	0.854047072	2,5,7,12,16	ass old la cunt -able
POOL	2096	0.854034923	4,9,11,13,16	show lotta too yeah bell
POOL	2097	0.854018001	5,7,11,13,16	hole la come yeah -able
POOL	2098	0.854004646	4,9,11,13,16	show lotta meet run bell
POOL	2099	0.853998739	3,5,7,11,16	who bull la cut -able
POOL	2100	0.853970122	5,9,11,12,16	hole lat too are -able
POOL	2101	0.853961236	1,4,7,11,12,16	uhh show la cut air bill
POOL	2102	0.853947790	4,9,11,13,16	hope lotta that run bell
POOL	2103	0.853942862	5,9,11,12,16	hole lock that new -able
POOL	2104	0.853940169	3,6,9,11,16	who lol got too rubble
POOL	2105	0.853938703	1,6,7,11,12,16	uhh hole ahh cut are bill
POOL	2106	0.853884519	1,4,7,11,12,16	uhh show la cut or bill
POOL	2107	0.853880904	2,4,6,9,16	ass oh lol got verbal
POOL	2108	0.853879873	5,7,11,13,16	hole la cut yuh -able
POOL	2109	0.853877964	5,7,11,14,16	f-hole la cut rub well
POOL	2110	0.853866736	4,6,8,11,16	show lol got love -able
POOL	2111	0.853851759	4,9,11,13,16	show lotta that run bal
POOL	2112	0.853848598	3,5,7,11,16	who well la tut rubble
POOL	2113	0.853838196	1,4,7,11,16	uhh show la cut -able
POOL	2114	0.853828318	3,5,7,11,16	who all la cut -able
POOL	2115	0.853825631	4,9,11,13,16	show lotta that yeah belle
POOL	2116	0.853824545	2,6,7,11,14,16	us ole sha taut rub al
POOL	2117	0.853784788	2,5,7,12,16	s old la tut -able
POOL	2118	0.853784401	2,4,6,9,16	us oh lol ott treble
POOL	2119	0.853778553	1,4,7,11,16	yeah show la cut rubble
POOL	2120	0.853776219	4,7,12,16	show la t'other -able
POOL	2121	0.853762389	2,4,6,9,16	us oh real got trumbull
POOL	2122	0.853745575	5,7,11,14,16	a-hole la cut rub al
POOL	2123	0.853734493	1,6,7,11,12,16	uhh hole awe cut are bill
POOL	2124	0.853725275	3,5,7,11,16	who well la come rubble
POOL	2125	0.853716344	5,7,11,14,16	ahold la cut rub well
POOL	2126	0.853711239	1,6,7,11,12,16	uhh hole ahh cut air bell
POOL	2127	0.853683565	4,9,11,13,16	show lott that run -able
POOL	2128	0.853667631	1,4,7,11,16	eh show la cut rubble
POOL	2129	0.853661063	2,4,6,9,16	us oh lol ott rubble
POOL	2130	0.853644309	3,5,7,11,16	who sure la tut rubble
POOL	2131	0.853641806	1,6,7,11,12,16	uhh hole ah cut are bill
POOL	2132	0.853640113	1,4,6,7,11,16	uhh show lol ahh cut rub
POOL	2133	0.853631557	5,7,11,13,16	hole la cunt run -able
POOL	2134	0.853629898	3,5,7,11,16	hou all la cut -able
POOL	2135	0.853629571	2,4,6,9,16	ash oh lol got treble
POOL	2136	0.853624448	3,5,7,11,16	who full la cuffed -able
POOL	2137	0.853608823	5,9,11,12,16	hole rock that air -able
POOL	2138	0.853599696	3,6,9,11,16	who full got feet rubble
POOL	2139	0.853591720	2,3,5,7,11,16	s new all la cut rub
POOL	2140	0.853584413	5,9,11,12,16	hole rot that air -able
POOL	2141	0.853567602	5,9,11,14,16	hole lotta that rub air
POOL	2142	0.853566324	5,9,11,12,16	hole lotte too air -able
POOL	2143	0.853559878	3,5,7,11,16	who full la trust -able
POOL	2144	0.853553482	2,5,7,12,16	ass ole la cunt -able
POOL	2145	0.853551714	5,9,11,12,16	hole lat that re- -able
POOL	2146	0.853545130	2,5,7,9,11,16	s ole la ca that rub
POOL	2147	0.853528977	4,9,11,13,16	show lotta vat run bill
POOL	2148	0.853520986	3,5,7,11,16	who sure la come rubble
POOL	2149	0.853509181	5,7,11,13,16	hole la cut rough -able
POOL	2150	0.853506233	2,4,6,9,16	ash oh lol got rubble
POOL	2151	0.853496049	4,9,11,13,16	home lotta that love bill
POOL	2152	0.853493422	5,7,11,13,16	hole la tough raw -able
POOL	2153	0.853479385	4,9,11,13,16	home lotta too run bill
POOL	2154	0.853476436	4,9,11,13,16	show lotta too y'are bill
POOL	2155	0.853475791	4,7,9,11,14,16	show la tie nit rub al
POOL	2156	0.853474263	5,9,11,12,16	hole lotte too are -able
POOL	2157	0.853471553	1,4,7,11,16	uh show la cut rubble
POOL	2158	0.853462915	4,9,11,13,16	hoa lotta that run bill
POOL	2159	0.853462454	5,7,11,13,16	hole la cut rush -able
POOL	2160	0.853448233	5,7,11,13,16	hole la tut y'are -able
POOL	2161	0.853436725	4,9,11,13,16	ho lotta that run bill
POOL	2162	0.853435903	1,4,6,7,11,16	uhh show lol awe cut rub
POOL	2163	0.853434940	4,9,11,13,16	show lotta vet raw bill
POOL	2164	0.853424636	1,4,7,11,16	air show la cut rubble
POOL	2165	0.853397651	4,6,8,11,16	show lol got at rubble
POOL	2166	0.853394374	4,9,11,13,16	show lotta vat run bell
POOL	2167	0.853373376	2,3,5,7,11,16	ass new all la tut rub
POOL	2168	0.853361446	4,9,11,13,16	home lotta that love bell
POOL	2169	0.853356692	5,7,11,14,16	asshole la cut rub well
POOL	2170	0.853344782	4,9,11,13,16	home lotta too run bell
POOL	2171	0.853343216	1,4,6,7,11,16	uhh show lol ah cut rub
POOL	2172	0.853341833	4,9,11,13,16	show lotta too y'are bell
POOL	2173	0.853328312	4,9,11,13,16	hoa lotta that run bell
POOL	2174	0.853324911	5,7,11,13,16	hole la come y'are -able
POOL	2175	0.853315203	2,4,6,8,11,16	ass oh lol got at rub
POOL	2176	0.853302122	4,9,11,13,16	ho lotta that run bell
POOL	2177	0.853301637	2,4,6,9,16	us know lol got treble
POOL	2178	0.853300337	4,9,11,13,16	show lotta vet raw bell
POOL	2179	0.853291199	2,5,7,12,16	s ole la tut -able
POOL	2180	0.853290949	5,7,11,13,16	hole law cut raw -able
POOL	2181	0.853277909	4,6,8,11,16	show real got love rubble
POOL	2182	0.853260342	5,7,11,13,16	hole la cut la -able
POOL	2183	0.853256099	3,6,9,11,16	who full ott too -able
POOL	2184	0.853245099	2,5,6,7,11,16	us ole law ahh cut rub
POOL	2185	0.853242041	5,7,11,14,16	holy la cut rub al
POOL	2186	0.853232386	4,7,12,16	show la country -able
POOL	2187	0.853224409	3,6,9,11,16	who full art too rubble
POOL	2188	0.853209289	2,5,7,12,16	ash old la tut -able
POOL	2189	0.853207508	5,7,11,13,16	hole lah cut run -able
POOL	2190	0.853198235	3,5,7,11,16	who full love cut -able
POOL	2191	0.853187224	5,7,11,12,16	hole la cut rear -able
POOL	2192	0.853182858	5,9,11,12,16	hole lott too air -able
POOL	2193	0.853182820	5,9,11,12,16	hole lat that yeah -able
POOL	2194	0.853178298	2,4,6,9,16	us know lol got rubble
POOL	2195	0.853171542	2,4,6,9,16	us oh real got verbal
POOL	2196	0.853142608	2,6,7,11,14,16	lush ole got cut rub al
POOL	2197	0.853135491	4,9,11,13,16	home lotta that run belle
POOL	2198	0.853132541	4,9,11,13,16	show lotta that y'are belle
POOL	2199	0.853117061	5,7,11,13,16	hole la top raw -able
POOL	2200	0.853090798	5,9,11,12,16	hole lott too are -able
POOL	2201	0.853079545	2,4,6,8,11,16	us oh lol ott love rub
POOL	2202	0.853070210	5,7,11,13,16	hole raw cut raw -able
POOL	2203	0.853055855	5,9,11,12,16	hole lotte that re- -able
POOL	2204	0.853040889	2,5,6,7,11,16	us ole law awe cut rub
POOL	2205	0.853037568	2,4,6,8,11,16	ass oh lol got love rub
POOL	2206	0.853027119	2,5,7,12,16	us old la cuffed -able
POOL	2207	0.853020751	2,4,6,9,16	ass oh lol ott treble
POOL	2208	0.853008481	4,9,11,13,16	show lat that raw -able
POOL	2209	0.853003977	4,9,11,13,16	show lotta pfft raw bill
POOL	2210	0.853002499	5,7,11,14,16	hole la cut rubber al
POOL	2211	0.852998739	2,4,6,9,16	ass oh real got trumbull
POOL	2212	0.852974028	4,6,8,11,16	show lol got up rubble
POOL	2213	0.852970122	5,9,11,12,16	hole lat too or -able
POOL	2214	0.852964413	3,5,7,11,16	who well la tut -able
POOL	2215	0.852956239	5,7,11,13,16	f-hole la cut run bill
POOL	2216	0.852948202	2,5,6,7,11,16	us ole law ah cut rub
POOL	2217	0.852940698	3,5,7,11,16	who pull la tut rubble
POOL	2218	0.852929028	4,9,11,13,16	show lotta that raw bel
POOL	2219	0.852911364	2,4,6,9,16	us oh lol got stubble
POOL	2220	0.852906656	5,7,11,13,16	hole la tough yeah -able
POOL	2221	0.852903871	2,5,7,9,11,16	ass old la tough that rub
POOL	2222	0.852897413	2,4,6,9,16	ass oh lol ott rubble
POOL	2223	0.852894368	1,4,7,11,16	yeah show la cut -able
POOL	2224	0.852891580	2,4,6,8,11,16	ass oh lol got up rub
POOL	2225	0.852889299	4,7,11,13,16	hose la cut run -able
POOL	2226	0.852878266	1,4,7,11,14,16	uhh show la kun rub al
POOL	2227	0.852874734	5,7,11,13,16	hole la touch run -able
POOL	2228	0.852869375	4,9,11,13,16	show lotta pfft raw bell
POOL	2229	0.852868526	2,4,6,9,16	us oh lol art treble
POOL	2230	0.852848174	4,9,11,13,16	show lotta vet yeah bill
POOL	2231	0.852842978	5,7,11,13,16	hole la test run -able
POOL	2232	0.852841090	3,5,7,11,16	who well la come -able
POOL	2233	0.852838789	5,9,11,12,16	hole lock too air -able
POOL	2234	0.852821637	5,7,11,13,16	f-hole la cut run bell
POOL	2235	0.852818933	3,6,9,11,16	who full ott vet rubble
POOL	2236	0.852794619	5,7,11,13,16	ahold la cut run bill
POOL	2237	0.852787606	1,4,6,7,11,16	eh show lol ahh cut rub
POOL	2238	0.852783446	1,4,7,11,16	eh show la cut -able
POOL	2239	0.852752535	1,4,7,11,16	an show la cut rubble
POOL	2240	0.852752535	1,4,7,11,16	as show la cut rubble
POOL	2241	0.852752535	1,4,7,11,16	at show la cut rubble
POOL	2242	0.852746728	5,9,11,12,16	hole lock too are -able
POOL	2243	0.852745188	2,4,6,9,16	us oh lol art rubble
POOL	2244	0.852743050	2,6,9,11,12,16	us ole ott pfft air bell
POOL	2245	0.852740831	5,9,11,12,16	hole lat vet air -able
POOL	2246	0.852732059	2,4,6,9,16	s oh real got treble
POOL	2247	0.852715700	2,5,7,12,16	ash ole la tut -able
POOL	2248	0.852704183	5,7,11,13,16	hole law cut yeah -able
POOL	2249	0.852690655	2,4,6,9,16	ass oh lol not treble
POOL	2250	0.852686962	5,9,11,12,16	hole lotte that yeah -able
POOL	2251	0.852672390	5,9,11,12,16	hole lott that re- -able
POOL	2252	0.852665528	5,7,11,13,16	hole la tut love -able
POOL	2253	0.852660016	5,7,11,13,16	ahold la cut run bell
POOL	2254	0.852649373	2,4,7,11,13,16	tess row la cut run bell
POOL	2255	0.852648771	5,9,11,12,16	hole lat vet are -able
POOL	2256	0.852639067	4,7,9,11,16	show la come sat rubble
POOL	2257	0.852618818	3,6,9,11,16	who lol got vet rubble
POOL	2258	0.852608721	2,4,6,9,16	s oh real got rubble
POOL	2259	0.852606939	2,5,7,12,16	us old la taft -able
POOL	2260	0.852597757	1,4,6,7,11,16	uh show lol ahh cut rub
POOL	2261	0.852596055	1,5,7,11,13,16	ah hole la cut run bell
POOL	2262	0.852593137	2,5,7,12,16	us role la tut -able
POOL	2263	0.852587368	1,4,7,11,16	uh show la cut -able
POOL	2264	0.852583396	1,4,6,7,11,16	eh show lol awe cut rub
POOL	2265	0.852567316	2,4,6,9,16	ass oh lol not rubble
POOL	2266	0.852559324	5,9,11,14,16	hole lotta that rub well
POOL	2267	0.852552037	4,8,11,12,16	show lat love air -able
POOL	2268	0.852544081	2,5,7,12,16	us own la cunt -able
POOL	2269	0.852542206	5,7,11,13,16	hole la come love -able
POOL	2270	0.852540451	1,4,7,11,16	air show la cut -able
POOL	2271	0.852537987	2,4,6,9,16	ass know lol got treble
POOL	2272	0.852533530	2,5,7,12,16	us ole la cuffed -able
POOL	2273	0.852530295	5,7,11,13,16	hole la top yeah -able
POOL	2274	0.852525011	1,4,9,11,14,16	uhh show lat that rub tell
POOL	2275	0.852513466	4,6,8,11,16	show lol got at -able
POOL	2276	0.852490708	1,4,6,7,11,16	eh show lol ah cut rub
POOL	2277	0.852483444	5,7,11,13,16	hole raw cut yeah -able
POOL	2278	0.852474263	5,9,11,12,16	hole lotte too or -able
POOL	2279	0.852459976	4,8,11,12,16	show lat love are -able
POOL	2280	0.852434967	5,7,11,13,16	asshole la cut run bill
POOL	2281	0.852408208	4,6,9,11,14,16	show lol knot vest rub al
POOL	2282	0.852393763	2,4,7,11,13,16	us ode la cut wha bell
POOL	2283	0.852393724	4,6,8,11,16	show real got love -able
POOL	2284	0.852391631	5,7,11,13,16	hold la cut run -able
POOL	2285	0.852387970	3,6,9,11,16	who full ott pfft rubble
POOL	2286	0.852328320	5,9,11,12,16	hole lock that re- -able
POOL	2287	0.852309869	5,9,11,12,16	hole lat pfft air -able
POOL	2288	0.852304758	2,6,7,11,14,16	us aux ahh cut nab al
POOL	2289	0.852303496	5,9,11,12,16	hole lott that yeah -able
POOL	2290	0.852300364	5,7,11,13,16	asshole la cut run bell
POOL	2291	0.852274126	5,7,11,14,16	f-hole la cut rub ill
POOL	2292	0.852263470	2,5,7,12,16	ass old la cuffed -able
POOL	2293	0.852244972	5,9,11,12,16	hole lotte vet air -able
POOL	2294	0.852241923	2,5,7,11,13,16	us ole la cut run beard
POOL	2295	0.852239241	5,9,11,12,16	hole lat that law -able
POOL	2296	0.852217808	5,9,11,12,16	hole lat pfft are -able
POOL	2297	0.852213566	5,7,11,13,16	hole la tough y'are -able
POOL	2298	0.852187855	3,6,9,11,16	who lol got pfft rubble
POOL	2299	0.852173868	1,4,7,11,16	up show la cut rubble
POOL	2300	0.852165216	2,4,7,11,13,16	nath oh la cut rob bell
POOL	2301	0.852152912	5,9,11,12,16	hole lotte vet are -able
POOL	2302	0.852113349	2,5,7,12,16	us ole la taft -able
POOL	2303	0.852112506	5,7,11,14,16	ahold la cut rub ill
POOL	2304	0.852090798	5,9,11,12,16	hole lott too or -able
POOL	2305	0.852089843	4,6,8,11,16	show lol got up -able
POOL	2306	0.852077148	5,7,11,13,16	hole la cunt raw -able
POOL	2307	0.852066655	5,7,11,14,16	f-hole la tut rub al
POOL	2308	0.852063829	1,6,7,11,16	uhh hole ahh cut rubble
POOL	2309	0.852056178	4,8,11,12,16	show lotte love air -able
POOL	2310	0.852011093	5,7,11,13,16	hole law cut y'are -able
POOL	2311	0.851983917	2,4,6,8,11,16	ass oh lol ott at rub
POOL	2312	0.851968832	3,6,9,11,16	who full ott meet rubble
POOL	2313	0.851967265	2,5,6,7,11,16	ass ole all ahh cut rub
POOL	2314	0.851964117	4,8,11,12,16	show lotte love are -able
POOL	2315	0.851959427	5,9,11,12,16	hole lock that yeah -able
POOL	2316	0.851943333	5,7,11,14,16	f-hole la come rub al
POOL	2317	0.851938552	4,7,11,12,13,16	haw la cut ore uhh bell
POOL	2318	0.851934748	3,6,9,11,16	who full ott vet -able
POOL	2319	0.851924639	4,6,8,11,16	show real got at rubble
POOL	2320	0.851919605	4,6,8,11,16	home lol got love rubble
POOL	2321	0.851905035	5,7,11,14,16	ahold la tut rub al
POOL	2322	0.851903057	3,6,9,11,16	who full art vet rubble
POOL	2323	0.851891065	1,4,7,11,16	uhh home la cut rubble
POOL	2324	0.851890731	5,9,11,12,16	hole lat meet air -able
POOL	2325	0.851883190	2,5,9,12,16	us old lat true -able
POOL	2326	0.851877976	5,7,11,14,16	a-hole la cut rub air
POOL	2327	0.851871836	2,5,6,7,11,16	ass ole law ahh cut rub
POOL	2328	0.851868350	1,4,7,11,16	an show la cut -able
POOL	2329	0.851868350	1,4,7,11,16	as show la cut -able
POOL	2330	0.851868350	1,4,7,11,16	at show la cut -able
POOL	2331	0.851861507	5,9,11,12,16	hole lott vet air -able
POOL	2332	0.851847955	5,7,11,13,16	hole la cuffed run -able
POOL	2333	0.851845287	2,4,6,8,11,16	us oh lol got loved rub
POOL	2334	0.851843289	2,5,7,12,16	ass old la taft -able
POOL	2335	0.851837205	5,7,11,13,16	hole la top y'are -able
POOL	2336	0.851829487	2,5,7,12,16	ass role la tut -able
POOL	2337	0.851818777	1,6,7,11,16	uhh hole awe cut rubble
POOL	2338	0.851814010	5,9,11,12,16	hole lotte pfft air -able
POOL	2339	0.851801954	5,7,9,12,16	hole la come tall -able
POOL	2340	0.851801568	5,9,11,14,16	hole lotta too rub al
POOL	2341	0.851798670	5,9,11,12,16	hole lat meet are -able
POOL	2342	0.851781713	5,7,11,14,16	ahold la come rub al
POOL	2343	0.851780431	2,5,7,12,16	ass own la cunt -able
POOL	2344	0.851777436	5,9,11,12,16	hole let that new -able
POOL	2345	0.851769880	2,5,7,12,16	ass ole la cuffed -able
POOL	2346	0.851769676	2,5,7,12,16	us goal la tut -able
POOL	2347	0.851769446	5,9,11,12,16	hole lott vet are -able
POOL	2348	0.851768717	3,6,9,11,16	who lol got meet rubble
POOL	2349	0.851763055	2,5,6,7,11,16	ass ole all awe cut rub
POOL	2350	0.851752854	5,7,11,14,16	asshole la cut rub ill
POOL	2351	0.851746728	5,9,11,12,16	hole lock too or -able
POOL	2352	0.851743382	5,9,11,12,16	hole lotte that law -able
POOL	2353	0.851721949	5,9,11,12,16	hole lotte pfft are -able
POOL	2354	0.851717853	4,7,11,12,13,16	hou la stuffed are uhh bell
POOL	2355	0.851717390	5,7,11,14,16	f-hole la cut rob al
POOL	2356	0.851707552	1,6,7,11,16	uhh hole ah cut rubble
POOL	2357	0.851678490	1,4,7,11,16	see show la cut rubble
POOL	2358	0.851672712	4,8,11,12,16	show lott love air -able
POOL	2359	0.851669260	1,2,4,7,11,16	uhh her oh la cut rub
POOL	2360	0.851669260	1,2,4,7,11,16	uhh who oh la cut rub
POOL	2361	0.851648771	5,9,11,12,16	hole lat vet or -able
POOL	2362	0.851635497	6,7,9,11,16	hole car come that rubble
POOL	2363	0.851580651	4,8,11,12,16	show lott love are -able
POOL	2364	0.851566343	1,6,7,11,14,16	uhh hole ahh bunt rub al
POOL	2365	0.851562511	6,8,9,11,16	hole got uhh that rubble
POOL	2366	0.851561740	2,4,7,11,16	us oh la cut rumba
POOL	2367	0.851555770	5,7,11,14,16	ahold la cut rob al
POOL	2368	0.851545383	5,7,11,14,16	asshole la tut rub al
POOL	2369	0.851532622	5,9,11,12,16	hole lat too new -able
POOL	2370	0.851531169	4,6,8,9,11,16	show lol got uhh that rub
POOL	2371	0.851518148	2,5,7,12,16	s own la tut -able
POOL	2372	0.851517437	5,9,11,12,16	hole lock vet air -able
POOL	2373	0.851501016	4,6,8,11,16	show real got up rubble
POOL	2374	0.851459976	4,8,11,12,16	show lat love or -able
POOL	2375	0.851430544	5,9,11,12,16	hole lott pfft air -able
POOL	2376	0.851425377	5,9,11,12,16	hole lock vet are -able
POOL	2377	0.851422061	5,7,11,14,16	asshole la come rub al
POOL	2378	0.851394872	5,9,11,12,16	hole lotte meet air -able
POOL	2379	0.851389601	2,5,9,12,16	us ole lat true -able
POOL	2380	0.851387331	2,5,9,12,16	us old lotte true -able
POOL	2381	0.851374442	5,7,11,14,16	holy la cut rub air
POOL	2382	0.851359917	5,9,11,12,16	hole lott that law -able
POOL	2383	0.851349699	2,5,7,12,16	ass ole la taft -able
POOL	2384	0.851338483	5,9,11,12,16	hole lott pfft are -able
POOL	2385	0.851337336	2,5,7,12,16	us old law tut -able
POOL	2386	0.851328643	4,8,11,12,16	show lock love air -able
POOL	2387	0.851302811	5,9,11,12,16	hole lotte meet are -able
POOL	2388	0.851289683	1,4,7,11,16	up show la cut -able
POOL	2389	0.851254180	2,5,9,11,14,16	ess ole locked that rub al
POOL	2390	0.851236582	4,8,11,12,16	show lock love are -able
POOL	2391	0.851217808	5,9,11,12,16	hole lat pfft or -able
POOL	2392	0.851208704	2,4,8,11,16	us oh lat love rubble
POOL	2393	0.851207609	4,7,12,16	home la t'other -able
POOL	2394	0.851198767	4,8,11,12,16	show lat at air -able
POOL	2395	0.851196118	5,7,11,14,16	asshole la cut rob al
POOL	2396	0.851179644	1,6,7,11,16	uhh hole ahh cut -able
POOL	2397	0.851160057	3,4,7,11,16	who aud la cut rubble
POOL	2398	0.851155784	6,7,9,11,12,16	hole ahh ca that door bell
POOL	2399	0.851134900	5,7,11,14,16	hole la cut rubber air
POOL	2400	0.851133847	2,5,7,12,16	s old la cunt -able
POOL	2401	0.851120001	1,6,7,11,16	yeah hole ahh cut rubble
POOL	2402	0.851119540	2,5,9,12,16	ass old lat true -able
POOL	2403	0.851116597	2,5,7,12,16	us old raw tut -able
POOL	2404	0.851113004	4,7,9,11,16	o. la come that rubble
POOL	2405	0.851108837	2,5,7,12,16	her old la tut -able
POOL	2406	0.851108837	2,5,7,12,16	who old la tut -able
POOL	2407	0.851043530	6,7,9,11,14,16	hole ahh tonne that scrub al
POOL	2408	0.851040454	4,6,8,11,16	show real got at -able
POOL	2409	0.851035420	4,6,8,11,16	home lol got love -able
POOL	2410	0.851009079	1,6,7,11,16	eh hole ahh cut rubble
POOL	2411	0.851006880	1,4,7,11,16	uhh home la cut -able
POOL	2412	0.851006026	2,5,7,12,16	ass goal la tut -able
POOL	2413	0.851003866	2,5,9,12,16	us old lott true -able
POOL	2414	0.850990719	1,4,7,11,13,16	mm show la cut run bell
POOL	2415	0.850979288	4,6,7,11,14,16	show karl ahh cot rub al
POOL	2416	0.850964117	4,8,11,12,16	show lotte love or -able
POOL	2417	0.850955486	5,9,11,14,16	hole lotta that rub ill
POOL	2418	0.850947237	1,4,7,11,16	yeah home la cut rubble
POOL	2419	0.850942649	2,5,7,12,16	ash own la tut -able
POOL	2420	0.850934592	1,6,7,11,16	uhh hole awe cut -able
POOL	2421	0.850893742	2,5,9,12,16	us ole lotte true -able
POOL	2422	0.850889124	4,7,9,11,14,16	show rod ca that rub eel
POOL	2423	0.850883295	5,7,11,14,16	f-hole la cut rub el
POOL	2424	0.850874949	1,6,7,11,16	yeah hole awe cut rubble
POOL	2425	0.850869697	5,7,11,14,16	a-hole la cut rub well
POOL	2426	0.850857188	2,6,7,11,13,16	fuss ole ahh puffed run bell
POOL	2427	0.850843746	2,5,7,12,16	us ole law tut -able
POOL	2428	0.850836315	1,4,7,11,16	eh home la cut rubble
POOL	2429	0.850835927	1,2,4,7,11,16	uhh he oh la cut rub
POOL	2430	0.850834564	3,4,6,7,11,16	who oe lol ahh cut rub
POOL	2431	0.850831988	5,7,11,14,16	f-hole la tough rub al
POOL	2432	0.850823367	1,6,7,11,16	uhh hole ah cut -able
POOL	2433	0.850816753	1,2,4,7,11,16	eh her oh la cut rub
POOL	2434	0.850816753	1,2,4,7,11,16	eh who oh la cut rub
POOL	2435	0.850813001	1,6,7,11,16	uh hole ahh cut rubble
POOL	2436	0.850808544	2,4,8,9,11,16	ass oh lat uhh that rub
POOL	2437	0.850794305	1,4,7,11,16	see show la cut -able
POOL	2438	0.850775144	4,8,11,12,16	show lat up air -able
POOL	2439	0.850766084	1,6,7,11,16	air hole ahh cut rubble
POOL	2440	0.850764027	1,6,7,11,16	eh hole awe cut rubble
POOL	2441	0.850763724	1,6,7,11,16	yeah hole ah cut rubble
POOL	2442	0.850760479	2,5,7,12,16	us own la cuffed -able
POOL	2443	0.850721675	5,7,11,14,16	ahold la cut rub el
POOL	2444	0.850712845	2,4,8,11,16	us oh lotte love rubble
POOL	2445	0.850702908	4,8,11,12,16	show lotte at air -able
POOL	2446	0.850678326	6,8,9,11,16	hole got uhh that -able
POOL	2447	0.850670367	5,7,11,14,16	ahold la tough rub al
POOL	2448	0.850663776	4,7,12,16	home la country -able
POOL	2449	0.850659796	2,5,9,12,16	us old lock true -able
POOL	2450	0.850653377	4,6,8,11,16	show lol ott love rubble
POOL	2451	0.850652802	1,6,7,11,16	eh hole ah cut rubble
POOL	2452	0.850640257	2,5,7,12,16	s ole la cunt -able
POOL	2453	0.850640237	1,4,7,11,16	uh home la cut rubble
POOL	2454	0.850631450	1,5,9,11,14,16	uhh hole lat that rub al
POOL	2455	0.850629515	5,7,11,14,16	f-hole law cut rub al
POOL	2456	0.850626904	1,2,4,7,11,16	uh her oh la cut rub
POOL	2457	0.850626904	1,2,4,7,11,16	uh who oh la cut rub
POOL	2458	0.850625951	2,5,9,12,16	ass ole lat true -able
POOL	2459	0.850623681	2,5,9,12,16	ass old lotte true -able
POOL	2460	0.850623007	2,5,7,12,16	us ole raw tut -able
POOL	2461	0.850616831	4,6,8,11,16	show real got up -able
POOL	2462	0.850615248	2,5,7,12,16	her ole la tut -able
POOL	2463	0.850615248	2,5,7,12,16	who ole la tut -able
POOL	2464	0.850593321	1,4,7,11,16	air home la cut rubble
POOL	2465	0.850580651	4,8,11,12,16	show lott love or -able
POOL	2466	0.850573686	2,5,7,12,16	ass old law tut -able
POOL	2467	0.850567949	1,6,7,11,16	uh hole awe cut rubble
POOL	2468	0.850558348	2,5,7,12,16	ash old la cunt -able
POOL	2469	0.850521032	1,6,7,11,16	air hole awe cut rubble
POOL	2470	0.850510276	2,5,9,12,16	us ole lott true -able
POOL	2471	0.850488813	4,6,8,9,11,16	show lol got uh that rub
POOL	2472	0.850480216	5,9,11,14,16	hole lotta vet rub al
POOL	2473	0.850478304	4,8,9,12,16	show lat uhh true -able
POOL	2474	0.850468998	1,6,7,11,14,16	on hole ahh tuff rub al
POOL	2475	0.850467894	5,7,11,14,16	ahold law cut rub al
POOL	2476	0.850457562	4,7,9,11,14,16	hoo la ca vid rub al
POOL	2477	0.850456724	1,6,7,11,16	uh hole ah cut rubble
POOL	2478	0.850445054	2,4,8,11,16	ass oh lat love rubble
POOL	2479	0.850409808	1,6,7,11,16	air hole ah cut rubble
POOL	2480	0.850408776	5,7,11,14,16	f-hole raw cut rub al
POOL	2481	0.850398750	5,9,11,14,16	hole lotta that rob al
POOL	2482	0.850395328	2,4,8,9,11,16	ass oh lotte uhh that rub
POOL	2483	0.850362023	5,7,11,14,16	asshole la cut rub el
POOL	2484	0.850352947	2,5,7,12,16	ass old raw tut -able
POOL	2485	0.850340298	2,5,7,12,16	us own la taft -able
POOL	2486	0.850329380	2,4,8,11,16	us oh lott love rubble
POOL	2487	0.850324519	2,4,8,11,16	us oh lat love -able
POOL	2488	0.850319443	4,8,11,12,16	show lott at air -able
POOL	2489	0.850311684	6,8,9,11,16	hole got uh that rubble
POOL	2490	0.850279285	4,8,11,12,16	show lotte up air -able
POOL	2491	0.850240216	2,5,9,12,16	ass old lott true -able
POOL	2492	0.850236582	4,8,11,12,16	show lock love or -able
POOL	2493	0.850235816	1,6,7,11,16	yeah hole ahh cut -able
POOL	2494	0.850220092	6,7,9,11,16	hole ahh come aft rubble
POOL	2495	0.850218234	1,5,9,11,14,16	uhh hole lotte that rub al
POOL	2496	0.850199883	4,6,8,9,11,16	show lol ott uhh that rub
POOL	2497	0.850166207	2,5,9,12,16	us ole lock true -able
POOL	2498	0.850130092	2,5,9,12,16	ass ole lotte true -able
POOL	2499	0.850124894	1,6,7,11,16	eh hole ahh cut -able
POOL	2500	0.850108837	2,5,7,12,16	he old la tut -able
POOL	2501	0.850093983	1,6,7,11,16	an hole ahh cut rubble
POOL	2502	0.850093983	1,6,7,11,16	as hole ahh cut rubble
POOL	2503	0.850093983	1,6,7,11,16	at hole ahh cut rubble
POOL	2504	0.850080096	2,5,7,12,16	ass ole law tut -able
POOL	2505	0.850075774	2,4,8,9,11,16	ass oh lott uhh that rub
POOL	2506	0.850064758	2,5,7,12,16	ash ole la cunt -able
POOL	2507	0.850063052	1,4,7,11,16	yeah home la cut -able
POOL	2508	0.850049254	5,9,11,14,16	hole lotta pfft rub al
POOL	2509	0.850022476	4,8,11,12,16	show lat love new -able
POOL	2510	0.849996829	2,5,7,12,16	ass own la cuffed -able
POOL	2511	0.849993300	1,5,7,11,14,16	uhh hole las cut rub al
POOL	2512	0.849990764	1,6,7,11,16	yeah hole awe cut -able
POOL	2513	0.849982445	4,8,9,12,16	show lotte uhh true -able
POOL	2514	0.849975373	4,8,11,12,16	show lock at air -able
POOL	2515	0.849962954	4,8,11,12,16	show not love air -able
POOL	2516	0.849949195	2,4,8,11,16	ass oh lotte love rubble
POOL	2517	0.849942196	2,5,7,12,16	us role la cunt -able
POOL	2518	0.849933969	5,9,11,14,16	hole lotta too rub air
POOL	2519	0.849928816	1,6,7,11,16	uh hole ahh cut -able
POOL	2520	0.849898680	1,5,9,11,14,16	uhh hole lott that rub al
POOL	2521	0.849897953	5,7,9,12,16	hole ra come true -able
POOL	2522	0.849896146	2,5,9,12,16	ass old lock true -able
POOL	2523	0.849895819	4,8,11,12,16	show lott up air -able
POOL	2524	0.849881899	1,6,7,11,16	air hole ahh cut -able
POOL	2525	0.849879842	1,6,7,11,16	eh hole awe cut -able
POOL	2526	0.849879539	1,6,7,11,16	yeah hole ah cut -able
POOL	2527	0.849848931	1,6,7,11,16	an hole awe cut rubble
POOL	2528	0.849848931	1,6,7,11,16	as hole awe cut rubble
POOL	2529	0.849848931	1,6,7,11,16	at hole awe cut rubble
POOL	2530	0.849828660	2,4,8,11,16	us oh lotte love -able
POOL	2531	0.849778943	1,5,9,11,14,16	eh hole lat that rub al
POOL	2532	0.849768617	1,6,7,11,16	eh hole ah cut -able
POOL	2533	0.849766188	2,4,8,9,11,16	ass oh lat uh that rub
POOL	2534	0.849746626	2,5,9,12,16	ass ole lott true -able
POOL	2535	0.849737707	1,6,7,11,16	an hole ah cut rubble
POOL	2536	0.849737707	1,6,7,11,16	as hole ah cut rubble
POOL	2537	0.849737707	1,6,7,11,16	at hole ah cut rubble
POOL	2538	0.849720721	4,8,11,12,16	home lat love air -able
POOL	2539	0.849683764	1,6,7,11,16	uh hole awe cut -able
POOL	2540	0.849657814	6,7,9,11,14,16	hole dot pa that rub al
POOL	2541	0.849636847	1,6,7,11,16	air hole awe cut -able
POOL	2542	0.849631295	4,7,11,13,16	show la cut luv -able
POOL	2543	0.849630115	5,9,11,14,16	hole lotta meet rub al
POOL	2544	0.849628661	4,8,11,12,16	home lat love are -able
POOL	2545	0.849616550	2,5,9,12,16	us own lat true -able
POOL	2546	0.849598979	4,8,9,12,16	show lott uhh true -able
POOL	2547	0.849589094	1,5,9,11,14,16	uh hole lat that rub al
POOL	2548	0.849572539	1,6,7,11,16	uh hole ah cut -able
POOL	2549	0.849565730	2,4,8,11,16	ass oh lott love rubble
POOL	2550	0.849564655	5,9,11,14,16	hole lotta that rub el
POOL	2551	0.849551750	4,8,11,12,16	show lock up air -able
POOL	2552	0.849526617	4,8,11,12,16	show lotte love new -able
POOL	2553	0.849525623	1,6,7,11,16	air hole ah cut -able
POOL	2554	0.849515316	1,6,7,11,16	up hole ahh cut rubble
POOL	2555	0.849489460	2,6,7,9,12,16	us cole ahh ca true bell
POOL	2556	0.849463405	1,5,7,11,14,16	uhh hole la tun rub al
POOL	2557	0.849427499	6,8,9,11,16	hole got uh that -able
POOL	2558	0.849402557	2,5,9,12,16	ass ole lock true -able
POOL	2559	0.849369960	4,7,12,16	show law t'other -able
POOL	2560	0.849352972	2,4,8,9,11,16	ass oh lotte uh that rub
POOL	2561	0.849292823	2,5,7,11,12,16	us ole la cut well bell
POOL	2562	0.849281376	2,5,9,11,12,16	ass ole lat that air bell
POOL	2563	0.849274133	2,6,9,11,16	us old got that rubble
POOL	2564	0.849270264	1,6,7,11,16	up hole awe cut rubble
POOL	2565	0.849254910	4,8,9,12,16	show lock uhh true -able
POOL	2566	0.849227476	4,8,9,12,16	show lat uh true -able
POOL	2567	0.849224862	4,8,11,12,16	home lotte love air -able
POOL	2568	0.849209799	1,6,7,11,16	an hole ahh cut -able
POOL	2569	0.849209799	1,6,7,11,16	as hole ahh cut -able
POOL	2570	0.849209799	1,6,7,11,16	at hole ahh cut -able
POOL	2571	0.849163217	4,8,11,12,16	show let love air -able
POOL	2572	0.849159039	1,6,7,11,16	up hole ah cut rubble
POOL	2573	0.849157527	4,6,8,9,11,16	show lol ott uh that rub
POOL	2574	0.849143151	4,8,11,12,16	show lott love new -able
POOL	2575	0.849132802	4,8,11,12,16	home lotte love are -able
POOL	2576	0.849129330	2,3,5,7,11,16	us new all la cut rub
POOL	2577	0.849120691	2,5,9,12,16	us own lotte true -able
POOL	2578	0.849120454	4,7,11,13,16	show la tit run -able
POOL	2579	0.849071156	4,8,11,12,16	show let love are -able
POOL	2580	0.849033417	2,4,8,9,11,16	ass oh lott uh that rub
POOL	2581	0.849019938	1,6,7,11,16	see hole ahh cut rubble
POOL	2582	0.849019844	5,9,11,14,16	hole lotta vat rub al
POOL	2583	0.848975271	6,7,9,11,14,16	hole ahh does that rub phil
POOL	2584	0.848964746	1,6,7,11,16	an hole awe cut -able
POOL	2585	0.848964746	1,6,7,11,16	as hole awe cut -able
POOL	2586	0.848964746	1,6,7,11,16	at hole awe cut -able
POOL	2587	0.848925690	5,9,11,14,16	hole lotta too rub well
POOL	2588	0.848921837	1,5,7,11,14,16	uhh hole la cut rub kill
POOL	2589	0.848868160	2,5,9,11,12,16	ass ole lotte that air bell
POOL	2590	0.848853522	1,6,7,11,16	an hole ah cut -able
POOL	2591	0.848853522	1,6,7,11,16	as hole ah cut -able
POOL	2592	0.848853522	1,6,7,11,16	at hole ah cut -able
POOL	2593	0.848852900	2,5,9,12,16	ass own lat true -able
POOL	2594	0.848848383	4,8,11,12,16	show lat loved air -able
POOL	2595	0.848841397	4,8,11,12,16	home lott love air -able
POOL	2596	0.848826127	4,7,12,16	show law country -able
POOL	2597	0.848824772	1,6,7,11,12,16	uhh hole ahh cut are bear
POOL	2598	0.848824105	1,6,7,11,14,16	uhh hole arc cut rub al
POOL	2599	0.848799082	4,8,11,12,16	show lock love new -able
POOL	2600	0.848774886	1,6,7,11,16	see hole awe cut rubble
POOL	2601	0.848766608	4,8,11,12,16	show lat but air -able
POOL	2602	0.848766608	4,8,11,12,16	show lat what air -able
POOL	2603	0.848756322	4,8,11,12,16	show lat loved are -able
POOL	2604	0.848752224	2,5,9,11,12,16	ass ole lat that air bill
POOL	2605	0.848749336	4,8,11,12,16	home lott love are -able
POOL	2606	0.848737225	2,5,9,12,16	us own lott true -able
POOL	2607	0.848731617	4,8,9,12,16	show lotte uh true -able
POOL	2608	0.848726436	5,9,11,14,16	hole lotta that rub l
POOL	2609	0.848721866	5,9,11,14,16	hole lotta that rub elle
POOL	2610	0.848708304	5,9,11,14,16	hole lotta that rub tell
POOL	2611	0.848669206	4,8,11,12,16	show lat at new -able
POOL	2612	0.848666059	2,5,7,11,16	eff old la cut rubble
POOL	2613	0.848663661	1,6,7,11,16	see hole ah cut rubble
POOL	2614	0.848662708	5,7,11,12,16	holes la cut in. -able
POOL	2615	0.848659874	6,7,9,11,14,16	hole ahh ca nut rub lil
POOL	2616	0.848631131	1,6,7,11,16	up hole ahh cut -able
POOL	2617	0.848628661	4,8,11,12,16	home lat love or -able
POOL	2618	0.848612617	5,9,11,14,16	hole lotta vet rub air
POOL	2619	0.848569333	5,7,11,13,16	hole la cut le -able
POOL	2620	0.848548606	2,5,9,11,12,16	ass ole lott that air bell
POOL	2621	0.848531151	5,9,11,14,16	hole lotta that rob air
POOL	2622	0.848524717	4,6,8,9,11,16	home lol got uhh that rub
POOL	2623	0.848515716	2,5,9,12,16	us old lat tour -able
POOL	2624	0.848497327	4,8,11,12,16	home lock love air -able
POOL	2625	0.848494370	2,5,9,12,16	us old let true -able
POOL	2626	0.848485255	4,6,7,10,16	show lol ahh come -able
POOL	2627	0.848469055	2,6,7,11,14,16	gush ole ahh cut rub and
POOL	2628	0.848465043	4,8,11,12,16	show rock love air -able
POOL	2629	0.848440634	4,8,11,12,16	show rot love air -able
POOL	2630	0.848407934	4,8,11,12,16	show lat love re- -able
POOL	2631	0.848405267	4,8,11,12,16	home lock love are -able
POOL	2632	0.848393156	2,5,9,12,16	us own lock true -able
POOL	2633	0.848386079	1,6,7,11,16	up hole awe cut -able
POOL	2634	0.848381433	4,6,7,10,16	show lol ahh tough treble
POOL	2635	0.848372982	4,8,11,12,16	show rock love are -able
POOL	2636	0.848367452	4,8,11,12,16	home lat at air -able
POOL	2637	0.848359517	4,8,11,12,16	show lat want air -able
POOL	2638	0.848357041	2,5,9,12,16	ass own lotte true -able
POOL	2639	0.848352524	4,8,11,12,16	show lotte loved air -able
POOL	2640	0.848348573	4,8,11,12,16	show rot love are -able
POOL	2641	0.848348151	4,8,9,12,16	show lott uh true -able
POOL	2642	0.848339008	2,5,9,11,12,16	ass ole lotte that air bill
POOL	2643	0.848309837	4,6,7,11,16	show lol ahh cut ruffle
POOL	2644	0.848298564	6,7,12,16	hole ahh t'other -able
POOL	2645	0.848270749	4,8,11,12,16	show lotte but air -able
POOL	2646	0.848270749	4,8,11,12,16	show lotte what air -able
POOL	2647	0.848267456	4,8,11,12,16	show lat want are -able
POOL	2648	0.848260464	4,8,11,12,16	show lotte loved are -able
POOL	2649	0.848231741	1,4,7,9,11,16	uhh show la ca that rub
POOL	2650	0.848220430	1,6,9,12,16	uhh hole got true -able
POOL	2651	0.848219712	1,6,7,11,14,16	awe hole as cut rub al
POOL	2652	0.848206316	2,5,9,12,16	s old lat true -able
POOL	2653	0.848188941	2,6,7,9,16	us old ahh come treble
POOL	2654	0.848184482	4,6,8,9,11,16	hoe lol got uhh that rub
POOL	2655	0.848181655	5,9,11,14,16	hole lotta pfft rub air
POOL	2656	0.848166000	5,9,11,14,16	hole lotta met rub al
POOL	2657	0.848150340	5,9,11,14,16	hole lotta thought rub al
POOL	2658	0.848073558	5,9,11,14,16	hole lotta not rub al
POOL	2659	0.848069893	3,6,7,11,16	su all ahh cut rubble
POOL	2660	0.848065603	2,6,7,9,16	us old ahh come rubble
POOL	2661	0.848062646	2,5,9,12,16	us old lat ver -able
POOL	2662	0.848022126	2,5,9,12,16	us ole lat tour -able
POOL	2663	0.848019857	2,5,9,12,16	us old lotte tour -able
POOL	2664	0.848019453	2,5,9,11,12,16	ass ole lott that air bill
POOL	2665	0.848004698	2,6,9,11,14,16	us ole ah bought rub al
POOL	2666	0.848004082	4,8,9,12,16	show lock uh true -able
POOL	2667	0.848000781	2,5,9,12,16	us ole let true -able
POOL	2668	0.847992249	6,7,12,16	hole awe t'other -able
POOL	2669	0.847973575	2,5,9,12,16	ass own lott true -able
POOL	2670	0.847946861	2,5,7,11,13,16	ang ole la tonne run bell
POOL	2671	0.847945977	2,6,7,9,16	us old ahh ca treble
POOL	2672	0.847943889	2,6,7,9,16	us old awe come treble
POOL	2673	0.847930707	4,6,8,9,11,16	show real ott uhh that rub
POOL	2674	0.847929791	4,8,9,12,16	show lat up true -able
POOL	2675	0.847928878	6,8,9,11,16	hole got uhh too rubble
POOL	2676	0.847889221	4,8,9,12,16	show not uhh true -able
POOL	2677	0.847874938	1,3,6,7,11,16	uhh who full ahh cut rub
POOL	2678	0.847853218	6,7,12,16	hole ah t'other -able
POOL	2679	0.847832664	2,6,7,9,16	us old ah come treble
POOL	2680	0.847823618	2,6,8,11,16	us old got love rubble
POOL	2681	0.847822639	2,6,7,9,16	us old ahh ca rubble
POOL	2682	0.847820551	2,6,7,9,16	us old awe come rubble
POOL	2683	0.847805429	2,4,7,11,14,16	hush mode la cut rub al
POOL	2684	0.847796196	2,5,9,12,16	us old rock true -able
POOL	2685	0.847771787	2,5,9,12,16	us old rot true -able
POOL	2686	0.847762516	5,9,11,14,16	hole lotta meet rub air
POOL	2687	0.847754730	6,7,12,16	hole ahh country -able
POOL	2688	0.847752066	2,5,9,12,16	ass old lat tour -able
POOL	2689	0.847730720	2,5,9,12,16	ass old let true -able
POOL	2690	0.847712726	2,5,9,12,16	s ole lat true -able
POOL	2691	0.847710457	2,5,9,12,16	s old lotte true -able
POOL	2692	0.847709326	2,6,7,9,16	us old ah come rubble
POOL	2693	0.847701966	1,4,7,11,13,16	uhh show ron cut run bell
POOL	2694	0.847670728	1,3,6,7,11,16	uhh who full awe cut rub
POOL	2695	0.847646988	4,8,9,12,16	home lat uhh true -able
POOL	2696	0.847636392	2,5,9,12,16	us old lott tour -able
POOL	2697	0.847630817	2,5,9,12,16	ash old lat true -able
POOL	2698	0.847629506	2,5,9,12,16	ass own lock true -able
POOL	2699	0.847604339	5,9,11,14,16	hole lotta vet rub well
POOL	2700	0.847578041	1,3,6,7,11,16	uhh who full ah cut rub
POOL	2701	0.847569056	2,5,9,12,16	us ole lat ver -able
POOL	2702	0.847566787	2,5,9,12,16	us old lotte ver -able
POOL	2703	0.847555854	2,5,9,11,16	ass old lat that rubble
POOL	2704	0.847526268	2,6,7,11,13,16	us oe ahh cut re- bell
POOL	2705	0.847526267	2,5,9,12,16	us ole lotte tour -able
POOL	2706	0.847522872	5,9,11,14,16	hole lotta that rob well
POOL	2707	0.847498283	2,5,9,12,16	us old lat tree -able
POOL	2708	0.847477043	2,5,9,12,16	us old lat ter -able
POOL	2709	0.847464968	6,8,9,11,16	hole ott uhh that rubble
POOL	2710	0.847452592	1,6,7,9,11,16	uhh hole ahh ca that rub
POOL	2711	0.847448415	6,7,12,16	hole awe country -able
POOL	2712	0.847447692	2,5,9,12,16	us old lat stir -able
POOL	2713	0.847447230	1,4,7,11,14,16	ash show la cut rub hill
POOL	2714	0.847433932	4,8,9,12,16	show lotte up true -able
POOL	2715	0.847419327	4,7,12,16	hope la t'other -able
POOL	2716	0.847416326	2,5,7,11,14,16	us ole lush tuff rub al
POOL	2717	0.847407387	4,7,12,16	show raw t'other -able
POOL	2718	0.847387798	2,5,9,12,16	us old lat star -able
POOL	2719	0.847379234	1,4,7,9,11,16	eh show la ca that rub
POOL	2720	0.847330028	2,6,8,11,16	us ole got love rubble
POOL	2721	0.847326991	2,5,9,12,16	s old lott true -able
POOL	2722	0.847321852	5,9,11,14,16	hole lotta too rub ill
POOL	2723	0.847309384	6,7,12,16	hole ah country -able
POOL	2724	0.847305712	3,4,7,11,16	who oh la duc rubble
POOL	2725	0.847302606	2,5,9,12,16	us ole rock true -able
POOL	2726	0.847298996	2,5,9,12,16	ass old lat ver -able
POOL	2727	0.847292322	2,5,9,12,16	us old lock tour -able
POOL	2728	0.847285568	4,8,9,12,16	show lat us true -able
POOL	2729	0.847278197	2,5,9,12,16	us ole rot true -able
POOL	2730	0.847276602	1,6,9,12,16	yeah hole got true -able
POOL	2731	0.847258477	2,5,9,12,16	ass ole lat tour -able
POOL	2732	0.847256207	2,5,9,12,16	ass old lotte tour -able
POOL	2733	0.847248382	1,6,7,9,11,16	uhh hole awe ca that rub
POOL	2734	0.847189384	1,4,7,9,11,16	uh show la ca that rub
POOL	2735	0.847188377	1,5,7,11,14,16	uhh holt la cut rub al
POOL	2736	0.847173376	5,9,11,14,16	hole lotta pfft rub well
POOL	2737	0.847165680	1,6,9,12,16	eh hole got true -able
POOL	2738	0.847163436	5,9,11,14,16	hole lotta feet rub al
POOL	2739	0.847155694	1,6,7,9,11,16	uhh hole ah ca that rub
POOL	2740	0.847152245	5,9,11,14,16	hole lotta vat rub air
POOL	2741	0.847151129	4,8,9,12,16	home lotte uhh true -able
POOL	2742	0.847121279	2,4,6,8,11,16	us oh lol got ump rub
POOL	2743	0.847110829	4,8,9,12,16	show lat uhh tour -able
POOL	2744	0.847089484	4,8,9,12,16	show let uhh true -able
POOL	2745	0.847062265	2,5,9,11,16	ass ole lat that rubble
POOL	2746	0.847059995	2,5,9,11,16	ass old lotte that rubble
POOL	2747	0.847059968	2,6,8,11,16	ass old got love rubble
POOL	2748	0.847050466	4,8,9,12,16	show lott up true -able
POOL	2749	0.847044693	6,8,9,11,16	hole got uhh too -able
POOL	2750	0.847022431	1,3,6,7,11,16	eh who full ahh cut rub
POOL	2751	0.846969602	1,6,9,12,16	uh hole got true -able
POOL	2752	0.846939433	2,6,8,11,16	us old got love -able
POOL	2753	0.846922686	1,6,9,12,16	air hole got true -able
POOL	2754	0.846919305	4,7,12,16	show y'are t'other -able
POOL	2755	0.846915813	2,6,9,11,13,16	us ole ot that run bell
POOL	2756	0.846914617	4,8,9,11,16	show lat uhh that rubble
POOL	2757	0.846875493	4,7,12,16	hope la country -able
POOL	2758	0.846863553	4,7,12,16	show raw country -able
POOL	2759	0.846857148	5,9,11,14,16	hold lotta that rub al
POOL	2760	0.846832582	1,3,6,7,11,16	uh who full ahh cut rub
POOL	2761	0.846829599	4,5,7,11,16	show law la cuz rubble
POOL	2762	0.846818221	1,3,6,7,11,16	eh who full awe cut rub
POOL	2763	0.846801350	4,7,12,16	home law t'other -able
POOL	2764	0.846789709	4,8,9,12,16	show lotte us true -able
POOL	2765	0.846767663	4,8,9,12,16	home lott uhh true -able
POOL	2766	0.846765116	5,9,11,14,16	hole lotta too rob al
POOL	2767	0.846764810	1,4,7,9,11,16	uhh show la tough that rub
POOL	2768	0.846754238	5,9,11,14,16	hole lotta meet rub well
POOL	2769	0.846715470	6,7,11,13,16	hole ahh cut all -able
POOL	2770	0.846706397	4,8,9,12,16	show lock up true -able
POOL	2771	0.846678050	6,8,9,11,16	hole got uh too rubble
POOL	2772	0.846676530	2,5,9,11,16	ass old lott that rubble
POOL	2773	0.846676150	5,7,9,11,16	holes la come that rubble
POOL	2774	0.846671669	2,5,9,11,16	ass old lat that -able
POOL	2775	0.846668111	5,7,10,12,16	hole la come tell -able
POOL	2776	0.846657759	4,8,9,12,16	show lat uhh ver -able
POOL	2777	0.846638394	4,8,9,12,16	show not uh true -able
POOL	2778	0.846614970	4,8,9,12,16	show lotte uhh tour -able
POOL	2779	0.846611174	4,7,11,16	at-home la cut -able
POOL	2780	0.846607526	6,8,9,11,16	hole got uhh vet rubble
POOL	2781	0.846600084	1,6,7,9,11,16	eh hole ahh ca that rub
POOL	2782	0.846580783	6,8,9,11,16	hole ott uhh that -able
POOL	2783	0.846577131	1,4,6,7,11,16	in show lol ahh cut rub
POOL	2784	0.846566406	2,5,9,11,16	ass ole lotte that rubble
POOL	2785	0.846566379	2,6,8,11,16	ass ole got love rubble
POOL	2786	0.846549092	6,8,9,11,16	hole art uhh that rubble
POOL	2787	0.846445843	2,6,8,11,16	us ole got love -able
POOL	2788	0.846426667	6,8,9,11,16	hole got ahh that rubble
POOL	2789	0.846423594	4,8,9,12,16	home lock uhh true -able
POOL	2790	0.846418758	4,8,9,11,16	show lotte uhh that rubble
POOL	2791	0.846410235	1,6,7,9,11,16	uh hole ahh ca that rub
POOL	2792	0.846406243	4,8,9,12,16	show lott us true -able
POOL	2793	0.846403747	5,7,10,12,16	hole la does true -able
POOL	2794	0.846396160	4,8,9,12,16	home lat uh true -able
POOL	2795	0.846395874	1,6,7,9,11,16	eh hole awe ca that rub
POOL	2796	0.846391309	4,8,9,12,16	show rock uhh true -able
POOL	2797	0.846375471	4,7,12,16	show y'are country -able
POOL	2798	0.846366900	4,8,9,12,16	show rot uhh true -able
POOL	2799	0.846350878	1,4,7,9,11,16	uhh show la come that rub
POOL	2800	0.846303187	1,6,7,9,11,16	eh hole ah ca that rub
POOL	2801	0.846298401	5,9,11,14,16	hole lotta met rub air
POOL	2802	0.846282741	5,9,11,14,16	hole lotta thought rub air
POOL	2803	0.846257516	4,7,12,16	home law country -able
POOL	2804	0.846250585	1,6,9,12,16	an hole got true -able
POOL	2805	0.846250585	1,6,9,12,16	as hole got true -able
POOL	2806	0.846250585	1,6,9,12,16	at hole got true -able
POOL	2807	0.846238712	5,9,11,14,16	soul lotta that rub al
POOL	2808	0.846231505	4,8,9,12,16	show lott uhh tour -able
POOL	2809	0.846219383	2,5,7,11,16	us old la tons rubble
POOL	2810	0.846214140	6,8,9,11,16	hole ott uh that rubble
POOL	2811	0.846205959	5,9,11,14,16	hole lotta not rub air
POOL	2812	0.846181615	6,8,9,11,16	hole got awe that rubble
POOL	2813	0.846176563	6,8,9,11,16	hole got uhh pfft rubble
POOL	2814	0.846175783	2,6,8,11,16	ass old got love -able
POOL	2815	0.846173230	5,7,10,12,16	hole la come care -able
POOL	2816	0.846161901	4,8,9,12,16	show lotte uhh ver -able
POOL	2817	0.846093396	4,8,9,12,16	show lat uhh tree -able
POOL	2818	0.846080598	5,9,11,12,16	hole rod that air -able
POOL	2819	0.846072156	4,8,9,12,16	show lat uhh ter -able
POOL	2820	0.846070390	6,8,9,11,16	hole got ah that rubble
POOL	2821	0.846062174	4,8,9,12,16	show lock us true -able
POOL	2822	0.846042805	4,8,9,12,16	show lat uhh stir -able
POOL	2823	0.846035293	4,8,9,11,16	show lott uhh that rubble
POOL	2824	0.846030432	4,8,9,11,16	show lat uhh that -able
POOL	2825	0.846030432	4,8,9,12,16	show lat uhh their -able
POOL	2826	0.846030432	4,8,9,12,16	show lat uhh there -able
POOL	2827	0.846030053	2,6,7,11,13,16	sass ole ahh cut from bell
POOL	2828	0.846020338	5,7,10,12,16	hole la come turn -able
POOL	2829	0.846000501	5,9,11,14,16	hole lotta vet rub ill
POOL	2830	0.845982912	4,8,9,12,16	show lat uhh star -able
POOL	2831	0.845955754	5,7,11,13,16	hole la pot run -able
POOL	2832	0.845954727	6,8,9,11,16	hole shot uhh that rubble
POOL	2833	0.845937010	4,9,11,14,16	show lotta mutt rub al
POOL	2834	0.845931021	5,9,11,14,16	hole lotta too rub el
POOL	2835	0.845919034	5,9,11,14,16	hole lotta that rob ill
POOL	2836	0.845912303	1,4,7,9,11,16	eh show la tough that rub
POOL	2837	0.845900301	4,8,9,12,16	home lotte uh true -able
POOL	2838	0.845887435	4,8,9,12,16	show lock uhh tour -able
POOL	2839	0.845884145	1,6,7,11,14,16	uhh hoe ahh stuffed rub al
POOL	2840	0.845877643	5,9,11,14,16	hole lotta that robb al
POOL	2841	0.845860002	4,8,9,12,16	show lat uh tour -able
POOL	2842	0.845853760	1,6,7,11,14,16	uhh hall odd cut rub al
POOL	2843	0.845838656	4,8,9,12,16	show let uh true -able
POOL	2844	0.845813832	4,7,12,16	so la t'other -able
POOL	2845	0.845793865	6,8,9,11,16	hole got uh too -able
POOL	2846	0.845778435	4,8,9,12,16	show lott uhh ver -able
POOL	2847	0.845757425	6,8,9,11,16	hole got uhh meet rubble
POOL	2848	0.845728156	6,7,11,13,16	hole ahh dat run -able
POOL	2849	0.845723341	6,8,9,11,16	hole got uhh vet -able
POOL	2850	0.845722453	1,4,7,9,11,16	uh show la tough that rub
POOL	2851	0.845706699	2,6,8,11,16	ass old got at rubble
POOL	2852	0.845682194	2,6,8,11,16	ass ole got love -able
POOL	2853	0.845671918	1,6,9,12,16	up hole got true -able
POOL	2854	0.845664907	6,8,9,11,16	hole art uhh that -able
POOL	2855	0.845663790	4,8,9,11,16	show lat uh that rubble
POOL	2856	0.845597537	4,8,9,12,16	show lotte uhh tree -able
POOL	2857	0.845597359	1,6,7,11,14,16	if whole ahh cut rub al
POOL	2858	0.845594369	1,5,7,11,12,16	uhh hole la cut are bell
POOL	2859	0.845576297	4,8,9,12,16	show lotte uhh ter -able
POOL	2860	0.845566265	5,7,10,12,16	hole law come true -able
POOL	2861	0.845556766	5,7,10,12,16	hole la tough tell -able
POOL	2862	0.845546946	4,8,9,12,16	show lotte uhh stir -able
POOL	2863	0.845542482	6,8,9,11,16	hole got ahh that -able
POOL	2864	0.845534573	4,8,9,11,16	show lotte uhh that -able
POOL	2865	0.845534573	4,8,9,12,16	show lotte uhh their -able
POOL	2866	0.845534573	4,8,9,12,16	show lotte uhh there -able
POOL	2867	0.845516836	4,8,9,12,16	home lott uh true -able
POOL	2868	0.845507531	6,7,12,16	hole are t'other -able
POOL	2869	0.845492981	2,6,8,9,11,16	ass ole got uhh that rub
POOL	2870	0.845488190	1,5,7,11,14,16	r. hole la cut rub al
POOL	2871	0.845485579	4,7,12,16	show lol t'other -able
POOL	2872	0.845473981	6,8,9,11,16	hole hot uhh that rubble
POOL	2873	0.845450278	2,6,7,9,11,16	us ole ahh ca neat rub
POOL	2874	0.845432582	2,5,7,11,13,16	f ole la cut lull bell
POOL	2875	0.845380365	6,8,9,11,16	hole got up too rubble
POOL	2876	0.845356698	6,8,9,11,16	hole got uh vet rubble
POOL	2877	0.845345526	5,7,10,12,16	hole raw come true -able
POOL	2878	0.845329955	6,8,9,11,16	hole ott uh that -able
POOL	2879	0.845307478	5,7,10,12,16	hole la come term -able
POOL	2880	0.845298265	6,8,9,11,16	hole art uh that rubble
POOL	2881	0.845297430	6,8,9,11,16	hole got awe that -able
POOL	2882	0.845292378	6,8,9,11,16	hole got uhh pfft -able
POOL	2883	0.845283199	3,5,9,11,16	who full lat too rubble
POOL	2884	0.845269998	4,7,12,16	so la country -able
POOL	2885	0.845206815	4,7,12,16	show real t'other -able
POOL	2886	0.845186205	6,8,9,11,16	hole got ah that -able
POOL	2887	0.845176539	1,6,9,12,16	see hole got true -able
POOL	2888	0.845167931	4,8,9,11,16	show lotte uh that rubble
POOL	2889	0.845159567	5,7,10,12,16	hole la dove true -able
POOL	2890	0.845151108	4,8,9,11,16	show lott uhh that -able
POOL	2891	0.845147154	6,8,9,11,16	hole got uhh vat rubble
POOL	2892	0.845122473	5,7,10,12,16	hole la come car -able
POOL	2893	0.845070542	6,8,9,11,16	hole shot uhh that -able
POOL	2894	0.845065216	1,5,7,11,12,16	uhh hole la cut are bill
POOL	2895	0.845061884	5,7,10,12,16	hole la tough care -able
POOL	2896	0.845007195	2,5,6,7,11,16	us ole all ahh cut rub
POOL	2897	0.844963698	6,7,12,16	hole are country -able
POOL	2898	0.844941746	4,7,12,16	show lol country -able
POOL	2899	0.844925736	6,8,9,11,16	hole got uh pfft rubble
POOL	2900	0.844908993	5,7,10,12,16	hole la tough turn -able
POOL	2901	0.844895303	5,7,9,12,16	hole la cup tyr -able
POOL	2902	0.844873240	6,8,9,11,16	hole got uhh meet -able
POOL	2903	0.844852956	1,6,9,12,16	uhh hole got tour -able
POOL	2904	0.844838776	4,7,12,16	home raw t'other -able
POOL	2905	0.844837753	1,5,7,11,12,16	uhh hole la cut air bell
POOL	2906	0.844816555	1,5,7,11,14,16	uhh hole la cut y'are al
POOL	2907	0.844790979	6,9,11,14,16	hole ata vets rub al
POOL	2908	0.844787340	3,5,9,11,16	who full lotte too rubble
POOL	2909	0.844761036	1,5,7,11,12,16	uhh hole la cut or bell
POOL	2910	0.844741862	1,5,7,11,12,16	eh hole la cut are bell
POOL	2911	0.844736142	6,8,9,11,16	hole got us too rubble
POOL	2912	0.844703899	6,8,9,11,16	hole shot uh that rubble
POOL	2913	0.844696529	1,6,9,11,12,16	uhh hole got that air bell
POOL	2914	0.844662981	4,7,12,16	show real country -able
POOL	2915	0.844656744	1,6,9,11,16	uhh hole got that rubble
POOL	2916	0.844615006	5,7,10,12,16	hole la cause true -able
POOL	2917	0.844591405	4,7,11,16	at-home la cut rubble
POOL	2918	0.844589796	6,8,9,11,16	hole hot uhh that -able
POOL	2919	0.844552013	1,5,7,11,12,16	uh hole la cut are bell
POOL	2920	0.844519940	4,7,10,16	show la come terrible
POOL	2921	0.844506598	6,8,9,11,16	hole got uh meet rubble
POOL	2922	0.844499200	2,5,7,9,12,16	us ole la ca true dull
POOL	2923	0.844496180	6,8,9,11,16	hole got up too -able
POOL	2924	0.844472513	6,8,9,11,16	hole got uh vet -able
POOL	2925	0.844454920	5,7,10,12,16	hole law tough true -able
POOL	2926	0.844450625	2,6,8,9,11,16	ass ole got uh that rub
POOL	2927	0.844447257	4,7,12,16	hoe la t'other -able
POOL	2928	0.844414080	6,8,9,11,16	hole art uh that -able
POOL	2929	0.844403874	3,5,9,11,16	who full lott too rubble
POOL	2930	0.844399886	1,6,9,12,16	uhh hole got ver -able
POOL	2931	0.844399014	3,5,9,11,16	who full lat too -able
POOL	2932	0.844380164	5,7,10,12,16	hole la come tear -able
POOL	2933	0.844350694	4,7,12,16	home y'are t'other -able
POOL	2934	0.844308600	1,5,7,11,12,16	uhh hole la cut air bill
POOL	2935	0.844303818	5,7,10,12,16	hole la tom true -able
POOL	2936	0.844294943	4,7,12,16	home raw country -able
POOL	2937	0.844293310	6,8,9,11,16	hole got uhh met rubble
POOL	2938	0.844277650	6,8,9,11,16	hole got uhh thought rubble
POOL	2939	0.844262969	6,8,9,11,16	hole got uhh vat -able
POOL	2940	0.844257531	6,7,12,16	hole on t'other -able
POOL	2941	0.844234181	5,7,10,12,16	hole raw tough true -able
POOL	2942	0.844223153	6,8,9,11,16	hole hot uh that rubble
POOL	2943	0.844200868	6,8,9,11,16	hole got uhh not rubble
POOL	2944	0.844196133	5,7,10,12,16	hole la tough term -able
POOL	2945	0.844164895	2,6,9,11,14,16	us kol och that rub al
POOL	2946	0.844161695	2,6,8,9,11,16	ass ole ott uhh that rub
POOL	2947	0.844136401	4,7,12,16	oh la t'other -able
POOL	2948	0.844131750	1,5,7,11,13,16	uhh hole la cut lung bell
POOL	2949	0.844124749	1,6,7,11,14,16	on hole ahh cut rub dal
POOL	2950	0.844122886	1,6,9,12,16	uhh hole ott true -able
POOL	2951	0.844122745	4,9,12,16	show lotta true -able
POOL	2952	0.844091063	4,6,8,11,16	show lol got on rubble
POOL	2953	0.844073498	4,7,12,16	show lah t'other -able
POOL	2954	0.844065670	5,7,10,12,16	hole y'are come true -able
POOL	2955	0.844059805	3,5,9,11,16	who full lock too rubble
POOL	2956	0.844059013	6,8,9,11,16	hole got up vet rubble
POOL	2957	0.844041551	6,8,9,11,16	hole got uh pfft -able
POOL	2958	0.844011128	5,7,10,12,16	hole la tough car -able
POOL	2959	0.843961847	3,5,9,11,16	who full lat vet rubble
POOL	2960	0.843959454	4,7,11,12,16	hu la cut free -able
POOL	2961	0.843928415	5,7,10,12,16	hole lah come true -able
POOL	2962	0.843919526	5,7,9,11,16	hole la damn that rubble
POOL	2963	0.843909128	1,6,9,12,16	yeah hole got tour -able
POOL	2964	0.843903423	4,7,12,16	hoe la country -able
POOL	2965	0.843903155	3,5,9,11,16	who full lotte too -able
POOL	2966	0.843896326	6,8,9,11,16	hole got uh vat rubble
POOL	2967	0.843851957	6,8,9,11,16	hole got us too -able
POOL	2968	0.843848475	2,4,8,9,11,16	us oh lat uhh that rub
POOL	2969	0.843844021	1,6,9,11,12,16	eh hole got that air bell
POOL	2970	0.843835522	1,6,9,12,16	uhh hole got tree -able
POOL	2971	0.843831334	6,8,9,11,16	hole ott uhh too rubble
POOL	2972	0.843819714	6,8,9,11,16	hole shot uh that -able
POOL	2973	0.843818070	2,6,7,11,14,16	mush ole ahh cut prob al
POOL	2974	0.843814283	1,6,9,12,16	uhh hole got ter -able
POOL	2975	0.843806861	4,7,12,16	home y'are country -able
POOL	2976	0.843798206	1,6,9,12,16	eh hole got tour -able
POOL	2977	0.843792790	1,6,9,12,16	uhh hole not true -able
POOL	2978	0.843784932	1,6,9,12,16	uhh hole got stir -able
POOL	2979	0.843772559	1,6,9,11,16	uhh hole got that -able
POOL	2980	0.843772559	1,6,9,12,16	uhh hole got their -able
POOL	2981	0.843772559	1,6,9,12,16	uhh hole got there -able
POOL	2982	0.843756708	5,7,9,12,16	roll la tub true -able
POOL	2983	0.843739087	6,7,12,16	hole y'are t'other -able
POOL	2984	0.843736804	1,3,6,7,11,16	uhh who all ahh cut rub
POOL	2985	0.843725038	1,6,9,12,16	uhh hole got star -able
POOL	2986	0.843723728	1,6,7,11,14,16	uhh holed ahh cut rub heir
POOL	2987	0.843713698	6,7,12,16	hole on country -able
POOL	2988	0.843712916	1,6,9,11,16	yeah hole got that rubble
POOL	2989	0.843680040	1,4,7,11,14,16	uhh show la cut numb al
POOL	2990	0.843654172	1,6,9,11,12,16	uh hole got that air bell
POOL	2991	0.843628051	6,8,9,11,16	hole got up pfft rubble
POOL	2992	0.843622413	6,8,9,11,16	hole got uh meet -able
POOL	2993	0.843602128	1,6,9,12,16	uh hole got tour -able
POOL	2994	0.843601994	1,6,9,11,16	eh hole got that rubble
POOL	2995	0.843592567	4,7,12,16	oh la country -able
POOL	2996	0.843572536	1,4,9,12,16	uhh show lat true -able
POOL	2997	0.843555211	1,6,9,12,16	air hole got tour -able
POOL	2998	0.843530884	3,5,9,11,16	who full lat pfft rubble
POOL	2999	0.843529665	4,7,12,16	show lah country -able
POOL	3000	0.843519979	4,7,12,16	hoa la t'other -able
POOL	3001	0.843519689	3,5,9,11,16	who full lott too -able
POOL	3002	0.843516648	1,4,7,11,14,16	a show la cut young al
POOL	3003	0.843503150	4,6,9,12,16	show lol tuck ker -able
POOL	3004	0.843501302	6,9,11,14,16	hole ata that rub un
POOL	3005	0.843501237	6,8,9,11,16	hole not uhh too rubble
POOL	3006	0.843487242	4,7,12,16	ho la t'other -able
POOL	3007	0.843465988	3,5,9,11,16	who full lotte vet rubble
POOL	3008	0.843456058	1,6,9,12,16	yeah hole got ver -able
POOL	3009	0.843435124	1,5,9,11,14,16	uhh hole lok that rub al
POOL	3010	0.843414790	6,8,9,11,16	hole got us vet rubble
POOL	3011	0.843409125	6,8,9,11,16	hole got uhh met -able
POOL	3012	0.843405916	1,6,9,11,16	uh hole got that rubble
POOL	3013	0.843393465	6,8,9,11,16	hole got uhh thought -able
POOL	3014	0.843377259	5,7,10,12,16	hole la love true -able
POOL	3015	0.843371049	5,7,11,12,16	hole ha cut air -able
POOL	3016	0.843365242	1,6,9,11,12,16	uhh hole ott that air bell
POOL	3017	0.843359000	1,6,9,11,16	air hole got that rubble
POOL	3018	0.843345136	1,6,9,12,16	eh hole got ver -able
POOL	3019	0.843338968	6,8,9,11,16	hole hot uh that -able
POOL	3020	0.843316683	6,8,9,11,16	hole got uhh not -able
POOL	3021	0.843294116	1,4,6,9,11,16	uhh show lol ott that rub
POOL	3022	0.843268819	5,7,10,12,16	hole la tough tear -able
POOL	3023	0.843211645	1,4,7,11,16	ur show la cut rubble
POOL	3024	0.843208913	6,8,9,11,16	hole got up meet rubble
POOL	3025	0.843207011	1,6,9,12,16	uhh hole art true -able
POOL	3026	0.843195253	6,7,12,16	hole y'are country -able
POOL	3027	0.843179059	1,6,9,12,16	yeah hole ott true -able
POOL	3028	0.843175620	3,5,9,11,16	who full lock too -able
POOL	3029	0.843149058	1,6,9,12,16	uh hole got ver -able
POOL	3030	0.843121410	4,7,11,16	ago la cut -able
POOL	3031	0.843119338	2,6,8,9,11,16	ass ole ott uh that rub
POOL	3032	0.843115232	2,5,7,9,11,16	hmm ole la ca that rub
POOL	3033	0.843112538	5,7,10,12,16	hold la come true -able
POOL	3034	0.843111746	3,5,9,11,16	who full lat meet rubble
POOL	3035	0.843102142	1,6,9,12,16	air hole got ver -able
POOL	3036	0.843082522	3,5,9,11,16	who full lott vet rubble
POOL	3037	0.843077662	3,5,9,11,16	who full lat vet -able
POOL	3038	0.843076677	1,4,9,12,16	uhh show lotte true -able
POOL	3039	0.843068136	1,6,9,12,16	eh hole ott true -able
POOL	3040	0.843043876	2,4,7,11,14,16	us co la of rub al
POOL	3041	0.843036273	5,7,10,12,16	hole la does tour -able
POOL	3042	0.843035025	3,5,9,11,16	who full lotte pfft rubble
POOL	3043	0.843013068	4,7,12,16	hope law t'other -able
POOL	3044	0.842995301	2,6,8,9,11,16	s ole got uhh that rub
POOL	3045	0.842976145	4,7,12,16	hoa la country -able
POOL	3046	0.842954325	5,7,10,12,16	hole y'are tough true -able
POOL	3047	0.842943408	4,7,12,16	ho la country -able
POOL	3048	0.842916969	4,7,12,16	home lol t'other -able
POOL	3049	0.842896761	4,7,11,16	at-home la come -able
POOL	3050	0.842891695	1,6,9,12,16	yeah hole got tree -able
POOL	3051	0.842883111	1,6,9,12,16	an hole got tour -able
POOL	3052	0.842883111	1,6,9,12,16	as hole got tour -able
POOL	3053	0.842883111	1,6,9,12,16	at hole got tour -able
POOL	3054	0.842878161	4,5,7,11,16	o. law la cut rubble
POOL	3055	0.842872059	1,6,9,12,16	uh hole ott true -able
POOL	3056	0.842870455	1,6,9,12,16	yeah hole got ter -able
POOL	3057	0.842848962	1,6,9,12,16	yeah hole not true -able
POOL	3058	0.842841104	1,6,9,12,16	yeah hole got stir -able
POOL	3059	0.842836090	1,6,9,11,12,16	uhh hole ott that air bill
POOL	3060	0.842828731	1,6,9,11,16	yeah hole got that -able
POOL	3061	0.842828731	1,6,9,12,16	yeah hole got their -able
POOL	3062	0.842828731	1,6,9,12,16	yeah hole got there -able
POOL	3063	0.842825142	1,6,9,12,16	air hole ott true -able
POOL	3064	0.842817070	5,7,10,12,16	hole lah tough true -able
POOL	3065	0.842805825	6,7,9,11,14,16	hole ahh ca vast rom al
POOL	3066	0.842797635	2,4,7,9,11,16	us owes la ca that rub
POOL	3067	0.842788093	2,4,7,11,16	eng oh naw cut rubble
POOL	3068	0.842781210	1,6,9,12,16	yeah hole got star -able
POOL	3069	0.842780772	1,6,9,12,16	eh hole got tree -able
POOL	3070	0.842764226	2,6,8,9,11,16	us ole got uhh pfft rub
POOL	3071	0.842759533	1,6,9,12,16	eh hole got ter -able
POOL	3072	0.842738453	3,5,9,11,16	who full lock vet rubble
POOL	3073	0.842738040	1,6,9,12,16	eh hole not true -able
POOL	3074	0.842738024	2,4,5,7,11,16	us oh all la putt rub
POOL	3075	0.842730182	1,6,9,12,16	eh hole got stir -able
POOL	3076	0.842723266	1,4,6,9,12,16	uhh show lol ott true bell
POOL	3077	0.842717809	1,6,9,11,16	eh hole got that -able
POOL	3078	0.842717809	1,6,9,12,16	eh hole got their -able
POOL	3079	0.842717809	1,6,9,12,16	eh hole got there -able
POOL	3080	0.842693212	1,4,9,12,16	uhh show lott true -able
POOL	3081	0.842679955	6,7,11,13,16	hole ahh cut run abel
POOL	3082	0.842675516	4,6,7,11,14,16	whole lol ahh cut wrap al
POOL	3083	0.842651560	3,5,9,11,16	who full lott pfft rubble
POOL	3084	0.842646699	3,5,9,11,16	who full lat pfft -able
POOL	3085	0.842638205	4,7,12,16	home real t'other -able
POOL	3086	0.842628708	1,4,9,12,16	yeah show lat true -able
POOL	3087	0.842628473	2,5,7,11,14,16	gush ole la taz rub al
POOL	3088	0.842615887	3,5,9,11,16	who full lotte meet rubble
POOL	3089	0.842581803	3,5,9,11,16	who full lotte vet -able
POOL	3090	0.842521731	1,6,9,11,16	uh hole got that -able
POOL	3091	0.842517786	1,4,9,12,16	eh show lat true -able
POOL	3092	0.842512735	1,6,9,11,12,16	eh hole ott that air bell
POOL	3093	0.842501475	3,5,9,11,16	who full lat vat rubble
POOL	3094	0.842494102	5,7,10,12,16	soul la come true -able
POOL	3095	0.842474815	1,6,9,11,16	air hole got that -able
POOL	3096	0.842469234	4,7,12,16	hope law country -able
POOL	3097	0.842441609	1,4,6,9,11,16	eh show lol ott that rub
POOL	3098	0.842432571	4,7,11,12,16	show la cut air bumble
POOL	3099	0.842373135	4,7,12,16	home lol country -able
POOL	3100	0.842366181	5,7,10,12,16	hole la done tour -able
POOL	3101	0.842348326	1,2,6,7,11,16	uhh her ole ahh cut rub
POOL	3102	0.842348326	1,2,6,7,11,16	uhh who ole ahh cut rub
POOL	3103	0.842341854	2,5,7,11,13,16	yes ole tra cut run bell
POOL	3104	0.842321709	1,4,9,12,16	uh show lat true -able
POOL	3105	0.842319737	5,7,10,12,16	hole la ton tour -able
POOL	3106	0.842307491	3,5,9,11,16	who full lock pfft rubble
POOL	3107	0.842274792	1,4,9,12,16	air show lat true -able
POOL	3108	0.842251759	1,4,6,9,11,16	uh show lol ott that rub
POOL	3109	0.842236097	1,6,7,11,14,16	uhh hole ahh cut reed al
POOL	3110	0.842232422	3,5,9,11,16	who full lott meet rubble
POOL	3111	0.842227561	3,5,9,11,16	who full lat meet -able
POOL	3112	0.842204914	4,7,11,16	at-home law cut -able
POOL	3113	0.842198791	5,7,10,12,16	hole law come tour -able
POOL	3114	0.842198337	3,5,9,11,16	who full lott vet -able
POOL	3115	0.842194114	1,4,6,9,12,16	uhh show lol ott true bill
POOL	3116	0.842144116	1,2,6,7,11,16	uhh her ole awe cut rub
POOL	3117	0.842144116	1,2,6,7,11,16	uhh who ole awe cut rub
POOL	3118	0.842142649	5,7,10,12,16	hole love come true -able
POOL	3119	0.842132850	1,4,9,12,16	yeah show lotte true -able
POOL	3120	0.842120766	1,4,6,9,12,16	uhh show lol got ver bell
POOL	3121	0.842094371	4,7,12,16	home real country -able
POOL	3122	0.842071886	2,6,7,10,16	us ole ahh come treble
POOL	3123	0.842067307	6,9,12,16	hole ata true -able
POOL	3124	0.842051428	1,2,6,7,11,16	uhh her ole ah cut rub
POOL	3125	0.842051428	1,2,6,7,11,16	uhh who ole ah cut rub
POOL	3126	0.842021927	1,4,9,12,16	eh show lotte true -able
POOL	3127	0.842018840	5,7,10,12,16	hole la does tree -able
POOL	3128	0.842001193	5,7,10,12,16	hold la tough true -able
POOL	3129	0.841997600	5,7,10,12,16	hole la does ter -able
POOL	3130	0.841990214	6,7,9,11,14,16	hole carr ca that rub mel
POOL	3131	0.841978052	5,7,10,12,16	hole raw come tour -able
POOL	3132	0.841954110	5,9,11,14,16	hole lotta that rub year
POOL	3133	0.841951330	4,7,10,16	home la come terrible
POOL	3134	0.841948548	2,6,7,10,16	us ole ahh come rubble
POOL	3135	0.841870759	1,4,6,9,12,16	eh show lol ott true bell
POOL	3136	0.841845446	1,2,4,7,11,16	uhh her oh la dove rub
POOL	3137	0.841825850	1,4,9,12,16	uh show lotte true -able
POOL	3138	0.841792093	5,7,10,12,16	hole la dove tour -able
POOL	3139	0.841778933	1,4,9,12,16	air show lotte true -able
POOL	3140	0.841749384	1,4,9,12,16	yeah show lott true -able
POOL	3141	0.841704659	2,5,9,11,12,16	ass ole lat that are bell
POOL	3142	0.841680910	1,4,6,9,12,16	uh show lol ott true bell
POOL	3143	0.841638462	1,4,9,12,16	eh show lott true -able
POOL	3144	0.841632763	1,4,6,9,12,16	uhh show lol got ter bell
POOL	3145	0.841612853	1,6,9,11,16	see hole got that rubble
POOL	3146	0.841602691	1,4,9,12,16	an show lat true -able
POOL	3147	0.841602691	1,4,9,12,16	as show lat true -able
POOL	3148	0.841602691	1,4,9,12,16	at show lat true -able
POOL	3149	0.841591613	1,4,6,9,12,16	uhh show lol got ver bill
POOL	3150	0.841554135	4,9,12,16	home lotta true -able
POOL	3151	0.841514992	1,2,6,7,11,16	uhh he ole ahh cut rub
POOL	3152	0.841504888	4,7,12,16	home lah t'other -able
POOL	3153	0.841495818	1,2,6,7,11,16	eh her ole ahh cut rub
POOL	3154	0.841470306	1,4,9,11,12,16	uhh show lat that air bell
POOL	3155	0.841456506	4,6,9,12,16	hone lol ton true -able
POOL	3156	0.841442384	1,4,9,12,16	uh show lott true -able
POOL	3157	0.841407572	4,7,12,16	so law t'other -able
POOL	3158	0.841395467	1,4,9,12,16	air show lott true -able
POOL	3159	0.841390839	4,7,10,16	show la tough terrible
POOL	3160	0.841354454	4,8,11,12,16	show lat love lee -able
POOL	3161	0.841341607	1,4,6,9,12,16	eh show lol ott true bill
POOL	3162	0.841291685	6,8,10,12,16	hole got love true -able
POOL	3163	0.841278715	1,4,6,9,11,16	uhh hoe lol got that rub
POOL	3164	0.841274711	3,5,7,11,16	who all la putt rubble
POOL	3165	0.841198512	2,4,8,11,16	us oh lat ump rubble
POOL	3166	0.841197030	2,5,7,11,16	us old non cut rubble
POOL	3167	0.841127915	3,6,7,11,16	sue all ahh putt rubble
POOL	3168	0.841106832	1,4,9,12,16	an show lotte true -able
POOL	3169	0.841106832	1,4,9,12,16	as show lotte true -able
POOL	3170	0.841106832	1,4,9,12,16	at show lotte true -able
POOL	3171	0.841101641	4,7,11,16	ago la cut rubble
POOL	3172	0.841072331	3,6,7,11,16	who all ahh tock rubble
POOL	3173	0.841057091	1,4,9,11,12,16	uhh show lotte that air bell
POOL	3174	0.841050494	4,7,12,16	hope raw t'other -able
POOL	3175	0.841032172	4,7,12,16	show lock t'other -able
POOL	3176	0.841031364	4,7,11,16	at-home la top -able
POOL	3177	0.841027236	5,7,9,12,16	shoal la come tear -able
POOL	3178	0.841024940	1,4,6,9,11,16	uhh show real ott that rub
POOL	3179	0.841024024	1,4,9,12,16	up show lat true -able
POOL	3180	0.841023110	1,6,9,11,16	uhh hole got too rubble
POOL	3181	0.840961054	4,7,12,16	home lah country -able
POOL	3182	0.840941154	1,4,9,11,12,16	uhh show lat that air bill
POOL	3183	0.840937423	3,6,7,11,16	who all caught cut rubble
POOL	3184	0.840935148	2,4,7,11,16	os oh la pumped rubble
POOL	3185	0.840897934	6,9,12,16	hole gotta true -able
POOL	3186	0.840876992	4,7,11,16	at-home la come rubble
POOL	3187	0.840863739	4,7,12,16	so law country -able
POOL	3188	0.840803381	2,5,9,11,16	ass old lakh that rubble
POOL	3189	0.840781274	1,5,7,11,13,16	uhh hole la kant run bell
POOL	3190	0.840741221	1,4,9,12,16	uhh home lat true -able
POOL	3191	0.840737536	1,4,9,11,12,16	uhh show lott that air bell
POOL	3192	0.840728668	1,6,9,11,16	see hole got that -able
POOL	3193	0.840723366	1,4,9,12,16	an show lott true -able
POOL	3194	0.840723366	1,4,9,12,16	as show lott true -able
POOL	3195	0.840723366	1,4,9,12,16	at show lott true -able
POOL	3196	0.840617799	1,4,9,11,12,16	eh show lat that air bell
POOL	3197	0.840601973	3,7,12,16	who la t'other -able
POOL	3198	0.840562412	4,7,12,16	hope y'are t'other -able
POOL	3199	0.840559200	1,6,9,11,16	uhh hole ott that rubble
POOL	3200	0.840528646	1,4,9,12,16	see show lat true -able
POOL	3201	0.840528165	1,4,9,12,16	up show lotte true -able
POOL	3202	0.840527938	1,4,9,11,12,16	uhh show lotte that air bill
POOL	3203	0.840523384	1,4,6,9,11,16	uhh show lol got pfft rub
POOL	3204	0.840506661	4,7,12,16	hope raw country -able
POOL	3205	0.840488338	4,7,12,16	show lock country -able
POOL	3206	0.840426208	1,4,6,9,11,16	eh hoe lol got that rub
POOL	3207	0.840422318	6,9,12,16	hole aka true -able
POOL	3208	0.840417081	6,7,12,16	hole got t'other -able
POOL	3209	0.840370099	4,6,7,11,16	foe lol bah cut rubble
POOL	3210	0.840361686	1,4,6,9,11,16	uhh show lol got vet rub
POOL	3211	0.840251391	6,7,11,12,16	hole ahh tad lea -able
POOL	3212	0.840245362	1,4,9,12,16	uhh home lotte true -able
POOL	3213	0.840242341	4,7,11,16	at-home raw cut -able
POOL	3214	0.840241206	2,4,7,11,16	us oh la puffed nibble
POOL	3215	0.840206546	4,7,11,12,16	koh loch cut air -able
POOL	3216	0.840205062	1,4,9,12,16	uhh show lat tour -able
POOL	3217	0.840185145	4,7,11,16	at-home law cut rubble
POOL	3218	0.840144699	1,4,9,12,16	up show lott true -able
POOL	3219	0.840138925	1,6,9,11,16	uhh hole got too -able
POOL	3220	0.840113681	4,7,10,16	show law come terrible
POOL	3221	0.840101923	4,6,7,11,16	roe lol ahh chuffed rubble
POOL	3222	0.840079283	1,6,9,11,16	yeah hole got too rubble
POOL	3223	0.840058139	3,7,12,16	who la country -able
POOL	3224	0.840040997	4,7,12,16	hoe law t'other -able
POOL	3225	0.840032787	1,4,9,12,16	see show lotte true -able
POOL	3226	0.840024853	1,5,7,11,13,16	uhh hole la cut run bell's
POOL	3227	0.840018579	4,7,12,16	hope y'are country -able
POOL	3228	0.839968360	1,6,9,11,16	eh hole got too rubble
POOL	3229	0.839945528	4,6,7,11,16	hove lor ahh cut rubble
POOL	3230	0.839913403	4,9,12,16	show lotta tour -able
POOL	3231	0.839899048	6,7,12,16	hole la t'other -able
POOL	3232	0.839873248	6,7,12,16	hole got country -able
POOL	3233	0.839861896	1,4,9,12,16	uhh home lott true -able
POOL	3234	0.839797393	1,4,9,12,16	yeah home lat true -able
POOL	3235	0.839785309	1,6,7,11,16	earth hole ahh cut rubble
POOL	3236	0.839782570	5,7,9,11,12,16	hole la ca that are pell
POOL	3237	0.839780216	6,7,12,16	hole raw t'other -able
POOL	3238	0.839772283	1,6,9,11,16	uh hole got too rubble
POOL	3239	0.839767659	4,7,11,16	at-home la tough -able
POOL	3240	0.839754259	4,7,11,16	at-home y'are cut -able
POOL	3241	0.839751992	1,4,9,12,16	uhh show lat ver -able
POOL	3242	0.839730141	4,7,12,16	oh law t'other -able
POOL	3243	0.839725366	1,6,9,11,16	air hole got too rubble
POOL	3244	0.839709203	1,4,9,12,16	uhh show lotte tour -able
POOL	3245	0.839702726	2,5,7,11,13,16	ang ole la cut run tel
POOL	3246	0.839701759	1,6,9,11,16	uhh hole got vet rubble
POOL	3247	0.839686471	1,4,9,12,16	eh home lat true -able
POOL	3248	0.839675015	1,6,9,11,16	uhh hole ott that -able
POOL	3249	0.839649321	1,4,9,12,16	see show lott true -able
POOL	3250	0.839639794	5,9,11,14,16	hole lotta that grub al
POOL	3251	0.839563703	4,7,12,16	show rah t'other -able
POOL	3252	0.839538871	4,7,12,16	show las t'other -able
POOL	3253	0.839497164	4,7,12,16	hoe law country -able
POOL	3254	0.839490393	1,4,9,12,16	uh home lat true -able
POOL	3255	0.839461133	1,4,9,12,16	uhh show rot true -able
POOL	3256	0.839444999	4,7,12,16	so raw t'other -able
POOL	3257	0.839443476	1,4,9,12,16	air home lat true -able
POOL	3258	0.839427001	4,5,7,11,16	show blew la cut rubble
POOL	3259	0.839412612	1,5,7,11,13,16	uhh hole lop cut run bell
POOL	3260	0.839407144	4,9,12,16	show lotta tell -able
POOL	3261	0.839406997	4,7,11,16	ago la come -able
POOL	3262	0.839373014	6,7,12,16	hole uhh t'other -able
POOL	3263	0.839359541	4,7,9,11,16	show lear dah that rubble
POOL	3264	0.839359531	5,7,9,11,16	hole la come knock rubble
POOL	3265	0.839355215	6,7,12,16	hole la country -able
POOL	3266	0.839325738	1,4,9,12,16	uhh show lott tour -able
POOL	3267	0.839301534	1,4,9,12,16	yeah home lotte true -able
POOL	3268	0.839279088	4,7,9,11,16	koh la tuck that rubble
POOL	3269	0.839272788	1,5,7,11,16	uhh hole la cut rubble
POOL	3270	0.839261234	1,4,9,12,16	yeah show lat tour -able
POOL	3271	0.839256133	1,4,9,12,16	uhh show lotte ver -able
POOL	3272	0.839236382	6,7,12,16	hole raw country -able
POOL	3273	0.839204573	4,9,12,16	show lotta star -able
POOL	3274	0.839190612	1,4,9,12,16	eh home lotte true -able
POOL	3275	0.839187629	1,4,9,12,16	uhh show lat tree -able
POOL	3276	0.839186308	4,7,12,16	oh law country -able
POOL	3277	0.839166389	1,4,9,12,16	uhh show lat ter -able
POOL	3278	0.839150312	1,4,9,12,16	eh show lat tour -able
POOL	3279	0.839137038	1,4,9,12,16	uhh show lat stir -able
POOL	3280	0.839128687	4,7,12,16	hope lol t'other -able
POOL	3281	0.839124665	1,4,9,12,16	uhh show lat that -able
POOL	3282	0.839124665	1,4,9,12,16	uhh show lat their -able
POOL	3283	0.839124665	1,4,9,12,16	uhh show lat there -able
POOL	3284	0.839113719	4,7,12,16	hoa law t'other -able
POOL	3285	0.839080982	4,7,12,16	ho law t'other -able
POOL	3286	0.839077144	1,4,9,12,16	uhh show lat star -able
POOL	3287	0.839042285	6,7,10,16	hole ahh come terrible
POOL	3288	0.839033675	4,8,11,12,16	show lat um air -able
POOL	3289	0.839019869	4,7,12,16	show rah country -able
POOL	3290	0.839011595	4,7,11,16	at-home la top rubble
POOL	3291	0.838995037	4,7,12,16	show las country -able
POOL	3292	0.838967243	4,7,11,16	at-home la tut -able
POOL	3293	0.838958884	2,3,5,7,11,16	us new all la tent rub
POOL	3294	0.838901165	4,7,12,16	so raw country -able
POOL	3295	0.838849922	4,7,12,16	hope real t'other -able
POOL	3296	0.838829180	6,7,12,16	hole uhh country -able
POOL	3297	0.838822228	4,7,10,16	home la tough terrible
POOL	3298	0.838794647	1,4,7,11,13,16	uhh ha la cut run bell
POOL	3299	0.838735970	6,7,10,16	hole awe come terrible
POOL	3300	0.838723249	4,6,7,11,16	show lol ahh tot hubble
POOL	3301	0.838715150	4,7,11,16	ago law cut -able
POOL	3302	0.838641611	4,9,12,16	show lotta tree -able
POOL	3303	0.838596939	6,7,10,16	hole ah come terrible
POOL	3304	0.838584853	4,7,12,16	hope lol country -able
POOL	3305	0.838579105	1,5,7,9,11,16	uhh hole la ca that rub
POOL	3306	0.838569886	4,7,12,16	hoa law country -able
POOL	3307	0.838537149	4,7,12,16	ho law country -able
POOL	3308	0.838532911	2,6,8,9,11,16	us ole got uhh that rub
POOL	3309	0.838507496	4,7,11,16	uh-oh la cut -able
POOL	3310	0.838490501	4,7,11,16	at-home law come -able
POOL	3311	0.838463561	4,7,12,16	home lock t'other -able
POOL	3312	0.838449162	3,4,7,11,16	who low ross cut rubble
POOL	3313	0.838389174	1,4,7,11,13,16	n show la taunt run bell
POOL	3314	0.838388603	1,5,7,11,16	uhh hole la cut -able
POOL	3315	0.838360046	4,7,11,16	at-home la test -able
POOL	3316	0.838328960	1,5,7,11,16	yeah hole la cut rubble
POOL	3317	0.838323922	4,7,9,11,16	show la tuff that bubble
POOL	3318	0.838320534	4,7,11,16	at-home lol cut -able
POOL	3319	0.838312469	4,8,9,12,16	show lat i. true -able
POOL	3320	0.838306089	4,7,12,16	hope real country -able
POOL	3321	0.838284928	4,9,12,16	show lotta turn -able
POOL	3322	0.838276064	3,6,7,11,16	who cour ahh caught rubble
POOL	3323	0.838222572	4,7,11,16	at-home raw cut rubble
POOL	3324	0.838222416	4,7,10,16	show la done terrible
POOL	3325	0.838218038	1,5,7,11,16	eh hole la cut rubble
POOL	3326	0.838213153	1,6,7,11,14,16	anne hole ahh cut add al
POOL	3327	0.838197021	6,7,9,12,16	hole ahh tie veal -able
POOL	3328	0.838163048	4,7,10,16	hope la come terrible
POOL	3329	0.838160431	4,6,7,10,16	show lol ahh tun treble
POOL	3330	0.838155941	6,7,11,12,16	hole oh tarte air -able
POOL	3331	0.838151107	4,7,10,16	show raw come terrible
POOL	3332	0.838041769	4,7,11,16	at-home real cut -able
POOL	3333	0.838021960	1,5,7,11,16	uh hole la cut rubble
POOL	3334	0.837975044	1,5,7,11,16	air hole la cut rubble
POOL	3335	0.837924211	6,8,10,12,16	hole got love tour -able
POOL	3336	0.837857964	6,9,12,16	hole ata tour -able
POOL	3337	0.837832538	4,7,11,16	at-home la touch -able
POOL	3338	0.837765853	4,9,12,16	hope lotta true -able
POOL	3339	0.837747890	4,7,11,16	at-home la tough rubble
POOL	3340	0.837736063	4,9,11,16	show lotta that -able
POOL	3341	0.837736063	4,9,12,16	show lotta their -able
POOL	3342	0.837736063	4,9,12,16	show lotta there -able
POOL	3343	0.837734490	4,7,11,16	at-home y'are cut rubble
POOL	3344	0.837726598	1,5,7,9,11,16	eh hole la ca that rub
POOL	3345	0.837701964	4,9,11,14,16	show lotta that rug al
POOL	3346	0.837683839	5,7,9,11,16	hole la t to rubble
POOL	3347	0.837663026	4,7,10,16	show y'are come terrible
POOL	3348	0.837643156	4,6,7,9,16	show lol ahh sha treble
POOL	3349	0.837631161	3,4,7,11,16	who oh la cut rada
POOL	3350	0.837545070	4,7,10,16	home law come terrible
POOL	3351	0.837541986	4,9,12,16	show lotta view -able
POOL	3352	0.837541600	4,7,11,16	ago la top -able
POOL	3353	0.837536749	1,5,7,9,11,16	uh hole la ca that rub
POOL	3354	0.837444775	1,5,7,11,16	yeah hole la cut -able
POOL	3355	0.837387228	4,7,11,16	ago la come rubble
POOL	3356	0.837351706	6,9,12,16	hole ata tell -able
POOL	3357	0.837344792	4,9,12,16	home lotta tour -able
POOL	3358	0.837333853	1,5,7,11,16	eh hole la cut -able
POOL	3359	0.837330285	4,7,11,13,16	roh la can't run -able
POOL	3360	0.837317707	4,8,9,12,16	show lat uhh verse -able
POOL	3361	0.837308682	2,6,8,11,16	us sole got love rubble
POOL	3362	0.837302943	1,5,7,11,16	an hole la cut rubble
POOL	3363	0.837302943	1,5,7,11,16	as hole la cut rubble
POOL	3364	0.837302943	1,5,7,11,16	at hole la cut rubble
POOL	3365	0.837293553	1,6,7,11,16	ass hole ahh ton rubble
POOL	3366	0.837240999	1,5,7,11,14,16	ack hole la dutt rub al
POOL	3367	0.837223629	5,7,9,11,16	hole la come that ramble
POOL	3368	0.837202081	4,7,11,16	at-home la cunt -able
POOL	3369	0.837194141	6,8,10,12,16	hole ott love true -able
POOL	3370	0.837169419	4,7,11,16	at-home la trust -able
POOL	3371	0.837149135	6,9,12,16	hole ata star -able
POOL	3372	0.837145864	4,9,11,16	show lotta too -able
POOL	3373	0.837137775	1,5,7,11,16	uh hole la cut -able
POOL	3374	0.837119811	1,6,9,11,12,16	uhh hole got that are bell
POOL	3375	0.837112174	1,5,7,9,11,16	uhh hole la tough that rub
POOL	3376	0.837102444	5,8,11,12,16	hole lat love air -able
POOL	3377	0.837090859	1,5,7,11,16	air hole la cut -able
POOL	3378	0.837010383	5,8,11,12,16	hole lat love are -able
POOL	3379	0.836991388	4,7,11,16	at-home la cost -able
POOL	3380	0.836984579	4,7,10,16	show law tough terrible
POOL	3381	0.836960846	6,9,11,14,16	hole ata that bruh al
POOL	3382	0.836947475	4,7,11,16	at-home la tut rubble
POOL	3383	0.836908452	4,7,11,16	at-home lah cut -able
POOL	3384	0.836906777	6,8,10,12,16	hole got love tree -able
POOL	3385	0.836885538	6,8,10,12,16	hole got love ter -able
POOL	3386	0.836869748	2,6,9,11,16	us old ta that rubble
POOL	3387	0.836864045	6,8,10,12,16	hole not love true -able
POOL	3388	0.836838534	4,9,12,16	home lotta tell -able
POOL	3389	0.836802855	1,4,7,11,14,16	uhh cho la dutt rub al
POOL	3390	0.836797193	1,4,7,11,13,16	ahn show lob cut run bell
POOL	3391	0.836773966	3,4,7,11,16	who low la tongues rubble
POOL	3392	0.836752577	4,7,11,16	ago raw cut -able
POOL	3393	0.836749895	4,6,7,10,16	show lol ahh come tumble
POOL	3394	0.836724276	1,5,7,11,16	up hole la cut rubble
POOL	3395	0.836698242	1,5,7,9,11,16	uhh hole la come that rub
POOL	3396	0.836695382	4,7,11,16	ago law cut rubble
POOL	3397	0.836691087	3,6,7,11,16	who all ahh cut ramble
POOL	3398	0.836688591	6,9,12,16	hole gotta tour -able
POOL	3399	0.836643791	4,8,10,12,16	show lat love true -able
POOL	3400	0.836635963	4,9,12,16	home lotta star -able
POOL	3401	0.836625105	4,7,11,16	at-home law top -able
POOL	3402	0.836606585	5,8,11,12,16	hole lotte love air -able
POOL	3403	0.836586172	6,9,12,16	hole ata tree -able
POOL	3404	0.836564092	4,7,10,16	show la cause terrible
POOL	3405	0.836557552	4,7,10,16	so la come terrible
POOL	3406	0.836527928	4,7,11,16	at-home raw come -able
POOL	3407	0.836514525	5,8,11,12,16	hole lotte love are -able
POOL	3408	0.836487727	4,7,11,16	uh-oh la cut rubble
POOL	3409	0.836470733	4,7,11,16	at-home law come rubble
POOL	3410	0.836418758	1,5,7,11,16	an hole la cut -able
POOL	3411	0.836418758	1,5,7,11,16	as hole la cut -able
POOL	3412	0.836418758	1,5,7,11,16	at hole la cut -able
POOL	3413	0.836360684	6,7,9,12,16	hole th'are tug purr -able
POOL	3414	0.836340277	4,7,11,16	at-home la test rubble
POOL	3415	0.836325770	2,4,8,11,16	us oh plot und rubble
POOL	3416	0.836325379	1,4,9,11,12,16	uhh show lat that raw bell
POOL	3417	0.836323536	1,5,7,11,12,16	uhh hole la cut in bell
POOL	3418	0.836300765	4,7,11,16	at-home lol cut rubble
POOL	3419	0.836294603	4,7,10,16	show la love terrible
POOL	3420	0.836293679	2,4,7,11,16	us oh ahh cut ruffle
POOL	3421	0.836278266	6,8,10,12,16	hole art love true -able
POOL	3422	0.836277895	4,7,11,16	ago la tough -able
POOL	3423	0.836269204	6,8,10,12,16	hole got love tell -able
POOL	3424	0.836264495	4,7,11,16	ago y'are cut -able
POOL	3425	0.836259667	1,5,7,9,11,16	eh hole la tough that rub
POOL	3426	0.836251252	6,7,10,16	hole are come terrible
POOL	3427	0.836250970	5,7,11,12,16	hole la tongues poor -able
POOL	3428	0.836230398	4,7,11,13,16	koh la cut rub -able
POOL	3429	0.836229489	6,9,12,16	hole ata turn -able
POOL	3430	0.836229300	4,7,10,16	show lol come terrible
POOL	3431	0.836228897	1,5,7,11,16	see hole la cut rubble
POOL	3432	0.836223120	5,8,11,12,16	hole lott love air -able
POOL	3433	0.836212975	6,9,12,16	hole aka tour -able
POOL	3434	0.836182332	6,9,12,16	hole gotta tell -able
POOL	3435	0.836160357	4,9,12,16	so lotta true -able
POOL	3436	0.836147932	4,8,10,12,16	show lotte love true -able
POOL	3437	0.836131059	5,8,11,12,16	hole lott love are -able
POOL	3438	0.836121534	1,4,7,9,11,16	umm show la ca that rub
POOL	3439	0.836073000	4,9,12,16	home lotta tree -able
POOL	3440	0.836069818	1,5,7,9,11,16	uh hole la tough that rub
POOL	3441	0.836046269	1,5,7,11,13,16	uhh oh la cut run bell
POOL	3442	0.836039846	4,7,11,16	at-home y'are come -able
POOL	3443	0.836022000	4,7,11,16	at-home real cut rubble
POOL	3444	0.836010383	5,8,11,12,16	hole lat love or -able
POOL	3445	0.835979761	6,9,12,16	hole gotta star -able
POOL	3446	0.835950536	4,7,10,16	show real come terrible
POOL	3447	0.835915131	4,7,11,16	at-home la cut rebel
POOL	3448	0.835913926	2,4,8,9,11,16	us oh locked uhh that rub
POOL	3449	0.835913183	6,7,10,16	hole ahh tough terrible
POOL	3450	0.835879050	5,8,11,12,16	hole lock love air -able
POOL	3451	0.835840091	1,5,7,11,16	up hole la cut -able
POOL	3452	0.835820611	4,7,10,16	show la ton terrible
POOL	3453	0.835812769	4,7,11,16	at-home la touch rubble
POOL	3454	0.835786990	5,8,11,12,16	hole lock love are -able
POOL	3455	0.835778782	4,7,10,16	show la does terrible
POOL	3456	0.835774322	6,8,10,12,16	hole got love care -able
POOL	3457	0.835764466	4,8,10,12,16	show lott love true -able
POOL	3458	0.835749175	5,8,11,12,16	hole lat at air -able
POOL	3459	0.835716317	4,9,12,16	home lotta turn -able
POOL	3460	0.835716295	4,9,11,16	show lotta that rubble
POOL	3461	0.835706717	6,9,12,16	hole aka tell -able
POOL	3462	0.835683901	6,8,10,12,16	hole shot love true -able
POOL	3463	0.835680625	6,9,11,16	hole ata that -able
POOL	3464	0.835680625	6,9,12,16	hole ata their -able
POOL	3465	0.835680625	6,9,12,16	hole ata there -able
POOL	3466	0.835653806	4,7,10,16	home la done terrible
POOL	3467	0.835621431	6,8,10,12,16	hole got love turn -able
POOL	3468	0.835606868	6,7,10,16	hole awe tough terrible
POOL	3469	0.835582497	4,7,10,16	home raw come terrible
POOL	3470	0.835521832	4,7,11,16	ago la top rubble
POOL	3471	0.835514525	5,8,11,12,16	hole lotte love or -able
POOL	3472	0.835504146	6,9,12,16	hole aka star -able
POOL	3473	0.835492789	5,7,12,16	hole law t'other -able
POOL	3474	0.835486548	6,9,12,16	hole ata view -able
POOL	3475	0.835477480	4,7,11,16	ago la tut -able
POOL	3476	0.835467837	6,7,10,16	hole ah tough terrible
POOL	3477	0.835420397	4,8,10,12,16	show lock love true -able
POOL	3478	0.835416799	6,9,12,16	hole gotta tree -able
POOL	3479	0.835361400	4,7,11,16	at-home law tough -able
POOL	3480	0.835356067	6,9,12,16	ahold got true -able
POOL	3481	0.835344712	1,5,7,11,16	see hole la cut -able
POOL	3482	0.835336831	5,7,9,12,16	seoul yah come true -able
POOL	3483	0.835325551	5,8,11,12,16	hole lat up air -able
POOL	3484	0.835302687	5,9,11,12,16	hole plot suit air -able
POOL	3485	0.835253316	5,8,11,12,16	hole lotte at air -able
POOL	3486	0.835211691	6,7,9,11,16	hole ahh come that rada
POOL	3487	0.835206565	4,7,10,16	show la tom terrible
POOL	3488	0.835203154	6,8,10,12,16	hole hot love true -able
POOL	3489	0.835190977	4,7,10,16	hoe la come terrible
POOL	3490	0.835182313	4,7,11,16	at-home la cunt rubble
POOL	3491	0.835167453	4,9,11,16	home lotta that -able
POOL	3492	0.835167453	4,9,12,16	home lotta their -able
POOL	3493	0.835167453	4,9,12,16	home lotta there -able
POOL	3494	0.835149650	4,7,11,16	at-home la trust rubble
POOL	3495	0.835131059	5,8,11,12,16	hole lott love or -able
POOL	3496	0.835126096	4,9,11,16	show lotta too rubble
POOL	3497	0.835119153	4,9,12,16	at-home lat true -able
POOL	3498	0.835094415	4,7,10,16	home y'are come terrible
POOL	3499	0.835090426	6,9,11,16	hole ata too -able
POOL	3500	0.835060116	6,9,12,16	hole gotta turn -able
POOL	3501	0.835048587	6,7,9,12,16	hole ahh come true babel
POOL	3502	0.835033946	4,7,10,16	hope la tough terrible
POOL	3503	0.835031675	2,6,7,11,16	us ow ahh chuffed rubble
POOL	3504	0.835028711	5,8,9,12,16	hole lat uhh true -able
POOL	3505	0.835022006	4,7,10,16	show raw tough terrible
POOL	3506	0.835001252	6,7,10,16	hole on come terrible
POOL	3507	0.835000738	4,7,11,16	ago law come -able
POOL	3508	0.834973376	4,9,12,16	home lotta view -able
POOL	3509	0.834971619	4,7,11,16	at-home la cost rubble
POOL	3510	0.834968573	1,5,9,11,14,16	uhh hole lok thought rub al
POOL	3511	0.834948956	5,7,12,16	hole law country -able
POOL	3512	0.834945574	1,6,7,9,11,16	eff hole ahh ca that rub
POOL	3513	0.834941183	6,9,12,16	hole aka tree -able
POOL	3514	0.834908571	6,8,10,12,16	hole got love term -able
POOL	3515	0.834908522	1,4,7,11,16	uhh show la temp rubble
POOL	3516	0.834888684	4,7,11,16	at-home lah cut rubble
POOL	3517	0.834870282	4,7,11,16	ago la test -able
POOL	3518	0.834869850	5,8,11,12,16	hole lott at air -able
POOL	3519	0.834830770	4,7,11,16	ago lol cut -able
POOL	3520	0.834829692	5,8,11,12,16	hole lotte up air -able
POOL	3521	0.834793782	4,9,12,16	hoe lotta true -able
POOL	3522	0.834793083	4,7,11,16	uh-oh la come -able
POOL	3523	0.834786990	5,8,11,12,16	hole lock love or -able
POOL	3524	0.834732808	4,7,11,16	ago raw cut rubble
POOL	3525	0.834723565	6,8,10,12,16	hole got love car -able
POOL	3526	0.834677277	4,7,9,12,16	ko la come straw -able
POOL	3527	0.834671674	2,6,7,9,16	us wool ahh come treble
POOL	3528	0.834666439	1,4,7,11,13,16	umm show la cut heir bell
POOL	3529	0.834663894	2,5,9,11,14,16	us o. ott that rub al
POOL	3530	0.834662531	4,7,11,16	at-home raw top -able
POOL	3531	0.834606121	4,7,11,16	at-home lol come -able
POOL	3532	0.834605336	4,7,11,16	at-home law top rubble
POOL	3533	0.834590031	6,7,11,16	ahold ahh cut -able
POOL	3534	0.834585601	1,5,7,11,16	uhh hole la tut rubble
POOL	3535	0.834584500	6,9,12,16	hole aka turn -able
POOL	3536	0.834577254	4,9,11,16	home lotta too -able
POOL	3537	0.834572883	5,8,11,12,16	hole lat love new -able
POOL	3538	0.834532852	5,8,9,12,16	hole lotte uhh true -able
POOL	3539	0.834525781	5,8,11,12,16	hole lock at air -able
POOL	3540	0.834513362	5,8,11,12,16	hole not love air -able
POOL	3541	0.834511252	6,9,11,16	hole gotta that -able
POOL	3542	0.834511252	6,9,12,16	hole gotta their -able
POOL	3543	0.834511252	6,9,12,16	hole gotta there -able
POOL	3544	0.834499329	4,9,12,16	at-home lotte true -able
POOL	3545	0.834482927	4,9,12,16	oh lotta true -able
POOL	3546	0.834482808	6,7,10,16	hole y'are come terrible
POOL	3547	0.834462279	1,5,7,11,16	uhh hole la come rubble
POOL	3548	0.834446227	5,8,11,12,16	hole lott up air -able
POOL	3549	0.834440827	2,4,7,11,16	us oh wa shunt rubble
POOL	3550	0.834437467	2,5,7,12,16	us old la t'other bal
POOL	3551	0.834368718	6,8,10,12,16	hole at love true -able
POOL	3552	0.834363870	2,5,7,11,16	us no la cut rubble
POOL	3553	0.834317174	6,9,12,16	hole gotta view -able
POOL	3554	0.834312493	1,4,7,11,14,16	ash show la of rub al
POOL	3555	0.834307913	2,5,7,11,13,16	us ore la cut ore bell
POOL	3556	0.834283716	6,7,11,16	ahold awe cut -able
POOL	3557	0.834233140	3,7,12,16	who raw t'other -able
POOL	3558	0.834149386	5,8,9,12,16	hole lott uhh true -able
POOL	3559	0.834144685	6,7,11,16	ahold ah cut -able
POOL	3560	0.834102158	5,8,11,12,16	hole lock up air -able
POOL	3561	0.834091483	4,6,7,11,16	show lea ahh cut russell
POOL	3562	0.834077025	5,8,11,12,16	hole lotte love new -able
POOL	3563	0.834068840	4,6,8,9,11,16	au lol got uhh that rub
POOL	3564	0.834054709	4,8,10,12,16	show not love true -able
POOL	3565	0.834035636	6,9,11,16	hole aka that -able
POOL	3566	0.834035636	6,9,12,16	hole aka their -able
POOL	3567	0.834035636	6,9,12,16	hole aka there -able
POOL	3568	0.834019997	4,9,12,16	at-home lott true -able
POOL	3569	0.834009145	6,8,10,12,16	hole got as true -able
POOL	3570	0.833981257	6,8,10,12,16	hole got love tear -able
POOL	3571	0.833936995	3,5,7,11,16	shaw all la dutt rubble
POOL	3572	0.833921053	6,9,11,16	hole gotta too -able
POOL	3573	0.833892601	1,3,6,7,11,16	uhh who all ahh dust rub
POOL	3574	0.833866505	4,9,12,16	hoa lotta true -able
POOL	3575	0.833848293	2,5,7,11,14,16	nth ole la cut rub re-
POOL	3576	0.833841559	6,9,12,16	hole aka view -able
POOL	3577	0.833833768	4,9,12,16	ho lotta true -able
POOL	3578	0.833826667	6,8,10,12,16	hole ott love tour -able
POOL	3579	0.833812476	4,8,10,12,16	home lat love true -able
POOL	3580	0.833805317	5,8,9,12,16	hole lock uhh true -able
POOL	3581	0.833777883	5,8,9,12,16	hole lat uh true -able
POOL	3582	0.833713624	5,8,11,12,16	hole let love air -able
POOL	3583	0.833701416	1,5,7,11,16	uhh hole la tut -able
POOL	3584	0.833693559	5,8,11,12,16	hole lott love new -able
POOL	3585	0.833689306	3,7,12,16	who raw country -able
POOL	3586	0.833660856	6,9,11,16	hole ata that rubble
POOL	3587	0.833660690	4,6,10,16	home lol come terrible
POOL	3588	0.833641774	1,5,7,11,16	yeah hole la tut rubble
POOL	3589	0.833621563	5,8,11,12,16	hole let love are -able
POOL	3590	0.833605272	4,9,11,16	show lotta meet -able
POOL	3591	0.833578094	1,5,7,11,16	uhh hole la come -able
POOL	3592	0.833556510	4,9,12,16	hope lotta tour -able
POOL	3593	0.833530851	1,5,7,11,16	eh hole la tut rubble
POOL	3594	0.833518451	1,5,7,11,16	yeah hole la come rubble
POOL	3595	0.833496571	6,8,10,12,16	hole not love tour -able
POOL	3596	0.833491342	2,4,7,11,16	bass flow la cut rubble
POOL	3597	0.833445437	6,9,11,16	hole aka too -able
POOL	3598	0.833407529	1,5,7,11,16	eh hole la come rubble
POOL	3599	0.833398791	5,8,11,12,16	hole lat loved air -able
POOL	3600	0.833381925	4,6,10,16	home real come terrible
POOL	3601	0.833363582	2,5,6,7,11,16	us ole all ahh tom rub
POOL	3602	0.833350934	1,5,7,11,16	uhh hole la tough rubble
POOL	3603	0.833349490	5,8,11,12,16	hole lock love new -able
POOL	3604	0.833334774	1,5,7,11,16	uh hole la tut rubble
POOL	3605	0.833317016	5,8,11,12,16	hole lat but air -able
POOL	3606	0.833317016	5,8,11,12,16	hole lat what air -able
POOL	3607	0.833316617	4,8,10,12,16	home lotte love true -able
POOL	3608	0.833306730	5,8,11,12,16	hole lat loved are -able
POOL	3609	0.833304777	6,8,10,12,16	hole odd love true -able
POOL	3610	0.833287857	1,5,7,11,16	air hole la tut rubble
POOL	3611	0.833282024	5,8,9,12,16	hole lotte uh true -able
POOL	3612	0.833276317	4,8,10,12,16	show lat love tour -able
POOL	3613	0.833260332	6,8,10,12,16	hole bought love true -able
POOL	3614	0.833254971	4,8,10,12,16	show let love true -able
POOL	3615	0.833231575	1,4,6,9,16	uhh show lol got treble
POOL	3616	0.833219614	5,8,11,12,16	hole lat at new -able
POOL	3617	0.833211451	1,5,7,11,16	uh hole la come rubble
POOL	3618	0.833190745	1,5,7,9,11,16	uhh hole la tub that rub
POOL	3619	0.833173608	6,8,10,12,16	hole caught love true -able
POOL	3620	0.833164534	1,5,7,11,16	air hole la come rubble
POOL	3621	0.833148461	1,5,7,11,16	uhh hole law cut rubble
POOL	3622	0.833147684	4,9,11,16	home lotta that rubble
POOL	3623	0.833122150	6,7,10,16	hole are tough terrible
POOL	3624	0.833114068	2,5,7,9,16	us old la car treble
POOL	3625	0.833108237	1,4,6,9,16	uhh show lol got rubble
POOL	3626	0.833103207	5,7,11,12,16	hole lack shoved air -able
POOL	3627	0.833100198	4,6,10,16	show lol tough terrible
POOL	3628	0.833095967	2,5,7,9,16	us coal la come treble
POOL	3629	0.833070657	6,9,11,16	hole ata too rubble
POOL	3630	0.833057762	6,8,10,12,16	hole got us true -able
POOL	3631	0.833050252	4,9,12,16	hope lotta tell -able
POOL	3632	0.833015450	5,8,11,12,16	hole rock love air -able
POOL	3633	0.832991041	5,8,11,12,16	hole rot love air -able
POOL	3634	0.832974574	1,5,7,11,16	uhh hole la top rubble
POOL	3635	0.832958342	5,8,11,12,16	hole lat love re- -able
POOL	3636	0.832933151	4,8,10,12,16	home lott love true -able
POOL	3637	0.832927722	1,5,7,11,16	uhh hole raw cut rubble
POOL	3638	0.832923389	5,8,11,12,16	hole rock love are -able
POOL	3639	0.832910792	6,8,10,12,16	hole art love tour -able
POOL	3640	0.832909924	5,8,11,12,16	hole lat want air -able
POOL	3641	0.832902932	5,8,11,12,16	hole lotte loved air -able
POOL	3642	0.832898980	5,8,11,12,16	hole rot love are -able
POOL	3643	0.832898559	5,8,9,12,16	hole lott uh true -able
POOL	3644	0.832897742	4,6,7,9,16	ow lol ahh come treble
POOL	3645	0.832883397	1,5,9,11,13,16	uhh hole clot that run bell
POOL	3646	0.832848737	4,9,11,16	show lotta thought -able
POOL	3647	0.832847681	4,9,12,16	hope lotta star -able
POOL	3648	0.832821434	4,6,10,16	show real tough terrible
POOL	3649	0.832821157	5,8,11,12,16	hole lotte but air -able
POOL	3650	0.832821157	5,8,11,12,16	hole lotte what air -able
POOL	3651	0.832817864	5,8,11,12,16	hole lat want are -able
POOL	3652	0.832810871	5,8,11,12,16	hole lotte loved are -able
POOL	3653	0.832809234	6,8,10,12,16	hole ott love tree -able
POOL	3654	0.832795991	5,8,11,12,16	hole lat up new -able
POOL	3655	0.832794159	5,7,12,16	hole love t'other -able
POOL	3656	0.832787994	6,8,10,12,16	hole ott love ter -able
POOL	3657	0.832780458	4,8,10,12,16	show lotte love tour -able
POOL	3658	0.832757589	1,5,7,11,16	yeah hole la tut -able
POOL	3659	0.832744761	6,7,10,16	hole ahh done terrible
POOL	3660	0.832723755	5,8,11,12,16	hole lotte at new -able
POOL	3661	0.832646666	1,5,7,11,16	eh hole la tut -able
POOL	3662	0.832634266	1,5,7,11,16	yeah hole la come -able
POOL	3663	0.832621563	5,8,11,12,16	hole let love or -able
POOL	3664	0.832620485	6,9,11,14,16	hole alta that rub elk
POOL	3665	0.832619373	1,4,7,11,13,16	uhh ohh rod cut run bell
POOL	3666	0.832615756	1,5,7,11,16	an hole la tut rubble
POOL	3667	0.832615756	1,5,7,11,16	as hole la tut rubble
POOL	3668	0.832615756	1,5,7,11,16	at hole la tut rubble
POOL	3669	0.832589448	5,8,11,12,16	hole lat love yeah -able
POOL	3670	0.832589082	4,8,10,12,16	home lock love true -able
POOL	3671	0.832570262	6,7,11,16	ahold ahh cut rubble
POOL	3672	0.832563431	5,8,11,12,16	hole lat love you -able
POOL	3673	0.832557485	4,9,11,16	home lotta too rubble
POOL	3674	0.832556797	4,8,10,12,16	show rock love true -able
POOL	3675	0.832554489	5,8,9,12,16	hole lock uh true -able
POOL	3676	0.832532388	4,8,10,12,16	show rot love true -able
POOL	3677	0.832523344	1,5,7,11,16	eh hole la come -able
POOL	3678	0.832519466	5,8,11,12,16	hole lott loved air -able
POOL	3679	0.832502152	5,9,11,14,16	hole plata to rub al
POOL	3680	0.832492434	1,5,7,11,16	an hole la come rubble
POOL	3681	0.832492434	1,5,7,11,16	as hole la come rubble
POOL	3682	0.832492434	1,5,7,11,16	at hole la come rubble
POOL	3683	0.832491483	6,9,11,16	hole gotta that rubble
POOL	3684	0.832480198	5,8,9,12,16	hole lat up true -able
POOL	3685	0.832479137	6,8,10,12,16	hole not love tree -able
POOL	3686	0.832466749	1,5,7,11,16	uhh hole la tough -able
POOL	3687	0.832465494	2,5,7,11,14,16	asp ole flock cut rub al
POOL	3688	0.832457897	6,8,10,12,16	hole not love ter -able
POOL	3689	0.832450589	1,5,7,11,16	uh hole la tut -able
POOL	3690	0.832439629	5,8,9,12,16	hole not uhh true -able
POOL	3691	0.832438446	6,7,10,16	hole awe done terrible
POOL	3692	0.832435940	5,7,11,12,16	who'll la punt air -able
POOL	3693	0.832419065	3,4,7,11,16	ashe oh la tufts rubble
POOL	3694	0.832407106	1,5,7,11,16	yeah hole la tough rubble
POOL	3695	0.832403672	1,5,7,12,16	air hole la tut -able
POOL	3696	0.832396992	4,8,10,12,16	show lott love tour -able
POOL	3697	0.832369175	4,9,11,16	show lotta vet -able
POOL	3698	0.832316427	6,8,10,12,16	hole shot love tour -able
POOL	3699	0.832301481	5,7,12,16	hold la t'other -able
POOL	3700	0.832299415	6,7,10,16	hole ah done terrible
POOL	3701	0.832293255	5,7,11,14,16	uphold la cut rubbed al
POOL	3702	0.832290892	5,7,11,12,16	hole la cut air ombre
POOL	3703	0.832287748	1,4,6,9,16	yeah show lol got treble
POOL	3704	0.832284718	4,9,12,16	hope lotta tree -able
POOL	3705	0.832263947	6,7,11,16	ahold awe cut rubble
POOL	3706	0.832259037	5,7,11,12,16	hole young cut re -able
POOL	3707	0.832258883	4,8,10,12,16	show lat love tree -able
POOL	3708	0.832250326	5,7,12,16	hole love country -able
POOL	3709	0.832237644	4,8,10,12,16	show lat love ter -able
POOL	3710	0.832176825	1,4,6,9,16	eh show lol got treble
POOL	3711	0.832171660	6,8,10,12,16	hole ott love tell -able
POOL	3712	0.832164409	1,4,6,9,16	yeah show lol got rubble
POOL	3713	0.832124916	6,7,11,16	ahold ah cut rubble
POOL	3714	0.832111134	2,6,7,11,16	earth seoul da cut rubble
POOL	3715	0.832102075	5,7,10,12,16	cole la come true -able
POOL	3716	0.832053487	1,4,6,9,16	eh show lol got rubble
POOL	3717	0.832052923	4,8,10,12,16	show lock love tour -able
POOL	3718	0.832015867	6,9,11,16	hole aka that rubble
POOL	3719	0.831999263	5,7,11,13,16	hole la tuck rack -able
POOL	3720	0.831984339	5,8,9,12,16	hole lotte up true -able
POOL	3721	0.831980748	1,4,6,9,16	uh show lol got treble
POOL	3722	0.831951015	4,9,12,16	so lotta tour -able
POOL	3723	0.831933831	1,4,6,9,16	air show lol got treble
POOL	3724	0.831928035	4,9,12,16	hope lotta turn -able
POOL	3725	0.831901284	6,9,11,16	hole gotta too rubble
POOL	3726	0.831893358	6,8,10,12,16	hole art love tree -able
POOL	3727	0.831872150	6,7,10,16	hole on tough terrible
POOL	3728	0.831872119	6,8,10,12,16	hole art love ter -able
POOL	3729	0.831845971	1,6,7,11,16	uhh hole ahh tonnes rubble
POOL	3730	0.831841564	6,8,10,12,16	hole not love tell -able
POOL	3731	0.831835975	5,8,9,12,16	hole lat us true -able
POOL	3732	0.831835680	6,8,10,12,16	hole hot love tour -able
POOL	3733	0.831798998	6,7,11,16	ahold are cut -able
POOL	3734	0.831775128	4,9,11,16	show lotta met -able
POOL	3735	0.831763024	4,8,10,12,16	show lotte love tree -able
POOL	3736	0.831757648	5,7,12,16	hold la country -able
POOL	3737	0.831744806	6,8,10,12,16	hole got come true -able
POOL	3738	0.831741785	4,8,10,12,16	show lotte love ter -able
POOL	3739	0.831731571	1,5,7,12,16	an hole la tut -able
POOL	3740	0.831731571	1,5,7,12,16	as hole la tut -able
POOL	3741	0.831731571	1,5,7,12,16	at hole la tut -able
POOL	3742	0.831676779	6,8,10,12,16	hole ott love care -able
POOL	3743	0.831661237	5,8,9,12,16	hole lat uhh tour -able
POOL	3744	0.831655422	1,4,7,11,13,16	uhh show lar tub run bell
POOL	3745	0.831639891	5,8,9,12,16	hole let uhh true -able
POOL	3746	0.831629389	4,9,12,16	ago lat true -able
POOL	3747	0.831621310	4,8,10,12,16	show lat love tell -able
POOL	3748	0.831600874	5,8,9,12,16	hole lott up true -able
POOL	3749	0.831585504	4,9,11,16	show lotta meet rubble
POOL	3750	0.831573968	5,7,9,12,16	hole la come true no.
POOL	3751	0.831549834	6,9,11,16	hole ata meet -able
POOL	3752	0.831542398	4,9,12,16	at-home rot true -able
POOL	3753	0.831523887	6,8,10,12,16	hole ott love turn -able
POOL	3754	0.831478017	4,8,10,12,16	so lat love true -able
POOL	3755	0.831465025	5,8,9,11,16	hole lat uhh that rubble
POOL	3756	0.831444756	4,9,12,16	so lotta tell -able
POOL	3757	0.831425668	6,9,11,16	hole aka too rubble
POOL	3758	0.831379559	4,8,10,12,16	show lott love tree -able
POOL	3759	0.831379171	4,9,11,16	hope lotta that -able
POOL	3760	0.831379171	4,9,12,16	hope lotta their -able
POOL	3761	0.831379171	4,9,12,16	hope lotta there -able
POOL	3762	0.831369121	6,7,9,11,16	hole ahh come vote ruble
POOL	3763	0.831358319	4,8,10,12,16	show lott love ter -able
POOL	3764	0.831353706	6,7,10,16	hole y'are tough terrible
POOL	3765	0.831346682	6,8,10,12,16	hole not love care -able
POOL	3766	0.831340116	5,8,9,12,16	hole lotte us true -able
POOL	3767	0.831323809	6,7,12,16	hole ahh t'other double
POOL	3768	0.831319610	1,6,9,12,16	uhh hole wot true -able
POOL	3769	0.831298993	6,8,10,12,16	hole shot love tree -able
POOL	3770	0.831277753	6,8,10,12,16	hole shot love ter -able
POOL	3771	0.831256804	5,8,9,12,16	hole lock up true -able
POOL	3772	0.831255785	6,8,10,12,16	hole art love tell -able
POOL	3773	0.831242185	4,9,12,16	so lotta star -able
POOL	3774	0.831223393	4,8,10,12,16	home not love true -able
POOL	3775	0.831220381	2,4,7,11,16	us shows' wha cut rubble
POOL	3776	0.831208167	5,8,9,12,16	hole lat uhh ver -able
POOL	3777	0.831193791	6,8,10,12,16	hole not love turn -able
POOL	3778	0.831188801	5,8,9,12,16	hole not uh true -able
POOL	3779	0.831185093	4,9,12,16	hope lotta view -able
POOL	3780	0.831165378	5,8,9,12,16	hole lotte uhh tour -able
POOL	3781	0.831163435	3,7,12,16	saw la t'other -able
POOL	3782	0.831160802	6,7,10,16	hole got come terrible
POOL	3783	0.831152904	1,5,7,12,16	up hole la tut -able
POOL	3784	0.831146724	6,9,12,16	ahold got tour -able
POOL	3785	0.831136353	1,6,7,11,14,16	uhh hole cop temp rub al
POOL	3786	0.831131686	4,8,10,12,16	show luck love true -able
POOL	3787	0.831126428	4,8,10,12,16	show lat love care -able
POOL	3788	0.831125451	4,8,10,12,16	show lotte love tell -able
POOL	3789	0.831124049	4,9,11,16	show lotta set -able
POOL	3790	0.831086436	6,7,10,16	hole ahh cause terrible
POOL	3791	0.831080225	4,8,11,12,16	co. plot love air -able
POOL	3792	0.831050475	1,5,7,12,16	uhh hole la cunt -able
POOL	3793	0.831049222	4,9,11,16	show lotta pfft -able
POOL	3794	0.831037103	4,6,7,11,16	show len ahh aft rubble
POOL	3795	0.831036662	4,9,11,16	home lotta meet -able
POOL	3796	0.831035489	4,8,10,12,16	show lock love tree -able
POOL	3797	0.831033485	2,5,9,12,16	us old lok tur -able
POOL	3798	0.831018338	4,6,7,9,16	show lon ahh come treble
POOL	3799	0.831017494	6,7,12,16	hole awe t'other double
POOL	3800	0.831014250	4,8,10,12,16	show lock love ter -able
POOL	3801	0.831009565	4,9,12,16	ago lotte true -able
POOL	3802	0.831001244	6,8,10,12,16	hole at love tour -able
POOL	3803	0.830982158	4,8,10,12,16	so lotte love true -able
POOL	3804	0.830973537	4,8,10,12,16	show lat love turn -able
POOL	3805	0.830973270	4,8,10,12,16	show locke love true -able
POOL	3806	0.830969166	5,8,9,11,16	hole lotte uhh that rubble
POOL	3807	0.830956650	5,8,9,12,16	hole lott us true -able
POOL	3808	0.830944800	2,5,7,11,16	us old la cut grapple
POOL	3809	0.830941717	5,8,9,12,16	hole rock uhh true -able
POOL	3810	0.830927732	5,7,12,16	soul la t'other -able
POOL	3811	0.830917308	5,8,9,12,16	hole rot uhh true -able
POOL	3812	0.830909810	4,9,12,16	at-home lat tour -able
POOL	3813	0.830906590	4,5,7,11,16	show law lore cut rubble
POOL	3814	0.830904194	4,8,10,12,16	hoe lat love true -able
POOL	3815	0.830899252	3,7,12,16	who lah t'other -able
POOL	3816	0.830893579	3,5,7,11,16	hu all na cut rubble
POOL	3817	0.830878463	6,7,12,16	hole ah t'other double
POOL	3818	0.830875618	6,7,11,16	ahold ahh come -able
POOL	3819	0.830838240	5,7,10,12,16	hole la come tours -able
POOL	3820	0.830828968	4,9,11,16	show lotta thought rubble
POOL	3821	0.830818247	6,8,10,12,16	hole hot love tree -able
POOL	3822	0.830816947	6,7,10,16	hole ahh love terrible
POOL	3823	0.830811027	6,8,10,12,16	hole ott love term -able
POOL	3824	0.830797007	6,8,10,12,16	hole hot love ter -able
POOL	3825	0.830793299	6,9,11,16	hole ata thought -able
POOL	3826	0.830788972	4,9,11,16	hope lotta too -able
POOL	3827	0.830787988	4,9,11,14,16	eau lotta mat rub al
POOL	3828	0.830781912	5,8,9,12,16	hole lott uhh tour -able
POOL	3829	0.830781850	4,8,10,12,16	hope lat love true -able
POOL	3830	0.830780121	6,7,10,16	hole awe cause terrible
POOL	3831	0.830779975	6,7,12,16	hole ahh country double
POOL	3832	0.830760903	6,8,10,12,16	hole art love care -able
POOL	3833	0.830741986	4,8,10,12,16	show lott love tell -able
POOL	3834	0.830719890	2,5,9,11,16	earth old lakh that rubble
POOL	3835	0.830712308	5,8,9,12,16	hole lotte uhh ver -able
POOL	3836	0.830687235	4,8,10,12,16	show not love tour -able
POOL	3837	0.830679223	4,9,12,16	so lotta tree -able
POOL	3838	0.830676603	4,6,11,16	at-home lol tut -able
POOL	3839	0.830661420	6,8,10,12,16	hole shot love tell -able
POOL	3840	0.830657526	1,5,7,12,16	see hole la tut -able
POOL	3841	0.830643803	5,8,9,12,16	hole lat uhh tree -able
POOL	3842	0.830642769	6,7,10,16	hole la come terrible
POOL	3843	0.830641671	6,8,10,12,16	hole got as tour -able
POOL	3844	0.830641090	6,7,10,16	hole ah cause terrible
POOL	3845	0.830640466	6,9,12,16	ahold got tell -able
POOL	3846	0.830631828	6,8,10,12,16	hole got on true -able
POOL	3847	0.830630569	4,8,10,12,16	show lotte love care -able
POOL	3848	0.830626022	6,8,10,12,16	hole ott love car -able
POOL	3849	0.830623462	4,7,12,16	hoes la t'other -able
POOL	3850	0.830622564	5,8,9,12,16	hole lat uhh ter -able
POOL	3851	0.830619602	3,7,12,16	saw la country -able
POOL	3852	0.830612581	5,8,9,12,16	hole lock us true -able
POOL	3853	0.830608012	6,8,10,12,16	hole art love turn -able
POOL	3854	0.830599070	6,7,9,11,16	hole ahh pup ter rubble
POOL	3855	0.830598692	4,8,10,12,16	so lott love true -able
POOL	3856	0.830593213	5,8,9,12,16	hole lat uhh stir -able
POOL	3857	0.830585700	5,8,9,11,16	hole lott uhh that rubble
POOL	3858	0.830584440	4,9,12,16	hoe lotta tour -able
POOL	3859	0.830580840	5,8,9,11,16	hole lat uhh that -able
POOL	3860	0.830580840	5,8,9,12,16	hole lat uhh their -able
POOL	3861	0.830580840	5,8,9,12,16	hole lat uhh there -able
POOL	3862	0.830569303	6,7,11,16	ahold awe come -able
POOL	3863	0.830566950	4,9,11,16	show lotta feet -able
POOL	3864	0.830565290	4,8,9,11,16	show watt uhh that rubble
POOL	3865	0.830558578	4,6,7,11,16	row you'll na cut rubble
POOL	3866	0.830548998	6,7,11,16	ahold on cut -able
POOL	3867	0.830543710	4,9,11,16	show lotta vat -able
POOL	3868	0.830533319	5,8,9,12,16	hole lat uhh star -able
POOL	3869	0.830531588	4,6,10,16	home lol tough terrible
POOL	3870	0.830530233	4,9,12,16	ago lott true -able
POOL	3871	0.830523936	6,7,10,16	hole raw come terrible
POOL	3872	0.830510632	6,7,10,16	hole awe love terrible
POOL	3873	0.830480930	6,8,10,12,16	hole not love term -able
POOL	3874	0.830477678	4,8,10,12,16	show lotte love turn -able
POOL	3875	0.830473660	6,7,12,16	hole awe country double
POOL	3876	0.830472071	5,7,11,12,16	kohl locke cut air -able
POOL	3877	0.830445001	4,8,10,12,16	home lat love tour -able
POOL	3878	0.830437895	6,9,12,16	ahold got star -able
POOL	3879	0.830437843	5,8,9,12,16	hole lock uhh tour -able
POOL	3880	0.830437092	1,4,7,11,14,16	uhh show rog tarte rub al
POOL	3881	0.830430272	6,7,11,16	ahold ah come -able
POOL	3882	0.830429840	6,7,12,16	hole ahh tuttle -able
POOL	3883	0.830423656	4,8,10,12,16	home let love true -able
POOL	3884	0.830410409	5,8,9,12,16	hole lat uh tour -able
POOL	3885	0.830408335	4,8,10,12,16	hoe lotte love true -able
POOL	3886	0.830403551	4,9,12,16	at-home lat tell -able
POOL	3887	0.830397916	4,8,10,12,16	show lock love tell -able
POOL	3888	0.830397839	4,6,11,16	at-home real tut -able
POOL	3889	0.830389063	5,8,9,12,16	hole let uh true -able
POOL	3890	0.830383898	5,7,12,16	soul la country -able
POOL	3891	0.830380461	6,9,11,16	hole gotta meet -able
POOL	3892	0.830372863	3,7,11,16	issue la cut -able
POOL	3893	0.830371601	6,7,10,16	hole ah love terrible
POOL	3894	0.830355418	3,7,12,16	who lah country -able
POOL	3895	0.830349406	4,9,11,16	show lotta vet rubble
POOL	3896	0.830342955	6,7,10,16	hole ahh ton terrible
POOL	3897	0.830334629	6,7,12,16	hole ah country double
POOL	3898	0.830328842	5,8,9,12,16	hole lott uhh ver -able
POOL	3899	0.830327627	6,8,10,12,16	hole got umm true -able
POOL	3900	0.830322540	4,9,12,16	so lotta turn -able
POOL	3901	0.830313737	6,9,11,16	hole ata vet -able
POOL	3902	0.830301126	6,7,10,16	hole ahh does terrible
POOL	3903	0.830295925	6,8,10,12,16	hole not love car -able
POOL	3904	0.830289986	4,9,12,16	at-home lotte tour -able
POOL	3905	0.830285991	4,8,10,12,16	hope lotte love true -able
POOL	3906	0.830280127	4,9,11,16	home lotta thought -able
POOL	3907	0.830273584	4,9,12,16	oh lotta tour -able
POOL	3908	0.830260677	4,8,10,12,16	show lat love term -able
POOL	3909	0.830254623	4,8,10,12,16	so lock love true -able
POOL	3910	0.830252824	4,6,10,16	home real tough terrible
POOL	3911	0.830247104	4,8,10,12,16	show lott love care -able
POOL	3912	0.830245574	5,9,12,16	hole lotta true -able
POOL	3913	0.830241631	5,8,9,11,16	hole lock uhh that rubble
POOL	3914	0.830239162	1,4,7,11,16	uhh show raul cut rubble
POOL	3915	0.830214197	5,8,9,11,16	hole lat uh that rubble
POOL	3916	0.830200980	4,9,12,16	at-home lat star -able
POOL	3917	0.830196327	5,7,12,16	hole lah t'other -able
POOL	3918	0.830180673	6,8,10,12,16	hole hot love tell -able
POOL	3919	0.830162371	4,8,10,12,16	hoa lat love true -able
POOL	3920	0.830147944	5,8,9,12,16	hole lotte uhh tree -able
POOL	3921	0.830129785	4,7,9,11,16	show la tucked stir rubble
POOL	3922	0.830126705	5,8,9,12,16	hole lotte uhh ter -able
POOL	3923	0.830125376	1,6,7,11,16	uhh hole al cut rubble
POOL	3924	0.830123525	6,7,12,16	hole awe tuttle -able
POOL	3925	0.830116735	6,7,10,16	hole uhh come terrible
POOL	3926	0.830106647	1,5,7,12,16	yeah hole la cunt -able
POOL	3927	0.830097354	5,8,9,12,16	hole lotte uhh stir -able
POOL	3928	0.830084981	5,8,9,11,16	hole lotte uhh that -able
POOL	3929	0.830084981	5,8,9,12,16	hole lotte uhh their -able
POOL	3930	0.830084981	5,8,9,12,16	hole lotte uhh there -able
POOL	3931	0.830078181	4,9,12,16	hoe lotta tell -able
POOL	3932	0.830037460	5,8,9,12,16	hole lotte uhh star -able
POOL	3933	0.830036640	6,7,10,16	hole awe ton terrible
POOL	3934	0.830030554	6,7,11,16	ahold y'are cut -able
POOL	3935	0.829995725	1,5,7,12,16	eh hole la cunt -able
POOL	3936	0.829994811	6,7,10,16	hole awe does terrible
POOL	3937	0.829984773	5,8,9,12,16	hole lock uhh ver -able
POOL	3938	0.829984494	6,7,12,16	hole ah tuttle -able
POOL	3939	0.829981311	3,4,7,11,16	who oh lure duck rubble
POOL	3940	0.829957339	5,8,9,12,16	hole lat uh ver -able
POOL	3941	0.829953728	6,7,10,16	hole are done terrible
POOL	3942	0.829922813	4,7,12,16	show lure t'other -able
POOL	3943	0.829914550	5,8,9,12,16	hole lotte uh tour -able
POOL	3944	0.829904845	6,9,11,16	hole aka meet -able
POOL	3945	0.829897609	6,7,10,16	hole ah ton terrible
POOL	3946	0.829892866	5,8,9,12,16	hole lat ahh true -able
POOL	3947	0.829875610	4,9,12,16	hoe lotta star -able
POOL	3948	0.829874932	6,9,12,16	ahold got tree -able
POOL	3949	0.829872408	4,6,10,16	hope lol come terrible
POOL	3950	0.829855780	6,7,10,16	hole ah does terrible
POOL	3951	0.829849656	5,7,9,12,16	hole uh tut true -able
POOL	3952	0.829810654	4,9,12,16	at-home lott tour -able
POOL	3953	0.829800565	4,9,11,16	home lotta vet -able
POOL	3954	0.829799647	1,5,7,12,16	uh hole la cunt -able
POOL	3955	0.829783728	4,9,12,16	at-home lotte tell -able
POOL	3956	0.829779230	6,7,11,16	ahold are cut rubble
POOL	3957	0.829767325	4,9,12,16	oh lotta tell -able
POOL	3958	0.829755359	4,9,11,16	show lotta met rubble
POOL	3959	0.829752731	1,5,7,12,16	air hole la cunt -able
POOL	3960	0.829728909	6,7,10,16	hole ahh tom terrible
POOL	3961	0.829719690	6,9,11,16	hole ata met -able
POOL	3962	0.829718338	5,8,9,11,16	hole lotte uh that rubble
POOL	3963	0.829704055	4,5,7,11,16	show law la cut dribble
POOL	3964	0.829701515	5,8,9,11,16	hole lott uhh that -able
POOL	3965	0.829657162	4,9,12,16	hoa lotta tour -able
POOL	3966	0.829652494	5,7,12,16	hole lah country -able
POOL	3967	0.829624425	4,9,12,16	ho lotta tour -able
POOL	3968	0.829623925	6,9,11,16	hole gotta thought -able
POOL	3969	0.829604488	4,6,7,10,16	foe lol ahh come treble
POOL	3970	0.829593643	4,6,10,16	hope real come terrible
POOL	3971	0.829581157	4,9,12,16	at-home lotte star -able
POOL	3972	0.829530973	4,8,9,12,16	show ra uhh true -able
POOL	3973	0.829530065	6,9,11,16	hole ata meet rubble
POOL	3974	0.829521756	5,7,11,13,16	hole lai cut run -able
POOL	3975	0.829518249	6,9,12,16	ahold got turn -able
POOL	3976	0.829446471	4,8,10,11,16	show lat love too rubble
POOL	3977	0.829436042	2,4,6,9,16	aff oh lol dot treble
POOL	3978	0.829422594	6,7,10,16	hole awe tom terrible
POOL	3979	0.829373284	1,5,7,11,14,16	ack hole la cut rub is
POOL	3980	0.829359402	4,9,11,16	hope lotta that rubble
POOL	3981	0.829358971	4,6,7,11,16	show lol khan bunt rubble
POOL	3982	0.829357446	5,8,9,11,16	hole lock uhh that -able
POOL	3983	0.829334873	5,8,9,11,16	hole lott uh that rubble
POOL	3984	0.829330012	5,8,9,11,16	hole lat uh that -able
POOL	3985	0.829304396	4,9,12,16	at-home lott tell -able
POOL	3986	0.829283563	6,7,10,16	hole ah tom terrible
POOL	3987	0.829266873	1,5,7,12,16	uhh hole la cuffed -able
POOL	3988	0.829236251	4,5,9,11,16	show law lotta that rub
POOL	3989	0.829231596	1,2,6,9,11,16	uhh her ole got pfft rub
POOL	3990	0.829231596	1,2,6,9,11,16	uhh who ole got pfft rub
POOL	3991	0.829206518	4,9,11,16	home lotta met -able
POOL	3992	0.829183477	4,9,11,16	so lotta too -able
POOL	3993	0.829171073	5,7,10,12,16	hole la kung true -able
POOL	3994	0.829150904	4,9,12,16	hoa lotta tell -able
POOL	3995	0.829148310	6,9,11,16	hole aka thought -able
POOL	3996	0.829145087	2,5,9,11,12,16	ass ole ott that are bell
POOL	3997	0.829144363	6,9,11,16	hole gotta vet -able
POOL	3998	0.829118166	4,9,12,16	ho lotta tell -able
POOL	3999	0.829104280	4,9,11,16	show lotta set rubble
POOL	4000	0.829101825	4,9,12,16	at-home lott star -able
POOL	4001	0.829089293	6,9,12,16	ahold art true -able
POOL	4002	0.829080630	1,5,7,12,16	an hole la cunt -able
POOL	4003	0.829080630	1,5,7,12,16	as hole la cunt -able
POOL	4004	0.829080630	1,5,7,12,16	at hole la cunt -able
POOL	4005	0.829070168	1,4,7,11,13,16	uhh sue la cut ruck bell
POOL	4006	0.829068610	6,9,11,16	hole ata set -able
POOL	4007	0.829064759	4,7,11,12,16	roe ra todd air -able
POOL	4008	0.829043761	1,4,7,11,16	uhh seoul la cut rubble
POOL	4009	0.829029453	4,9,11,16	show lotta pfft rubble
POOL	4010	0.829016893	4,9,11,16	home lotta meet rubble
POOL	4011	0.829010221	6,7,11,16	ahold ahh top -able
POOL	4012	0.828993783	6,9,11,16	hole ata pfft -able
POOL	4013	0.828990803	5,8,9,11,16	hole lock uh that rubble
POOL	4014	0.828969385	6,9,11,16	ahold got that -able
POOL	4015	0.828969385	6,9,12,16	ahold got their -able
POOL	4016	0.828969385	6,9,12,16	ahold got there -able
POOL	4017	0.828962317	3,6,7,11,16	sioux moor ahh cut rubble
POOL	4018	0.828950612	4,8,10,11,16	show lotte love too rubble
POOL	4019	0.828929822	4,6,10,16	show rule come terrible
POOL	4020	0.828911441	4,6,11,16	at-home lol cunt -able
POOL	4021	0.828867467	4,5,7,11,16	roh long la cut rubble
POOL	4022	0.828855849	6,7,11,16	ahold ahh come rubble
POOL	4023	0.828846692	1,5,7,12,16	uhh hole la taft -able
POOL	4024	0.828834153	5,8,9,11,16	hole lotte uh that -able
POOL	4025	0.828786813	5,7,12,16	role la t'other -able
POOL	4026	0.828775307	6,9,12,16	ahold got view -able
POOL	4027	0.828773530	6,9,11,16	hole ata thought rubble
POOL	4028	0.828769203	4,9,11,16	hope lotta too rubble
POOL	4029	0.828732471	4,9,11,16	at-home lat that -able
POOL	4030	0.828703906	6,7,11,16	ahold awe top -able
POOL	4031	0.828703728	6,7,10,16	hole on done terrible
POOL	4032	0.828673326	6,11,12,16	hole entente air -able
POOL	4033	0.828668748	6,9,11,16	hole aka vet -able
POOL	4034	0.828656835	4,6,11,16	at-home lol tut rubble
POOL	4035	0.828655374	2,4,8,11,16	lass oh lat love rubble
POOL	4036	0.828632677	4,6,11,16	at-home real cunt -able
POOL	4037	0.828567215	2,6,10,16	ass old come terrible
POOL	4038	0.828567147	4,8,10,11,16	show lott love too rubble
POOL	4039	0.828564875	6,7,11,16	ahold ah top -able
POOL	4040	0.828562286	4,8,10,11,16	show lat love too -able
POOL	4041	0.828555438	4,9,11,16	home lotta set -able
POOL	4042	0.828550316	6,9,11,16	hole gotta met -able
POOL	4043	0.828549534	6,7,11,16	ahold awe come rubble
POOL	4044	0.828547181	4,9,11,16	show lotta feet rubble
POOL	4045	0.828532776	6,7,12,16	hole are t'other double
POOL	4046	0.828529230	6,7,11,16	ahold on cut rubble
POOL	4047	0.828523941	4,9,11,16	show lotta vat rubble
POOL	4048	0.828511512	6,9,11,16	hole ata feet -able
POOL	4049	0.828501963	1,5,7,12,16	up hole la cunt -able
POOL	4050	0.828488272	6,9,11,16	hole ata vat -able
POOL	4051	0.828485361	3,7,12,16	hoo la t'other -able
POOL	4052	0.828480611	4,9,11,16	home lotta pfft -able
POOL	4053	0.828450688	5,8,9,11,16	hole lott uh that -able
POOL	4054	0.828440843	2,6,7,10,16	us aux ahh come treble
POOL	4055	0.828427127	3,6,10,16	who full come terrible
POOL	4056	0.828410503	6,7,11,16	ahold ah come rubble
POOL	4057	0.828407100	4,9,11,16	hoe lotta that -able
POOL	4058	0.828398263	1,2,6,9,11,16	uhh he ole got pfft rub
POOL	4059	0.828379186	6,9,11,16	ahold got too -able
POOL	4060	0.828379089	1,2,6,9,11,16	eh her ole got pfft rub
POOL	4061	0.828379089	1,2,6,9,11,16	eh who ole got pfft rub
POOL	4062	0.828378070	4,6,11,16	at-home real tut rubble
POOL	4063	0.828360692	6,9,11,16	hole gotta meet rubble
POOL	4064	0.828353094	3,7,11,16	issue la cut rubble
POOL	4065	0.828346337	6,9,12,16	ahold shot true -able
POOL	4066	0.828323460	3,5,8,11,16	who full lat love rubble
POOL	4067	0.828323045	1,5,7,12,16	yeah hole la cuffed -able
POOL	4068	0.828293968	6,9,11,16	hole ata vet rubble
POOL	4069	0.828266912	4,6,10,16	so lol come terrible
POOL	4070	0.828260358	4,9,11,16	home lotta thought rubble
POOL	4071	0.828242980	5,7,12,16	role la country -able
POOL	4072	0.828236198	6,8,9,11,16	hole got dug that rubble
POOL	4073	0.828223077	4,8,10,11,16	show lock love too rubble
POOL	4074	0.828212123	1,5,7,12,16	eh hole la cuffed -able
POOL	4075	0.828203656	3,4,7,11,16	who oh la tufts grumble
POOL	4076	0.828189240	1,2,6,9,11,16	uh her ole got pfft rub
POOL	4077	0.828189240	1,2,6,9,11,16	uh who ole got pfft rub
POOL	4078	0.828142272	4,9,11,16	at-home lat too -able
POOL	4079	0.828122944	1,5,9,12,16	uhh hole lat true -able
POOL	4080	0.828112647	4,9,11,16	at-home lotte that -able
POOL	4081	0.828096245	4,9,11,16	oh lotta that -able
POOL	4082	0.828084585	6,7,11,16	ahold are come -able
POOL	4083	0.828079306	5,7,11,16	f-hole la cut -able
POOL	4084	0.828074701	6,9,11,16	hole aka met -able
POOL	4085	0.828066427	4,8,10,11,16	show lotte love too -able
POOL	4086	0.828052635	4,9,12,16	ago rot true -able
POOL	4087	0.828016045	1,5,7,12,16	uh hole la cuffed -able
POOL	4088	0.828010785	6,7,11,16	ahold y'are cut rubble
POOL	4089	0.828006584	1,5,7,12,16	see hole la cunt -able
POOL	4090	0.827998340	4,9,11,16	home lotta feet -able
POOL	4091	0.827991883	4,6,10,16	show lil come terrible
POOL	4092	0.827988943	6,7,12,16	hole are country double
POOL	4093	0.827988148	4,6,10,16	so real come terrible
POOL	4094	0.827975100	4,9,11,16	home lotta vat -able
POOL	4095	0.827973581	5,7,9,12,16	hole al come veer -able
POOL	4096	0.827969128	1,5,7,12,16	air hole la cuffed -able
POOL	4097	0.827967464	1,6,7,11,16	le hoe ahh cut rubble
POOL	4098	0.827946517	6,9,12,16	ahold not true -able
POOL	4099	0.827941528	3,7,12,16	hoo la country -able
POOL	4100	0.827902864	1,5,7,12,16	yeah hole la taft -able
POOL	4101	0.827900310	1,2,6,9,11,16	uhh her ole ott pfft rub
POOL	4102	0.827899237	6,9,11,16	hole gotta set -able
POOL	4103	0.827895222	5,7,12,16	hold law t'other -able
POOL	4104	0.827885076	6,9,11,16	hole aka meet rubble
POOL	4105	0.827845615	1,4,7,11,14,16	uhh homes wah cut rub al
POOL	4106	0.827832215	4,6,8,11,16	show lol mart love rubble
POOL	4107	0.827828322	1,4,7,11,16	uhh show la cut riddle
POOL	4108	0.827827601	3,5,8,11,16	who full lotte love rubble
POOL	4109	0.827824410	6,9,11,16	hole gotta pfft -able
POOL	4110	0.827816901	4,9,11,16	hoe lotta too -able
POOL	4111	0.827791942	1,5,7,12,16	eh hole la taft -able
POOL	4112	0.827791444	2,6,10,16	us old come terrible
POOL	4113	0.827780796	4,9,11,16	home lotta vet rubble
POOL	4114	0.827756960	5,7,9,11,16	hoa la come shot rubble
POOL	4115	0.827746516	6,7,11,16	ahold ahh tough -able
POOL	4116	0.827745403	6,9,12,16	ahold hot true -able
POOL	4117	0.827729142	4,5,7,11,16	show lea la cut rebels
POOL	4118	0.827699921	6,9,11,16	hole ata met rubble
POOL	4119	0.827682962	4,8,10,11,16	show lott love too -able
POOL	4120	0.827638808	6,7,12,16	hole are tuttle -able
POOL	4121	0.827633315	4,9,11,16	at-home lott that -able
POOL	4122	0.827627085	1,5,9,12,16	uhh hole lotte true -able
POOL	4123	0.827620750	6,11,12,16	hole entente new -able
POOL	4124	0.827620200	5,7,11,12,16	hole la cut al cuddle
POOL	4125	0.827604156	6,9,11,16	hole gotta thought rubble
POOL	4126	0.827595864	1,5,7,12,16	uh hole la taft -able
POOL	4127	0.827581263	2,5,7,11,16	earth old la cut apple
POOL	4128	0.827577089	1,5,7,12,16	uhh hole law tut -able
POOL	4129	0.827548947	1,5,7,12,16	air hole la taft -able
POOL	4130	0.827532840	3,4,7,11,16	who's oh lull cut rubble
POOL	4131	0.827529971	4,6,10,16	show lol ton terrible
POOL	4132	0.827522448	4,9,11,16	at-home lotte too -able
POOL	4133	0.827506046	4,9,11,16	oh lotta too -able
POOL	4134	0.827488142	4,6,10,16	show lol does terrible
POOL	4135	0.827479823	4,9,11,16	hoa lotta that -able
POOL	4136	0.827473829	2,6,11,16	ass only tut -able
POOL	4137	0.827454063	1,4,7,11,16	ass show lore cut rubble
POOL	4138	0.827447086	4,9,11,16	ho lotta that -able
POOL	4139	0.827444135	3,5,8,11,16	who full lott love rubble
POOL	4140	0.827440201	6,7,11,16	ahold awe tough -able
POOL	4141	0.827439275	3,5,8,11,16	who full lat love -able
POOL	4142	0.827423621	6,9,11,16	hole aka set -able
POOL	4143	0.827420046	4,9,12,16	ago lat tour -able
POOL	4144	0.827415792	5,7,11,12,16	ho ra dust air -able
POOL	4145	0.827415267	5,7,11,12,16	hole la caused air wobble
POOL	4146	0.827382437	4,9,11,13,16	eau lotta that run dell
POOL	4147	0.827356350	1,5,7,12,16	uhh hole raw tut -able
POOL	4148	0.827351388	5,7,12,16	hold law country -able
POOL	4149	0.827348802	4,7,13,16	show la tundra -able
POOL	4150	0.827348794	6,9,11,16	hole aka pfft -able
POOL	4151	0.827342138	6,9,11,16	hole gotta feet -able
POOL	4152	0.827338892	4,8,10,11,16	show lock love too -able
POOL	4153	0.827322726	5,7,11,16	asshole la cut -able
POOL	4154	0.827318898	6,9,11,16	hole gotta vat -able
POOL	4155	0.827301170	6,7,11,16	ahold ah tough -able
POOL	4156	0.827297028	1,5,7,12,16	an hole la cuffed -able
POOL	4157	0.827297028	1,5,7,12,16	as hole la cuffed -able
POOL	4158	0.827297028	1,5,7,12,16	at hole la cuffed -able
POOL	4159	0.827282776	6,7,12,16	hole on t'other double
POOL	4160	0.827256617	5,7,12,16	sole la t'other -able
POOL	4161	0.827251207	4,6,10,16	show real ton terrible
POOL	4162	0.827248380	4,9,11,16	hope lotta meet -able
POOL	4163	0.827243619	1,5,9,12,16	uhh hole lott true -able
POOL	4164	0.827228948	3,7,12,16	hou la t'other -able
POOL	4165	0.827215349	2,7,11,16	ass olaf cut -able
POOL	4166	0.827209377	4,6,10,16	show real does terrible
POOL	4167	0.827186840	4,6,11,16	ago lol tut -able
POOL	4168	0.827186749	4,9,11,16	home lotta met rubble
POOL	4169	0.827181077	4,8,11,12,16	show lot love r -able
POOL	4170	0.827179116	1,5,9,12,16	yeah hole lat true -able
POOL	4171	0.827163708	4,9,11,16	so lotta too rubble
POOL	4172	0.827155001	5,7,12,16	hole lock t'other -able
POOL	4173	0.827130178	1,5,7,11,14,16	el hole plot cut rub al
POOL	4174	0.827128541	6,9,11,16	hole aka thought rubble
POOL	4175	0.827127615	1,6,9,11,12,16	uhh hole op that are bell
POOL	4176	0.827124594	6,9,11,16	hole gotta vet rubble
POOL	4177	0.827109137	6,9,12,16	ahold ott true -able
POOL	4178	0.827108217	1,6,7,11,16	uhh kol ahh cut rubble
POOL	4179	0.827100066	3,5,8,11,16	who full lock love rubble
POOL	4180	0.827068194	1,5,9,12,16	eh hole lat true -able
POOL	4181	0.827048841	6,9,11,16	hole ata set rubble
POOL	4182	0.827043116	4,9,11,16	at-home lott too -able
POOL	4183	0.827040020	4,9,11,16	show lotta that rebel
POOL	4184	0.827028665	5,8,11,14,16	hole lat other rub al
POOL	4185	0.826990453	6,7,11,16	ahold ahh top rubble
POOL	4186	0.826974015	6,9,11,16	hole ata pfft rubble
POOL	4187	0.826949616	6,9,11,16	ahold got that rubble
POOL	4188	0.826946101	6,7,11,16	ahold ahh tut -able
POOL	4189	0.826943416	3,5,8,11,16	who full lotte love -able
POOL	4190	0.826915925	4,6,10,16	show lol tom terrible
POOL	4191	0.826908075	4,6,11,16	ago real tut -able
POOL	4192	0.826900337	4,6,10,16	hoe lol come terrible
POOL	4193	0.826899550	1,5,9,12,16	uhh hole lock true -able
POOL	4194	0.826891672	4,6,11,16	at-home lol cunt rubble
POOL	4195	0.826889624	4,9,11,16	hoa lotta too -able
POOL	4196	0.826876847	1,5,7,12,16	an hole la taft -able
POOL	4197	0.826876847	1,5,7,12,16	as hole la taft -able
POOL	4198	0.826876847	1,5,7,12,16	at hole la taft -able
POOL	4199	0.826872116	1,5,9,12,16	uh hole lat true -able
POOL	4200	0.826866523	6,9,11,16	hole aka feet -able
POOL	4201	0.826857389	4,8,10,11,16	show not love too rubble
POOL	4202	0.826856887	4,9,11,16	ho lotta too -able
POOL	4203	0.826843283	6,9,11,16	hole aka vat -able
POOL	4204	0.826834585	6,7,11,16	ahold on come -able
POOL	4205	0.826833361	4,9,11,14,16	show lotta cert rub bell
POOL	4206	0.826825199	1,5,9,12,16	air hole lat true -able
POOL	4207	0.826764332	6,7,12,16	hole y'are t'other double
POOL	4208	0.826743306	4,6,10,16	hope lol tough terrible
POOL	4209	0.826738943	6,7,12,16	hole on country double
POOL	4210	0.826718360	1,5,7,12,16	up hole la cuffed -able
POOL	4211	0.826712784	5,7,12,16	sole la country -able
POOL	4212	0.826712702	4,9,11,16	at-home lat that rubble
POOL	4213	0.826708548	6,7,11,16	ahold got cut -able
POOL	4214	0.826698058	2,6,11,16	us only tut -able
POOL	4215	0.826685115	3,7,12,16	hou la country -able
POOL	4216	0.826684138	6,7,11,16	ahold awe top rubble
POOL	4217	0.826683257	1,5,9,12,16	yeah hole lotte true -able
POOL	4218	0.826683250	6,11,12,16	hole entente are -able
POOL	4219	0.826661298	4,6,11,16	show lol entente -able
POOL	4220	0.826658450	3,7,11,16	issue la come -able
POOL	4221	0.826649408	6,9,10,16	hole got new terrible
POOL	4222	0.826648979	6,9,11,16	hole aka vet rubble
POOL	4223	0.826639786	6,7,11,16	ahold awe tut -able
POOL	4224	0.826637161	4,6,10,16	show real tom terrible
POOL	4225	0.826633261	1,5,7,12,16	yeah hole law tut -able
POOL	4226	0.826621573	4,6,10,16	hoe real come terrible
POOL	4227	0.826615156	4,8,10,11,16	home lat love too rubble
POOL	4228	0.826612908	4,6,11,16	at-home real cunt rubble
POOL	4229	0.826611167	5,7,12,16	hole lock country -able
POOL	4230	0.826598665	1,5,7,11,14,16	em shows la cut rub al
POOL	4231	0.826589481	4,6,10,16	oh lol come terrible
POOL	4232	0.826572335	1,5,9,12,16	eh hole lotte true -able
POOL	4233	0.826559950	3,5,8,11,16	who full lott love -able
POOL	4234	0.826545107	6,7,11,16	ahold ah top rubble
POOL	4235	0.826537660	5,7,12,16	hole long t'other -able
POOL	4236	0.826535669	4,9,11,16	home lotta set rubble
POOL	4237	0.826532806	5,8,11,14,16	hole lotte other rub al
POOL	4238	0.826530548	6,9,11,16	hole gotta met rubble
POOL	4239	0.826522339	1,5,7,12,16	eh hole law tut -able
POOL	4240	0.826521473	5,7,12,16	soul law t'other -able
POOL	4241	0.826500755	6,7,11,16	ahold ah tut -able
POOL	4242	0.826491844	4,9,11,16	hope lotta thought -able
POOL	4243	0.826491743	6,9,11,16	hole ata feet rubble
POOL	4244	0.826468503	6,9,11,16	hole ata vat rubble
POOL	4245	0.826464542	4,6,10,16	hope real tough terrible
POOL	4246	0.826460842	4,9,11,16	home lotta pfft rubble
POOL	4247	0.826449821	4,9,11,16	show lotta too rebel
POOL	4248	0.826439578	2,7,11,16	us olaf cut -able
POOL	4249	0.826412522	1,5,7,12,16	yeah hole raw tut -able
POOL	4250	0.826389456	3,7,12,16	who rah t'other -able
POOL	4251	0.826388808	6,7,12,16	hole on tuttle -able
POOL	4252	0.826387332	4,9,11,16	hoe lotta that rubble
POOL	4253	0.826382534	4,6,11,16	show real entente -able
POOL	4254	0.826378556	3,7,12,16	ass la t'other -able
POOL	4255	0.826376257	1,5,9,12,16	uh hole lotte true -able
POOL	4256	0.826359417	6,9,11,16	ahold got too rubble
POOL	4257	0.826338903	6,7,11,16	ahold ahh test -able
POOL	4258	0.826329340	1,5,9,12,16	air hole lotte true -able
POOL	4259	0.826326261	1,5,7,12,16	uh hole law tut -able
POOL	4260	0.826325116	3,7,12,16	haw la t'other -able
POOL	4261	0.826316141	6,7,11,16	ahold y'are come -able
POOL	4262	0.826302830	4,6,8,10,16	show lol got love treble
POOL	4263	0.826301600	1,5,7,12,16	eh hole raw tut -able
POOL	4264	0.826299791	1,5,9,12,16	yeah hole lott true -able
POOL	4265	0.826298179	1,5,7,12,16	up hole la taft -able
POOL	4266	0.826280789	2,6,10,16	ass own come terrible
POOL	4267	0.826279345	1,5,7,12,16	air hole law tut -able
POOL	4268	0.826255950	1,6,7,11,12,16	uhh shoals ahh cut are bear
POOL	4269	0.826222982	1,5,7,12,16	see hole la cuffed -able
POOL	4270	0.826220498	6,7,12,16	hole y'are country double
POOL	4271	0.826219189	6,7,11,16	ahold are top -able
POOL	4272	0.826215881	3,5,8,11,16	who full lock love -able
POOL	4273	0.826190516	6,7,11,16	ahold la cut -able
POOL	4274	0.826188869	1,5,9,12,16	eh hole lott true -able
POOL	4275	0.826153098	1,5,9,12,16	an hole lat true -able
POOL	4276	0.826153098	1,5,9,12,16	as hole lat true -able
POOL	4277	0.826153098	1,5,9,12,16	at hole lat true -able
POOL	4278	0.826149341	5,8,11,14,16	hole lott other rub al
POOL	4279	0.826147439	4,8,9,12,16	show lah uhh tore -able
POOL	4280	0.826145144	6,11,12,16	ahold tut air -able
POOL	4281	0.826137121	4,6,11,16	at-home lol cuffed -able
POOL	4282	0.826122503	4,9,11,16	at-home lat too rubble
POOL	4283	0.826119297	4,8,10,11,16	home lotte love too rubble
POOL	4284	0.826107413	1,5,7,11,13,16	uhh old la cut run ben
POOL	4285	0.826105522	1,5,7,12,16	uh hole raw tut -able
POOL	4286	0.826093908	4,6,11,16	at-home lol taft -able
POOL	4287	0.826092878	4,9,11,16	at-home lotte that rubble
POOL	4288	0.826076689	5,7,10,12,16	hole clock come true -able
POOL	4289	0.826076494	1,5,7,12,16	uhh hole y'are tut -able
POOL	4290	0.826076476	4,9,11,16	oh lotta that rubble
POOL	4291	0.826071683	6,7,11,16	ahold raw cut -able
POOL	4292	0.826064817	6,7,11,16	ahold are come rubble
POOL	4293	0.826059537	5,7,11,16	f-hole la cut rubble
POOL	4294	0.826058606	1,5,7,12,16	air hole raw tut -able
POOL	4295	0.826057651	4,8,10,11,16	show let love too rubble
POOL	4296	0.826054932	6,9,11,16	hole aka met rubble
POOL	4297	0.826036232	5,9,12,16	hole lotta tour -able
POOL	4298	0.826032588	6,7,11,16	ahold awe test -able
POOL	4299	0.825993827	5,7,12,16	hole long country -able
POOL	4300	0.825992791	1,5,9,12,16	uh hole lott true -able
POOL	4301	0.825977639	5,7,12,16	soul law country -able
POOL	4302	0.825973204	4,8,10,11,16	show not love too -able
POOL	4303	0.825955722	1,5,9,12,16	yeah hole lock true -able
POOL	4304	0.825945875	1,5,9,12,16	air hole lott true -able
POOL	4305	0.825939239	1,5,7,12,16	uhh hole lah tut -able
POOL	4306	0.825936729	6,8,9,11,16	hole got uhh nic rubble
POOL	4307	0.825932648	5,7,12,16	hold raw t'other -able
POOL	4308	0.825930851	5,9,11,14,16	hole rotten that rub err
POOL	4309	0.825920053	1,5,7,11,14,16	uhh hole ja dat rub al
POOL	4310	0.825893557	6,7,11,16	ahold ah test -able
POOL	4311	0.825879468	6,9,11,16	hole gotta set rubble
POOL	4312	0.825870364	6,7,12,16	hole y'are tuttle -able
POOL	4313	0.825858356	4,6,11,16	at-home real cuffed -able
POOL	4314	0.825845623	3,7,12,16	who rah country -able
POOL	4315	0.825844800	1,5,9,12,16	eh hole lock true -able
POOL	4316	0.825834722	3,7,12,16	ass la country -able
POOL	4317	0.825815144	4,6,11,16	at-home real taft -able
POOL	4318	0.825811395	6,7,11,16	ahold ahh touch -able
POOL	4319	0.825809968	3,6,7,11,16	who all wha temp rubble
POOL	4320	0.825805271	5,8,11,14,16	hole lock other rub al
POOL	4321	0.825804641	6,9,11,16	hole gotta pfft rubble
POOL	4322	0.825802801	1,5,7,12,16	see hole la taft -able
POOL	4323	0.825781283	3,7,12,16	haw la country -able
POOL	4324	0.825773646	4,7,13,16	show la tantra -able
POOL	4325	0.825735831	4,8,10,11,16	home lott love too rubble
POOL	4326	0.825730971	4,8,10,11,16	home lat love too -able
POOL	4327	0.825726747	6,7,11,16	ahold ahh tough rubble
POOL	4328	0.825715990	4,8,9,12,16	show rut as true -able
POOL	4329	0.825708667	2,6,11,16	ass only cunt -able
POOL	4330	0.825702060	6,9,11,14,16	hole ata that grub bare
POOL	4331	0.825687000	4,5,7,11,16	show paul lotte cut rubble
POOL	4332	0.825686532	5,7,12,16	hole rah t'other -able
POOL	4333	0.825664481	6,7,11,16	ahold uhh cut -able
POOL	4334	0.825661700	5,7,12,16	hole las t'other -able
POOL	4335	0.825657239	1,5,9,12,16	an hole lotte true -able
POOL	4336	0.825657239	1,5,9,12,16	as hole lotte true -able
POOL	4337	0.825657239	1,5,9,12,16	at hole lotte true -able
POOL	4338	0.825648722	1,5,9,12,16	uh hole lock true -able
POOL	4339	0.825607244	1,5,7,12,16	at hole law tut -able
POOL	4340	0.825602785	3,7,12,16	us la t'other -able
POOL	4341	0.825601805	1,5,9,12,16	air hole lock true -able
POOL	4342	0.825574431	1,5,9,12,16	up hole lat true -able
POOL	4343	0.825529973	5,9,12,16	hole lotta tell -able
POOL	4344	0.825505080	6,7,11,16	ahold awe touch -able
POOL	4345	0.825505018	2,6,10,16	us own come terrible
POOL	4346	0.825454060	2,6,11,16	ass only tut rubble
POOL	4347	0.825444567	5,7,12,16	hold y'are t'other -able
POOL	4348	0.825438113	2,6,10,16	ass old tough terrible
POOL	4349	0.825433250	6,11,12,16	hole entente or -able
POOL	4350	0.825421677	4,6,11,16	ago lol cunt -able
POOL	4351	0.825420432	6,7,11,16	ahold awe tough rubble
POOL	4352	0.825418788	2,7,11,16	ass ola cut -able
POOL	4353	0.825403852	6,9,11,16	hole aka set rubble
POOL	4354	0.825391762	4,8,10,11,16	home lock love too rubble
POOL	4355	0.825388815	5,7,12,16	hold raw country -able
POOL	4356	0.825366049	6,7,11,16	ahold ah touch -able
POOL	4357	0.825359477	4,8,10,11,16	show rock love too rubble
POOL	4358	0.825351840	4,6,9,16	show lol ata treble
POOL	4359	0.825335068	4,8,10,11,16	show rot love too rubble
POOL	4360	0.825331532	4,6,9,16	show lol ata rubble
POOL	4361	0.825329026	6,9,11,16	hole aka pfft rubble
POOL	4362	0.825327402	5,9,12,16	hole lotta star -able
POOL	4363	0.825322369	6,9,11,16	hole gotta feet rubble
POOL	4364	0.825316875	6,9,12,16	ahold bought true -able
POOL	4365	0.825302957	5,7,11,16	asshole la cut rubble
POOL	4366	0.825300888	6,8,9,11,16	hole popped uhh that rubble
POOL	4367	0.825299129	6,9,11,16	hole gotta vat rubble
POOL	4368	0.825298025	3,6,10,16	who full tough terrible
POOL	4369	0.825281401	6,7,11,16	ahold ah tough rubble
POOL	4370	0.825280954	5,7,11,16	a-hole la cut -able
POOL	4371	0.825273774	1,5,9,12,16	an hole lott true -able
POOL	4372	0.825273774	1,5,9,12,16	as hole lott true -able
POOL	4373	0.825273774	1,5,9,12,16	at hole lott true -able
POOL	4374	0.825235646	1,4,7,11,16	uhh show na tuck rubble
POOL	4375	0.825235112	4,8,10,11,16	home lotte love too -able
POOL	4376	0.825205097	4,9,14,16	at-home lotta club al
POOL	4377	0.825196592	5,7,12,16	hold love t'other -able
POOL	4378	0.825195580	2,7,11,16	ass olaf cut rubble
POOL	4379	0.825184087	4,6,9,16	at-home lol got treble
POOL	4380	0.825180939	6,7,11,16	ahold ahh cunt -able
POOL	4381	0.825173466	4,8,10,11,16	show let love too -able
POOL	4382	0.825167071	4,6,11,16	ago lol tut rubble
POOL	4383	0.825163779	4,6,9,16	at-home lol got rubble
POOL	4384	0.825161066	5,8,11,14,16	hole lat other rub air
POOL	4385	0.825148276	6,7,11,16	ahold ahh trust -able
POOL	4386	0.825142913	4,6,11,16	ago real cunt -able
POOL	4387	0.825142698	5,7,12,16	hole rah country -able
POOL	4388	0.825133346	2,7,11,16	ass coleslaw cut -able
POOL	4389	0.825127790	5,7,11,16	holy la cut -able
POOL	4390	0.825117866	5,7,12,16	hole las country -able
POOL	4391	0.825092568	6,11,12,16	ahold tut new -able
POOL	4392	0.825092552	6,9,12,16	hole ata true double
POOL	4393	0.825092194	4,7,9,16	at-home la come treble
POOL	4394	0.825091529	2,5,7,9,16	us old loch come treble
POOL	4395	0.825079053	1,5,9,12,16	see hole lat true -able
POOL	4396	0.825078572	1,5,9,12,16	up hole lotte true -able
POOL	4397	0.825073076	4,6,9,16	show real ata treble
POOL	4398	0.825062046	6,7,12,16	hole ahh t'other bubble
POOL	4399	0.825058952	3,7,12,16	us la country -able
POOL	4400	0.825052768	4,6,9,16	show real ata rubble
POOL	4401	0.825049182	1,6,9,12,16	uhh hole caught 'til -able
POOL	4402	0.825030674	2,6,10,16	s old come terrible
POOL	4403	0.824984582	6,9,11,16	hole ata that rebel
POOL	4404	0.824970245	6,7,11,16	ahold ahh cost -able
POOL	4405	0.824969189	6,7,11,16	ahold on top -able
POOL	4406	0.824955484	6,7,11,16	ahold are tough -able
POOL	4407	0.824934640	3,5,8,11,16	who full let love rubble
POOL	4408	0.824932896	2,6,11,16	us only cunt -able
POOL	4409	0.824929704	1,5,9,12,16	an hole lock true -able
POOL	4410	0.824929704	1,5,9,12,16	as hole lock true -able
POOL	4411	0.824929704	1,5,9,12,16	at hole lock true -able
POOL	4412	0.824926332	6,7,11,16	ahold ahh tut rubble
POOL	4413	0.824923074	3,5,7,11,16	who all la cut nuttall
POOL	4414	0.824905323	4,6,9,16	at-home real got treble
POOL	4415	0.824900733	5,7,12,16	hold y'are country -able
POOL	4416	0.824888306	4,6,11,16	ago real tut rubble
POOL	4417	0.824885014	4,6,9,16	at-home real got rubble
POOL	4418	0.824879951	6,9,12,16	ahold art tour -able
POOL	4419	0.824874624	6,7,11,16	ahold awe cunt -able
POOL	4420	0.824851646	4,8,10,11,16	home lott love too -able
POOL	4421	0.824846754	6,9,11,16	hole aka feet rubble
POOL	4422	0.824841961	6,7,11,16	ahold awe trust -able
POOL	4423	0.824840503	4,6,8,10,16	show lol got love double
POOL	4424	0.824840240	4,9,14,16	at-home lotta club well
POOL	4425	0.824838594	6,9,11,16	ahold got meet -able
POOL	4426	0.824829819	4,6,8,10,16	show real got love treble
POOL	4427	0.824825228	2,6,10,16	ass ole come terrible
POOL	4428	0.824823514	6,9,11,16	hole aka vat rubble
POOL	4429	0.824814817	6,7,11,16	ahold on come rubble
POOL	4430	0.824808173	3,5,7,11,16	who all mah cut rubble
POOL	4431	0.824794602	3,7,12,16	saw raw t'other -able
POOL	4432	0.824793053	3,7,11,16	issue la top -able
POOL	4433	0.824780192	4,7,13,16	home la tundra -able
POOL	4434	0.824764440	5,9,12,16	hole lotta tree -able
POOL	4435	0.824755731	6,7,12,16	hole awe t'other bubble
POOL	4436	0.824755470	1,5,9,12,16	uhh hole lat tour -able
POOL	4437	0.824735593	6,7,11,16	ahold ah cunt -able
POOL	4438	0.824734124	1,5,9,12,16	uhh hole let true -able
POOL	4439	0.824702930	6,7,11,16	ahold ah trust -able
POOL	4440	0.824695107	1,5,9,12,16	up hole lott true -able
POOL	4441	0.824688780	6,7,11,16	ahold got cut rubble
POOL	4442	0.824678289	2,6,11,16	us only tut rubble
POOL	4443	0.824677606	4,8,10,11,16	show lat love two rubble
POOL	4444	0.824665207	5,8,11,14,16	hole lotte other rub air
POOL	4445	0.824663930	6,7,11,16	ahold awe cost -able
POOL	4446	0.824662342	2,6,10,16	us old tough terrible
POOL	4447	0.824652758	5,7,12,16	hold love country -able
POOL	4448	0.824643017	2,7,11,16	us ola cut -able
POOL	4449	0.824641529	4,6,11,16	show lol entente rubble
POOL	4450	0.824638681	3,7,11,16	issue la come rubble
POOL	4451	0.824620017	6,7,11,16	ahold awe tut rubble
POOL	4452	0.824619806	3,5,8,11,16	who full lat loved rubble
POOL	4453	0.824616700	6,7,12,16	hole ah t'other bubble
POOL	4454	0.824583194	1,5,9,12,16	see hole lotte true -able
POOL	4455	0.824559258	1,5,9,11,16	uhh hole lat that rubble
POOL	4456	0.824558899	5,7,12,16	soul raw t'other -able
POOL	4457	0.824538088	4,9,14,16	at-home lotta club air
POOL	4458	0.824524899	6,7,11,16	ahold ah cost -able
POOL	4459	0.824518212	6,7,12,16	hole ahh country bubble
POOL	4460	0.824507577	4,8,10,11,16	home lock love too -able
POOL	4461	0.824506952	2,4,9,16	ass oh lotta treble
POOL	4462	0.824486644	2,4,9,16	ass oh lotta rubble
POOL	4463	0.824484276	4,6,11,16	show really tut -able
POOL	4464	0.824480986	6,7,11,16	ahold ah tut rubble
POOL	4465	0.824475292	4,8,10,11,16	show rock love too -able
POOL	4466	0.824474959	4,9,13,16	show lotta truck -able
POOL	4467	0.824456634	5,7,11,13,16	who'll la cut rah -able
POOL	4468	0.824450883	4,8,10,11,16	show rot love too -able
POOL	4469	0.824450744	6,7,11,16	ahold y'are top -able
POOL	4470	0.824439583	5,8,11,14,16	hole not other rub al
POOL	4471	0.824419809	2,7,11,16	us olaf cut rubble
POOL	4472	0.824407757	5,9,12,16	hole lotta turn -able
POOL	4473	0.824394978	4,7,9,16	at-home la too treble
POOL	4474	0.824394383	6,9,11,16	hole ata too rebel
POOL	4475	0.824380554	5,7,12,16	role law t'other -able
POOL	4476	0.824379982	6,11,12,16	ahold cunt air -able
POOL	4477	0.824374669	4,7,9,16	at-home la too rubble
POOL	4478	0.824374468	4,8,9,11,16	show lat uhh sta rubble
POOL	4479	0.824373692	6,9,12,16	ahold art tell -able
POOL	4480	0.824364893	5,7,11,16	f-hole la come -able
POOL	4481	0.824362765	4,6,11,16	show real entente rubble
POOL	4482	0.824357575	2,7,11,16	us coleslaw cut -able
POOL	4483	0.824351037	1,5,9,12,16	up hole lock true -able
POOL	4484	0.824302400	1,5,9,12,16	uhh hole lat ver -able
POOL	4485	0.824283034	1,5,9,12,16	uh hole not true -able
POOL	4486	0.824281742	5,8,11,14,16	hole lott other rub air
POOL	4487	0.824280697	4,8,10,11,16	so lat love too rubble
POOL	4488	0.824259611	1,5,9,12,16	uhh hole lotte tour -able
POOL	4489	0.824258489	4,8,9,11,16	show lat doug that rubble
POOL	4490	0.824250769	3,7,12,16	saw raw country -able
POOL	4491	0.824236466	3,5,8,11,16	who full rock love rubble
POOL	4492	0.824236117	1,5,9,12,16	air hole not true -able
POOL	4493	0.824212057	3,5,8,11,16	who full rot love rubble
POOL	4494	0.824211897	6,7,12,16	hole awe country bubble
POOL	4495	0.824199728	1,5,9,12,16	see hole lott true -able
POOL	4496	0.824182467	4,6,9,16	show lol gotta treble
POOL	4497	0.824181747	4,8,10,11,16	show lotte love two rubble
POOL	4498	0.824171121	6,9,12,16	ahold art star -able
POOL	4499	0.824170747	5,7,11,16	ahold la cut rubble
POOL	4500	0.824162158	4,6,9,16	show lol gotta rubble
POOL	4501	0.824155068	6,7,12,16	ahold are tut -able
POOL	4502	0.824155068	6,11,12,16	ahold tut are -able
POOL	4503	0.824152788	5,8,11,14,16	hole lat other rub well
POOL	4504	0.824143819	6,11,12,16	hole entente yeah -able
POOL	4505	0.824136994	6,9,12,16	ahold shot tour -able
POOL	4506	0.824130940	3,5,8,11,16	who full lat want rubble
POOL	4507	0.824123947	3,5,8,11,16	who full lotte loved rubble
POOL	4508	0.824117352	4,6,11,16	at-home lol cuffed rubble
POOL	4509	0.824092688	4,6,11,16	home lol entente -able
POOL	4510	0.824074139	4,6,11,16	at-home lol taft rubble
POOL	4511	0.824072866	6,7,12,16	hole ah country bubble
POOL	4512	0.824070817	5,7,12,16	soul y'are t'other -able
POOL	4513	0.824063399	1,5,9,11,16	uhh hole lotte that rubble
POOL	4514	0.824063372	1,6,8,11,16	uhh hole got love rubble
POOL	4515	0.824050455	3,5,8,11,16	who full let love -able
POOL	4516	0.824049457	2,6,10,16	us ole come terrible
POOL	4517	0.824026074	4,8,10,11,16	home not love too rubble
POOL	4518	0.824015066	5,7,12,16	soul raw country -able
POOL	4519	0.824004030	3,7,11,16	issue raw cut -able
POOL	4520	0.823989967	6,8,9,11,16	hole alt dah that rubble
POOL	4521	0.823973489	4,6,7,9,16	show lear ahh dunn treble
POOL	4522	0.823965771	3,7,12,16	who ra t'other -able
POOL	4523	0.823937672	5,8,11,14,16	hole lock other rub air
POOL	4524	0.823937288	2,6,11,16	s only tut -able
POOL	4525	0.823934367	4,8,10,11,16	show luck love too rubble
POOL	4526	0.823923179	6,9,12,16	hole gotta true double
POOL	4527	0.823922227	6,7,12,16	hole ahh t'other couple
POOL	4528	0.823903702	4,6,9,16	show real gotta treble
POOL	4529	0.823885777	5,9,12,16	hole let-up true -able
POOL	4530	0.823883394	4,6,9,16	show real gotta rubble
POOL	4531	0.823882602	2,5,7,11,16	us old awe deft rubble
POOL	4532	0.823858892	5,9,11,16	hole lotta that -able
POOL	4533	0.823858892	5,9,12,16	hole lotta their -able
POOL	4534	0.823858892	5,9,12,16	hole lotta there -able
POOL	4535	0.823838588	4,6,11,16	at-home real cuffed rubble
POOL	4536	0.823836720	5,7,12,16	role law country -able
POOL	4537	0.823836480	2,6,10,16	ash old come terrible
POOL	4538	0.823822843	5,7,12,16	soul love t'other -able
POOL	4539	0.823815208	6,9,11,16	hole gotta that rebel
POOL	4540	0.823813923	4,6,11,16	home real entente -able
POOL	4541	0.823800904	1,6,7,11,16	uhh hole ahh cut rattle
POOL	4542	0.823798281	4,8,10,11,16	show lott love two rubble
POOL	4543	0.823795375	4,6,11,16	at-home real taft rubble
POOL	4544	0.823793421	4,8,10,11,16	show lat love two -able
POOL	4545	0.823784838	4,8,10,11,16	so lotte love too rubble
POOL	4546	0.823775950	4,8,10,11,16	show locke love too rubble
POOL	4547	0.823772732	4,8,10,11,16	show lat love at rubble
POOL	4548	0.823772732	4,8,10,11,16	show lat love it rubble
POOL	4549	0.823772732	4,8,10,11,16	show lat love to rubble
POOL	4550	0.823771957	4,8,11,12,16	hove lat love r. -able
POOL	4551	0.823742691	1,5,9,11,13,16	uhh hole clot to run bell
POOL	4552	0.823740482	3,5,8,11,16	who full lott loved rubble
POOL	4553	0.823737174	6,9,12,16	ahold not tour -able
POOL	4554	0.823735621	3,5,8,11,16	who full lat loved -able
POOL	4555	0.823731181	2,4,9,16	us oh lotta treble
POOL	4556	0.823710873	2,4,9,16	us oh lotta rubble
POOL	4557	0.823706874	4,8,10,11,16	hoe lat love too rubble
POOL	4558	0.823706851	4,6,9,16	show lol aka treble
POOL	4559	0.823688898	2,6,11,16	ass only cunt rubble
POOL	4560	0.823686543	4,6,9,16	show lol aka rubble
POOL	4561	0.823679933	1,5,9,11,16	uhh hole lott that rubble
POOL	4562	0.823678808	2,7,11,16	s olaf cut -able
POOL	4563	0.823676146	2,5,7,11,16	lash old la tack rubble
POOL	4564	0.823675073	1,5,9,11,16	uhh hole lat that -able
POOL	4565	0.823673047	5,7,11,16	f-hole law cut -able
POOL	4566	0.823664815	5,9,12,16	hole lotta view -able
POOL	4567	0.823656929	5,8,11,14,16	hole lotte other rub well
POOL	4568	0.823656286	4,6,8,10,16	show lol got love trumbull
POOL	4569	0.823649157	4,9,11,14,16	holm lotta that rad al
POOL	4570	0.823639845	5,8,11,14,16	hole let other rub al
POOL	4571	0.823635081	3,5,8,11,16	who full lotte want rubble
POOL	4572	0.823630735	6,9,12,16	ahold shot tell -able
POOL	4573	0.823627218	3,7,12,16	who la t'other double
POOL	4574	0.823615912	6,7,12,16	hole awe t'other couple
POOL	4575	0.823615430	1,5,9,11,16	yeah hole lat that rubble
POOL	4576	0.823608313	5,7,11,16	asshole la come -able
POOL	4577	0.823608159	6,9,12,16	ahold art tree -able
POOL	4578	0.823592460	4,6,7,9,16	show lol sa puff treble
POOL	4579	0.823587090	3,5,8,11,16	who full lat cut rubble
POOL	4580	0.823584530	4,8,10,11,16	hope lat love too rubble
POOL	4581	0.823574179	1,5,7,11,13,16	im hole la cut e'er bell
POOL	4582	0.823536061	6,9,12,16	ahold hot tour -able
POOL	4583	0.823529348	3,7,11,16	issue la tough -able
POOL	4584	0.823526984	5,7,12,16	soul y'are country -able
POOL	4585	0.823523368	4,7,9,16	at-home la top treble
POOL	4586	0.823504508	1,5,9,11,16	eh hole lat that rubble
POOL	4587	0.823500936	2,7,11,16	ass olaf come -able
POOL	4588	0.823493198	6,11,12,16	hole entente re- -able
POOL	4589	0.823484358	1,5,7,11,16	uhh hole long cut rubble
POOL	4590	0.823476881	6,7,12,16	hole ah t'other couple
POOL	4591	0.823471515	4,6,8,10,16	home lol got love treble
POOL	4592	0.823454212	4,8,10,11,16	show lock love two rubble
POOL	4593	0.823447563	6,9,12,16	hole aka true double
POOL	4594	0.823442326	6,7,12,16	hole got t'other double
POOL	4595	0.823428164	6,9,12,16	ahold shot star -able
POOL	4596	0.823428087	4,6,9,16	show real aka treble
POOL	4597	0.823421937	3,7,12,16	who ra country -able
POOL	4598	0.823420163	5,7,9,11,16	hoe lat come that rubble
POOL	4599	0.823417482	1,6,9,11,16	uhh hole up that rubble
POOL	4600	0.823415106	6,11,12,16	hole entente law -able
POOL	4601	0.823407778	4,6,9,16	show real aka rubble
POOL	4602	0.823401909	4,6,11,16	ago lol cunt rubble
POOL	4603	0.823401372	4,8,10,11,16	so lott love too rubble
POOL	4604	0.823399019	2,7,11,16	ass ola cut rubble
POOL	4605	0.823396512	4,8,10,11,16	so lat love too -able
POOL	4606	0.823396412	3,5,8,11,16	who full lock loved rubble
POOL	4607	0.823378394	6,7,12,16	hole ahh country couple
POOL	4608	0.823377125	4,6,11,16	at-home rule tut -able
POOL	4609	0.823367492	4,6,8,10,16	show real got love double
POOL	4610	0.823353651	5,9,11,14,16	hole alot that lob al
POOL	4611	0.823352281	3,5,8,11,16	who full rock love -able
POOL	4612	0.823335864	1,5,9,11,16	uhh hole lock that rubble
POOL	4613	0.823327872	3,5,8,11,16	who full rot love -able
POOL	4614	0.823327406	6,11,12,16	ahold cunt new -able
POOL	4615	0.823308430	1,5,9,11,16	uh hole lat that rubble
POOL	4616	0.823297562	4,8,10,11,16	show lotte love two -able
POOL	4617	0.823279009	5,7,12,16	soul love country -able
POOL	4618	0.823276873	4,8,10,11,16	show lotte love at rubble
POOL	4619	0.823276873	4,8,10,11,16	show lotte love it rubble
POOL	4620	0.823276873	4,8,10,11,16	show lotte love to rubble
POOL	4621	0.823273463	5,8,11,14,16	hole lott other rub well
POOL	4622	0.823268693	5,9,11,16	hole lotta too -able
POOL	4623	0.823261513	1,5,9,11,16	air hole lat that rubble
POOL	4624	0.823261186	5,7,11,16	a-hole la cut rubble
POOL	4625	0.823258717	6,7,12,16	hole ahh t'other apple
POOL	4626	0.823251616	3,5,8,11,16	who full lott want rubble
POOL	4627	0.823251476	6,9,12,16	ahold art turn -able
POOL	4628	0.823246755	3,5,8,11,16	who full lat want -able
POOL	4629	0.823239762	3,5,8,11,16	who full lotte loved -able
POOL	4630	0.823230915	6,9,12,16	ahold not tell -able
POOL	4631	0.823228882	3,5,8,11,16	who well lat love rubble
POOL	4632	0.823205036	4,7,13,16	home la tantra -able
POOL	4633	0.823197204	4,7,13,16	at-home la tundra bill
POOL	4634	0.823179214	1,5,9,11,16	uhh hole lotte that -able
POOL	4635	0.823179187	1,6,8,11,16	uhh hole got love -able
POOL	4636	0.823151687	2,6,10,16	ass own tough terrible
POOL	4637	0.823147807	1,5,7,11,14,16	eth hole la cut ebb al
POOL	4638	0.823123144	4,6,11,16	ago real cunt rubble
POOL	4639	0.823119571	1,5,9,11,16	yeah hole lotte that rubble
POOL	4640	0.823119544	1,6,8,11,16	yeah hole got love rubble
POOL	4641	0.823113577	2,7,11,16	ass coleslaw cut rubble
POOL	4642	0.823108021	5,7,11,16	holy la cut rubble
POOL	4643	0.823091231	3,5,8,11,16	who full lotte cut rubble
POOL	4644	0.823083384	3,7,12,16	who la country double
POOL	4645	0.823072079	6,7,12,16	hole awe country couple
POOL	4646	0.823055054	3,6,10,16	who lol come terrible
POOL	4647	0.823036894	4,6,11,16	at-home year tut -able
POOL	4648	0.823029802	6,9,12,16	ahold hot tell -able
POOL	4649	0.823024592	3,5,8,11,16	who sure lat love rubble
POOL	4650	0.823008649	1,5,9,11,16	eh hole lotte that rubble
POOL	4651	0.823008622	1,6,8,11,16	eh hole got love rubble
POOL	4652	0.822996138	6,8,11,16	hole got other -able
POOL	4653	0.822993511	1,4,9,11,16	uhh show lotta that rub
POOL	4654	0.822952402	6,7,12,16	hole awe t'other apple
POOL	4655	0.822942543	4,7,13,16	show law tundra -able
POOL	4656	0.822941671	5,8,11,14,16	hole rock other rub al
POOL	4657	0.822934346	2,6,11,16	ass only cuffed -able
POOL	4658	0.822933048	6,7,12,16	hole ah country couple
POOL	4659	0.822929394	5,8,11,14,16	hole lock other rub well
POOL	4660	0.822924294	6,7,12,16	hole la t'other double
POOL	4661	0.822917262	5,8,11,14,16	hole rot other rub al
POOL	4662	0.822916466	5,7,11,16	asshole law cut -able
POOL	4663	0.822913127	2,6,11,16	us only cunt rubble
POOL	4664	0.822907546	3,5,8,11,16	who full lock want rubble
POOL	4665	0.822905469	4,9,11,16	show lotta mat -able
POOL	4666	0.822905068	6,7,12,16	ahold on tut -able
POOL	4667	0.822905068	6,11,12,16	ahold tut or -able
POOL	4668	0.822899795	6,9,12,16	ahold ott tour -able
POOL	4669	0.822891134	2,6,11,16	ass only taft -able
POOL	4670	0.822865202	6,9,12,16	ahold shot tree -able
POOL	4671	0.822856297	3,5,8,11,16	who full lott loved -able
POOL	4672	0.822850358	5,7,12,16	sole law t'other -able
POOL	4673	0.822812571	1,5,9,11,16	uh hole lotte that rubble
POOL	4674	0.822812544	1,6,8,11,16	uh hole got love rubble
POOL	4675	0.822811355	3,5,8,11,16	who full luck love rubble
POOL	4676	0.822795748	1,5,9,11,16	uhh hole lott that -able
POOL	4677	0.822783230	4,6,9,16	home lol ata treble
POOL	4678	0.822773284	3,7,11,16	issue la top rubble
POOL	4679	0.822765654	1,5,9,11,16	air hole lotte that rubble
POOL	4680	0.822765627	1,6,8,11,16	air hole got love rubble
POOL	4681	0.822762922	4,6,9,16	home lol ata rubble
POOL	4682	0.822750896	3,5,8,11,16	who full lotte want -able
POOL	4683	0.822744248	2,6,10,16	s own come terrible
POOL	4684	0.822743095	2,6,11,16	ash only tut -able
POOL	4685	0.822736105	1,5,9,11,16	yeah hole lott that rubble
POOL	4686	0.822733250	3,7,12,16	who la tuttle -able
POOL	4687	0.822733023	3,5,8,11,16	who well lotte love rubble
POOL	4688	0.822731245	1,5,9,11,16	yeah hole lat that -able
POOL	4689	0.822728932	3,7,11,16	issue la tut -able
POOL	4690	0.822725165	2,7,11,16	us olaf come -able
POOL	4691	0.822712062	5,7,9,11,16	hole lar et that rubble
POOL	4692	0.822710102	1,6,8,11,16	uhh hole got at rubble
POOL	4693	0.822707765	3,5,8,11,16	who full lott cut rubble
POOL	4694	0.822702905	3,5,8,11,16	who full lat cut -able
POOL	4695	0.822702611	6,9,12,16	ahold art that -able
POOL	4696	0.822702611	6,9,12,16	ahold art their -able
POOL	4697	0.822702611	6,9,12,16	ahold art there -able
POOL	4698	0.822695557	1,5,7,11,16	uhh hole la dot rubble
POOL	4699	0.822688966	4,6,9,16	show lol ata verbal
POOL	4700	0.822652938	3,5,8,11,16	who full locke love rubble
POOL	4701	0.822649989	6,7,12,16	hole nod t'other -able
POOL	4702	0.822648007	5,9,12,16	hold lotta true -able
POOL	4703	0.822647357	4,6,11,16	ago lol cuffed -able
POOL	4704	0.822623248	2,7,11,16	us ola cut rubble
POOL	4705	0.822604144	4,6,11,16	ago lol taft -able
POOL	4706	0.822598760	5,7,12,16	hold lah t'other -able
POOL	4707	0.822571984	5,8,11,14,16	hole not other rub air
POOL	4708	0.822557583	4,6,11,16	at-home law tut -able
POOL	4709	0.822548950	5,8,11,14,16	hole lat other rub ill
POOL	4710	0.822521213	4,6,9,16	at-home lol got verbal
POOL	4711	0.822508534	6,9,12,16	ahold art view -able
POOL	4712	0.822508519	6,9,12,16	ahold shot turn -able
POOL	4713	0.822504466	4,6,9,16	home real ata treble
POOL	4714	0.822499497	5,7,11,16	f-hole la top -able
POOL	4715	0.822484615	2,7,11,16	ash olaf cut -able
POOL	4716	0.822484157	4,6,9,16	home real ata rubble
POOL	4717	0.822481557	2,6,10,16	ass role come terrible
POOL	4718	0.822476103	5,7,11,16	ahold la come -able
POOL	4719	0.822464507	4,6,11,16	show really tut rubble
POOL	4720	0.822439186	4,6,11,16	at-home lil tut -able
POOL	4721	0.822429319	4,7,9,16	at-home la come verbal
POOL	4722	0.822419521	6,9,13,16	hole ata truck -able
POOL	4723	0.822417980	5,7,12,16	role raw t'other -able
POOL	4724	0.822410201	4,6,9,16	show real ata verbal
POOL	4725	0.822409901	5,7,9,11,16	holes ah tonne that rubble
POOL	4726	0.822393536	6,9,12,16	ahold ott tell -able
POOL	4727	0.822389906	6,11,12,16	ahold cunt are -able
POOL	4728	0.822380460	5,7,12,16	hole la country double
POOL	4729	0.822375916	2,6,10,16	us own tough terrible
POOL	4730	0.822368593	4,6,11,16	ago real cuffed -able
POOL	4731	0.822345124	5,7,11,16	f-hole la come rubble
POOL	4732	0.822337806	2,7,11,16	us coleslaw cut rubble
POOL	4733	0.822325380	4,6,11,16	ago real taft -able
POOL	4734	0.822306524	5,7,12,16	sole law country -able
POOL	4735	0.822291835	6,11,12,16	hole entente here -able
POOL	4736	0.822286479	1,6,8,11,16	uhh hole got up rubble
POOL	4737	0.822236297	6,11,12,16	hole entente you -able
POOL	4738	0.822235359	1,6,8,11,16	yeah hole got love -able
POOL	4739	0.822206145	2,6,10,16	ass oh come terrible
POOL	4740	0.822205287	4,6,8,10,16	show lol ott love treble
POOL	4741	0.822183275	4,6,8,10,16	show real got love trumbull
POOL	4742	0.822180454	4,6,11,16	at-home well tut -able
POOL	4743	0.822177525	4,6,9,16	show lol ata trumbull
POOL	4744	0.822172126	2,6,11,16	s only cunt -able
POOL	4745	0.822158576	2,6,11,16	us only cuffed -able
POOL	4746	0.822153748	4,6,7,11,16	hoo lol ahh cut lapel
POOL	4747	0.822143199	4,7,9,16	at-home la tough treble
POOL	4748	0.822135848	6,9,10,16	hole got mm terrible
POOL	4749	0.822124437	1,6,8,11,16	eh hole got love -able
POOL	4750	0.822121735	3,7,11,16	issue la test -able
POOL	4751	0.822116528	3,7,12,16	hoo raw t'other -able
POOL	4752	0.822115363	2,6,11,16	us only taft -able
POOL	4753	0.822093526	1,6,8,11,16	an hole got love rubble
POOL	4754	0.822093526	1,6,8,11,16	as hole got love rubble
POOL	4755	0.822093526	1,6,8,11,16	at hole got love rubble
POOL	4756	0.822091371	6,11,12,16	hole entente year -able
POOL	4757	0.822072919	4,6,11,16	home lol entente rubble
POOL	4758	0.822066969	4,7,13,16	at-home la tundra bell
POOL	4759	0.822061213	5,7,11,13,16	kohl la trump run -able
POOL	4760	0.822054926	5,7,12,16	hold lah country -able
POOL	4761	0.822053091	5,8,11,14,16	hole lotte other rub ill
POOL	4762	0.822049683	1,4,9,11,16	yeah show lotta that rub
POOL	4763	0.822045777	5,7,11,12,16	hall la cut air puddle
POOL	4764	0.822030325	5,7,12,16	hole la tuttle -able
POOL	4765	0.822009771	4,6,9,16	at-home lol got trumbull
POOL	4766	0.822009188	4,6,8,10,16	home lol got love double
POOL	4767	0.821998503	4,6,8,10,16	home real got love treble
POOL	4768	0.821992213	5,8,11,14,16	hole lat other rob al
POOL	4769	0.821984261	3,7,11,16	issue raw cut rubble
POOL	4770	0.821983316	5,9,11,14,16	haul lotta fuck rub al
POOL	4771	0.821981313	2,6,9,16	ass only got treble
POOL	4772	0.821961004	2,6,9,16	ass only got rubble
POOL	4773	0.821938761	1,4,9,11,16	eh show lotta that rub
POOL	4774	0.821929899	5,7,12,16	role y'are t'other -able
POOL	4775	0.821928359	1,6,8,11,16	uh hole got love -able
POOL	4776	0.821917878	4,7,9,16	at-home la come trumbull
POOL	4777	0.821917519	2,6,11,16	s only tut rubble
POOL	4778	0.821916511	2,6,7,10,16	us bowl ahh tons treble
POOL	4779	0.821915666	4,6,11,16	home really tut -able
POOL	4780	0.821906567	2,4,9,16	ass know lotta treble
POOL	4781	0.821906349	4,9,13,16	home lotta truck -able
POOL	4782	0.821901572	2,6,10,16	s old tough terrible
POOL	4783	0.821898760	4,6,9,16	show real ata trumbull
POOL	4784	0.821886259	2,4,9,16	ass know lotta rubble
POOL	4785	0.821882247	2,7,11,16	s ola cut -able
POOL	4786	0.821881442	1,6,8,11,16	air hole got love -able
POOL	4787	0.821875190	4,6,8,10,16	show lol not love treble
POOL	4788	0.821875165	4,6,8,10,16	home real got love rubble
POOL	4789	0.821874147	5,7,12,16	role raw country -able
POOL	4790	0.821871147	6,7,13,16	hole ahh tundra -able
POOL	4791	0.821844078	2,4,9,16	ass oh lotta verbal
POOL	4792	0.821839124	5,9,11,16	hole lotta that rubble
POOL	4793	0.821825917	1,6,8,11,16	uhh hole got at -able
POOL	4794	0.821825500	3,7,11,16	who hurrah cut -able
POOL	4795	0.821794154	4,6,11,16	home real entente rubble
POOL	4796	0.821784256	5,7,11,16	ahold law cut -able
POOL	4797	0.821783553	5,7,10,12,16	hole lakh dumb true -able
POOL	4798	0.821772246	5,8,11,14,16	hole let other rub air
POOL	4799	0.821768148	4,5,7,11,16	koh law ah cut rubble
POOL	4800	0.821766274	1,6,8,11,16	yeah hole got at rubble
POOL	4801	0.821742916	5,7,11,16	asshole la top -able
POOL	4802	0.821732362	6,9,10,16	hole got eve terrible
POOL	4803	0.821732103	4,7,9,16	at-home la too verbal
POOL	4804	0.821731007	4,6,9,16	at-home real got trumbull
POOL	4805	0.821715333	4,9,14,16	ago lotta club al
POOL	4806	0.821710473	5,7,11,16	f-hole raw cut -able
POOL	4807	0.821708001	4,9,13,16	show lotta tra -able
POOL	4808	0.821704375	2,7,11,16	ass ola come -able
POOL	4809	0.821694323	4,6,9,16	ago lol got treble
POOL	4810	0.821681924	5,7,12,16	role love t'other -able
POOL	4811	0.821674015	4,6,9,16	ago lol got rubble
POOL	4812	0.821669625	5,8,11,14,16	hole lott other rub ill
POOL	4813	0.821663489	4,7,9,16	at-home la ca treble
POOL	4814	0.821659039	2,7,11,16	s olaf cut rubble
POOL	4815	0.821655352	1,6,8,11,16	eh hole got at rubble
POOL	4816	0.821653278	5,7,11,16	f-hole law cut rubble
POOL	4817	0.821649408	6,9,10,16	hole got as terrible
POOL	4818	0.821649408	6,9,10,16	hole got is terrible
POOL	4819	0.821643180	4,7,9,16	at-home la ca rubble
POOL	4820	0.821635540	2,7,11,16	ass olaf top -able
POOL	4821	0.821622048	4,7,13,16	at-home la tantra bill
POOL	4822	0.821615637	6,11,12,16	ahold tut yeah -able
POOL	4823	0.821613856	4,6,9,16	home lol gotta treble
POOL	4824	0.821611963	4,6,11,16	at-home rule cunt -able
POOL	4825	0.821605661	6,11,12,16	ahold cuffed air -able
POOL	4826	0.821602430	4,7,9,16	ago la come treble
POOL	4827	0.821596805	2,7,11,16	s coleslaw cut -able
POOL	4828	0.821594227	3,7,11,16	issue la touch -able
POOL	4829	0.821593548	4,6,9,16	home lol gotta rubble
POOL	4830	0.821588544	5,7,11,16	asshole la come rubble
POOL	4831	0.821572695	3,7,12,16	hoo raw country -able
POOL	4832	0.821566541	5,7,11,16	a-hole la come -able
POOL	4833	0.821564832	6,7,13,16	hole awe tundra -able
POOL	4834	0.821563705	5,8,11,14,16	hole not other rub well
POOL	4835	0.821562449	6,11,12,16	ahold taft air -able
POOL	4836	0.821551819	4,8,11,12,16	show lat thump ore -able
POOL	4837	0.821541897	2,4,8,11,16	gas oh knott love rubble
POOL	4838	0.821533705	2,7,11,16	ahead ole cut -able
POOL	4839	0.821519592	4,6,9,16	show lol gotta verbal
POOL	4840	0.821516561	5,8,11,14,16	hole luck other rub al
POOL	4841	0.821514859	1,6,8,11,16	up hole got love rubble
POOL	4842	0.821509579	3,7,11,16	issue la tough rubble
POOL	4843	0.821496355	5,8,11,14,16	hole lotte other rob al
POOL	4844	0.821481167	2,7,11,16	ass olaf come rubble
POOL	4845	0.821460714	3,7,12,16	saw lah t'other -able
POOL	4846	0.821459274	1,6,8,11,16	uh hole got at rubble
POOL	4847	0.821446939	5,8,11,14,16	f-hole lat love rub al
POOL	4848	0.821436076	2,5,7,11,16	us told la cut trumbull
POOL	4849	0.821425801	6,7,13,16	hole ah tundra -able
POOL	4850	0.821418933	2,7,11,16	ass coleslaw come -able
POOL	4851	0.821415559	4,6,9,16	ago real got treble
POOL	4852	0.821413377	5,7,11,16	holy la come -able
POOL	4853	0.821412357	1,6,8,11,16	air hole got at rubble
POOL	4854	0.821402294	1,6,8,11,16	uhh hole got up -able
POOL	4855	0.821395251	4,6,9,16	ago real got rubble
POOL	4856	0.821386065	5,7,12,16	role y'are country -able
POOL	4857	0.821374087	1,4,7,11,13,16	uhh owes la tanned run bell
POOL	4858	0.821371404	4,8,10,12,16	co lat love true -able
POOL	4859	0.821367468	4,6,7,10,16	show laird ahh come treble
POOL	4860	0.821367387	4,7,13,16	show law tantra -able
POOL	4861	0.821358144	5,8,11,14,16	hole locke other rub al
POOL	4862	0.821357356	4,6,11,16	at-home rule tut rubble
POOL	4863	0.821350476	4,9,14,16	ago lotta club well
POOL	4864	0.821342651	1,6,8,11,16	yeah hole got up rubble
POOL	4865	0.821335092	4,6,9,16	home real gotta treble
POOL	4866	0.821332636	2,4,9,16	ass oh lotta trumbull
POOL	4867	0.821325556	5,8,11,14,16	hole lock other rub ill
POOL	4868	0.821314784	4,6,9,16	home real gotta rubble
POOL	4869	0.821285319	5,8,11,14,16	ahold lat love rub al
POOL	4870	0.821274258	5,9,12,16	soul lotta true -able
POOL	4871	0.821250148	6,9,13,16	hole gotta truck -able
POOL	4872	0.821248925	5,9,11,16	hole lotta too rubble
POOL	4873	0.821240828	4,6,9,16	show real gotta verbal
POOL	4874	0.821235791	5,7,11,16	f-hole la tough -able
POOL	4875	0.821231729	1,6,8,11,16	eh hole got up rubble
POOL	4876	0.821222391	5,7,11,16	f-hole y'are cut -able
POOL	4877	0.821220662	4,7,9,16	at-home la too trumbull
POOL	4878	0.821209341	1,6,8,11,16	an hole got love -able
POOL	4879	0.821209341	1,6,8,11,16	as hole got love -able
POOL	4880	0.821209341	1,6,8,11,16	at hole got love -able
POOL	4881	0.821205542	2,6,9,16	us only got treble
POOL	4882	0.821197132	4,8,9,12,16	eau lat uhh fur -able
POOL	4883	0.821182613	1,5,9,11,13,16	ee hole ott that run bell
POOL	4884	0.821158119	5,8,11,14,16	hole lat other rub el
POOL	4885	0.821154076	1,5,9,12,13,16	uhh hole rocked true uhh bell
POOL	4886	0.821154047	4,7,9,16	at-home la done treble
POOL	4887	0.821142861	2,4,6,9,16	us oh l. sta treble
POOL	4888	0.821139906	6,11,12,16	ahold cunt or -able
POOL	4889	0.821138241	4,6,9,16	home lol aka treble
POOL	4890	0.821133739	4,7,9,16	at-home la done rubble
POOL	4891	0.821130796	2,4,9,16	us know lotta treble
POOL	4892	0.821117932	4,6,9,16	home lol aka rubble
POOL	4893	0.821112889	5,8,11,14,16	hole lott other rob al
POOL	4894	0.821110488	2,4,9,16	us know lotta rubble
POOL	4895	0.821074072	5,8,11,14,16	hole rock other rub air
POOL	4896	0.821068307	2,4,9,16	us oh lotta verbal
POOL	4897	0.821049663	5,8,11,14,16	hole rot other rub air
POOL	4898	0.821048324	4,9,14,16	ago lotta club air
POOL	4899	0.821047323	3,7,11,16	assume la cut -able
POOL	4900	0.821046445	4,5,7,11,16	show law la putt russel
POOL	4901	0.821043977	4,6,9,16	show lol aka verbal
POOL	4902	0.821035651	1,6,8,11,16	uh hole got up rubble
POOL	4903	0.821019481	1,6,8,11,16	see hole got love rubble
POOL	4904	0.821017125	4,6,11,16	at-home year tut rubble
POOL	4905	0.821008151	4,6,9,16	show lol gotta trumbull
POOL	4906	0.820997111	4,8,10,12,16	show luk love true -able
POOL	4907	0.820991910	4,7,13,16	hope la tundra -able
POOL	4908	0.820988734	1,6,8,11,16	air hole got up rubble
POOL	4909	0.820979970	4,7,13,16	show raw tundra -able
POOL	4910	0.820977932	2,6,11,16	ash only cunt -able
POOL	4911	0.820976370	6,8,11,16	hole got other rubble
POOL	4912	0.820974417	5,7,11,16	f-hole love cut -able
POOL	4913	0.820970411	2,4,9,16	s oh lotta treble
POOL	4914	0.820965016	6,11,12,16	ahold tut re- -able
POOL	4915	0.820963770	3,7,11,16	issue la cunt -able
POOL	4916	0.820953893	5,7,11,16	asshole raw cut -able
POOL	4917	0.820950103	2,4,9,16	s oh lotta rubble
POOL	4918	0.820943435	1,6,9,12,16	aff hole opt true -able
POOL	4919	0.820938203	3,5,7,11,16	who wil la ponte rubble
POOL	4920	0.820933168	3,7,11,16	wahoo la cut -able
POOL	4921	0.820931108	3,7,11,16	issue la trust -able
POOL	4922	0.820928604	2,7,11,16	us ola come -able
POOL	4923	0.820924030	3,6,10,16	who pull come terrible
POOL	4924	0.820916881	3,7,12,16	saw lah country -able
POOL	4925	0.820914578	2,6,11,16	ass only cuffed rubble
POOL	4926	0.820905214	4,7,9,16	ago la too treble
POOL	4927	0.820896698	5,7,11,16	asshole law cut rubble
POOL	4928	0.820892209	1,4,7,11,16	uhh show la stuffed ramble
POOL	4929	0.820886925	6,11,12,16	ahold tut law -able
POOL	4930	0.820884906	4,7,9,16	ago la too rubble
POOL	4931	0.820882089	1,6,8,11,16	yeah hole got at -able
POOL	4932	0.820874695	5,7,11,16	a-hole law cut -able
POOL	4933	0.820871365	2,6,11,16	ass only taft rubble
POOL	4934	0.820860493	4,7,9,16	at-home la top verbal
POOL	4935	0.820860115	3,7,12,16	hou raw t'other -able
POOL	4936	0.820859769	2,7,11,16	us olaf top -able
POOL	4937	0.820859476	4,6,9,16	home real aka treble
POOL	4938	0.820839168	4,6,9,16	home real aka rubble
POOL	4939	0.820802069	1,6,9,11,16	ill hole ahh that rubble
POOL	4940	0.820792421	4,6,11,16	at-home law cunt -able
POOL	4941	0.820774990	4,8,9,12,16	o. lat at true -able
POOL	4942	0.820774532	6,9,13,16	hole aka truck -able
POOL	4943	0.820771167	1,6,8,11,16	eh hole got at -able
POOL	4944	0.820765212	4,6,9,16	show real aka verbal
POOL	4945	0.820756289	2,6,11,16	her only tut -able
POOL	4946	0.820756289	2,6,11,16	who only tut -able
POOL	4947	0.820753077	3,7,11,16	issue la cost -able
POOL	4948	0.820729387	4,6,9,16	show real gotta trumbull
POOL	4949	0.820723326	2,6,11,16	ash only tut rubble
POOL	4950	0.820721531	5,7,11,16	holy law cut -able
POOL	4951	0.820714742	1,5,7,11,16	b hole la cut rubble
POOL	4952	0.820709164	3,7,11,16	issue la tut rubble
POOL	4953	0.820705396	2,7,11,16	us olaf come rubble
POOL	4954	0.820699345	4,6,11,16	show really cunt rubble
POOL	4955	0.820696520	2,5,7,11,16	hur lol la cut rubble
POOL	4956	0.820688054	2,7,11,16	ash ola cut -able
POOL	4957	0.820674024	4,6,11,16	at-home lil cunt -able
POOL	4958	0.820672425	4,9,14,16	at-home lotta club ill
POOL	4959	0.820670142	3,7,11,16	issue lah cut -able
POOL	4960	0.820643162	2,7,11,16	us coleslaw come -able
POOL	4961	0.820630674	1,6,8,11,16	up hole got love -able
POOL	4962	0.820627588	4,6,11,16	ago lol cuffed rubble
POOL	4963	0.820610706	5,7,11,16	ahold la top -able
POOL	4964	0.820597916	3,6,11,16	issue all tut -able
POOL	4965	0.820584376	4,6,11,16	ago lol taft rubble
POOL	4966	0.820575089	1,6,8,11,16	uh hole got at -able
POOL	4967	0.820556865	2,4,9,16	us oh lotta trumbull
POOL	4968	0.820553086	6,11,12,16	ahold cuffed new -able
POOL	4969	0.820537814	4,6,11,16	at-home law tut rubble
POOL	4970	0.820532535	4,6,9,16	show lol aka trumbull
POOL	4971	0.820528172	1,6,8,11,16	air hole got at -able
POOL	4972	0.820509873	6,11,12,16	ahold taft new -able
POOL	4973	0.820497809	2,7,11,16	her olaf cut -able
POOL	4974	0.820497809	2,7,11,16	who olaf cut -able
POOL	4975	0.820491888	4,7,13,16	show y'are tundra -able
POOL	4976	0.820491813	4,7,13,16	at-home la tantra bell
POOL	4977	0.820479728	5,7,11,16	f-hole la top rubble
POOL	4978	0.820479211	5,7,11,16	asshole la tough -able
POOL	4979	0.820465811	5,7,11,16	asshole y'are cut -able
POOL	4980	0.820464846	2,7,11,16	ash olaf cut rubble
POOL	4981	0.820458466	1,6,8,11,16	yeah hole got up -able
POOL	4982	0.820456334	5,7,11,16	ahold la come rubble
POOL	4983	0.820435376	5,7,11,16	f-hole la tut -able
POOL	4984	0.820421326	2,4,8,11,16	us oh lat love revel
POOL	4985	0.820420245	2,4,8,11,16	ah oh lat punt rubble
POOL	4986	0.820419417	4,6,11,16	at-home lil tut rubble
POOL	4987	0.820411354	1,5,7,11,16	uhh hoe la cut rubble
POOL	4988	0.820402611	2,7,11,16	ash coleslaw cut -able
POOL	4989	0.820382635	6,9,10,16	hole art new terrible
POOL	4990	0.820373933	4,7,13,16	home law tundra -able
POOL	4991	0.820371834	2,7,11,16	ass olaf tough -able
POOL	4992	0.820359718	1,6,8,11,16	uhh hole got loved rubble
POOL	4993	0.820349052	4,7,9,16	at-home la top trumbull
POOL	4994	0.820348824	4,6,11,16	ago real cuffed rubble
POOL	4995	0.820347544	1,6,8,11,16	eh hole got up -able
POOL	4996	0.820338825	4,8,9,11,16	hu lat uhh that rubble
POOL	4997	0.820323361	4,9,13,16	at-home lotta truck bill
POOL	4998	0.820316282	3,7,12,16	hou raw country -able
POOL	4999	0.820306810	5,7,11,14,16	hole la cut ebb early
POOL	5000	0.820305611	4,6,11,16	ago real taft rubble
POOL	5001	0.820304405	4,6,11,16	hope lol entente -able
POOL	5002	0.820295991	6,7,13,16	hole ahh tantra -able
POOL	5003	0.820277943	1,6,8,11,16	uhh hole got but rubble
POOL	5004	0.820277943	1,6,8,11,16	uhh hole got what rubble
POOL	5005	0.820274375	2,6,8,10,12,16	uhh ole got love true belle
POOL	5006	0.820253771	4,6,9,16	show real aka trumbull
POOL	5007	0.820236941	3,6,10,16	who sure tough terrible
POOL	5008	0.820217837	5,7,11,16	asshole love cut -able
POOL	5009	0.820204954	2,5,9,11,16	earth sole lakh that rubble
POOL	5010	0.820203906	5,7,9,11,16	hole la tag that rommel
POOL	5011	0.820193890	3,5,7,11,16	who all la cat rebels
POOL	5012	0.820177122	6,8,10,12,16	hole got love torn -able
POOL	5013	0.820162195	1,4,9,11,16	uhh home lotta that rub
POOL	5014	0.820160685	4,6,11,16	at-home well tut rubble
POOL	5015	0.820152357	2,6,11,16	s only cunt rubble
POOL	5016	0.820138807	2,6,11,16	us only cuffed rubble
POOL	5017	0.820128490	4,9,13,16	show lotta struck -able
POOL	5018	0.820120355	4,6,9,16	home lol ata verbal
POOL	5019	0.820101966	3,7,11,16	issue la test rubble
POOL	5020	0.820095594	2,6,11,16	us only taft rubble
POOL	5021	0.820089543	6,8,9,11,16	hole got uhh that waddle
POOL	5022	0.820033604	4,7,9,16	ago la top treble
POOL	5023	0.820026466	4,9,14,16	at-home lotta club tell
POOL	5024	0.820025641	4,6,11,16	hope real entente -able
POOL	5025	0.820020559	4,8,9,11,16	show lat uhh that riddle
POOL	5026	0.820009723	3,7,12,16	ass raw t'other -able
POOL	5027	0.820004638	3,6,7,11,16	who nur all cut rubble
POOL	5028	0.819989676	6,7,13,16	hole awe tantra -able
POOL	5029	0.819973547	4,6,9,16	show lol ata stubble
POOL	5030	0.819964395	2,7,11,16	s olaf come -able
POOL	5031	0.819958634	5,7,11,16	f-hole law come -able
POOL	5032	0.819956284	3,7,12,16	haw raw t'other -able
POOL	5033	0.819925952	3,6,10,16	who lol tough terrible
POOL	5034	0.819919919	5,7,10,12,16	hole lotte come air -able
POOL	5035	0.819869007	4,9,10,16	show lat new terrible
POOL	5036	0.819862479	2,7,11,16	s ola cut rubble
POOL	5037	0.819850645	6,7,13,16	hole ah tantra -able
POOL	5038	0.819850475	6,11,12,16	ahold cunt yeah -able
POOL	5039	0.819841591	4,6,9,16	home real ata verbal
POOL	5040	0.819838979	2,7,11,16	ass ola top -able
POOL	5041	0.819828178	5,7,11,16	f-hole la test -able
POOL	5042	0.819810366	3,6,11,16	issue full tut -able
POOL	5043	0.819805794	4,6,9,16	at-home lol got stubble
POOL	5044	0.819805731	3,7,11,16	who hurrah cut rubble
POOL	5045	0.819776218	2,4,9,16	ash oh lotta treble
POOL	5046	0.819764487	5,7,11,16	ahold law cut rubble
POOL	5047	0.819763654	6,11,12,16	ahold tut here -able
POOL	5048	0.819755909	2,4,9,16	ash oh lotta rubble
POOL	5049	0.819728101	5,9,11,16	hole lotta meet -able
POOL	5050	0.819727798	3,6,10,16	who full ton terrible
POOL	5051	0.819723148	5,7,11,16	asshole la top rubble
POOL	5052	0.819721432	2,4,9,16	ass go lotta treble
POOL	5053	0.819713900	4,7,9,16	at-home la come stubble
POOL	5054	0.819708115	6,11,12,16	ahold tut you -able
POOL	5055	0.819707440	4,7,13,16	ago la tundra bill
POOL	5056	0.819701145	5,7,11,16	a-hole la top -able
POOL	5057	0.819701123	2,4,9,16	ass go lotta rubble
POOL	5058	0.819694782	4,6,9,16	show real ata stubble
POOL	5059	0.819690704	5,7,11,16	f-hole raw cut rubble
POOL	5060	0.819684606	2,7,11,16	ass ola come rubble
POOL	5061	0.819679225	5,8,11,12,16	hole lat love arm -able
POOL	5062	0.819678796	5,7,11,16	asshole la tut -able
POOL	5063	0.819676820	3,7,11,16	issue la cut rebel
POOL	5064	0.819676434	5,9,12,16	hole let-up tour -able
POOL	5065	0.819652563	6,9,13,16	hole ata tra -able
POOL	5066	0.819647187	3,6,10,16	who real tough terrible
POOL	5067	0.819639678	6,9,10,16	hole shot new terrible
POOL	5068	0.819615771	2,7,11,16	ass olaf top rubble
POOL	5069	0.819615586	6,11,12,16	ahold cuffed are -able
POOL	5070	0.819611713	4,7,9,16	at-home la cut treble
POOL	5071	0.819608914	4,6,9,16	home lol ata trumbull
POOL	5072	0.819596063	2,7,11,16	us olaf tough -able
POOL	5073	0.819589617	1,6,7,11,16	d. hole car cut rubble
POOL	5074	0.819577549	2,7,11,16	yes olaf cut -able
POOL	5075	0.819577036	2,7,11,16	s coleslaw cut rubble
POOL	5076	0.819574458	3,7,11,16	issue la touch rubble
POOL	5077	0.819572373	6,11,12,16	ahold taft are -able
POOL	5078	0.819571419	2,7,11,16	ass olaf tut -able
POOL	5079	0.819563189	6,11,12,16	ahold tut year -able
POOL	5080	0.819553536	2,7,11,16	ass coleslaw top -able
POOL	5081	0.819547981	5,7,11,16	holy la top -able
POOL	5082	0.819546773	5,7,11,16	a-hole la come rubble
POOL	5083	0.819513936	2,7,11,16	ahead ole cut rubble
POOL	5084	0.819506289	2,6,11,16	he only tut -able
POOL	5085	0.819480324	4,7,9,16	at-home la tough verbal
POOL	5086	0.819465890	3,7,12,16	ass raw country -able
POOL	5087	0.819447726	4,5,7,11,16	show pool la twas rubble
POOL	5088	0.819416754	4,7,13,16	hope la tantra -able
POOL	5089	0.819412450	3,7,12,16	haw raw country -able
POOL	5090	0.819404814	4,7,13,16	show raw tantra -able
POOL	5091	0.819399164	2,7,11,16	ass coleslaw come rubble
POOL	5092	0.819397806	2,6,11,16	s only cuffed -able
POOL	5093	0.819393609	5,7,11,16	holy la come rubble
POOL	5094	0.819386415	4,7,13,16	so la tundra -able
POOL	5095	0.819375528	2,6,8,10,16	us old got love treble
POOL	5096	0.819359877	1,4,9,11,16	uhh show lotta too rub
POOL	5097	0.819354593	2,6,11,16	s only taft -able
POOL	5098	0.819347001	5,7,11,16	ahold la tough -able
POOL	5099	0.819330150	4,6,9,16	home real ata trumbull
POOL	5100	0.819312044	3,5,7,11,16	who'd tall la cut rubble
POOL	5101	0.819281508	1,4,7,11,16	tha show la tarte rubble
POOL	5102	0.819253522	6,8,10,12,16	hole luck love true -able
POOL	5103	0.819249183	4,9,10,16	show lotte new terrible
POOL	5104	0.819247809	2,7,11,16	he olaf cut -able
POOL	5105	0.819243692	2,4,9,16	ass know lotta verbal
POOL	5106	0.819243483	4,7,9,16	at-home la tongue treble
POOL	5107	0.819239858	6,9,10,16	hole not new terrible
POOL	5108	0.819233952	3,7,12,16	us raw t'other -able
POOL	5109	0.819223175	4,7,9,16	at-home la tongue rubble
POOL	5110	0.819218368	1,4,9,11,16	yeah home lotta that rub
POOL	5111	0.819216022	5,7,11,16	f-hole la tough rubble
POOL	5112	0.819202623	5,7,11,16	f-hole y'are cut rubble
POOL	5113	0.819202054	5,7,11,16	asshole law come -able
POOL	5114	0.819199854	6,11,12,16	ahold cunt re- -able
POOL	5115	0.819193126	4,9,13,16	at-home lotta truck bell
POOL	5116	0.819170176	5,9,12,16	hole let-up tell -able
POOL	5117	0.819150277	5,7,10,12,16	hole la tubs pair -able
POOL	5118	0.819139391	4,9,13,16	home lotta tra -able
POOL	5119	0.819133339	5,9,12,16	role lotta true -able
POOL	5120	0.819128658	2,4,9,16	ass oh lotta stubble
POOL	5121	0.819121763	6,11,12,16	ahold cunt law -able
POOL	5122	0.819113752	3,6,10,16	who full tom terrible
POOL	5123	0.819107445	1,4,9,11,16	eh home lotta that rub
POOL	5124	0.819085626	5,7,11,16	ahold love cut -able
POOL	5125	0.819080114	6,7,13,16	hole are tundra -able
POOL	5126	0.819071598	5,7,11,16	asshole la test -able
POOL	5127	0.819063208	2,7,11,16	us ola top -able
POOL	5128	0.819058162	4,7,13,16	show lol tundra -able
POOL	5129	0.819045639	4,6,8,11,16	coe lol op love rubble
POOL	5130	0.819038745	6,9,10,16	hole hot new terrible
POOL	5131	0.819031449	4,6,9,16	ago lol got verbal
POOL	5132	0.819027554	3,7,11,16	assume la cut rubble
POOL	5133	0.819016684	4,7,9,16	at-home la too stubble
POOL	5134	0.819000614	4,7,9,16	at-home la ca verbal
POOL	5135	0.818999213	2,6,11,16	ass old entente -able
POOL	5136	0.818994948	4,6,9,16	hope lol ata treble
POOL	5137	0.818974639	4,6,9,16	hope lol ata rubble
POOL	5138	0.818971566	5,9,11,16	hole lotta thought -able
POOL	5139	0.818968883	4,7,9,16	at-home la tough trumbull
POOL	5140	0.818967605	5,9,12,16	hole let-up star -able
POOL	5141	0.818964221	2,7,11,16	ass olaf test -able
POOL	5142	0.818958164	2,6,11,16	ash only cunt rubble
POOL	5143	0.818954648	5,7,11,16	f-hole love cut rubble
POOL	5144	0.818950982	4,6,9,16	home lol gotta verbal
POOL	5145	0.818945661	2,4,9,16	us go lotta treble
POOL	5146	0.818944002	3,7,11,16	issue la cunt rubble
POOL	5147	0.818939556	4,7,9,16	ago la come verbal
POOL	5148	0.818934470	1,5,7,11,13,16	uhh foal la tack run bell
POOL	5149	0.818934124	5,7,11,16	asshole raw cut rubble
POOL	5150	0.818925352	2,4,9,16	us go lotta rubble
POOL	5151	0.818924474	2,5,7,10,12,16	hash ole la tough true beer
POOL	5152	0.818917314	4,6,9,16	at-home lol art treble
POOL	5153	0.818916732	4,7,13,16	show y'are tantra -able
POOL	5154	0.818913399	3,7,11,16	wahoo la cut rubble
POOL	5155	0.818912121	5,7,11,16	a-hole raw cut -able
POOL	5156	0.818911339	3,7,11,16	issue la trust rubble
POOL	5157	0.818908836	2,7,11,16	us ola come rubble
POOL	5158	0.818897005	4,6,9,16	at-home lol art rubble
POOL	5159	0.818881938	2,6,8,10,16	us ole got love treble
POOL	5160	0.818859125	3,6,11,16	who full entente -able
POOL	5161	0.818840000	2,7,11,16	us olaf top rubble
POOL	5162	0.818832753	3,6,11,16	issue all cunt -able
POOL	5163	0.818832141	4,8,9,12,16	show lat un tulle -able
POOL	5164	0.818806997	2,6,9,16	ass only got trumbull
POOL	5165	0.818804173	4,6,9,16	show lol gotta stubble
POOL	5166	0.818798777	4,7,13,16	home law tantra -able
POOL	5167	0.818795648	2,7,11,16	us olaf tut -able
POOL	5168	0.818790945	4,7,13,16	at-home law tundra bill
POOL	5169	0.818782640	3,7,12,16	hoo lah t'other -able
POOL	5170	0.818780511	1,5,7,9,16	uhh hole la come treble
POOL	5171	0.818779398	4,7,13,16	show real tundra -able
POOL	5172	0.818777766	2,7,11,16	us coleslaw top -able
POOL	5173	0.818769851	4,9,10,16	show lott new terrible
POOL	5174	0.818752242	4,7,9,16	at-home la ton treble
POOL	5175	0.818736520	2,6,11,16	her only tut rubble
POOL	5176	0.818736520	2,6,11,16	who only tut rubble
POOL	5177	0.818733308	3,7,11,16	issue la cost rubble
POOL	5178	0.818732251	2,4,9,16	ass know lotta trumbull
POOL	5179	0.818731933	4,7,9,16	at-home la ton rubble
POOL	5180	0.818723361	4,7,9,16	at-home raw come treble
POOL	5181	0.818716183	4,6,9,16	hope real ata treble
POOL	5182	0.818703053	4,7,9,16	at-home raw come rubble
POOL	5183	0.818695875	4,6,9,16	hope real ata rubble
POOL	5184	0.818690119	3,7,12,16	us raw country -able
POOL	5185	0.818672218	4,6,9,16	home real gotta verbal
POOL	5186	0.818657426	2,4,8,11,16	us oh locked love crumble
POOL	5187	0.818653435	4,7,9,16	ago la tough treble
POOL	5188	0.818650373	3,7,11,16	issue lah cut rubble
POOL	5189	0.818638549	4,6,9,16	at-home real art treble
POOL	5190	0.818633126	4,7,9,16	ago la tough rubble
POOL	5191	0.818623699	2,5,8,9,12,16	us ole lat uhh true pell
POOL	5192	0.818618241	4,6,9,16	at-home real art rubble
POOL	5193	0.818611893	2,5,8,12,16	us old lott ver -able
POOL	5194	0.818611878	2,6,8,10,16	ass old got love treble
POOL	5195	0.818578147	3,6,11,16	issue all tut rubble
POOL	5196	0.818577205	4,7,13,16	ago la tundra bell
POOL	5197	0.818537547	1,5,7,9,16	uhh hole la ca treble
POOL	5198	0.818525409	4,6,9,16	show real gotta stubble
POOL	5199	0.818523425	3,6,10,16	who full dove terrible
POOL	5200	0.818520008	4,6,9,16	ago lol got trumbull
POOL	5201	0.818501769	2,5,8,12,16	us ole lotte ver -able
POOL	5202	0.818494278	1,6,7,11,16	uhh hole saw tet rubble
POOL	5203	0.818492004	5,9,11,16	hole lotta vet -able
POOL	5204	0.818491173	4,7,9,16	at-home la done verbal
POOL	5205	0.818489173	4,7,9,16	at-home la ca trumbull
POOL	5206	0.818483189	6,9,13,16	hole gotta tra -able
POOL	5207	0.818474730	2,5,8,12,16	us old lat aft -able
POOL	5208	0.818467922	2,4,9,16	us know lotta verbal
POOL	5209	0.818444772	2,6,9,16	s only got treble
POOL	5210	0.818438664	5,9,12,16	hold lotta tour -able
POOL	5211	0.818428114	4,7,9,16	ago la come trumbull
POOL	5212	0.818414208	1,5,7,9,16	uhh hole la ca rubble
POOL	5213	0.818412025	2,5,8,12,16	us ole lat ter -able
POOL	5214	0.818411359	4,7,13,16	home raw tundra -able
POOL	5215	0.818409755	2,5,8,12,16	us old lotte ter -able
POOL	5216	0.818404642	5,9,12,16	hole let-up tree -able
POOL	5217	0.818370499	2,5,7,9,16	dash old la to treble
POOL	5218	0.818370026	2,4,9,16	s know lotta treble
POOL	5219	0.818365586	6,11,12,16	ahold cuffed or -able
POOL	5220	0.818364682	3,7,11,16	uh-huh la cut -able
POOL	5221	0.818352888	2,4,9,16	us oh lotta stubble
POOL	5222	0.818349718	2,4,9,16	s know lotta rubble
POOL	5223	0.818346250	4,9,14,16	at-home lotta club else
POOL	5224	0.818339882	4,8,11,12,16	show lat love air abba
POOL	5225	0.818322373	6,11,12,16	ahold taft or -able
POOL	5226	0.818307537	2,4,9,16	s oh lotta verbal
POOL	5227	0.818305127	1,4,9,11,16	eh show lotta too rub
POOL	5228	0.818295005	6,8,9,11,16	hole got th'are nat rubble
POOL	5229	0.818278447	2,5,7,11,16	us old la tusk randall
POOL	5230	0.818269848	3,7,11,16	issue raw come rubble
POOL	5231	0.818269096	2,4,9,16	ass own lotta treble
POOL	5232	0.818267824	2,5,8,12,16	us old lock ver -able
POOL	5233	0.818264821	4,8,11,12,16	show lots love air -able
POOL	5234	0.818248788	2,4,9,16	ass own lotta rubble
POOL	5235	0.818242339	4,7,9,16	ago la too verbal
POOL	5236	0.818238806	3,7,12,16	hoo lah country -able
POOL	5237	0.818235279	4,7,9,16	at-home y'are come treble
POOL	5238	0.818233978	2,5,8,12,16	ass ole lat ver -able
POOL	5239	0.818231709	2,5,8,12,16	ass old lotte ver -able
POOL	5240	0.818223442	2,6,11,16	us old entente -able
POOL	5241	0.818214971	4,7,9,16	at-home y'are come rubble
POOL	5242	0.818208096	4,7,9,16	at-home la cup treble
POOL	5243	0.818203612	2,6,11,16	ash only cuffed -able
POOL	5244	0.818189450	3,7,12,16	issue la cuffed -able
POOL	5245	0.818187788	4,7,9,16	at-home la cup rubble
POOL	5246	0.818179545	6,10,12,16	hole bottom true -able
POOL	5247	0.818173725	4,7,9,16	ago la ca treble
POOL	5248	0.818160399	2,6,11,16	ash only taft -able
POOL	5249	0.818153417	4,7,9,16	ago la ca rubble
POOL	5250	0.818146237	3,7,12,16	issue la taft -able
POOL	5251	0.818145074	4,7,9,16	at-home la top stubble
POOL	5252	0.818141965	2,5,8,12,16	ass old lat ter -able
POOL	5253	0.818132284	4,7,13,16	ago la tantra bill
POOL	5254	0.818118303	2,5,8,12,16	us ole lott ver -able
POOL	5255	0.818118288	2,6,8,10,16	ass ole got love treble
POOL	5256	0.818118067	4,9,13,16	hope lotta truck -able
POOL	5257	0.818111087	3,7,11,16	who hurrah come -able
POOL	5258	0.818073052	6,9,13,16	hole ata struck -able
POOL	5259	0.818047959	5,9,12,16	hole let-up turn -able
POOL	5260	0.818045204	3,6,11,16	issue full cunt -able
POOL	5261	0.818026290	2,5,8,12,16	us old lott ter -able
POOL	5262	0.818026145	4,7,9,16	at-home raw too treble
POOL	5263	0.818019839	4,7,13,16	hoe la tundra -able
POOL	5264	0.818007574	6,9,13,16	hole aka tra -able
POOL	5265	0.818005836	4,7,9,16	at-home raw too rubble
POOL	5266	0.818002463	4,7,11,14,16	ahoy lon putt rub al
POOL	5267	0.817998492	6,11,12,16	ahold cunt here -able
POOL	5268	0.817995406	1,5,7,11,13,16	eyre hole slot cut run bell
POOL	5269	0.817981140	2,5,8,12,16	us ole lat aft -able
POOL	5270	0.817979731	4,7,9,16	at-home la done trumbull
POOL	5271	0.817978871	2,5,8,12,16	us old lotte aft -able
POOL	5272	0.817971904	4,9,14,16	at-home lotta club el
POOL	5273	0.817956480	2,4,9,16	us know lotta trumbull
POOL	5274	0.817942953	6,11,12,16	ahold cunt you -able
POOL	5275	0.817932406	5,9,12,16	hold lotta tell -able
POOL	5276	0.817930143	4,5,9,11,16	show l knott that rubble
POOL	5277	0.817923277	4,7,13,16	home y'are tundra -able
POOL	5278	0.817916166	2,5,8,12,16	us ole lotte ter -able
POOL	5279	0.817913201	2,6,8,10,16	us old got love double
POOL	5280	0.817905854	5,7,12,16	hoh la t'other -able
POOL	5281	0.817897957	5,9,11,16	hole lotta met -able
POOL	5282	0.817849272	1,5,7,9,16	uhh hole la tough treble
POOL	5283	0.817848243	2,5,8,12,16	ass old lott ver -able
POOL	5284	0.817836683	1,5,7,9,16	yeah hole la come treble
POOL	5285	0.817830114	6,7,13,16	hole on tundra -able
POOL	5286	0.817816260	2,6,11,16	yes only tut rubble
POOL	5287	0.817811259	4,7,13,16	so la tantra -able
POOL	5288	0.817798027	6,11,12,16	ahold cunt year -able
POOL	5289	0.817796096	2,4,9,16	s oh lotta trumbull
POOL	5290	0.817794928	3,6,10,16	who pull tough terrible
POOL	5291	0.817790597	3,6,11,16	issue full tut rubble
POOL	5292	0.817789412	2,4,9,16	her oh lotta treble
POOL	5293	0.817789412	2,4,9,16	who oh lotta treble
POOL	5294	0.817778640	6,10,12,16	ahold come true -able
POOL	5295	0.817774234	2,5,8,12,16	us ole lock ver -able
POOL	5296	0.817773221	1,5,7,9,16	uhh hole la too treble
POOL	5297	0.817769103	2,4,9,16	her oh lotta rubble
POOL	5298	0.817769103	2,4,9,16	who oh lotta rubble
POOL	5299	0.817764635	2,4,9,16	ass show lotta treble
POOL	5300	0.817744326	2,4,9,16	ass show lotta rubble
POOL	5301	0.817743815	4,9,14,16	at-home lotta scrub al
POOL	5302	0.817738119	2,5,8,12,16	ass ole lotte ver -able
POOL	5303	0.817736939	4,7,9,16	at-home law tough treble
POOL	5304	0.817730898	4,7,9,16	ago la too trumbull
POOL	5305	0.817729835	5,9,12,16	hold lotta star -able
POOL	5306	0.817725761	1,5,7,9,16	eh hole la come treble
POOL	5307	0.817716631	4,7,9,16	at-home law tough rubble
POOL	5308	0.817711080	2,5,8,12,16	ass old lat aft -able
POOL	5309	0.817708984	4,7,13,16	oh la tundra -able
POOL	5310	0.817708333	5,9,11,16	hole lotta meet rubble
POOL	5311	0.817689755	2,6,9,16	ass old ata treble
POOL	5312	0.817682221	2,5,8,12,16	us old lock ter -able
POOL	5313	0.817669447	2,6,9,16	ass old ata rubble
POOL	5314	0.817664283	4,7,9,16	ago la done treble
POOL	5315	0.817660709	4,7,13,16	at-home law tundra bell
POOL	5316	0.817649882	1,5,7,9,16	uhh hole la too rubble
POOL	5317	0.817648375	2,5,8,12,16	ass ole lat ter -able
POOL	5318	0.817646106	2,5,8,12,16	ass old lotte ter -able
POOL	5319	0.817646081	4,7,13,16	show lah tundra -able
POOL	5320	0.817643975	4,7,9,16	ago la done rubble
POOL	5321	0.817641204	1,6,9,12,16	uhh hone up true -able
POOL	5322	0.817631762	2,6,11,16	ahead old tut -able
POOL	5323	0.817608129	2,5,7,9,16	cath old la come treble
POOL	5324	0.817603143	5,9,12,16	sole lotta true -able
POOL	5325	0.817595405	2,5,8,12,16	us old lott aft -able
POOL	5326	0.817593719	1,5,7,9,16	yeah hole la ca treble
POOL	5327	0.817589376	1,5,7,9,16	uhh hole la top treble
POOL	5328	0.817559880	4,9,13,16	home lotta struck -able
POOL	5329	0.817556403	4,9,13,16	at-home lotta tra bill
POOL	5330	0.817549667	3,6,9,16	who full ata treble
POOL	5331	0.817532700	2,5,8,12,16	us ole lott ter -able
POOL	5332	0.817529683	1,5,7,9,16	uh hole la come treble
POOL	5333	0.817529359	3,6,9,16	who full ata rubble
POOL	5334	0.817526227	3,7,12,16	hou lah t'other -able
POOL	5335	0.817520429	1,4,7,11,16	uhh show yah cut rebels'
POOL	5336	0.817504958	6,7,13,16	hole are tantra -able
POOL	5337	0.817504174	2,5,8,12,16	ass old lock ver -able
POOL	5338	0.817499095	5,9,11,16	hole let-up that -able
POOL	5339	0.817499095	5,9,12,16	hole let-up their -able
POOL	5340	0.817499095	5,9,12,16	hole let-up there -able
POOL	5341	0.817498748	6,11,13,16	hole entente run -able
POOL	5342	0.817493326	2,4,9,16	us own lotta treble
POOL	5343	0.817492828	3,6,10,16	who bull come terrible
POOL	5344	0.817486520	2,6,11,16	he only tut rubble
POOL	5345	0.817485281	2,5,8,12,16	us ole lotte aft -able
POOL	5346	0.817483006	4,7,13,16	show lol tantra -able
POOL	5347	0.817482797	1,5,7,9,16	eh hole la ca treble
POOL	5348	0.817482766	1,5,7,9,16	air hole la come treble
POOL	5349	0.817473017	2,4,9,16	us own lotta rubble
POOL	5350	0.817470381	1,5,7,9,16	yeah hole la ca rubble
POOL	5351	0.817422498	5,7,10,12,16	hole la come true puddle
POOL	5352	0.817419611	2,6,8,10,16	us ole got love double
POOL	5353	0.817400174	6,10,12,16	hole awesome true -able
POOL	5354	0.817390832	1,5,7,11,16	uhh hole la cut rebels
POOL	5355	0.817378957	4,9,14,16	at-home lotta scrub well
POOL	5356	0.817378037	2,6,11,16	s only cuffed rubble
POOL	5357	0.817370730	4,7,9,16	ago la top verbal
POOL	5358	0.817365455	3,7,12,16	who la t'other bubble
POOL	5359	0.817359458	1,5,7,9,16	eh hole la ca rubble
POOL	5360	0.817354653	2,5,8,12,16	ass ole lott ver -able
POOL	5361	0.817352252	3,7,11,16	issue la cut rabble
POOL	5362	0.817334824	2,6,11,16	s only taft rubble
POOL	5363	0.817332910	3,7,11,16	assume la come -able
POOL	5364	0.817311670	6,7,13,16	hole y'are tundra -able
POOL	5365	0.817305018	5,9,12,16	hole let-up view -able
POOL	5366	0.817286719	1,5,7,9,16	uh hole la ca treble
POOL	5367	0.817263312	4,7,13,16	at-home la tundra belle
POOL	5368	0.817262640	2,5,8,12,16	ass old lott ter -able
POOL	5369	0.817258385	3,7,12,16	who raw t'other double
POOL	5370	0.817257229	4,7,9,16	at-home law ca treble
POOL	5371	0.817251336	2,5,8,12,16	us old lock aft -able
POOL	5372	0.817250578	2,6,9,16	ash only got treble
POOL	5373	0.817246878	5,9,11,16	hole lotta set -able
POOL	5374	0.817239802	1,5,7,9,16	air hole la ca treble
POOL	5375	0.817230270	2,6,9,16	ash only got rubble
POOL	5376	0.817224577	2,5,8,12,16	us own lat ver -able
POOL	5377	0.817218755	3,7,11,16	wahoo la come -able
POOL	5378	0.817217490	2,5,8,12,16	ass ole lat aft -able
POOL	5379	0.817215789	4,7,13,16	at-home law tantra bill
POOL	5380	0.817215221	2,5,8,12,16	ass old lotte aft -able
POOL	5381	0.817204242	4,7,13,16	show real tantra -able
POOL	5382	0.817196571	4,8,10,12,16	show lat love prix -able
POOL	5383	0.817188631	2,5,8,12,16	us ole lock ter -able
POOL	5384	0.817182661	4,9,14,16	ago lotta club ill
POOL	5385	0.817175832	2,4,9,16	ash know lotta treble
POOL	5386	0.817172051	5,9,11,16	hole lotta pfft -able
POOL	5387	0.817166872	5,9,12,16	hold lotta tree -able
POOL	5388	0.817163381	1,5,7,9,16	uh hole la ca rubble
POOL	5389	0.817160515	3,7,11,16	issue raw tough -able
POOL	5390	0.817155524	2,4,9,16	ash know lotta rubble
POOL	5391	0.817152516	2,5,8,12,16	ass ole lotte ter -able
POOL	5392	0.817116464	1,5,7,9,16	air hole la ca rubble
POOL	5393	0.817113343	2,4,9,16	ash oh lotta verbal
POOL	5394	0.817101816	2,5,8,12,16	us ole lott aft -able
POOL	5395	0.817098065	3,6,10,16	hoo all come terrible
POOL	5396	0.817092562	4,7,13,16	hoa la tundra -able
POOL	5397	0.817076806	4,9,14,16	at-home lotta scrub air
POOL	5398	0.817076155	6,11,12,16	ahold cuffed yeah -able
POOL	5399	0.817064915	5,9,12,16	soul lotta tour -able
POOL	5400	0.817059825	4,7,13,16	ho la tundra -able
POOL	5401	0.817058557	2,4,9,16	ass go lotta verbal
POOL	5402	0.817032942	6,11,12,16	ahold taft yeah -able
POOL	5403	0.817010584	2,5,8,12,16	ass ole lock ver -able
POOL	5404	0.817002049	4,7,13,16	ago la tantra bell
POOL	5405	0.816988864	2,4,9,16	us show lotta treble
POOL	5406	0.816982394	3,7,12,16	hou lah country -able
POOL	5407	0.816979444	2,6,11,16	ass old entente rubble
POOL	5408	0.816978793	6,8,10,12,16	hole got und true -able
POOL	5409	0.816971358	2,6,11,16	her only cunt rubble
POOL	5410	0.816971358	2,6,11,16	who only cunt rubble
POOL	5411	0.816968556	2,4,9,16	us show lotta rubble
POOL	5412	0.816955729	3,7,11,16	issue lah come -able
POOL	5413	0.816951797	5,9,11,16	hole lotta thought rubble
POOL	5414	0.816950919	3,7,12,16	saw rah t'other -able
POOL	5415	0.816924130	4,9,14,16	at-home lotta club l
POOL	5416	0.816922063	5,8,9,12,16	hole lat uhh verne -able
POOL	5417	0.816918571	2,5,8,12,16	ass old lock ter -able
POOL	5418	0.816913984	2,6,9,16	us old ata treble
POOL	5419	0.816908896	5,9,11,16	hole let-up too -able
POOL	5420	0.816905444	1,5,7,9,16	yeah hole la tough treble
POOL	5421	0.816903679	6,9,13,16	hole gotta struck -able
POOL	5422	0.816893676	2,6,9,16	us old ata rubble
POOL	5423	0.816884681	1,6,7,11,16	uhh whole ahh dove rubble
POOL	5424	0.816877954	4,9,13,16	show lotta truss -able
POOL	5425	0.816869152	2,4,9,16	yes oh lotta treble
POOL	5426	0.816848844	2,4,9,16	yes oh lotta rubble
POOL	5427	0.816842989	5,9,12,16	f-hole lock true -able
POOL	5428	0.816839356	3,6,11,16	who full entente rubble
POOL	5429	0.816836203	4,7,13,16	home raw tantra -able
POOL	5430	0.816833597	4,9,13,16	ago lotta truck bill
POOL	5431	0.816831755	2,5,8,12,16	ass old lott aft -able
POOL	5432	0.816831755	2,5,8,12,16	us old lat ump -able
POOL	5433	0.816829393	1,5,7,9,16	yeah hole la too treble
POOL	5434	0.816828371	4,7,13,16	at-home raw tundra bill
POOL	5435	0.816821621	3,7,12,16	who la country bubble
POOL	5436	0.816812985	3,6,11,16	issue all cunt rubble
POOL	5437	0.816810666	1,5,7,9,16	an hole la come treble
POOL	5438	0.816810666	1,5,7,9,16	as hole la come treble
POOL	5439	0.816810666	1,5,7,9,16	at hole la come treble
POOL	5440	0.816810189	5,9,12,16	hold lotta turn -able
POOL	5441	0.816806095	4,6,7,10,16	ohh lol ahh come dribble
POOL	5442	0.816794522	1,5,7,9,16	eh hole la tough treble
POOL	5443	0.816777786	2,6,11,16	ass only tut rebel
POOL	5444	0.816769050	2,5,8,12,16	ass ole lott ter -able
POOL	5445	0.816767383	5,9,12,16	f-hole let true -able
POOL	5446	0.816757746	2,5,8,12,16	us ole lock aft -able
POOL	5447	0.816739109	2,4,9,16	ass owe lotta treble
POOL	5448	0.816729365	6,8,11,16	hole art other -able
POOL	5449	0.816728718	2,5,8,12,16	us own lotte ver -able
POOL	5450	0.816727343	4,7,13,16	at-home la tundra bear
POOL	5451	0.816721631	2,5,8,12,16	ass ole lotte aft -able
POOL	5452	0.816718800	2,4,9,16	ass owe lotta rubble
POOL	5453	0.816718471	1,5,7,9,16	eh hole la too treble
POOL	5454	0.816714552	3,7,12,16	who raw country double
POOL	5455	0.816712787	2,6,11,16	ass own entente -able
POOL	5456	0.816706055	1,5,7,9,16	yeah hole la too rubble
POOL	5457	0.816689779	5,9,11,16	hole lotta feet -able
POOL	5458	0.816675835	3,7,12,16	ass lah t'other -able
POOL	5459	0.816671184	1,5,7,9,16	eh hole la tough rubble
POOL	5460	0.816666539	5,9,11,16	hole lotta vat -able
POOL	5461	0.816647622	4,9,14,16	at-home lotta rub al
POOL	5462	0.816647037	3,6,10,16	saw all tough terrible
POOL	5463	0.816645548	1,5,7,9,16	yeah hole la top treble
POOL	5464	0.816638974	2,5,8,12,16	us own lat ter -able
POOL	5465	0.816622395	3,7,12,16	haw lah t'other -able
POOL	5466	0.816606172	6,9,14,16	ahold ata club al
POOL	5467	0.816601902	2,4,9,16	ash oh lotta trumbull
POOL	5468	0.816598444	1,5,7,9,16	uh hole la tough treble
POOL	5469	0.816595132	1,5,7,9,16	eh hole la too rubble
POOL	5470	0.816587285	5,9,12,16	f-hole lat true -able
POOL	5471	0.816585651	4,7,13,16	hope law tundra -able
POOL	5472	0.816567701	1,5,7,9,16	an hole la ca treble
POOL	5473	0.816567701	1,5,7,9,16	as hole la ca treble
POOL	5474	0.816567701	1,5,7,9,16	at hole la ca treble
POOL	5475	0.816558657	5,9,12,16	soul lotta tell -able
POOL	5476	0.816551527	1,5,7,9,16	air hole la tough treble
POOL	5477	0.816547116	2,4,9,16	ass go lotta trumbull
POOL	5478	0.816547006	4,7,10,16	at-home la come double
POOL	5479	0.816539412	2,4,9,16	he oh lotta treble
POOL	5480	0.816536702	4,9,14,16	ago lotta club tell
POOL	5481	0.816534626	1,5,7,9,16	eh hole la top treble
POOL	5482	0.816528273	2,4,9,16	ass know lotta stubble
POOL	5483	0.816522393	1,5,7,9,16	uh hole la too treble
POOL	5484	0.816522210	1,5,7,9,16	yeah hole la top rubble
POOL	5485	0.816520381	2,6,9,16	ass old gotta treble
POOL	5486	0.816519103	2,4,9,16	he oh lotta rubble
POOL	5487	0.816512572	4,9,13,16	so lotta truck -able
POOL	5488	0.816500073	2,6,9,16	ass old gotta rubble
POOL	5489	0.816489552	4,7,13,16	home lol tundra -able
POOL	5490	0.816487686	2,5,8,12,16	ass old lock aft -able
POOL	5491	0.816475476	1,5,7,9,16	air hole la too treble
POOL	5492	0.816475106	1,5,7,9,16	uh hole la tough rubble
POOL	5493	0.816472235	5,9,11,16	hole lotta vet rubble
POOL	5494	0.816471441	4,8,11,16	show lock other -able
POOL	5495	0.816460927	2,5,8,12,16	ass own lat ver -able
POOL	5496	0.816446910	1,5,7,11,13,16	uhh hole rot dov run bell
POOL	5497	0.816444684	4,7,13,16	hoe la tantra -able
POOL	5498	0.816444363	1,5,7,9,16	at hole la ca rubble
POOL	5499	0.816428063	6,9,13,16	hole aka struck -able
POOL	5500	0.816426167	4,9,13,16	at-home lotta tra bell
POOL	5501	0.816425533	6,11,12,16	ahold cuffed re- -able
POOL	5502	0.816424981	2,5,8,12,16	ass ole lock ter -able
POOL	5503	0.816407085	3,7,12,16	saw rah country -able
POOL	5504	0.816404452	3,7,11,16	issue raw top rubble
POOL	5505	0.816395835	4,8,11,16	show let other -able
POOL	5506	0.816382321	6,11,12,16	ahold taft re- -able
POOL	5507	0.816380294	3,6,9,16	who full gotta treble
POOL	5508	0.816364417	3,7,12,16	who raw tuttle -able
POOL	5509	0.816360100	3,7,11,16	issue raw tut -able
POOL	5510	0.816359985	3,6,9,16	who full gotta rubble
POOL	5511	0.816356958	2,4,7,11,16	us to la twas rubble
POOL	5512	0.816356086	5,9,12,16	soul lotta star -able
POOL	5513	0.816348121	4,7,13,16	home y'are tantra -able
POOL	5514	0.816347442	6,11,12,16	ahold cuffed law -able
POOL	5515	0.816345252	2,5,8,12,16	us own lott ver -able
POOL	5516	0.816340289	4,7,13,16	at-home y'are tundra bill
POOL	5517	0.816338478	5,9,12,16	hole plata true -able
POOL	5518	0.816338166	2,5,8,12,16	ass ole lott aft -able
POOL	5519	0.816338165	2,5,8,12,16	us ole lat ump -able
POOL	5520	0.816335896	2,5,8,12,16	us old lotte ump -able
POOL	5521	0.816329134	1,6,7,11,16	ca hole ahh cut treble
POOL	5522	0.816310515	3,6,10,16	hoo full come terrible
POOL	5523	0.816304230	6,11,12,16	ahold taft law -able
POOL	5524	0.816300195	5,7,12,16	hole nga t'other -able
POOL	5525	0.816288210	5,9,12,16	hold let-up true -able
POOL	5526	0.816282786	2,4,9,16	us go lotta verbal
POOL	5527	0.816282765	4,9,14,16	at-home lotta rub well
POOL	5528	0.816261325	5,9,11,16	hold lotta that -able
POOL	5529	0.816261325	5,9,12,16	hold lotta their -able
POOL	5530	0.816261325	5,9,12,16	hold lotta there -able
POOL	5531	0.816254958	6,7,13,16	hole on tantra -able
POOL	5532	0.816245690	3,7,11,16	who hurrah top -able
POOL	5533	0.816241314	6,9,14,16	ahold ata club well
POOL	5534	0.816238202	2,5,7,10,16	us old la come tremble
POOL	5535	0.816225636	3,7,12,16	who la t'other couple
POOL	5536	0.816216806	2,6,11,16	her only cuffed -able
POOL	5537	0.816216806	2,6,11,16	who only cuffed -able
POOL	5538	0.816215737	4,8,11,16	show lat other -able
POOL	5539	0.816208089	2,5,8,12,16	us own lat aft -able
POOL	5540	0.816203673	2,6,11,16	us old entente rubble
POOL	5541	0.816183843	2,6,11,16	ash only cuffed rubble
POOL	5542	0.816160346	3,7,11,16	issue rah cut -able
POOL	5543	0.816140630	2,6,11,16	ash only taft rubble
POOL	5544	0.816133828	4,7,13,16	oh la tantra -able
POOL	5545	0.816132562	5,7,9,11,16	hole not come meek rubble
POOL	5546	0.816132001	3,7,12,16	ass lah country -able
POOL	5547	0.816127829	5,9,11,14,16	hole lotta of rub al
POOL	5548	0.816091318	3,7,11,16	who hurrah come rubble
POOL	5549	0.816087953	1,7,12,16	yeah hole t'other -able
POOL	5550	0.816087617	1,4,7,10,12,16	uhh hoes la tough true bal
POOL	5551	0.816086409	5,9,12,16	asshole lock true -able
POOL	5552	0.816085553	4,7,13,16	at-home law tantra bell
POOL	5553	0.816078562	3,7,12,16	haw lah country -able
POOL	5554	0.816070925	4,7,13,16	show lah tantra -able
POOL	5555	0.816067248	5,9,12,16	hold lotta view -able
POOL	5556	0.816058433	3,6,11,16	issue all cuffed -able
POOL	5557	0.816051098	2,6,11,16	yes only cunt rubble
POOL	5558	0.816044766	2,6,9,16	ass old aka treble
POOL	5559	0.816025435	3,6,11,16	issue full cunt rubble
POOL	5560	0.816024457	2,6,9,16	ass old aka rubble
POOL	5561	0.816015220	3,6,11,16	issue all taft -able
POOL	5562	0.816010803	5,9,12,16	asshole let true -able
POOL	5563	0.816010145	4,9,14,16	at-home lotta tub al
POOL	5564	0.816002015	2,6,11,16	us only tut rebel
POOL	5565	0.815986408	6,8,11,16	hole shot other -able
POOL	5566	0.815980613	4,9,14,16	at-home lotta rub air
POOL	5567	0.815976892	4,9,13,16	at-home lotta struck bill
POOL	5568	0.815967461	5,9,12,16	f-hole lotte true -able
POOL	5569	0.815962407	3,7,11,16	issue la come rebel
POOL	5570	0.815961719	5,8,11,12,16	hole route love air -able
POOL	5571	0.815957743	4,9,11,14,16	ho's lotta that rub in.
POOL	5572	0.815939163	6,9,14,16	ahold ata club air
POOL	5573	0.815937016	2,6,11,16	us own entente -able
POOL	5574	0.815904678	3,6,9,16	who full aka treble
POOL	5575	0.815900064	3,7,12,16	us lah t'other -able
POOL	5576	0.815884370	3,6,9,16	who full aka rubble
POOL	5577	0.815878188	5,9,11,16	hole lotta met rubble
POOL	5578	0.815866599	2,6,11,16	ahead old cunt -able
POOL	5579	0.815860518	1,6,7,11,16	uhh foal ha cut rubble
POOL	5580	0.815841652	3,6,10,16	hou all come terrible
POOL	5581	0.815830705	5,9,12,16	asshole lat true -able
POOL	5582	0.815802259	3,7,11,16	issue la cut rumble
POOL	5583	0.815793123	5,9,12,16	soul lotta tree -able
POOL	5584	0.815774419	3,6,9,11,16	hawk all knot that rubble
POOL	5585	0.815766487	4,5,8,11,16	show law lat must rubble
POOL	5586	0.815750547	1,7,12,16	air hole t'other -able
POOL	5587	0.815744611	2,6,9,16	us old gotta treble
POOL	5588	0.815743154	2,5,7,12,16	us kohl la t'other bare
POOL	5589	0.815736514	6,7,13,16	hole y'are tantra -able
POOL	5590	0.815724302	2,6,9,16	us old gotta rubble
POOL	5591	0.815723305	1,5,9,12,13,16	uhh hole rocked store uhh bell
POOL	5592	0.815715045	1,5,7,12,16	eh hole la t'other bill
POOL	5593	0.815714539	2,6,9,16	ass only art treble
POOL	5594	0.815708281	6,9,13,16	ahold got truck -able
POOL	5595	0.815703362	4,9,13,16	ago lotta truck bell
POOL	5596	0.815698136	4,7,13,16	at-home raw tundra bell
POOL	5597	0.815694231	2,6,9,16	ass only art rubble
POOL	5598	0.815688156	4,7,13,16	at-home la tantra belle
POOL	5599	0.815671126	5,9,11,16	hold lotta too -able
POOL	5600	0.815645287	4,9,14,16	at-home lotta tub well
POOL	5601	0.815640538	2,6,8,11,16	us ow got pfft rubble
POOL	5602	0.815595913	4,8,11,16	show lotte other -able
POOL	5603	0.815586588	6,8,11,16	hole not other -able
POOL	5604	0.815580443	1,5,7,12,16	eh hole la t'other bell
POOL	5605	0.815562126	3,7,12,16	who la t'other apple
POOL	5606	0.815544120	1,7,12,16	yeah hole country -able
POOL	5607	0.815543313	4,9,11,16	hone lotta that -able
POOL	5608	0.815518968	1,5,7,12,16	uh hole la t'other bill
POOL	5609	0.815517406	4,7,13,16	hoa la tantra -able
POOL	5610	0.815488129	5,9,12,16	f-hole lott true -able
POOL	5611	0.815484669	4,7,13,16	ho la tantra -able
POOL	5612	0.815479326	5,9,11,16	hole let-up that rubble
POOL	5613	0.815471367	4,9,13,16	at-home lat truck -able
POOL	5614	0.815467513	3,7,11,16	assume la top -able
POOL	5615	0.815465453	1,7,12,16	see hole t'other -able
POOL	5616	0.815436798	6,9,14,16	ahold gotta club al
POOL	5617	0.815436440	5,9,12,16	soul lotta turn -able
POOL	5618	0.815409100	4,7,13,16	at-home la tundra bel
POOL	5619	0.815403885	5,7,11,13,16	hole log cuff run -able
POOL	5620	0.815403329	2,6,9,16	ass own ata treble
POOL	5621	0.815385475	6,8,11,16	hole hot other -able
POOL	5622	0.815384365	1,5,7,12,16	uh hole la t'other bell
POOL	5623	0.815383021	2,6,9,16	ass own ata rubble
POOL	5624	0.815353358	3,7,11,16	wahoo la top -able
POOL	5625	0.815351109	4,9,13,16	hope lotta tra -able
POOL	5626	0.815343136	4,9,14,16	at-home lotta tub air
POOL	5627	0.815313141	3,7,11,16	assume la come rubble
POOL	5628	0.815301181	4,7,13,16	ago law tundra bill
POOL	5629	0.815299399	5,7,9,12,16	hole la tie true baba
POOL	5630	0.815298686	1,4,6,9,16	uhh show lol thot treble
POOL	5631	0.815270883	3,6,11,16	issue full cuffed -able
POOL	5632	0.815268995	2,6,9,16	us old aka treble
POOL	5633	0.815253215	4,7,13,16	at-home raw tantra bill
POOL	5634	0.815248687	2,6,9,16	us old aka rubble
POOL	5635	0.815227671	3,6,11,16	issue full taft -able
POOL	5636	0.815227109	5,9,11,16	hole lotta set rubble
POOL	5637	0.815225394	3,7,11,16	issue raw touch -able
POOL	5638	0.815224171	6,11,12,16	ahold cuffed here -able
POOL	5639	0.815210881	5,9,12,16	asshole lotte true -able
POOL	5640	0.815210054	4,7,13,16	at-home y'are tundra bell
POOL	5641	0.815206714	1,7,12,16	air hole country -able
POOL	5642	0.815198986	3,7,11,16	wahoo la come rubble
POOL	5643	0.815180959	6,11,12,16	ahold taft here -able
POOL	5644	0.815180657	1,6,7,11,16	ahh coal yah cut rubble
POOL	5645	0.815168633	6,11,12,16	ahold cuffed you -able
POOL	5646	0.815152282	5,9,11,16	hole lotta pfft rubble
POOL	5647	0.815152187	4,7,13,16	at-home la tantra bear
POOL	5648	0.815147807	5,9,12,16	f-hole not true -able
POOL	5649	0.815145997	4,9,13,16	hoe lotta truck -able
POOL	5650	0.815140746	3,7,11,16	issue raw tough rubble
POOL	5651	0.815125420	6,11,12,16	ahold taft you -able
POOL	5652	0.815116581	4,8,11,16	show lott other -able
POOL	5653	0.815105399	3,6,9,16	issue all got treble
POOL	5654	0.815090332	3,7,11,16	issue lah top -able
POOL	5655	0.815085091	3,6,9,16	issue all got rubble
POOL	5656	0.815077471	4,7,13,16	home lah tundra -able
POOL	5657	0.815071941	6,9,14,16	ahold gotta club well
POOL	5658	0.815054103	3,6,10,16	hou full come terrible
POOL	5659	0.815026880	2,6,9,16	ass old ata verbal
POOL	5660	0.815023707	6,11,12,16	ahold cuffed year -able
POOL	5661	0.814983154	5,7,9,12,16	ole la come true wobble
POOL	5662	0.814981985	3,7,11,16	who hurrah tough -able
POOL	5663	0.814980494	6,11,12,16	ahold taft year -able
POOL	5664	0.814971582	2,6,9,16	ass only shot treble
POOL	5665	0.814970566	6,11,13,16	ahold tut run -able
POOL	5666	0.814961183	6,9,14,16	ahold aka club al
POOL	5667	0.814954199	5,9,12,16	ahold lock true -able
POOL	5668	0.814951274	2,6,9,16	ass only shot rubble
POOL	5669	0.814938768	2,6,9,16	us only art treble
POOL	5670	0.814937820	3,6,10,16	haw all come terrible
POOL	5671	0.814935960	3,7,11,16	issue lah come rubble
POOL	5672	0.814923997	5,9,12,16	role lotta tour -able
POOL	5673	0.814921620	1,7,12,16	see hole country -able
POOL	5674	0.814889127	5,9,11,16	hole let-up too rubble
POOL	5675	0.814887576	5,9,11,16	soul lotta that -able
POOL	5676	0.814886793	3,6,9,16	who full ata verbal
POOL	5677	0.814879482	4,9,13,16	show lotta straw -able
POOL	5678	0.814856486	4,9,14,16	ago lotta club else
POOL	5679	0.814851543	4,9,13,16	at-home lotte truck -able
POOL	5680	0.814846657	4,9,13,16	at-home lotta struck bell
POOL	5681	0.814835141	4,9,13,16	oh lotta truck -able
POOL	5682	0.814822516	6,9,13,16	hole ata truss -able
POOL	5683	0.814787588	4,8,11,16	at-home lock love -able
POOL	5684	0.814776259	4,8,11,16	show not other -able
POOL	5685	0.814769789	6,9,14,16	ahold gotta club air
POOL	5686	0.814768798	6,8,11,16	ahold got love -able
POOL	5687	0.814749281	3,6,11,16	issue sure tut -able
POOL	5688	0.814749209	6,8,11,16	hole ott other -able
POOL	5689	0.814732937	5,9,11,14,16	assure la meat rub al
POOL	5690	0.814720189	6,8,9,11,16	hole got un that crumble
POOL	5691	0.814711982	4,8,11,16	at-home let love -able
POOL	5692	0.814709596	6,8,11,16	hole art other rubble
POOL	5693	0.814678490	3,7,11,16	assume raw cut -able
POOL	5694	0.814670010	5,9,11,16	hole lotta feet rubble
POOL	5695	0.814666713	3,6,10,16	who sure ton terrible
POOL	5696	0.814649538	6,10,12,16	ahold tough true -able
POOL	5697	0.814646770	5,9,11,16	hole lotta vat rubble
POOL	5698	0.814627558	2,6,9,16	us own ata treble
POOL	5699	0.814621734	5,8,11,12,16	hole lat irv air -able
POOL	5700	0.814608463	5,7,9,11,16	hole la come sat libel
POOL	5701	0.814607250	2,6,9,16	us own ata rubble
POOL	5702	0.814596325	6,9,14,16	ahold aka club well
POOL	5703	0.814594937	3,7,11,16	issue raw cunt -able
POOL	5704	0.814571763	2,6,9,16	ass only not treble
POOL	5705	0.814564335	3,7,11,16	wahoo raw cut -able
POOL	5706	0.814551454	2,6,9,16	ass only not rubble
POOL	5707	0.814540036	6,11,13,16	hole entente love -able
POOL	5708	0.814531884	4,8,11,16	at-home lat love -able
POOL	5709	0.814515439	2,6,9,16	ass old ata trumbull
POOL	5710	0.814482140	4,9,14,16	ago lotta club el
POOL	5711	0.814454441	4,8,11,16	show rock other -able
POOL	5712	0.814451673	4,8,11,16	show lock other rubble
POOL	5713	0.814438292	3,6,11,16	issue lol tut -able
POOL	5714	0.814389469	4,9,13,16	at-home lotta truck belle
POOL	5715	0.814376066	4,8,11,16	show let other rubble
POOL	5716	0.814375351	3,6,9,16	who full ata trumbull
POOL	5717	0.814372211	4,9,13,16	at-home lott truck -able
POOL	5718	0.814370649	2,6,9,16	ass only hot treble
POOL	5719	0.814366768	4,8,9,11,16	hove lat young that rubble
POOL	5720	0.814350341	2,6,9,16	ass only hot rubble
POOL	5721	0.814340331	3,7,11,16	issue raw tut rubble
POOL	5722	0.814309344	4,9,13,16	home lotta truss -able
POOL	5723	0.814297377	5,9,11,16	soul lotta too -able
POOL	5724	0.814294174	6,9,14,16	ahold aka club air
POOL	5725	0.814287405	1,7,12,16	uhh hole t'other -able
POOL	5726	0.814254051	4,9,14,16	ago lotta scrub al
POOL	5727	0.814251110	2,6,9,16	us old ata verbal
POOL	5728	0.814241556	5,9,11,16	hold lotta that rubble
POOL	5729	0.814233956	2,6,9,16	ass own gotta treble
POOL	5730	0.814225921	3,7,11,16	who hurrah top rubble
POOL	5731	0.814218719	4,9,13,16	hoa lotta truck -able
POOL	5732	0.814213787	4,9,13,16	show lotta sta -able
POOL	5733	0.814213647	2,6,9,16	ass own gotta rubble
POOL	5734	0.814204160	2,4,8,11,16	us oh lat gut apple
POOL	5735	0.814203808	3,7,11,16	assume la tough -able
POOL	5736	0.814195968	4,8,11,16	show lat other rubble
POOL	5737	0.814195812	2,6,9,16	us only shot treble
POOL	5738	0.814185982	4,9,13,16	ho lotta truck -able
POOL	5739	0.814174882	1,4,7,11,16	ed show la cut revel
POOL	5740	0.814171402	1,4,7,11,16	uhh o la dum rubble
POOL	5741	0.814165952	4,9,13,16	show lotta strung -able
POOL	5742	0.814159528	3,6,11,16	issue real tut -able
POOL	5743	0.814153214	2,6,9,16	s old ata treble
POOL	5744	0.814147083	3,5,9,11,16	who all rod food rubble
POOL	5745	0.814135776	6,11,13,16	hole entente raw -able
POOL	5746	0.814132906	2,6,9,16	s old ata rubble
POOL	5747	0.814076263	2,6,9,16	ash only got trumbull
POOL	5748	0.814066639	4,9,13,16	ago lotta tra bill
POOL	5749	0.814038664	3,6,11,16	issue all cuffed rubble
POOL	5750	0.813995452	3,6,11,16	issue all taft rubble
POOL	5751	0.813989664	6,7,13,16	hole got tundra -able
POOL	5752	0.813970202	6,10,12,16	hole bottom tour -able
POOL	5753	0.813966639	6,8,11,16	hole shot other rubble
POOL	5754	0.813962426	5,8,9,12,16	hole op uhh true -able
POOL	5755	0.813947768	2,6,9,16	ass ole ata treble
POOL	5756	0.813937645	4,8,9,11,16	show lat uhh at ramble
POOL	5757	0.813927459	2,6,9,16	ass ole ata rubble
POOL	5758	0.813912060	4,8,11,16	at-home lotte love -able
POOL	5759	0.813902831	4,8,11,16	home lock other -able
POOL	5760	0.813889194	4,9,14,16	ago lotta scrub well
POOL	5761	0.813857507	2,6,9,16	ass old gotta verbal
POOL	5762	0.813853500	4,9,13,16	at-home lotta truck bear
POOL	5763	0.813798040	3,6,11,16	who sure entente -able
POOL	5764	0.813771598	4,9,13,16	hope lotta struck -able
POOL	5765	0.813758340	2,6,9,16	ass own aka treble
POOL	5766	0.813745613	4,9,13,16	so lotta tra -able
POOL	5767	0.813743571	1,7,12,16	uhh hole country -able
POOL	5768	0.813739668	2,6,9,16	us old ata trumbull
POOL	5769	0.813738032	2,6,9,16	ass own aka rubble
POOL	5770	0.813734383	2,6,9,16	ass only ott treble
POOL	5771	0.813717419	3,6,9,16	who full gotta verbal
POOL	5772	0.813714075	2,6,9,16	ass only ott rubble
POOL	5773	0.813702281	6,8,9,11,16	hole got uhh matt ripple
POOL	5774	0.813653142	6,9,13,16	hole gotta truss -able
POOL	5775	0.813651357	5,9,11,16	hold lotta too rubble
POOL	5776	0.813647694	6,11,13,16	hole entente y'are -able
POOL	5777	0.813647127	4,8,11,16	home lat other -able
POOL	5778	0.813613927	5,7,10,12,16	kol la come pre -able
POOL	5779	0.813594879	2,6,9,16	us only hot treble
POOL	5780	0.813587042	4,9,14,16	ago lotta scrub air
POOL	5781	0.813576145	4,8,11,16	show lotte other rubble
POOL	5782	0.813569297	6,10,12,16	ahold come tour -able
POOL	5783	0.813566819	6,8,11,16	hole not other rubble
POOL	5784	0.813534883	1,5,7,11,13,16	f olde la cut run bell
POOL	5785	0.813491185	4,9,13,16	show lotta strut -able
POOL	5786	0.813487051	3,6,11,16	who lol entente -able
POOL	5787	0.813471631	6,7,13,16	hole la tundra -able
POOL	5788	0.813463944	6,10,12,16	hole bottom tell -able
POOL	5789	0.813458185	2,6,9,16	us own gotta treble
POOL	5790	0.813437876	2,6,9,16	us own gotta rubble
POOL	5791	0.813434366	4,9,14,16	ago lotta club l
POOL	5792	0.813432728	4,8,11,16	at-home lott love -able
POOL	5793	0.813417904	4,7,10,16	at-home la tough double
POOL	5794	0.813381891	2,6,9,16	ass old aka verbal
POOL	5795	0.813368304	5,9,11,16	hole let-up meet -able
POOL	5796	0.813365706	6,8,11,16	hole hot other rubble
POOL	5797	0.813352799	6,7,13,16	hole raw tundra -able
POOL	5798	0.813346066	2,6,9,16	ass old gotta trumbull
POOL	5799	0.813299947	1,4,9,11,16	uhh show lotta that lull
POOL	5800	0.813280762	1,7,12,16	add hole t'other -able
POOL	5801	0.813264831	5,8,11,12,16	whole lat love air -able
POOL	5802	0.813251114	3,6,11,16	issue full cuffed rubble
POOL	5803	0.813246566	5,8,9,12,16	hole lat hung true -able
POOL	5804	0.813241804	3,6,9,16	who full aka verbal
POOL	5805	0.813211142	4,9,14,16	at-home lotta scrub ill
POOL	5806	0.813208287	3,6,11,16	who real entente -able
POOL	5807	0.813207902	3,6,11,16	issue full taft rubble
POOL	5808	0.813205978	3,6,9,16	who full gotta trumbull
POOL	5809	0.813205404	6,11,13,16	ahold cunt run -able
POOL	5810	0.813190832	6,10,12,16	hole awesome tour -able
POOL	5811	0.813177527	6,9,13,16	hole aka truss -able
POOL	5812	0.813171997	2,6,9,16	us ole ata treble
POOL	5813	0.813163254	4,6,8,11,16	show lol plot shaft rubble
POOL	5814	0.813162849	5,9,11,16	hole lotta that rebel
POOL	5815	0.813157858	4,9,14,16	ago lotta rub al
POOL	5816	0.813151689	2,6,9,16	us ole ata rubble
POOL	5817	0.813149730	5,7,9,11,16	ho la come that verbal
POOL	5818	0.813106963	4,8,10,12,16	show lat buff true -able
POOL	5819	0.813097916	3,6,11,16	issue or tut -able
POOL	5820	0.813096812	4,8,11,16	show lott other rubble
POOL	5821	0.813092406	4,8,11,16	at-home not love -able
POOL	5822	0.813081736	2,6,9,16	us old gotta verbal
POOL	5823	0.813071051	6,7,9,16	ahold ahh come treble
POOL	5824	0.813067788	6,10,12,16	hole bottom care -able
POOL	5825	0.813063039	6,10,12,16	ahold come tell -able
POOL	5826	0.813057242	4,7,10,16	ago la come double
POOL	5827	0.813033212	6,7,9,11,16	hole huh come that trouble
POOL	5828	0.813027303	4,8,11,16	home lotte other -able
POOL	5829	0.812992317	5,7,10,12,16	whole la can true -able
POOL	5830	0.812983841	2,6,9,16	s old gotta treble
POOL	5831	0.812982569	2,6,9,16	us own aka treble
POOL	5832	0.812976758	5,8,9,11,16	hole trot uhh that rubble
POOL	5833	0.812969145	4,6,7,10,16	show lol ahh tum troubles
POOL	5834	0.812963827	4,8,9,11,16	foe lat uhh this' rubble
POOL	5835	0.812956947	6,8,11,16	hole bought other -able
POOL	5836	0.812945597	6,7,13,16	hole uhh tundra -able
POOL	5837	0.812941323	6,9,13,16	ahold got tra -able
POOL	5838	0.812936404	4,9,13,16	ago lotta tra bell
POOL	5839	0.812930431	1,7,12,16	an hole t'other -able
POOL	5840	0.812930431	1,7,12,16	as hole t'other -able
POOL	5841	0.812930431	1,7,12,16	at hole t'other -able
POOL	5842	0.812929290	1,7,12,16	eh hole t'other -able
POOL	5843	0.812876191	3,4,9,16	who new lotta treble
POOL	5844	0.812867807	5,9,11,16	soul lotta that rubble
POOL	5845	0.812855883	3,4,9,16	who new lotta rubble
POOL	5846	0.812848542	6,8,11,16	hole caught other -able
POOL	5847	0.812841261	6,8,11,16	hole at other -able
POOL	5848	0.812824043	6,9,13,16	hole ata straw -able
POOL	5849	0.812815592	4,8,11,16	show luck other -able
POOL	5850	0.812804261	4,9,13,16	show lotta bruh -able
POOL	5851	0.812798640	4,9,14,16	at-home lotta trap al
POOL	5852	0.812793001	4,9,14,16	ago lotta rub well
POOL	5853	0.812770588	4,8,11,16	at-home rock love -able
POOL	5854	0.812767820	4,8,11,16	at-home lock love rubble
POOL	5855	0.812764736	6,7,9,16	ahold awe come treble
POOL	5856	0.812756490	4,8,11,16	show not other rubble
POOL	5857	0.812749029	6,8,11,16	ahold got love rubble
POOL	5858	0.812746657	5,9,11,16	role lotta that -able
POOL	5859	0.812736928	1,7,12,16	add hole country -able
POOL	5860	0.812730362	3,6,9,16	who full aka trumbull
POOL	5861	0.812729513	3,6,11,16	issue sure tut rubble
POOL	5862	0.812729440	6,8,11,16	hole ott other rubble
POOL	5863	0.812726356	4,9,13,16	at-home lotta truss bill
POOL	5864	0.812723870	1,7,12,16	uh hole t'other -able
POOL	5865	0.812704408	4,9,13,16	at-home lat tra -able
POOL	5866	0.812698410	6,10,12,16	hole bottom tree -able
POOL	5867	0.812692213	4,8,11,16	at-home let love rubble
POOL	5868	0.812684573	6,10,12,16	hole awesome tell -able
POOL	5869	0.812673130	3,6,11,16	issue lol cunt -able
POOL	5870	0.812666883	6,10,12,16	ahold come care -able
POOL	5871	0.812638983	4,8,11,16	show rot other -able
POOL	5872	0.812625705	6,7,9,16	ahold ah come treble
POOL	5873	0.812622175	4,6,7,10,16	show lol the come treble
POOL	5874	0.812611769	5,9,11,16	hole let-up thought -able
POOL	5875	0.812572650	5,9,11,16	hole lotta too rebel
POOL	5876	0.812572457	5,9,12,16	hole lotta verb -able
POOL	5877	0.812565183	4,9,14,16	at-home lotta scrub tell
POOL	5878	0.812547971	4,8,11,16	home lott other -able
POOL	5879	0.812535257	4,9,13,16	at-home lotta truck bel
POOL	5880	0.812520381	4,9,14,16	ago lotta tub al
POOL	5881	0.812512115	4,8,11,16	at-home lat love rubble
POOL	5882	0.812490849	4,9,14,16	ago lotta rub air
POOL	5883	0.812488583	3,6,9,16	who sure ata treble
POOL	5884	0.812487128	4,9,13,16	ago lotta struck bill
POOL	5885	0.812472065	4,9,13,16	show lotta ver -able
POOL	5886	0.812468274	3,6,9,16	who sure ata rubble
POOL	5887	0.812434672	4,8,11,16	show rock other rubble
POOL	5888	0.812418524	3,6,11,16	issue lol tut rubble
POOL	5889	0.812414508	6,7,13,16	hole got tantra -able
POOL	5890	0.812411967	3,5,7,11,16	who r lao cut rubble
POOL	5891	0.812386598	1,7,12,16	an hole country -able
POOL	5892	0.812386598	1,7,12,16	as hole country -able
POOL	5893	0.812386598	1,7,12,16	at hole country -able
POOL	5894	0.812385457	1,7,12,16	eh hole country -able
POOL	5895	0.812379038	4,9,13,16	hoe lotta tra -able
POOL	5896	0.812373835	6,7,9,16	ahold ahh too treble
POOL	5897	0.812353527	6,7,9,16	ahold ahh too rubble
POOL	5898	0.812350117	6,8,12,16	hole got untrue -able
POOL	5899	0.812341727	6,10,12,16	hole bottom turn -able
POOL	5900	0.812310871	4,9,13,16	home lotta straw -able
POOL	5901	0.812307269	3,6,11,16	issue pull tut -able
POOL	5902	0.812300095	6,8,11,16	hole got other rebel
POOL	5903	0.812297505	6,10,12,16	ahold come tree -able
POOL	5904	0.812288418	6,10,12,16	hole awesome care -able
POOL	5905	0.812277608	5,9,11,16	soul lotta too rubble
POOL	5906	0.812260791	6,11,13,16	hole entente young -able
POOL	5907	0.812231254	6,8,11,16	hole odd other -able
POOL	5908	0.812180037	1,7,12,16	uh hole country -able
POOL	5909	0.812177594	3,6,9,16	who lol ata treble
POOL	5910	0.812171374	3,6,9,16	who full ata stubble
POOL	5911	0.812166103	4,9,13,16	so lotta struck -able
POOL	5912	0.812158349	6,9,13,16	hole ata sta -able
POOL	5913	0.812157285	3,6,9,16	who lol ata rubble
POOL	5914	0.812156458	5,9,11,16	role lotta too -able
POOL	5915	0.812155524	4,9,14,16	ago lotta tub well
POOL	5916	0.812140746	4,7,10,16	at-home law come double
POOL	5917	0.812139759	3,6,11,16	issue real tut rubble
POOL	5918	0.812132207	5,9,11,16	hole let-up vet -able
POOL	5919	0.812131631	4,9,14,16	at-home lotta trap air
POOL	5920	0.812130534	5,9,11,16	hold lotta meet -able
POOL	5921	0.812114950	4,9,14,16	at-home lotta rub ill
POOL	5922	0.812110514	6,9,13,16	hole ata strung -able
POOL	5923	0.812084585	4,9,13,16	at-home lotte tra -able
POOL	5924	0.812073499	6,9,14,16	ahold ata club ill
POOL	5925	0.812068182	4,9,13,16	oh lotta tra -able
POOL	5926	0.812067520	6,7,9,16	ahold awe too treble
POOL	5927	0.812060635	5,8,9,11,16	hole lat uhh zack rubble
POOL	5928	0.812047212	6,7,9,16	ahold awe too rubble
POOL	5929	0.812011854	6,11,13,16	ahold tut love -able
POOL	5930	0.811981603	4,9,13,16	ago lat truck -able
POOL	5931	0.811955550	6,10,12,16	hole ata care -able
POOL	5932	0.811940822	6,10,12,16	ahold come turn -able
POOL	5933	0.811931084	3,6,9,16	issue all got trumbull
POOL	5934	0.811930512	2,5,9,11,16	us old trott mitt rubble
POOL	5935	0.811928489	6,7,9,16	ahold ah too treble
POOL	5936	0.811926305	5,8,9,11,16	hole lat na that rubble
POOL	5937	0.811919040	6,10,12,16	hole awesome tree -able
POOL	5938	0.811908181	6,7,9,16	ahold ah too rubble
POOL	5939	0.811898829	3,6,9,16	who real ata treble
POOL	5940	0.811896475	6,7,13,16	hole la tantra -able
POOL	5941	0.811894613	4,9,13,16	at-home rot truck -able
POOL	5942	0.811892292	4,8,11,16	at-home lotte love rubble
POOL	5943	0.811885831	4,8,11,16	home rock other -able
POOL	5944	0.811883062	4,8,11,16	home lock other rubble
POOL	5945	0.811881479	4,9,14,16	at-home lotta crab al
POOL	5946	0.811878521	3,6,9,16	who real ata rubble
POOL	5947	0.811853372	4,9,14,16	ago lotta tub air
POOL	5948	0.811807456	4,8,11,16	home let other rubble
POOL	5949	0.811778272	3,6,11,16	who sure entente rubble
POOL	5950	0.811777643	6,7,13,16	hole raw tantra -able
POOL	5951	0.811754342	6,10,12,16	hole bottom car -able
POOL	5952	0.811740061	4,9,13,16	show lotta ter -able
POOL	5953	0.811737517	1,5,7,12,16	eh hole la t'other belle
POOL	5954	0.811724436	6,9,13,16	ahold ata truck bill
POOL	5955	0.811698571	6,11,12,16	hole entente air double
POOL	5956	0.811669891	1,6,8,11,16	elle hole got love rubble
POOL	5957	0.811654670	6,9,13,16	hole gotta straw -able
POOL	5958	0.811649178	5,7,11,12,16	hole locke cut air nibble
POOL	5959	0.811645177	4,9,13,16	home lotta sta -able
POOL	5960	0.811640671	4,9,13,16	at-home lotta truck bal
POOL	5961	0.811627358	4,8,11,16	home lat other rubble
POOL	5962	0.811622511	4,9,13,16	at-home lotta tra belle
POOL	5963	0.811620306	1,5,7,11,14,16	uhh hou la puck rub al
POOL	5964	0.811607594	6,11,13,16	ahold tut raw -able
POOL	5965	0.811605253	4,9,13,16	at-home lott tra -able
POOL	5966	0.811599237	4,7,10,16	at-home la done -able
POOL	5967	0.811597342	4,9,13,16	home lotta strung -able
POOL	5968	0.811596933	4,8,11,16	show plot other -able
POOL	5969	0.811596120	4,9,13,16	at-home lotta truss bell
POOL	5970	0.811572354	4,7,10,16	at-home la come travel
POOL	5971	0.811562357	6,10,12,16	hole awesome turn -able
POOL	5972	0.811541440	1,5,7,12,16	uh hole la t'other belle
POOL	5973	0.811538160	5,9,11,16	hole let-up met -able
POOL	5974	0.811516622	4,9,14,16	at-home lotta crab well
POOL	5975	0.811502225	6,7,9,16	ahold ahh top treble
POOL	5976	0.811491041	4,7,10,16	at-home law come treble
POOL	5977	0.811477472	4,9,14,16	at-home lotta tub ill
POOL	5978	0.811468990	4,9,14,16	at-home lotta rub tell
POOL	5979	0.811467283	3,6,11,16	who lol entente rubble
POOL	5980	0.811451761	4,9,13,16	hoa lotta tra -able
POOL	5981	0.811450652	6,10,12,16	hole bottom term -able
POOL	5982	0.811435746	6,9,13,16	hole ata strut -able
POOL	5983	0.811427540	6,9,14,16	ahold ata club tell
POOL	5984	0.811419023	4,9,13,16	ho lotta tra -able
POOL	5985	0.811412959	4,8,11,16	at-home lott love rubble
POOL	5986	0.811380637	4,7,10,16	at-home la come couple
POOL	5987	0.811373999	5,9,11,16	hold lotta thought -able
POOL	5988	0.811370441	6,7,13,16	hole uhh tantra -able
POOL	5989	0.811361812	6,9,13,16	ahold got struck -able
POOL	5990	0.811356028	3,6,11,16	who pull entente -able
POOL	5991	0.811355276	4,7,10,16	show la other -able
POOL	5992	0.811353437	6,10,12,16	ahold come car -able
POOL	5993	0.811348535	5,9,11,16	hole let-up meet rubble
POOL	5994	0.811332753	3,6,11,16	issue or cunt -able
POOL	5995	0.811329581	1,4,7,11,16	uhh o brah cut rubble
POOL	5996	0.811319209	3,6,9,16	who sure gotta treble
POOL	5997	0.811298901	3,6,9,16	who sure gotta rubble
POOL	5998	0.811297825	4,8,11,16	ago lock love -able
POOL	5999	0.811272375	3,6,11,16	assume all tut -able
POOL	6000	0.811263037	6,9,13,16	hole tata truck -able
POOL	6001	0.811222218	4,8,11,16	ago let love -able
POOL	6002	0.811218365	3,4,9,16	who too lotta treble
POOL	6003	0.811216461	5,9,11,16	sole lotta that -able
POOL	6004	0.811214470	4,9,14,16	at-home lotta crab air
POOL	6005	0.811202664	6,10,12,16	hole bottom too -able
POOL	6006	0.811198056	3,4,9,16	who too lotta rubble
POOL	6007	0.811195910	6,7,9,16	ahold awe top treble
POOL	6008	0.811188518	3,6,11,16	who real entente rubble
POOL	6009	0.811179054	6,9,13,16	hole aka straw -able
POOL	6010	0.811177409	3,4,7,11,16	hu bush tra cut rubble
POOL	6011	0.811176061	6,7,13,16	ahold ahh tundra bill
POOL	6012	0.811158221	3,6,11,16	wahoo all tut -able
POOL	6013	0.811140159	4,7,12,16	pho ra t'other -able
POOL	6014	0.811136090	4,6,9,16	show lol atta treble
POOL	6015	0.811131739	4,8,11,16	at-home luck love -able
POOL	6016	0.811129984	3,4,9,16	who good lotta treble
POOL	6017	0.811129984	3,4,9,16	who how lotta treble
POOL	6018	0.811129984	3,4,9,16	who know lotta treble
POOL	6019	0.811129984	3,4,9,16	who now lotta treble
POOL	6020	0.811119513	6,11,13,16	ahold tut y'are -able
POOL	6021	0.811109675	3,4,9,16	who good lotta rubble
POOL	6022	0.811109675	3,4,9,16	who how lotta rubble
POOL	6023	0.811109675	3,4,9,16	who know lotta rubble
POOL	6024	0.811109675	3,4,9,16	who now lotta rubble
POOL	6025	0.811078147	3,6,11,16	issue or tut rubble
POOL	6026	0.811072637	4,8,11,16	at-home not love rubble
POOL	6027	0.811067494	3,4,9,16	who oh lotta verbal
POOL	6028	0.811056879	6,7,9,16	ahold ah top treble
POOL	6029	0.811049747	6,10,12,16	ahold come term -able
POOL	6030	0.811042120	4,8,11,16	ago lat love -able
POOL	6031	0.811034746	6,8,12,16	hole got untill -able
POOL	6032	0.811023639	4,8,10,12,16	show knot love sure -able
POOL	6033	0.811015546	4,8,11,16	at-home lock want -able
POOL	6034	0.811008220	3,6,9,16	who lol gotta treble
POOL	6035	0.811007534	4,8,11,16	home lotte other rubble
POOL	6036	0.811002000	3,6,9,16	who full gotta stubble
POOL	6037	0.810996756	6,8,11,16	ahold got want -able
POOL	6038	0.810988975	6,9,13,16	hole gotta sta -able
POOL	6039	0.810987912	3,6,9,16	who lol gotta rubble
POOL	6040	0.810974972	6,10,12,16	hole awesome car -able
POOL	6041	0.810964351	3,6,11,16	issue sure cunt rubble
POOL	6042	0.810955130	4,8,11,16	at-home rot love -able
POOL	6043	0.810941140	6,9,13,16	hole gotta strung -able
POOL	6044	0.810937178	6,8,11,16	hole bought other rubble
POOL	6045	0.810904126	6,9,14,16	ahold gotta club ill
POOL	6046	0.810894437	5,9,11,16	hold lotta vet -able
POOL	6047	0.810887080	5,9,11,16	hole let-up set -able
POOL	6048	0.810884967	4,9,14,16	at-home lotta scrub else
POOL	6049	0.810869746	6,7,13,16	ahold awe tundra bill
POOL	6050	0.810850960	4,5,9,11,16	co. law rots that rubble
POOL	6051	0.810843594	3,6,9,16	who sure aka treble
POOL	6052	0.810838281	5,9,11,16	hole lotta that rabble
POOL	6053	0.810831513	4,9,14,16	at-home lotta tub tell
POOL	6054	0.810828773	6,8,11,16	hole caught other rubble
POOL	6055	0.810823285	3,6,9,16	who sure aka rubble
POOL	6056	0.810821492	6,8,11,16	hole at other rubble
POOL	6057	0.810812253	5,9,11,16	hole let-up pfft -able
POOL	6058	0.810801759	6,10,12,16	ahold come too -able
POOL	6059	0.810796861	6,10,12,16	hole bottom ter -able
POOL	6060	0.810795823	4,8,11,16	show luck other rubble
POOL	6061	0.810759841	4,8,11,16	at-home lat want -able
POOL	6062	0.810756785	5,9,11,16	soul lotta meet -able
POOL	6063	0.810750819	4,8,11,16	at-home rock love rubble
POOL	6064	0.810748822	6,9,13,16	hole ata bruh -able
POOL	6065	0.810730715	6,7,13,16	ahold ah tundra bill
POOL	6066	0.810729456	3,6,9,16	who real gotta treble
POOL	6067	0.810726888	5,9,11,16	role lotta that rubble
POOL	6068	0.810717708	3,5,8,11,16	who all lat und rubble
POOL	6069	0.810709148	3,6,9,16	who real gotta rubble
POOL	6070	0.810676019	2,5,8,11,16	path old lat love rubble
POOL	6071	0.810671281	6,10,12,16	hole awesome term -able
POOL	6072	0.810653361	3,6,11,16	issue lol cunt rubble
POOL	6073	0.810645995	6,11,12,16	hole entente new double
POOL	6074	0.810642105	6,10,12,16	hole ata car -able
POOL	6075	0.810626262	5,9,11,16	sole lotta too -able
POOL	6076	0.810619214	4,8,11,16	show rot other rubble
POOL	6077	0.810594200	6,9,13,16	ahold ata truck bell
POOL	6078	0.810592000	5,9,11,16	hole let-up thought rubble
POOL	6079	0.810556053	3,4,9,16	who oh lotta trumbull
POOL	6080	0.810555062	6,9,13,16	ahold gotta truck bill
POOL	6081	0.810542107	3,6,11,16	issue pull cunt -able
POOL	6082	0.810532605	3,6,9,16	who lol aka treble
POOL	6083	0.810528202	4,8,11,16	home lott other rubble
POOL	6084	0.810526385	3,6,9,16	who full aka stubble
POOL	6085	0.810513360	6,9,13,16	hole aka sta -able
POOL	6086	0.810512296	3,6,9,16	who lol aka rubble
POOL	6087	0.810484826	3,6,11,16	assume full tut -able
POOL	6088	0.810465525	6,9,13,16	hole aka strung -able
POOL	6089	0.810442003	4,7,13,16	show awe tundra -able
POOL	6090	0.810440195	6,10,12,16	ahold tough tour -able
POOL	6091	0.810431084	6,11,13,16	ahold cuffed run -able
POOL	6092	0.810428510	6,9,14,16	ahold aka club ill
POOL	6093	0.810423294	6,10,12,16	hole awesome too -able
POOL	6094	0.810422297	4,8,11,16	ago lotte love -able
POOL	6095	0.810416627	6,9,13,16	hole ata ver -able
POOL	6096	0.810408177	6,7,9,16	ahold ahh come verbal
POOL	6097	0.810395956	6,10,12,16	ahold come ter -able
POOL	6098	0.810387871	6,11,13,16	ahold taft run -able
POOL	6099	0.810374597	3,6,11,16	issue real cunt rubble
POOL	6100	0.810370671	3,6,11,16	wahoo full tut -able
POOL	6101	0.810362962	4,8,11,16	at-home lock at -able
POOL	6102	0.810344171	6,8,11,16	ahold got at -able
POOL	6103	0.810338414	6,10,12,16	hole ata term -able
POOL	6104	0.810332944	2,5,9,12,16	uh known lop true -able
POOL	6105	0.810329982	5,9,11,16	hole let-up feet -able
POOL	6106	0.810310561	6,10,12,16	hole aka care -able
POOL	6107	0.810306742	5,9,11,16	hole let-up vat -able
POOL	6108	0.810301239	1,4,8,12,16	uhh show lott ver -able
POOL	6109	0.810300390	5,9,11,16	hold lotta met -able
POOL	6110	0.810287500	3,6,11,16	issue pull tut rubble
POOL	6111	0.810287355	4,8,11,16	at-home let at -able
POOL	6112	0.810280019	6,7,9,16	ahold are come treble
POOL	6113	0.810266373	6,9,13,16	hole gotta strut -able
POOL	6114	0.810258167	6,9,14,16	ahold gotta club tell
POOL	6115	0.810254148	1,5,7,12,16	eh hole la t'other bel
POOL	6116	0.810253840	3,6,9,16	who real aka treble
POOL	6117	0.810249482	4,7,10,16	at-home la done double
POOL	6118	0.810248082	5,9,11,16	hole lotta too rabble
POOL	6119	0.810246982	4,8,11,16	home luck other -able
POOL	6120	0.810246692	6,11,13,16	ahold cunt love -able
POOL	6121	0.810236736	1,4,8,12,16	yeah show lat ver -able
POOL	6122	0.810233532	3,6,9,16	who real aka rubble
POOL	6123	0.810215696	2,4,7,11,16	ha oh la cut troubles
POOL	6124	0.810213317	3,4,9,16	who new lotta verbal
POOL	6125	0.810211485	6,8,11,16	hole odd other rubble
POOL	6126	0.810208137	3,6,11,16	saw all entente -able
POOL	6127	0.810194359	1,6,9,11,16	s. cole odd that rubble
POOL	6128	0.810178173	4,7,10,16	at-home raw come double
POOL	6129	0.810164076	1,4,8,12,16	uhh show lat aft -able
POOL	6130	0.810136690	5,9,11,16	role lotta too rubble
POOL	6131	0.810125814	1,4,8,12,16	eh show lat ver -able
POOL	6132	0.810122056	6,7,9,16	ahold ahh tough treble
POOL	6133	0.810101862	6,7,9,16	ahold awe come verbal
POOL	6134	0.810099101	1,4,8,12,16	uhh show lotte ter -able
POOL	6135	0.810086072	1,4,8,9,12,16	uhh show lat uhh true biel
POOL	6136	0.810079447	6,9,13,16	ahold aka truck bill
POOL	6137	0.810065716	5,7,10,12,16	foal yeah come true -able
POOL	6138	0.810058742	1,5,7,12,16	eh hole la t'other bear
POOL	6139	0.810058070	1,5,7,12,16	uh hole la t'other bel
POOL	6140	0.810046570	3,6,9,16	who pull ata treble
POOL	6141	0.810045826	6,7,13,16	ahold ahh tundra bell
POOL	6142	0.810026262	3,6,9,16	who pull ata rubble
POOL	6143	0.810017490	6,10,12,16	hole awesome ter -able
POOL	6144	0.810005522	4,7,10,16	show la other double
POOL	6145	0.809975527	6,8,11,16	hole got other rabble
POOL	6146	0.809962831	6,7,9,16	ahold ah come verbal
POOL	6147	0.809957170	1,4,8,12,16	uhh show lock ver -able
POOL	6148	0.809933937	6,10,12,16	ahold tough tell -able
POOL	6149	0.809929736	1,4,8,12,16	uh show lat ver -able
POOL	6150	0.809920548	6,8,11,16	ahold got up -able
POOL	6151	0.809915709	4,6,8,10,16	hose lol got love treble
POOL	6152	0.809901872	3,6,11,16	issue all tut rebel
POOL	6153	0.809898810	3,6,11,16	issue lol cuffed -able
POOL	6154	0.809896735	6,7,9,16	ahold ahh come trumbull
POOL	6155	0.809882819	1,4,8,12,16	air show lat ver -able
POOL	6156	0.809879885	1,5,9,12,16	ah hole blot true -able
POOL	6157	0.809862664	1,5,7,12,16	uh hole la t'other bear
POOL	6158	0.809855597	3,6,11,16	issue lol taft -able
POOL	6159	0.809842432	6,11,13,16	ahold cunt raw -able
POOL	6160	0.809825708	3,6,9,16	who sure ata verbal
POOL	6161	0.809815741	6,7,9,16	ahold awe tough treble
POOL	6162	0.809790757	6,9,13,16	hole aka strut -able
POOL	6163	0.809782551	6,9,14,16	ahold aka club tell
POOL	6164	0.809747325	6,9,14,16	ahold ata club else
POOL	6165	0.809740877	1,4,8,12,16	yeah show lotte ver -able
POOL	6166	0.809739511	6,7,13,16	ahold awe tundra bell
POOL	6167	0.809732610	6,11,13,16	ahold tut young -able
POOL	6168	0.809716613	1,5,7,11,13,16	uhh ko la cut rudd bell
POOL	6169	0.809715636	1,4,8,12,16	uhh show lott ter -able
POOL	6170	0.809710960	6,7,9,16	ahold ahh too verbal
POOL	6171	0.809708495	6,11,12,16	hole entente are double
POOL	6172	0.809701875	3,4,9,16	who new lotta trumbull
POOL	6173	0.809684623	6,10,12,16	hole ata ter -able
POOL	6174	0.809676710	6,7,9,16	ahold ah tough treble
POOL	6175	0.809668217	1,4,8,12,16	uhh show lotte aft -able
POOL	6176	0.809651133	1,4,8,12,16	yeah show lat ter -able
POOL	6177	0.809642346	6,7,9,16	ahold ahh ca treble
POOL	6178	0.809634677	1,5,9,12,16	uhh hole trot true -able
POOL	6179	0.809629955	1,4,8,12,16	eh show lotte ver -able
POOL	6180	0.809622471	1,5,7,12,16	eh hole la t'other bal
POOL	6181	0.809622037	6,7,9,16	ahold ahh ca rubble
POOL	6182	0.809600905	6,7,13,16	ahold ahh tantra bill
POOL	6183	0.809600480	6,7,13,16	ahold ah tundra bell
POOL	6184	0.809590420	6,7,9,16	ahold awe come trumbull
POOL	6185	0.809582802	6,7,9,16	ahold are too treble
POOL	6186	0.809579449	6,9,13,16	hole gotta bruh -able
POOL	6187	0.809562494	6,7,9,16	ahold are too rubble
POOL	6188	0.809540210	1,4,8,12,16	eh show lat ter -able
POOL	6189	0.809537781	6,10,12,16	ahold tough care -able
POOL	6190	0.809514719	3,6,9,16	who lol ata verbal
POOL	6191	0.809507213	3,6,11,16	assume all cunt -able
POOL	6192	0.809497341	3,4,9,16	who law lotta treble
POOL	6193	0.809477033	3,4,9,16	who law lotta rubble
POOL	6194	0.809451389	6,7,9,16	ahold ah come trumbull
POOL	6195	0.809441507	6,9,13,16	ahold art truck -able
POOL	6196	0.809433877	1,4,8,12,16	uh show lotte ver -able
POOL	6197	0.809426393	1,5,7,12,16	uh hole la t'other bal
POOL	6198	0.809424827	6,9,13,16	ahold gotta truck bell
POOL	6199	0.809404645	6,7,9,16	ahold awe too verbal
POOL	6200	0.809393058	3,6,11,16	wahoo all cunt -able
POOL	6201	0.809386960	1,4,8,12,16	air show lotte ver -able
POOL	6202	0.809372979	6,9,14,16	ahold ata club el
POOL	6203	0.809371567	1,4,8,12,16	uhh show lock ter -able
POOL	6204	0.809357981	6,8,11,16	ahold got loved -able
POOL	6205	0.809357411	1,4,8,12,16	yeah show lott ver -able
POOL	6206	0.809354351	6,11,13,16	ahold cunt y'are -able
POOL	6207	0.809348110	5,8,11,12,16	coal lat love r. -able
POOL	6208	0.809344133	1,4,8,12,16	uh show lat ter -able
POOL	6209	0.809336259	3,6,11,16	who pull entente rubble
POOL	6210	0.809336031	6,7,9,16	ahold awe ca treble
POOL	6211	0.809315722	6,7,9,16	ahold awe ca rubble
POOL	6212	0.809314267	3,6,9,16	who sure ata trumbull
POOL	6213	0.809312985	3,6,11,16	issue or cunt rubble
POOL	6214	0.809302873	3,5,7,11,16	thaw old lat cut rubble
POOL	6215	0.809297216	1,4,8,12,16	air show lat ter -able
POOL	6216	0.809294590	6,7,13,16	ahold awe tantra bill
POOL	6217	0.809284751	1,4,8,12,16	uhh show lott aft -able
POOL	6218	0.809265614	6,7,9,16	ahold ah too verbal
POOL	6219	0.809252607	3,6,11,16	assume all tut rubble
POOL	6220	0.809247254	6,9,13,16	hole gotta ver -able
POOL	6221	0.809246489	1,4,8,12,16	eh show lott ver -able
POOL	6222	0.809237865	2,5,8,11,16	us old trot love rubble
POOL	6223	0.809235955	3,6,9,16	who real ata verbal
POOL	6224	0.809220248	1,4,8,12,16	yeah show lat aft -able
POOL	6225	0.809210718	1,4,8,12,16	an show lat ver -able
POOL	6226	0.809210718	1,4,8,12,16	as show lat ver -able
POOL	6227	0.809210718	1,4,8,12,16	at show lat ver -able
POOL	6228	0.809199519	6,7,9,16	ahold ahh too trumbull
POOL	6229	0.809197000	6,7,9,16	ahold ah ca treble
POOL	6230	0.809182895	6,10,11,16	hole bottom too rubble
POOL	6231	0.809176691	6,7,9,16	ahold ah ca rubble
POOL	6232	0.809170389	6,11,12,16	ahold tut air double
POOL	6233	0.809168403	6,10,12,16	ahold tough tree -able
POOL	6234	0.809155559	6,7,13,16	ahold ah tantra bill
POOL	6235	0.809155274	1,4,8,12,16	yeah show lotte ter -able
POOL	6236	0.809144889	6,9,14,16	ahold ata scrub al
POOL	6237	0.809138452	3,6,11,16	wahoo all tut rubble
POOL	6238	0.809137252	5,8,11,12,16	ole lop love air -able
POOL	6239	0.809132904	6,7,9,16	ahold ahh done treble
POOL	6240	0.809114323	3,6,11,16	issue full tut rebel
POOL	6241	0.809112596	6,7,9,16	ahold ahh done rubble
POOL	6242	0.809109326	1,4,8,12,16	eh show lat aft -able
POOL	6243	0.809103833	6,9,13,16	hole aka bruh -able
POOL	6244	0.809082049	1,6,7,11,16	uhh hole ha cut libel
POOL	6245	0.809079311	6,10,12,16	ahold ton true -able
POOL	6246	0.809050411	1,4,8,12,16	uh show lott ver -able
POOL	6247	0.809044351	1,4,8,12,16	eh show lotte ter -able
POOL	6248	0.809037481	6,10,12,16	ahold does true -able
POOL	6249	0.809030019	6,7,9,16	ahold on come treble
POOL	6250	0.809029761	1,6,7,11,16	uhh hole ahh shut radha
POOL	6251	0.809013342	1,4,8,12,16	yeah show lock ver -able
POOL	6252	0.809003495	1,4,8,12,16	air show lott ver -able
POOL	6253	0.809003278	3,6,9,16	who lol ata trumbull
POOL	6254	0.808997115	6,10,12,16	hole aka car -able
POOL	6255	0.808984626	6,8,10,12,16	hole got run law -able
POOL	6256	0.808976987	6,8,11,16	ahold got want rubble
POOL	6257	0.808957477	6,9,13,16	ahold ata tra bill
POOL	6258	0.808949211	6,9,13,16	ahold aka truck bell
POOL	6259	0.808944848	3,4,9,16	who go lotta treble
POOL	6260	0.808940682	1,4,8,12,16	uhh show lock aft -able
POOL	6261	0.808936076	5,9,11,16	roll lotta that -able
POOL	6262	0.808924540	3,4,9,16	who go lotta rubble
POOL	6263	0.808913248	1,4,8,12,16	uh show lat aft -able
POOL	6264	0.808902420	1,4,8,12,16	eh show lock ver -able
POOL	6265	0.808898679	3,6,9,16	saw all ata treble
POOL	6266	0.808893204	6,7,9,16	ahold awe too trumbull
POOL	6267	0.808878371	3,6,9,16	saw all ata rubble
POOL	6268	0.808877197	3,6,9,16	who pull gotta treble
POOL	6269	0.808876067	3,6,11,16	issue bull tut -able
POOL	6270	0.808866331	1,4,8,12,16	air show lat aft -able
POOL	6271	0.808856888	3,6,9,16	who pull gotta rubble
POOL	6272	0.808853883	3,7,9,16	issue la come treble
POOL	6273	0.808848274	1,4,8,12,16	uh show lotte ter -able
POOL	6274	0.808839351	6,7,9,16	ahold ahh top verbal
POOL	6275	0.808838626	3,6,9,16	issue all art treble
POOL	6276	0.808826589	6,7,9,16	ahold awe done treble
POOL	6277	0.808818317	3,6,9,16	issue all art rubble
POOL	6278	0.808811720	6,10,12,16	ahold tough turn -able
POOL	6279	0.808806281	6,7,9,16	ahold awe done rubble
POOL	6280	0.808801357	1,4,8,12,16	air show lotte ter -able
POOL	6281	0.808796985	3,5,8,11,16	haul all lat love rubble
POOL	6282	0.808781990	6,10,11,16	ahold come too rubble
POOL	6283	0.808780032	6,9,14,16	ahold ata scrub well
POOL	6284	0.808771808	1,4,8,12,16	yeah show lott ter -able
POOL	6285	0.808771638	6,9,13,16	hole aka ver -able
POOL	6286	0.808754173	6,7,9,16	ahold ah too trumbull
POOL	6287	0.808732432	6,8,12,16	hole got utley -able
POOL	6288	0.808724514	3,6,9,16	who real ata trumbull
POOL	6289	0.808724389	1,4,8,12,16	yeah show lotte aft -able
POOL	6290	0.808714859	1,4,8,12,16	an show lotte ver -able
POOL	6291	0.808714859	1,4,8,12,16	as show lotte ver -able
POOL	6292	0.808714859	1,4,8,12,16	at show lotte ver -able
POOL	6293	0.808711193	6,7,9,16	ahold are top treble
POOL	6294	0.808706342	1,4,8,12,16	uh show lock ver -able
POOL	6295	0.808698551	6,9,13,16	ahold shot truck -able
POOL	6296	0.808693425	6,10,12,16	hole aka term -able
POOL	6297	0.808690884	6,7,9,16	ahold are top rubble
POOL	6298	0.808687558	6,7,9,16	ahold ah done treble
POOL	6299	0.808667250	6,7,9,16	ahold ah done rubble
POOL	6300	0.808660886	1,4,8,12,16	eh show lott ter -able
POOL	6301	0.808659425	1,4,8,12,16	air show lock ver -able
POOL	6302	0.808638607	1,4,7,10,16	yeh show la come treble
POOL	6303	0.808632051	1,4,8,12,16	up show lat ver -able
POOL	6304	0.808625115	1,4,8,12,16	an show lat ter -able
POOL	6305	0.808625115	1,4,8,12,16	as show lat ter -able
POOL	6306	0.808625115	1,4,8,12,16	at show lat ter -able
POOL	6307	0.808605509	3,6,11,16	wahoo full cunt -able
POOL	6308	0.808587182	2,5,8,9,11,16	hah ole lat uhh that lull
POOL	6309	0.808577951	6,9,14,16	ahold gotta club else
POOL	6310	0.808558433	3,6,11,16	issue or cuffed -able
POOL	6311	0.808555490	3,4,9,16	who too lotta verbal
POOL	6312	0.808533036	6,7,9,16	ahold awe top verbal
POOL	6313	0.808522338	3,6,11,16	issue pull cunt rubble
POOL	6314	0.808515220	3,6,11,16	issue or taft -able
POOL	6315	0.808511574	6,7,9,16	ahold y'are come treble
POOL	6316	0.808502025	6,8,11,16	ahold art love -able
POOL	6317	0.808491266	6,7,9,16	ahold y'are come rubble
POOL	6318	0.808477880	6,9,14,16	ahold ata scrub air
POOL	6319	0.808470670	6,7,13,16	ahold ahh tantra bell
POOL	6320	0.808467109	3,4,9,16	who good lotta verbal
POOL	6321	0.808467109	3,4,9,16	who how lotta verbal
POOL	6322	0.808467109	3,4,9,16	who know lotta verbal
POOL	6323	0.808467109	3,4,9,16	who now lotta verbal
POOL	6324	0.808465265	6,10,12,16	ahold tom true -able
POOL	6325	0.808458495	6,11,12,16	hole entente or double
POOL	6326	0.808440926	6,8,9,11,16	hole up uhh that rebels'
POOL	6327	0.808425534	6,8,11,16	hole got other rumble
POOL	6328	0.808424141	1,4,8,11,16	uhh show lod love rubble
POOL	6329	0.808418857	3,5,9,11,16	hawke all loch that rubble
POOL	6330	0.808403525	6,10,11,16	hole awesome too rubble
POOL	6331	0.808401581	3,6,9,16	who pull aka treble
POOL	6332	0.808394005	6,7,9,16	ahold ah top verbal
POOL	6333	0.808385029	6,7,13,16	ahold are tundra bill
POOL	6334	0.808381273	3,6,9,16	who pull aka rubble
POOL	6335	0.808352075	3,4,9,16	who oh lotta stubble
POOL	6336	0.808345346	3,6,9,16	who lol gotta verbal
POOL	6337	0.808332802	6,7,9,16	ahold on too treble
POOL	6338	0.808325204	6,9,14,16	ahold ata club l
POOL	6339	0.808324403	6,8,11,16	ahold got at rubble
POOL	6340	0.808302144	1,5,9,12,16	uhh hole lah turn -able
POOL	6341	0.808301173	2,5,7,11,16	us holt flock cut rubble
POOL	6342	0.808298731	6,9,13,16	ahold not truck -able
POOL	6343	0.808261944	3,4,9,16	who look lotta treble
POOL	6344	0.808256366	4,6,10,16	at-home lol come double
POOL	6345	0.808246384	1,5,7,11,16	ere hole la shove rubble
POOL	6346	0.808241635	3,4,9,16	who look lotta rubble
POOL	6347	0.808224336	6,10,12,16	ahold tough car -able
POOL	6348	0.808221440	4,6,8,10,16	show lol got love topple
POOL	6349	0.808203605	6,9,14,16	ahold gotta club el
POOL	6350	0.808180719	3,6,9,16	who sure aka verbal
POOL	6351	0.808173119	6,11,13,16	hole entente rough -able
POOL	6352	0.808164355	6,7,13,16	ahold awe tantra bell
POOL	6353	0.808162012	6,8,11,16	ahold got but -able
POOL	6354	0.808162012	6,8,11,16	ahold got what -able
POOL	6355	0.808144894	3,6,9,16	who sure gotta trumbull
POOL	6356	0.808123593	1,6,7,10,16	uhh hole ahh come triple
POOL	6357	0.808117813	6,11,12,16	ahold tut new double
POOL	6358	0.808114709	6,11,13,16	hole entente rush -able
POOL	6359	0.808111275	6,9,13,16	ahold got truss -able
POOL	6360	0.808111130	3,6,9,16	saw full ata treble
POOL	6361	0.808102975	1,4,8,11,16	un show lat love rubble
POOL	6362	0.808102335	6,9,14,16	ahold aka club else
POOL	6363	0.808097618	6,9,13,16	ahold hot truck -able
POOL	6364	0.808095669	3,6,9,16	issue all shot treble
POOL	6365	0.808090821	3,6,9,16	saw full ata rubble
POOL	6366	0.808075361	3,6,9,16	issue all shot rubble
POOL	6367	0.808048697	6,9,14,16	ahold ata rub al
POOL	6368	0.808044049	3,4,9,16	who too lotta trumbull
POOL	6369	0.808039634	6,10,12,16	hole aka ter -able
POOL	6370	0.808025324	6,7,13,16	ahold ah tantra bell
POOL	6371	0.808004609	6,11,13,16	hole entente la -able
POOL	6372	0.807975516	6,9,14,16	ahold gotta scrub al
POOL	6373	0.807967448	6,11,13,16	ahold cunt young -able
POOL	6374	0.807955668	3,4,9,16	who good lotta trumbull
POOL	6375	0.807955668	3,4,9,16	who how lotta trumbull
POOL	6376	0.807955668	3,4,9,16	who know lotta trumbull
POOL	6377	0.807955668	3,4,9,16	who now lotta trumbull
POOL	6378	0.807938421	5,8,9,11,16	hole lok uhh vid rubble
POOL	6379	0.807920645	6,10,12,16	ahold tough term -able
POOL	6380	0.807900779	6,8,11,16	ahold got up rubble
POOL	6381	0.807869730	3,6,9,16	who lol aka verbal
POOL	6382	0.807833904	3,6,9,16	who lol gotta trumbull
POOL	6383	0.807827242	6,9,13,16	ahold ata tra bell
POOL	6384	0.807802061	4,6,7,10,16	ro you're ahh come treble
POOL	6385	0.807788104	6,9,13,16	ahold gotta tra bill
POOL	6386	0.807759068	6,8,11,16	ahold shot love -able
POOL	6387	0.807751615	2,5,7,10,16	us old la cus treble
POOL	6388	0.807748009	5,8,9,12,16	hole ott uhh stair -able
POOL	6389	0.807732850	2,5,8,11,16	us pull lat love rubble
POOL	6390	0.807729306	3,6,9,16	saw all gotta treble
POOL	6391	0.807727990	6,9,14,16	ahold aka club el
POOL	6392	0.807708997	3,6,9,16	saw all gotta rubble
POOL	6393	0.807683839	6,9,14,16	ahold ata rub well
POOL	6394	0.807672657	6,10,11,16	ahold tough too -able
POOL	6395	0.807627411	5,8,9,11,16	whole lat uhh that rubble
POOL	6396	0.807610659	6,9,14,16	ahold gotta scrub well
POOL	6397	0.807609937	2,6,7,10,16	us oe r come treble
POOL	6398	0.807606660	4,6,10,16	at-home lol come treble
POOL	6399	0.807595727	4,7,11,16	alo la dumb -able
POOL	6400	0.807586352	4,6,10,16	at-home lol come rubble
POOL	6401	0.807513665	3,6,7,11,16	a all op cut rubble
POOL	6402	0.807499900	6,9,14,16	ahold aka scrub al
POOL	6403	0.807497898	3,4,9,16	who new lotta stubble
POOL	6404	0.807492860	6,8,11,16	ahold got art -able
POOL	6405	0.807492610	2,4,8,11,16	eh cole lat love rubble
POOL	6406	0.807472371	6,11,13,16	ahold cuffed love -able
POOL	6407	0.807461351	6,9,13,16	ahold ott truck -able
POOL	6408	0.807429159	6,11,13,16	ahold taft love -able
POOL	6409	0.807411219	6,9,14,16	ahold ata tub al
POOL	6410	0.807405227	6,11,12,16	ahold cunt air double
POOL	6411	0.807400483	1,6,9,11,16	uhh hole et foote rubble
POOL	6412	0.807381688	6,9,14,16	ahold ata rub air
POOL	6413	0.807377967	6,9,13,16	ahold ata struck bill
POOL	6414	0.807359248	6,8,11,16	ahold not love -able
POOL	6415	0.807358694	6,11,14,16	ahold entente rub al
POOL	6416	0.807347808	4,7,11,16	show lula taj -able
POOL	6417	0.807338212	6,8,11,16	ahold got loved rubble
POOL	6418	0.807327896	4,6,10,16	at-home real come treble
POOL	6419	0.807312488	6,9,13,16	ahold aka tra bill
POOL	6420	0.807308507	6,9,14,16	ahold gotta scrub air
POOL	6421	0.807307587	4,6,10,16	at-home real come rubble
POOL	6422	0.807302475	4,8,10,12,16	show rod oz true -able
POOL	6423	0.807285057	3,7,9,16	issue la top treble
POOL	6424	0.807278745	1,5,7,11,14,16	uhh coals la cut rub rule
POOL	6425	0.807270061	2,4,8,11,16	us soul lat asst rubble
POOL	6426	0.807254793	6,7,13,16	ahold are tundra bell
POOL	6427	0.807233309	2,5,7,10,16	us owned la come treble
POOL	6428	0.807225165	5,8,11,14,16	hole rocky love rub al
POOL	6429	0.807180313	6,11,12,16	ahold tut are double
POOL	6430	0.807174670	1,5,7,12,16	eh hole la t'other bare
POOL	6431	0.807169064	6,11,12,16	hole entente yeah double
POOL	6432	0.807158135	6,8,11,16	ahold hot love -able
POOL	6433	0.807155831	6,9,14,16	ahold gotta club l
POOL	6434	0.807135043	6,9,14,16	ahold aka scrub well
POOL	6435	0.807135029	6,7,13,16	ahold on tundra bill
POOL	6436	0.807068112	6,11,13,16	ahold cuffed raw -able
POOL	6437	0.807046362	6,9,14,16	ahold ata tub well
POOL	6438	0.807040514	5,9,11,12,16	hole lotta seat air biel
POOL	6439	0.807024899	6,11,13,16	ahold taft raw -able
POOL	6440	0.806993837	6,11,14,16	ahold entente rub well
POOL	6441	0.806978593	1,5,7,12,16	uh hole la t'other bare
POOL	6442	0.806879323	6,9,14,16	ahold gotta rub al
POOL	6443	0.806834466	3,4,9,16	who law lotta verbal
POOL	6444	0.806832891	6,9,14,16	ahold aka scrub air
POOL	6445	0.806809873	6,7,13,16	ahold are tantra bill
POOL	6446	0.806803663	6,11,13,16	ahold entente run bill
POOL	6447	0.806744210	6,9,14,16	ahold ata tub air
POOL	6448	0.806691685	6,11,14,16	ahold entente rub air
POOL	6449	0.806680215	6,9,14,16	ahold aka club l
POOL	6450	0.806674549	6,9,13,16	ahold art tra -able
POOL	6451	0.806657868	6,9,13,16	ahold gotta tra bell
POOL	6452	0.806616584	6,7,13,16	ahold y'are tundra bill
POOL	6453	0.806580030	6,11,13,16	ahold cuffed y'are -able
POOL	6454	0.806577253	5,9,11,16	hole radha that -able
POOL	6455	0.806560326	5,7,9,16	f-hole la come treble
POOL	6456	0.806536818	6,11,13,16	ahold taft y'are -able
POOL	6457	0.806521869	6,8,11,16	ahold ott love -able
POOL	6458	0.806518443	6,11,12,16	hole entente re- double
POOL	6459	0.806514466	6,9,14,16	ahold gotta rub well
POOL	6460	0.806482256	6,8,11,16	ahold art love rubble
POOL	6461	0.806478894	2,5,9,11,16	us old plot that robben
POOL	6462	0.806477019	4,6,10,16	at-home lol tough -able
POOL	6463	0.806460421	5,8,9,12,16	holt lat un true -able
POOL	6464	0.806440352	6,11,12,16	hole entente law double
POOL	6465	0.806403708	6,9,14,16	ahold aka rub al
POOL	6466	0.806352651	6,11,12,16	ahold cunt new double
POOL	6467	0.806350688	4,5,7,11,16	foe bill ross' cut rubble
POOL	6468	0.806323025	3,4,9,16	who law lotta trumbull
POOL	6469	0.806281974	3,4,9,16	who go lotta verbal
POOL	6470	0.806262197	1,5,8,9,11,16	eh hole lat uhh that rub
POOL	6471	0.806247731	6,9,13,16	ahold ata struck bell
POOL	6472	0.806241846	6,9,14,16	ahold gotta tub al
POOL	6473	0.806212314	6,9,14,16	ahold gotta rub air
POOL	6474	0.806208593	6,9,13,16	ahold gotta struck bill
POOL	6475	0.806198254	4,6,10,16	at-home real tough -able
POOL	6476	0.806182253	6,9,13,16	ahold aka tra bell
POOL	6477	0.806149833	1,5,7,12,16	eh hole la t'other beer
POOL	6478	0.806149788	5,8,11,12,16	hole clock love lea -able
POOL	6479	0.806142244	6,8,11,16	ahold got but rubble
POOL	6480	0.806142244	6,8,11,16	ahold got what rubble
POOL	6481	0.806116357	4,6,10,16	ago lol come -able
POOL	6482	0.806112803	6,9,13,16	ahold got straw -able
POOL	6483	0.806083343	6,8,12,16	hole art untrue -able
POOL	6484	0.806049934	5,7,11,16	hole lava cut -able
POOL	6485	0.806038850	6,9,14,16	ahold aka rub well
POOL	6486	0.806033322	6,8,11,16	hole art other rebel
POOL	6487	0.806021383	6,8,11,16	hole got other double
POOL	6488	0.806021381	1,5,7,12,16	eh hole la t'other bull
POOL	6489	0.806004793	6,7,13,16	ahold on tundra bell
POOL	6490	0.805996540	6,11,14,16	hole entente rubber al
POOL	6491	0.805972369	2,5,7,9,16	us old luv pa treble
POOL	6492	0.805953755	1,5,7,12,16	uh hole la t'other beer
POOL	6493	0.805931592	6,9,13,16	ahold shot tra -able
POOL	6494	0.805921766	3,8,11,16	who alot love -able
POOL	6495	0.805904888	3,7,9,16	issue la tough treble
POOL	6496	0.805896772	1,5,7,11,14,16	uhh au rough cut rub al
POOL	6497	0.805888551	2,4,8,11,16	meh oath lah love rubble
POOL	6498	0.805877621	6,7,10,16	hole ahh other -able
POOL	6499	0.805868022	2,5,9,16	ass old lotta treble
POOL	6500	0.805863110	5,7,9,16	f-hole la too treble
POOL	6501	0.805847714	2,5,9,16	ass old lotta rubble
POOL	6502	0.805842802	5,7,9,16	f-hole la too rubble
POOL	6503	0.805840071	3,4,9,16	who too lotta stubble
POOL	6504	0.805829541	4,9,11,16	show lotta that ravel
POOL	6505	0.805825420	4,8,12,16	show lock untrue -able
POOL	6506	0.805825304	1,5,7,12,16	uh hole la t'other bull
POOL	6507	0.805803746	5,7,9,16	asshole la come treble
POOL	6508	0.805790544	6,9,13,16	ahold ata truck belle
POOL	6509	0.805770533	3,4,9,16	who go lotta trumbull
POOL	6510	0.805751690	3,4,9,16	who good lotta stubble
POOL	6511	0.805751690	3,4,9,16	who how lotta stubble
POOL	6512	0.805751690	3,4,9,16	who know lotta stubble
POOL	6513	0.805751690	3,4,9,16	who now lotta stubble
POOL	6514	0.805749814	4,8,12,16	show let untrue -able
POOL	6515	0.805739299	6,8,11,16	ahold shot love rubble
POOL	6516	0.805732978	6,9,13,16	ahold aka struck bill
POOL	6517	0.805727934	3,5,9,16	who full lotta treble
POOL	6518	0.805707626	3,5,9,16	who full lotta rubble
POOL	6519	0.805691347	1,5,8,9,12,16	eh hole lat uhh true bell
POOL	6520	0.805679637	6,7,13,16	ahold are tantra bell
POOL	6521	0.805679567	3,7,9,16	issue la come trumbull
POOL	6522	0.805673427	6,11,13,16	ahold entente run bell
POOL	6523	0.805669090	6,9,13,16	ahold bought truck -able
POOL	6524	0.805652888	6,10,11,16	ahold tough too rubble
POOL	6525	0.805644937	6,11,13,16	ahold tut rough -able
POOL	6526	0.805631683	6,11,14,16	hole entente rubber well
POOL	6527	0.805599069	3,4,9,16	who look lotta verbal
POOL	6528	0.805586527	6,11,13,16	ahold tut rush -able
POOL	6529	0.805571306	6,7,10,16	hole awe other -able
POOL	6530	0.805569716	4,8,12,16	show lat untrue -able
POOL	6531	0.805565481	4,8,9,12,16	show lat uhh straw gobble
POOL	6532	0.805559873	6,7,13,16	ahold on tantra bill
POOL	6533	0.805541070	1,6,7,10,16	ahn hole ahh come treble
POOL	6534	0.805529426	1,5,8,9,11,16	eh hole lott uhh that rub
POOL	6535	0.805486349	6,7,13,16	ahold y'are tundra bell
POOL	6536	0.805476427	6,11,13,16	ahold tut la -able
POOL	6537	0.805473092	6,8,11,16	ahold got art rubble
POOL	6538	0.805432275	6,7,10,16	hole ah other -able
POOL	6539	0.805425178	3,7,9,16	issue la ca treble
POOL	6540	0.805411087	4,5,9,16	show law lotta treble
POOL	6541	0.805404869	3,7,9,16	issue la ca rubble
POOL	6542	0.805404196	1,4,6,9,16	ep show lol awe treble
POOL	6543	0.805390779	4,5,9,16	show law lotta rubble
POOL	6544	0.805340387	6,8,12,16	hole shot untrue -able
POOL	6545	0.805339479	6,8,11,16	ahold not love rubble
POOL	6546	0.805337848	4,5,8,11,16	show log lat love rubble
POOL	6547	0.805329531	6,11,14,16	hole entente rubber air
POOL	6548	0.805290365	6,8,11,16	hole shot other rebel
POOL	6549	0.805283159	3,5,7,11,16	who all loo kun rubble
POOL	6550	0.805256326	4,8,10,12,16	show lat love true model
POOL	6551	0.805242169	6,7,13,16	ahold ahh tundra belle
POOL	6552	0.805193127	6,11,13,16	ahold cuffed young -able
POOL	6553	0.805162194	1,5,8,9,12,16	eh hole lat uhh true bill
POOL	6554	0.805149914	6,11,13,16	ahold taft young -able
POOL	6555	0.805147377	5,8,11,12,16	hole lat dump hear -able
POOL	6556	0.805138366	6,8,11,16	ahold hot love rubble
POOL	6557	0.805127264	4,6,10,16	at-home lol tough double
POOL	6558	0.805106530	5,7,9,16	asshole la too treble
POOL	6559	0.805092251	2,5,9,16	us old lotta treble
POOL	6560	0.805087628	3,4,9,16	who look lotta trumbull
POOL	6561	0.805086222	5,7,9,16	asshole la too rubble
POOL	6562	0.805071943	2,5,9,16	us old lotta rubble
POOL	6563	0.805041428	6,7,13,16	ahold y'are tantra bill
POOL	6564	0.804991500	5,7,9,16	f-hole la top treble
POOL	6565	0.804986224	2,4,8,10,16	us oh lat love scrabble
POOL	6566	0.804958576	1,5,8,9,12,16	eh hole lott uhh true bell
POOL	6567	0.804949892	4,8,12,16	show lotte untrue -able
POOL	6568	0.804940567	6,8,12,16	hole not untrue -able
POOL	6569	0.804935854	6,7,13,16	ahold awe tundra belle
POOL	6570	0.804890545	6,8,11,16	hole not other rebel
POOL	6571	0.804862795	2,6,9,16	ass only ahh treble
POOL	6572	0.804848500	4,6,10,16	at-home real tough double
POOL	6573	0.804805415	4,9,11,16	ho's lotta foot -able
POOL	6574	0.804796823	6,7,13,16	ahold ah tundra belle
POOL	6575	0.804767972	6,8,12,16	hole art untill -able
POOL	6576	0.804766602	4,6,10,16	ago lol come double
POOL	6577	0.804739454	6,8,12,16	hole hot untrue -able
POOL	6578	0.804729982	6,8,11,16	ahold art want -able
POOL	6579	0.804729607	6,8,11,16	ahold bought love -able
POOL	6580	0.804706200	6,7,13,16	ahold ahh tundra bear
POOL	6581	0.804689432	6,8,11,16	hole hot other rebel
POOL	6582	0.804671536	5,7,9,16	ahold la come treble
POOL	6583	0.804629165	5,7,10,12,16	cole luck tonne true -able
POOL	6584	0.804623941	1,5,7,12,16	eh hole la t'other del
POOL	6585	0.804621202	6,8,11,16	ahold caught love -able
POOL	6586	0.804613951	5,9,11,14,16	hole lotta yves reid al
POOL	6587	0.804613921	6,8,11,16	ahold at love -able
POOL	6588	0.804536462	2,5,7,10,16	us old wa come treble
POOL	6589	0.804527866	6,7,10,16	hole ahh other double
POOL	6590	0.804525863	6,7,10,16	ahold ahh come double
POOL	6591	0.804520275	6,11,14,16	hole entente re-up al
POOL	6592	0.804510049	4,8,12,16	show lock untill -able
POOL	6593	0.804477558	4,6,10,16	at-home lol tough treble
POOL	6594	0.804470560	4,8,12,16	show lott untrue -able
POOL	6595	0.804460116	1,6,8,11,16	uhh hoa got love rubble
POOL	6596	0.804457250	4,6,10,16	at-home lol tough rubble
POOL	6597	0.804437983	4,8,9,11,16	show roc uhh that libel
POOL	6598	0.804434442	4,8,12,16	show let untill -able
POOL	6599	0.804432344	4,6,10,16	at-home lol come trumbull
POOL	6600	0.804429637	6,7,13,16	ahold on tantra bell
POOL	6601	0.804429424	1,5,8,9,12,16	eh hole lott uhh true bill
POOL	6602	0.804427863	1,5,7,12,16	uh hole la t'other del
POOL	6603	0.804403886	2,6,10,16	ass only come treble
POOL	6604	0.804399885	6,7,13,16	ahold awe tundra bear
POOL	6605	0.804383578	2,6,10,16	ass only come rubble
POOL	6606	0.804380892	6,11,13,16	ahold entente yeah bill
POOL	6607	0.804317727	4,8,10,11,16	show lat love aunt rubble
POOL	6608	0.804291831	3,4,9,16	saw oh lotta treble
POOL	6609	0.804271523	3,4,9,16	saw oh lotta rubble
POOL	6610	0.804264668	4,6,8,10,16	show lol luck love treble
POOL	6611	0.804260854	6,7,13,16	ahold ah tundra bear
POOL	6612	0.804254344	4,8,12,16	show lat untill -able
POOL	6613	0.804234920	5,7,9,16	asshole la top treble
POOL	6614	0.804221551	6,7,10,16	hole awe other double
POOL	6615	0.804219548	6,7,10,16	ahold awe come double
POOL	6616	0.804207265	2,4,8,10,16	math oh lat love treble
POOL	6617	0.804198794	4,6,10,16	at-home real tough treble
POOL	6618	0.804178486	4,6,10,16	at-home real tough rubble
POOL	6619	0.804153580	4,6,10,16	at-home real come trumbull
POOL	6620	0.804147175	1,5,7,12,16	eh hole la t'other bil
POOL	6621	0.804145586	5,8,9,12,16	hole lat raw val -able
POOL	6622	0.804130238	4,8,12,16	show not untrue -able
POOL	6623	0.804119047	3,4,9,16	who law lotta stubble
POOL	6624	0.804116896	4,6,10,16	ago lol come treble
POOL	6625	0.804110741	3,7,9,16	issue la top trumbull
POOL	6626	0.804103187	6,8,12,16	hole ott untrue -able
POOL	6627	0.804096588	4,6,10,16	ago lol come rubble
POOL	6628	0.804082520	6,7,10,16	hole ah other double
POOL	6629	0.804080517	6,7,10,16	ahold ah come double
POOL	6630	0.804025015	6,8,12,16	hole shot untill -able
POOL	6631	0.803974320	5,7,9,16	ahold la too treble
POOL	6632	0.803954011	5,7,9,16	ahold la too rubble
POOL	6633	0.803951097	1,5,7,12,16	uh hole la t'other bil
POOL	6634	0.803948352	2,4,8,10,16	us oh wot love treble
POOL	6635	0.803911193	6,7,13,16	ahold y'are tantra bell
POOL	6636	0.803901997	3,8,11,16	who alot love rubble
POOL	6637	0.803897452	5,7,9,16	f-hole la come verbal
POOL	6638	0.803879775	6,11,13,16	ahold cunt rough -able
POOL	6639	0.803878160	6,7,10,16	hole ahh other treble
POOL	6640	0.803857852	6,7,10,16	hole ahh other rubble
POOL	6641	0.803853266	6,11,14,16	hole entente re-up air
POOL	6642	0.803844950	6,11,13,16	ahold entente love bill
POOL	6643	0.803838132	4,6,10,16	ago real come treble
POOL	6644	0.803821365	6,11,13,16	ahold cunt rush -able
POOL	6645	0.803817824	4,6,10,16	ago real come rubble
POOL	6646	0.803808420	4,8,12,16	show rock untrue -able
POOL	6647	0.803761975	5,7,9,16	a-hole la come treble
POOL	6648	0.803757560	1,5,8,9,12,16	eh hole lat uhh ver bell
POOL	6649	0.803724177	4,8,12,16	at-home lock ver -able
POOL	6650	0.803711265	6,11,13,16	ahold cunt la -able
POOL	6651	0.803705387	6,8,12,16	ahold got ver -able
POOL	6652	0.803684529	2,5,7,11,16	eff or hah cut rubble
POOL	6653	0.803667013	6,7,13,16	ahold ahh tantra belle
POOL	6654	0.803657673	4,7,9,16	uh-huh la come treble
POOL	6655	0.803648570	4,8,12,16	at-home let ver -able
POOL	6656	0.803634521	4,8,12,16	show lotte untill -able
POOL	6657	0.803628115	2,6,10,16	us only come treble
POOL	6658	0.803625196	6,8,12,16	hole not untill -able
POOL	6659	0.803616132	1,4,6,11,16	eh ho lol entente rub
POOL	6660	0.803613454	4,8,10,11,16	show lat bun too rubble
POOL	6661	0.803611331	5,7,9,16	f-hole la tough treble
POOL	6662	0.803608811	5,7,9,16	holy la come treble
POOL	6663	0.803607807	2,6,10,16	us only come rubble
POOL	6664	0.803586431	1,5,7,12,16	eh hole la t'other pal
POOL	6665	0.803571845	6,7,10,16	hole awe other treble
POOL	6666	0.803566555	3,4,9,16	who go lotta stubble
POOL	6667	0.803551537	6,7,10,16	hole awe other rubble
POOL	6668	0.803525537	5,8,9,11,16	hole lat uhh that nibble
POOL	6669	0.803499833	5,8,9,11,16	ole lop uhh that rubble
POOL	6670	0.803468473	4,8,12,16	at-home lat ver -able
POOL	6671	0.803468359	6,11,14,16	ahold tut rubber al
POOL	6672	0.803463538	4,6,10,16	show lol bottom -able
POOL	6673	0.803440691	6,11,13,16	ahold entente raw bill
POOL	6674	0.803424082	6,8,12,16	hole hot untill -able
POOL	6675	0.803390353	1,5,7,12,16	uh hole la t'other pal
POOL	6676	0.803387957	6,7,13,16	ahold ahh tundra bel
POOL	6677	0.803386010	5,7,9,16	f-hole la come trumbull
POOL	6678	0.803373402	3,7,9,16	issue la cut treble
POOL	6679	0.803366582	6,10,11,16	hole bottom two -able
POOL	6680	0.803360698	6,7,13,16	ahold awe tantra belle
POOL	6681	0.803311349	4,6,8,10,16	show lol too love rabble
POOL	6682	0.803294579	6,7,13,16	ahold got tundra bill
POOL	6683	0.803281714	4,6,10,16	at-home lol come travel
POOL	6684	0.803274245	2,6,10,16	ass only tough -able
POOL	6685	0.803256810	4,8,12,16	home lock untrue -able
POOL	6686	0.803250657	6,11,13,16	ahold entente yeah bell
POOL	6687	0.803242013	3,7,9,16	issue la tough verbal
POOL	6688	0.803228408	1,5,8,9,12,16	eh hole lat uhh ver bill
POOL	6689	0.803221667	6,7,13,16	ahold ah tantra belle
POOL	6690	0.803205148	2,5,9,16	ass old lotta verbal
POOL	6691	0.803200236	5,7,9,16	f-hole la too verbal
POOL	6692	0.803184774	4,6,10,16	show real bottom -able
POOL	6693	0.803181203	4,8,12,16	home let untrue -able
POOL	6694	0.803155189	4,8,12,16	show lott untill -able
POOL	6695	0.803151231	1,5,7,11,16	eh hole la covet rub
POOL	6696	0.803140872	5,7,9,16	asshole la come verbal
POOL	6697	0.803131621	5,7,9,16	f-hole la ca treble
POOL	6698	0.803131044	6,7,13,16	ahold ahh tantra bear
POOL	6699	0.803111313	5,7,9,16	f-hole la ca rubble
POOL	6700	0.803103501	6,11,14,16	ahold tut rubber well
POOL	6701	0.803102710	5,7,9,16	ahold la top treble
POOL	6702	0.803083044	2,4,8,11,16	ah oh lat love radha
POOL	6703	0.803082401	5,7,9,16	ahold la top rubble
POOL	6704	0.803081642	6,7,13,16	ahold awe tundra bel
POOL	6705	0.803065060	3,5,9,16	who full lotta verbal
POOL	6706	0.803064758	5,7,9,16	a-hole la too treble
POOL	6707	0.803044450	5,7,9,16	a-hole la too rubble
POOL	6708	0.803041490	3,8,11,16	who lat other -able
POOL	6709	0.803032733	1,5,7,9,16	uhh hole la ted treble
POOL	6710	0.803005172	3,7,9,16	issue la tongue treble
POOL	6711	0.803001105	4,8,12,16	home lat untrue -able
POOL	6712	0.802992173	4,8,12,16	at-home lock ter -able
POOL	6713	0.802987255	4,6,10,16	ago lol tough -able
POOL	6714	0.802986789	6,10,11,16	hole bottom eat -able
POOL	6715	0.802984864	3,7,9,16	issue la tongue rubble
POOL	6716	0.802973383	6,8,12,16	ahold got ter -able
POOL	6717	0.802968313	2,6,8,10,16	us kol got love treble
POOL	6718	0.802965677	6,10,11,16	ahold come two -able
POOL	6719	0.802965587	4,8,10,11,16	show lat love too russel
POOL	6720	0.802955154	1,5,7,11,16	uh hole la covet rub
POOL	6721	0.802952609	6,11,13,16	ahold entente y'are bill
POOL	6722	0.802942611	6,7,13,16	ahold ah tundra bel
POOL	6723	0.802916566	4,8,12,16	at-home let ter -able
POOL	6724	0.802911594	5,7,9,16	holy la too treble
POOL	6725	0.802891286	5,7,9,16	holy la too rubble
POOL	6726	0.802883650	3,4,9,16	who look lotta stubble
POOL	6727	0.802866455	4,5,8,11,16	show law yachts love rubble
POOL	6728	0.802854751	5,7,9,16	asshole la tough treble
POOL	6729	0.802848649	4,8,12,16	at-home lotte ver -able
POOL	6730	0.802842477	4,5,9,16	home law lotta treble
POOL	6731	0.802834442	5,7,9,16	asshole la tough rubble
POOL	6732	0.802826022	6,11,14,16	ahold entente rub ill
POOL	6733	0.802824729	6,7,13,16	ahold awe tantra bear
POOL	6734	0.802822168	4,5,9,16	home law lotta rubble
POOL	6735	0.802814867	4,8,12,16	show not untill -able
POOL	6736	0.802801350	6,11,14,16	ahold tut rubber air
POOL	6737	0.802787816	6,8,12,16	hole ott untill -able
POOL	6738	0.802776546	6,7,13,16	ahold la tundra bill
POOL	6739	0.802768168	6,11,14,16	ahold entente rob al
POOL	6740	0.802762303	3,7,9,16	issue la ca verbal
POOL	6741	0.802748213	4,5,9,16	show law lotta verbal
POOL	6742	0.802736469	4,8,12,16	at-home lat ter -able
POOL	6743	0.802730572	3,7,9,16	issue la tough trumbull
POOL	6744	0.802714715	6,11,13,16	ahold entente love bell
POOL	6745	0.802711824	1,5,7,11,16	eh hole la covered rub
POOL	6746	0.802708491	4,6,10,16	ago real tough -able
POOL	6747	0.802704467	5,7,10,12,16	seoul la come true bubbles
POOL	6748	0.802695247	1,5,7,12,16	eh hole la t'other dull
POOL	6749	0.802693706	2,5,9,16	ass old lotta trumbull
POOL	6750	0.802689278	4,8,12,16	at-home lock aft -able
POOL	6751	0.802688794	5,7,9,16	f-hole la too trumbull
POOL	6752	0.802685698	6,7,13,16	ahold ah tantra bear
POOL	6753	0.802684168	4,6,10,16	show lol awesome -able
POOL	6754	0.802670487	6,8,12,16	ahold got aft -able
POOL	6755	0.802657713	6,7,13,16	ahold raw tundra bill
POOL	6756	0.802645303	1,6,8,11,16	uhh hole got taft rubble
POOL	6757	0.802629430	5,7,9,16	asshole la come trumbull
POOL	6758	0.802622179	5,7,9,16	f-hole la done treble
POOL	6759	0.802613671	4,8,12,16	at-home let aft -able
POOL	6760	0.802601871	5,7,9,16	f-hole la done rubble
POOL	6761	0.802587211	6,10,11,16	hole awesome two -able
POOL	6762	0.802585884	6,10,11,16	ahold come eat -able
POOL	6763	0.802553619	3,5,9,16	who full lotta trumbull
POOL	6764	0.802515746	1,5,7,11,16	uh hole la covered rub
POOL	6765	0.802513931	3,7,9,16	issue la ton treble
POOL	6766	0.802499170	1,5,7,12,16	uh hole la t'other dull
POOL	6767	0.802498474	2,6,10,16	us only tough -able
POOL	6768	0.802493622	3,7,9,16	issue la ton rubble
POOL	6769	0.802493049	4,8,12,16	show rock untill -able
POOL	6770	0.802488909	1,5,8,9,12,16	eh hole lat uhh true belle
POOL	6771	0.802465659	6,8,12,16	hole art utley -able
POOL	6772	0.802443656	5,7,9,16	asshole la too verbal
POOL	6773	0.802433573	4,8,12,16	at-home lat aft -able
POOL	6774	0.802429377	2,5,9,16	us old lotta verbal
POOL	6775	0.802429230	4,5,9,16	show all lotta treble
POOL	6776	0.802421667	3,8,11,16	who lotte other -able
POOL	6777	0.802408922	4,5,9,16	show all lotta rubble
POOL	6778	0.802403311	6,11,14,16	ahold entente rob well
POOL	6779	0.802381282	4,8,12,16	home lotte untrue -able
POOL	6780	0.802375041	5,7,9,16	asshole la ca treble
POOL	6781	0.802369317	4,8,12,16	at-home lott ver -able
POOL	6782	0.802354733	5,7,9,16	asshole la ca rubble
POOL	6783	0.802351301	4,6,10,16	show lol ata -able
POOL	6784	0.802331481	2,5,9,16	s old lotta treble
POOL	6785	0.802328626	5,7,9,16	f-hole la top verbal
POOL	6786	0.802311173	2,5,9,16	s old lotta rubble
POOL	6787	0.802310926	6,8,12,16	hole bought untrue -able
POOL	6788	0.802310455	6,11,13,16	ahold entente raw bell
POOL	6789	0.802254344	6,10,11,16	hole ata two -able
POOL	6790	0.802250862	3,7,9,16	issue la ca trumbull
POOL	6791	0.802249420	4,9,10,16	show lotta new -able
POOL	6792	0.802236771	4,5,9,16	show law lotta trumbull
POOL	6793	0.802235490	6,10,11,16	hole bottom at -able
POOL	6794	0.802235490	6,10,11,16	hole bottom it -able
POOL	6795	0.802235490	6,10,11,16	hole bottom to -able
POOL	6796	0.802207735	4,8,12,16	show lock utley -able
POOL	6797	0.802207418	6,10,11,16	hole awesome eat -able
POOL	6798	0.802202521	6,8,12,16	hole caught untrue -able
POOL	6799	0.802195240	6,8,12,16	hole at untrue -able
POOL	6800	0.802193149	5,7,9,16	a-hole la top treble
POOL	6801	0.802180062	6,11,14,16	ahold entente rub tell
POOL	6802	0.802172840	5,7,9,16	a-hole la top rubble
POOL	6803	0.802172770	1,6,8,11,16	uhh hole sock love rubble
POOL	6804	0.802169571	4,8,12,16	show luck untrue -able
POOL	6805	0.802160178	1,5,8,9,11,16	eh hole lat uhh pfft rub
POOL	6806	0.802159930	2,5,8,11,16	us old lat love lovell
POOL	6807	0.802154067	5,7,9,16	f-hole law come treble
POOL	6808	0.802149723	3,8,11,16	who alot want -able
POOL	6809	0.802143924	1,7,11,16	yeah hola cut -able
POOL	6810	0.802133758	5,7,9,16	f-hole law come rubble
POOL	6811	0.802132129	4,8,12,16	show let utley -able
POOL	6812	0.802126035	2,5,9,16	ass ole lotta treble
POOL	6813	0.802116645	4,8,12,16	at-home lotte ter -able
POOL	6814	0.802113784	4,6,10,16	show lol bottom double
POOL	6815	0.802105727	2,5,9,16	ass ole lotta rubble
POOL	6816	0.802105136	5,8,9,12,16	hole blot naw true -able
POOL	6817	0.802102430	6,10,11,16	ahold ton too -able
POOL	6818	0.802101160	6,11,14,16	ahold entente rob air
POOL	6819	0.802076562	1,5,7,12,16	eh hole la t'other baer
POOL	6820	0.802072536	4,6,10,16	show real ata -able
POOL	6821	0.802060600	6,10,11,16	ahold does too -able
POOL	6822	0.802039984	5,7,9,16	holy la top treble
POOL	6823	0.802028995	4,8,12,16	at-home not ver -able
POOL	6824	0.802022043	1,5,7,11,16	uhh hole blah stump rubble
POOL	6825	0.802019676	5,7,9,16	holy la top rubble
POOL	6826	0.802008661	5,7,9,16	ahold la come verbal
POOL	6827	0.801992962	4,8,12,16	show rot untrue -able
POOL	6828	0.801992093	6,11,14,16	ahold tut re-up al
POOL	6829	0.801989939	4,6,8,10,16	show lol got und treble
POOL	6830	0.801985896	4,8,10,11,16	show rod love took rubble
POOL	6831	0.801969785	3,7,9,16	issue la cup treble
POOL	6832	0.801968799	1,4,6,9,16	uhh show rare tum treble
POOL	6833	0.801952031	4,8,12,16	show lat utley -able
POOL	6834	0.801949477	3,7,9,16	issue la cup rubble
POOL	6835	0.801942335	3,8,11,16	who lott other -able
POOL	6836	0.801941438	4,8,12,16	home lock untill -able
POOL	6837	0.801932214	5,7,9,16	asshole la too trumbull
POOL	6838	0.801927967	4,5,8,11,16	haw law lat love rubble
POOL	6839	0.801924490	2,6,10,16	ass only tough double
POOL	6840	0.801917936	2,5,9,16	us old lotta trumbull
POOL	6841	0.801901950	4,8,12,16	home lott untrue -able
POOL	6842	0.801880484	1,5,7,12,16	uh hole la t'other baer
POOL	6843	0.801874551	6,10,11,16	hole ata eat -able
POOL	6844	0.801865832	4,8,12,16	home let untill -able
POOL	6845	0.801865599	5,7,9,16	asshole la done treble
POOL	6846	0.801845291	5,7,9,16	asshole la done rubble
POOL	6847	0.801835019	4,6,10,16	show real bottom double
POOL	6848	0.801834585	6,10,11,16	ahold come at -able
POOL	6849	0.801834585	6,10,11,16	ahold come it -able
POOL	6850	0.801834585	6,10,11,16	ahold come to -able
POOL	6851	0.801822374	6,11,13,16	ahold entente y'are bell
POOL	6852	0.801822071	1,5,7,12,16	eh hole la t'other beale
POOL	6853	0.801817184	5,7,9,16	f-hole la top trumbull
POOL	6854	0.801813749	4,8,12,16	at-home lotte aft -able
POOL	6855	0.801806518	1,7,11,16	air hola cut -able
POOL	6856	0.801756139	1,5,8,9,12,16	eh hole lott uhh true belle
POOL	6857	0.801742168	1,5,7,12,16	eh hole la t'other dell
POOL	6858	0.801722702	6,8,12,16	hole shot utley -able
POOL	6859	0.801722540	5,7,9,16	ahold la tough treble
POOL	6860	0.801713756	4,7,11,16	paso la cut rebels
POOL	6861	0.801707177	4,8,12,16	at-home rock ver -able
POOL	6862	0.801703197	6,11,14,16	ahold cunt rubber al
POOL	6863	0.801702232	5,7,9,16	ahold la tough rubble
POOL	6864	0.801685734	4,8,12,16	home lat untill -able
POOL	6865	0.801662712	3,4,9,16	issue oh lat treble
POOL	6866	0.801642404	3,4,9,16	issue oh lat rubble
POOL	6867	0.801637500	4,6,10,16	ago lol tough double
POOL	6868	0.801637313	4,8,12,16	at-home lott ter -able
POOL	6869	0.801628957	3,4,9,16	saw oh lotta verbal
POOL	6870	0.801627236	6,11,14,16	ahold tut re-up well
POOL	6871	0.801625993	1,5,7,12,16	uh hole la t'other beale
POOL	6872	0.801613757	3,4,9,16	hoo oh lotta treble
POOL	6873	0.801593449	3,4,9,16	hoo oh lotta rubble
POOL	6874	0.801585232	6,8,12,16	hole odd untrue -able
POOL	6875	0.801577447	1,5,7,12,16	eh hole la t'other bol
POOL	6876	0.801572046	5,7,9,16	asshole la top verbal
POOL	6877	0.801565706	6,11,13,16	ahold entente young bill
POOL	6878	0.801561627	4,8,12,16	home not untrue -able
POOL	6879	0.801547211	3,5,9,16	who well lotta treble
POOL	6880	0.801546090	1,5,7,12,16	uh hole la t'other dell
POOL	6881	0.801526903	3,5,9,16	who well lotta rubble
POOL	6882	0.801521424	1,7,11,16	see hola cut -able
POOL	6883	0.801488384	6,10,11,16	ahold tom too -able
POOL	6884	0.801470897	4,9,12,16	haw lotta verse -able
POOL	6885	0.801464078	4,6,10,16	show lol bottom treble
POOL	6886	0.801463868	6,11,14,16	hole entente rubber ill
POOL	6887	0.801456120	6,10,11,16	hole awesome at -able
POOL	6888	0.801456120	6,10,11,16	hole awesome it -able
POOL	6889	0.801456120	6,10,11,16	hole awesome to -able
POOL	6890	0.801427407	1,5,8,9,11,16	eh hole lott uhh pfft rub
POOL	6891	0.801381369	1,5,7,12,16	uh hole la t'other bol
POOL	6892	0.801369427	4,8,10,11,16	pho loch love too rubble
POOL	6893	0.801350264	2,5,9,16	us ole lotta treble
POOL	6894	0.801346813	6,10,11,16	hole bottom two rubble
POOL	6895	0.801338339	6,11,14,16	ahold cunt rubber well
POOL	6896	0.801334417	4,8,12,16	at-home lott aft -able
POOL	6897	0.801332207	4,8,12,16	show lotte utley -able
POOL	6898	0.801329956	2,5,9,16	us ole lotta rubble
POOL	6899	0.801325085	6,11,14,16	ahold tut re-up air
POOL	6900	0.801322882	6,8,12,16	hole not utley -able
POOL	6901	0.801296991	4,8,12,16	at-home not ter -able
POOL	6902	0.801289878	5,8,11,12,16	hole lat love air dabble
POOL	6903	0.801280849	6,9,13,16	hole odd intra -able
POOL	6904	0.801274784	2,6,10,16	ass only tough treble
POOL	6905	0.801254476	2,6,10,16	ass only tough rubble
POOL	6906	0.801252768	1,5,8,9,12,16	eh hole lat uhh true bel
POOL	6907	0.801239810	4,8,12,16	home rock untrue -able
POOL	6908	0.801229570	2,6,10,16	ass only come trumbull
POOL	6909	0.801148719	2,6,10,16	us only tough double
POOL	6910	0.801143848	5,8,9,11,16	coal lat uhh vic rubble
POOL	6911	0.801137288	2,5,9,16	ash old lotta treble
POOL	6912	0.801123253	6,10,11,16	hole ata at -able
POOL	6913	0.801123253	6,10,11,16	hole ata it -able
POOL	6914	0.801123253	6,10,11,16	hole ata to -able
POOL	6915	0.801121769	6,8,12,16	hole hot utley -able
POOL	6916	0.801121150	1,5,7,12,16	eh hole la t'other beal
POOL	6917	0.801117821	1,5,8,9,11,16	eh hole lat uh pfft rub
POOL	6918	0.801117516	3,4,9,16	saw oh lotta trumbull
POOL	6919	0.801116979	2,5,9,16	ash old lotta rubble
POOL	6920	0.801105454	6,11,13,16	ahold cuffed rough -able
POOL	6921	0.801065910	4,8,12,16	home lotte untill -able
POOL	6922	0.801062242	6,11,13,16	ahold taft rough -able
POOL	6923	0.801047045	6,11,13,16	ahold cuffed rush -able
POOL	6924	0.801044149	1,5,7,11,14,16	uhh hoyle la cut rus al
POOL	6925	0.801042888	3,4,9,16	issue oh lotte treble
POOL	6926	0.801036188	6,11,14,16	ahold cunt rubber air
POOL	6927	0.801022580	3,4,9,16	issue oh lotte rubble
POOL	6928	0.801021722	3,8,11,16	who lat other rubble
POOL	6929	0.801016273	1,5,8,9,11,16	eh hole lat uhh too rub
POOL	6930	0.801003832	6,11,13,16	ahold taft rush -able
POOL	6931	0.800995554	6,8,12,16	hole bought untill -able
POOL	6932	0.800994095	4,8,12,16	at-home not aft -able
POOL	6933	0.800975173	4,8,12,16	at-home rock ter -able
POOL	6934	0.800967020	6,10,11,16	hole bottom eat rubble
POOL	6935	0.800950912	4,8,12,16	show plot untrue -able
POOL	6936	0.800945908	6,10,11,16	ahold come two rubble
POOL	6937	0.800936945	6,11,13,16	ahold cuffed la -able
POOL	6938	0.800925072	1,5,7,12,16	uh hole la t'other beal
POOL	6939	0.800918722	2,5,9,16	ass own lotta verbal
POOL	6940	0.800918700	4,8,9,12,16	co lots uhh true -able
POOL	6941	0.800899665	4,9,10,16	show lotta new double
POOL	6942	0.800898057	6,10,11,16	ahold dove too -able
POOL	6943	0.800893732	6,11,13,16	ahold taft la -able
POOL	6944	0.800887149	6,8,12,16	hole caught untill -able
POOL	6945	0.800879869	6,8,12,16	hole at untill -able
POOL	6946	0.800867345	2,6,10,16	s only come treble
POOL	6947	0.800854200	4,8,12,16	show luck untill -able
POOL	6948	0.800852875	4,8,12,16	show lott utley -able
POOL	6949	0.800847037	2,6,10,16	s only come rubble
POOL	6950	0.800817909	6,11,14,16	hole entente rubber tell
POOL	6951	0.800801531	4,7,13,16	hou la tundra -able
POOL	6952	0.800796363	1,5,8,9,12,16	eh hole lat uhh true bal
POOL	6953	0.800759579	3,4,9,16	hoo new lotta treble
POOL	6954	0.800721183	1,4,7,10,16	uhh show la come trample
POOL	6955	0.800696438	4,8,12,16	at-home lock ump -able
POOL	6956	0.800677647	6,8,12,16	ahold got ump -able
POOL	6957	0.800677590	4,8,12,16	show rot untill -able
POOL	6958	0.800672277	4,8,12,16	at-home rock aft -able
POOL	6959	0.800666850	3,5,9,16	who sure lotta treble
POOL	6960	0.800648547	1,4,6,10,16	uhh show lol dumb treble
POOL	6961	0.800646542	3,5,9,16	who sure lotta rubble
POOL	6962	0.800620831	4,8,12,16	at-home let ump -able
POOL	6963	0.800609355	6,10,11,16	hole aka two -able
POOL	6964	0.800586578	4,8,12,16	home lott untill -able
POOL	6965	0.800573897	3,8,11,16	who allot love -able
POOL	6966	0.800567443	6,10,11,16	hole awesome two rubble
POOL	6967	0.800566115	6,10,11,16	ahold come eat rubble
POOL	6968	0.800555122	1,5,8,9,12,16	eh hole lat uhh ver belle
POOL	6969	0.800553499	1,5,7,12,16	eh hole la t'other dal
POOL	6970	0.800549924	1,5,9,12,13,16	uhh role knott true uhh bell
POOL	6971	0.800535263	2,4,8,11,16	us oe lat love randal
POOL	6972	0.800526594	3,7,9,16	issue la tough stubble
POOL	6973	0.800519997	1,5,8,9,12,16	eh hole lott uhh true bel
POOL	6974	0.800512553	4,8,12,16	show not utley -able
POOL	6975	0.800510949	3,8,11,16	who alot loved -able
POOL	6976	0.800506621	6,10,11,16	hole bottom too rebel
POOL	6977	0.800499847	6,11,14,16	ahold entente rub else
POOL	6978	0.800499013	2,6,10,16	us only tough treble
POOL	6979	0.800489729	2,5,9,16	ass old lotta stubble
POOL	6980	0.800485503	6,8,12,16	hole ott utley -able
POOL	6981	0.800478705	2,6,10,16	us only tough rubble
POOL	6982	0.800453799	2,6,10,16	us only come trumbull
POOL	6983	0.800440733	4,8,12,16	at-home lat ump -able
POOL	6984	0.800407281	2,5,9,16	ass own lotta trumbull
POOL	6985	0.800401898	3,8,11,16	who lotte other rubble
POOL	6986	0.800385051	1,5,8,9,11,16	eh hole lott uh pfft rub
POOL	6987	0.800375378	1,6,7,11,16	uhh kohl ahh cut ripple
POOL	6988	0.800360490	6,10,11,16	hole bottom get -able
POOL	6989	0.800357421	1,5,7,12,16	uh hole la t'other dal
POOL	6990	0.800349641	3,5,9,16	who full lotta stubble
POOL	6991	0.800343376	1,7,11,16	uhh hola cut -able
POOL	6992	0.800342298	3,7,9,16	issue la tongue verbal
POOL	6993	0.800322857	2,6,10,16	ash only come double
POOL	6994	0.800306682	3,6,11,16	who ural tut -able
POOL	6995	0.800306520	3,7,9,16	who hurrah come treble
POOL	6996	0.800283503	1,5,8,9,11,16	eh hole lott uhh too rub
POOL	6997	0.800269861	6,8,12,16	hole odd untill -able
POOL	6998	0.800249960	4,9,10,16	show lotta new treble
POOL	6999	0.800234575	6,10,11,16	hole ata two rubble
POOL	7000	0.800229651	4,9,10,16	show lotta new rubble
POOL	7001	0.800229562	6,10,11,16	hole aka eat -able
POOL	7002	0.800226931	6,11,14,16	ahold cunt re-up al
POOL	7003	0.800215721	6,10,11,16	hole bottom at rubble
POOL	7004	0.800215721	6,10,11,16	hole bottom it rubble
POOL	7005	0.800215721	6,10,11,16	hole bottom to rubble
POOL	7006	0.800199087	3,7,9,16	issue la cut trumbull
POOL	7007	0.800193982	6,9,10,16	hole ata new -able
POOL	7008	0.800191479	5,9,11,14,16	hole lotta that na airs
POOL	7009	0.800189305	6,8,9,16	hole got other treble
POOL	7010	0.800187649	6,10,11,16	hole awesome eat rubble
POOL	7011	0.800179602	4,5,9,16	home law lotta verbal
POOL	7012	0.800158586	1,4,8,11,16	uhh show lat eth rubble
POOL	7013	0.800142951	2,5,9,16	us own lotta verbal
POOL	7014	0.800129954	3,8,11,16	who alot want rubble
POOL	7015	0.800125501	6,11,14,16	ahold entente rub el
POOL	7016	0.800124155	1,7,11,16	yeah hola cut rubble
POOL	7017	0.800123156	1,5,7,12,16	eh hole la t'other biel
POOL	7018	0.800105716	6,10,11,16	ahold come too rebel
POOL	7019	0.800082661	6,10,11,16	ahold ton too rubble
POOL	7020	0.800063593	1,5,8,9,12,16	eh hole lott uhh true bal
POOL	7021	0.800048263	1,5,8,9,12,16	eh hole lat uhh true bear
POOL	7022	0.800046884	3,7,9,16	issue la ca stubble
POOL	7023	0.800045056	2,5,9,16	s own lotta treble
POOL	7024	0.800041808	1,5,7,11,16	and hole la cut grapple
POOL	7025	0.800040832	6,10,11,16	ahold does too rubble
POOL	7026	0.800032794	4,5,9,16	show law lotta stubble
POOL	7027	0.800024747	2,5,9,16	s own lotta rubble
POOL	7028	0.800001303	3,8,11,16	who alot cut -able
POOL	7029	0.799987603	6,11,14,16	hole entente re-up ill
POOL	7030	0.799959585	6,10,11,16	ahold come get -able
POOL	7031	0.799927078	1,5,7,12,16	uh hole la t'other biel
POOL	7032	0.799922566	3,8,11,16	who lott other rubble
POOL	7033	0.799860620	4,5,9,16	home all lotta treble
POOL	7034	0.799854782	6,10,11,16	hole ata eat rubble
POOL	7035	0.799851056	3,7,9,16	issue la ton verbal
POOL	7036	0.799840312	4,5,9,16	home all lotta rubble
POOL	7037	0.799836575	6,10,11,16	ahold tough two -able
POOL	7038	0.799830857	3,7,9,16	issue la tongue trumbull
POOL	7039	0.799814817	6,10,11,16	ahold come at rubble
POOL	7040	0.799814817	6,10,11,16	ahold come it rubble
POOL	7041	0.799814817	6,10,11,16	ahold come to rubble
POOL	7042	0.799786749	1,7,11,16	air hola cut rubble
POOL	7043	0.799782365	2,5,9,16	ass role lotta treble
POOL	7044	0.799766356	4,5,9,16	show all lotta verbal
POOL	7045	0.799762056	2,5,9,16	ass role lotta rubble
POOL	7046	0.799737704	2,6,10,16	s only tough -able
POOL	7047	0.799727250	6,10,11,16	hole awesome too rebel
POOL	7048	0.799713958	2,5,9,16	us old lotta stubble
POOL	7049	0.799704037	1,5,7,12,16	eh hole la t'other pell
POOL	7050	0.799680810	4,9,10,16	home lotta new -able
POOL	7051	0.799673151	2,6,10,16	ash only come treble
POOL	7052	0.799669920	5,8,9,11,16	hole lat one thus rubble
POOL	7053	0.799668607	2,5,9,16	s old lotta verbal
POOL	7054	0.799668161	4,5,9,16	home law lotta trumbull
POOL	7055	0.799652843	2,6,10,16	ash only come rubble
POOL	7056	0.799649784	4,5,8,11,16	chau look lat love rubble
POOL	7057	0.799631510	2,5,9,16	us own lotta trumbull
POOL	7058	0.799559923	6,11,14,16	ahold cunt re-up air
POOL	7059	0.799552712	2,4,8,10,16	ask oh raw love treble
POOL	7060	0.799536055	3,7,9,16	issue raw tough treble
POOL	7061	0.799510637	4,5,8,11,16	show law lat love hubble
POOL	7062	0.799508225	2,5,9,16	ass old let-up treble
POOL	7063	0.799507959	1,5,7,12,16	uh hole la t'other pell
POOL	7064	0.799501656	1,7,11,16	see hola cut rubble
POOL	7065	0.799494576	5,8,9,12,16	hole lat uhh true supple
POOL	7066	0.799487916	2,5,9,16	ass old let-up rubble
POOL	7067	0.799464736	3,8,11,16	who rot other -able
POOL	7068	0.799463161	2,5,9,16	ass ole lotta verbal
POOL	7069	0.799414188	3,7,9,16	wahoo la come treble
POOL	7070	0.799377372	5,8,9,11,16	hole look uhh that hubble
POOL	7071	0.799368137	3,5,9,16	who full let-up treble
POOL	7072	0.799347829	3,5,9,16	who full let-up rubble
POOL	7073	0.799339615	3,7,9,16	issue la ton trumbull
POOL	7074	0.799336733	1,7,11,16	add hola cut -able
POOL	7075	0.799324368	1,4,7,11,16	heh haute yuh cut rubble
POOL	7076	0.799318981	1,5,8,9,12,16	eh hole lat uhh ver bel
POOL	7077	0.799315493	1,5,8,9,12,16	eh hole lott uhh true bear
POOL	7078	0.799258988	1,6,9,12,16	uhh hole ata tore beal
POOL	7079	0.799254915	4,5,9,16	show all lotta trumbull
POOL	7080	0.799249731	6,11,14,16	ahold entente love al
POOL	7081	0.799157166	2,5,9,16	s old lotta trumbull
POOL	7082	0.799151162	3,7,9,16	issue lah come treble
POOL	7083	0.799150482	2,5,9,16	her old lotta treble
POOL	7084	0.799150482	2,5,9,16	who old lotta treble
POOL	7085	0.799137693	6,11,14,16	hole entente rubber else
POOL	7086	0.799130173	2,5,9,16	her old lotta rubble
POOL	7087	0.799130173	2,5,9,16	who old lotta rubble
POOL	7088	0.799119726	2,5,7,10,16	wrath bowl la come treble
POOL	7089	0.799113198	1,7,12,16	yeah hole t'other double
POOL	7090	0.799077726	6,11,14,16	ahold entente rub l
POOL	7091	0.799070481	1,5,7,11,16	heh hole leigh cut rubble
POOL	7092	0.799056345	3,7,9,16	issue raw ca treble
POOL	7093	0.799054195	4,5,9,16	hope law lotta treble
POOL	7094	0.799051290	4,5,9,16	show law let-up treble
POOL	7095	0.799036036	3,7,9,16	issue raw ca rubble
POOL	7096	0.799033886	4,5,9,16	hope law lotta rubble
POOL	7097	0.799030981	4,5,9,16	show law let-up rubble
POOL	7098	0.799024608	6,9,10,16	hole gotta new -able
POOL	7099	0.799020047	2,4,9,16	exe oh lotta treble
POOL	7100	0.799006594	2,5,9,16	us role lotta treble
POOL	7101	0.798986402	1,7,11,16	an hola cut -able
POOL	7102	0.798986402	1,7,11,16	as hola cut -able
POOL	7103	0.798986402	1,7,11,16	at hola cut -able
POOL	7104	0.798986286	2,5,9,16	us role lotta rubble
POOL	7105	0.798985261	1,7,11,16	eh hola cut -able
POOL	7106	0.798969423	6,11,14,16	ahold entente read al
POOL	7107	0.798951719	2,5,9,16	ass ole lotta trumbull
POOL	7108	0.798935686	6,11,14,16	ahold tut rubber ill
POOL	7109	0.798928876	6,11,14,16	ahold cuffed rubber al
POOL	7110	0.798923597	5,9,11,16	hole lotta faq -able
POOL	7111	0.798885663	6,11,14,16	ahold taft rubber al
POOL	7112	0.798884337	3,5,9,16	who well lotta verbal
POOL	7113	0.798865066	4,5,8,11,16	o law slot love rubble
POOL	7114	0.798862577	1,5,8,9,12,16	eh hole lat uhh ver bal
POOL	7115	0.798850862	2,5,9,16	ash own lotta treble
POOL	7116	0.798844227	6,9,10,16	hole ata new double
POOL	7117	0.798830554	2,5,9,16	ash own lotta rubble
POOL	7118	0.798828356	4,6,7,10,16	whole lol naw come treble
POOL	7119	0.798798107	1,4,7,10,16	uhh show la tuck treble
POOL	7120	0.798795470	3,7,9,16	issue la cup trumbull
POOL	7121	0.798779841	1,7,11,16	uh hola cut -able
POOL	7122	0.798775792	1,7,12,16	air hole t'other double
POOL	7123	0.798763347	6,11,14,16	hole entente rubber el
POOL	7124	0.798753038	2,5,9,16	ass goal lotta treble
POOL	7125	0.798737694	3,7,9,16	who hurrah top treble
POOL	7126	0.798732730	2,5,9,16	ass goal lotta rubble
POOL	7127	0.798732454	2,5,9,16	us old let-up treble
POOL	7128	0.798716972	3,7,9,16	wahoo la too treble
POOL	7129	0.798712146	2,5,9,16	us old let-up rubble
POOL	7130	0.798709218	2,4,8,10,16	us oh lat s. treble
POOL	7131	0.798696663	3,7,9,16	wahoo la too rubble
POOL	7132	0.798693241	6,8,12,16	hole bought utley -able
POOL	7133	0.798665893	6,7,13,16	hole mar tundra -able
POOL	7134	0.798645828	3,8,11,16	who alot art -able
POOL	7135	0.798644253	4,8,10,12,16	roh lat love team -able
POOL	7136	0.798584836	6,8,12,16	hole caught utley -able
POOL	7137	0.798582722	6,11,14,16	ahold entente love air
POOL	7138	0.798577555	6,8,12,16	hole at utley -able
POOL	7139	0.798569365	1,7,12,16	yeah hole country double
POOL	7140	0.798564019	6,11,14,16	ahold cuffed rubber well
POOL	7141	0.798554128	3,8,11,16	who allot love rubble
POOL	7142	0.798548993	6,9,10,16	hole aka new -able
POOL	7143	0.798543510	2,6,10,16	ash only tough -able
POOL	7144	0.798535477	4,9,10,16	show lotta love -able
POOL	7145	0.798520806	6,11,14,16	ahold taft rubber well
POOL	7146	0.798499794	1,5,7,12,16	eh hole la t'other delle
POOL	7147	0.798491180	3,8,11,16	who alot loved rubble
POOL	7148	0.798490699	1,7,12,16	see hole t'other double
POOL	7149	0.798471458	4,5,9,16	show well lotta treble
POOL	7150	0.798451150	4,5,9,16	show well lotta rubble
POOL	7151	0.798429511	1,7,11,16	yeah hola come -able
POOL	7152	0.798419759	4,9,10,16	show lotta see -able
POOL	7153	0.798416355	4,5,9,16	show al lotta treble
POOL	7154	0.798396047	4,5,9,16	show al lotta rubble
POOL	7155	0.798387949	2,6,10,16	s only tough double
POOL	7156	0.798382791	4,9,14,16	uh-oh lotta crabb al
POOL	7157	0.798372896	3,5,9,16	who well lotta trumbull
POOL	7158	0.798343497	2,5,8,12,16	eth old lat ver -able
POOL	7159	0.798331055	4,9,10,16	home lotta new double
POOL	7160	0.798323607	1,7,11,16	uhh hola cut rubble
POOL	7161	0.798303716	1,5,7,12,16	uh hole la t'other delle
POOL	7162	0.798302414	6,11,14,16	ahold entente read air
POOL	7163	0.798293573	3,8,11,16	issue lat love -able
POOL	7164	0.798289727	6,11,14,16	ahold tut rubber tell
POOL	7165	0.798261867	6,11,14,16	ahold cuffed rubber air
POOL	7166	0.798235496	6,11,14,16	ahold entente rob ill
POOL	7167	0.798234828	4,5,9,16	show lee lotta treble
POOL	7168	0.798231959	1,7,12,16	air hole country double
POOL	7169	0.798224837	3,4,9,16	who pull lotta treble
POOL	7170	0.798219230	1,7,12,16	yeah hole tuttle -able
POOL	7171	0.798218655	6,11,14,16	ahold taft rubber air
POOL	7172	0.798214519	4,5,9,16	show lee lotta rubble
POOL	7173	0.798204529	3,5,9,16	who pull lotta rubble
POOL	7174	0.798194522	6,9,10,16	hole ata new treble
POOL	7175	0.798174213	6,9,10,16	hole ata new rubble
POOL	7176	0.798169306	4,5,9,16	show air lotta treble
POOL	7177	0.798151571	4,5,9,16	show ill lotta treble
POOL	7178	0.798148998	4,5,9,16	show air lotta rubble
POOL	7179	0.798131263	4,5,9,16	show ill lotta rubble
POOL	7180	0.798114476	1,5,8,9,12,16	eh hole lat uhh ver bear
POOL	7181	0.798100468	2,6,10,16	ass only tough trumbull
POOL	7182	0.798092105	1,7,11,16	air hola come -able
POOL	7183	0.798063961	1,4,6,10,16	la show lol come treble
POOL	7184	0.798055956	6,11,14,16	ahold entente club al
POOL	7185	0.798009652	1,4,9,16	yeah show lotta treble
POOL	7186	0.798003976	3,5,9,16	who sure lotta verbal
POOL	7187	0.797989344	1,4,9,16	yeah show lotta rubble
POOL	7188	0.797981534	3,8,11,16	who alot cut rubble
POOL	7189	0.797967548	6,8,12,16	hole odd utley -able
POOL	7190	0.797901649	2,5,7,9,16	us wal la up treble
POOL	7191	0.797896771	6,8,10,12,16	hole dots love sur -able
POOL	7192	0.797881824	1,7,12,16	air hole tuttle -able
POOL	7193	0.797845362	3,7,9,16	wahoo la top treble
POOL	7194	0.797825054	3,7,9,16	wahoo la top rubble
POOL	7195	0.797818845	4,6,8,10,16	show lol got fun publ
POOL	7196	0.797738243	2,6,10,16	s only tough treble
POOL	7197	0.797735860	4,9,10,16	show lotta mm -able
POOL	7198	0.797717935	2,6,10,16	s only tough rubble
POOL	7199	0.797715573	6,11,14,16	hole entente rubber l
POOL	7200	0.797704017	2,6,10,16	ass only ton -able
POOL	7201	0.797699117	1,4,9,10,16	uhh show lat new treble
POOL	7202	0.797697256	4,6,8,11,16	au lea lat love rubble
POOL	7203	0.797693029	2,6,10,16	s only come trumbull
POOL	7204	0.797686345	2,6,10,16	her only come treble
POOL	7205	0.797686345	2,6,10,16	who only come treble
POOL	7206	0.797681349	4,9,10,16	home lotta new treble
POOL	7207	0.797674854	6,9,10,16	hole gotta new double
POOL	7208	0.797673749	3,8,11,16	issue lotte love -able
POOL	7209	0.797672246	1,4,9,16	air show lotta treble
POOL	7210	0.797666037	2,6,10,16	her only come rubble
POOL	7211	0.797666037	2,6,10,16	who only come rubble
POOL	7212	0.797661041	4,9,10,16	home lotta new rubble
POOL	7213	0.797651938	1,4,9,16	air show lotta rubble
POOL	7214	0.797644870	1,5,8,9,12,16	eh hole lat uhh true bare
POOL	7215	0.797627045	3,5,9,16	who call lotta treble
POOL	7216	0.797626879	3,7,9,16	issue la tongue stubble
POOL	7217	0.797606736	3,5,9,16	who call lotta rubble
POOL	7218	0.797596730	1,7,12,16	see hole tuttle -able
POOL	7219	0.797582336	3,7,9,16	issue lah top treble
POOL	7220	0.797562027	3,7,9,16	issue lah top rubble
POOL	7221	0.797527972	3,6,10,16	issue all come treble
POOL	7222	0.797526431	6,8,9,16	hole got other verbal
POOL	7223	0.797507664	3,6,10,16	issue all come rubble
POOL	7224	0.797492534	3,5,9,16	who sure lotta trumbull
POOL	7225	0.797464183	4,5,9,16	home law lotta stubble
POOL	7226	0.797459879	4,9,10,16	show lotta give -able
POOL	7227	0.797448699	4,5,9,16	so law lotta treble
POOL	7228	0.797444968	3,8,11,16	who rot other rubble
POOL	7229	0.797438613	6,8,12,16	ahold art ver -able
POOL	7230	0.797428391	4,5,9,16	so law lotta rubble
POOL	7231	0.797387153	1,4,9,16	see show lotta treble
POOL	7232	0.797366844	1,4,9,16	see show lotta rubble
POOL	7233	0.797357525	3,7,9,16	who hurrah tough treble
POOL	7234	0.797337216	3,7,9,16	who hurrah tough rubble
POOL	7235	0.797332374	4,9,10,16	show lotta eve -able
POOL	7236	0.797324698	2,6,10,16	us only tough trumbull
POOL	7237	0.797316964	1,7,11,16	add hola cut rubble
POOL	7238	0.797312650	1,7,12,16	uhh hole t'other double
POOL	7239	0.797263672	1,6,11,16	yeah hole entente -able
POOL	7240	0.797249420	4,9,10,16	show lotta as -able
POOL	7241	0.797249420	4,9,10,16	show lotta is -able
POOL	7242	0.797199238	6,9,10,16	hole aka new double
POOL	7243	0.797197746	4,5,9,16	home all lotta verbal
POOL	7244	0.797194417	3,8,11,16	issue lott love -able
POOL	7245	0.797193755	2,6,10,16	ash only tough double
POOL	7246	0.797185722	4,9,10,16	show lotta love double
POOL	7247	0.797142560	1,5,8,9,11,16	eh hole lat uhh that lull
POOL	7248	0.797135637	3,7,9,16	issue la ton stubble
POOL	7249	0.797132204	3,7,9,16	who hurrah come trumbull
POOL	7250	0.797117398	4,5,8,11,16	hone law lat ump rubble
POOL	7251	0.797116730	4,5,9,16	show new lotta treble
POOL	7252	0.797096422	4,5,9,16	show new lotta rubble
POOL	7253	0.797076947	3,5,9,16	saw all lotta treble
POOL	7254	0.797075644	4,9,10,16	show lotta new trumbull
POOL	7255	0.797070004	4,9,10,16	show lotta see double
POOL	7256	0.797056638	3,5,9,16	saw all lotta rubble
POOL	7257	0.797050937	4,5,9,16	show all lotta stubble
POOL	7258	0.797026199	1,4,6,11,16	eh ho lil entente rub
POOL	7259	0.797025148	6,9,10,16	hole gotta new treble
POOL	7260	0.797014990	6,8,9,16	hole got other trumbull
POOL	7261	0.797004840	6,9,10,16	hole gotta new rubble
POOL	7262	0.796969092	1,7,11,16	yeah coleslaw cut -able
POOL	7263	0.796966633	1,7,11,16	an hola cut rubble
POOL	7264	0.796966633	1,7,11,16	as hola cut rubble
POOL	7265	0.796966633	1,7,11,16	at hola cut rubble
POOL	7266	0.796965492	1,7,11,16	eh hola cut rubble
POOL	7267	0.796949838	2,6,10,16	ass only tough travel
POOL	7268	0.796928246	2,6,10,16	us only ton -able
POOL	7269	0.796926266	1,6,11,16	air hole entente -able
POOL	7270	0.796926023	6,7,11,12,16	hole ahh cat ore trouble
POOL	7271	0.796912099	1,5,8,9,12,16	eh hole lott uhh true bare
POOL	7272	0.796880567	3,5,8,11,16	who all ah love rubble
POOL	7273	0.796877815	3,7,9,16	who hurrah ca treble
POOL	7274	0.796857506	3,7,9,16	who hurrah ca rubble
POOL	7275	0.796826130	2,5,8,12,16	us old knocked ver -able
POOL	7276	0.796820748	4,5,9,16	show la lotta treble
POOL	7277	0.796801854	3,8,11,16	who allot want -able
POOL	7278	0.796800439	4,5,9,16	show la lotta rubble
POOL	7279	0.796768816	1,7,12,16	uhh hole country double
POOL	7280	0.796760072	1,7,11,16	uh hola cut rubble
POOL	7281	0.796751314	3,7,9,16	wahoo la come verbal
POOL	7282	0.796740423	3,6,10,16	issue full come treble
POOL	7283	0.796720114	3,6,10,16	issue full come rubble
POOL	7284	0.796706609	6,8,12,16	ahold art ter -able
POOL	7285	0.796706289	2,6,11,16	ass only tut publ
POOL	7286	0.796705263	3,5,9,16	who full let-up verbal
POOL	7287	0.796695656	6,8,12,16	ahold shot ver -able
POOL	7288	0.796695042	3,6,9,11,16	who all lotte as rubble
POOL	7289	0.796693525	5,7,12,16	foal locke t'other -able
POOL	7290	0.796686304	4,5,9,16	home all lotta trumbull
POOL	7291	0.796668058	5,8,11,14,16	hola blot love rub al
POOL	7292	0.796663199	4,5,9,16	at-home law lock treble
POOL	7293	0.796642890	4,5,9,16	at-home law lock rubble
POOL	7294	0.796641172	1,6,11,16	see hole entente -able
POOL	7295	0.796636340	3,7,9,16	issue raw tongue treble
POOL	7296	0.796631686	1,7,11,16	air coleslaw cut -able
POOL	7297	0.796628963	1,7,11,16	uhh hola come -able
POOL	7298	0.796626059	3,8,11,16	who alot art rubble
POOL	7299	0.796616031	3,7,9,16	issue raw tongue rubble
POOL	7300	0.796587592	4,5,9,16	at-home law let treble
POOL	7301	0.796579348	3,7,9,16	assume la tough treble
POOL	7302	0.796567284	4,5,9,16	at-home law let rubble
POOL	7303	0.796564115	1,7,11,16	yeah hola top -able
POOL	7304	0.796559039	3,7,9,16	assume la tough rubble
POOL	7305	0.796549532	6,9,10,16	hole aka new treble
POOL	7306	0.796536016	4,9,10,16	show lotta love treble
POOL	7307	0.796529224	6,9,10,16	hole aka new rubble
POOL	7308	0.796515708	4,9,10,16	show lotta love rubble
POOL	7309	0.796514046	1,6,8,11,16	uhh hoe got und rubble
POOL	7310	0.796483228	3,8,11,16	saw alot love -able
POOL	7311	0.796482679	4,5,9,16	home law let-up treble
POOL	7312	0.796480038	6,9,10,16	hole ata love -able
POOL	7313	0.796465193	3,7,9,16	wahoo la tough treble
POOL	7314	0.796464964	1,7,11,16	yeah hurrah cut -able
POOL	7315	0.796462371	4,5,9,16	home law let-up rubble
POOL	7316	0.796444884	3,7,9,16	wahoo la tough rubble
POOL	7317	0.796429221	3,8,11,16	who murat love -able
POOL	7318	0.796420298	4,9,10,16	show lotta see treble
POOL	7319	0.796418681	1,7,12,16	uhh hole tuttle -able
POOL	7320	0.796409789	1,5,8,9,11,16	eh hole lott uhh that lull
POOL	7321	0.796409742	1,7,11,16	yeah hola come rubble
POOL	7322	0.796407494	4,5,9,16	at-home law lat treble
POOL	7323	0.796403714	6,8,12,16	ahold art aft -able
POOL	7324	0.796399990	4,9,10,16	show lotta see rubble
POOL	7325	0.796398331	3,6,10,16	issue all tough -able
POOL	7326	0.796393470	3,7,9,16	issue raw ca verbal
POOL	7327	0.796391320	4,5,9,16	hope law lotta verbal
POOL	7328	0.796387186	4,5,9,16	at-home law lat rubble
POOL	7329	0.796386105	4,9,10,16	show lotta mm double
POOL	7330	0.796364320	6,9,10,16	hole ata see -able
POOL	7331	0.796359089	1,5,8,9,12,16	eh hole lat uhh true bull
POOL	7332	0.796346592	1,7,11,16	see coleslaw cut -able
POOL	7333	0.796316002	4,8,10,12,16	show lat cuz queue -able
POOL	7334	0.796306007	1,7,12,16	add hole t'other double
POOL	7335	0.796295837	6,8,12,16	ahold not ver -able
POOL	7336	0.796289397	3,5,9,16	saw full lotta treble
POOL	7337	0.796273804	3,8,11,16	issue lat love rubble
POOL	7338	0.796269088	3,5,9,16	saw full lotta rubble
POOL	7339	0.796236390	1,5,7,11,16	uhh hole la tun ripple
POOL	7340	0.796230971	2,5,8,11,16	us old lat ought rubble
POOL	7341	0.796226709	1,7,11,16	air hola top -able
POOL	7342	0.796209104	1,4,9,16	uhh show lotta treble
POOL	7343	0.796193821	3,5,9,16	who full let-up trumbull
POOL	7344	0.796188795	1,4,9,16	uhh show lotta rubble
POOL	7345	0.796168918	3,5,9,16	who well lotta stubble
POOL	7346	0.796149517	1,5,8,9,12,16	eh hole lat uhh true beer
POOL	7347	0.796127558	1,7,11,16	air hurrah cut -able
POOL	7348	0.796110124	4,9,10,16	show lotta give double
POOL	7349	0.796094723	6,8,12,16	ahold hot ver -able
POOL	7350	0.796082124	4,5,9,16	hoe law lotta treble
POOL	7351	0.796074359	4,8,9,12,16	holm lat uhh true doubled
POOL	7352	0.796072338	4,5,9,16	hope all lotta treble
POOL	7353	0.796072336	1,7,11,16	air hola come rubble
POOL	7354	0.796069433	4,5,9,16	show all let-up treble
POOL	7355	0.796061816	4,5,9,16	hoe law lotta rubble
POOL	7356	0.796052030	4,5,9,16	hope all lotta rubble
POOL	7357	0.796049125	4,5,9,16	show all let-up rubble
POOL	7358	0.795982619	4,9,10,16	show lotta eve double
POOL	7359	0.795963652	6,8,12,16	ahold shot ter -able
POOL	7360	0.795955676	1,7,12,16	an hole t'other double
POOL	7361	0.795955676	1,7,12,16	as hole t'other double
POOL	7362	0.795955676	1,7,12,16	at hole t'other double
POOL	7363	0.795954535	1,7,12,16	eh hole t'other double
POOL	7364	0.795954214	1,6,9,16	yeah hole ata treble
POOL	7365	0.795934048	6,9,10,16	hole got ever treble
POOL	7366	0.795933906	1,6,9,16	yeah hole ata rubble
POOL	7367	0.795925013	4,9,10,16	show lotta new travel
POOL	7368	0.795913740	6,9,10,16	hole got ever rubble
POOL	7369	0.795902848	4,5,9,16	home well lotta treble
POOL	7370	0.795899665	4,9,10,16	show lotta as double
POOL	7371	0.795899665	4,9,10,16	show lotta is double
POOL	7372	0.795892528	4,9,10,16	hope lotta new -able
POOL	7373	0.795882539	4,5,9,16	home well lotta rubble
POOL	7374	0.795842465	1,7,11,16	see hurrah cut -able
POOL	7375	0.795787243	1,7,11,16	see hola come rubble
POOL	7376	0.795762173	1,7,12,16	add hole country double
POOL	7377	0.795749115	1,7,12,16	uh hole t'other double
POOL	7378	0.795736400	4,9,10,16	show lotta mm treble
POOL	7379	0.795733296	4,9,10,16	show lotta new couple
POOL	7380	0.795733072	5,8,11,12,16	whole la butt air -able
POOL	7381	0.795716091	4,9,10,16	show lotta mm rubble
POOL	7382	0.795711083	1,5,8,9,12,16	eh hole lat uhh ver bare
POOL	7383	0.795697747	5,7,12,16	hole la t'other abel
POOL	7384	0.795689696	1,6,7,10,16	uhh hole odds come treble
POOL	7385	0.795680422	6,9,10,16	hole ata mm -able
POOL	7386	0.795660757	6,8,12,16	ahold shot aft -able
POOL	7387	0.795653981	3,8,11,16	issue lotte love rubble
POOL	7388	0.795626318	1,5,8,9,12,16	eh hole lott uhh true bull
POOL	7389	0.795622320	1,7,11,16	add hola come -able
POOL	7390	0.795616808	1,6,9,16	air hole ata treble
POOL	7391	0.795609489	5,8,11,12,16	hole lat love ear doubled
POOL	7392	0.795596500	1,6,9,16	air hole ata rubble
POOL	7393	0.795563833	6,8,12,16	ahold not ter -able
POOL	7394	0.795561963	3,5,9,16	who pull lotta verbal
POOL	7395	0.795522302	1,5,8,9,12,16	eh hole lat uhh true bil
POOL	7396	0.795491492	4,9,13,16	hole lotta yuh -able
POOL	7397	0.795488545	4,8,10,11,16	o. lat fun too rubble
POOL	7398	0.795463123	1,6,11,16	uhh hole entente -able
POOL	7399	0.795460418	4,9,10,16	show lotta give treble
POOL	7400	0.795458457	6,8,12,16	ahold ott ver -able
POOL	7401	0.795441042	1,4,9,16	yeah home lotta treble
POOL	7402	0.795440110	4,9,10,16	show lotta give rubble
POOL	7403	0.795420734	1,4,9,16	yeah home lotta rubble
POOL	7404	0.795416747	1,5,8,9,12,16	eh hole lott uhh true beer
POOL	7405	0.795412039	1,7,12,16	add hole tuttle -able
POOL	7406	0.795411843	1,7,12,16	an hole country double
POOL	7407	0.795411843	1,7,12,16	as hole country double
POOL	7408	0.795411843	1,7,12,16	at hole country double
POOL	7409	0.795410702	1,7,12,16	eh hole country double
POOL	7410	0.795404440	6,9,10,16	hole ata give -able
POOL	7411	0.795375362	6,8,12,16	hole got untrue double
POOL	7412	0.795362719	6,8,12,16	ahold hot ter -able
POOL	7413	0.795348390	2,4,8,10,16	us rose lat love treble
POOL	7414	0.795346778	1,4,9,16	yeah show lotta verbal
POOL	7415	0.795332913	4,9,10,16	show lotta eve treble
POOL	7416	0.795331714	1,6,9,16	see hole ata treble
POOL	7417	0.795312605	4,9,10,16	show lotta eve rubble
POOL	7418	0.795311406	1,6,9,16	see hole ata rubble
POOL	7419	0.795300409	1,7,11,16	yeah hola tough -able
POOL	7420	0.795288557	3,5,9,16	who sure lotta stubble
POOL	7421	0.795277960	1,6,7,10,16	uhh hole ahh sta treble
POOL	7422	0.795276936	6,9,10,16	hole ata eve -able
POOL	7423	0.795271989	1,7,11,16	an hola come -able
POOL	7424	0.795271989	1,7,11,16	as hola come -able
POOL	7425	0.795271989	1,7,11,16	at hola come -able
POOL	7426	0.795270848	1,7,11,16	eh hola come -able
POOL	7427	0.795260937	6,8,12,16	ahold not aft -able
POOL	7428	0.795249960	4,9,10,16	show lotta as treble
POOL	7429	0.795249960	4,9,10,16	show lotta is treble
POOL	7430	0.795243903	1,6,11,16	yeah hole entente rubble
POOL	7431	0.795229651	4,9,10,16	show lotta as rubble
POOL	7432	0.795229651	4,9,10,16	show lotta is rubble
POOL	7433	0.795225722	3,8,11,16	who alot love rebel
POOL	7434	0.795205282	1,7,12,16	uh hole country double
POOL	7435	0.795202461	1,4,9,16	add show lotta treble
POOL	7436	0.795193982	6,9,10,16	hole ata as -able
POOL	7437	0.795193982	6,9,10,16	hole ata is -able
POOL	7438	0.795187414	3,5,9,16	who well let-up treble
POOL	7439	0.795182153	1,4,9,16	add show lotta rubble
POOL	7440	0.795174649	3,8,11,16	issue lott love rubble
POOL	7441	0.795168544	1,7,11,16	uhh coleslaw cut -able
POOL	7442	0.795167250	4,9,10,16	home lotta mm -able
POOL	7443	0.795167106	3,5,9,16	who well let-up rubble
POOL	7444	0.795163080	3,8,11,16	who allot loved -able
POOL	7445	0.795130284	6,9,10,16	hole ata love double
POOL	7446	0.795120160	1,6,8,11,16	uhh hole act ump rubble
POOL	7447	0.795103636	1,4,9,16	air home lotta treble
POOL	7448	0.795083328	1,4,9,16	air home lotta rubble
POOL	7449	0.795065428	1,7,11,16	uh hola come -able
POOL	7450	0.795061708	1,7,12,16	an hole tuttle -able
POOL	7451	0.795061708	1,7,12,16	as hole tuttle -able
POOL	7452	0.795061708	1,7,12,16	at hole tuttle -able
POOL	7453	0.795060567	1,7,12,16	eh hole tuttle -able
POOL	7454	0.795059824	6,8,12,16	ahold hot aft -able
POOL	7455	0.795050522	3,5,9,16	who pull lotta trumbull
POOL	7456	0.795048576	3,6,10,16	issue all tough double
POOL	7457	0.795020206	6,9,10,16	hole ata new trumbull
POOL	7458	0.795014565	6,9,10,16	hole ata see double
POOL	7459	0.795012094	4,8,10,11,16	eau lat love took rubble
POOL	7460	0.795009372	1,4,9,16	air show lotta verbal
POOL	7461	0.794979018	1,5,8,9,12,16	eh hole lat uhh true del
POOL	7462	0.794964170	3,5,9,16	who call lotta verbal
POOL	7463	0.794963003	1,7,11,16	air hola tough -able
POOL	7464	0.794949323	1,7,11,16	yeah coleslaw cut rubble
POOL	7465	0.794906497	1,6,11,16	air hole entente rubble
POOL	7466	0.794855147	1,7,12,16	uh hole tuttle -able
POOL	7467	0.794852130	1,4,9,16	an show lotta treble
POOL	7468	0.794852130	1,4,9,16	as show lotta treble
POOL	7469	0.794852130	1,4,9,16	at show lotta treble
POOL	7470	0.794850990	1,4,9,16	eh show lotta treble
POOL	7471	0.794835337	1,4,9,16	yeah show lotta trumbull
POOL	7472	0.794835049	6,9,10,16	hole aka love -able
POOL	7473	0.794831822	1,4,9,16	an show lotta rubble
POOL	7474	0.794831822	1,4,9,16	as show lotta rubble
POOL	7475	0.794831822	1,4,9,16	at show lotta rubble
POOL	7476	0.794830681	1,4,9,16	eh show lotta rubble
POOL	7477	0.794818542	1,4,9,16	see home lotta treble
POOL	7478	0.794811159	1,6,8,11,16	uhh holt top love rubble
POOL	7479	0.794811012	6,8,9,16	hole got other stubble
POOL	7480	0.794798234	1,4,9,16	see home lotta rubble
POOL	7481	0.794793635	3,5,9,16	who bull lotta treble
POOL	7482	0.794789532	1,5,8,9,12,16	eh hole lott uhh true bil
POOL	7483	0.794784841	1,6,9,16	yeah hole gotta treble
POOL	7484	0.794782085	3,8,11,16	who allot want rubble
POOL	7485	0.794773327	3,5,9,16	who bull lotta rubble
POOL	7486	0.794764532	1,6,9,16	yeah hole gotta rubble
POOL	7487	0.794763763	4,9,10,16	home lotta eve -able
POOL	7488	0.794763566	1,7,11,16	uhh hola top -able
POOL	7489	0.794726453	6,8,12,16	ahold ott ter -able
POOL	7490	0.794724278	1,4,9,16	see show lotta verbal
POOL	7491	0.794720466	4,8,9,11,16	rowe locked i that rubble
POOL	7492	0.794719331	6,9,10,16	hole aka see -able
POOL	7493	0.794716819	3,8,11,16	issue rot love -able
POOL	7494	0.794708865	1,6,7,10,16	le hoe ahh come treble
POOL	7495	0.794703532	3,5,9,16	issue all lock treble
POOL	7496	0.794683223	3,5,9,16	issue all lock rubble
POOL	7497	0.794680810	4,9,10,16	home lotta as -able
POOL	7498	0.794680810	4,9,10,16	home lotta is -able
POOL	7499	0.794677910	1,7,11,16	see hola tough -able
POOL	7500	0.794676756	3,5,8,11,16	who all lat love ruble
POOL	7501	0.794664416	1,7,11,16	uhh hurrah cut -able
POOL	7502	0.794661563	1,4,8,11,16	uhh row lat love rubble
POOL	7503	0.794653434	3,8,11,16	who allot cut -able
POOL	7504	0.794645569	1,4,9,16	uh show lotta treble
POOL	7505	0.794630017	4,6,8,10,16	roh lol up love treble
POOL	7506	0.794627925	3,5,9,16	issue all let treble
POOL	7507	0.794625261	1,4,9,16	uh show lotta rubble
POOL	7508	0.794621403	1,6,11,16	see hole entente rubble
POOL	7509	0.794617111	4,9,10,16	home lotta love double
POOL	7510	0.794611917	1,7,11,16	air coleslaw cut rubble
POOL	7511	0.794609194	1,7,11,16	uhh hola come rubble
POOL	7512	0.794607617	3,5,9,16	issue all let rubble
POOL	7513	0.794549128	3,6,10,16	who full ata -able
POOL	7514	0.794544346	1,7,11,16	yeah hola top rubble
POOL	7515	0.794542773	4,9,10,16	hope lotta new double
POOL	7516	0.794521530	3,8,11,16	issue lat want -able
POOL	7517	0.794521053	1,5,7,12,16	is hole la t'other pell
POOL	7518	0.794511048	6,9,10,16	hole gotta mm -able
POOL	7519	0.794507034	4,9,10,16	home lotta new trumbull
POOL	7520	0.794499994	1,7,11,16	yeah hola tut -able
POOL	7521	0.794497931	1,4,9,16	air show lotta trumbull
POOL	7522	0.794480578	6,9,10,16	hole ata love treble
POOL	7523	0.794463459	3,8,11,16	saw alot love rubble
POOL	7524	0.794460270	6,9,10,16	hole ata love rubble
POOL	7525	0.794456480	1,6,11,16	add hole entente -able
POOL	7526	0.794452729	3,5,9,16	who call lotta trumbull
POOL	7527	0.794447827	3,5,9,16	issue all lat treble
POOL	7528	0.794447435	1,6,9,16	air hole gotta treble
POOL	7529	0.794445195	1,7,11,16	yeah hurrah cut rubble
POOL	7530	0.794427519	3,5,9,16	issue all lat rubble
POOL	7531	0.794427126	1,6,9,16	air hole gotta rubble
POOL	7532	0.794425302	1,5,8,9,12,16	eh hole lat uhh ver bull
POOL	7533	0.794424305	6,8,10,12,16	hole ya aam true -able
POOL	7534	0.794423558	6,8,12,16	ahold ott aft -able
POOL	7535	0.794414072	3,5,9,16	saw all lotta verbal
POOL	7536	0.794411932	1,4,9,12,16	uhh show lotta tel beale
POOL	7537	0.794410874	6,8,12,16	ahold art ump -able
POOL	7538	0.794409453	3,8,11,16	who murat love rubble
POOL	7539	0.794398872	3,5,9,16	hoo all lotta treble
POOL	7540	0.794398871	3,6,10,16	issue all tough treble
POOL	7541	0.794378564	3,5,9,16	hoo all lotta rubble
POOL	7542	0.794378562	3,6,10,16	issue all tough rubble
POOL	7543	0.794366983	4,8,9,16	at-home lock uhh treble
POOL	7544	0.794364860	6,9,10,16	hole ata see treble
POOL	7545	0.794353657	3,6,10,16	issue all come trumbull
POOL	7546	0.794351893	2,5,8,12,16	us whoa lat ver -able
POOL	7547	0.794348193	6,8,9,16	ahold got uhh treble
POOL	7548	0.794346674	4,8,9,16	at-home lock uhh rubble
POOL	7549	0.794344552	6,9,10,16	hole ata see rubble
POOL	7550	0.794339503	1,6,8,11,16	uhh hole got love libel
POOL	7551	0.794330667	6,9,10,16	hole ata mm double
POOL	7552	0.794327884	6,8,9,16	ahold got uhh rubble
POOL	7553	0.794326824	1,7,11,16	see coleslaw cut rubble
POOL	7554	0.794311610	3,6,10,16	who full bottom double
POOL	7555	0.794309225	1,6,9,16	yeah hole aka treble
POOL	7556	0.794307053	3,5,9,16	who sure let-up treble
POOL	7557	0.794291376	4,8,9,16	at-home let uhh treble
POOL	7558	0.794288917	1,6,9,16	yeah hole aka rubble
POOL	7559	0.794287032	4,9,10,16	so lotta new -able
POOL	7560	0.794286744	3,5,9,16	who sure let-up rubble
POOL	7561	0.794271068	4,8,9,16	at-home let uhh rubble
POOL	7562	0.794261187	4,7,10,16	show la come troubling
POOL	7563	0.794261026	3,6,10,16	issue full tough double
POOL	7564	0.794246248	1,5,8,9,12,16	eh hole lott uhh true del
POOL	7565	0.794215731	1,5,8,9,12,16	eh hole lat uhh ver beer
POOL	7566	0.794212837	1,4,9,16	see show lotta trumbull
POOL	7567	0.794206940	1,7,11,16	air hola top rubble
POOL	7568	0.794203831	1,5,8,9,12,16	eh hole lat uhh true pal
POOL	7569	0.794184582	2,5,7,10,16	us dole la come straddle
POOL	7570	0.794162588	1,7,11,16	air hola tut -able
POOL	7571	0.794162341	1,6,9,16	see hole gotta treble
POOL	7572	0.794161901	1,7,11,16	add coleslaw cut -able
POOL	7573	0.794154009	4,8,10,12,16	roe plot is true -able
POOL	7574	0.794153666	1,6,9,16	uhh hole ata treble
POOL	7575	0.794142033	1,6,9,16	see hole gotta rubble
POOL	7576	0.794138720	4,8,10,11,16	show lat love tee russell
POOL	7577	0.794133357	1,6,9,16	uhh hole ata rubble
POOL	7578	0.794111278	4,8,9,16	at-home lat uhh treble
POOL	7579	0.794107790	1,7,11,16	air hurrah cut rubble
POOL	7580	0.794107562	6,9,10,16	hole gotta eve -able
POOL	7581	0.794106150	1,6,11,16	an hole entente -able
POOL	7582	0.794106150	1,6,11,16	as hole entente -able
POOL	7583	0.794106150	1,6,11,16	at hole entente -able
POOL	7584	0.794105009	1,6,11,16	eh hole entente -able
POOL	7585	0.794090970	4,8,9,16	at-home lat uhh rubble
POOL	7586	0.794059991	6,8,12,16	hole got untill double
POOL	7587	0.794054686	6,9,10,16	hole ata give double
POOL	7588	0.794035433	6,9,10,16	hole aka mm -able
POOL	7589	0.794024608	6,9,10,16	hole gotta as -able
POOL	7590	0.794024608	6,9,10,16	hole gotta is -able
POOL	7591	0.793989844	3,5,9,16	who full let-up stubble
POOL	7592	0.793971819	1,6,9,16	air hole aka treble
POOL	7593	0.793967406	4,9,10,16	home lotta love treble
POOL	7594	0.793960910	6,9,10,16	hole gotta love double
POOL	7595	0.793951511	1,6,9,16	air hole aka rubble
POOL	7596	0.793947098	4,9,10,16	home lotta love rubble
POOL	7597	0.793927181	6,9,10,16	hole ata eve double
POOL	7598	0.793922568	1,4,6,11,16	eh ho lol entente lull
POOL	7599	0.793922532	6,8,9,16	hole art other treble
POOL	7600	0.793921846	1,7,11,16	see hola top rubble
POOL	7601	0.793915982	3,5,9,16	issue full lock treble
POOL	7602	0.793902631	3,5,9,16	saw all lotta trumbull
POOL	7603	0.793901707	3,8,11,16	issue lotte want -able
POOL	7604	0.793899589	1,6,11,16	uh hole entente -able
POOL	7605	0.793895673	3,5,9,16	issue full lock rubble
POOL	7606	0.793893067	4,9,10,16	hope lotta new treble
POOL	7607	0.793892796	1,7,11,16	yeah hola test -able
POOL	7608	0.793885658	1,4,8,11,16	uhh show lat love crumble
POOL	7609	0.793877494	1,7,12,16	see hola tut -able
POOL	7610	0.793872759	4,9,10,16	hope lotta new rubble
POOL	7611	0.793869575	6,9,10,16	hole ata new travel
POOL	7612	0.793868946	3,8,11,16	issue lat at -able
POOL	7613	0.793851688	4,9,10,16	home lotta see treble
POOL	7614	0.793850832	6,9,10,16	hole gotta new trumbull
POOL	7615	0.793849617	1,6,7,10,16	uhh kol ahh come treble
POOL	7616	0.793844227	6,9,10,16	hole ata as double
POOL	7617	0.793844227	6,9,10,16	hole ata is double
POOL	7618	0.793840375	3,5,9,16	issue full let treble
POOL	7619	0.793831379	4,9,10,16	home lotta see rubble
POOL	7620	0.793828003	3,5,9,16	issue all lotte treble
POOL	7621	0.793820067	3,5,9,16	issue full let rubble
POOL	7622	0.793817495	4,9,10,16	home lotta mm double
POOL	7623	0.793807695	3,5,9,16	issue all lotte rubble
POOL	7624	0.793805154	3,8,11,16	hoo alot love -able
POOL	7625	0.793759451	6,9,10,16	hole aka give -able
POOL	7626	0.793686725	1,6,9,16	see hole aka treble
POOL	7627	0.793680961	6,9,10,16	hole ata mm treble
POOL	7628	0.793677858	6,9,10,16	hole ata new couple
POOL	7629	0.793672765	1,6,11,16	yeah holy tut -able
POOL	7630	0.793667917	6,8,12,16	ahold shot ump -able
POOL	7631	0.793666417	1,6,9,16	see hole aka rubble
POOL	7632	0.793666195	6,8,12,16	ahold bought ver -able
POOL	7633	0.793664608	4,8,9,16	show lock other treble
POOL	7634	0.793661905	3,6,10,16	who full bottom treble
POOL	7635	0.793660653	6,9,10,16	hole ata mm rubble
POOL	7636	0.793660277	3,5,9,16	issue full lat treble
POOL	7637	0.793657128	2,5,8,11,16	us wall lat font rubble
POOL	7638	0.793641596	3,6,10,16	who full bottom rubble
POOL	7639	0.793640493	1,4,9,16	uhh home lotta treble
POOL	7640	0.793639969	3,5,9,16	issue full lat rubble
POOL	7641	0.793631946	6,9,10,16	hole aka eve -able
POOL	7642	0.793620185	1,4,9,16	uhh home lotta rubble
POOL	7643	0.793611321	3,6,10,16	issue full tough treble
POOL	7644	0.793591013	3,6,10,16	issue full tough rubble
POOL	7645	0.793588516	1,5,8,9,12,16	eh hole lat uhh ver bil
POOL	7646	0.793578375	1,4,7,10,16	uhh co la come publ
POOL	7647	0.793566107	3,6,10,16	issue full come trumbull
POOL	7648	0.793557791	6,8,12,16	ahold caught ver -able
POOL	7649	0.793552851	1,5,7,11,16	uhh whole la cut rebels'
POOL	7650	0.793550510	6,8,12,16	ahold at ver -able
POOL	7651	0.793548993	6,9,10,16	hole aka as -able
POOL	7652	0.793548993	6,9,10,16	hole aka is -able
POOL	7653	0.793546229	1,4,9,16	uhh show lotta verbal
POOL	7654	0.793541513	4,9,10,16	home lotta give double
POOL	7655	0.793532240	3,6,10,16	who full awesome double
POOL	7656	0.793491455	4,8,9,16	at-home lotte uhh treble
POOL	7657	0.793485294	6,9,10,16	hole aka love double
POOL	7658	0.793471146	4,8,9,16	at-home lotte uhh rubble
POOL	7659	0.793471060	1,5,8,9,12,16	eh hole lott uhh true pal
POOL	7660	0.793457667	1,5,7,11,16	eh hole la covet lull
POOL	7661	0.793445323	3,8,11,16	issue lat up -able
POOL	7662	0.793443354	1,6,11,16	uhh hole entente rubble
POOL	7663	0.793422375	3,8,11,16	issue lott want -able
POOL	7664	0.793414009	4,9,10,16	home lotta eve double
POOL	7665	0.793408904	4,8,9,16	show lat other treble
POOL	7666	0.793404980	6,9,10,16	hole ata give treble
POOL	7667	0.793396446	1,5,8,9,12,16	eh hole lat uhh true baer
POOL	7668	0.793345322	1,5,8,9,12,16	eh hole lat uhh true dull
POOL	7669	0.793335359	1,6,11,16	air holy tut -able
POOL	7670	0.793297959	3,8,11,16	who allot art -able
POOL	7671	0.793291340	1,6,9,16	yeah hole ata verbal
POOL	7672	0.793286523	1,5,7,11,16	uhh hole ron cut crumble
POOL	7673	0.793268097	6,8,12,16	ahold not ump -able
POOL	7674	0.793261589	1,5,7,11,16	uh hole la covet lull
POOL	7675	0.793249123	3,8,11,16	issue lotte at -able
POOL	7676	0.793204857	1,5,7,9,16	uhh hole lug come treble
POOL	7677	0.793199373	3,6,10,16	who full ata double
POOL	7678	0.793179575	6,8,9,16	hole shot other treble
POOL	7679	0.793147023	1,6,9,16	add hole ata treble
POOL	7680	0.793143311	3,8,11,16	who allot loved rubble
POOL	7681	0.793126714	1,6,9,16	add hole ata rubble
POOL	7682	0.793066984	6,8,12,16	ahold hot ump -able
POOL	7683	0.793050265	1,6,11,16	see holy tut -able
POOL	7684	0.793045231	1,5,8,9,12,16	eh hole lat uhh ver del
POOL	7685	0.793040541	1,5,8,9,11,16	eh hole lat uhh pfft lull
POOL	7686	0.793034788	1,4,9,16	uhh show lotta trumbull
POOL	7687	0.793018259	1,5,7,11,16	eh hole la covered lull
POOL	7688	0.793012123	4,8,9,16	at-home lott uhh treble
POOL	7689	0.792991814	4,8,9,16	at-home lott uhh rubble
POOL	7690	0.792984292	1,6,9,16	uhh hole gotta treble
POOL	7691	0.792963984	1,6,9,16	uhh hole gotta rubble
POOL	7692	0.792960978	1,5,8,9,12,16	eh hole lat uhh true beale
POOL	7693	0.792953934	1,6,9,16	air hole ata verbal
POOL	7694	0.792940502	6,8,12,16	ahold odd ver -able
POOL	7695	0.792934191	6,8,12,16	ahold bought ter -able
POOL	7696	0.792904138	3,6,10,16	who full aka -able
POOL	7697	0.792901155	3,8,11,16	who alot love rabble
POOL	7698	0.792882756	3,8,11,16	issue lat loved -able
POOL	7699	0.792882534	3,6,10,16	who full awesome treble
POOL	7700	0.792873731	1,5,8,9,12,16	eh hole lat uhh true bol
POOL	7701	0.792870026	1,6,8,11,16	is kol got love rubble
POOL	7702	0.792862226	3,6,10,16	who full awesome rubble
POOL	7703	0.792851435	1,7,12,16	yeah hole t'other bubble
POOL	7704	0.792825786	6,8,12,16	ahold caught ter -able
POOL	7705	0.792825499	3,8,11,16	issue lotte up -able
POOL	7706	0.792822182	1,5,7,11,16	uh hole la covered lull
POOL	7707	0.792818506	6,8,12,16	ahold at ter -able
POOL	7708	0.792803448	4,8,9,16	at-home lock uh treble
POOL	7709	0.792796692	1,6,9,16	an hole ata treble
POOL	7710	0.792796692	1,6,9,16	as hole ata treble
POOL	7711	0.792796692	1,6,9,16	at hole ata treble
POOL	7712	0.792795551	1,6,9,16	eh hole ata treble
POOL	7713	0.792789080	4,8,9,16	show lotte other treble
POOL	7714	0.792784658	6,8,9,16	ahold got uh treble
POOL	7715	0.792783140	4,8,9,16	at-home lock uh rubble
POOL	7716	0.792779898	1,6,9,16	yeah hole ata trumbull
POOL	7717	0.792779755	6,8,9,16	hole not other treble
POOL	7718	0.792778167	1,4,9,16	yeah home lotta verbal
POOL	7719	0.792776384	1,6,9,16	an hole ata rubble
POOL	7720	0.792776384	1,6,9,16	as hole ata rubble
POOL	7721	0.792776384	1,6,9,16	at hole ata rubble
POOL	7722	0.792775243	1,6,9,16	eh hole ata rubble
POOL	7723	0.792769790	3,8,11,16	issue lott at -able
POOL	7724	0.792764350	6,8,9,16	ahold got uh rubble
POOL	7725	0.792734832	1,7,12,16	yeah hola cunt -able
POOL	7726	0.792727842	4,8,9,16	at-home let uh treble
POOL	7727	0.792707533	4,8,9,16	at-home let uh rubble
POOL	7728	0.792699445	1,7,12,16	uhh hola tut -able
POOL	7729	0.792697050	3,8,11,16	issue rot love rubble
POOL	7730	0.792671800	4,8,9,16	at-home not uhh treble
POOL	7731	0.792668840	1,6,9,16	see hole ata verbal
POOL	7732	0.792663676	1,5,8,9,12,16	eh hole lott uhh true baer
POOL	7733	0.792657179	3,8,11,16	who murat want -able
POOL	7734	0.792651492	4,8,9,16	at-home not uhh rubble
POOL	7735	0.792633851	1,4,9,16	add home lotta treble
POOL	7736	0.792633665	3,8,11,16	who allot cut rubble
POOL	7737	0.792631359	1,4,9,16	yeah show lotta stubble
POOL	7738	0.792613554	2,4,8,10,16	us oh slot love trodden
POOL	7739	0.792613542	1,4,9,16	add home lotta rubble
POOL	7740	0.792612552	1,5,8,9,12,16	eh hole lott uhh true dull
POOL	7741	0.792598233	1,4,6,10,16	uhh show lol come trimble
POOL	7742	0.792590131	1,6,9,16	uh hole ata treble
POOL	7743	0.792578642	6,8,9,16	hole hot other treble
POOL	7744	0.792577541	1,5,8,9,12,16	eh hole lat uhh true dell
POOL	7745	0.792569823	1,6,9,16	uh hole ata rubble
POOL	7746	0.792548741	3,8,11,16	hou alot love -able
POOL	7747	0.792547744	4,8,9,16	at-home lat uh treble
POOL	7748	0.792539587	1,4,9,16	add show lotta verbal
POOL	7749	0.792527435	4,8,9,16	at-home lat uh rubble
POOL	7750	0.792514029	1,7,12,16	air hole t'other bubble
POOL	7751	0.792508677	1,6,9,16	uhh hole aka treble
POOL	7752	0.792507397	6,8,9,11,16	hole opp uhh mat randall
POOL	7753	0.792501762	3,8,11,16	issue lat want rubble
POOL	7754	0.792488368	1,6,9,16	uhh hole aka rubble
POOL	7755	0.792464844	3,5,8,11,16	hew all lack love rubble
POOL	7756	0.792442492	1,6,9,16	air hole ata trumbull
POOL	7757	0.792440762	1,4,9,16	air home lotta verbal
POOL	7758	0.792436712	1,6,11,16	add hole entente rubble
POOL	7759	0.792431342	4,8,9,16	at-home lock up treble
POOL	7760	0.792412552	6,8,9,16	ahold got up treble
POOL	7761	0.792411034	4,8,9,16	at-home lock up rubble
POOL	7762	0.792397426	1,7,12,16	air hola cunt -able
POOL	7763	0.792376877	1,5,8,9,12,16	eh hole lat uhh true beal
POOL	7764	0.792373111	3,8,11,16	issue lat cut -able
POOL	7765	0.792355736	4,8,9,16	at-home let up treble
POOL	7766	0.792349983	4,8,9,16	at-home rock uhh treble
POOL	7767	0.792346167	3,8,11,16	issue lott up -able
POOL	7768	0.792345447	3,8,11,16	who lat other rebel
POOL	7769	0.792341512	5,8,9,11,16	hole lat un that rumba
POOL	7770	0.792335427	4,8,9,16	at-home let up rubble
POOL	7771	0.792329674	4,8,9,16	at-home rock uhh rubble
POOL	7772	0.792309748	4,8,9,16	show lott other treble
POOL	7773	0.792307770	1,5,8,9,11,16	eh hole lott uhh pfft lull
POOL	7774	0.792307601	1,7,12,16	yeah hole country bubble
POOL	7775	0.792293953	1,4,9,16	air show lotta stubble
POOL	7776	0.792283520	1,4,9,16	an home lotta treble
POOL	7777	0.792283520	1,4,9,16	as home lotta treble
POOL	7778	0.792283520	1,4,9,16	at home lotta treble
POOL	7779	0.792282379	1,4,9,16	eh home lotta treble
POOL	7780	0.792270044	1,5,8,9,12,16	eh hole lat uhh ver pal
POOL	7781	0.792266726	1,4,9,16	yeah home lotta trumbull
POOL	7782	0.792263212	1,4,9,16	an home lotta rubble
POOL	7783	0.792263212	1,4,9,16	as home lotta rubble
POOL	7784	0.792263212	1,4,9,16	at home lotta rubble
POOL	7785	0.792262932	3,8,11,16	issue lotte loved -able
POOL	7786	0.792262071	1,4,9,16	eh home lotta rubble
POOL	7787	0.792235411	5,8,9,11,16	hole lat uhh matt rattle
POOL	7788	0.792228935	1,7,12,16	see hole t'other bubble
POOL	7789	0.792228207	1,5,8,9,12,16	eh hole lott uhh true beale
POOL	7790	0.792189256	1,4,9,16	an show lotta verbal
POOL	7791	0.792189256	1,4,9,16	as show lotta verbal
POOL	7792	0.792189256	1,4,9,16	at show lotta verbal
POOL	7793	0.792188115	1,4,9,16	eh show lotta verbal
POOL	7794	0.792175638	4,8,9,16	at-home lat up treble
POOL	7795	0.792157399	1,6,9,16	see hole ata trumbull
POOL	7796	0.792155668	1,4,9,16	see home lotta verbal
POOL	7797	0.792155329	4,8,9,16	at-home lat up rubble
POOL	7798	0.792141455	2,5,8,9,16	cas old lat uhh treble
POOL	7799	0.792140960	1,5,8,9,12,16	eh hole lott uhh true bol
POOL	7800	0.792121966	1,6,9,16	yeah hole gotta verbal
POOL	7801	0.792112332	1,7,12,16	see hola cunt -able
POOL	7802	0.792086381	1,6,11,16	an hole entente rubble
POOL	7803	0.792086381	1,6,11,16	as hole entente rubble
POOL	7804	0.792086381	1,6,11,16	at hole entente rubble
POOL	7805	0.792085240	1,6,11,16	eh hole entente rubble
POOL	7806	0.792076959	1,4,9,16	uh home lotta treble
POOL	7807	0.792058601	3,8,11,16	saw alot at -able
POOL	7808	0.792056651	1,4,9,16	uh home lotta rubble
POOL	7809	0.792028145	1,4,9,16	add show lotta trumbull
POOL	7810	0.792008859	1,4,9,16	see show lotta stubble
POOL	7811	0.791998185	1,5,8,9,11,16	eh hole lat uh pfft lull
POOL	7812	0.791977649	1,6,9,16	add hole gotta treble
POOL	7813	0.791970196	1,7,12,16	air hole country bubble
POOL	7814	0.791969817	4,5,8,11,16	show cell lat rust rubble
POOL	7815	0.791957341	1,6,9,16	add hole gotta rubble
POOL	7816	0.791955274	2,4,8,10,16	mass oh lat love cobble
POOL	7817	0.791942376	6,8,9,16	hole ott other treble
POOL	7818	0.791927920	4,8,9,16	at-home lotte uh treble
POOL	7819	0.791907612	4,8,9,16	at-home lotte uh rubble
POOL	7820	0.791907603	1,6,11,16	yeah holy cunt -able
POOL	7821	0.791896636	1,5,8,9,11,16	eh hole lat uhh too lull
POOL	7822	0.791881938	3,8,11,16	issue lotte want rubble
POOL	7823	0.791879820	1,6,11,16	uh hole entente rubble
POOL	7824	0.791872216	1,6,11,16	uhh holy tut -able
POOL	7825	0.791849177	3,8,11,16	issue lat at rubble
POOL	7826	0.791844770	1,5,8,9,12,16	eh hole lott uhh true dell
POOL	7827	0.791816895	5,9,12,16	hole lotta true babel
POOL	7828	0.791800268	2,5,7,10,16	rus old la team treble
POOL	7829	0.791785385	3,8,11,16	hoo alot love rubble
POOL	7830	0.791784560	1,6,9,16	air hole gotta verbal
POOL	7831	0.791783600	3,8,11,16	issue lott loved -able
POOL	7832	0.791704108	4,8,9,16	at-home lock uhh verbal
POOL	7833	0.791692803	1,7,12,16	add hola tut -able
POOL	7834	0.791686882	1,6,7,10,16	al hole ahh come trodden
POOL	7835	0.791685318	6,8,9,16	ahold got uhh verbal
POOL	7836	0.791668738	1,4,8,11,16	uhh ho's lok love rubble
POOL	7837	0.791659471	1,6,7,10,16	uhh hole na come tumble
POOL	7838	0.791656977	1,5,8,9,12,16	eh hole lat uhh true dal
POOL	7839	0.791652996	1,6,11,16	yeah holy tut rubble
POOL	7840	0.791646351	1,6,9,16	yeah hole aka verbal
POOL	7841	0.791644107	1,5,8,9,12,16	eh hole lott uhh true beal
POOL	7842	0.791628502	4,8,9,16	at-home let uhh verbal
POOL	7843	0.791627319	1,6,9,16	an hole gotta treble
POOL	7844	0.791627319	1,6,9,16	as hole gotta treble
POOL	7845	0.791627319	1,6,9,16	at hole gotta treble
POOL	7846	0.791626178	1,6,9,16	eh hole gotta treble
POOL	7847	0.791626063	4,8,9,16	at-home lock us treble
POOL	7848	0.791610525	1,6,9,16	yeah hole gotta trumbull
POOL	7849	0.791607273	6,8,9,16	ahold got us treble
POOL	7850	0.791607010	1,6,9,16	an hole gotta rubble
POOL	7851	0.791607010	1,6,9,16	as hole gotta rubble
POOL	7852	0.791607010	1,6,9,16	at hole gotta rubble
POOL	7853	0.791605869	1,6,9,16	eh hole gotta rubble
POOL	7854	0.791605755	4,8,9,16	at-home lock us rubble
POOL	7855	0.791586964	6,8,9,16	ahold got us rubble
POOL	7856	0.791572241	2,5,9,16	eh old lotta treble
POOL	7857	0.791570197	1,6,11,16	air holy cunt -able
POOL	7858	0.791555814	4,8,9,16	at-home lotte up treble
POOL	7859	0.791554384	3,6,10,16	who full aka double
POOL	7860	0.791550456	4,8,9,16	at-home let us treble
POOL	7861	0.791545215	1,5,8,9,12,16	eh hole lat uhh true biel
POOL	7862	0.791535506	4,8,9,16	at-home lotte up rubble
POOL	7863	0.791530148	4,8,9,16	at-home let us rubble
POOL	7864	0.791502034	1,6,9,16	add hole aka treble
POOL	7865	0.791499466	1,6,9,16	see hole gotta verbal
POOL	7866	0.791490791	1,6,9,16	uhh hole ata verbal
POOL	7867	0.791481725	1,6,9,16	add hole aka rubble
POOL	7868	0.791462659	1,5,8,9,12,16	eh hole lat uhh ver baer
POOL	7869	0.791448588	4,8,9,16	at-home lott uh treble
POOL	7870	0.791448404	4,8,9,16	at-home lat uhh verbal
POOL	7871	0.791428280	4,8,9,16	at-home lott uh rubble
POOL	7872	0.791411536	1,5,8,9,12,16	eh hole lat uhh ver dull
POOL	7873	0.791370359	4,8,9,16	at-home lat us treble
POOL	7874	0.791368349	3,6,10,16	issue lol come treble
POOL	7875	0.791350050	4,8,9,16	at-home lat us rubble
POOL	7876	0.791348041	3,6,10,16	issue lol come rubble
POOL	7877	0.791342472	1,7,12,16	at hola tut -able
POOL	7878	0.791315590	1,6,11,16	air holy tut rubble
POOL	7879	0.791265414	1,5,8,9,11,16	eh hole lott uh pfft lull
POOL	7880	0.791259657	6,8,9,16	hole art other verbal
POOL	7881	0.791224555	3,6,10,16	issue all tough trumbull
POOL	7882	0.791192667	4,8,9,16	at-home lock uhh trumbull
POOL	7883	0.791173877	6,8,9,16	ahold got uhh trumbull
POOL	7884	0.791163866	1,5,8,9,11,16	eh hole lott uhh too lull
POOL	7885	0.791159229	1,4,8,11,16	anne show rots love rubble
POOL	7886	0.791117061	4,8,9,16	at-home let uhh trumbull
POOL	7887	0.791108266	4,8,9,16	at-home not uh treble
POOL	7888	0.791087958	4,8,9,16	at-home not uh rubble
POOL	7889	0.791076482	4,8,9,16	at-home lott up treble
POOL	7890	0.791056174	4,8,9,16	at-home lott up rubble
POOL	7891	0.791044983	5,9,11,16	hole lotta at rebels'
POOL	7892	0.791030496	1,6,11,16	see holy tut rubble
POOL	7893	0.791027191	1,5,8,9,12,16	eh hole lat uhh ver beale
POOL	7894	0.790972779	3,5,8,11,16	who shawl lat rut rubble
POOL	7895	0.790961898	5,7,10,12,16	hole la pas true eben
POOL	7896	0.790939944	1,5,8,9,12,16	eh hole lat uhh ver bol
POOL	7897	0.790936963	4,8,9,16	at-home lat uhh trumbull
POOL	7898	0.790924206	1,5,8,9,12,16	eh hole lott uhh true dal
POOL	7899	0.790898509	1,5,8,9,12,16	eh hole lat uhh true pell
POOL	7900	0.790877219	4,8,9,16	ago lock uhh treble
POOL	7901	0.790865573	1,6,11,16	add holy tut -able
POOL	7902	0.790856911	4,8,9,16	ago lock uhh rubble
POOL	7903	0.790846194	2,5,8,9,16	us old rushed uhh treble
POOL	7904	0.790838434	1,4,8,9,16	ack show lat uhh treble
POOL	7905	0.790828104	3,6,10,16	issue all ton -able
POOL	7906	0.790812445	1,5,8,9,12,16	eh hole lott uhh true biel
POOL	7907	0.790804918	1,4,6,10,16	'cause show lol cuff treble
POOL	7908	0.790748216	6,8,9,16	hole art other trumbull
POOL	7909	0.790680116	2,6,8,10,16	us seoul put love treble
POOL	7910	0.790643754	1,5,8,9,12,16	eh hole lat uhh ver dell
POOL	7911	0.790547245	2,4,9,16	ass rode lotta treble
POOL	7912	0.790531563	2,5,8,9,16	us old lat nut treble
POOL	7913	0.790520930	5,7,10,12,16	hole rom come true stubble
POOL	7914	0.790516701	6,8,9,16	hole shot other verbal
POOL	7915	0.790515243	1,6,11,16	an holy tut -able
POOL	7916	0.790515243	1,6,11,16	as holy tut -able
POOL	7917	0.790515243	1,6,11,16	at holy tut -able
POOL	7918	0.790514102	1,6,11,16	eh holy tut -able
POOL	7919	0.790487589	3,6,10,16	who full bottom trumbull
POOL	7920	0.790443090	1,5,8,9,12,16	eh hole lat uhh ver beal
POOL	7921	0.790437005	3,6,10,16	issue full tough trumbull
POOL	7922	0.790358625	5,9,11,16	hole lotta that nadal
POOL	7923	0.790325224	1,6,7,10,16	b. hole odd come treble
POOL	7924	0.790316541	1,4,7,10,16	uhh show locke come truffle
POOL	7925	0.790308682	1,6,11,16	uh holy tut -able
POOL	7926	0.790258281	5,8,9,11,16	hole lump um that rubble
POOL	7927	0.790192370	5,7,9,16	keyhole la come treble
POOL	7928	0.790165738	1,5,8,9,12,16	eh hole lott uhh true pell
POOL	7929	0.790150114	6,8,9,16	hole bought other treble
POOL	7930	0.790121784	6,8,9,16	ahold got uh verbal
POOL	7931	0.790116881	6,8,9,16	hole not other verbal
POOL	7932	0.790107054	1,6,11,16	uhh holy cunt -able
POOL	7933	0.790087738	3,6,10,16	wahoo all come -able
POOL	7934	0.790078740	2,5,7,10,16	lass old locke come treble
POOL	7935	0.790073924	3,6,10,16	issue all tough travel
POOL	7936	0.790041709	6,8,9,16	hole caught other treble
POOL	7937	0.790034428	6,8,9,16	hole at other treble
POOL	7938	0.790027972	3,6,10,16	issue or come treble
POOL	7939	0.790007664	3,6,10,16	issue or come rubble
POOL	7940	0.790005259	6,8,9,16	hole shot other trumbull
POOL	7941	0.789939694	1,6,7,10,16	uhh hole ahh can truffle
POOL	7942	0.789924716	5,8,11,14,16	hole lat avid rub sal
POOL	7943	0.789915767	6,8,9,16	hole hot other verbal
POOL	7944	0.789887834	1,6,11,16	yeah holy cunt rubble
POOL	7945	0.789875562	1,5,8,9,12,16	eh hole lat uhh true delle
POOL	7946	0.789852447	1,6,11,16	uhh holy tut rubble
POOL	7947	0.789749677	6,8,9,16	ahold got up verbal
POOL	7948	0.789724160	4,6,8,10,16	koh lol got um treble
POOL	7949	0.789723190	1,5,8,9,12,16	eh hole lat uhh ver dal
POOL	7950	0.789708219	3,6,10,16	who full awesome trumbull
POOL	7951	0.789705602	3,6,10,16	issue all come crumble
POOL	7952	0.789687042	2,5,7,10,16	us old ross dunne treble
POOL	7953	0.789666104	1,6,11,16	yeah hold entente -able
POOL	7954	0.789633426	6,8,9,16	ahold got ahh treble
POOL	7955	0.789623731	3,6,10,16	issue all dove -able
POOL	7956	0.789613118	6,8,9,16	ahold got ahh rubble
POOL	7957	0.789611428	1,5,8,9,12,16	eh hole lat uhh ver biel
POOL	7958	0.789610342	6,8,9,16	ahold got uh trumbull
POOL	7959	0.789605439	6,8,9,16	hole not other trumbull
POOL	7960	0.789550428	1,6,11,16	air holy cunt rubble
POOL	7961	0.789488043	3,6,10,16	who sure ata -able
POOL	7962	0.789424421	6,8,9,16	hole odd other treble
POOL	7963	0.789404326	6,8,9,16	hole hot other trumbull
POOL	7964	0.789344600	5,9,11,16	hoe lotta this -able
POOL	7965	0.789330395	1,5,7,9,16	uhh hole yah cuff treble
POOL	7966	0.789328698	1,6,11,16	air hold entente -able
POOL	7967	0.789327111	6,8,9,16	ahold got awe treble
POOL	7968	0.789306803	6,8,9,16	ahold got awe rubble
POOL	7969	0.789279501	6,8,9,16	hole ott other verbal
POOL	7970	0.789271186	1,4,7,10,16	ass show la come troubled
POOL	7971	0.789265334	1,6,11,16	see holy cunt rubble
POOL	7972	0.789238236	6,8,9,16	ahold got up trumbull
POOL	7973	0.789188080	6,8,9,16	ahold got ah treble
POOL	7974	0.789167772	6,8,9,16	ahold got ah rubble
POOL	7975	0.789148054	1,5,8,9,11,16	eh hole lot uhh pfft rub
POOL	7976	0.789142792	1,5,8,9,12,16	eh hole lott uhh true delle
POOL	7977	0.789133282	1,6,11,16	yeah holy cuffed -able
POOL	7978	0.789114786	1,4,7,10,16	in show rog come treble
POOL	7979	0.789100411	1,6,11,16	add holy cunt -able
POOL	7980	0.789090069	1,6,11,16	yeah holy taft -able
POOL	7981	0.788969899	6,8,9,16	ahold got uhh stubble
POOL	7982	0.788964722	1,5,8,9,12,16	eh hole lat uhh ver pell
POOL	7983	0.788944398	6,8,9,16	ahold got us verbal
POOL	7984	0.788845805	1,6,11,16	add holy tut rubble
POOL	7985	0.788795876	1,6,11,16	air holy cuffed -able
POOL	7986	0.788768060	6,8,9,16	hole ott other trumbull
POOL	7987	0.788752664	1,6,11,16	air holy taft -able
POOL	7988	0.788750081	1,6,11,16	an holy cunt -able
POOL	7989	0.788750081	1,6,11,16	as holy cunt -able
POOL	7990	0.788750081	1,6,11,16	at holy cunt -able
POOL	7991	0.788748940	1,6,11,16	eh holy cunt -able
POOL	7992	0.788544238	6,8,9,16	hole art other stubble
POOL	7993	0.788543520	1,6,11,16	uh holy cunt -able
POOL	7994	0.788510782	1,6,11,16	see holy cuffed -able
POOL	7995	0.788495474	1,6,11,16	an holy tut rubble
POOL	7996	0.788495474	1,6,11,16	as holy tut rubble
POOL	7997	0.788495474	1,6,11,16	at holy tut rubble
POOL	7998	0.788494333	1,6,11,16	eh holy tut rubble
POOL	7999	0.788432957	6,8,9,16	ahold got us trumbull
POOL	8000	0.788342929	5,8,9,11,16	whole la run that rubble
POOL	8001	0.788292355	1,6,11,16	yeah soul entente -able
POOL	8002	0.788256509	4,6,8,10,16	show lore ad love treble
POOL	8003	0.788228174	2,5,8,9,16	us poles lat uhh treble
POOL	8004	0.788170265	1,5,9,11,16	uhh hole trott mitt rubble
POOL	8005	0.788151686	6,8,10,12,16	hole lotte en tor -able
POOL	8006	0.788105697	1,5,8,9,11,16	eh hole lot uh pfft rub
POOL	8007	0.788094048	4,8,11,16	show lah hut arable
POOL	8008	0.788081419	6,8,9,16	ahold art uhh treble
POOL	8009	0.788061111	6,8,9,16	ahold art uhh rubble
POOL	8010	0.787991041	2,5,8,11,16	sus old lat asst rubble
POOL	8011	0.787941775	1,5,8,9,12,16	eh hole lat uhh ver delle
POOL	8012	0.787941059	2,4,8,10,16	us oak watt love treble
POOL	8013	0.787858579	1,6,11,16	outta hole tut -able
POOL	8014	0.787801281	6,8,9,16	hole shot other stubble
POOL	8015	0.787769338	6,8,9,16	ahold got love treble
POOL	8016	0.787766173	3,4,9,16	su oh lotta treble
POOL	8017	0.787580220	4,9,10,16	show lotta new tumble
POOL	8018	0.787561333	3,5,9,16	ash all lotta treble
POOL	8019	0.787446847	1,6,7,10,16	op hole ahh tongue treble
POOL	8020	0.787347302	5,9,11,16	uphold lod that -able
POOL	8021	0.787332634	1,4,6,11,16	eh ho lil entente lull
POOL	8022	0.787299738	1,6,8,11,16	t. hole eat love rubble
POOL	8023	0.786957727	4,6,8,10,16	holm lol got love trimble
POOL	8024	0.786929820	2,6,8,10,16	us ohh got ann treble
POOL	8025	0.786898745	5,9,12,16	hole rasa vue -able
POOL	8026	0.786842531	1,4,6,10,16	uhh show grill come treble
POOL	8027	0.786791894	1,4,6,10,16	uhh show lol tons tremble
POOL	8028	0.786788009	4,5,8,11,16	show law rocks buzz rubble
POOL	8029	0.786596503	2,5,9,16	ass o.'s lotta treble
POOL	8030	0.786591963	2,4,8,11,16	us poe lot's love rubble
POOL	8031	0.786537188	1,4,6,10,16	uhh sew lol come triple
POOL	8032	0.786536723	1,4,8,9,16	ash show las uhh treble
POOL	8033	0.786467998	4,8,10,11,16	show lat and odd rubble
POOL	8034	0.786406686	3,5,8,11,16	who oar prop love rubble
POOL	8035	0.786366793	1,5,7,9,16	uhh saul la come treble
POOL	8036	0.785970547	4,6,10,16	show lol come troubling
POOL	8037	0.785944833	4,9,12,16	show lotta verb adel
POOL	8038	0.785927656	1,4,9,16	m. show lotta treble
POOL	8039	0.785684158	2,5,8,11,16	mush old rob love rubble
POOL	8040	0.785471995	5,9,12,16	hole lotta they're herbal
POOL	8041	0.785353396	1,4,7,10,16	uhh foe rule come treble
POOL	8042	0.785278044	1,4,7,10,16	uhh show ron taz treble
POOL	8043	0.785044122	4,8,10,12,16	show lat love drew babble
POOL	8044	0.785029528	4,5,9,16	show fill lotta treble
POOL	8045	0.784989407	4,6,8,10,16	show lear got pun treble
POOL	8046	0.784911302	2,5,8,11,16	shh old lat love rumba
POOL	8047	0.784674658	1,5,7,9,16	uhh hope la tot treble
POOL	8048	0.784637188	1,5,7,11,16	uhh colt la taut rubble
POOL	8049	0.784479587	4,8,11,16	tahoe lock ent -able
POOL	8050	0.784464095	4,8,10,12,16	koh lat love true herbal
POOL	8051	0.784400662	4,6,8,10,16	show learn got love troubled
POOL	8052	0.784131281	1,4,8,12,16	ed show rocked ver -able
POOL	8053	0.784117667	1,5,9,11,16	uhh kohl luk that rubble
POOL	8054	0.784093649	1,4,8,11,16	uhh show yacht love grumble
POOL	8055	0.784082672	5,9,12,16	hall radha tar -able
POOL	8056	0.783922000	4,9,10,16	show lotta verse -able
POOL	8057	0.783866060	3,5,8,11,16	huh all lat love lovell
POOL	8058	0.783635500	1,4,8,12,16	al sew lakh ver -able
POOL	8059	0.783542191	2,5,8,11,16	eth loan lat love rubble
POOL	8060	0.783390441	3,5,7,11,16	who all lon cut troubles
POOL	8061	0.782955239	1,4,8,11,16	e'er show lat love ruffle
POOL	8062	0.782933995	4,9,14,16	tahoe lotta trad hell
POOL	8063	0.782777271	6,10,11,16	hole atom shot -able
POOL	8064	0.782706634	1,4,6,10,16	uhh poe lol come treble
POOL	8065	0.782613838	1,6,9,16	yeah hole fatah treble
POOL	8066	0.782601919	1,6,7,10,16	uhh foal ha come treble
POOL	8067	0.782430492	5,8,9,12,16	hoe lat uhh true cuddle
POOL	8068	0.782394479	2,5,7,10,16	us old lob come troubled
POOL	8069	0.782393680	5,8,9,12,16	hole lat ad true rebel
POOL	8070	0.782378222	1,6,7,10,16	uhh whole ahh taj treble
POOL	8071	0.782237847	1,4,8,9,16	uhh show lat cum treble
POOL	8072	0.782226426	1,5,9,11,16	awe so lakh that rubble
POOL	8073	0.782175442	4,5,9,16	foe law lotta treble
POOL	8074	0.782161752	4,7,10,16	echo la come trimble
POOL	8075	0.781930184	4,6,8,10,16	show lol lotte ver treble
POOL	8076	0.781922058	1,6,7,10,16	ahh coal yah come treble
POOL	8077	0.781892638	1,6,7,10,16	uhh hole hot curve treble
POOL	8078	0.781770999	3,5,8,11,16	who all loot hutt rubble
POOL	8079	0.781677730	1,5,9,12,16	y'are hoa luk true -able
POOL	8080	0.781596333	1,5,7,11,16	uhh hove uh cut rubble
POOL	8081	0.781485391	1,4,8,12,16	uhh hoax lat ver -able
POOL	8082	0.781310081	1,4,8,11,16	uhh showed lat cuz rubble
POOL	8083	0.781256970	2,5,8,9,16	us cole lush uhh treble
POOL	8084	0.781190298	4,8,10,12,16	show lat aam true huddle
POOL	8085	0.780656154	3,5,9,16	who dull lotta treble
POOL	8086	0.780509399	4,8,10,11,16	show lat an too trouble
POOL	8087	0.780102641	1,4,8,11,16	uhh show lat us mumble
POOL	8088	0.780028417	1,5,8,9,11,16	eh hole lot uhh pfft lull
POOL	8089	0.780003660	2,5,9,11,16	us no luk that rubble
POOL	8090	0.779964406	6,8,9,16	hole utter uhh treble
POOL	8091	0.779714818	2,5,8,12,16	us wool na ver -able
POOL	8092	0.779655766	2,4,8,10,16	less co blot love treble
POOL	8093	0.779613134	4,9,11,16	roh lotta that libel
POOL	8094	0.779520891	4,8,10,11,16	roe lat love too ravel
POOL	8095	0.779509297	1,4,7,10,16	c show la ties treble
POOL	8096	0.779447270	2,4,8,10,16	us so lat love trimble
POOL	8097	0.778986061	1,5,8,9,11,16	eh hole lot uh pfft lull
POOL	8098	0.778871257	4,8,12,16	lasso lock ver -able
POOL	8099	0.778802295	2,4,8,10,16	us toe lat dum treble
POOL	8100	0.778699323	2,5,8,11,16	path o. rocked love rubble
POOL	8101	0.778604060	6,8,11,16	hole butt unto -able
POOL	8102	0.778473236	5,8,9,12,16	hole lat uhh til ample
POOL	8103	0.778355069	1,4,8,12,16	uhh hole ra ver -able
POOL	8104	0.778280079	3,6,9,16	who all baka treble
POOL	8105	0.777878473	2,6,8,10,16	hmm mole ahh love treble
POOL	8106	0.777679199	5,9,11,16	rahul loch matt -able
POOL	8107	0.777662328	1,5,7,9,16	uhh shoal fra come treble
POOL	8108	0.777315507	1,6,8,11,16	uhh hole alt love randle
POOL	8109	0.777267501	2,5,8,9,16	us told lat duck treble
POOL	8110	0.777216528	1,4,7,10,16	uhh hone la buff treble
POOL	8111	0.777005059	4,5,8,11,16	ho's law lat love verbal
POOL	8112	0.776868986	1,5,8,9,16	eh hole lat uhh treble
POOL	8113	0.776745648	1,5,8,9,16	eh hole lat uhh rubble
POOL	8114	0.776235930	1,6,7,10,16	uhh kohl ahh come scrabble
POOL	8115	0.776230388	2,4,8,10,16	yas oh lat thus treble
POOL	8116	0.776195178	5,7,12,16	kohl la t'other cobble
POOL	8117	0.776018434	2,5,9,10,16	us old lod in treble
POOL	8118	0.775989661	1,5,8,9,16	eh hole lott uhh treble
POOL	8119	0.775866323	1,5,8,9,16	eh hole lott uhh rubble
POOL	8120	0.775667949	1,4,8,9,16	uhh holt lat uhh treble
POOL	8121	0.775618158	1,5,8,9,16	eh hole lat uh treble
POOL	8122	0.775596682	2,5,8,11,16	us old lat as randle
POOL	8123	0.775494820	1,5,8,9,16	eh hole lat uh rubble
POOL	8124	0.775353665	1,4,6,10,16	uhh though lol tam treble
POOL	8125	0.775122299	1,5,8,9,16	eh hole lotte uh treble
POOL	8126	0.775062571	3,4,9,16	ess aux lotta treble
POOL	8127	0.775026316	2,4,8,10,16	etch vote lat love treble
POOL	8128	0.774998961	1,5,8,9,16	eh hole lotte uh rubble
POOL	8129	0.774738834	1,5,8,9,16	eh hole lott uh treble
POOL	8130	0.774712191	1,4,8,12,16	uhh show lat ver appeal
POOL	8131	0.774615495	1,5,8,9,16	eh hole lott uh rubble
POOL	8132	0.774222442	1,5,8,9,16	eh hole lat uhh trumbull
POOL	8133	0.773631595	1,5,8,9,16	eh hole lat uhh verbal
POOL	8134	0.773420477	2,5,9,16	shh old lottie treble
POOL	8135	0.773343117	1,5,8,9,16	eh hole lott uhh trumbull
POOL	8136	0.772971614	1,5,8,9,16	eh hole lat uh trumbull
POOL	8137	0.772906591	3,5,8,11,16	who all lat unc rada
POOL	8138	0.772752270	1,5,8,9,16	eh hole lott uhh verbal
POOL	8139	0.772727717	5,7,11,16	uphold la cat rattle
POOL	8140	0.772538990	1,4,8,9,16	app showed yacht uhh treble
POOL	8141	0.772475755	1,5,8,9,16	eh hole lotte uh trumbull
POOL	8142	0.772380767	1,5,8,9,16	eh hole lat uh verbal
POOL	8143	0.772092289	1,5,8,9,16	eh hole lott uh trumbull
POOL	8144	0.772064215	1,4,8,9,16	uhh hold clot uhh treble
POOL	8145	0.772053399	1,5,7,12,16	m. hoe la t'other dal
POOL	8146	0.771907945	4,8,10,11,16	au trot cuz too rubble
POOL	8147	0.771898405	1,5,8,9,16	eh hole lat uhh stubble
POOL	8148	0.771884908	1,5,8,9,16	eh hole lotte uh verbal
POOL	8149	0.771760542	3,6,10,16	who all cotton -able
POOL	8150	0.771501443	1,5,8,9,16	eh hole lott uh verbal
POOL	8151	0.771362320	1,5,7,11,16	'cause -ful 'low tut rubble
POOL	8152	0.771019081	1,5,8,9,16	eh hole lott uhh stubble
POOL	8153	0.770856578	1,4,9,16	yeah code lotta treble
POOL	8154	0.770647578	1,5,8,9,16	eh hole lat uh stubble
POOL	8155	0.770216163	1,4,8,9,16	ah show rocked duh treble
POOL	8156	0.770151719	1,5,8,9,16	eh hole lotte uh stubble
POOL	8157	0.770037287	2,5,8,12,16	a owns lat ver -able
POOL	8158	0.769971267	1,5,7,9,16	ad hole slot tag treble
POOL	8159	0.769813113	2,5,8,9,16	cuss old flat uhh treble
POOL	8160	0.769768253	1,5,8,9,16	eh hole lott uh stubble
POOL	8161	0.769484135	4,9,10,16	o lotta vous -able
POOL	8162	0.769289211	2,5,8,12,16	f.'s old lat ver gobble
POOL	8163	0.769242488	2,6,10,16	ass only come troubled
POOL	8164	0.768113885	1,4,7,10,16	a pho lotte come treble
POOL	8165	0.768036130	4,9,16	at-home lotta rubble
POOL	8166	0.768011754	5,9,11,16	hole rada shot ramble
POOL	8167	0.767884722	4,9,16	at-home lotta treble
POOL	8168	0.767595490	2,5,9,16	hee cold lotta treble
POOL	8169	0.767524935	2,5,8,9,16	cus roles lat uhh treble
POOL	8170	0.767367529	4,5,9,16	roh tell lotta treble
POOL	8171	0.767184705	2,4,8,10,16	us oh lat one troubled
POOL	8172	0.766697150	2,5,8,9,16	the old lat dumb treble
POOL	8173	0.766680489	3,5,9,11,16	who all lot that randal
POOL	8174	0.766330744	3,5,9,16	ha all lottie treble
POOL	8175	0.766179375	4,9,16	at-home lotta verbal
POOL	8176	0.765716116	1,5,8,9,16	eh hole lat uhh trouble
POOL	8177	0.765516528	4,5,8,11,16	show law lat aunt troubles
POOL	8178	0.765270509	2,5,8,9,16	us holes lakh ha treble
POOL	8179	0.765094596	1,4,8,9,16	uhh haute lat e'er treble
POOL	8180	0.764836791	1,5,8,9,16	eh hole lott uhh trouble
POOL	8181	0.764465288	1,5,8,9,16	eh hole lat uh trouble
POOL	8182	0.763969429	1,5,8,9,16	eh hole lotte uh trouble
POOL	8183	0.763851124	2,5,8,12,16	us owes lat ver doubled
POOL	8184	0.763839753	6,7,10,16	hole car tum troubling
POOL	8185	0.763830787	4,9,16	at-home lotta trumbull
POOL	8186	0.763798975	4,5,9,16	coe law aka treble
POOL	8187	0.763585964	1,5,8,9,16	eh hole lott uh trouble
POOL	8188	0.763383112	4,9,16	ago lotta rubble
POOL	8189	0.763231704	4,9,16	ago lotta treble
POOL	8190	0.762249056	4,7,10,16	sew leila tonnes -able
POOL	8191	0.762162046	1,6,9,16	yeah hoe fatah treble
POOL	8192	0.762048656	1,4,8,9,16	r. show's lat uhh treble
POOL	8193	0.761832223	2,6,10,16	ess only odds trouble
POOL	8194	0.761826907	4,9,16	at-home lotta stubble
POOL	8195	0.761526357	4,9,16	ago lotta verbal
POOL	8196	0.761254437	1,5,8,9,16	eh hole lot uhh treble
POOL	8197	0.761131099	1,5,8,9,16	eh hole lot uhh rubble
POOL	8198	0.760959800	1,4,9,16	l soul lotta treble
POOL	8199	0.760364307	4,6,10,16	show lol cotton troubled
POOL	8200	0.760003609	1,5,8,9,16	eh hole lot uh treble
POOL	8201	0.759880271	1,5,8,9,16	eh hole lot uh rubble
POOL	8202	0.759177768	4,9,16	ago lotta trumbull
POOL	8203	0.759079036	5,9,12,16	coal lotta tra puddle
POOL	8204	0.759002495	1,6,8,11,16	uhh hole got add troubled
POOL	8205	0.758607893	1,5,8,9,16	eh hole lot uhh trumbull
POOL	8206	0.758017046	1,5,8,9,16	eh hole lot uhh verbal
POOL	8207	0.758000138	6,11,16	ahold entente -able
POOL	8208	0.757729796	5,9,11,16	kohl lotta it grumble
POOL	8209	0.757357065	1,5,8,9,16	eh hole lot uh trumbull
POOL	8210	0.757331850	5,9,12,16	shoal rada true doubled
POOL	8211	0.757173888	4,9,16	ago lotta stubble
POOL	8212	0.756766218	1,5,8,9,16	eh hole lot uh verbal
POOL	8213	0.756283857	1,5,8,9,16	eh hole lot uhh stubble
POOL	8214	0.755366482	4,9,16	uh-oh lotta rubble
POOL	8215	0.755215073	4,9,16	uh-oh lotta treble
POOL	8216	0.755033029	1,5,8,9,16	eh hole lot uh stubble
POOL	8217	0.755011732	6,9,16	ahold gotta rubble
POOL	8218	0.754895797	1,5,8,10,12,16	eh hole lat of ter bell
POOL	8219	0.754860323	6,9,16	ahold gotta treble
POOL	8220	0.754482581	1,5,8,10,12,16	eh hole lotte of ter bell
POOL	8221	0.754366645	1,5,8,10,12,16	eh hole lat of ter bill
POOL	8222	0.754163027	1,5,8,10,12,16	eh hole lott of ter bell
POOL	8223	0.753953429	1,5,8,10,12,16	eh hole lotte of ter bill
POOL	8224	0.753633874	1,5,8,10,12,16	eh hole lott of ter bill
POOL	8225	0.753509727	4,9,16	uh-oh lotta verbal
POOL	8226	0.753154977	6,9,16	ahold gotta verbal
POOL	8227	0.752711479	1,4,8,9,16	of show lat op treble
POOL	8228	0.752590840	6,9,16	ahold aka rubble
POOL	8229	0.752439432	6,9,16	ahold aka treble
POOL	8230	0.752404230	6,9,16	ahold ata rubble
POOL	8231	0.752252821	6,9,16	ahold ata treble
POOL	8232	0.752108834	1,4,8,12,16	uhh show's lat ver puddle
POOL	8233	0.751693359	1,5,8,10,12,16	eh hole lat of ter belle
POOL	8234	0.751280144	1,5,8,10,12,16	eh hole lotte of ter belle
POOL	8235	0.751161138	4,9,16	uh-oh lotta trumbull
POOL	8236	0.751140446	6,11,16	ahold entente rubble
POOL	8237	0.750960589	1,5,8,10,12,16	eh hole lott of ter belle
POOL	8238	0.750806388	6,9,16	ahold gotta trumbull
POOL	8239	0.750734085	6,9,16	ahold aka verbal
POOL	8240	0.750547475	6,9,16	ahold ata verbal
POOL	8241	0.750457218	1,5,8,10,12,16	eh hole lat of ter bel
POOL	8242	0.750101567	1,5,8,9,16	eh hole lot uhh trouble
POOL	8243	0.750044002	1,5,8,10,12,16	eh hole lotte of ter bel
POOL	8244	0.750000814	1,5,8,10,12,16	eh hole lat of ter bal
POOL	8245	0.749724448	1,5,8,10,12,16	eh hole lott of ter bel
POOL	8246	0.749587598	1,5,8,10,12,16	eh hole lotte of ter bal
POOL	8247	0.749268043	1,5,8,10,12,16	eh hole lott of ter bal
POOL	8248	0.749252713	1,5,8,10,12,16	eh hole lat of ter bear
POOL	8249	0.749157258	4,9,16	uh-oh lotta stubble
POOL	8250	0.748966504	1,5,8,9,16	eh hole lat uhh troubles
POOL	8251	0.748917414	4,9,16	tahoe lotta rubble
POOL	8252	0.748850739	1,5,8,9,16	eh hole lot uh trouble
POOL	8253	0.748839497	1,5,8,10,12,16	eh hole lotte of ter bear
POOL	8254	0.748802508	6,9,16	ahold gotta stubble
POOL	8255	0.748632776	1,5,8,9,16	eh hole lat uhh troubled
POOL	8256	0.748519943	1,5,8,10,12,16	eh hole lott of ter bear
POOL	8257	0.748385497	6,9,16	ahold aka trumbull
POOL	8258	0.748198886	6,9,16	ahold ata trumbull
POOL	8259	0.748087179	1,5,8,9,16	eh hole lott uhh troubles
POOL	8260	0.747900518	1,4,8,9,16	uhh show lot's air treble
POOL	8261	0.747753452	1,5,8,9,16	eh hole lott uhh troubled
POOL	8262	0.747715676	1,5,8,9,16	eh hole lat uh troubles
POOL	8263	0.747381949	1,5,8,9,16	eh hole lat uh troubled
POOL	8264	0.747219817	1,5,8,9,16	eh hole lotte uh troubles
POOL	8265	0.746886090	1,5,8,9,16	eh hole lotte uh troubled
POOL	8266	0.746849320	1,5,8,10,12,16	eh hole lat of ter bare
POOL	8267	0.746836351	1,5,8,9,16	eh hole lott uh troubles
POOL	8268	0.746776443	1,5,8,10,12,16	eh hole lat of cur bell
POOL	8269	0.746502624	1,5,8,9,16	eh hole lott uh troubled
POOL	8270	0.746436104	1,5,8,10,12,16	eh hole lotte of ter bare
POOL	8271	0.746381616	6,9,16	ahold aka stubble
POOL	8272	0.746247291	1,5,8,10,12,16	eh hole lat of cur bill
POOL	8273	0.746195006	6,9,16	ahold ata stubble
POOL	8274	0.746116550	1,5,8,10,12,16	eh hole lott of ter bare
POOL	8275	0.745563539	1,5,8,10,12,16	eh hole lat of ter bull
POOL	8276	0.745353967	1,5,8,10,12,16	eh hole lat of ter beer
POOL	8277	0.745150323	1,5,8,10,12,16	eh hole lotte of ter bull
POOL	8278	0.744940752	1,5,8,10,12,16	eh hole lotte of ter beer
POOL	8279	0.744830768	1,5,8,10,12,16	eh hole lott of ter bull
POOL	8280	0.744726753	1,5,8,10,12,16	eh hole lat of ter bil
POOL	8281	0.744621197	1,5,8,10,12,16	eh hole lott of ter beer
POOL	8282	0.744313537	1,5,8,10,12,16	eh hole lotte of ter bil
POOL	8283	0.744183468	1,5,8,10,12,16	eh hole lat of ter del
POOL	8284	0.743993982	1,5,8,10,12,16	eh hole lott of ter bil
POOL	8285	0.743770253	1,5,8,10,12,16	eh hole lotte of ter del
POOL	8286	0.743574005	1,5,8,10,12,16	eh hole lat of cur belle
POOL	8287	0.743560261	6,11,16	ahold entente rebel
POOL	8288	0.743450698	1,5,8,10,12,16	eh hole lott of ter del
POOL	8289	0.743408281	1,5,8,10,12,16	eh hole lat of ter pal
POOL	8290	0.742995065	1,5,8,10,12,16	eh hole lotte of ter pal
POOL	8291	0.742675510	1,5,8,10,12,16	eh hole lott of ter pal
POOL	8292	0.742600896	1,5,8,10,12,16	eh hole lat of ter baer
POOL	8293	0.742549772	1,5,8,10,12,16	eh hole lat of ter dull
POOL	8294	0.742337864	1,5,8,10,12,16	eh hole lat of cur bel
POOL	8295	0.742187680	1,5,8,10,12,16	eh hole lotte of ter baer
POOL	8296	0.742165428	1,5,8,10,12,16	eh hole lat of ter beale
POOL	8297	0.742136557	1,5,8,10,12,16	eh hole lotte of ter dull
POOL	8298	0.742078181	1,5,8,10,12,16	eh hole lat of ter bol
POOL	8299	0.741883673	1,5,8,10,12,16	eh hole lot of ter bell
POOL	8300	0.741881460	1,5,8,10,12,16	eh hole lat of cur bal
POOL	8301	0.741868126	1,5,8,10,12,16	eh hole lott of ter baer
POOL	8302	0.741817002	1,5,8,10,12,16	eh hole lott of ter dull
POOL	8303	0.741781991	1,5,8,10,12,16	eh hole lat of ter dell
POOL	8304	0.741752212	1,5,8,10,12,16	eh hole lotte of ter beale
POOL	8305	0.741664965	1,5,8,10,12,16	eh hole lotte of ter bol
POOL	8306	0.741581327	1,5,8,10,12,16	eh hole lat of ter beal
POOL	8307	0.741432658	1,5,8,10,12,16	eh hole lott of ter beale
POOL	8308	0.741368775	1,5,8,10,12,16	eh hole lotte of ter dell
POOL	8309	0.741354521	1,5,8,10,12,16	eh hole lot of ter bill
POOL	8310	0.741345410	1,5,8,10,12,16	eh hole lott of ter bol
POOL	8311	0.741320244	4,9,16	at-home lotta trouble
POOL	8312	0.741168111	1,5,8,10,12,16	eh hole lotte of ter beal
POOL	8313	0.741133359	1,5,8,10,12,16	eh hole lat of cur bear
POOL	8314	0.741049220	1,5,8,10,12,16	eh hole lott of ter dell
POOL	8315	0.740861427	1,5,8,10,12,16	eh hole lat of ter dal
POOL	8316	0.740848557	1,5,8,10,12,16	eh hole lott of ter beal
POOL	8317	0.740749665	1,5,8,10,12,16	eh hole lat of ter biel
POOL	8318	0.740575993	5,9,16	f-hole lotta rubble
POOL	8319	0.740448211	1,5,8,10,12,16	eh hole lotte of ter dal
POOL	8320	0.740424585	5,9,16	f-hole lotta treble
POOL	8321	0.740414397	1,5,8,10,11,16	eh hole lat of at rub
POOL	8322	0.740336449	1,5,8,10,12,16	eh hole lotte of ter biel
POOL	8323	0.740169380	6,9,10,16	hole lotta v troubled
POOL	8324	0.740128656	1,5,8,10,12,16	eh hole lott of ter dal
POOL	8325	0.740102959	1,5,8,10,12,16	eh hole lat of ter pell
POOL	8326	0.740016895	1,5,8,10,12,16	eh hole lott of ter biel
POOL	8327	0.739849171	5,9,16	f-hole let-up rubble
POOL	8328	0.739697763	5,9,16	f-hole let-up treble
POOL	8329	0.739689743	1,5,8,10,12,16	eh hole lotte of ter pell
POOL	8330	0.739533798	6,11,16	ahold entente double
POOL	8331	0.739495270	6,11,16	ahold entente rabble
POOL	8332	0.739427233	5,9,16	asshole lotta rubble
POOL	8333	0.739370188	1,5,8,10,12,16	eh hole lott of ter pell
POOL	8334	0.739275825	5,9,16	asshole lotta treble
POOL	8335	0.739080012	1,5,8,10,12,16	eh hole lat of ter delle
POOL	8336	0.738729966	1,5,8,10,12,16	eh hole lat of cur bare
POOL	8337	0.738719238	5,9,16	f-hole lotta verbal
POOL	8338	0.738700411	5,9,16	asshole let-up rubble
POOL	8339	0.738681235	1,5,8,10,12,16	eh hole lot of ter belle
POOL	8340	0.738666796	1,5,8,10,12,16	eh hole lotte of ter delle
POOL	8341	0.738572666	6,11,16	ahold entente rumble
POOL	8342	0.738558285	5,9,16	holy lotta rubble
POOL	8343	0.738549003	5,9,16	asshole let-up treble
POOL	8344	0.738406877	5,9,16	holy lotta treble
POOL	8345	0.738347242	1,5,8,10,12,16	eh hole lott of ter delle
POOL	8346	0.738127500	5,9,16	a-hole lotta rubble
POOL	8347	0.737992417	5,9,16	f-hole let-up verbal
POOL	8348	0.737976092	5,9,16	a-hole lotta treble
POOL	8349	0.737831464	5,9,16	holy let-up rubble
POOL	8350	0.737680056	5,9,16	holy let-up treble
POOL	8351	0.737570478	5,9,16	asshole lotta verbal
POOL	8352	0.737445094	1,5,8,10,12,16	eh hole lot of ter bel
POOL	8353	0.737444185	1,5,8,10,12,16	eh hole lat of cur bull
POOL	8354	0.737400679	5,9,16	a-hole let-up rubble
POOL	8355	0.737249271	5,9,16	a-hole let-up treble
POOL	8356	0.737234614	1,5,8,10,12,16	eh hole lat of cur beer
POOL	8357	0.736988690	1,5,8,10,12,16	eh hole lot of ter bal
POOL	8358	0.736843657	5,9,16	asshole let-up verbal
POOL	8359	0.736701531	5,9,16	holy lotta verbal
POOL	8360	0.736667226	4,9,16	ago lotta trouble
POOL	8361	0.736607399	1,5,8,10,12,16	eh hole lat of cur bil
POOL	8362	0.736370650	5,9,16	f-hole lotta trumbull
POOL	8363	0.736270746	5,9,16	a-hole lotta verbal
POOL	8364	0.736240589	1,5,8,10,12,16	eh hole lot of ter bear
POOL	8365	0.736064114	1,5,8,10,12,16	eh hole lat of cur del
POOL	8366	0.736020691	6,11,16	ahold entente robin
POOL	8367	0.735974709	5,9,16	holy let-up verbal
POOL	8368	0.735808586	5,9,16	ahold lotta rubble
POOL	8369	0.735657178	5,9,16	ahold lotta treble
POOL	8370	0.735643828	5,9,16	f-hole let-up trumbull
POOL	8371	0.735543924	5,9,16	a-hole let-up verbal
POOL	8372	0.735288927	1,5,8,10,12,16	eh hole lat of cur pal
POOL	8373	0.735221890	5,9,16	asshole lotta trumbull
POOL	8374	0.735081764	5,9,16	ahold let-up rubble
POOL	8375	0.735031119	1,5,8,10,12,16	eh whole lat of ter bell
POOL	8376	0.734930356	5,9,16	ahold let-up treble
POOL	8377	0.734501967	1,5,8,10,12,16	eh whole lat of ter bill
POOL	8378	0.734495068	5,9,16	asshole let-up trumbull
POOL	8379	0.734481542	1,5,8,10,12,16	eh hole lat of cur baer
POOL	8380	0.734430419	1,5,8,10,12,16	eh hole lat of cur dull
POOL	8381	0.734366770	5,9,16	f-hole lotta stubble
POOL	8382	0.734352942	5,9,16	holy lotta trumbull
POOL	8383	0.734046074	1,5,8,10,12,16	eh hole lat of cur beale
POOL	8384	0.733958827	1,5,8,10,12,16	eh hole lat of cur bol
POOL	8385	0.733951831	5,9,16	ahold lotta verbal
POOL	8386	0.733924394	6,11,16	ahold entente no.
POOL	8387	0.733922157	5,9,16	a-hole lotta trumbull
POOL	8388	0.733837196	1,5,8,10,12,16	eh hole lot of ter bare
POOL	8389	0.733662637	1,5,8,10,12,16	eh hole lat of cur dell
POOL	8390	0.733639948	5,9,16	f-hole let-up stubble
POOL	8391	0.733626121	5,9,16	holy let-up trumbull
POOL	8392	0.733461973	1,5,8,10,12,16	eh hole lat of cur beal
POOL	8393	0.733351955	1,5,8,9,16	eh hole lot uhh troubles
POOL	8394	0.733225009	5,9,16	ahold let-up verbal
POOL	8395	0.733218010	5,9,16	asshole lotta stubble
POOL	8396	0.733195335	5,9,16	a-hole let-up trumbull
POOL	8397	0.733172738	6,11,16	ahold entente herbal
POOL	8398	0.733018227	1,5,8,9,16	eh hole lot uhh troubled
POOL	8399	0.732742073	1,5,8,10,12,16	eh hole lat of cur dal
POOL	8400	0.732630311	1,5,8,10,12,16	eh hole lat of cur biel
POOL	8401	0.732551415	1,5,8,10,12,16	eh hole lot of ter bull
POOL	8402	0.732527448	6,11,16	ahold entente russell
POOL	8403	0.732491188	5,9,16	asshole let-up stubble
POOL	8404	0.732349062	5,9,16	holy lotta stubble
POOL	8405	0.732341843	1,5,8,10,12,16	eh hole lot of ter beer
POOL	8406	0.732101127	1,5,8,9,16	eh hole lot uh troubles
POOL	8407	0.731983605	1,5,8,10,12,16	eh hole lat of cur pell
POOL	8408	0.731918277	5,9,16	a-hole lotta stubble
POOL	8409	0.731828681	1,5,8,10,12,16	eh whole lat of ter belle
POOL	8410	0.731767400	1,5,8,9,16	eh hole lot uh troubled
POOL	8411	0.731714628	1,5,8,10,12,16	eh hole lot of ter bil
POOL	8412	0.731622240	5,9,16	holy let-up stubble
POOL	8413	0.731603243	5,9,16	ahold lotta trumbull
POOL	8414	0.731294760	1,5,8,10,11,16	eh hole lat of at lull
POOL	8415	0.731191455	5,9,16	a-hole let-up stubble
POOL	8416	0.731171344	1,5,8,10,12,16	eh hole lot of ter del
POOL	8417	0.730960658	1,5,8,10,12,16	eh hole lat of cur delle
POOL	8418	0.730876421	5,9,16	ahold let-up trumbull
POOL	8419	0.730592540	1,5,8,10,12,16	eh whole lat of ter bel
POOL	8420	0.730396157	1,5,8,10,12,16	eh hole lot of ter pal
POOL	8421	0.730136136	1,5,8,10,12,16	eh whole lat of ter bal
POOL	8422	0.729599363	5,9,16	ahold lotta stubble
POOL	8423	0.729588772	1,5,8,10,12,16	eh hole lot of ter baer
POOL	8424	0.729537648	1,5,8,10,12,16	eh hole lot of ter dull
POOL	8425	0.729388035	1,5,8,10,12,16	eh whole lat of ter bear
POOL	8426	0.729153304	1,5,8,10,12,16	eh hole lot of ter beale
POOL	8427	0.729066057	1,5,8,10,12,16	eh hole lot of ter bol
POOL	8428	0.728872541	5,9,16	ahold let-up stubble
POOL	8429	0.728769867	1,5,8,10,12,16	eh hole lot of ter dell
POOL	8430	0.728650596	4,9,16	uh-oh lotta trouble
POOL	8431	0.728569203	1,5,8,10,12,16	eh hole lot of ter beal
POOL	8432	0.728295845	6,9,16	ahold gotta trouble
POOL	8433	0.727849303	1,5,8,10,12,16	eh hole lot of ter dal
POOL	8434	0.727737541	1,5,8,10,12,16	eh hole lot of ter biel
POOL	8435	0.727090835	1,5,8,10,12,16	eh hole lot of ter pell
POOL	8436	0.726984642	1,5,8,10,12,16	eh whole lat of ter bare
POOL	8437	0.726127129	4,7,11,14,16	show la dumb rub al
POOL	8438	0.726067888	1,5,8,10,12,16	eh hole lot of ter delle
POOL	8439	0.725874954	6,9,16	ahold aka trouble
POOL	8440	0.725698861	1,5,8,10,12,16	eh whole lat of ter bull
POOL	8441	0.725688343	6,9,16	ahold ata trouble
POOL	8442	0.725489289	1,5,8,10,12,16	eh whole lat of ter beer
POOL	8443	0.724862075	1,5,8,10,12,16	eh whole lat of ter bil
POOL	8444	0.724442014	5,7,11,14,16	hole la cut rub all
POOL	8445	0.724332483	4,7,11,14,16	show la cut rub on
POOL	8446	0.724318790	1,5,8,10,12,16	eh whole lat of ter del
POOL	8447	0.724283108	4,8,9,16	uno lot's uhh treble
POOL	8448	0.723944283	2,4,6,7,11,16	as oh lol ahh cut rubble
POOL	8449	0.723732383	6,7,11,14,16	hole all cut rub al
POOL	8450	0.723543603	1,5,8,10,12,16	eh whole lat of ter pal
POOL	8451	0.723468577	6,7,11,14,16	hole ahh dumb rub al
POOL	8452	0.722736218	1,5,8,10,12,16	eh whole lat of ter baer
POOL	8453	0.722685094	1,5,8,10,12,16	eh whole lat of ter dull
POOL	8454	0.722641547	4,7,11,14,16	show lar cut rub al
POOL	8455	0.722300750	1,5,8,10,12,16	eh whole lat of ter beale
POOL	8456	0.722213503	1,5,8,10,12,16	eh whole lat of ter bol
POOL	8457	0.722116341	5,7,11,14,16	hole la tom rub al
POOL	8458	0.722081254	4,7,11,14,16	ho's la cut rub al
POOL	8459	0.722018995	1,5,8,10,12,16	eh whole lot of ter bell
POOL	8460	0.721917313	1,5,8,10,12,16	eh whole lat of ter dell
POOL	8461	0.721844002	2,4,7,11,12,16	death oh la cut are -able
POOL	8462	0.721769251	6,7,11,14,16	hole ahh cut rub null
POOL	8463	0.721737557	4,9,16	at-home lotta troubles
POOL	8464	0.721716649	1,5,8,10,12,16	eh whole lat of ter beal
POOL	8465	0.721489843	1,5,8,10,12,16	eh whole lot of ter bill
POOL	8466	0.721181344	4,9,16	at-home lotta troubled
POOL	8467	0.720996749	1,5,8,10,12,16	eh whole lat of ter dal
POOL	8468	0.720995462	2,4,7,11,12,16	us oh la cut sur -able
POOL	8469	0.720884987	1,5,8,10,12,16	eh whole lat of ter biel
POOL	8470	0.720308144	3,5,9,11,16	a a not vet rubble
POOL	8471	0.720238281	1,5,8,10,12,16	eh whole lat of ter pell
POOL	8472	0.719215334	1,5,8,10,12,16	eh whole lat of ter delle
POOL	8473	0.719061922	2,4,6,7,11,16	us oh lol ahh tucked rubble
POOL	8474	0.718847772	3,5,9,11,16	a a not vat rubble
POOL	8475	0.718816557	1,5,8,10,12,16	eh whole lot of ter belle
POOL	8476	0.718064917	4,7,11,14,16	show la cut lib al
POOL	8477	0.717580416	1,5,8,10,12,16	eh whole lot of ter bel
POOL	8478	0.717356708	4,6,7,11,12,16	show lol ahh cut true -able
POOL	8479	0.717294560	4,7,11,14,16	who la tucked rub al
POOL	8480	0.717124012	1,5,8,10,12,16	eh whole lot of ter bal
POOL	8481	0.717084538	4,9,16	ago lotta troubles
POOL	8482	0.716898882	4,6,7,11,12,16	show lol ahh shoved are -able
POOL	8483	0.716897524	2,4,6,7,11,16	us oh la ahh cut rubble
POOL	8484	0.716565737	2,4,6,7,11,16	us row lol ahh cut rubble
POOL	8485	0.716542807	4,7,11,14,16	show la tat rub bill
POOL	8486	0.716528641	2,4,6,7,11,16	us oh lol top cut rubble
POOL	8487	0.716528326	4,9,16	ago lotta troubled
POOL	8488	0.716375911	1,5,8,10,12,16	eh whole lot of ter bear
POOL	8489	0.716348803	4,6,7,11,12,16	co lol ahh cut are -able
POOL	8490	0.715888348	5,7,11,13,16	hole la cut run ban
POOL	8491	0.715475387	6,7,11,14,16	hole ahh cut mob al
POOL	8492	0.714402287	6,9,11,14,16	hole schott that rub al
POOL	8493	0.714277232	2,6,7,11,12,16	earth ole ahh cut are -able
POOL	8494	0.714275747	4,6,7,11,12,16	show lol far cut are -able
POOL	8495	0.714219557	4,7,11,14,16	show la puffed knob al
POOL	8496	0.713972518	1,5,8,10,12,16	eh whole lot of ter bare
POOL	8497	0.713944725	2,4,7,9,11,16	cash oh la ca that rubble
POOL	8498	0.713860107	5,9,16	f-hole lotta trouble
POOL	8499	0.713133285	5,9,16	f-hole let-up trouble
POOL	8500	0.712712021	2,6,7,11,12,16	us ole ahh cut ya -able
POOL	8501	0.712711347	5,9,16	asshole lotta trouble
POOL	8502	0.712686737	1,5,8,10,12,16	eh whole lot of ter bull
POOL	8503	0.712477165	1,5,8,10,12,16	eh whole lot of ter beer
POOL	8504	0.711984525	5,9,16	asshole let-up trouble
POOL	8505	0.711849951	1,5,8,10,12,16	eh whole lot of ter bil
POOL	8506	0.711842399	5,9,16	holy lotta trouble
POOL	8507	0.711781809	2,4,7,11,12,16	us oh la duck are -able
POOL	8508	0.711669983	4,7,11,14,16	show blah cut rub in.
POOL	8509	0.711593889	4,6,7,9,11,16	hole lol ahh ca that rubble
POOL	8510	0.711411614	5,9,16	a-hole lotta trouble
POOL	8511	0.711368224	5,7,11,14,16	foal la cut rub al
POOL	8512	0.711306666	1,5,8,10,12,16	eh whole lot of ter del
POOL	8513	0.711193491	4,7,11,14,16	co. la cut rub and
POOL	8514	0.711115578	5,9,16	holy let-up trouble
POOL	8515	0.711030479	2,4,6,7,11,16	us oh year nah cut rubble
POOL	8516	0.710775007	6,7,11,13,16	hole ahh cuz run ball
POOL	8517	0.710684793	5,9,16	a-hole let-up trouble
POOL	8518	0.710531479	1,5,8,10,12,16	eh whole lot of ter pal
POOL	8519	0.710504151	4,6,7,9,11,16	show lol ahh cause that rubble
POOL	8520	0.710176249	2,4,7,9,11,16	us oh la ca knit rubble
POOL	8521	0.709857560	4,7,9,11,12,16	show la ca that burr -able
POOL	8522	0.709724094	1,5,8,10,12,16	eh whole lot of ter baer
POOL	8523	0.709672970	1,5,8,10,12,16	eh whole lot of ter dull
POOL	8524	0.709320473	1,5,8,10,16	eh hole lat of treble
POOL	8525	0.709307206	2,4,6,9,12,16	us oh lol od true -able
POOL	8526	0.709288626	1,5,8,10,12,16	eh whole lot of ter beale
POOL	8527	0.709242936	6,9,12,16	hole odd true -able
POOL	8528	0.709201379	1,5,8,10,12,16	eh whole lot of ter bol
POOL	8529	0.709197135	1,5,8,10,16	eh hole lat of rubble
POOL	8530	0.709092700	5,9,16	ahold lotta trouble
POOL	8531	0.709067908	4,9,16	uh-oh lotta troubles
POOL	8532	0.709020516	6,7,9,11,12,16	hole ahh ca that door -able
POOL	8533	0.709019583	4,7,11,16	show la cant -able
POOL	8534	0.708905189	1,5,8,10,12,16	eh whole lot of ter dell
POOL	8535	0.708824614	1,5,8,10,16	eh hole lotte of treble
POOL	8536	0.708755600	4,7,9,11,14,16	tahoe la ca that rub al
POOL	8537	0.708713158	6,9,16	ahold gotta troubles
POOL	8538	0.708704525	1,5,8,10,12,16	eh whole lot of ter beal
POOL	8539	0.708701276	1,5,8,10,16	eh hole lotte of rubble
POOL	8540	0.708630990	6,7,11,12,16	hole ahh cut air dell
POOL	8541	0.708511696	4,9,16	uh-oh lotta troubled
POOL	8542	0.708462002	4,6,7,9,12,16	show lol ahh tod true -able
POOL	8543	0.708441149	1,5,8,10,16	eh hole lott of treble
POOL	8544	0.708365878	5,9,16	ahold let-up trouble
POOL	8545	0.708317810	1,5,8,10,16	eh hole lott of rubble
POOL	8546	0.708316179	4,6,7,11,14,16	show el-al ahh cut rub al
POOL	8547	0.708312950	1,5,8,10,16	eh hole lat of -able
POOL	8548	0.708156946	6,9,16	ahold gotta troubled
POOL	8549	0.707984625	1,5,8,10,12,16	eh whole lot of ter dal
POOL	8550	0.707896880	4,6,7,9,11,16	show al ahh ca that rubble
POOL	8551	0.707872863	1,5,8,10,12,16	eh whole lot of ter biel
POOL	8552	0.707858146	1,5,8,10,16	eh hole lat of double
POOL	8553	0.707817091	1,5,8,10,16	eh hole lotte of -able
POOL	8554	0.707777966	4,7,9,11,12,16	show la ca verse are -able
POOL	8555	0.707756861	5,7,11,14,16	ole la taft rub al
POOL	8556	0.707671438	3,4,7,11,16	who ohh la cut rub
POOL	8557	0.707537595	1,5,8,10,11,16	eh whole lot of at rub
POOL	8558	0.707433626	1,5,8,10,16	eh hole lott of -able
POOL	8559	0.707376603	3,4,6,7,11,16	who oe lol ahh cut rubble
POOL	8560	0.707362287	1,5,8,10,16	eh hole lotte of double
POOL	8561	0.707354191	2,6,7,9,12,16	us cole ahh ca true -able
POOL	8562	0.707264272	4,6,7,9,11,16	show lol bah ca that rubble
POOL	8563	0.707247581	4,7,11,16	row la cut -able
POOL	8564	0.707226157	1,5,8,10,12,16	eh whole lot of ter pell
POOL	8565	0.707157555	2,5,7,11,12,16	us ole la cut well -able
POOL	8566	0.706980619	2,4,7,11,12,16	us foe la cut are -able
POOL	8567	0.706978822	1,5,8,10,16	eh hole lott of double
POOL	8568	0.706930966	6,7,9,11,16	hole ahh took that rub
POOL	8569	0.706761009	5,9,11,14,16	hole blot that rub al
POOL	8570	0.706722586	4,6,7,11,12,16	show will ahh cut are -able
POOL	8571	0.706673929	1,5,8,10,16	eh hole lat of trumbull
POOL	8572	0.706628659	2,5,7,11,12,16	sh ole la cut are -able
POOL	8573	0.706583394	4,6,7,9,11,16	show lol ahh ca seat rubble
POOL	8574	0.706508833	6,7,9,11,12,16	hole ahh ca shirt are -able
POOL	8575	0.706336158	4,7,11,14,16	owe la cut prob al
POOL	8576	0.706292267	6,9,16	ahold aka troubles
POOL	8577	0.706239394	6,7,11,16	hole r. cut -able
POOL	8578	0.706203210	1,5,8,10,12,16	eh whole lot of ter delle
POOL	8579	0.706178070	1,5,8,10,16	eh hole lotte of trumbull
POOL	8580	0.706105656	6,9,16	ahold ata troubles
POOL	8581	0.706088999	2,4,7,9,11,16	us oh la cuz that rubble
POOL	8582	0.705938944	5,7,11,14,16	coal la cut rub hell
POOL	8583	0.705890214	2,4,7,11,13,16	aha oh la cut run bell
POOL	8584	0.705805023	4,6,7,9,12,16	show lol ahh ca ur -able
POOL	8585	0.705794605	1,5,8,10,16	eh hole lott of trumbull
POOL	8586	0.705736054	6,9,16	ahold aka troubled
POOL	8587	0.705549444	6,9,16	ahold ata troubled
POOL	8588	0.705248873	2,4,7,11,13,16	us oh la cut ora bell
POOL	8589	0.705149824	4,7,11,16	show pla cut -able
POOL	8590	0.705101092	2,4,6,7,11,16	us oh lol ahh cut trumbull
POOL	8591	0.705082260	5,7,11,13,16	holes la cut run al
POOL	8592	0.704831874	5,7,11,14,16	hole lea cut rub al
POOL	8593	0.704356003	6,7,11,16	hole ahh tat -able
POOL	8594	0.704206891	6,7,11,14,16	hole ahh cunts rub bill
POOL	8595	0.704111783	2,4,9,11,14,16	path oh lotta that rub al
POOL	8596	0.704105351	2,4,6,9,11,16	us oh lol dot that rubble
POOL	8597	0.704036544	2,6,7,11,12,16	us aux ahh cut are -able
POOL	8598	0.703993774	2,6,7,11,12,16	us ole ahh tonne are -able
POOL	8599	0.703820152	2,6,7,9,12,16	us ole ahh kun true -able
POOL	8600	0.703663318	2,4,6,8,11,16	us oh lol got ump rubble
POOL	8601	0.703585824	2,4,7,11,14,16	us oh la cut ruddy al
POOL	8602	0.703543626	3,4,6,7,11,16	who oh lol ahh taut rubble
POOL	8603	0.703444280	2,4,9,11,14,16	us oh lotta newt rub al
POOL	8604	0.703415625	6,7,9,11,14,16	hole ahh tia that rub al
POOL	8605	0.703207823	6,7,11,14,16	hole odds cut rub l.'s
POOL	8606	0.703119170	1,4,6,7,11,16	in show lol ahh cut rubble
POOL	8607	0.703092232	4,6,7,9,12,16	show yule ahh ca true -able
POOL	8608	0.703080638	2,6,7,9,12,16	us hole ahh tuck true -able
POOL	8609	0.703079363	4,7,9,11,12,16	show la cuff that are -able
POOL	8610	0.703071307	4,7,11,14,16	show rog putt rub al
POOL	8611	0.702913378	1,5,8,10,16	eh hole lat of travel
POOL	8612	0.702604035	2,6,7,11,12,16	us mole ahh cut orr -able
POOL	8613	0.702557265	4,6,7,9,12,16	show lol umm ca true -able
POOL	8614	0.702546758	2,6,7,11,12,16	aff hole ahh cut are -able
POOL	8615	0.702417519	1,5,8,10,16	eh hole lotte of travel
POOL	8616	0.702386040	6,9,12,16	hole got fer -able
POOL	8617	0.702297094	1,5,8,10,16	eh hole lat of couple
POOL	8618	0.702106826	6,7,9,11,12,16	hole ahh tech that are -able
POOL	8619	0.702078174	4,6,9,11,14,16	show lol ata et rub al
POOL	8620	0.702034053	1,5,8,10,16	eh hole lott of travel
POOL	8621	0.701992317	2,6,7,9,11,16	us ole ahh ca neat rubble
POOL	8622	0.701978606	5,7,11,14,16	hole la cut reap al
POOL	8623	0.701939282	2,6,7,9,12,16	le ole ahh ca true -able
POOL	8624	0.701803957	2,6,7,11,12,16	us ole top cut are -able
POOL	8625	0.701801235	1,5,8,10,16	eh hole lotte of couple
POOL	8626	0.701697121	2,3,6,7,11,16	us new lal ahh cut rubble
POOL	8627	0.701673414	2,3,6,7,11,16	heh new all ahh cut rubble
POOL	8628	0.701527528	1,5,8,10,16	eh hole lat of crumble
POOL	8629	0.701519976	2,6,7,9,12,16	us ole ahh ca veal -able
POOL	8630	0.701417769	1,5,8,10,16	eh hole lott of couple
POOL	8631	0.701414941	3,4,6,7,11,16	who oh eel ahh cut rubble
POOL	8632	0.701222509	4,6,9,11,12,16	show lol knot that are -able
POOL	8633	0.701207605	6,7,11,14,16	hole ahh stump knob al
POOL	8634	0.701166106	2,6,7,9,12,16	us poll ahh ca tier -able
POOL	8635	0.701151133	6,7,9,11,12,16	hole ahh cut that in. -able
POOL	8636	0.701031669	1,5,8,10,16	eh hole lotte of crumble
POOL	8637	0.700999705	6,7,11,14,16	hole ross cut reb al
POOL	8638	0.700973687	1,5,8,10,16	eh hole lat of tribal
POOL	8639	0.700779804	4,6,9,11,14,16	show lol ata that rub uhh
POOL	8640	0.700648203	1,5,8,10,16	eh hole lott of crumble
POOL	8641	0.700592341	4,6,7,11,14,16	tahoe lol ahh cut rub ahl
POOL	8642	0.700580501	2,4,7,11,13,16	us oh la cut run rubble
POOL	8643	0.700577003	1,4,7,11,12,16	y'are show la cut are -able
POOL	8644	0.700535178	2,4,7,11,12,16	lush oh la dot are -able
POOL	8645	0.700498178	2,4,6,9,12,16	ish oh lol tonne true -able
POOL	8646	0.700477828	1,5,8,10,16	eh hole lotte of tribal
POOL	8647	0.700385889	4,6,9,11,14,16	rowe lol ata that rub al
POOL	8648	0.700366031	3,4,6,7,11,16	who oh lol boss cut rubble
POOL	8649	0.700274804	4,6,9,11,14,16	show el ata that rub al
POOL	8650	0.700130386	4,6,7,11,12,16	ro lol ahh cut sir -able
POOL	8651	0.700094362	1,5,8,10,16	eh hole lott of tribal
POOL	8652	0.699912307	2,5,7,9,12,16	us ole la ca turk -able
POOL	8653	0.699871849	4,6,7,11,12,16	rho lol odd cut are -able
POOL	8654	0.699863207	1,5,8,10,16	eh hole lat of rebel
POOL	8655	0.699722773	2,6,9,11,14,16	mass. ole ata that rub al
POOL	8656	0.699659248	4,7,9,11,12,16	haute la ca fat are -able
POOL	8657	0.699657271	2,5,7,9,11,16	hmm ole la ca that rubble
POOL	8658	0.699573768	4,6,7,11,13,16	show lol uh-uh cut run bell
POOL	8659	0.699448843	4,7,9,11,12,16	hoes la ca that r. -able
POOL	8660	0.699367348	1,5,8,10,16	eh hole lotte of rebel
POOL	8661	0.699280063	2,4,5,7,11,16	us oh all la putt rubble
POOL	8662	0.699260369	2,4,5,7,11,16	us oh lease la cut rubble
POOL	8663	0.699254821	1,6,7,11,12,16	f. hole ahh cut are -able
POOL	8664	0.699181285	4,6,7,11,12,16	show lol na tock are -able
POOL	8665	0.699046555	6,7,11,12,16	hole ahh cut all delle
POOL	8666	0.699002577	6,7,11,14,16	hole ha dot rub heir
POOL	8667	0.698983883	1,5,8,10,16	eh hole lott of rebel
POOL	8668	0.698855595	2,4,7,9,11,16	us woah la ca that rubble
POOL	8669	0.698797448	2,4,7,11,12,16	us au la tongued are -able
POOL	8670	0.698725515	2,4,9,11,12,16	us oh lat that ver -able
POOL	8671	0.698706148	2,4,7,11,12,16	esque oh la cut ver -able
POOL	8672	0.698667930	6,7,9,11,12,16	hole ahh ca mat ar -able
POOL	8673	0.698638837	1,5,8,10,16	eh hole lat of triple
POOL	8674	0.698622631	3,4,6,7,11,16	ha oh lol ahh cut rubble
POOL	8675	0.698582893	1,5,8,10,16	eh hole lat of rabble
POOL	8676	0.698489785	4,7,9,11,14,16	show la ca that rub awful
POOL	8677	0.698428527	5,7,11,16	hole la ton -able
POOL	8678	0.698417958	1,5,8,10,11,16	eh whole lot of at lull
POOL	8679	0.698387485	1,2,4,7,11,16	uhh her oh la dove rubble
POOL	8680	0.698381550	5,7,11,14,16	shoal rob cut rub al
POOL	8681	0.698378892	4,6,9,11,13,16	aux lol ata that run bell
POOL	8682	0.698269015	2,6,7,9,11,16	us cole ahh ca that rubble
POOL	8683	0.698221457	2,4,5,7,11,16	mush oh all la cut rubble
POOL	8684	0.698167603	1,5,8,10,16	eh hole lat of trouble
POOL	8685	0.698142978	1,5,8,10,16	eh hole lotte of triple
POOL	8686	0.698087034	1,5,8,10,16	eh hole lotte of rabble
POOL	8687	0.698068489	5,7,9,11,12,16	hole la ca mach are -able
POOL	8688	0.697961030	5,7,11,14,16	hole tra cut rub sell
POOL	8689	0.697945851	2,6,7,9,12,16	us ole bought ca true -able
POOL	8690	0.697881776	2,6,7,9,11,16	us poll ahh ca fat rubble
POOL	8691	0.697759513	1,5,8,10,16	eh hole lott of triple
POOL	8692	0.697703568	1,5,8,10,16	eh hole lott of rabble
POOL	8693	0.697671744	1,5,8,10,16	eh hole lotte of trouble
POOL	8694	0.697467073	2,6,9,11,14,16	us ole ata vod rub al
POOL	8695	0.697288279	1,5,8,10,16	eh hole lott of trouble
POOL	8696	0.697271349	6,9,11,16	hole got vick -able
POOL	8697	0.697099946	4,7,9,11,12,16	show rob ca that are -able
POOL	8698	0.697079158	2,5,7,11,12,16	us ole la taunt are -able
POOL	8699	0.696898914	6,7,11,14,16	hole duh tubs rub al
POOL	8700	0.696759645	2,5,7,9,12,16	us ole la com true -able
POOL	8701	0.696742802	5,7,11,13,16	hole la puffed run il
POOL	8702	0.696707454	1,5,8,10,16	eh hole lat of publ
POOL	8703	0.696681920	2,5,7,9,11,16	us ole la ca bought rubble
POOL	8704	0.696656467	1,5,8,10,16	eh hole lat of rumble
POOL	8705	0.696616376	1,4,7,11,12,16	uhh show la cut look -able
POOL	8706	0.696577590	1,5,8,10,16	eh hole lat of tumble
POOL	8707	0.696476493	2,4,6,7,11,16	us d'oh lol ahh cut ramble
POOL	8708	0.696430231	4,7,11,14,16	hu ross cut rub al
POOL	8709	0.696232291	3,4,6,7,11,16	who oh lol ahh cut lovell
POOL	8710	0.696211595	1,5,8,10,16	eh hole lotte of publ
POOL	8711	0.696196306	6,9,11,16	hole awe that -able
POOL	8712	0.696160608	1,5,8,10,16	eh hole lotte of rumble
POOL	8713	0.696150192	2,4,7,11,14,16	us oath la cut rub -able
POOL	8714	0.696081731	1,5,8,10,16	eh hole lotte of tumble
POOL	8715	0.696073919	2,6,7,11,12,16	x ole ahh cut r. -able
POOL	8716	0.695951294	2,4,7,11,12,16	us oh lakh shoved are -able
POOL	8717	0.695828130	1,5,8,10,16	eh hole lott of publ
POOL	8718	0.695784240	1,5,8,10,16	eh hole lat of tremble
POOL	8719	0.695777142	1,5,8,10,16	eh hole lott of rumble
POOL	8720	0.695698266	1,5,8,10,16	eh hole lott of tumble
POOL	8721	0.695623669	2,4,6,7,11,16	bath oh lol ahh thom rubble
POOL	8722	0.695565396	4,6,7,11,12,16	show lol ahh cut are fumble
POOL	8723	0.695500923	2,3,5,7,11,16	us new all la tent rubble
POOL	8724	0.695315599	1,5,8,10,16	eh hole lat of truffle
POOL	8725	0.695288381	1,5,8,10,16	eh hole lotte of tremble
POOL	8726	0.695187142	2,4,7,11,14,16	us oh leia taj rub al
POOL	8727	0.695135048	1,4,6,7,11,16	uhh show lol ahh tet rubble
POOL	8728	0.695098275	4,7,9,11,14,16	show rai ca that rub al
POOL	8729	0.694973288	1,6,7,11,12,16	uhh hole ahh cut arm -able
POOL	8730	0.694968240	2,6,7,11,12,16	us owe ahh shut are -able
POOL	8731	0.694904916	1,5,8,10,16	eh hole lott of tremble
POOL	8732	0.694819740	1,5,8,10,16	eh hole lotte of truffle
POOL	8733	0.694802856	4,6,9,11,13,16	show lol ata that rag bell
POOL	8734	0.694799842	5,7,9,11,12,16	hole la calm fat are -able
POOL	8735	0.694787143	2,5,7,11,12,16	us cold la cut are -able
POOL	8736	0.694759905	4,6,7,9,12,16	show ya'll ahh ca fur -able
POOL	8737	0.694667162	4,7,9,16	show la two treble
POOL	8738	0.694654163	1,5,8,10,16	eh hole lat of stubble
POOL	8739	0.694641197	4,6,7,9,12,16	foe lol ahh ca stare -able
POOL	8740	0.694621834	2,3,6,7,11,16	us coo all ahh cut rubble
POOL	8741	0.694580359	3,6,7,11,16	who ruhr ahh cut rub
POOL	8742	0.694545664	4,7,11,16	show la cut trumbull
POOL	8743	0.694504709	6,11,12,16	hole tut ya -able
POOL	8744	0.694451052	2,6,9,11,14,16	es bowl ata that rub al
POOL	8745	0.694436274	1,5,8,10,16	eh hole lott of truffle
POOL	8746	0.694422537	4,6,9,11,13,16	show lol ata v. run bell
POOL	8747	0.694406703	2,6,7,9,11,16	us ole sa ca that rubble
POOL	8748	0.694378070	1,4,7,11,12,16	uhh show la pumped are -able
POOL	8749	0.694287664	2,5,7,9,12,16	f. ole la two true -able
POOL	8750	0.694277420	5,9,16	f-hole lotta troubles
POOL	8751	0.694257666	2,5,7,9,12,16	gus ole la ca true -able
POOL	8752	0.694188267	1,5,7,11,12,16	uhh hole la cut in -able
POOL	8753	0.694182583	2,4,7,9,11,16	gus oh la tag that rubble
POOL	8754	0.694158304	1,5,8,10,16	eh hole lotte of stubble
POOL	8755	0.693995461	2,6,7,9,11,16	us hole ahh tuck that rubble
POOL	8756	0.693931227	4,6,7,9,11,16	show lol ahh ca that rattle
POOL	8757	0.693774839	1,5,8,10,16	eh hole lott of stubble
POOL	8758	0.693740926	2,5,7,11,12,16	us go la cut hair -able
POOL	8759	0.693740702	2,4,9,11,14,16	us oh lotta that rub pair
POOL	8760	0.693705924	1,5,8,10,16	eh hole lot of treble
POOL	8761	0.693621428	1,2,4,7,11,16	e.'s her oh la cut rubble
POOL	8762	0.693582586	1,5,8,10,16	eh hole lot of rubble
POOL	8763	0.693561069	1,5,8,10,16	eh hole lat of dribble
POOL	8764	0.693558561	2,3,5,7,11,16	wes new all la cut rubble
POOL	8765	0.693542236	3,4,6,7,11,16	who au lol ahh dumped rubble
POOL	8766	0.693516407	4,6,9,11,14,16	show lol ata that nod al
POOL	8767	0.693452935	1,4,6,7,11,16	uhh hoes lol ahh cut rubble
POOL	8768	0.693438745	5,7,9,11,12,16	hall la ca that roo -able
POOL	8769	0.693337741	4,6,7,9,12,16	o learn ahh ca true -able
POOL	8770	0.693288747	3,7,11,16	who la todd -able
POOL	8771	0.693278519	5,7,9,11,12,16	cole la ca that are -able
POOL	8772	0.693204285	4,6,7,9,12,16	hone lol hah ca true -able
POOL	8773	0.693194759	2,6,7,11,12,16	us sole pa cut are -able
POOL	8774	0.693088097	3,4,6,7,11,16	who know lon ahh cut rubble
POOL	8775	0.693065210	1,5,8,10,16	eh hole lotte of dribble
POOL	8776	0.693022084	2,4,7,11,12,16	apps oh rog cut are -able
POOL	8777	0.692994520	4,6,9,11,14,16	show y'all ata food rub al
POOL	8778	0.692966999	4,6,7,11,12,16	show drill ahh pot are -able
POOL	8779	0.692957936	2,4,6,7,11,16	ing oh ell ahh cut rubble
POOL	8780	0.692906131	4,6,7,11,14,16	show really ahh cut rub bal
POOL	8781	0.692888207	1,4,6,7,11,16	uhh show clear ahh cut rubble
POOL	8782	0.692847232	2,6,7,11,13,16	us molar ahh cut run bell
POOL	8783	0.692827008	2,6,7,11,13,16	us ole ahh cut run balloon
POOL	8784	0.692735518	1,5,8,10,16	eh hole lat of cobble
POOL	8785	0.692713506	4,7,9,11,12,16	show lille ca that yoo -able
POOL	8786	0.692698401	1,5,8,10,16	eh hole lot of -able
POOL	8787	0.692681745	1,5,8,10,16	eh hole lott of dribble
POOL	8788	0.692670559	1,4,7,11,12,16	ahh show la cut ann -able
POOL	8789	0.692663573	1,4,7,9,11,16	umm show la ca that rubble
POOL	8790	0.692629270	4,6,9,11,13,16	show neal ata that run bell
POOL	8791	0.692595839	5,7,11,13,16	hole la cut yacht bells'
POOL	8792	0.692545943	4,7,9,11,12,16	show la cum voss are -able
POOL	8793	0.692467909	1,6,7,11,12,16	uhh whole ahh cut are -able
POOL	8794	0.692455965	2,4,8,9,11,16	us oh locked uhh that rubble
POOL	8795	0.692437257	1,6,7,11,12,16	uhh hole ahh cuffs are -able
POOL	8796	0.692436377	1,5,8,10,16	eh hole lat of cuddle
POOL	8797	0.692416058	2,4,5,9,14,16	ass know law lotta club al
POOL	8798	0.692396568	1,4,6,7,11,16	uhh show lol huh cut rubble
POOL	8799	0.692266772	5,7,11,13,16	hole yacht cut run bil
POOL	8800	0.692245566	4,6,7,11,14,16	ahoy well ahh cut rub al
POOL	8801	0.692243597	1,5,8,10,16	eh hole lot of double
POOL	8802	0.692239659	1,5,8,10,16	eh hole lotte of cobble
POOL	8803	0.692237797	2,4,9,12,16	us oh lotta straw -able
POOL	8804	0.692166086	2,5,7,9,11,16	us ole la pub that rubble
POOL	8805	0.691940518	1,5,8,10,16	eh hole lotte of cuddle
POOL	8806	0.691856193	1,5,8,10,16	eh hole lott of cobble
POOL	8807	0.691736234	4,6,7,11,12,16	hoo lean ahh cut are -able
POOL	8808	0.691653307	1,4,9,11,14,16	uhh show lotta that rub tell
POOL	8809	0.691557052	1,5,8,10,16	eh hole lott of cuddle
POOL	8810	0.691546084	1,5,8,10,16	eh hole lat of scrabble
POOL	8811	0.691487613	1,6,7,9,11,16	eff hole ahh ca that rubble
POOL	8812	0.691446990	2,3,6,7,11,16	us new all ahh cuck rubble
POOL	8813	0.691416510	1,5,8,10,16	eh hole lat of herbal
POOL	8814	0.691402917	4,7,11,12,16	show layla cut air -able
POOL	8815	0.691291526	4,7,11,12,13,16	show la cut are uhh bali
POOL	8816	0.691239083	1,5,8,10,16	eh hole lat of topple
POOL	8817	0.691184460	2,5,7,10,12,16	pass ole la tough true -able
POOL	8818	0.691059380	1,5,8,10,16	eh hole lot of trumbull
POOL	8819	0.691050225	1,5,8,10,16	eh hole lotte of scrabble
POOL	8820	0.691002258	5,7,11,14,16	hole la tubs rub til
POOL	8821	0.690996131	2,7,11,16	esse ole cut -able
POOL	8822	0.690972616	2,5,7,11,13,16	usher ole la cut run bell
POOL	8823	0.690920651	1,5,8,10,16	eh hole lotte of herbal
POOL	8824	0.690895409	2,6,9,11,13,16	hur ole ata that run bell
POOL	8825	0.690857540	6,9,11,14,16	hole pah shirt rub al
POOL	8826	0.690764473	2,4,7,11,14,16	us no rah-rah cut rub al
POOL	8827	0.690743224	1,5,8,10,16	eh hole lotte of topple
POOL	8828	0.690737414	2,5,7,11,12,16	us ole block cut are -able
POOL	8829	0.690693523	2,4,5,7,11,16	gas oh learn la cut rubble
POOL	8830	0.690666759	1,5,8,10,16	eh hole lott of scrabble
POOL	8831	0.690655926	4,7,9,11,12,16	show lok ca vault are -able
POOL	8832	0.690610879	4,6,8,9,11,16	au lol got uhh that rubble
POOL	8833	0.690537186	1,5,8,10,16	eh hole lott of herbal
POOL	8834	0.690481492	4,7,9,12,16	show la come inter -able
POOL	8835	0.690434640	1,3,6,7,11,16	uhh who all ahh dust rubble
POOL	8836	0.690376372	2,6,7,11,12,16	ex ole ahh can't are -able
POOL	8837	0.690359758	1,5,8,10,16	eh hole lott of topple
POOL	8838	0.690322602	3,4,6,7,11,16	who aux lol com cut rubble
POOL	8839	0.690214216	4,6,11,16	show wall tut -able
POOL	8840	0.690158401	2,4,5,7,11,16	hou oh all la shut rubble
POOL	8841	0.690124186	4,6,9,11,14,16	hole lord ata that rub al
POOL	8842	0.690075245	2,5,7,11,12,16	x ole la stunt are -able
POOL	8843	0.690049168	1,3,6,7,11,16	le who lil ahh cut rubble
POOL	8844	0.690030461	4,7,11,12,13,16	show loa cut are uhh bell
POOL	8845	0.689973795	1,5,7,11,12,16	uhh hole la tonne are -able
POOL	8846	0.689905621	2,5,6,7,11,16	us ole all ahh tom rubble
POOL	8847	0.689898393	2,5,6,7,11,16	us ole neil ahh cut rubble
POOL	8848	0.689872877	1,5,7,9,12,16	i. hole la ca true -able
POOL	8849	0.689759478	2,6,9,11,13,16	us ole ata v run bell
POOL	8850	0.689748066	2,4,5,9,14,16	ass know law lotta club air
POOL	8851	0.689732784	1,5,7,9,11,16	uhh hole la tub that rubble
POOL	8852	0.689732355	4,6,7,11,12,16	show lark ahh cut yah -able
POOL	8853	0.689712459	5,7,11,14,16	hole plot thom rub al
POOL	8854	0.689602711	1,4,7,9,11,16	uhh show la turn that rubble
POOL	8855	0.689587438	1,5,8,10,16	eh hole lat of trimble
POOL	8856	0.689462936	5,7,11,16	holed la cut -able
POOL	8857	0.689456692	3,4,6,7,11,16	hong oh lol ahh cuz rubble
POOL	8858	0.689371287	4,6,9,11,14,16	co. lol ata seat rub al
POOL	8859	0.689346537	2,5,7,10,12,16	us full la tough true -able
POOL	8860	0.689261991	2,6,7,9,12,16	eff olde ahh ca true -able
POOL	8861	0.689246919	4,6,7,11,13,16	ahold lol ahh cut run dull
POOL	8862	0.689195010	1,6,7,11,12,16	uhh hole knock cut are -able
POOL	8863	0.689091579	1,5,8,10,16	eh hole lotte of trimble
POOL	8864	0.689083387	2,4,7,9,11,16	et oh la ca mutt rubble
POOL	8865	0.689044043	2,5,7,9,12,16	us olde la ca straw -able
POOL	8866	0.689017745	2,3,5,9,14,16	ass new full lotta club al
POOL	8867	0.688979732	2,4,7,9,11,16	les tow la ca that rubble
POOL	8868	0.688936628	2,6,9,11,14,16	us ole otter that rub al
POOL	8869	0.688929133	2,4,6,7,11,16	haw note lol ahh cut rubble
POOL	8870	0.688891666	6,7,9,16	hole ahh tub treble
POOL	8871	0.688883211	2,5,7,10,12,16	us ole la tough tan -able
POOL	8872	0.688773175	2,5,6,7,11,16	seth ole all ahh cut rubble
POOL	8873	0.688758008	6,7,11,16	hole ahh cut nibble
POOL	8874	0.688708113	1,5,8,10,16	eh hole lott of trimble
POOL	8875	0.688675424	2,5,9,11,14,16	us ole lotta neck rub al
POOL	8876	0.688613328	2,4,5,9,13,16	ass know law lotta tra bell
POOL	8877	0.688590446	2,4,5,9,14,16	ass know law lotta scrub al
POOL	8878	0.688577875	1,5,8,10,16	eh hole lat of trample
POOL	8879	0.688564686	2,4,5,9,13,16	ass know law lotta truck bell
POOL	8880	0.688551960	1,5,8,9,11,14,16	eh hole lat uhh that rub al
POOL	8881	0.688532774	1,6,7,9,11,16	uhh hole ahh dub that rubble
POOL	8882	0.688510148	2,6,7,9,11,16	eff olde ahh ca that rubble
POOL	8883	0.688506259	1,4,7,11,12,16	uhh show lor cut are -able
POOL	8884	0.688466638	2,3,4,9,13,16	ass new oh lotta tra bell
POOL	8885	0.688443756	2,3,4,9,14,16	ass new oh lotta scrub al
POOL	8886	0.688399421	3,4,6,7,11,16	s. oh lol ott cut rubble
POOL	8887	0.688329034	2,3,6,7,11,16	us new lull da cut rubble
POOL	8888	0.688270161	2,4,8,9,11,16	us oh lat uhh thee rubble
POOL	8889	0.688269658	1,5,8,10,16	eh hole lat of straddle
POOL	8890	0.688205932	1,4,6,9,14,16	eh ho lol ata club al
POOL	8891	0.688198960	6,9,13,16	hole got fra -able
POOL	8892	0.688125384	1,5,8,10,16	eh hole lat of dabble
POOL	8893	0.688084176	2,4,5,9,13,16	ass know law lotta tra bill
POOL	8894	0.688082016	1,5,8,10,16	eh hole lotte of trample
POOL	8895	0.688078735	2,6,7,9,12,16	eff ole ahh ca ville -able
POOL	8896	0.688039930	1,4,7,11,12,16	uhh code la cut are -able
POOL	8897	0.688035534	2,4,5,9,13,16	ass know law lotta truck bill
POOL	8898	0.687977745	1,3,6,7,11,16	uhh who lore ahh cut rubble
POOL	8899	0.687971647	2,4,5,9,14,16	ass know law lotta club ill
POOL	8900	0.687923871	1,5,8,9,11,14,16	eh hole lott uhh that rub al
POOL	8901	0.687882271	1,5,8,10,16	eh hole lat of trodden
POOL	8902	0.687866167	2,4,5,9,14,16	ass know law lotta club well
POOL	8903	0.687850330	4,6,11,16	aux lol tut -able
POOL	8904	0.687821550	2,6,9,11,14,16	us ole ata that rub wear
POOL	8905	0.687773799	1,5,8,10,16	eh hole lotte of straddle
POOL	8906	0.687714302	2,5,7,11,12,16	bess ole la cut your -able
POOL	8907	0.687698551	1,5,8,10,16	eh hole lott of trample
POOL	8908	0.687629525	1,5,8,10,16	eh hole lotte of dabble
POOL	8909	0.687624735	6,7,9,11,12,16	hole ahh cod to are -able
POOL	8910	0.687507256	2,6,7,12,16	us aux ahh t'other -able
POOL	8911	0.687484731	2,4,7,9,11,16	us oh la ca that waddle
POOL	8912	0.687470856	1,4,6,9,11,16	uhh show lol tot that rubble
POOL	8913	0.687453943	2,4,5,9,14,16	ass know law lotta club el
POOL	8914	0.687390333	1,5,8,10,16	eh hole lott of straddle
POOL	8915	0.687388535	4,6,8,9,11,16	show lol got uhh voss rubble
POOL	8916	0.687386412	1,5,8,10,16	eh hole lotte of trodden
POOL	8917	0.687306418	2,4,5,7,11,16	eh roe all la cut rubble
POOL	8918	0.687298829	1,5,8,10,16	eh hole lot of travel
POOL	8919	0.687287228	4,6,8,9,11,16	show lol shots uhh that rubble
POOL	8920	0.687246059	1,5,8,10,16	eh hole lott of dabble
POOL	8921	0.687127333	6,7,11,14,16	hole ahh tuff snub bell
POOL	8922	0.687007671	2,4,5,9,14,16	ass know law lotta rub al
POOL	8923	0.687002947	1,5,8,10,16	eh hole lott of trodden
POOL	8924	0.686956211	2,4,7,11,13,16	eh oh libra cut run bell
POOL	8925	0.686807779	2,6,7,11,12,16	us ole wah kat are -able
POOL	8926	0.686797801	2,3,5,7,11,16	us new lieu la cut rubble
POOL	8927	0.686755427	2,4,5,9,14,16	ass know law lotta club l
POOL	8928	0.686751619	2,4,5,9,14,16	ass know law lotta club elle
POOL	8929	0.686716981	4,9,11,12,16	show lotta that long -able
POOL	8930	0.686690665	5,9,11,12,16	hole lotta that ur -able
POOL	8931	0.686682545	1,5,8,10,16	eh hole lot of couple
POOL	8932	0.686566266	2,4,9,11,14,16	us shown lotta that rub al
POOL	8933	0.686531670	4,6,7,11,13,16	owe lilly ahh cut run bell
POOL	8934	0.686529197	6,9,11,12,16	hole ata that rock -able
POOL	8935	0.686484265	4,8,9,12,16	show lat uhh true bare
POOL	8936	0.686475283	2,4,9,11,14,16	us oh lotta that rot al
POOL	8937	0.686394095	1,4,9,11,12,16	s. show lat that raw -able
POOL	8938	0.686349752	2,3,5,9,14,16	ass new full lotta club air
POOL	8939	0.686344708	2,5,7,9,12,16	us ole ha ca true -able
POOL	8940	0.686319395	1,2,4,7,11,16	uhh hath oh la cut rubble
POOL	8941	0.686314541	2,5,7,12,16	us know la t'other -able
POOL	8942	0.686198090	2,6,8,9,11,16	us bowl got uhh that rubble
POOL	8943	0.686187844	2,5,7,11,13,16	us polar la cut run bell
POOL	8944	0.686164453	4,6,7,9,11,16	hou lol ahh ca moot rubble
POOL	8945	0.686107645	6,10,12,16	hole taj true -able
POOL	8946	0.685967294	2,4,9,11,14,16	hesse oh lotta that rub eyre
POOL	8947	0.685954283	1,2,6,7,11,16	sea her ole ahh cut rubble
POOL	8948	0.685952059	1,5,7,11,14,16	eh hole la covet rub al
POOL	8949	0.685922454	2,4,5,9,14,16	ass know law lotta scrub air
POOL	8950	0.685912979	1,5,8,10,16	eh hole lot of crumble
POOL	8951	0.685898625	2,5,7,9,12,16	es ole la ca tol -able
POOL	8952	0.685886762	2,6,7,11,16	us only ahh putt rubble
POOL	8953	0.685885037	1,4,7,10,12,16	e'er show la tough true -able
POOL	8954	0.685841857	2,4,8,9,11,16	yes oh lat umm that rubble
POOL	8955	0.685834822	4,6,9,11,14,16	hone lol ata that rub are
POOL	8956	0.685809532	4,6,8,9,11,16	show kneel got uhh that rubble
POOL	8957	0.685790530	4,6,9,11,16	show lol aa that rubble
POOL	8958	0.685762209	1,5,7,11,14,16	uh hole la covet rub al
POOL	8959	0.685759643	4,6,8,9,11,16	show lol got ed that rubble
POOL	8960	0.685571115	1,5,8,9,11,14,16	eh hole lat uhh pfft rub al
POOL	8961	0.685568445	1,3,6,7,11,16	im who all ahh cut rubble
POOL	8962	0.685537939	1,4,6,9,14,16	eh ho lol ata club air
POOL	8963	0.685527626	4,6,7,9,11,16	show clair ahh ca meat rubble
POOL	8964	0.685482860	1,5,8,10,16	eh whole lat of treble
POOL	8965	0.685434432	2,4,5,9,14,16	ass know law lotta club ell
POOL	8966	0.685410890	2,4,5,9,13,16	ass know law lotta tra belle
POOL	8967	0.685362249	2,4,5,9,13,16	ass know law lotta truck belle
POOL	8968	0.685359521	1,5,8,10,16	eh whole lat of rubble
POOL	8969	0.685359138	1,5,8,10,16	eh hole lot of tribal
POOL	8970	0.685315268	2,6,9,11,14,16	us vole ata feat rub al
POOL	8971	0.685312258	1,5,8,9,11,14,16	eh hole lat uhh that rub air
POOL	8972	0.685305361	1,5,7,12,14,16	eh hole la t'other up al
POOL	8973	0.685277971	1,6,7,11,12,16	uhh haul ahh cut law -able
POOL	8974	0.685272368	5,7,9,12,16	hole la come der baer
POOL	8975	0.685264200	2,3,4,9,13,16	ass new oh lotta tra belle
POOL	8976	0.685212091	5,7,11,14,16	hole la cuffs le al
POOL	8977	0.685166373	2,3,5,9,13,16	ass new full lotta truck bell
POOL	8978	0.685128674	2,5,8,9,12,16	us ole lat uhh term -able
POOL	8979	0.685115512	1,5,7,12,14,16	uh hole la t'other up al
POOL	8980	0.685104404	1,4,5,7,11,16	al show all la cut rubble
POOL	8981	0.685030599	2,4,9,12,16	hash oh lotta true -able
POOL	8982	0.684992347	1,6,9,11,12,16	uhh hole op that are -able
POOL	8983	0.684943026	1,5,8,9,11,14,16	eh hole lott uhh pfft rub al
POOL	8984	0.684924374	1,4,6,7,11,16	sir show lol ahh tum rubble
POOL	8985	0.684882645	2,6,7,11,16	us only far cut rubble
POOL	8986	0.684819359	2,4,9,11,16	us oh lotta matte rubble
POOL	8987	0.684798935	4,6,9,16	sho lol got treble
POOL	8988	0.684732284	2,4,5,9,13,16	ass know law lotta struck bell
POOL	8989	0.684729343	1,4,6,9,14,16	eh ho lol aka club al
POOL	8990	0.684725837	2,6,8,9,11,16	les ole got uhh that rubble
POOL	8991	0.684712338	1,6,7,9,11,16	uhh hole ahh ca ott rubble
POOL	8992	0.684684169	1,5,8,9,11,14,16	eh hole lott uhh that rub air
POOL	8993	0.684677667	1,5,8,9,11,14,16	eh hole lat uh pfft rub al
POOL	8994	0.684656984	2,4,5,9,14,16	ass know law lotta club tell
POOL	8995	0.684637220	2,3,5,9,13,16	ass new full lotta truck bill
POOL	8996	0.684598397	4,9,14,16	show lotta club yell
POOL	8997	0.684584004	2,4,7,9,11,16	esse oh la ca that nadal
POOL	8998	0.684573334	2,3,5,9,14,16	ass new full lotta club ill
POOL	8999	0.684541480	1,4,7,11,12,16	in show la cant are -able
POOL	9000	0.684533133	2,5,7,11,12,16	us dole la taj are -able
POOL	9001	0.684528462	1,6,7,11,12,16	in hole ahh cut wee -able
POOL	9002	0.684514564	4,6,7,12,16	show lol todd t'other -able
POOL	9003	0.684475337	1,5,8,10,16	eh whole lat of -able
POOL	9004	0.684444469	2,6,7,11,13,16	us ow ahh covered run bell
POOL	9005	0.684414401	4,9,11,12,16	show lotta sought air -able
POOL	9006	0.684408613	1,4,7,11,14,16	uhh show la cut rub alot
POOL	9007	0.684355427	4,6,9,11,16	sew lol ata that rubble
POOL	9008	0.684354560	1,4,6,9,13,16	eh ho lol ata truck bell
POOL	9009	0.684339678	2,4,5,9,14,16	ass know law lotta rub air
POOL	9010	0.684315193	1,5,7,9,11,16	uhh hole la ca matt rubble
POOL	9011	0.684315140	5,7,9,11,12,16	hole la ca that a -able
POOL	9012	0.684302529	1,5,7,12,13,16	eh hole la t'other uhh bell
POOL	9013	0.684257409	2,4,6,7,11,16	hmmm oh lol ahh cut grapple
POOL	9014	0.684248658	1,5,8,10,16	eh hole lot of rebel
POOL	9015	0.684247930	4,6,7,12,16	show lyn ahh t'other -able
POOL	9016	0.684238724	1,5,8,9,11,14,16	eh hole lat uhh that rub el
POOL	9017	0.684227120	1,5,9,11,14,16	awe hole lotta that rub al
POOL	9018	0.684203131	2,4,5,9,13,16	ass know law lotta struck bill
POOL	9019	0.684174749	2,4,5,9,13,16	ass know law lotta tra bel
POOL	9020	0.684164310	1,5,7,9,12,16	uhh hole la 'cause true -able
POOL	9021	0.684150846	2,4,9,11,14,16	assed oh lotta that grub al
POOL	9022	0.684146035	2,4,5,9,14,16	ass know law lotta scrub ill
POOL	9023	0.684132766	1,5,8,9,11,14,16	eh hole lat uhh that rub ill
POOL	9024	0.684132480	2,5,7,10,12,16	us ole nga tough true -able
POOL	9025	0.684126107	2,4,5,9,13,16	ass know law lotta truck bel
POOL	9026	0.684112679	1,5,7,12,13,16	uh hole la t'other uhh bell
POOL	9027	0.684111743	4,6,9,12,16	show lol ata vers -able
POOL	9028	0.684086213	3,7,11,16	who la cut ruble
POOL	9029	0.684055629	2,3,5,9,14,16	ass new full lotta club el
POOL	9030	0.684050275	6,9,11,12,16	hole ata shirt air -able
POOL	9031	0.684049578	1,5,8,9,11,14,16	eh hole lott uh pfft rub al
POOL	9032	0.684040555	2,4,5,9,14,16	ass know law lotta scrub well
POOL	9033	0.684039204	1,4,6,7,11,16	earth show lure ahh cut rubble
POOL	9034	0.684028059	2,3,4,9,13,16	ass new oh lotta tra bel
POOL	9035	0.684020533	1,5,8,10,16	eh whole lat of double
POOL	9036	0.683943468	5,8,11,14,16	roll lat love rub al
POOL	9037	0.683925817	3,6,11,16	sue all tut -able
POOL	9038	0.683900184	2,4,8,9,11,16	is oh lat uhh shit rubble
POOL	9039	0.683833759	1,6,7,10,12,16	m hole ahh tough true -able
POOL	9040	0.683825407	1,4,6,9,13,16	eh ho lol ata truck bill
POOL	9041	0.683792903	4,6,9,11,16	show lol ata matte rubble
POOL	9042	0.683773376	1,5,7,12,13,16	eh hole la t'other uhh bill
POOL	9043	0.683761521	1,4,6,9,14,16	eh ho lol ata club ill
POOL	9044	0.683718345	2,4,5,9,13,16	ass know law lotta tra bal
POOL	9045	0.683669703	2,4,5,9,13,16	ass know law lotta truck bal
POOL	9046	0.683656040	1,4,6,9,14,16	eh ho lol ata club well
POOL	9047	0.683639996	1,5,8,9,11,14,16	eh hole lat uhh that rub l
POOL	9048	0.683636732	1,5,8,9,11,14,16	eh hole lat uhh that rub elle
POOL	9049	0.683628331	2,4,5,9,14,16	ass know law lotta scrub el
POOL	9050	0.683610635	1,5,8,9,11,14,16	eh hole lott uhh that rub el
POOL	9051	0.683583527	1,5,7,12,13,16	uh hole la t'other uhh bill
POOL	9052	0.683571654	2,3,4,9,13,16	ass new oh lotta tra bal
POOL	9053	0.683536840	2,4,5,9,14,16	ass know law lotta club else
POOL	9054	0.683504677	1,5,8,9,11,14,16	eh hole lott uhh that rub ill
POOL	9055	0.683490071	2,4,9,12,16	aff oh lotta tell -able
POOL	9056	0.683456873	2,4,7,11,14,16	bess oh la cut rub alas
POOL	9057	0.683429192	1,2,6,7,11,16	al. her hole ahh cut rubble
POOL	9058	0.683357113	2,3,5,9,14,16	ass new full lotta club l
POOL	9059	0.683353305	2,3,5,9,14,16	ass new full lotta club elle
POOL	9060	0.683284066	1,5,7,11,14,16	eh hole la covet rub air
POOL	9061	0.683280360	2,4,5,7,11,16	us oh all la cut nibble
POOL	9062	0.683245267	2,5,7,9,11,16	us ole low ca that rubble
POOL	9063	0.683243816	1,4,6,9,14,16	eh ho lol ata club el
POOL	9064	0.683241132	2,7,11,16	ass ole taunt -able
POOL	9065	0.683194890	2,4,5,9,14,16	ass know law lotta club e'er
POOL	9066	0.683094217	1,5,7,11,14,16	uh hole la covet rub air
POOL	9067	0.683051503	2,6,9,11,14,16	ng ole alta that rub al
POOL	9068	0.683024288	1,5,8,10,16	eh hole lot of triple
POOL	9069	0.683011907	1,5,8,9,11,14,16	eh hole lott uhh that rub l
POOL	9070	0.683011541	2,4,6,8,11,16	apps oh lol got um rubble
POOL	9071	0.683008643	1,5,8,9,11,14,16	eh hole lott uhh that rub elle
POOL	9072	0.682970244	2,4,5,9,13,16	ass know law lotta tra bear
POOL	9073	0.682968344	1,5,8,10,16	eh hole lot of rabble
POOL	9074	0.682948987	2,6,11,16	ass dole tut -able
POOL	9075	0.682929815	2,4,5,9,14,16	ass know law lotta scrub l
POOL	9076	0.682927990	6,8,11,16	hole op love -able
POOL	9077	0.682926007	2,4,5,9,14,16	ass know law lotta scrub elle
POOL	9078	0.682921603	2,4,5,9,13,16	ass know law lotta truck bear
POOL	9079	0.682899420	2,5,7,11,13,16	us ole alot cut run bell
POOL	9080	0.682896908	2,6,9,11,13,16	us foal ata matt run bell
POOL	9081	0.682873207	2,6,8,9,11,16	us ole got uhh fed rubble
POOL	9082	0.682863616	2,6,9,12,16	us mole ata true -able
POOL	9083	0.682850282	4,7,11,12,13,16	show lula tuff are uhh bell
POOL	9084	0.682836316	1,5,8,10,16	eh whole lat of trumbull
POOL	9085	0.682806344	1,5,8,9,11,14,16	eh hole lat uhh that rub well
POOL	9086	0.682737880	1,6,7,11,14,16	uhh hole ahh cut rub alas
POOL	9087	0.682735675	4,9,14,16	show lotta trapp al
POOL	9088	0.682699613	2,6,7,11,12,16	us ole ahh cut are tumble
POOL	9089	0.682695709	1,4,6,9,12,16	uhh show lure caught true -able
POOL	9090	0.682637369	1,5,7,12,14,16	eh hole la t'other up air
POOL	9091	0.682607409	2,3,6,7,11,16	huh new moor ahh cut rubble
POOL	9092	0.682564345	1,5,8,9,11,13,16	eh hole lat uhh that raw bell
POOL	9093	0.682563260	2,4,5,9,14,16	ass know law lotta rub ill
POOL	9094	0.682553055	1,5,8,10,16	eh hole lot of trouble
POOL	9095	0.682545300	1,4,6,9,14,16	eh ho lol ata club l
POOL	9096	0.682541492	1,4,6,9,14,16	eh ho lol ata club elle
POOL	9097	0.682507715	1,5,8,9,11,14,16	eh hole lat uhh that rub ell
POOL	9098	0.682457779	2,4,5,9,14,16	ass know law lotta rub well
POOL	9099	0.682447519	1,5,7,12,14,16	uh hole la t'other up air
POOL	9100	0.682442417	2,4,6,7,11,16	us rome lol ahh 'twas rubble
POOL	9101	0.682358483	1,5,8,9,11,14,16	eh hole lat uhh too rub al
POOL	9102	0.682356204	2,5,7,11,12,16	et ole lar cut are -able
POOL	9103	0.682331413	1,5,8,9,11,14,16	eh hole lat uhh pfft rub air
POOL	9104	0.682293759	6,10,12,16	hole come pour -able
POOL	9105	0.682287011	1,5,7,9,12,16	uhh hole la ca 'til -able
POOL	9106	0.682254982	1,2,4,7,11,16	uhh her oh la cut hubble
POOL	9107	0.682248795	4,7,9,11,14,16	alo lop ca that rub al
POOL	9108	0.682234343	2,4,5,9,14,16	ass know law lotta club il
POOL	9109	0.682178255	1,5,8,9,11,14,16	eh hole lott uhh that rub well
POOL	9110	0.682166444	2,4,8,10,12,16	bus oh lat love true -able
POOL	9111	0.682135300	2,4,8,9,11,16	pass oh lot uhh that rubble
POOL	9112	0.682105168	5,8,9,11,12,16	hole lat uhh that anne -able
POOL	9113	0.682094560	1,4,7,11,12,16	a show yah cut are -able
POOL	9114	0.682061351	1,4,6,9,14,16	eh ho lol aka club air
POOL	9115	0.682051825	1,5,8,9,11,13,16	eh hole lat uhh that run bell
POOL	9116	0.682049912	4,9,12,16	show lotta true bull
POOL	9117	0.682047464	2,3,5,7,11,16	yes owed all la cut rubble
POOL	9118	0.682045555	2,4,5,9,14,16	ass know law lotta rub el
POOL	9119	0.682036119	2,3,5,9,14,16	ass new full lotta club ell
POOL	9120	0.682034323	2,4,5,9,14,16	ass know law lotta club heir
POOL	9121	0.682021283	2,6,7,9,12,16	tas ole ahh dull true -able
POOL	9122	0.681963935	2,3,5,9,13,16	ass new full lotta truck belle
POOL	9123	0.681936256	1,5,8,9,11,13,16	eh hole lott uhh that raw bell
POOL	9124	0.681923191	2,3,6,7,11,16	masse new all ahh tun rubble
POOL	9125	0.681883729	2,6,7,9,11,16	lush ole ahh tam that rubble
POOL	9126	0.681879626	1,5,8,9,11,14,16	eh hole lott uhh that rub ell
POOL	9127	0.681847464	1,4,6,7,11,16	ing show lol pa cut rubble
POOL	9128	0.681833815	2,6,9,11,13,16	us ole ata that rep bell
POOL	9129	0.681756158	2,5,9,11,14,16	earth ole lotta nut rub al
POOL	9130	0.681730394	1,5,8,9,11,14,16	eh hole lott uhh too rub al
POOL	9131	0.681729466	1,6,7,9,11,16	ass hole ahh ca et rubble
POOL	9132	0.681714567	2,4,5,7,11,16	us oh all claw cut rubble
POOL	9133	0.681703324	1,5,8,9,11,14,16	eh hole lott uhh pfft rub air
POOL	9134	0.681675520	4,6,9,12,16	show lynn ata true -able
POOL	9135	0.681668366	6,8,11,16	hole got puffed -able
POOL	9136	0.681627832	1,4,6,7,11,16	uhh sew lol ahh tongue rubble
POOL	9137	0.681611487	2,4,5,9,14,16	ass know law lotta club hell
POOL	9138	0.681608821	2,4,5,9,14,16	ass know law lotta scrub ell
POOL	9139	0.681561081	1,5,8,9,11,13,16	eh hole lat uhh that raw bill
POOL	9140	0.681551315	2,6,7,9,11,16	us ole ahh ca that nibble
POOL	9141	0.681529846	2,4,5,9,13,16	ass know law lotta struck belle
POOL	9142	0.681507648	1,5,7,11,14,16	eh hole la covet rub ill
POOL	9143	0.681437965	1,5,8,9,11,14,16	eh hole lat uh pfft rub air
POOL	9144	0.681423736	1,5,8,9,11,13,16	eh hole lott uhh that run bell
POOL	9145	0.681417991	1,5,8,10,16	eh hole lat of troubles
POOL	9146	0.681402167	1,5,7,11,14,16	eh hole la covet rub well
POOL	9147	0.681400727	2,4,5,9,11,16	ass know law lotta that rub
POOL	9148	0.681347039	2,4,5,9,14,16	ass know law lotta rub l
POOL	9149	0.681343231	2,4,5,9,14,16	ass know law lotta rub elle
POOL	9150	0.681332504	1,4,7,11,12,16	uhh show la cut are cuddle
POOL	9151	0.681325801	1,6,7,9,11,16	uhh hole shock ca that rubble
POOL	9152	0.681317798	1,5,7,11,14,16	uh hole la covet rub ill
POOL	9153	0.681257879	1,5,8,9,11,14,16	eh hole lat uhh pfft rub el
POOL	9154	0.681250654	5,7,9,11,12,16	seoul lotte ca that are -able
POOL	9155	0.681224306	1,4,6,9,14,16	eh ho lol ata club ell
POOL	9156	0.681212318	1,5,7,11,14,16	uh hole la covet rub well
POOL	9157	0.681181519	4,6,7,9,11,16	show lair ahh ca that rustle
POOL	9158	0.681152122	1,4,6,9,13,16	eh ho lol ata truck belle
POOL	9159	0.681151922	1,5,8,9,11,14,16	eh hole lat uhh pfft rub ill
POOL	9160	0.681100091	1,5,7,12,13,16	eh hole la t'other uhh belle
POOL	9161	0.681092905	1,5,8,10,16	eh hole lot of publ
POOL	9162	0.681084264	1,5,8,10,16	eh hole lat of troubled
POOL	9163	0.681048561	1,5,8,9,11,13,16	eh hole lat uhh that run bill
POOL	9164	0.681041918	1,5,8,10,16	eh hole lot of rumble
POOL	9165	0.681007399	5,7,11,16	hole la cut grumble
POOL	9166	0.680992715	2,4,5,7,11,16	bus oh all non cut rubble
POOL	9167	0.680989943	1,5,7,11,14,16	eh hole la covet rub el
POOL	9168	0.680984449	2,4,5,9,14,16	ass know law lotta club earl
POOL	9169	0.680968664	1,4,7,9,11,16	oooh show la cut that rubble
POOL	9170	0.680967755	2,4,8,10,12,16	us oh lat love treat -able
POOL	9171	0.680963041	1,5,8,10,16	eh hole lot of tumble
POOL	9172	0.680951191	6,10,11,16	hole tongue too -able
POOL	9173	0.680932992	1,5,8,9,11,13,16	eh hole lott uhh that raw bill
POOL	9174	0.680928768	1,5,7,12,13,16	eh hole la t'other up bell
POOL	9175	0.680922132	1,5,8,10,16	eh hole lotte of troubles
POOL	9176	0.680918776	4,7,9,11,14,16	lasso la ca that rub hill
POOL	9177	0.680910242	1,5,7,12,13,16	uh hole la t'other uhh belle
POOL	9178	0.680875950	3,7,12,16	who la t'other bal
POOL	9179	0.680860950	1,5,7,12,14,16	eh hole la t'other up ill
POOL	9180	0.680831372	2,4,5,9,14,16	ass know law lotta scrub tell
POOL	9181	0.680829877	2,4,5,9,12,16	ass know law lotta true bell
POOL	9182	0.680829080	1,4,7,9,11,16	uhh show tra ca that rubble
POOL	9183	0.680809876	1,5,8,9,11,14,16	eh hole lott uh pfft rub air
POOL	9184	0.680800094	1,5,7,11,14,16	uh hole la covet rub el
POOL	9185	0.680788602	2,4,5,9,14,16	ass know law lotta club sell
POOL	9186	0.680755470	1,5,7,12,14,16	eh hole la t'other up well
POOL	9187	0.680753686	2,6,9,11,12,16	us ole opt knot are -able
POOL	9188	0.680727794	2,3,5,9,13,16	ass new full lotta truck bel
POOL	9189	0.680705862	2,5,7,11,14,16	us olde la cut robbie al
POOL	9190	0.680671101	1,5,7,12,14,16	uh hole la t'other up ill
POOL	9191	0.680664865	2,4,9,11,14,16	us oh lotta is rub mal
POOL	9192	0.680659151	1,5,8,9,11,14,16	eh hole lat uhh pfft rub l
POOL	9193	0.680655887	1,5,8,9,11,14,16	eh hole lat uhh pfft rub elle
POOL	9194	0.680636218	2,6,9,11,14,16	us ole ata that tub al
POOL	9195	0.680629790	1,5,8,9,11,14,16	eh hole lott uhh pfft rub el
POOL	9196	0.680588405	1,5,8,10,16	eh hole lotte of troubled
POOL	9197	0.680566851	2,4,5,9,13,16	ass know law lotta tra bare
POOL	9198	0.680565621	1,5,7,12,14,16	uh hole la t'other up well
POOL	9199	0.680538667	1,5,8,10,16	eh hole lott of troubles
POOL	9200	0.680523833	1,5,8,9,11,14,16	eh hole lott uhh pfft rub ill
POOL	9201	0.680518209	2,4,5,9,13,16	ass know law lotta truck bare
POOL	9202	0.680517135	6,7,9,11,12,16	hole as ca that are -able
POOL	9203	0.680505192	1,4,7,9,11,16	uhh hopes la ca that rubble
POOL	9204	0.680446857	1,4,6,9,14,16	eh ho lol ata club tell
POOL	9205	0.680420472	1,5,8,9,11,13,16	eh hole lott uhh that run bill
POOL	9206	0.680399616	1,5,7,12,13,16	eh hole la t'other up bill
POOL	9207	0.680378474	2,4,5,9,14,16	ass know law lotta club err
POOL	9208	0.680364431	1,5,8,9,11,14,16	eh hole lat uh pfft rub el
POOL	9209	0.680360231	1,2,4,7,11,16	awe hue oh la cut rubble
POOL	9210	0.680343246	1,5,7,12,14,16	eh hole la t'other up el
POOL	9211	0.680329336	4,6,9,11,13,16	ro lol ata vote run bell
POOL	9212	0.680319745	2,5,6,7,11,16	f ole loss ahh cut rubble
POOL	9213	0.680303675	4,7,9,11,16	show leia come that rubble
POOL	9214	0.680293705	2,4,5,9,13,16	ass know law lotta struck bel
POOL	9215	0.680291427	1,5,7,11,14,16	eh hole la covet rub l
POOL	9216	0.680287619	1,5,7,11,14,16	eh hole la covet rub elle
POOL	9217	0.680284932	1,4,6,9,14,16	eh ho lol aka club ill
POOL	9218	0.680271390	2,3,5,9,13,16	ass new full lotta truck bal
POOL	9219	0.680258473	1,5,8,9,11,14,16	eh hole lat uh pfft rub ill
POOL	9220	0.680228410	2,6,9,11,13,16	yes ole ata that tra bell
POOL	9221	0.680218715	1,4,7,11,14,16	uhh theo la cut rub al
POOL	9222	0.680204939	1,5,8,10,16	eh hole lott of troubled
POOL	9223	0.680179452	1,4,6,9,14,16	eh ho lol aka club well
POOL	9224	0.680169692	1,5,8,10,16	eh hole lot of tremble
POOL	9225	0.680153659	2,4,5,9,14,16	ass know law lotta club cell
POOL	9226	0.680153397	1,5,7,12,14,16	uh hole la t'other up el
POOL	9227	0.680146978	4,6,8,10,12,16	show lol that love true -able
POOL	9228	0.680119302	4,6,8,10,12,16	show lol got love were -able
POOL	9229	0.680117207	2,5,7,9,12,16	us tho la tag true -able
POOL	9230	0.680101578	1,5,7,11,14,16	uh hole la covet rub l
POOL	9231	0.680097770	1,5,7,11,14,16	uh hole la covet rub elle
POOL	9232	0.680088460	2,6,9,11,12,16	us ole ah that are -able
POOL	9233	0.680066846	2,6,7,11,13,16	assay ole r. cut run bell
POOL	9234	0.680055616	1,5,8,9,11,14,16	eh hole lat uhh that rub tell
POOL	9235	0.680031062	1,5,8,9,11,14,16	eh hole lott uhh pfft rub l
POOL	9236	0.680027798	1,5,8,9,11,14,16	eh hole lott uhh pfft rub elle
POOL	9237	0.680026045	2,4,5,9,14,16	ass know law lotta rub ell
POOL	9238	0.680025270	2,4,5,9,14,16	ass know law lotta club fell
POOL	9239	0.680008259	2,4,9,11,14,16	us ow lotta that rut al
POOL	9240	0.680001002	1,6,9,11,12,16	uhh hole och shot are -able
POOL	9241	0.679963691	2,5,7,11,12,16	earth ole la cut are gobble
POOL	9242	0.679915981	1,4,6,9,13,16	eh ho lol ata truck bel
POOL	9243	0.679889064	2,4,8,9,11,16	us oh yacht duh that rubble
POOL	9244	0.679880781	4,9,11,14,16	echo lotta that rub al
POOL	9245	0.679876893	1,4,6,7,11,16	uhh show lol ahh cut randall
POOL	9246	0.679863950	1,5,7,12,13,16	eh hole la t'other uhh bel
POOL	9247	0.679837300	2,4,5,9,13,16	ass know law lotta struck bal
POOL	9248	0.679825500	1,5,8,9,11,14,16	eh hole lat uhh pfft rub well
POOL	9249	0.679819398	1,5,8,9,11,13,16	eh hole lat uhh that raw belle
POOL	9250	0.679796576	2,3,5,9,14,16	ass new full lotta club e'er
POOL	9251	0.679788353	2,4,5,9,14,16	ass know law lotta scrub are
POOL	9252	0.679767228	1,4,6,9,14,16	eh ho lol aka club el
POOL	9253	0.679765703	1,5,8,9,11,14,16	eh hole lat uh pfft rub l
POOL	9254	0.679762439	1,5,8,9,11,14,16	eh hole lat uh pfft rub elle
POOL	9255	0.679736342	1,5,8,9,11,14,16	eh hole lott uh pfft rub el
POOL	9256	0.679711228	2,4,5,9,14,16	ass know law lotta scrub else
POOL	9257	0.679701050	1,5,8,10,16	eh hole lot of truffle
POOL	9258	0.679695250	1,5,8,9,11,14,16	eh hole lat uhh that rub e'er
POOL	9259	0.679674100	1,5,7,12,13,16	uh hole la t'other uhh bel
POOL	9260	0.679644730	1,5,7,12,14,16	eh hole la t'other up l
POOL	9261	0.679642082	5,8,9,11,12,16	hole lat uhh ent are -able
POOL	9262	0.679640922	1,5,7,12,14,16	eh hole la t'other up elle
POOL	9263	0.679630384	1,5,8,9,11,14,16	eh hole lott uh pfft rub ill
POOL	9264	0.679621387	2,4,5,9,14,16	ass know law lotta club ere
POOL	9265	0.679605763	1,7,11,16	if hole cut -able
POOL	9266	0.679594180	2,4,5,9,14,16	ass know law lotta club eyre
POOL	9267	0.679566879	2,6,8,9,11,16	esse ole got eh that rubble
POOL	9268	0.679526870	1,5,8,9,11,14,16	eh hole lat uhh pfft rub ell
POOL	9269	0.679523289	2,3,5,9,13,16	ass new full lotta truck bear
POOL	9270	0.679466507	4,6,8,9,11,16	sew lol got app that rubble
POOL	9271	0.679459576	1,4,6,9,13,16	eh ho lol ata truck bal
POOL	9272	0.679454880	1,5,7,12,14,16	uh hole la t'other up l
POOL	9273	0.679451072	1,5,7,12,14,16	uh hole la t'other up elle
POOL	9274	0.679447068	2,5,6,7,11,16	bash ole all ahh tusk rubble
POOL	9275	0.679434720	2,3,5,7,11,16	us maw all la ton rubble
POOL	9276	0.679427527	1,5,8,9,11,14,16	eh hole lott uhh that rub tell
POOL	9277	0.679407545	1,5,7,12,13,16	eh hole la t'other uhh bal
POOL	9278	0.679403838	1,4,6,9,14,16	eh ho lol ata club are
POOL	9279	0.679380931	1,6,7,9,11,16	uhh hall ahh took that rubble
POOL	9280	0.679369278	2,4,5,9,14,16	ass know law lotta scrub e'er
POOL	9281	0.679326714	1,4,6,9,14,16	eh ho lol ata club else
POOL	9282	0.679324747	1,4,5,7,11,16	uhh show will la cut rubble
POOL	9283	0.679321659	6,11,14,16	hole tut rub ella
POOL	9284	0.679306878	1,5,8,9,11,13,16	eh hole lat uhh that run belle
POOL	9285	0.679281070	2,4,5,9,13,16	ass know law lotta tra bull
POOL	9286	0.679248596	2,4,5,9,14,16	ass know law lotta rub tell
POOL	9287	0.679232428	2,4,5,9,13,16	ass know law lotta truck bull
POOL	9288	0.679217696	1,5,7,12,13,16	uh hole la t'other uhh bal
POOL	9289	0.679215077	1,5,8,9,11,14,16	eh hole lat uhh that rub il
POOL	9290	0.679197411	1,5,8,9,11,14,16	eh hole lott uhh pfft rub well
POOL	9291	0.679195975	1,2,4,7,11,16	uhh hon oh la test rubble
POOL	9292	0.679191309	1,5,8,9,11,13,16	eh hole lott uhh that raw belle
POOL	9293	0.679183604	5,7,11,14,16	foal yeah tufts rub al
POOL	9294	0.679180775	1,4,7,10,12,16	uhh show la tough par -able
POOL	9295	0.679172690	1,6,7,11,12,16	uhh hole ahh cut are doubled
POOL	9296	0.679137614	1,5,8,9,11,14,16	eh hole lott uh pfft rub l
POOL	9297	0.679134350	1,5,8,9,11,14,16	eh hole lott uh pfft rub elle
POOL	9298	0.679118780	1,5,8,9,11,14,16	eh hole lat uhh too rub air
POOL	9299	0.679095493	1,5,8,9,11,14,16	eh hole lat uhh that rub else
POOL	9300	0.679089200	2,4,5,9,13,16	ass know law lotta struck bear
POOL	9301	0.679075764	1,5,8,10,16	eh whole lat of travel
POOL	9302	0.679071499	2,4,5,9,13,16	ass know law lotta tra beer
POOL	9303	0.679068712	1,4,6,9,14,16	eh ho lol aka club l
POOL	9304	0.679067161	1,5,8,9,11,14,16	eh hole lott uhh that rub e'er
POOL	9305	0.679064904	1,4,6,9,14,16	eh ho lol aka club elle
POOL	9306	0.679039615	1,5,8,10,16	eh hole lot of stubble
POOL	9307	0.679022857	2,4,5,9,13,16	ass know law lotta truck beer
POOL	9308	0.679019416	1,2,5,7,11,16	uhh haw ole la cut rubble
POOL	9309	0.678984763	1,4,6,9,14,16	eh ho lol ata club e'er
POOL	9310	0.678970433	1,5,7,11,14,16	eh hole la covet rub ell
POOL	9311	0.678939401	5,9,11,12,16	hole slot that air beal
POOL	9312	0.678932051	1,5,8,9,11,14,16	eh hole lat uh pfft rub well
POOL	9313	0.678905357	1,3,5,7,11,16	uhh new all la cut rubble
POOL	9314	0.678898781	1,5,8,9,11,14,16	eh hole lott uhh pfft rub ell
POOL	9315	0.678897356	2,4,5,9,14,16	ass know law lotta club l.'s
POOL	9316	0.678896090	2,4,5,9,12,16	ass know law lotta ver bell
POOL	9317	0.678881162	1,2,6,7,11,16	uhh her ole ahh tung rubble
POOL	9318	0.678879458	6,7,10,16	hole ahh come triple
POOL	9319	0.678844427	2,4,5,9,14,16	ass know law lotta club ahl
POOL	9320	0.678836387	1,2,6,7,11,16	uhh her oe ahh cut rubble
POOL	9321	0.678836029	2,3,5,9,14,16	ass new full lotta club il
POOL	9322	0.678833083	1,6,7,9,11,16	al ho ahh ca that rubble
POOL	9323	0.678821219	4,6,8,9,11,16	co lol got uhh food rubble
POOL	9324	0.678820382	2,6,9,11,14,16	hath ole ata that rubbed al
POOL	9325	0.678796933	2,3,5,7,11,16	us new all la cut ripple
POOL	9326	0.678780583	1,5,7,11,14,16	uh hole la covet rub ell
POOL	9327	0.678767120	2,4,5,9,14,16	ass know law lotta scrub all
POOL	9328	0.678759848	1,5,8,9,11,13,16	eh hole lat uhh that raw bel
POOL	9329	0.678711476	1,4,6,9,13,16	eh ho lol ata truck bear
POOL	9330	0.678700479	1,5,8,9,11,14,16	eh hole lat uhh that rub heir
POOL	9331	0.678694673	2,4,8,10,12,16	uh oh luck love true -able
POOL	9332	0.678678789	1,5,8,9,11,13,16	eh hole lott uhh that run belle
POOL	9333	0.678664942	6,7,11,16	hole sa duc -able
POOL	9334	0.678664465	2,4,5,9,14,16	ass know law lotta club bell
POOL	9335	0.678659445	1,5,7,12,13,16	eh hole la t'other uhh bear
POOL	9336	0.678653848	2,4,6,8,11,16	us oh lol r at rubble
POOL	9337	0.678636010	2,3,5,9,14,16	ass new full lotta club heir
POOL	9338	0.678633422	1,5,8,9,11,14,16	eh hole lat uh pfft rub ell
POOL	9339	0.678586988	1,5,8,9,11,14,16	eh hole lott uhh that rub il
POOL	9340	0.678582970	4,7,9,11,12,16	aux la two that are -able
POOL	9341	0.678577006	4,6,7,9,11,16	haw lol ahh ca that rebels'
POOL	9342	0.678569851	2,4,6,8,11,16	uh hoe lol got at rubble
POOL	9343	0.678545326	2,4,5,9,14,16	ass know law lotta club eel
POOL	9344	0.678490691	1,5,8,9,11,14,16	eh hole lott uhh too rub air
POOL	9345	0.678469596	1,5,7,12,13,16	uh hole la t'other uhh bear
POOL	9346	0.678467404	1,5,8,9,11,14,16	eh hole lott uhh that rub else
POOL	9347	0.678464173	2,5,9,11,14,16	us ole rata that rub al
POOL	9348	0.678463550	2,4,6,8,11,16	eng oh lol cock at rubble
POOL	9349	0.678462202	2,4,5,9,14,16	ass know law lotta club aer
POOL	9350	0.678459480	1,5,8,10,16	eh whole lat of couple
POOL	9351	0.678444284	2,4,5,9,13,16	ass know law lotta tra bil
POOL	9352	0.678428639	1,5,8,9,11,13,16	eh hole lat uhh that raw bal
POOL	9353	0.678408731	2,4,5,9,14,16	ass know law lotta scrub il
POOL	9354	0.678395642	2,4,5,9,13,16	ass know law lotta truck bil
POOL	9355	0.678382605	1,4,6,9,14,16	eh ho lol ata club all
POOL	9356	0.678366938	2,4,5,9,12,16	ass know law lotta ver bill
POOL	9357	0.678346461	1,2,6,7,11,16	uhh hugh ole ahh cut rubble
POOL	9358	0.678323735	1,5,7,12,14,16	eh hole la t'other up ell
POOL	9359	0.678303962	1,5,8,9,11,14,16	eh hole lott uh pfft rub well
POOL	9360	0.678247328	1,5,8,9,11,13,16	eh hole lat uhh that run bel
POOL	9361	0.678208711	2,4,5,9,14,16	ass know law lotta scrub heir
POOL	9362	0.678205577	2,4,5,9,14,16	ass know law lotta rub are
POOL	9363	0.678192984	1,5,7,11,14,16	eh hole la covet rub tell
POOL	9364	0.678133886	1,5,7,12,14,16	uh hole la t'other up ell
POOL	9365	0.678131759	1,5,8,9,11,13,16	eh hole lott uhh that raw bel
POOL	9366	0.678128453	2,4,5,9,14,16	ass know law lotta rub else
POOL	9367	0.678072390	1,5,8,9,11,14,16	eh hole lott uhh that rub heir
POOL	9368	0.678045247	1,5,8,9,11,14,16	eh hole lat uhh too rub el
POOL	9369	0.678024216	1,4,6,9,14,16	eh ho lol ata club il
POOL	9370	0.678023649	2,4,5,9,12,16	ass know law lotta tour bell
POOL	9371	0.678005333	1,5,8,9,11,14,16	eh hole lott uh pfft rub ell
POOL	9372	0.678003135	1,5,7,11,14,16	uh hole la covet rub tell
POOL	9373	0.677946520	1,5,8,10,16	eh hole lot of dribble
POOL	9374	0.677939289	1,5,8,9,11,14,16	eh hole lat uhh too rub ill
POOL	9375	0.677925604	1,6,7,11,12,16	uhh hole air cat are -able
POOL	9376	0.677916119	1,5,8,9,11,13,16	eh hole lat uhh that run bal
POOL	9377	0.677900999	2,4,5,9,13,16	ass know law lotta tra del
POOL	9378	0.677879213	2,5,7,9,12,16	esse roe la ca true -able
POOL	9379	0.677852358	2,4,5,9,13,16	ass know law lotta truck del
POOL	9380	0.677831485	1,6,7,10,12,16	uhh hole ahh tough chair -able
POOL	9381	0.677828196	2,4,5,9,14,16	ass know law lotta scrub an
POOL	9382	0.677828013	2,5,7,12,16	us old pla t'other -able
POOL	9383	0.677824197	1,4,6,9,14,16	eh ho lol ata club heir
POOL	9384	0.677800550	1,5,8,9,11,13,16	eh hole lott uhh that raw bal
POOL	9385	0.677791409	1,2,4,7,11,16	duh her oh la taz rubble
POOL	9386	0.677786502	2,4,5,9,14,16	ass know law lotta rub e'er
POOL	9387	0.677785876	2,4,5,9,14,16	ass know law lotta scrub hell
POOL	9388	0.677777852	2,4,6,8,11,16	shh oh lieu got at rubble
POOL	9389	0.677765200	4,6,8,10,12,16	show lean got love true -able
POOL	9390	0.677747717	1,4,6,9,14,16	eh ho lol aka club ell
POOL	9391	0.677746547	1,4,9,11,14,16	uhh show lotta eased rub al
POOL	9392	0.677726885	1,6,7,9,11,16	uhh hoe ahh ca thought rubble
POOL	9393	0.677726330	1,5,7,12,13,16	eh hole la t'other up belle
POOL	9394	0.677706646	2,4,5,9,14,16	ass know law lotta club shell
POOL	9395	0.677696216	6,11,13,16	hole tut rack -able
POOL	9396	0.677689914	1,5,8,10,16	eh whole lat of crumble
POOL	9397	0.677647006	2,6,7,9,12,16	us ole ahh ca true paddle
POOL	9398	0.677631832	4,7,11,16	show la tongue russel
POOL	9399	0.677627439	2,4,5,9,12,16	ass know law lotta true belle
POOL	9400	0.677619239	1,5,8,9,11,13,16	eh hole lott uhh that run bel
POOL	9401	0.677586135	2,3,5,9,14,16	ass new full lotta club earl
POOL	9402	0.677573769	4,6,9,12,16	oe lol ata true -able
POOL	9403	0.677562771	1,3,6,7,11,16	uhh sued all ahh cut rubble
POOL	9404	0.677546287	1,5,7,12,14,16	eh hole la t'other up tell
POOL	9405	0.677536247	6,9,12,16	hole teh czar -able
POOL	9406	0.677499144	4,6,8,10,12,16	pho lol got love true -able
POOL	9407	0.677497339	1,5,8,9,11,14,16	eh hole lat uhh that rub earl
POOL	9408	0.677491415	2,6,9,11,13,16	us ole ata that run bore
POOL	9409	0.677478902	1,4,7,11,14,16	ed show lila cut rub al
POOL	9410	0.677467832	4,6,11,16	show lol tut rommel
POOL	9411	0.677446518	1,5,8,9,11,14,16	eh hole lat uhh too rub l
POOL	9412	0.677445191	1,5,8,9,11,14,16	eh hole lat uhh that rub hell
POOL	9413	0.677443682	1,4,6,9,14,16	eh ho lol ata club an
POOL	9414	0.677443600	2,4,5,9,14,16	ass know law lotta club del
POOL	9415	0.677443254	1,5,8,9,11,14,16	eh hole lat uhh too rub elle
POOL	9416	0.677435448	5,9,11,12,16	hall lotta that air -able
POOL	9417	0.677417158	1,5,8,9,11,14,16	eh hole lott uhh too rub el
POOL	9418	0.677403761	2,5,9,11,14,16	us ole lotta that rub leigh
POOL	9419	0.677401361	1,4,6,9,14,16	eh ho lol ata club hell
POOL	9420	0.677395963	4,8,11,16	show lock gut -able
POOL	9421	0.677395778	2,4,5,9,13,16	ass know law lotta tra bar
POOL	9422	0.677364921	2,4,5,9,13,16	ass know law lotta tra al
POOL	9423	0.677356438	1,5,7,12,14,16	uh hole la t'other up tell
POOL	9424	0.677347136	2,4,5,9,13,16	ass know law lotta truck bar
POOL	9425	0.677339728	2,4,5,9,14,16	ass know law lotta club shall
POOL	9426	0.677324948	2,4,5,9,14,16	ass know law lotta club earle
POOL	9427	0.677316279	2,4,5,9,13,16	ass know law lotta truck al
POOL	9428	0.677311200	1,5,8,9,11,14,16	eh hole lott uhh too rub ill
POOL	9429	0.677298708	2,4,5,9,11,16	ass know law lotta pfft rub
POOL	9430	0.677288030	1,5,8,9,11,13,16	eh hole lott uhh that run bal
POOL	9431	0.677281179	1,5,8,9,11,14,16	eh hole lat uhh that rub err
POOL	9432	0.677193291	1,5,7,9,12,16	ah hole la ca pur -able
POOL	9433	0.677190600	1,4,6,9,11,16	eh ho lol ata that rub
POOL	9434	0.677183972	1,4,7,9,11,16	uhh show la ca that nibble
POOL	9435	0.677175787	2,4,5,9,12,16	ass know law lotta tree bell
POOL	9436	0.677170330	2,3,5,7,11,16	os new all la tanned rubble
POOL	9437	0.677164479	1,5,7,9,11,16	d hole la ca that rubble
POOL	9438	0.677158837	2,4,5,9,14,16	ass know law lotta scrub earl
POOL	9439	0.677149965	1,5,7,11,14,16	eh hole la covet rub are
POOL	9440	0.677147051	6,7,12,16	hole ahh t'other delle
POOL	9441	0.677137010	2,4,5,9,11,16	ass know law lotta vet rub
POOL	9442	0.677136073	1,5,8,10,16	eh whole lat of tribal
POOL	9443	0.677128202	1,4,6,8,11,16	al. show lol got at rubble
POOL	9444	0.677125812	2,4,5,9,13,16	ass know law lotta tra pal
POOL	9445	0.677120969	1,5,8,10,16	eh hole lot of cobble
POOL	9446	0.677119896	2,3,5,9,13,16	ass new full lotta truck bare
POOL	9447	0.677077170	2,4,5,9,13,16	ass know law lotta truck pal
POOL	9448	0.677074772	1,5,8,9,11,14,16	eh hole lat uhh pfft rub tell
POOL	9449	0.677072840	1,5,7,11,14,16	eh hole la covet rub else
POOL	9450	0.676996205	1,6,7,10,12,16	uhh hoe ahh tough true -able
POOL	9451	0.676987108	2,4,5,9,13,16	ass know law lotta tra ball
POOL	9452	0.676980160	2,3,5,9,14,16	ass new full lotta club err
POOL	9453	0.676970269	1,4,6,9,14,16	eh ho lol aka club tell
POOL	9454	0.676962991	2,4,5,9,14,16	ass know law lotta scrub sell
POOL	9455	0.676960116	1,5,7,11,14,16	uh hole la covet rub are
POOL	9456	0.676933544	2,4,6,9,16	us oh lol alta treble
POOL	9457	0.676907336	2,6,7,9,11,16	ness ole ahh ca zak rubble
POOL	9458	0.676882991	1,5,7,11,14,16	uh hole la covet rub else
POOL	9459	0.676869250	1,5,8,9,11,14,16	eh hole lott uhh that rub earl
POOL	9460	0.676845678	1,5,7,9,12,16	uhh hole look ca true -able
POOL	9461	0.676839986	2,3,5,7,11,16	us new all hah cut rubble
POOL	9462	0.676834558	1,5,8,9,11,13,16	eh hole lat uhh that raw bear
POOL	9463	0.676825955	2,4,5,9,14,16	ass know law lotta rub il
POOL	9464	0.676821828	1,5,8,10,16	eh hole lot of cuddle
POOL	9465	0.676818429	1,5,8,9,11,14,16	eh hole lott uhh too rub l
POOL	9466	0.676817102	1,5,8,9,11,14,16	eh hole lott uhh that rub hell
POOL	9467	0.676815165	1,5,8,9,11,14,16	eh hole lott uhh too rub elle
POOL	9468	0.676806727	2,6,8,9,11,16	cash ole got uhh mm rubble
POOL	9469	0.676789757	1,6,8,9,11,16	s hole got uhh that rubble
POOL	9470	0.676774322	1,4,6,9,14,16	eh ho lol ata club earl
POOL	9471	0.676739861	1,5,8,9,11,14,16	eh hole lat uhh that rub sell
POOL	9472	0.676733963	4,6,8,10,12,16	show lol got mm true -able
POOL	9473	0.676730890	1,5,7,11,14,16	eh hole la covet rub e'er
POOL	9474	0.676717562	1,5,7,11,12,16	n. hole la cut sur -able
POOL	9475	0.676714405	1,5,8,9,11,14,16	eh hole lat uhh pfft rub e'er
POOL	9476	0.676685807	2,4,5,9,13,16	ass know law lotta struck bare
POOL	9477	0.676666336	2,6,8,10,12,16	sh ole got love true -able
POOL	9478	0.676653090	1,5,8,9,11,14,16	eh hole lott uhh that rub err
POOL	9479	0.676648219	2,6,8,9,11,16	cash o got uhh that rubble
POOL	9480	0.676639439	4,6,7,12,16	hole el ahh t'other -able
POOL	9481	0.676638378	2,4,5,9,14,16	ass know law lotta club cal
POOL	9482	0.676632247	1,5,8,9,11,14,16	eh hole lat uhh that rub ere
POOL	9483	0.676625936	2,4,5,9,14,16	ass know law lotta rub heir
POOL	9484	0.676619750	1,4,6,9,12,16	eh ho lol ata true bell
POOL	9485	0.676612867	1,5,8,9,11,14,16	eh hole lat uhh too rub well
POOL	9486	0.676608927	1,5,8,9,11,14,16	eh hole lat uhh that rub eyre
POOL	9487	0.676599428	1,5,8,9,11,14,16	eh hole lat uhh pfft rub are
POOL	9488	0.676578476	1,4,6,9,14,16	eh ho lol ata club sell
POOL	9489	0.676571787	4,8,11,16	show luk love -able
POOL	9490	0.676552862	2,4,5,9,14,16	ass know law lotta scrub err
POOL	9491	0.676551949	2,4,5,9,14,16	ass know law lotta club pal
POOL	9492	0.676541041	1,5,7,11,14,16	uh hole la covet rub e'er
POOL	9493	0.676535031	4,6,7,12,16	sho lol or t'other -able
POOL	9494	0.676524507	4,9,14,16	coe lotta club al
POOL	9495	0.676490189	1,5,7,12,13,16	eh hole la t'other up bel
POOL	9496	0.676484426	4,7,9,12,16	show la stuck inter -able
POOL	9497	0.676446683	1,5,8,9,11,14,16	eh hole lott uhh pfft rub tell
POOL	9498	0.676426143	1,5,7,12,14,16	eh hole la t'other up else
POOL	9499	0.676391298	2,4,5,9,12,16	ass know law lotta true bel
POOL	9500	0.676377835	1,4,8,9,12,16	uhh show lat uhh per -able
POOL	9501	0.676328047	2,4,5,9,14,16	ass know law lotta scrub cell
POOL	9502	0.676322039	1,5,8,9,11,13,16	eh hole lat uhh that run bear
POOL	9503	0.676318427	2,4,5,9,13,16	ass know law lotta tra baer
POOL	9504	0.676314238	1,5,8,9,11,14,16	eh hole lat uhh too rub ell
POOL	9505	0.676308083	1,4,6,9,13,16	eh ho lol ata truck bare
POOL	9506	0.676269786	2,4,5,9,13,16	ass know law lotta truck baer
POOL	9507	0.676267304	2,4,5,9,13,16	ass know law lotta tra dull
POOL	9508	0.676256052	1,5,7,12,13,16	eh hole la t'other uhh bare
POOL	9509	0.676236294	1,5,7,12,14,16	uh hole la t'other up else
POOL	9510	0.676235042	2,4,5,9,14,16	ass know law lotta club hull
POOL	9511	0.676234232	1,5,8,9,11,14,16	eh hole lat uhh pfft rub il
POOL	9512	0.676229005	1,2,5,7,11,16	uhh her dole la cut rubble
POOL	9513	0.676223073	2,3,5,9,14,16	ass new full lotta club ere
POOL	9514	0.676218662	2,4,5,9,13,16	ass know law lotta truck dull
POOL	9515	0.676206469	1,5,8,9,11,13,16	eh hole lott uhh that raw bear
POOL	9516	0.676203100	2,4,5,9,14,16	ass know law lotta rub hell
POOL	9517	0.676199658	2,4,5,9,14,16	ass know law lotta scrub fell
POOL	9518	0.676196627	1,4,6,9,14,16	eh ho lol ata club will
POOL	9519	0.676195867	2,3,5,9,14,16	ass new full lotta club eyre
POOL	9520	0.676195623	1,5,8,9,11,14,16	eh hole lat uhh that rub cell
POOL	9521	0.676181323	1,5,8,9,11,14,16	eh hole lat uh pfft rub tell
POOL	9522	0.676175760	6,7,11,16	hole sha cut lovell
POOL	9523	0.676168347	1,4,6,9,14,16	eh ho lol ata club err
POOL	9524	0.676164742	2,5,9,11,14,16	us paul lotta that rub al
POOL	9525	0.676148828	2,5,6,7,11,16	us ole all rom cut rubble
POOL	9526	0.676144358	6,8,10,12,16	hole got love true bull
POOL	9527	0.676128732	1,5,7,11,14,16	eh hole la covet rub all
POOL	9528	0.676114648	1,5,8,9,11,14,16	eh hole lat uhh pfft rub else
POOL	9529	0.676111772	1,5,8,9,11,14,16	eh hole lott uhh that rub sell
POOL	9530	0.676095684	1,6,7,10,12,16	uhh hole ahh 'tis true -able
POOL	9531	0.676090598	1,4,6,9,12,16	eh ho lol ata true bill
POOL	9532	0.676086316	1,5,8,9,11,14,16	eh hole lott uhh pfft rub e'er
POOL	9533	0.676085576	1,5,8,9,11,14,16	eh hole lat uhh that rub fell
POOL	9534	0.676084193	1,5,7,12,14,16	eh hole la t'other up e'er
POOL	9535	0.676066202	1,5,7,12,13,16	uh hole la t'other uhh bare
POOL	9536	0.676061216	1,4,8,9,11,16	ass show lat uhh that rubble
POOL	9537	0.676038225	5,7,9,11,12,16	hole rush ca that rear -able
POOL	9538	0.676033785	1,5,7,12,13,16	eh hole la t'other up bal
POOL	9539	0.676029156	1,4,6,7,11,16	ahh show lol ahh cut ravel
POOL	9540	0.676025594	1,5,8,10,16	eh whole lat of rebel
POOL	9541	0.676004158	1,5,8,9,11,14,16	eh hole lott uhh that rub ere
POOL	9542	0.675984778	1,5,8,9,11,14,16	eh hole lott uhh too rub well
POOL	9543	0.675980838	1,5,8,9,11,14,16	eh hole lott uhh that rub eyre
POOL	9544	0.675975636	2,4,5,9,13,16	ass know law lotta tra deal
POOL	9545	0.675971339	1,5,8,9,11,14,16	eh hole lott uhh pfft rub are
POOL	9546	0.675955892	1,5,7,11,13,16	eh hole la covet yuh bell
POOL	9547	0.675943532	1,4,6,9,14,16	eh ho lol ata club cell
POOL	9548	0.675938883	1,5,7,11,14,16	uh hole la covet rub all
POOL	9549	0.675937263	2,4,5,9,14,16	ass know law lotta club gal
POOL	9550	0.675934894	2,4,5,9,12,16	ass know law lotta true bal
POOL	9551	0.675931535	1,5,8,10,16	eh hole lot of scrabble
POOL	9552	0.675927250	1,4,6,9,14,16	eh ho lol aka club are
POOL	9553	0.675901460	4,9,13,16	show lotta truck dill
POOL	9554	0.675894344	1,5,7,12,14,16	uh hole la t'other up e'er
POOL	9555	0.675882959	2,4,5,9,13,16	ass know law lotta tra beale
POOL	9556	0.675874751	1,5,8,9,11,14,16	eh hole lat uhh that rub ahl
POOL	9557	0.675850125	1,4,6,9,14,16	eh ho lol aka club else
POOL	9558	0.675834317	2,4,5,9,13,16	ass know law lotta truck beale
POOL	9559	0.675834115	2,3,5,9,13,16	ass new full lotta truck bull
POOL	9560	0.675820957	1,5,8,9,11,14,16	eh hole lat uh pfft rub e'er
POOL	9561	0.675815144	1,4,6,9,14,16	eh ho lol ata club fell
POOL	9562	0.675809905	2,4,5,9,14,16	ass know law lotta club dull
POOL	9563	0.675801962	1,5,8,10,16	eh hole lot of herbal
POOL	9564	0.675801489	2,4,5,9,14,16	ass know law lotta club tel
POOL	9565	0.675795775	2,4,5,9,14,16	ass know law lotta scrub ere
POOL	9566	0.675795712	2,4,5,9,13,16	ass know law lotta tra bol
POOL	9567	0.675780679	4,7,10,16	show lok come -able
POOL	9568	0.675770343	1,5,7,11,14,16	eh hole la covet rub il
POOL	9569	0.675768568	2,4,5,9,14,16	ass know law lotta scrub eyre
POOL	9570	0.675766043	1,5,7,11,13,16	uh hole la covet yuh bell
POOL	9571	0.675747070	2,4,5,9,13,16	ass know law lotta truck bol
POOL	9572	0.675739383	2,4,5,9,13,16	ass know law lotta tra tell
POOL	9573	0.675735535	1,4,5,7,11,16	uhh hone all la cut rubble
POOL	9574	0.675719634	1,5,8,9,11,14,16	eh hole lat uhh pfft rub heir
POOL	9575	0.675711419	4,7,13,16	show la tundra mel
POOL	9576	0.675705980	1,5,8,9,11,14,16	eh hole lat uh pfft rub are
POOL	9577	0.675696337	2,6,7,9,11,16	est ole knock ca that rubble
POOL	9578	0.675693950	1,5,8,9,11,13,16	eh hole lott uhh that run bear
POOL	9579	0.675693653	2,4,5,9,12,16	ass know law lotta ver belle
POOL	9580	0.675689708	2,5,8,9,12,16	eng ole lat uhh true -able
POOL	9581	0.675686149	1,5,8,9,11,14,16	eh hole lott uhh too rub ell
POOL	9582	0.675668116	2,4,5,9,13,16	ass know law lotta tra been
POOL	9583	0.675654718	2,4,9,11,16	at oh lotta that rubble
POOL	9584	0.675649283	1,5,6,7,11,16	if hole all ahh cut rubble
POOL	9585	0.675644791	6,7,10,16	hole op come -able
POOL	9586	0.675638974	2,6,8,10,12,16	us ole et love true -able
POOL	9587	0.675638660	1,5,8,9,11,14,16	eh hole lat uhh that rub aer
POOL	9588	0.675638286	1,4,7,9,11,16	uhh holm la ahh that rubble
POOL	9589	0.675632760	2,4,5,9,14,16	ass know law lotta club yell
POOL	9590	0.675624534	1,5,8,10,16	eh hole lot of topple
POOL	9591	0.675622889	4,7,11,12,16	show libra cut in. -able
POOL	9592	0.675606272	1,6,7,11,12,16	uhh souls ahh can't are -able
POOL	9593	0.675606143	1,5,8,9,11,14,16	eh hole lott uhh pfft rub il
POOL	9594	0.675594984	2,5,7,10,12,16	us bowl la tough stare -able
POOL	9595	0.675580494	1,5,7,11,14,16	uh hole la covet rub il
POOL	9596	0.675578195	1,5,8,9,11,14,16	eh hole lat uhh pfft rub all
POOL	9597	0.675576061	2,4,5,9,14,16	ass know law lotta rub earl
POOL	9598	0.675571502	4,9,11,12,16	ko lotta that air -able
POOL	9599	0.675570323	1,5,7,11,14,16	eh hole la covet rub heir
POOL	9600	0.675568510	2,4,5,9,14,16	ass know law lotta club val
POOL	9601	0.675567534	1,5,8,9,11,14,16	eh hole lott uhh that rub cell
POOL	9602	0.675553234	1,5,8,9,11,14,16	eh hole lott uh pfft rub tell
POOL	9603	0.675518430	1,5,8,9,11,14,16	eh hole lat uhh that rub eel
POOL	9604	0.675508175	1,4,6,9,14,16	eh ho lol aka club e'er
POOL	9605	0.675499522	2,4,5,9,13,16	ass know law lotta tra dell
POOL	9606	0.675486559	1,5,8,9,11,14,16	eh hole lott uhh pfft rub else
POOL	9607	0.675480255	2,4,5,9,14,16	ass know law lotta club mel
POOL	9608	0.675466181	2,6,8,10,12,16	us ole got love share -able
POOL	9609	0.675462027	2,4,5,9,14,16	ass know law lotta club belle
POOL	9610	0.675460753	1,2,6,7,11,16	uhh her ole odds cut rubble
POOL	9611	0.675457487	1,5,8,9,11,14,16	eh hole lott uhh that rub fell
POOL	9612	0.675454965	2,4,5,9,14,16	ass know law lotta club hal
POOL	9613	0.675454293	1,4,6,9,12,16	l show lol wot true -able
POOL	9614	0.675450880	2,4,5,9,13,16	ass know law lotta truck dell
POOL	9615	0.675446114	2,3,5,9,14,16	ass new full lotta club ahl
POOL	9616	0.675426740	1,5,7,11,13,16	eh hole la covet yuh bill
POOL	9617	0.675411260	1,4,6,9,14,16	eh ho lol ata club ere
POOL	9618	0.675400025	2,4,5,9,13,16	ass know law lotta struck bull
POOL	9619	0.675384054	1,4,6,9,14,16	eh ho lol ata club eyre
POOL	9620	0.675380474	1,5,7,11,14,16	uh hole la covet rub heir
POOL	9621	0.675380215	2,4,5,9,14,16	ass know law lotta rub sell
POOL	9622	0.675373244	2,4,9,11,14,16	tash oh lotta nic rub al
POOL	9623	0.675366321	2,5,7,11,14,16	us o'er la cut rub in.
POOL	9624	0.675363259	1,3,6,7,11,16	uhh who all hon cut rubble
POOL	9625	0.675340784	1,5,8,9,11,14,16	eh hole lat uh pfft rub il
POOL	9626	0.675329316	2,4,5,9,13,16	ass know law lotta tra belt
POOL	9627	0.675298858	2,4,5,9,13,16	ass know law lotta tra beal
POOL	9628	0.675285684	1,5,7,12,13,16	eh hole la t'other up bear
POOL	9629	0.675280674	2,4,5,9,13,16	ass know law lotta truck belt
POOL	9630	0.675250217	2,4,5,9,13,16	ass know law lotta truck beal
POOL	9631	0.675246662	1,5,8,9,11,14,16	eh hole lott uhh that rub ahl
POOL	9632	0.675238419	5,8,11,14,16	hole lat love rub aired
POOL	9633	0.675236891	1,5,7,11,13,16	uh hole la covet yuh bill
POOL	9634	0.675224051	2,5,8,9,11,16	us ole lat uhh nut rubble
POOL	9635	0.675221200	1,5,8,9,11,14,16	eh hole lat uh pfft rub else
POOL	9636	0.675192868	1,5,8,9,11,14,16	eh hole lott uh pfft rub e'er
POOL	9637	0.675190454	2,4,5,9,13,16	ass know law lotta struck beer
POOL	9638	0.675189809	1,5,7,11,14,16	eh hole la covet rub an
POOL	9639	0.675158530	2,4,5,7,11,16	us pro laugh la cut rubble
POOL	9640	0.675153002	4,6,10,16	show lol tum -able
POOL	9641	0.675147488	1,5,7,11,14,16	eh hole la covet rub hell
POOL	9642	0.675147013	2,3,5,9,14,16	ass new full lotta club eel
POOL	9643	0.675135028	5,8,11,14,16	hole lat thunk rub al
POOL	9644	0.675123646	1,5,7,12,14,16	eh hole la t'other up il
POOL	9645	0.675118792	1,5,8,9,11,14,16	eh hole lat uhh that rub l.'s
POOL	9646	0.675100499	4,7,11,16	show lod cut ruble
POOL	9647	0.675091545	1,5,8,9,11,14,16	eh hole lott uhh pfft rub heir
POOL	9648	0.675086607	2,5,7,9,11,16	ras ole la tow that rubble
POOL	9649	0.675077891	1,5,8,9,11,14,16	eh hole lott uh pfft rub are
POOL	9650	0.675075816	2,4,5,9,14,16	ass know law lotta club null
POOL	9651	0.675071744	2,4,5,9,14,16	ass know law lotta scrub l.'s
POOL	9652	0.675063889	2,3,5,9,14,16	ass new full lotta club aer
POOL	9653	0.675050240	2,4,5,9,14,16	ass know law lotta club mal
POOL	9654	0.675042123	2,4,5,9,14,16	ass know law lotta club dell
POOL	9655	0.675039305	1,4,7,11,12,16	uhh snow la cut un -able
POOL	9656	0.675022302	1,4,6,9,13,16	eh ho lol ata truck bull
POOL	9657	0.675018815	2,4,5,9,14,16	ass know law lotta scrub ahl
POOL	9658	0.675011308	1,4,7,11,12,16	uhh show robb touched are -able
POOL	9659	0.675010653	2,4,5,9,13,16	ass know law lotta tra built
POOL	9660	0.675010571	1,5,8,9,11,14,16	eh hole lott uhh that rub aer
POOL	9661	0.675002571	5,7,11,16	hole ja cat -able
POOL	9662	0.674999959	1,5,7,11,14,16	uh hole la covet rub an
POOL	9663	0.674997328	2,3,5,9,13,16	ass new full lotta truck bil
POOL	9664	0.674971430	2,4,5,9,14,16	ass know law lotta club elf
POOL	9665	0.674970270	1,5,7,12,13,16	eh hole la t'other uhh bull
POOL	9666	0.674970086	2,4,5,9,14,16	ass know law lotta rub err
POOL	9667	0.674958080	1,4,7,10,12,16	uhh koh la tough true -able
POOL	9668	0.674957639	1,5,7,11,14,16	uh hole la covet rub hell
POOL	9669	0.674950106	1,5,8,9,11,14,16	eh hole lott uhh pfft rub all
POOL	9670	0.674947148	4,9,11,12,16	hose lotta meat air -able
POOL	9671	0.674935598	1,5,9,11,14,16	uhh hole lotta aunt rub al
POOL	9672	0.674933796	1,5,7,12,14,16	uh hole la t'other up il
POOL	9673	0.674923626	1,5,7,12,14,16	eh hole la t'other up heir
POOL	9674	0.674919172	1,5,8,9,11,14,16	eh hole lat uhh that rub bell
POOL	9675	0.674906016	1,4,6,9,14,16	eh ho lol aka club all
POOL	9676	0.674904639	1,4,7,9,11,16	c show la ca vote rubble
POOL	9677	0.674890341	1,5,8,9,11,14,16	eh hole lott uhh that rub eel
POOL	9678	0.674884351	4,9,13,16	show lotta fra bar
POOL	9679	0.674871770	1,6,7,10,12,16	uhh hole -san tough true -able
POOL	9680	0.674867834	2,4,6,9,11,16	us oh your ta that rubble
POOL	9681	0.674847412	5,7,9,11,12,16	hole lull ca ist are -able
POOL	9682	0.674838853	2,4,5,9,14,16	ass know law lotta scrub bell
POOL	9683	0.674837928	2,4,8,10,12,16	us hope lat love true -able
POOL	9684	0.674826185	1,5,8,9,11,14,16	eh hole lat uh pfft rub heir
POOL	9685	0.674821211	2,4,5,9,12,16	ass know law lotta tour belle
POOL	9686	0.674812730	1,4,6,9,13,16	eh ho lol ata truck beer
POOL	9687	0.674810809	2,4,5,9,14,16	ass know law lotta club sal
POOL	9688	0.674801224	1,5,8,10,16	eh whole lat of triple
POOL	9689	0.674797501	2,4,5,9,13,16	ass know law lotta tra build
POOL	9690	0.674780421	1,5,7,12,13,16	uh hole la t'other uhh bull
POOL	9691	0.674777661	2,5,7,11,12,16	us ole lung thom are -able
POOL	9692	0.674774507	1,5,8,9,11,13,16	eh hole lat uhh that raw bare
POOL	9693	0.674760699	1,5,7,12,13,16	eh hole la t'other uhh beer
POOL	9694	0.674758319	1,5,8,9,11,14,16	eh hole lat uhh pfft rub an
POOL	9695	0.674745279	1,5,8,10,16	eh whole lat of rabble
POOL	9696	0.674745271	2,4,5,9,14,16	ass know law lotta rub cell
POOL	9697	0.674741070	6,7,9,11,12,16	hole ahh ca that are lovell
POOL	9698	0.674733777	1,5,7,12,14,16	uh hole la t'other up heir
POOL	9699	0.674719715	2,4,5,9,14,16	ass know law lotta scrub eel
POOL	9700	0.674712695	1,5,8,9,11,14,16	eh hole lott uh pfft rub il
POOL	9701	0.674696929	2,4,5,9,13,16	ass know law lotta tra air
POOL	9702	0.674689018	2,4,6,8,11,16	us oh lol got at rattle
POOL	9703	0.674687229	1,4,6,9,14,16	eh ho lol ata club l.'s
POOL	9704	0.674685964	1,4,6,9,12,16	eh ho lol ata ver bell
POOL	9705	0.674684747	1,5,8,9,11,14,16	eh hole lat uh pfft rub all
POOL	9706	0.674636590	2,4,5,9,14,16	ass know law lotta scrub aer
POOL	9707	0.674634301	1,4,6,9,14,16	eh ho lol ata club ahl
POOL	9708	0.674619446	1,6,7,9,11,16	uhh hole ahh ca that nuttall
POOL	9709	0.674616883	2,4,5,9,14,16	ass know law lotta rub fell
POOL	9710	0.674608449	4,7,11,12,16	show walla dust air -able
POOL	9711	0.674606942	2,5,7,9,11,16	us ole look tour that rubble
POOL	9712	0.674593111	1,5,8,9,11,14,16	eh hole lott uh pfft rub else
POOL	9713	0.674586812	2,3,6,7,11,16	gash were all ahh cut rubble
POOL	9714	0.674578958	2,4,5,9,13,16	ass know law lotta tra dal
POOL	9715	0.674570850	1,5,7,12,13,16	uh hole la t'other uhh beer
POOL	9716	0.674563239	2,4,5,9,13,16	ass know law lotta struck bil
POOL	9717	0.674562094	4,9,11,14,16	show lotta that rub appeal
POOL	9718	0.674547628	1,4,6,9,14,16	eh ho lol aka club il
POOL	9719	0.674546233	4,7,10,16	show la dunn -able
POOL	9720	0.674536817	1,2,4,7,11,16	uhh her row lob cut rubble
POOL	9721	0.674533657	2,6,9,11,13,16	us au ata that le bell
POOL	9722	0.674530316	2,4,5,9,13,16	ass know law lotta truck dal
POOL	9723	0.674525945	1,4,6,9,14,16	eh ho lol ata club care
POOL	9724	0.674520449	1,5,7,11,14,16	eh hole la covet rub earl
POOL	9725	0.674516494	1,5,8,9,11,14,16	eh hole lat uhh pfft rub earl
POOL	9726	0.674512848	2,4,7,9,11,16	us oh rule us that rubble
POOL	9727	0.674500790	1,5,7,12,14,16	eh hole la t'other up hell
POOL	9728	0.674497705	2,4,5,9,14,16	ass know law lotta club als
POOL	9729	0.674490703	1,5,8,9,11,14,16	eh hole lott uhh that rub l.'s
POOL	9730	0.674467196	2,4,5,9,13,16	ass know law lotta tra biel
POOL	9731	0.674464346	1,5,8,9,11,14,16	eh hole lat uhh pfft rub hell
POOL	9732	0.674457511	2,4,5,9,12,16	ass know law lotta ver bel
POOL	9733	0.674454339	1,4,6,9,14,16	eh ho lol ata club bell
POOL	9734	0.674454044	2,3,5,9,13,16	ass new full lotta truck del
POOL	9735	0.674441201	2,4,5,9,14,16	ass know law lotta club elk
POOL	9736	0.674438109	2,4,8,10,12,16	us oh lakh tough true -able
POOL	9737	0.674433759	2,4,5,9,13,16	ass know law lotta tra ben
POOL	9738	0.674418555	2,4,5,9,13,16	ass know law lotta truck biel
POOL	9739	0.674417866	1,5,8,9,11,14,16	eh hole lot uhh pfft rub al
POOL	9740	0.674381432	2,6,8,9,11,16	us ole cod uhh that rubble
POOL	9741	0.674360624	1,5,8,9,11,14,16	eh hole lat uhh that rub earle
POOL	9742	0.674347608	1,4,6,9,14,16	eh ho lol aka club heir
POOL	9743	0.674335200	1,4,6,9,14,16	eh ho lol ata club eel
POOL	9744	0.674330600	1,5,7,11,14,16	uh hole la covet rub earl
POOL	9745	0.674329990	1,5,8,10,16	eh whole lat of trouble
POOL	9746	0.674324603	1,5,7,11,14,16	eh hole la covet rub sell
POOL	9747	0.674310941	1,5,7,12,14,16	uh hole la t'other up hell
POOL	9748	0.674300334	1,5,8,9,11,14,16	eh hole lat uhh pfft rub err
POOL	9749	0.674291083	1,5,8,9,11,14,16	eh hole lott uhh that rub bell
POOL	9750	0.674261987	1,5,8,9,11,13,16	eh hole lat uhh that run bare
POOL	9751	0.674253701	2,5,7,11,12,16	us ole la cut are ample
POOL	9752	0.674252075	1,4,6,9,14,16	eh ho lol ata club aer
POOL	9753	0.674235635	1,4,7,11,12,16	uhh saw la tub are -able
POOL	9754	0.674225886	2,4,5,9,14,16	ass know law lotta club bel
POOL	9755	0.674212999	2,4,5,9,14,16	ass know law lotta rub ere
POOL	9756	0.674202184	2,4,5,9,13,16	ass know law lotta tra bulk
POOL	9757	0.674198096	1,5,8,9,11,14,16	eh hole lott uh pfft rub heir
POOL	9758	0.674197961	1,4,6,9,12,16	eh ho lol ata ter bell
POOL	9759	0.674196186	1,4,6,9,14,16	eh ho lol ata club law
POOL	9760	0.674185793	2,4,5,9,14,16	ass know law lotta rub eyre
POOL	9761	0.674185515	1,4,6,9,13,16	eh ho lol ata truck bil
POOL	9762	0.674157845	2,4,5,9,13,16	ass know law lotta tra ban
POOL	9763	0.674156811	1,4,6,9,12,16	eh ho lol ata ver bill
POOL	9764	0.674153543	2,4,5,9,13,16	ass know law lotta truck bulk
POOL	9765	0.674146418	1,5,8,9,11,13,16	eh hole lott uhh that raw bare
POOL	9766	0.674136402	2,4,5,9,14,16	ass know law lotta club uhh
POOL	9767	0.674134753	1,5,7,11,14,16	uh hole la covet rub sell
POOL	9768	0.674133484	1,5,7,12,13,16	eh hole la t'other uhh bil
POOL	9769	0.674130230	1,5,8,9,11,14,16	eh hole lott uhh pfft rub an
POOL	9770	0.674121559	2,4,5,9,14,16	ass know law lotta club dal
POOL	9771	0.674108737	1,4,7,9,11,16	al show tra ca that rubble
POOL	9772	0.674098184	1,5,8,9,11,14,16	eh hole lat uhh that rub shell
POOL	9773	0.674087692	1,5,8,9,11,14,16	eh hole lat uhh that rub care
POOL	9774	0.674056658	1,5,8,9,11,14,16	eh hole lott uh pfft rub all
POOL	9775	0.674044773	1,3,6,7,11,16	uhh who all ahh cut russel
POOL	9776	0.674038998	2,4,5,9,14,16	ass know law lotta club elm
POOL	9777	0.674019955	2,4,5,9,13,16	ass know law lotta struck del
POOL	9778	0.674001107	2,4,5,9,12,16	ass know law lotta ver bal
POOL	9779	0.673993314	2,4,5,9,14,16	ass know law lotta club halle
POOL	9780	0.673973349	2,4,5,9,12,16	ass know law lotta tree belle
POOL	9781	0.673972889	1,5,8,10,16	eh hole lot of trimble
POOL	9782	0.673967093	1,4,6,9,14,16	eh ho lol aka club an
POOL	9783	0.673943635	1,5,7,12,13,16	uh hole la t'other uhh bil
POOL	9784	0.673942754	1,5,7,11,14,16	eh hole la covet rub will
POOL	9785	0.673938119	1,4,8,9,11,16	uhh show la uhh that rubble
POOL	9786	0.673926634	2,3,5,9,14,16	ass new full lotta club earle
POOL	9787	0.673925186	1,4,6,9,14,16	eh ho lol ata club bill
POOL	9788	0.673924772	1,4,6,9,14,16	eh ho lol aka club hell
POOL	9789	0.673915908	1,5,8,9,11,14,16	eh hole lat uhh that rub bill
POOL	9790	0.673914474	1,5,7,11,14,16	eh hole la covet rub err
POOL	9791	0.673901546	4,7,11,12,16	wahoo la tom air -able
POOL	9792	0.673888405	1,5,8,9,11,14,16	eh hole lott uhh pfft rub earl
POOL	9793	0.673881034	2,4,5,9,14,16	ass know law lotta scrub shell
POOL	9794	0.673877874	2,5,7,9,12,16	us ole lew tod true -able
POOL	9795	0.673876050	1,5,8,9,11,14,16	eh hole lat uhh that rub law
POOL	9796	0.673873752	1,5,7,12,14,16	eh hole la t'other up earl
POOL	9797	0.673872716	1,5,8,9,11,14,16	eh hole lat uhh that rub del
POOL	9798	0.673864871	1,5,8,9,11,14,16	eh hole lat uh pfft rub an
POOL	9799	0.673862139	1,5,8,9,11,14,16	eh hole lat uhh too rub tell
POOL	9800	0.673838073	4,9,14,16	show lotta trad hell
POOL	9801	0.673836257	1,5,8,9,11,14,16	eh hole lott uhh pfft rub hell
POOL	9802	0.673830996	1,4,6,9,14,16	eh ho lol ata club feel
POOL	9803	0.673820490	2,4,5,9,13,16	ass know law lotta tra pell
POOL	9804	0.673794555	1,4,6,9,14,16	eh ho lol ata club their
POOL	9805	0.673794555	1,4,6,9,14,16	eh ho lol ata club there
POOL	9806	0.673783578	1,4,7,11,14,16	hua co la cut rub al
POOL	9807	0.673771848	2,4,5,9,13,16	ass know law lotta truck pell
POOL	9808	0.673769482	2,4,5,9,14,16	ass know law lotta club bal
POOL	9809	0.673759016	1,5,8,9,11,14,16	eh hole lat uhh pfft rub sell
POOL	9810	0.673752904	1,5,7,11,14,16	uh hole la covet rub will
POOL	9811	0.673732535	1,5,8,9,11,14,16	eh hole lott uhh that rub earle
POOL	9812	0.673724625	1,5,7,11,14,16	uh hole la covet rub err
POOL	9813	0.673689659	1,5,7,11,14,16	eh hole la covet rub cell
POOL	9814	0.673688663	2,4,5,9,14,16	ass know law lotta club alf
POOL	9815	0.673683902	1,5,7,12,14,16	uh hole la t'other up earl
POOL	9816	0.673682955	1,5,8,9,11,14,16	eh hole lat uhh that love al
POOL	9817	0.673678857	2,3,5,9,13,16	ass new full lotta truck pal
POOL	9818	0.673677905	1,5,7,12,14,16	eh hole la t'other up sell
POOL	9819	0.673672307	2,5,6,7,11,16	ang ole all pop cut rubble
POOL	9820	0.673672245	1,5,8,9,11,14,16	eh hole lott uhh pfft rub err
POOL	9821	0.673668809	1,4,6,9,12,16	eh ho lol ata ter bill
POOL	9822	0.673662423	1,5,7,11,12,16	uhh hole eel cut are -able
POOL	9823	0.673651403	1,5,8,9,11,14,16	eh hole lat uhh pfft rub ere
POOL	9824	0.673642231	1,4,6,9,13,16	eh ho lol ata truck del
POOL	9825	0.673633898	1,5,8,9,11,13,16	eh hole lott uhh that run bare
POOL	9826	0.673629964	2,4,5,9,13,16	ass know law lotta tra pair
POOL	9827	0.673628083	1,5,8,9,11,14,16	eh hole lat uhh pfft rub eyre
POOL	9828	0.673623046	1,5,8,9,11,14,16	eh hole lat uh pfft rub earl
POOL	9829	0.673618440	2,3,4,9,16	a a a lot trouble
POOL	9830	0.673617989	2,4,5,9,14,16	ass know law lotta scrub del
POOL	9831	0.673611216	2,4,5,9,14,16	ass know law lotta club lal
POOL	9832	0.673595500	2,4,5,9,14,16	ass know law lotta club alp
POOL	9833	0.673590864	1,4,5,7,11,16	uhh show all la dumped rubble
POOL	9834	0.673590200	1,5,7,12,13,16	eh hole la t'other uhh del
POOL	9835	0.673585070	2,4,5,9,12,16	ass know law lotta tour bel
POOL	9836	0.673580991	1,5,8,9,11,14,16	eh hole lat uhh that rub oil
POOL	9837	0.673570898	1,5,8,9,11,14,16	eh hole lat uh pfft rub hell
POOL	9838	0.673561270	1,5,7,11,14,16	eh hole la covet rub fell
POOL	9839	0.673550980	2,4,5,9,13,16	ass know law lotta tra blue
POOL	9840	0.673550508	2,4,5,9,14,16	ass know law lotta club kal
POOL	9841	0.673534450	1,4,6,9,14,16	eh ho lol ata club oil
POOL	9842	0.673531094	1,5,8,9,11,14,16	eh hole lat uhh that rub kill
POOL	9843	0.673524418	1,5,8,9,11,14,16	eh hole lot uh pfft rub al
POOL	9844	0.673514117	2,4,5,9,14,16	ass know law lotta scrub shall
POOL	9845	0.673501773	1,5,8,9,11,14,16	eh hole lat uhh too rub e'er
POOL	9846	0.673499810	1,5,7,11,14,16	uh hole la covet rub cell
POOL	9847	0.673499336	2,4,5,9,14,16	ass know law lotta scrub earle
POOL	9848	0.673496519	1,4,6,9,14,16	eh ho lol ata club shell
POOL	9849	0.673488968	2,4,5,9,14,16	ass know law lotta rub l.'s
POOL	9850	0.673488056	1,5,7,12,14,16	uh hole la t'other up sell
POOL	9851	0.673476237	1,4,6,9,14,16	eh ho lol ata club kill
POOL	9852	0.673470095	1,5,8,9,11,14,16	eh hole lott uhh that rub shell
POOL	9853	0.673459603	1,5,8,9,11,14,16	eh hole lott uhh that rub care
POOL	9854	0.673457824	1,5,8,9,11,14,16	eh hole lat uhh that rub are
POOL	9855	0.673436040	2,4,5,9,14,16	ass know law lotta rub ahl
POOL	9856	0.673422666	1,3,5,7,11,16	uhh who all la tarte rubble
POOL	9857	0.673418941	1,4,6,9,14,16	eh ho lol ata club real
POOL	9858	0.673417313	1,4,6,9,12,16	eh ho lol ata true belle
POOL	9859	0.673406886	1,5,8,9,11,14,16	eh hole lat uh pfft rub err
POOL	9860	0.673400351	1,5,7,12,13,16	uh hole la t'other uhh del
POOL	9861	0.673394089	1,5,8,9,11,13,16	eh hole lat uhh that raw bull
POOL	9862	0.673392217	1,5,8,9,11,14,16	eh hole lat uhh pfft rub will
POOL	9863	0.673386795	1,5,8,9,11,14,16	eh hole lat uhh too rub are
POOL	9864	0.673386040	1,5,7,11,12,16	eyre hole la can't are -able
POOL	9865	0.673371421	1,5,7,11,14,16	uh hole la covet rub fell
POOL	9866	0.673362385	2,4,5,9,14,16	ass know law lotta club nell
POOL	9867	0.673360190	2,5,8,9,12,16	us ole bought uhh true -able
POOL	9868	0.673352375	2,3,5,7,11,16	is new awe la cut rubble
POOL	9869	0.673326692	1,4,6,7,11,16	uhh show your hop cut rubble
POOL	9870	0.673300542	1,5,8,9,11,14,16	eh hole lat uhh that rub feel
POOL	9871	0.673298317	1,5,8,9,11,13,16	eh hole lat uhh that raw bil
POOL	9872	0.673297734	1,4,6,9,14,16	eh ho lol aka club earl
POOL	9873	0.673287819	1,5,8,9,11,14,16	eh hole lott uhh that rub bill
POOL	9874	0.673284526	2,4,5,9,13,16	ass know law lotta tra bells
POOL	9875	0.673283894	2,4,5,9,14,16	ass know law lotta club eh
POOL	9876	0.673267777	1,5,7,12,14,16	eh hole la t'other up err
POOL	9877	0.673256078	2,4,5,9,14,16	ass know law lotta rub bell
POOL	9878	0.673253006	2,4,5,9,12,16	ass know law lotta ver bear
POOL	9879	0.673247961	1,5,8,9,11,14,16	eh hole lott uhh that rub law
POOL	9880	0.673246627	2,4,5,9,14,16	ass know law lotta club pell
POOL	9881	0.673244767	2,4,5,9,13,16	ass know law lotta struck pal
POOL	9882	0.673244627	1,5,8,9,11,14,16	eh hole lott uhh that rub del
POOL	9883	0.673242520	1,5,8,9,11,14,16	eh hole lat uhh that rub cal
POOL	9884	0.673236782	1,5,8,9,11,14,16	eh hole lott uh pfft rub an
POOL	9885	0.673235884	2,4,5,9,13,16	ass know law lotta truck bells
POOL	9886	0.673234050	1,5,8,9,11,14,16	eh hole lott uhh too rub tell
POOL	9887	0.673233474	1,4,6,9,14,16	eh ho lol ata club del
POOL	9888	0.673214779	1,5,8,9,11,14,16	eh hole lat uhh pfft rub cell
POOL	9889	0.673209923	4,6,8,9,11,16	show leigh shop uhh that rubble
POOL	9890	0.673201895	4,7,10,16	hove la come -able
POOL	9891	0.673181835	2,5,6,7,11,16	us ole all ahh cut rommel
POOL	9892	0.673175793	1,4,6,9,14,16	eh ho lol ata club in
POOL	9893	0.673168438	1,5,8,9,11,14,16	eh hole lat uhh that rub pal
POOL	9894	0.673157387	1,5,7,11,14,16	eh hole la covet rub ere
POOL	9895	0.673143162	1,4,6,9,12,16	eh ho lol aka true bell
POOL	9896	0.673137009	1,4,6,9,13,16	eh ho lol ata truck bar
POOL	9897	0.673136939	2,4,5,9,14,16	ass know law lotta rub eel
POOL	9898	0.673135374	1,4,6,9,14,16	eh ho lol ata club year
POOL	9899	0.673132352	2,4,6,8,11,16	us pole lol got at rubble
POOL	9900	0.673130927	1,5,8,9,11,14,16	eh hole lott uhh pfft rub sell
POOL	9901	0.673130181	1,5,7,11,14,16	eh hole la covet rub eyre
POOL	9902	0.673129602	1,4,6,9,14,16	eh ho lol ata club shall
POOL	9903	0.673128665	2,4,5,9,12,16	ass know law lotta tour bal
POOL	9904	0.673126608	2,4,5,9,14,16	ass know law lotta club nel
POOL	9905	0.673114821	1,4,6,9,14,16	eh ho lol ata club earle
POOL	9906	0.673106153	1,4,6,9,13,16	eh ho lol ata truck al
POOL	9907	0.673104731	1,5,8,9,11,14,16	eh hole lat uhh pfft rub fell
POOL	9908	0.673101887	1,4,6,9,14,16	eh ho lol aka club sell
POOL	9909	0.673094045	2,4,5,9,14,16	ass know law lotta club uh
POOL	9910	0.673084978	1,5,7,12,13,16	eh hole la t'other uhh bar
POOL	9911	0.673077928	1,5,7,12,14,16	uh hole la t'other up err
POOL	9912	0.673076723	2,7,11,16	ass ole cut randall
POOL	9913	0.673054866	1,5,8,9,11,14,16	eh hole lott uhh that love al
POOL	9914	0.673054122	1,5,7,12,13,16	eh hole la t'other uhh al
POOL	9915	0.673053814	2,4,5,9,14,16	ass know law lotta rub aer
POOL	9916	0.673042962	1,5,7,12,14,16	eh hole la t'other up cell
POOL	9917	0.673031908	2,4,5,9,14,16	ass know law lotta club lull
POOL	9918	0.673029747	1,4,6,9,14,16	eh ho lol ata club where
POOL	9919	0.673023314	1,5,8,9,11,14,16	eh hole lott uhh pfft rub ere
POOL	9920	0.673021600	1,5,8,9,11,14,16	eh hole lat uhh too rub il
POOL	9921	0.672999994	1,5,8,9,11,14,16	eh hole lott uhh pfft rub eyre
POOL	9922	0.672999892	2,4,5,9,13,16	ass know law lotta tra pill
POOL	9923	0.672994957	1,5,8,9,11,14,16	eh hole lott uh pfft rub earl
POOL	9924	0.672983448	2,6,7,9,11,16	us cole ahh ca that lovell
POOL	9925	0.672976448	1,5,9,11,14,16	uhh hole lotta that rub yell
POOL	9926	0.672967538	1,5,7,11,14,16	uh hole la covet rub ere
POOL	9927	0.672963327	1,5,8,10,16	eh hole lot of trample
POOL	9928	0.672956941	6,7,11,16	hole ahh touched ripple
POOL	9929	0.672952902	1,5,8,9,11,14,16	eh hole lott uhh that rub oil
POOL	9930	0.672951251	2,4,5,9,13,16	ass know law lotta truck pill
POOL	9931	0.672947351	1,5,8,9,11,14,16	eh hole lat uhh that rub real
POOL	9932	0.672943072	1,5,8,9,11,13,16	eh hole lat uhh that raw beer
POOL	9933	0.672942809	1,5,8,9,11,14,16	eh hole lott uh pfft rub hell
POOL	9934	0.672940331	1,5,7,11,14,16	uh hole la covet rub eyre
POOL	9935	0.672935417	1,5,8,9,11,14,16	eh hole lat uhh that rub ear
POOL	9936	0.672926884	1,4,6,9,11,16	eh ho lol ata vet rub
POOL	9937	0.672920510	2,4,5,9,13,16	ass know law lotta tra ill
POOL	9938	0.672914573	1,5,7,12,14,16	eh hole la t'other up fell
POOL	9939	0.672903005	1,5,8,9,11,14,16	eh hole lott uhh that rub kill
POOL	9940	0.672902016	1,5,8,9,11,14,16	eh hole lat uhh too rub else
POOL	9941	0.672895129	1,5,7,12,13,16	uh hole la t'other uhh bar
POOL	9942	0.672893906	1,5,8,9,11,14,16	eh hole lat uhh pfft rub ahl
POOL	9943	0.672882291	1,5,7,12,13,16	eh hole la t'other up bare
POOL	9944	0.672881569	1,5,8,9,11,13,16	eh hole lat uhh that run bull
POOL	9945	0.672873684	1,5,8,9,11,14,16	eh hole lott uhh too rub e'er
POOL	9946	0.672871472	2,3,5,9,13,16	ass new full lotta truck baer
POOL	9947	0.672869841	1,5,8,10,16	eh whole lat of publ
POOL	9948	0.672867044	1,4,6,9,13,16	eh ho lol ata truck pal
POOL	9949	0.672865568	1,5,8,9,11,14,16	eh hole lat uh pfft rub sell
POOL	9950	0.672864272	1,5,7,12,13,16	uh hole la t'other uhh al
POOL	9951	0.672853113	1,5,7,12,14,16	uh hole la t'other up cell
POOL	9952	0.672846489	2,4,8,9,11,16	us zone lat uhh that rubble
POOL	9953	0.672842289	1,4,6,9,11,16	uhh shows lol tug that rubble
POOL	9954	0.672829735	1,5,8,9,11,14,16	eh hole lott uhh that rub are
POOL	9955	0.672818853	1,5,8,10,16	eh whole lat of rumble
POOL	9956	0.672815012	1,5,7,12,13,16	eh hole la t'other uhh pal
POOL	9957	0.672814137	1,5,8,9,11,14,16	eh hole lat uhh that rub hull
POOL	9958	0.672812766	2,4,5,9,14,16	ass know law lotta scrub cal
POOL	9959	0.672811879	1,2,4,7,11,16	uhh sha tho la cut rubble
POOL	9960	0.672801413	2,4,5,9,14,16	ass know law lotta club gull
POOL	9961	0.672798185	4,6,9,12,16	show earl ata tra -able
POOL	9962	0.672797543	2,4,5,9,13,16	ass know law lotta tra delle
POOL	9963	0.672785797	1,5,8,9,11,13,16	eh hole lat uhh that run bil
POOL	9964	0.672778797	1,5,8,9,11,14,16	eh hole lott uh pfft rub err
POOL	9965	0.672775893	1,5,6,7,11,16	uhh hole all ahh tod rubble
POOL	9966	0.672766000	1,5,8,9,11,13,16	eh hole lott uhh that raw bull
POOL	9967	0.672765534	2,6,8,9,11,16	us ole got duck that rubble
POOL	9968	0.672764128	1,5,8,9,11,14,16	eh hole lott uhh pfft rub will
POOL	9969	0.672758706	1,5,8,9,11,14,16	eh hole lott uhh too rub are
POOL	9970	0.672757954	1,5,8,9,11,14,16	eh hole lat uh pfft rub ere
POOL	9971	0.672753455	1,5,7,11,13,16	eh hole la covet yuh belle
POOL	9972	0.672748902	2,4,5,9,13,16	ass know law lotta truck delle
POOL	9973	0.672747866	2,4,5,9,14,16	ass know law lotta scrub ear
POOL	9974	0.672746625	4,6,7,12,16	show lol ahh t'other dabble
POOL	9975	0.672739977	1,5,8,10,16	eh whole lat of tumble
POOL	9976	0.672737208	2,4,5,9,12,16	ass know law lotta tree bel
POOL	9977	0.672734634	1,5,8,9,11,14,16	eh hole lat uh pfft rub eyre
POOL	9978	0.672728340	1,4,6,9,13,16	eh ho lol ata truck ball
POOL	9979	0.672726337	2,4,5,9,14,16	ass know law lotta scrub pal
POOL	9980	0.672724724	1,5,7,12,14,16	uh hole la t'other up fell
POOL	9981	0.672720038	1,4,6,9,14,16	eh ho lol aka club will
POOL	9982	0.672717406	2,4,5,9,14,16	ass know law lotta club cul
POOL	9983	0.672691759	1,4,6,9,14,16	eh ho lol aka club err
POOL	9984	0.672687344	2,4,5,9,14,16	ass know law lotta club cull
POOL	9985	0.672676309	1,5,7,12,13,16	eh hole la t'other uhh ball
POOL	9986	0.672672453	1,5,8,9,11,14,16	eh hole lott uhh that rub feel
POOL	9987	0.672670228	1,5,8,9,11,13,16	eh hole lott uhh that raw bil
POOL	9988	0.672657816	1,5,8,9,11,14,16	eh hole lat uhh pfft rub aer
POOL	9989	0.672655357	1,3,5,7,11,16	uhh who for la cut rubble
POOL	9990	0.672655109	1,5,8,10,16	eh hole lot of straddle
POOL	9991	0.672654947	6,9,11,16	hole uh newt -able
POOL	9992	0.672641564	1,5,8,9,11,14,16	eh hole lat uhh that rub gal
POOL	9993	0.672640898	1,5,7,9,11,16	duh hole la pa that rubble
POOL	9994	0.672625163	1,5,7,12,13,16	uh hole la t'other uhh pal
POOL	9995	0.672623568	2,4,5,9,14,16	ass know law lotta club mull
POOL	9996	0.672617292	1,6,7,11,14,16	uhh hola ahh cut rubs al
POOL	9997	0.672614431	1,5,8,9,11,14,16	eh hole lott uhh that rub cal
POOL	9998	0.672614009	1,4,6,9,12,16	eh ho lol aka true bill
POOL	9999	0.672586690	1,5,8,9,11,14,16	eh hole lott uhh pfft rub cell
POOL	10000	0.672563605	1,5,7,11,13,16	uh hole la covet yuh belle
POOL	10001	0.672540349	1,5,8,9,11,14,16	eh hole lott uhh that rub pal
POOL	10002	0.672537586	1,5,8,9,11,14,16	eh hole lat uhh pfft rub eel
POOL	10003	0.672521624	1,2,5,7,11,16	uhh her ole la pont rubble
POOL	10004	0.672515967	4,6,8,10,12,16	haute lol got love tore -able
POOL	10005	0.672515283	2,4,5,9,14,16	ass know law lotta club sel
POOL	10006	0.672510835	1,5,8,10,16	eh hole lot of dabble
POOL	10007	0.672510690	1,5,7,12,14,16	eh hole la t'other up ere
POOL	10008	0.672507001	1,5,8,9,11,14,16	eh hole lat uhh too rub heir
POOL	10009	0.672501288	2,4,5,9,14,16	ass know law lotta club els
POOL	10010	0.672498768	1,5,8,9,11,14,16	eh hole lat uh pfft rub will
POOL	10011	0.672486460	1,5,7,12,13,16	uh hole la t'other uhh ball
POOL	10012	0.672483483	1,5,7,12,14,16	eh hole la t'other up eyre
POOL	10013	0.672476642	1,5,8,9,11,14,16	eh hole lott uhh pfft rub fell
POOL	10014	0.672476216	1,2,6,7,11,16	uhh hit wool ahh cut rubble
POOL	10015	0.672471697	1,3,6,7,11,16	uhh who moor bah cut rubble
POOL	10016	0.672466944	1,4,6,9,14,16	eh ho lol aka club cell
POOL	10017	0.672465192	1,5,8,9,11,14,16	eh hole lat uhh that rub tel
POOL	10018	0.672462179	2,5,8,9,12,16	us known lat uhh true -able
POOL	10019	0.672449733	1,5,8,9,11,14,16	eh hole lat uhh that rub dull
POOL	10020	0.672438146	2,4,5,9,14,16	ass know law lotta club sul
POOL	10021	0.672437383	2,4,5,9,13,16	ass know law lotta struck baer
POOL	10022	0.672436591	1,5,8,9,11,14,16	eh hole lat uhh that rub all
POOL	10023	0.672436004	2,3,5,9,13,16	ass new full lotta truck beale
POOL	10024	0.672433356	1,5,7,11,14,16	eh hole la covet rub l.'s
POOL	10025	0.672430552	1,5,8,9,11,13,16	eh hole lat uhh that run beer
POOL	10026	0.672428251	1,4,6,9,14,16	eh ho lol ata club cal
POOL	10027	0.672411613	1,4,6,9,14,16	eh ho lol ata club full
POOL	10028	0.672409430	2,4,5,9,14,16	ass know law lotta scrub hull
POOL	10029	0.672402806	2,4,5,9,13,16	ass know law lotta tra el
POOL	10030	0.672393511	1,5,8,9,11,14,16	eh hole lott uhh too rub il
POOL	10031	0.672393389	3,5,7,11,16	hui all la cut rubble
POOL	10032	0.672390263	2,6,8,10,12,16	es bowl got love true -able
POOL	10033	0.672386259	2,4,5,9,13,16	ass know law lotta struck dull
POOL	10034	0.672380427	1,5,7,11,14,16	eh hole la covet rub ahl
POOL	10035	0.672371419	2,4,5,9,14,16	ass know law lotta club cel
POOL	10036	0.672367639	2,4,5,9,14,16	ass know law lotta club gul
POOL	10037	0.672365562	1,5,8,9,11,14,16	eh hole lat uhh too rub all
POOL	10038	0.672363351	1,4,6,9,14,16	eh ho lol ata club ear
POOL	10039	0.672361617	2,5,7,9,11,16	us ole la ca that randal
POOL	10040	0.672357332	5,7,9,11,12,16	shoal la does that are -able
POOL	10041	0.672354164	2,4,5,9,13,16	ass know law lotta truck el
POOL	10042	0.672348757	2,3,5,9,13,16	ass new full lotta truck bol
POOL	10043	0.672346069	1,5,8,9,11,14,16	eh hole lat uhh that rub year
POOL	10044	0.672345153	1,4,9,11,14,16	egg show lotta zack rub al
POOL	10045	0.672341822	1,4,6,9,14,16	eh ho lol ata club pal
POOL	10046	0.672340144	2,4,5,9,14,16	ass know law lotta club delle
POOL	10047	0.672339898	2,4,5,9,14,16	ass know law lotta club alb
POOL	10048	0.672338555	1,4,6,9,14,16	eh ho lol aka club fell
POOL	10049	0.672325490	1,5,8,9,11,14,16	eh hole lat uhh that rub val
POOL	10050	0.672321330	1,5,8,9,11,14,16	eh hole lat uh pfft rub cell
POOL	10051	0.672320840	1,5,7,12,14,16	uh hole la t'other up ere
POOL	10052	0.672320568	1,5,8,9,11,14,16	eh hole lat uhh that rub yell
POOL	10053	0.672319262	1,5,8,9,11,14,16	eh hole lott uhh that rub real
POOL	10054	0.672314983	1,5,8,9,11,13,16	eh hole lott uhh that raw beer
POOL	10055	0.672307328	1,5,8,9,11,14,16	eh hole lott uhh that rub ear
POOL	10056	0.672304546	1,4,8,9,12,16	ugh show lat uhh true -able
POOL	10057	0.672299405	2,4,5,9,13,16	ass know law lotta tra bulb
POOL	10058	0.672298258	2,4,5,9,14,16	ass know law lotta rub shell
POOL	10059	0.672293634	1,5,7,12,14,16	uh hole la t'other up eyre
POOL	10060	0.672280804	2,4,5,9,12,16	ass know law lotta tree bal
POOL	10061	0.672273927	1,5,8,9,11,14,16	eh hole lott uhh too rub else
POOL	10062	0.672272072	1,5,7,11,14,16	eh hole la covet rub care
POOL	10063	0.672267722	1,5,8,10,16	eh hole lot of trodden
POOL	10064	0.672265817	1,5,8,9,11,14,16	eh hole lott uhh pfft rub ahl
POOL	10065	0.672253480	1,5,8,9,11,13,16	eh hole lott uhh that run bull
POOL	10066	0.672250764	2,4,5,9,13,16	ass know law lotta truck bulb
POOL	10067	0.672245854	1,6,7,9,11,16	b hole ahh tar that rubble
POOL	10068	0.672243507	1,5,7,11,14,16	uh hole la covet rub l.'s
POOL	10069	0.672237479	1,5,8,9,11,14,16	eh hole lott uh pfft rub sell
POOL	10070	0.672228166	1,5,8,9,11,14,16	eh hole lat uhh that rub hal
POOL	10071	0.672226782	2,3,5,7,11,16	us u. for la cut rubble
POOL	10072	0.672221592	1,5,8,9,11,14,16	eh hole lat uhh that rub ann
POOL	10073	0.672221577	2,5,7,9,12,16	cash ole re- ca true -able
POOL	10074	0.672211283	1,5,8,9,11,14,16	eh hole lat uh pfft rub fell
POOL	10075	0.672210847	2,5,8,9,12,16	us ole lat ash true -able
POOL	10076	0.672200465	1,5,7,11,14,16	eh hole la covet rub bell
POOL	10077	0.672193538	2,4,5,9,13,16	ass know law lotta tra pull
POOL	10078	0.672190578	1,5,7,11,14,16	uh hole la covet rub ahl
POOL	10079	0.672189848	1,5,8,9,11,14,16	eh hole lat uhh that rub mel
POOL	10080	0.672188737	1,2,6,7,11,16	eye her ole ahh pont rubble
POOL	10081	0.672186048	1,5,8,9,11,14,16	eh hole lott uhh that rub hull
POOL	10082	0.672181172	1,4,6,9,12,16	eh ho lol ata true bel
POOL	10083	0.672180016	2,4,5,9,14,16	ass know law lotta club fel
POOL	10084	0.672174225	1,5,8,9,11,14,16	eh hole lat uhh that rub belle
POOL	10085	0.672157708	1,5,8,9,11,13,16	eh hole lott uhh that run bil
POOL	10086	0.672145135	2,5,7,9,11,16	us so la ca that rubble
POOL	10087	0.672137947	1,5,8,9,11,14,16	eh hole lat uhh pfft rub l.'s
POOL	10088	0.672129865	1,5,8,9,11,14,16	eh hole lott uh pfft rub ere
POOL	10089	0.672115848	2,6,8,10,12,16	us ole got em true -able
POOL	10090	0.672112859	1,5,8,9,11,14,16	eh hole lat uhh that rub anne
POOL	10091	0.672111651	2,4,5,9,14,16	ass know law lotta scrub gal
POOL	10092	0.672106545	1,5,8,9,11,14,16	eh hole lott uh pfft rub eyre
POOL	10093	0.672104115	1,4,6,9,14,16	eh ho lol ata club and
POOL	10094	0.672098183	2,4,5,9,14,16	ass know law lotta club kell
POOL	10095	0.672085452	5,7,11,16	kohl la tuck -able
POOL	10096	0.672082223	1,5,7,11,14,16	uh hole la covet rub care
POOL	10097	0.672081327	1,5,7,11,14,16	eh hole la covet rub eel
POOL	10098	0.672072473	2,6,7,11,16	us only ahh cut grumble
POOL	10099	0.672071098	1,5,8,9,11,14,16	eh hole lat uhh that rub hill
POOL	10100	0.672059659	1,4,6,9,13,16	eh ho lol ata truck baer
POOL	10101	0.672052567	2,3,5,9,13,16	ass new full lotta truck dell
POOL	10102	0.672035213	2,4,5,9,14,16	ass know law lotta rub del
POOL	10103	0.672033209	5,8,11,14,16	hole caught love rub hell
POOL	10104	0.672029727	1,5,8,9,11,14,16	eh hole lott uhh pfft rub aer
POOL	10105	0.672026425	1,5,8,9,11,13,16	eh hole lat uhh that raw del
POOL	10106	0.672024916	1,4,6,9,14,16	eh ho lol ata club hull
POOL	10107	0.672013475	1,5,8,9,11,14,16	eh hole lott uhh that rub gal
POOL	10108	0.672010616	1,5,7,11,14,16	uh hole la covet rub bell
POOL	10109	0.672001915	2,4,5,9,13,16	ass know law lotta struck beale
POOL	10110	0.672000458	1,5,8,9,11,14,16	eh hole lat uh pfft rub ahl
POOL	10111	0.671986268	2,4,5,9,14,16	ass know law lotta scrub ann
POOL	10112	0.671984293	2,4,5,9,14,16	ass know law lotta scrub dull
POOL	10113	0.671975877	2,4,5,9,14,16	ass know law lotta scrub tel
POOL	10114	0.671973144	2,5,9,11,12,16	hee ole ott that are -able
POOL	10115	0.671958099	2,5,9,11,12,16	us ole clot that are -able
POOL	10116	0.671946627	1,5,8,10,16	eh whole lat of tremble
POOL	10117	0.671942313	1,5,7,11,15,16	eh hole la covet rub law
POOL	10118	0.671937189	2,6,7,9,12,16	cash ole ahh ca true dabble
POOL	10119	0.671934672	1,4,6,9,14,16	eh ho lol aka club ere
POOL	10120	0.671933426	2,4,5,9,13,16	ass know law lotta tra bills
POOL	10121	0.671931341	2,4,5,9,14,16	ass know law lotta rub shall
POOL	10122	0.671916560	2,4,5,9,14,16	ass know law lotta rub earle
POOL	10123	0.671914667	2,4,5,9,13,16	ass know law lotta struck bol
POOL	10124	0.671909497	1,5,8,9,11,14,16	eh hole lott uhh pfft rub eel
POOL	10125	0.671907465	1,4,6,9,14,16	eh ho lol aka club eyre
POOL	10126	0.671859412	2,4,5,9,14,16	ass know law lotta scrub anne
POOL	10127	0.671851903	2,3,5,9,13,16	ass new full lotta truck beal
POOL	10128	0.671829636	2,4,8,11,16	us oh alot love rubble
POOL	10129	0.671828914	2,4,5,9,14,16	ass know law lotta club knell
POOL	10130	0.671807149	2,4,5,9,14,16	ass know law lotta scrub yell
POOL	10131	0.671764367	1,5,8,9,11,14,16	eh hole lat uh pfft rub aer
POOL	10132	0.671758582	2,4,9,12,16	us too lotta pfft -able
POOL	10133	0.671752464	1,5,7,11,15,16	uh hole la covet rub law
POOL	10134	0.671742898	2,4,5,9,14,16	ass know law lotta scrub val
POOL	10135	0.671738678	2,4,5,9,14,16	ass know law lotta club ulm
POOL	10136	0.671723747	1,3,5,7,11,16	uhh who all yeah cut rubble
POOL	10137	0.671722983	1,5,9,12,13,16	uhh hole lotta tear uhh bell
POOL	10138	0.671704290	2,4,5,9,13,16	ass know law lotta tra l
POOL	10139	0.671700482	2,4,5,9,13,16	ass know law lotta tra elle
POOL	10140	0.671688751	2,6,9,11,14,16	cus ole ata that rub will
POOL	10141	0.671660180	5,7,9,16	hole la cuff treble
POOL	10142	0.671658432	2,4,5,9,14,16	ass know law lotta club ulf
POOL	10143	0.671655648	2,4,5,9,13,16	ass know law lotta truck l
POOL	10144	0.671654643	2,4,5,9,14,16	ass know law lotta scrub mel
POOL	10145	0.671651840	2,4,5,9,13,16	ass know law lotta truck elle
POOL	10146	0.671649670	4,6,9,11,16	show will ata that rubble
POOL	10147	0.671644137	1,5,8,9,11,14,16	eh hole lat uh pfft rub eel
POOL	10148	0.671636416	2,4,5,9,14,16	ass know law lotta scrub belle
POOL	10149	0.671629354	2,4,5,9,14,16	ass know law lotta scrub hal
POOL	10150	0.671618477	2,4,5,9,13,16	ass know law lotta struck dell
POOL	10151	0.671557686	1,4,9,11,14,16	uhh show lotta zac rub are
POOL	10152	0.671550125	1,2,6,9,11,16	uhh her ole op that rubble
POOL	10153	0.671542912	2,4,5,7,11,16	us oh lab flop cut rubble
POOL	10154	0.671498458	1,5,7,11,12,16	ee hole rod cut are -able
POOL	10155	0.671492131	2,5,9,11,14,16	us ole rata nut rub al
POOL	10156	0.671481729	1,2,4,7,11,16	uhh hull oh locke cut rubble
POOL	10157	0.671478817	5,8,9,11,12,16	hole rocked uhh that are -able
POOL	10158	0.671477985	1,5,8,10,16	eh whole lat of truffle
POOL	10159	0.671477154	1,4,7,9,11,16	uhh showed lil ca that rubble
POOL	10160	0.671417814	2,4,5,9,13,16	ass know law lotta struck beal
POOL	10161	0.671379779	1,5,8,9,11,14,16	eh hole lat uhh pfft rub earle
POOL	10162	0.671374232	2,5,7,9,11,16	us cone la teh that rubble
POOL	10163	0.671373037	1,5,8,9,11,14,16	eh hole lat uhh pfft rub shall
POOL	10164	0.671372369	1,5,8,9,11,14,16	eh hole lott uh pfft rub ahl
POOL	10165	0.671368245	1,6,7,9,11,16	ass hole ahh ca that rumba
POOL	10166	0.671353819	4,6,9,11,16	show lol ata that verbal
POOL	10167	0.671323206	1,4,5,7,11,16	uhh show all rod cut rubble
POOL	10168	0.671297966	4,8,11,16	show yacht butt -able
POOL	10169	0.671295616	1,5,7,12,15,16	eh hole la t'other up law
POOL	10170	0.671252997	2,5,9,11,14,16	aix eau lotta that rub al
POOL	10171	0.671250204	2,4,5,9,14,16	ass know law lotta scrub null
POOL	10172	0.671229990	2,4,5,9,14,16	ass know law lotta rub cal
POOL	10173	0.671224628	2,4,5,9,14,16	ass know law lotta scrub mal
POOL	10174	0.671216511	2,4,5,9,14,16	ass know law lotta scrub dell
POOL	10175	0.671179274	5,8,9,11,12,16	coal lat uhh that are -able
POOL	10176	0.671178164	1,5,8,9,11,14,16	eh hole lot uhh pfft rub air
POOL	10177	0.671168709	1,5,7,12,16	eh hole la t'other -able
POOL	10178	0.671160147	2,4,5,9,13,16	ass know law lotta tra barr
POOL	10179	0.671157712	1,4,6,9,14,16	eh ho lol aka club ahl
POOL	10180	0.671147202	2,6,7,9,11,16	us ole up suh that rubble
POOL	10181	0.671145818	2,4,5,9,14,16	ass know law lotta scrub elf
POOL	10182	0.671143561	2,4,5,9,14,16	ass know law lotta rub pal
POOL	10183	0.671136278	1,5,8,9,11,14,16	eh hole lott uh pfft rub aer
POOL	10184	0.671132003	2,3,5,9,13,16	ass new full lotta truck dal
POOL	10185	0.671130379	2,3,5,7,11,16	us are all la cut rubble
POOL	10186	0.671116516	2,5,9,11,14,16	pass ole lotta that drop al
POOL	10187	0.671111505	2,4,5,9,13,16	ass know law lotta truck barr
POOL	10188	0.671105767	1,5,7,12,15,16	uh hole la t'other up law
POOL	10189	0.671056060	5,7,9,11,12,16	hole lee cop that are -able
POOL	10190	0.671049357	1,4,6,9,14,16	eh ho lol aka club care
POOL	10191	0.671043711	3,7,9,16	who la tot treble
POOL	10192	0.671020241	2,3,5,9,13,16	ass new full lotta truck biel
POOL	10193	0.671016048	1,5,8,9,11,14,16	eh hole lott uh pfft rub eel
POOL	10194	0.670996073	5,7,11,16	foal ya cut -able
POOL	10195	0.670989723	2,5,7,12,16	oss old la t'other -able
POOL	10196	0.670985197	2,4,5,9,14,16	ass know law lotta scrub sal
POOL	10197	0.670981242	1,3,6,7,11,16	uhh hmm all ahh trust rubble
POOL	10198	0.670977750	1,4,6,9,14,16	eh ho lol aka club bell
POOL	10199	0.670972631	1,5,7,12,16	uh hole la t'other -able
POOL	10200	0.670963966	4,8,12,16	show rod ver -able
POOL	10201	0.670901395	2,4,5,9,14,16	ass know law lotta scrub r
POOL	10202	0.670895205	1,5,8,9,11,15,16	eh hole lat uhh pfft rub law
POOL	10203	0.670875466	2,6,7,11,16	is o'neill ahh cut rubble
POOL	10204	0.670870928	1,5,8,10,11,16	eh whole lot of a rub
POOL	10205	0.670858611	1,4,6,9,14,16	eh ho lol aka club eel
POOL	10206	0.670849613	2,4,5,9,12,16	ass know law lotta ver bare
POOL	10207	0.670826655	2,4,5,9,14,16	ass know law lotta rub hull
POOL	10208	0.670824410	2,3,5,7,11,16	us hou all yeah cut rubble
POOL	10209	0.670816550	1,5,8,10,16	eh whole lat of stubble
POOL	10210	0.670775487	1,4,6,9,14,16	eh ho lol aka club aer
POOL	10211	0.670772547	1,4,7,10,12,16	ya show la tough tier -able
POOL	10212	0.670767987	2,5,9,12,16	us old radha true -able
POOL	10213	0.670751690	1,5,8,9,11,14,16	eh hole lott uhh pfft rub earle
POOL	10214	0.670697913	2,4,5,9,13,16	ass know law lotta struck dal
POOL	10215	0.670684064	2,5,7,9,11,16	tess ole la ca eased rubble
POOL	10216	0.670672093	2,4,5,9,14,16	ass know law lotta scrub als
POOL	10217	0.670644521	4,7,9,12,16	lasso la teh true -able
POOL	10218	0.670618207	5,8,11,14,16	hoh lat love rub ell
POOL	10219	0.670615589	2,4,5,9,14,16	ass know law lotta scrub elk
POOL	10220	0.670586152	2,4,5,9,13,16	ass know law lotta struck biel
POOL	10221	0.670535384	4,6,8,9,11,16	show lyle got uhh ve rubble
POOL	10222	0.670528875	2,4,5,9,14,16	ass know law lotta rub gal
POOL	10223	0.670486331	1,5,8,9,11,14,16	eh hole lat uh pfft rub earle
POOL	10224	0.670479588	1,5,8,9,11,14,16	eh hole lat uh pfft rub shall
POOL	10225	0.670448598	1,4,6,9,14,16	eh ho lol aka club bill
POOL	10226	0.670401517	2,4,5,9,14,16	ass know law lotta rub dull
POOL	10227	0.670400274	2,4,5,9,14,16	ass know law lotta scrub bel
POOL	10228	0.670393101	2,4,5,9,14,16	ass know law lotta rub tel
POOL	10229	0.670383295	2,4,5,9,13,16	ass know law lotta tra ell
POOL	10230	0.670373535	2,3,5,9,13,16	ass new full lotta truck pell
POOL	10231	0.670372410	2,5,8,9,11,16	us seoul lat uhh that rubble
POOL	10232	0.670361434	3,6,9,11,16	who wool ata that rubble
POOL	10233	0.670354408	1,4,6,9,14,16	eh ho lol aka club feel
POOL	10234	0.670352825	2,5,7,11,13,16	us owner la pont run bell
POOL	10235	0.670334654	2,4,5,9,13,16	ass know law lotta truck ell
POOL	10236	0.670329268	1,4,7,10,12,16	uhh hole la tung true -able
POOL	10237	0.670310790	2,4,5,9,14,16	ass know law lotta scrub uhh
POOL	10238	0.670295947	2,4,5,9,14,16	ass know law lotta scrub dal
POOL	10239	0.670284716	1,5,8,9,11,14,16	eh hole lot uh pfft rub air
POOL	10240	0.670224373	2,4,5,9,14,16	ass know law lotta rub yell
POOL	10241	0.670215902	2,4,9,12,16	us oh lotta true humble
POOL	10242	0.670213386	2,4,5,9,14,16	ass know law lotta scrub elm
POOL	10243	0.670205755	1,3,6,7,11,16	ah hughes' all ahh cut rubble
POOL	10244	0.670167703	2,4,5,9,14,16	ass know law lotta scrub halle
POOL	10245	0.670160122	2,4,5,9,14,16	ass know law lotta rub val
POOL	10246	0.670154165	4,7,13,16	who la tundra bills'
POOL	10247	0.670144772	2,5,9,11,14,16	us ole lotta that rods al
POOL	10248	0.670144434	4,6,9,12,16	o ill ata true -able
POOL	10249	0.670132329	6,7,13,16	hole ahh tundra dealt
POOL	10250	0.670104630	1,5,8,9,11,14,16	eh hole lot uhh pfft rub el
POOL	10251	0.670099085	2,6,9,11,14,16	etch ole ata med rub al
POOL	10252	0.670073438	1,3,5,7,11,16	ass who all la shove rubble
POOL	10253	0.670071867	2,4,5,9,14,16	ass know law lotta rub mel
POOL	10254	0.670068490	2,5,6,7,11,16	awe ole all ahh cut robben
POOL	10255	0.670067615	5,8,9,11,12,16	hole lat thus that are -able
POOL	10256	0.670053640	2,4,5,9,14,16	ass know law lotta rub belle
POOL	10257	0.670046578	2,4,5,9,14,16	ass know law lotta rub hal
POOL	10258	0.669999648	1,4,6,9,14,16	eh ho lol aka club kill
POOL	10259	0.669998673	1,5,8,9,11,14,16	eh hole lot uhh pfft rub ill
POOL	10260	0.669966488	2,4,5,9,13,16	ass know law lotta tra doll
POOL	10261	0.669943870	2,4,5,9,14,16	ass know law lotta scrub bal
POOL	10262	0.669939445	2,4,5,9,13,16	ass know law lotta struck pell
POOL	10263	0.669937625	1,6,8,9,11,16	uhh hole od uhh that rubble
POOL	10264	0.669900243	2,4,5,9,13,16	ass know law lotta tra dill
POOL	10265	0.669877427	2,5,7,9,11,16	das owl la ca that rubble
POOL	10266	0.669868311	1,5,8,10,16	eh whole lot of treble
POOL	10267	0.669863051	2,4,5,9,14,16	ass know law lotta scrub alf
POOL	10268	0.669858242	1,5,8,9,11,14,16	eh hole lott uh pfft rub earle
POOL	10269	0.669851601	2,4,5,9,13,16	ass know law lotta truck dill
POOL	10270	0.669846272	2,5,6,7,11,16	is cold all ahh cut rubble
POOL	10271	0.669833278	6,7,10,16	hole ahh com -able
POOL	10272	0.669831711	1,6,7,9,11,16	uhh who'll ahh ca that rubble
POOL	10273	0.669821337	2,4,5,9,13,16	ass know law lotta tra bail
POOL	10274	0.669785604	2,4,5,9,14,16	ass know law lotta scrub lal
POOL	10275	0.669780236	2,5,7,11,14,16	esque wholly la cut rub al
POOL	10276	0.669779573	2,4,5,9,13,16	ass know law lotta tra bun
POOL	10277	0.669769888	2,4,5,9,14,16	ass know law lotta scrub alp
POOL	10278	0.669756885	1,4,6,9,14,16	eh ho lol aka club del
POOL	10279	0.669744973	1,5,8,10,16	eh whole lot of rubble
POOL	10280	0.669739837	1,4,6,8,11,16	uhh show lol got amp rubble
POOL	10281	0.669724896	2,4,5,9,14,16	ass know law lotta scrub kal
POOL	10282	0.669723456	1,5,8,10,16	eh whole lat of dribble
POOL	10283	0.669699205	1,4,6,9,14,16	eh ho lol aka club in
POOL	10284	0.669667429	2,4,5,9,14,16	ass know law lotta rub null
POOL	10285	0.669659928	4,9,11,13,16	show lotta teh run -able
POOL	10286	0.669641852	2,4,5,9,14,16	ass know law lotta rub mal
POOL	10287	0.669638233	1,4,6,9,14,16	eh ho lol aka club earle
POOL	10288	0.669634983	2,4,5,9,13,16	ass know law lotta tra belles
POOL	10289	0.669633735	2,4,5,9,14,16	ass know law lotta rub dell
POOL	10290	0.669608975	2,4,5,7,11,16	us co. all la cut grumble
POOL	10291	0.669586341	2,4,5,9,13,16	ass know law lotta truck belles
POOL	10292	0.669575237	3,5,7,11,16	who lol la cut lovable
POOL	10293	0.669573825	1,4,9,12,16	uhh show lotta pfft -able
POOL	10294	0.669563832	2,4,5,9,12,16	ass know law lotta ver bull
POOL	10295	0.669563042	2,4,5,9,14,16	ass know law lotta rub elf
POOL	10296	0.669536773	2,4,5,9,14,16	ass know law lotta scrub nell
POOL	10297	0.669533534	1,4,7,10,12,16	elle show las tough true -able
POOL	10298	0.669505902	1,5,8,9,11,14,16	eh hole lot uhh pfft rub l
POOL	10299	0.669502638	1,5,8,9,11,14,16	eh hole lot uhh pfft rub elle
POOL	10300	0.669458283	2,4,5,9,14,16	ass know law lotta scrub eh
POOL	10301	0.669421015	2,4,5,9,14,16	ass know law lotta scrub pell
POOL	10302	0.669402422	2,4,5,9,14,16	ass know law lotta rub sal
POOL	10303	0.669362654	5,9,11,12,16	hole lotta bert air -able
POOL	10304	0.669350588	2,3,5,9,13,16	ass new full lotta truck delle
POOL	10305	0.669337157	2,5,8,9,11,16	us ole roc uhh that rubble
POOL	10306	0.669318619	2,4,5,9,14,16	ass know law lotta rub r
POOL	10307	0.669304561	2,4,6,8,11,16	us hole lol got mutt rubble
POOL	10308	0.669300997	2,4,5,9,14,16	ass know law lotta scrub nel
POOL	10309	0.669268433	2,4,5,9,14,16	ass know law lotta scrub uh
POOL	10310	0.669233663	2,3,5,7,11,16	f new all lao cut rubble
POOL	10311	0.669211182	1,5,8,9,11,14,16	eh hole lot uh pfft rub el
POOL	10312	0.669206296	2,4,5,9,14,16	ass know law lotta scrub lull
POOL	10313	0.669201322	2,4,5,9,13,16	ass know law lotta tra boil
POOL	10314	0.669112871	2,4,5,9,14,16	ass know law lotta scrub un
POOL	10315	0.669105224	1,5,8,9,11,14,16	eh hole lot uh pfft rub ill
POOL	10316	0.669099613	1,5,7,11,12,16	uhh hole lat kat are -able
POOL	10317	0.669089317	2,4,5,9,14,16	ass know law lotta rub als
POOL	10318	0.669071228	2,6,9,16	ass seoul tough treble
POOL	10319	0.669052015	1,4,6,9,11,16	uhh show lou tut that rubble
POOL	10320	0.669032813	2,4,5,9,14,16	ass know law lotta rub elk
POOL	10321	0.668998416	2,4,5,9,13,16	ass know law lotta tra pil
POOL	10322	0.668975801	2,4,5,9,14,16	ass know law lotta scrub gull
POOL	10323	0.668958830	1,3,6,7,11,16	en who all ahh dat rubble
POOL	10324	0.668951663	1,4,6,9,14,16	eh ho lol aka club cal
POOL	10325	0.668949774	2,4,5,9,13,16	ass know law lotta truck pil
POOL	10326	0.668936775	6,8,11,16	hole got love nibble
POOL	10327	0.668935024	1,4,6,9,14,16	eh ho lol aka club full
POOL	10328	0.668916499	2,4,5,9,13,16	ass know law lotta struck delle
POOL	10329	0.668898759	6,7,10,16	hole god come rebel
POOL	10330	0.668897904	1,5,8,10,16	eh whole lat of cobble
POOL	10331	0.668891967	4,5,9,11,16	show law lotta tea rubble
POOL	10332	0.668891794	2,4,5,9,14,16	ass know law lotta scrub cul
POOL	10333	0.668887679	2,4,5,9,13,16	ass know law lotta tra pearl
POOL	10334	0.668886763	1,4,6,9,14,16	eh ho lol aka club ear
POOL	10335	0.668861733	2,4,5,9,14,16	ass know law lotta scrub cull
POOL	10336	0.668860788	1,5,8,10,16	eh whole lot of -able
POOL	10337	0.668859696	2,5,6,7,11,16	us ore meal ahh cut rubble
POOL	10338	0.668817499	2,4,5,9,14,16	ass know law lotta rub bel
POOL	10339	0.668797956	2,4,5,9,14,16	ass know law lotta scrub mull
POOL	10340	0.668797645	4,6,9,11,16	show lol aha fit rubble
POOL	10341	0.668780127	1,4,7,9,11,16	uhh hoo la ca sat rubble
POOL	10342	0.668738580	1,3,5,7,11,16	i who all la cut rubble
POOL	10343	0.668732087	2,4,5,9,13,16	ass know law lotta tra bears
POOL	10344	0.668728014	2,4,5,9,14,16	ass know law lotta rub uhh
POOL	10345	0.668727046	2,4,5,9,12,16	ass know law lotta ver bil
POOL	10346	0.668713171	2,4,5,9,14,16	ass know law lotta rub dal
POOL	10347	0.668689671	2,4,5,9,14,16	ass know law lotta scrub sel
POOL	10348	0.668688325	2,4,5,9,13,16	ass know law lotta tra pear
POOL	10349	0.668675676	2,4,5,9,14,16	ass know law lotta scrub els
POOL	10350	0.668641339	1,4,6,9,12,16	uhh show lol ata true bol
POOL	10351	0.668640867	3,7,11,16	ooh la tet -able
POOL	10352	0.668637280	1,4,5,7,11,16	awe show all la shunt rubble
POOL	10353	0.668630610	2,4,5,9,14,16	ass know law lotta rub elm
POOL	10354	0.668629487	3,4,7,11,16	isu you la cut rubble
POOL	10355	0.668627527	1,4,6,9,14,16	eh ho lol aka club and
POOL	10356	0.668627306	5,8,11,14,16	hole lat love brad al
POOL	10357	0.668612534	2,4,5,9,14,16	ass know law lotta scrub sul
POOL	10358	0.668612454	1,5,8,9,11,14,16	eh hole lot uh pfft rub l
POOL	10359	0.668609190	1,5,8,9,11,14,16	eh hole lot uh pfft rub elle
POOL	10360	0.668598763	1,5,8,10,16	eh whole lat of cuddle
POOL	10361	0.668595212	2,4,5,9,14,16	ass know law lotta scrub en
POOL	10362	0.668586096	5,9,12,16	hone slot true -able
POOL	10363	0.668584927	2,4,5,9,14,16	ass know law lotta rub halle
POOL	10364	0.668548327	1,4,6,9,14,16	eh ho lol aka club hull
POOL	10365	0.668545807	2,4,5,9,14,16	ass know law lotta scrub cel
POOL	10366	0.668542027	2,4,5,9,14,16	ass know law lotta scrub gul
POOL	10367	0.668514533	2,4,5,9,14,16	ass know law lotta scrub delle
POOL	10368	0.668514286	2,4,5,9,14,16	ass know law lotta scrub alb
POOL	10369	0.668514202	2,5,8,11,12,16	us ole lat at ann -able
POOL	10370	0.668502887	2,4,5,9,14,16	ass know law lotta scrub arr
POOL	10371	0.668487600	2,3,4,9,16	ass new oh lotta treble
POOL	10372	0.668460536	2,4,5,9,13,16	ass know law lotta tra peel
POOL	10373	0.668454289	1,4,9,11,14,16	m. show lotta that rub pill
POOL	10374	0.668451307	2,4,5,9,13,16	ass know law lotta tra bin
POOL	10375	0.668443449	2,4,5,9,13,16	ass know law lotta tra bale
POOL	10376	0.668405984	1,5,8,10,16	eh whole lot of double
POOL	10377	0.668378560	2,5,7,10,12,16	us ole la tough true stubble
POOL	10378	0.668376607	2,4,5,9,13,16	ass know law lotta tra billed
POOL	10379	0.668373621	1,5,8,9,11,14,16	eh hole lot uhh pfft rub ell
POOL	10380	0.668364262	2,3,4,9,16	ass new oh lotta rubble
POOL	10381	0.668361094	2,4,5,9,14,16	ass know law lotta rub bal
POOL	10382	0.668359397	1,6,7,10,12,16	uhh coal ahh love true -able
POOL	10383	0.668354404	2,4,5,9,14,16	ass know law lotta scrub fel
POOL	10384	0.668342093	1,4,6,9,14,16	eh ho lol aka club as
POOL	10385	0.668328494	1,5,9,11,13,16	uhh hole lotta that lush bell
POOL	10386	0.668323409	2,4,5,9,13,16	ass know law lotta tra blew
POOL	10387	0.668318649	2,4,5,9,13,16	ass know law lotta tra benn
POOL	10388	0.668304638	6,9,11,12,16	hole ata ist lee -able
POOL	10389	0.668296319	1,4,6,9,14,16	eh ho lol aka club hill
POOL	10390	0.668280275	2,4,5,9,14,16	ass know law lotta rub alf
POOL	10391	0.668272571	2,4,5,9,14,16	ass know law lotta scrub kell
POOL	10392	0.668271878	3,6,9,11,16	hu all ata that rubble
POOL	10393	0.668268744	2,4,5,9,14,16	ass know law lotta scrub owl
POOL	10394	0.668250548	1,4,6,9,14,16	eh ho lol aka club gal
POOL	10395	0.668247634	1,6,8,9,11,16	uhh hall got uhh that rubble
POOL	10396	0.668202829	2,4,5,9,14,16	ass know law lotta rub lal
POOL	10397	0.668197213	3,5,7,11,16	who allah la cut rubble
POOL	10398	0.668187112	2,4,5,9,14,16	ass know law lotta rub alp
POOL	10399	0.668179071	2,4,5,9,11,16	ass know law lotta pfft lull
POOL	10400	0.668176923	2,4,6,9,16	cass oh lol ata treble
POOL	10401	0.668145462	2,4,5,9,13,16	ass know law lotta tra boyle
POOL	10402	0.668143753	2,4,5,9,13,16	ass know law lotta tra e'er
POOL	10403	0.668142120	2,4,5,9,14,16	ass know law lotta rub kal
POOL	10404	0.668141127	2,4,5,9,14,16	ass know law lotta scrub isle
POOL	10405	0.668125164	1,4,6,9,14,16	eh ho lol aka club ann
POOL	10406	0.668123190	1,4,6,9,14,16	eh ho lol aka club dull
POOL	10407	0.668022039	2,4,5,9,14,16	ass know law lotta scrub n
POOL	10408	0.668017373	2,4,5,9,11,16	ass know law lotta vet lull
POOL	10409	0.668003302	2,4,5,9,14,16	ass know law lotta scrub knell
POOL	10410	0.668000794	2,5,8,11,12,16	ang ole lat at are -able
POOL	10411	0.667998309	1,4,6,9,14,16	eh ho lol aka club anne
POOL	10412	0.667984850	6,10,11,16	hole come toy -able
POOL	10413	0.667968676	1,4,9,11,14,16	uhh show lotta that club's al
POOL	10414	0.667953997	2,4,5,9,14,16	ass know law lotta rub nell
POOL	10415	0.667952172	1,6,8,9,11,16	uhh hole got uhh knit rubble
POOL	10416	0.667937340	1,5,8,9,11,14,16	eh hole lat uhh that love well
POOL	10417	0.667913066	2,4,5,9,14,16	ass know law lotta scrub ulm
POOL	10418	0.667884979	2,4,5,9,13,16	ass know law lotta tra val
POOL	10419	0.667875507	2,4,5,9,14,16	ass know law lotta rub eh
POOL	10420	0.667855491	1,2,6,7,11,16	uhh her ole ahh cut dribble
POOL	10421	0.667843560	1,5,9,11,13,16	uhh hole lotta sat run bell
POOL	10422	0.667841538	2,4,8,9,11,16	us oh lat uhh that randle
POOL	10423	0.667838239	2,4,5,9,14,16	ass know law lotta rub pell
POOL	10424	0.667832821	2,4,5,9,14,16	ass know law lotta scrub ulf
POOL	10425	0.667831522	1,4,6,9,14,16	eh ho lol aka club deal
POOL	10426	0.667804285	2,4,5,9,14,16	ass know law lotta scrub ar
POOL	10427	0.667775312	1,4,6,9,14,16	eh ho lol aka club belle
POOL	10428	0.667775251	2,4,5,9,14,16	ass know law lotta scrub aisle
POOL	10429	0.667768250	1,4,6,9,14,16	eh ho lol aka club hal
POOL	10430	0.667744890	1,5,9,11,14,16	uhh shown lotta that rub al
POOL	10431	0.667736205	2,4,5,9,13,16	ass know law lotta tra bahn
POOL	10432	0.667718221	2,4,5,9,14,16	ass know law lotta rub nel
POOL	10433	0.667713879	1,4,6,8,11,16	uhh eau lol got at rubble
POOL	10434	0.667708470	1,5,8,10,16	eh whole lat of scrabble
POOL	10435	0.667685658	2,4,5,9,14,16	ass know law lotta rub uh
POOL	10436	0.667623666	1,4,9,11,14,16	al. hood lotta that rub al
POOL	10437	0.667623520	2,4,5,9,14,16	ass know law lotta rub lull
POOL	10438	0.667610133	1,5,6,9,11,16	uhh hole all ca that rubble
POOL	10439	0.667582935	2,4,5,9,14,16	ass know law lotta scrub ahn
POOL	10440	0.667578897	1,5,8,10,16	eh whole lat of herbal
POOL	10441	0.667560099	1,6,7,10,12,16	uhh hoa ahh tough too -able
POOL	10442	0.667532559	1,4,6,9,14,16	eh ho lol aka club hair
POOL	10443	0.667513083	2,6,9,11,16	us only ta that rubble
POOL	10444	0.667503198	1,6,7,10,12,16	in hone ahh tough true -able
POOL	10445	0.667489762	1,5,7,9,11,16	err hole la ca food rubble
POOL	10446	0.667480173	1,5,8,9,11,14,16	eh hole lot uh pfft rub ell
POOL	10447	0.667473058	1,4,6,9,14,16	eh ho lol aka club girl
POOL	10448	0.667466572	2,4,9,11,16	us woah lotta that rubble
POOL	10449	0.667459804	5,9,11,14,16	assure lotta that rub al
POOL	10450	0.667457209	2,4,5,9,13,16	ass know law lotta tra blah
POOL	10451	0.667453837	2,4,5,9,14,16	ass know law lotta scrub aar
POOL	10452	0.667445246	2,4,5,9,13,16	ass know law lotta tra dare
POOL	10453	0.667413355	2,4,5,9,13,16	ass know law lotta tra bile
POOL	10454	0.667401469	1,5,8,10,16	eh whole lat of topple
POOL	10455	0.667398744	3,4,7,11,16	who're oh la cut rubble
POOL	10456	0.667393025	2,4,5,9,14,16	ass know law lotta rub gull
POOL	10457	0.667385533	5,8,11,14,16	hole up shove rub al
POOL	10458	0.667384638	2,5,9,12,16	us old lotta tulle -able
POOL	10459	0.667383213	2,4,5,9,13,16	ass know law lotta tra blair
POOL	10460	0.667376798	1,6,9,11,12,16	key hole schott that are -able
POOL	10461	0.667370236	1,4,6,9,14,16	eh ho lol aka club fill
POOL	10462	0.667355408	1,4,6,9,14,16	eh ho lol aka club dell
POOL	10463	0.667309251	1,5,8,9,11,14,16	eh hole lott uhh that love well
POOL	10464	0.667309018	2,4,5,9,14,16	ass know law lotta rub cul
POOL	10465	0.667299930	2,6,9,11,16	us mole ata that rubble
POOL	10466	0.667288313	2,4,8,9,11,16	us role lat uhh knit rubble
POOL	10467	0.667284715	1,4,6,9,14,16	eh ho lol aka club elf
POOL	10468	0.667278957	2,4,5,9,14,16	ass know law lotta rub cull
POOL	10469	0.667253160	2,4,9,11,16	rash oh lotta mat rubble
POOL	10470	0.667234760	2,4,5,7,11,16	us mode all la dumb rubble
POOL	10471	0.667221767	1,5,8,10,16	eh whole lot of trumbull
POOL	10472	0.667215181	2,4,5,9,14,16	ass know law lotta rub mull
POOL	10473	0.667196183	2,4,7,11,16	ahead co lian cut rubble
POOL	10474	0.667183910	1,4,6,8,11,16	uhh show liu got at rubble
POOL	10475	0.667183206	2,4,5,9,13,16	ass know law lotta tra il
POOL	10476	0.667106895	2,4,5,9,14,16	ass know law lotta rub sel
POOL	10477	0.667092901	2,4,5,9,14,16	ass know law lotta rub els
POOL	10478	0.667088635	1,5,9,11,14,16	uhh hole lotta that blood al
POOL	10479	0.667066129	1,4,8,11,12,16	uhh show lat och are -able
POOL	10480	0.667058970	1,6,7,10,12,16	uhh holt th'are tough true -able
POOL	10481	0.667029759	2,4,5,9,14,16	ass know law lotta rub sul
POOL	10482	0.667004046	1,4,7,10,12,16	uhh ohh la tough pair -able
POOL	10483	0.666999268	6,10,11,16	hole come too hubble
POOL	10484	0.666983186	2,4,5,9,13,16	ass know law lotta tra heir
POOL	10485	0.666975634	1,5,6,7,11,16	uhh hose all ahh cut rubble
POOL	10486	0.666963031	2,4,5,9,14,16	ass know law lotta rub cel
POOL	10487	0.666959251	2,4,5,9,14,16	ass know law lotta rub gul
POOL	10488	0.666951732	5,8,9,11,12,16	hole roc uhh that beer -able
POOL	10489	0.666946113	1,5,7,9,12,16	uhh hole rock tap true -able
POOL	10490	0.666931757	2,4,5,9,14,16	ass know law lotta rub delle
POOL	10491	0.666931510	2,4,5,9,14,16	ass know law lotta rub alb
POOL	10492	0.666920111	2,4,5,9,14,16	ass know law lotta rub arr
POOL	10493	0.666911732	1,4,6,9,14,16	eh ho lol aka club fair
POOL	10494	0.666895997	4,8,11,16	pho lock love -able
POOL	10495	0.666883888	2,4,5,9,13,16	ass know law lotta tra tel
POOL	10496	0.666857930	2,4,5,9,13,16	ass know law lotta tra dahl
POOL	10497	0.666853723	1,5,9,12,13,16	ur hole lotta true uhh bell
POOL	10498	0.666840347	1,5,6,7,11,16	see hole all ahh temp rubble
POOL	10499	0.666810990	1,4,6,9,14,16	eh ho lol aka club als
POOL	10500	0.666806339	5,8,9,11,12,16	hole lop uhh th'are are -able
POOL	10501	0.666771629	2,4,5,9,14,16	ass know law lotta rub fel
POOL	10502	0.666766397	1,6,8,9,11,16	uhh hole got law that rubble
POOL	10503	0.666765452	1,6,9,12,16	uhh hole ata cur -able
POOL	10504	0.666759535	5,8,11,14,16	cole lat et rub al
POOL	10505	0.666755329	2,5,8,9,11,16	us ole lat young that rubble
POOL	10506	0.666754485	1,4,6,9,14,16	eh ho lol aka club elk
POOL	10507	0.666744235	2,4,5,9,13,16	ass know law lotta tra brill
POOL	10508	0.666689795	2,4,5,9,14,16	ass know law lotta rub kell
POOL	10509	0.666679935	2,4,5,9,13,16	ass know law lotta tra pare
POOL	10510	0.666605732	4,6,8,11,16	uno lol got love rubble
POOL	10511	0.666602740	4,6,8,10,12,16	co lol out love true -able
POOL	10512	0.666601189	2,4,5,9,12,16	ass know law lotta ver baer
POOL	10513	0.666592004	1,4,8,9,11,16	uhh ohh lat uhh that rubble
POOL	10514	0.666539171	1,4,6,9,14,16	eh ho lol aka club bel
POOL	10515	0.666434844	1,4,6,9,14,16	eh ho lol aka club dal
POOL	10516	0.666433744	2,4,5,9,13,16	ass know law lotta tra pall
POOL	10517	0.666423249	2,4,5,9,16	ass know law lotta treble
POOL	10518	0.666420527	2,4,5,9,14,16	ass know law lotta rub knell
POOL	10519	0.666415402	1,7,11,16	yeah hole kat -able
POOL	10520	0.666367056	5,7,11,16	hole lott cut bubble
POOL	10521	0.666352283	1,4,6,9,14,16	eh ho lol aka club elm
POOL	10522	0.666340976	2,4,5,9,13,16	ass know law lotta tra blur
POOL	10523	0.666330291	2,4,5,9,14,16	ass know law lotta rub ulm
POOL	10524	0.666306599	1,4,6,9,14,16	eh ho lol aka club halle
POOL	10525	0.666299911	2,4,5,9,16	ass know law lotta rubble
POOL	10526	0.666293435	5,9,11,12,16	ho lotta that earth -able
POOL	10527	0.666274701	1,6,7,9,11,16	uhh kol na ca that rubble
POOL	10528	0.666250045	2,4,5,9,14,16	ass know law lotta rub ulf
POOL	10529	0.666221509	2,4,5,9,14,16	ass know law lotta rub ar
POOL	10530	0.666214316	2,5,7,10,12,16	etch ole la tough yeah -able
POOL	10531	0.666209151	2,4,5,9,13,16	ass know law lotta tra dol
POOL	10532	0.666188011	1,6,7,9,11,16	uhh hole bar con that rubble
POOL	10533	0.666165721	2,4,5,9,12,16	ass know law lotta ver beale
POOL	10534	0.666082964	1,4,8,9,11,16	uhh show lat raw that rubble
POOL	10535	0.666082767	1,4,6,9,14,16	eh ho lol aka club bal
POOL	10536	0.666078474	2,4,5,9,12,16	ass know law lotta ver bol
POOL	10537	0.666046931	1,4,8,9,11,16	uhh show lat uhh aft rubble
POOL	10538	0.666024448	2,6,7,11,16	us o'er ott cut rubble
POOL	10539	0.666020351	6,10,12,16	hole taz stir -able
POOL	10540	0.666001948	1,4,6,9,14,16	eh ho lol aka club alf
POOL	10541	0.666001742	2,4,5,9,14,16	ass know law lotta club a
POOL	10542	0.665908785	1,4,6,9,14,16	eh ho lol aka club alp
POOL	10543	0.665872764	1,5,7,11,12,16	uhh sows la cut are -able
POOL	10544	0.665871061	2,4,5,9,14,16	ass know law lotta rub aar
POOL	10545	0.665863793	1,4,6,9,14,16	eh ho lol aka club kal
POOL	10546	0.665841056	2,3,4,9,16	ass new oh lotta trumbull
POOL	10547	0.665840205	6,7,11,13,16	hole ahh cut era dual
POOL	10548	0.665803442	1,5,8,10,16	eh hole lot of troubles
POOL	10549	0.665749824	1,5,8,10,16	eh whole lat of trimble
POOL	10550	0.665628617	1,5,7,9,11,16	uhh hole bruh ca that rubble
POOL	10551	0.665627048	2,5,7,9,11,16	us mo las ca that rubble
POOL	10552	0.665597179	1,4,6,9,14,16	eh ho lol aka club eh
POOL	10553	0.665581620	2,4,5,9,12,16	ass know law lotta ver beal
POOL	10554	0.665576670	2,4,5,9,13,16	ass know law lotta tra bild
POOL	10555	0.665561156	1,5,8,9,11,14,16	eh hole lot uhh pfft rub e'er
POOL	10556	0.665474110	1,4,6,7,11,16	f. cove lol ahh cut rubble
POOL	10557	0.665469715	1,5,8,10,16	eh hole lot of troubled
POOL	10558	0.665428762	2,5,7,9,11,16	russ ole r ca that rubble
POOL	10559	0.665402148	2,5,6,7,11,16	us ole shell nod cut rubble
POOL	10560	0.665388156	2,4,5,9,13,16	ass know law lotta tra bui
POOL	10561	0.665355474	2,6,8,10,12,16	us kol want love true -able
POOL	10562	0.665345400	4,6,9,11,16	show blair ata it rubble
POOL	10563	0.665334666	1,4,6,9,14,16	eh ho lol aka club bear
POOL	10564	0.665330689	3,5,9,11,16	who all lotta meat rubble
POOL	10565	0.665327337	2,4,5,9,13,16	ass know law lotta tra err
POOL	10566	0.665311603	2,4,5,9,13,16	ass know law lotta tra mal
POOL	10567	0.665249721	4,6,8,10,12,16	sew ya'll got love true -able
POOL	10568	0.665243272	2,4,5,9,13,16	ass know law lotta tra baird
POOL	10569	0.665180290	2,5,9,12,16	ast old lotta true -able
POOL	10570	0.665179286	2,5,7,9,11,16	at ole la ca that publ
POOL	10571	0.665175382	2,5,7,10,12,16	x ole la dah true -able
POOL	10572	0.665114698	1,4,6,9,14,16	eh ho lol aka club gull
POOL	10573	0.665107277	2,4,5,9,14,16	ass know law lotta scrub ile
POOL	10574	0.665099380	4,9,11,13,16	show lotta tea uhh -able
POOL	10575	0.665080983	1,5,8,9,11,14,16	eh hole lot uhh pfft rub il
POOL	10576	0.665063104	2,4,5,9,13,16	ass know law lotta tra perl
POOL	10577	0.665030691	1,4,6,9,14,16	eh ho lol aka club cul
POOL	10578	0.665018641	5,7,9,16	hole lead come treble
POOL	10579	0.665003876	2,5,9,11,16	us old lotta sheet rubble
POOL	10580	0.665000629	1,4,6,9,14,16	eh ho lol aka club cull
POOL	10581	0.664938311	1,5,6,7,11,16	uhh hole all or cut rubble
POOL	10582	0.664913217	2,4,5,9,13,16	ass know law lotta tra peele
POOL	10583	0.664860275	6,8,12,16	hole hop ver -able
POOL	10584	0.664855205	4,6,8,9,11,16	o. lol got uhh that publ
POOL	10585	0.664814573	1,4,6,9,14,16	eh ho lol aka club els
POOL	10586	0.664809354	5,9,11,12,16	hoa lotta foot air -able
POOL	10587	0.664763432	1,4,6,9,14,16	eh ho lol aka club 'til
POOL	10588	0.664749958	2,4,5,9,12,16	ass know law lotta ver biel
POOL	10589	0.664740262	1,5,8,10,16	eh whole lat of trample
POOL	10590	0.664734109	1,4,6,9,14,16	eh ho lol aka club en
POOL	10591	0.664684704	1,4,6,9,14,16	eh ho lol aka club cel
POOL	10592	0.664680924	1,4,6,9,14,16	eh ho lol aka club gul
POOL	10593	0.664667708	1,5,8,9,11,14,16	eh hole lot uh pfft rub e'er
POOL	10594	0.664653429	1,4,6,9,14,16	eh ho lol aka club delle
POOL	10595	0.664653183	1,4,6,9,14,16	eh ho lol aka club alb
POOL	10596	0.664641784	1,4,6,9,14,16	eh ho lol aka club arr
POOL	10597	0.664570250	2,4,5,9,13,16	ass know law lotta tra ere
POOL	10598	0.664566385	1,5,8,9,11,14,16	eh hole lot uhh pfft rub heir
POOL	10599	0.664543043	2,4,5,9,13,16	ass know law lotta tra eyre
POOL	10600	0.664506759	1,4,8,11,12,16	ad show lat at are -able
POOL	10601	0.664493301	1,4,6,9,14,16	eh ho lol aka club fel
POOL	10602	0.664433721	2,4,5,9,13,16	ass know law lotta tra bleu
POOL	10603	0.664432044	1,5,8,10,16	eh whole lat of straddle
POOL	10604	0.664427789	6,9,11,12,16	hole aachen mitt air -able
POOL	10605	0.664411468	1,4,6,9,14,16	eh ho lol aka club kell
POOL	10606	0.664349710	6,9,11,16	hole tonne that ripple
POOL	10607	0.664287770	1,5,8,10,16	eh whole lat of dabble
POOL	10608	0.664280024	1,4,6,9,14,16	eh ho lol aka club isle
POOL	10609	0.664277306	1,4,7,9,11,16	uhh show rot at that rubble
POOL	10610	0.664246830	2,4,6,9,16	us oh claire ata treble
POOL	10611	0.664187535	1,5,8,9,11,14,16	eh hole lot uh pfft rub il
POOL	10612	0.664167559	1,5,9,11,13,16	uhh hole lotta that run bin
POOL	10613	0.664142199	1,4,6,9,14,16	eh ho lol aka club knell
POOL	10614	0.664132491	2,4,8,10,12,16	vas oh lat love tyr -able
POOL	10615	0.664131840	4,9,11,13,16	ko lotta that run -able
POOL	10616	0.664074205	1,4,6,9,14,16	eh ho lol aka club is
POOL	10617	0.664044658	1,5,8,10,16	eh whole lat of trodden
POOL	10618	0.664039975	6,11,12,16	hole tut air lovell
POOL	10619	0.663988037	6,7,10,16	hole ahh comes rabble
POOL	10620	0.663961278	1,2,6,7,11,16	uhh her oe bah cut rubble
POOL	10621	0.663943181	1,4,6,9,14,16	eh ho lol aka club ar
POOL	10622	0.663918662	2,4,9,12,16	us do lotta true -able
POOL	10623	0.663914148	1,4,6,9,14,16	eh ho lol aka club aisle
POOL	10624	0.663879994	6,9,14,16	hole uh-uh crud e'er
POOL	10625	0.663833400	3,6,9,11,16	who all ata v. rubble
POOL	10626	0.663830094	1,2,5,7,11,16	nah her ole la cup rubble
POOL	10627	0.663776705	2,4,5,9,16	ass know law lotta trumbull
POOL	10628	0.663767338	1,5,9,11,14,16	eye hole rotten that rub al
POOL	10629	0.663754775	1,5,6,7,11,16	aye hole all r cut rubble
POOL	10630	0.663721831	1,4,6,9,14,16	eh ho lol aka club ahn
POOL	10631	0.663672936	1,5,8,9,11,14,16	eh hole lot uh pfft rub heir
POOL	10632	0.663636362	2,6,8,9,11,16	us ow wot uhh that rubble
POOL	10633	0.663616022	4,7,9,11,16	wahoo la come matt rubble
POOL	10634	0.663594089	1,4,7,9,11,16	uhh hose la ca that grumble
POOL	10635	0.663592734	1,4,6,9,14,16	eh ho lol aka club aar
POOL	10636	0.663556079	1,5,8,9,12,16	eh hole lat uhh true -able
POOL	10637	0.663553414	2,5,7,12,16	le old nah t'other -able
POOL	10638	0.663543537	1,4,6,9,14,16	eh ho lol aka club ale
POOL	10639	0.663517020	2,3,4,9,16	ass new oh lotta stubble
POOL	10640	0.663507486	4,9,11,13,16	hose lotta meat run -able
POOL	10641	0.663490855	1,5,7,9,12,16	de hole la stud true -able
POOL	10642	0.663461215	1,5,8,10,16	eh whole lot of travel
POOL	10643	0.663411065	2,4,5,9,13,16	ass know law lotta tra aer
POOL	10644	0.663363402	1,4,6,9,14,16	eh ho lol aka club gill
POOL	10645	0.663363245	1,5,8,9,11,14,16	eh hole lot uhh pfft rub earl
POOL	10646	0.663361218	1,2,4,7,11,16	the her oh brah cut rubble
POOL	10647	0.663310792	5,7,9,11,16	hole lobby come that rubble
POOL	10648	0.663230296	1,4,7,11,14,16	uhh toe la cut rub apple
POOL	10649	0.663223809	1,5,7,9,11,16	uhh hole la ca that grapple
POOL	10650	0.663185858	2,4,5,9,16	ass know law lotta verbal
POOL	10651	0.663175006	2,4,5,9,13,16	ass know law lotta tra bared
POOL	10652	0.663157081	2,3,5,9,16	ass new full lotta treble
POOL	10653	0.663153098	1,4,8,9,12,16	uhh show lat thus true -able
POOL	10654	0.663147085	1,5,8,9,11,14,16	eh hole lot uhh pfft rub err
POOL	10655	0.663101309	1,2,5,7,11,16	uhh her ole la cut ruffle
POOL	10656	0.663100499	1,4,6,9,14,16	eh ho lol aka club gil
POOL	10657	0.663082591	2,5,9,16	ass old knot treble
POOL	10658	0.663033743	2,3,5,9,16	ass new full lotta rubble
POOL	10659	0.662976980	1,3,5,7,11,16	uhh who all la cut verbal
POOL	10660	0.662944873	5,7,10,12,16	hole la come tin pell
POOL	10661	0.662931273	1,4,6,9,14,16	eh ho lol aka club bare
POOL	10662	0.662924810	2,5,7,9,12,16	us ohh la ca true apples
POOL	10663	0.662871539	2,5,8,9,12,16	less ole lat uhh pere -able
POOL	10664	0.662867332	1,4,6,9,14,16	eh ho lol aka club fear
POOL	10665	0.662844931	1,5,8,10,16	eh whole lot of couple
POOL	10666	0.662823308	1,5,8,9,12,16	eh hole lott uhh true -able
POOL	10667	0.662817393	2,5,9,11,12,16	us ole clot to are -able
POOL	10668	0.662804236	1,5,8,9,11,16	eh hole lat uhh that rubble
POOL	10669	0.662711527	1,4,6,9,14,16	eh ho lol aka club inn
POOL	10670	0.662603428	2,3,5,9,14,16	ass new full lotta club a
POOL	10671	0.662590234	5,7,9,16	seoul la does treble
POOL	10672	0.662558634	1,5,8,9,11,14,16	eh hole lat uhh pfft rub a
POOL	10673	0.662542651	2,5,7,10,12,16	us ole lob truss true -able
POOL	10674	0.662512500	2,6,8,9,11,16	us ole got uhh that lubbock
POOL	10675	0.662498720	1,3,6,7,11,16	ed who all ahh cut nibble
POOL	10676	0.662498153	1,5,8,9,11,14,16	eh hole lot uhh pfft rub ere
POOL	10677	0.662493783	1,4,5,7,11,16	uhh show all la cut muddle
POOL	10678	0.662493357	6,7,9,16	hole r. col treble
POOL	10679	0.662474834	1,5,8,9,11,14,16	eh hole lot uhh pfft rub eyre
POOL	10680	0.662469797	1,5,8,9,11,14,16	eh hole lot uh pfft rub earl
POOL	10681	0.662378155	4,6,8,10,12,16	aux lol got fuzz true -able
POOL	10682	0.662377898	1,4,6,9,14,16	eh ho lol aka club fil
POOL	10683	0.662372059	1,4,7,10,12,16	uhh show lat 'twas true -able
POOL	10684	0.662369438	2,6,7,10,16	us only ahh stuff treble
POOL	10685	0.662366406	1,5,7,9,11,16	ur full la ca that rubble
POOL	10686	0.662335189	2,5,9,12,16	pass old lotta tra -able
POOL	10687	0.662256549	3,5,7,11,16	hoof all la cut annabelle
POOL	10688	0.662253637	1,5,8,9,11,14,16	eh hole lot uh pfft rub err
POOL	10689	0.662227634	2,4,8,10,12,16	gush oh lat is true -able
POOL	10690	0.662227037	2,5,6,7,11,16	us seoul all ahh cut publ
POOL	10691	0.662221139	4,9,11,12,16	o. lotta that on -able
POOL	10692	0.662176130	2,4,5,9,14,16	ass know law lotta scrub a
POOL	10693	0.662138012	2,4,9,11,14,16	us toe lotta that rub as
POOL	10694	0.662126946	1,5,7,11,12,16	uhh hole la cut are nibble
POOL	10695	0.662084178	1,4,6,7,11,16	uhh coat le ahh cut rubble
POOL	10696	0.662075366	1,5,8,10,16	eh whole lot of crumble
POOL	10697	0.662071465	1,5,8,9,11,16	eh hole lott uhh that rubble
POOL	10698	0.662032750	2,5,7,11,14,16	cuss ole la cut arid al
POOL	10699	0.662031122	1,4,6,9,14,16	eh ho lol aka club fare
POOL	10700	0.662028381	1,4,6,7,11,16	uhh own lol ahh cut trouble
POOL	10701	0.662013577	1,5,7,11,13,16	aka hole la pump run bell
POOL	10702	0.661998397	4,6,8,10,12,16	show you'll got puff true -able
POOL	10703	0.661930545	1,5,8,9,11,14,16	eh hole lott uhh pfft rub a
POOL	10704	0.661922250	4,5,9,16	show law roc treble
POOL	10705	0.661845916	4,6,9,11,16	paso lol tuck that rubble
POOL	10706	0.661820735	4,6,8,9,11,16	whole rear got uhh that rubble
POOL	10707	0.661819718	2,5,8,9,12,16	us pole lat da true -able
POOL	10708	0.661764100	1,4,6,9,14,16	eh ho lol aka club am
POOL	10709	0.661763477	4,6,9,16	holm lol rot treble
POOL	10710	0.661763304	1,6,9,11,16	aye hole ata that rubble
POOL	10711	0.661756129	1,4,6,9,14,16	eh ho lol aka club dill
POOL	10712	0.661751291	1,5,8,10,11,16	eh whole lot of a lull
POOL	10713	0.661740657	1,5,8,9,11,14,16	eh hole lot uhh pfft rub ahl
POOL	10714	0.661737622	4,9,13,16	o. lotta truck ben
POOL	10715	0.661727431	1,4,6,9,14,16	eh ho lol aka club aired
POOL	10716	0.661667131	1,5,7,9,12,16	uhh hole la ca true baba
POOL	10717	0.661665185	1,5,8,9,11,14,16	eh hole lat uh pfft rub a
POOL	10718	0.661622292	1,5,8,9,12,16	eh hole lat uhh ver -able
POOL	10719	0.661604705	1,5,8,9,11,14,16	eh hole lot uh pfft rub ere
POOL	10720	0.661588338	2,4,8,9,11,16	us roe wot uhh that rubble
POOL	10721	0.661581385	1,5,8,9,11,14,16	eh hole lot uh pfft rub eyre
POOL	10722	0.661567463	1,4,8,9,12,16	ash show lat uhh fir -able
POOL	10723	0.661521524	1,5,8,10,16	eh whole lot of tribal
POOL	10724	0.661515827	1,4,8,9,12,16	uhh show ra uhh true -able
POOL	10725	0.661504566	1,5,8,9,11,14,16	eh hole lot uhh pfft rub aer
POOL	10726	0.661488830	2,5,7,9,12,16	ing ole la ca true tumble
POOL	10727	0.661453281	1,4,6,9,14,16	eh ho lol aka club ills
POOL	10728	0.661452668	2,4,5,9,16	ass know law lotta stubble
POOL	10729	0.661434608	1,4,8,9,12,16	uhh coe lat uhh true -able
POOL	10730	0.661430247	2,6,7,9,16	us only ahh tel treble
POOL	10731	0.661384337	1,5,8,9,11,14,16	eh hole lot uhh pfft rub eel
POOL	10732	0.661381154	1,5,6,7,11,16	uhh hole all ahh cut libel
POOL	10733	0.661326371	2,6,8,9,11,16	kath ole but uhh that rubble
POOL	10734	0.661246646	4,6,9,16	hove lor got treble
POOL	10735	0.661246173	1,4,6,9,14,16	eh ho lol aka club ile
POOL	10736	0.661215798	1,2,6,7,11,16	uhh ass ole ahh cut ruble
POOL	10737	0.661162297	1,4,6,9,14,16	eh ho lol aka club ilk
POOL	10738	0.661105857	2,3,6,7,11,16	us so all ahh taut rubble
POOL	10739	0.661064827	5,7,9,11,12,16	hole na ca that are humble
POOL	10740	0.661062985	1,4,6,9,14,16	eh ho lol aka club hare
POOL	10741	0.661037096	1,5,8,9,11,14,16	eh hole lott uh pfft rub a
POOL	10742	0.660990251	4,8,9,16	show raw uhh treble
POOL	10743	0.660986411	2,4,8,9,11,16	is oh lat uhh that grumble
POOL	10744	0.660942510	1,6,11,16	yeah holt tut -able
POOL	10745	0.660881897	4,6,9,12,16	echo lul sta true -able
POOL	10746	0.660880764	4,6,9,11,16	ow lol ata beat rubble
POOL	10747	0.660847209	1,5,8,9,11,14,16	eh hole lot uh pfft rub ahl
POOL	10748	0.660836337	1,6,9,16	em hole got treble
POOL	10749	0.660808706	1,4,6,9,14,16	eh ho lol aka club bil
POOL	10750	0.660782497	4,6,9,11,16	show lul ata that rustle
POOL	10751	0.660777632	5,7,11,16	ole locke dove -able
POOL	10752	0.660699613	2,7,11,16	lash ole cuck -able
POOL	10753	0.660661707	4,7,11,16	hu ra cuz -able
POOL	10754	0.660637608	1,6,9,12,16	gmbh hole ata true -able
POOL	10755	0.660611118	1,5,8,9,11,14,16	eh hole lot uh pfft rub aer
POOL	10756	0.660593354	2,4,5,9,14,16	ass know law lotta rub a
POOL	10757	0.660576574	1,4,6,9,14,16	eh ho lol aka club airs
POOL	10758	0.660564449	1,4,6,9,14,16	eh ho lol aka club heirs
POOL	10759	0.660544805	2,6,7,10,16	us only ahh come rumble
POOL	10760	0.660525536	1,2,5,7,11,16	uhh heard ole la cum rubble
POOL	10761	0.660510537	2,3,5,9,16	ass new full lotta trumbull
POOL	10762	0.660490888	1,5,8,9,11,14,16	eh hole lot uh pfft rub eel
POOL	10763	0.660487546	1,6,7,10,12,16	r hole ahh tough deal -able
POOL	10764	0.660411045	1,5,8,10,16	eh whole lot of rebel
POOL	10765	0.660276613	5,8,9,11,12,16	hole luck e'er that are -able
POOL	10766	0.660226530	1,5,8,9,11,14,16	eh hole lot uhh pfft rub earle
POOL	10767	0.660108508	5,8,11,14,16	roll block gov rub al
POOL	10768	0.660105805	1,4,6,9,14,16	eh ho lol aka club cher
POOL	10769	0.660082779	1,4,6,8,11,16	uhh show lol two at rubble
POOL	10770	0.659927242	3,6,9,11,16	who lair ata shot rubble
POOL	10771	0.659921090	1,3,6,7,11,16	uhh sue all ahh cut nadal
POOL	10772	0.659919690	2,3,5,9,16	ass new full lotta verbal
POOL	10773	0.659910686	4,9,11,13,16	o. lotta that le -able
POOL	10774	0.659836544	1,2,6,7,11,16	uhh c. ole ahh tam rubble
POOL	10775	0.659834547	1,5,7,12,16	l hole la t'other -able
POOL	10776	0.659759829	2,6,7,12,16	us ow up t'other -able
POOL	10777	0.659752249	2,4,6,9,16	us tone lol ata treble
POOL	10778	0.659724002	1,6,7,9,11,16	r. hole or ca that rubble
POOL	10779	0.659695725	1,4,6,9,14,16	eh ho lol aka club herr
POOL	10780	0.659693065	4,7,9,16	ko la it treble
POOL	10781	0.659653147	4,5,9,11,16	roh law lotta that rubble
POOL	10782	0.659546798	1,4,8,11,12,16	uhh show lat at is -able
POOL	10783	0.659545599	2,4,8,9,11,16	us ooh lat law that rubble
POOL	10784	0.659398940	1,3,5,7,11,16	aff who le la cut rubble
POOL	10785	0.659333082	1,5,8,9,11,14,16	eh hole lot uh pfft rub earle
POOL	10786	0.659332321	2,4,8,10,12,16	us oh lot's love true -able
POOL	10787	0.659301132	1,4,6,9,14,16	eh ho lol aka club dare
POOL	10788	0.659287778	2,4,9,11,16	us oh lotta foot grapple
POOL	10789	0.659275798	6,8,9,16	hole got mum treble
POOL	10790	0.659258933	5,8,11,14,16	holed lat love web al
POOL	10791	0.659256832	2,6,8,9,11,16	us oe got odd that rubble
POOL	10792	0.659243205	1,2,5,7,11,16	eat hat ole la cut rubble
POOL	10793	0.659227346	4,8,11,16	pho yacht love -able
POOL	10794	0.659186675	1,5,8,10,16	eh whole lot of triple
POOL	10795	0.659130731	1,5,8,10,16	eh whole lot of rabble
POOL	10796	0.659111998	2,5,9,11,16	us old ata that rubble
POOL	10797	0.659027444	4,8,11,12,16	show lottie ump air -able
POOL	10798	0.658832709	1,2,4,7,11,16	uhh sci oh la cut waddle
POOL	10799	0.658809604	2,5,7,9,11,16	us wall la ca that lapel
POOL	10800	0.658770458	2,4,9,11,16	us oh lotta that libel
POOL	10801	0.658715441	1,5,8,10,16	eh whole lot of trouble
POOL	10802	0.658702217	1,5,8,9,11,16	eh hole lat uhh pfft rubble
POOL	10803	0.658686145	1,6,8,9,11,16	al. cole got uhh that rubble
POOL	10804	0.658682567	2,4,8,10,12,16	us oh lat love true abdel
POOL	10805	0.658556674	1,2,5,7,11,16	uhh hah ole la cut russell
POOL	10806	0.658519757	2,6,9,11,12,16	us ole ata that are bol
POOL	10807	0.658501659	1,5,6,7,11,16	uhh hole love air cut rubble
POOL	10808	0.658445177	5,9,11,16	hole lot mm -able
POOL	10809	0.658315027	1,4,6,9,14,16	eh ho lol aka club a
POOL	10810	0.658299079	6,9,11,12,16	hole ata that air nibble
POOL	10811	0.658210525	4,6,9,11,16	show lol ata fought nuttall
POOL	10812	0.658186501	2,3,5,9,16	ass new full lotta stubble
POOL	10813	0.658016329	5,7,11,14,16	hole th'are cut of al
POOL	10814	0.657973590	5,8,9,11,12,16	hole lat cut mach are -able
POOL	10815	0.657969446	1,5,8,9,11,16	eh hole lott uhh pfft rubble
POOL	10816	0.657952578	1,6,8,9,11,16	uhh coal got uhh fit rubble
POOL	10817	0.657934783	4,8,11,12,16	wahoo lat love air -able
POOL	10818	0.657917821	1,5,9,11,14,16	uhh coal lotta that rub law
POOL	10819	0.657896828	4,5,9,11,16	show law nada that rubble
POOL	10820	0.657895904	1,4,5,7,11,16	teh show doll la cut rubble
POOL	10821	0.657886623	1,4,5,7,11,16	uhh show l. al cut rubble
POOL	10822	0.657860961	1,5,9,12,13,16	uhh hole lotta true mah bell
POOL	10823	0.657851002	2,5,8,11,12,16	assed ole lat at la -able
POOL	10824	0.657815389	5,9,11,12,16	hole lotta tue fair -able
POOL	10825	0.657798973	2,5,9,12,16	ang old plata true -able
POOL	10826	0.657720491	5,8,9,12,16	hole bloc uhh true belle
POOL	10827	0.657659861	1,5,8,9,11,16	eh hole lat uh pfft rubble
POOL	10828	0.657656151	4,6,7,9,16	uh-oh lou ahh come treble
POOL	10829	0.657652223	4,6,11,16	show leer tut publ
POOL	10830	0.657617695	1,4,9,12,16	ash show lotta vert -able
POOL	10831	0.657599437	1,6,9,12,16	y'are hole ata fur -able
POOL	10832	0.657580378	1,5,8,10,16	eh whole lat of troubles
POOL	10833	0.657558312	1,5,8,9,11,16	eh hole lat uhh too rubble
POOL	10834	0.657551527	1,3,5,7,11,16	uhh ha all la dat rubble
POOL	10835	0.657542629	1,5,6,7,11,16	le hole all ahh cut rattle
POOL	10836	0.657497912	4,6,8,11,16	show lori got love rubble
POOL	10837	0.657493074	2,5,9,11,12,16	us ole lotta that are bare
POOL	10838	0.657481552	1,4,7,9,11,16	mm foes la ca that rubble
POOL	10839	0.657413455	5,8,11,14,16	hole lat love dub in.
POOL	10840	0.657369155	2,5,9,11,14,16	us owned lotta that rub pill
POOL	10841	0.657334730	2,3,4,9,16	ass new oh lotta trouble
POOL	10842	0.657283914	1,5,7,9,12,16	uhh role la ca terse -able
POOL	10843	0.657255571	6,7,9,11,12,16	hole ahh ca that ra trouble
POOL	10844	0.657255292	1,5,8,10,16	eh whole lot of publ
POOL	10845	0.657246996	1,5,7,9,11,16	if hole la ca that bubble
POOL	10846	0.657246650	1,5,8,10,16	eh whole lat of troubled
POOL	10847	0.657217824	3,6,7,11,16	isu all ahh cut robben
POOL	10848	0.657204304	1,5,8,10,16	eh whole lot of rumble
POOL	10849	0.657157661	1,2,6,7,11,16	uhh hurt ole pod cut rubble
POOL	10850	0.657125428	1,5,8,10,16	eh whole lot of tumble
POOL	10851	0.656974486	1,4,7,10,12,16	uhh show la tough true eben
POOL	10852	0.656935652	1,4,6,9,16	eh ho lol ata treble
POOL	10853	0.656927090	1,5,8,9,11,16	eh hole lott uh pfft rubble
POOL	10854	0.656900752	6,7,11,16	hole sa puffed muddle
POOL	10855	0.656862685	4,6,10,16	oe lol come -able
POOL	10856	0.656837838	1,4,9,11,14,16	uhh host lotta nick rub al
POOL	10857	0.656834258	2,5,9,12,16	us olde lotta fer -able
POOL	10858	0.656825542	1,5,8,9,11,16	eh hole lott uhh too rubble
POOL	10859	0.656812314	1,4,6,9,16	eh ho lol ata rubble
POOL	10860	0.656741771	4,5,9,11,16	ohh law lotta vert rubble
POOL	10861	0.656672263	4,8,9,11,16	uh-oh rod uhh that rubble
POOL	10862	0.656666325	1,7,11,16	yeah hole cut rattle
POOL	10863	0.656615033	1,5,9,12,13,16	uhh hole lotta true uhh bile
POOL	10864	0.656595878	1,4,5,9,11,16	uhh show all lah that rubble
POOL	10865	0.656558156	1,5,9,11,14,16	ell hole lotta teh rub al
POOL	10866	0.656549652	2,5,8,11,12,16	bess ole lat bust are -able
POOL	10867	0.656548070	4,8,9,12,16	lasso lat uhh true -able
POOL	10868	0.656530126	3,6,9,11,16	hoop all ata neat rubble
POOL	10869	0.656500703	1,5,6,7,11,16	ep hole wool ahh cut rubble
POOL	10870	0.656370466	5,8,9,11,12,16	kohl lat uhh it are -able
POOL	10871	0.656332078	1,5,8,10,16	eh whole lot of tremble
POOL	10872	0.656205055	1,6,8,9,11,16	inn hole baht uhh that rubble
POOL	10873	0.656169417	2,6,8,10,12,16	bess ole got love tel -able
POOL	10874	0.656132105	1,2,5,7,11,16	oh her sure la cut rubble
POOL	10875	0.656001678	1,5,7,11,16	eh hole la covet rubble
POOL	10876	0.655914123	1,3,5,7,11,16	ashe aux all la cut rubble
POOL	10877	0.655896250	5,9,11,12,16	hole ata that your -able
POOL	10878	0.655882063	1,5,8,9,11,16	eh hole lat uhh pfft -able
POOL	10879	0.655863436	1,5,8,10,16	eh whole lot of truffle
POOL	10880	0.655820948	2,6,8,11,16	asp only got love rubble
POOL	10881	0.655805600	1,5,7,11,16	uh hole la covet rubble
POOL	10882	0.655782516	5,8,11,12,16	hole lat ahs air bare
POOL	10883	0.655678902	2,5,8,9,12,16	wrath ole lat done true -able
POOL	10884	0.655570546	1,6,9,11,16	uhh souls ata that rubble
POOL	10885	0.655467330	5,8,9,11,12,16	who'll lat uhh that ore -able
POOL	10886	0.655436943	1,4,6,8,11,16	uhh o lol got odd rubble
POOL	10887	0.655409414	2,4,6,8,11,16	us oh neale shah at rubble
POOL	10888	0.655346669	1,5,9,11,16	ahh hole lotta that rubble
POOL	10889	0.655343719	2,5,8,11,12,16	us wool lat at well -able
POOL	10890	0.655293891	1,4,8,9,12,16	uhh au slot uhh true -able
POOL	10891	0.655270379	2,4,5,9,16	ass know law lotta trouble
POOL	10892	0.655238789	1,4,8,9,12,16	in show trott uhh true -able
POOL	10893	0.655202001	1,5,8,10,16	eh whole lot of stubble
POOL	10894	0.655195759	2,6,8,10,12,16	us ole od s. true -able
POOL	10895	0.655149292	1,5,8,9,11,16	eh hole lott uhh pfft -able
POOL	10896	0.655119774	1,3,5,7,11,16	uhh who fall not cut rubble
POOL	10897	0.655059659	4,7,10,16	show awe come trodden
POOL	10898	0.655058154	4,5,7,11,16	wahoo law la punt rubble
POOL	10899	0.655043819	4,9,11,12,16	show lotta that r. adel
POOL	10900	0.655017539	1,6,7,10,12,16	uhh hole ahh tough true saddle
POOL	10901	0.654994893	1,3,5,7,11,16	heh who all la cut treble
POOL	10902	0.654947105	1,6,9,12,16	uhh soles ata true -able
POOL	10903	0.654853584	2,5,8,9,11,16	us ole lat uhh that rumba
POOL	10904	0.654839706	1,5,8,9,11,16	eh hole lat uh pfft -able
POOL	10905	0.654785197	2,5,8,9,12,16	us ole luk rough true -able
POOL	10906	0.654783615	4,9,12,16	show lotta inter -able
POOL	10907	0.654723642	1,2,6,9,11,16	key her ole tut that rubble
POOL	10908	0.654713380	4,6,10,16	sew lol tons -able
POOL	10909	0.654702420	5,8,11,14,16	hole lat cuz rump al
POOL	10910	0.654700549	1,5,9,12,13,16	app hole rada true uhh bell
POOL	10911	0.654581265	2,6,9,12,16	us oe ata per -able
POOL	10912	0.654566899	1,6,7,10,12,16	uhh hole i. tin true -able
POOL	10913	0.654500630	2,3,4,9,16	ass new new lotta trouble
POOL	10914	0.654476567	1,4,6,8,11,16	uhh show lol got at nuttall
POOL	10915	0.654475460	1,5,9,12,16	uhh hole lotta they're -able
POOL	10916	0.654396656	4,8,11,12,16	uno lat ump air -able
POOL	10917	0.654373906	1,6,9,11,16	uhh hole ata mick rubble
POOL	10918	0.654365827	2,6,9,12,16	us bowl ata true gobble
POOL	10919	0.654361269	2,5,7,10,12,16	us mole la tough true ombre
POOL	10920	0.654242421	1,4,8,9,11,16	uhh show lat uhh that trumbull
POOL	10921	0.654219773	4,9,16	show lotta rubble
POOL	10922	0.654202476	6,11,16	hole entente -able
POOL	10923	0.654108907	1,5,8,10,16	eh whole lot of dribble
POOL	10924	0.654106936	1,5,8,9,11,16	eh hole lott uh pfft -able
POOL	10925	0.654068365	4,9,16	show lotta treble
POOL	10926	0.653959315	4,8,9,16	show lock da treble
POOL	10927	0.653868524	2,4,9,12,16	shh oh lotta true bubbles
POOL	10928	0.653858656	1,4,8,11,12,16	uhh aux lat at ri -able
POOL	10929	0.653843985	2,4,9,11,16	hah oh lotta that muddle
POOL	10930	0.653796266	2,6,7,9,16	us olin ahh cup treble
POOL	10931	0.653777692	1,4,8,11,12,16	uhh snow lat at are -able
POOL	10932	0.653772602	1,5,7,9,12,16	dah hole bloc ca true -able
POOL	10933	0.653746796	1,7,11,16	la hole dot -able
POOL	10934	0.653593988	1,6,8,9,11,16	uhh hole got uhh that waddle
POOL	10935	0.653494097	1,3,5,7,11,16	uhh stew ole la cut rubble
POOL	10936	0.653401138	1,4,8,9,12,16	uhh sho lat al true -able
POOL	10937	0.653338015	1,5,7,11,12,16	uhh pho la cut bar -able
POOL	10938	0.653333298	2,6,8,10,12,16	ast ole got sun true -able
POOL	10939	0.653320235	4,6,11,16	hoo lol tut trumbull
POOL	10940	0.653309784	1,2,5,7,11,16	of her ole la cut rubble
POOL	10941	0.653298206	2,5,7,12,16	aff woe la t'other -able
POOL	10942	0.653283355	1,5,8,10,16	eh whole lot of cobble
POOL	10943	0.653239846	1,4,5,7,11,16	ang show all la cut ruffle
POOL	10944	0.653223832	6,8,11,16	hole got est ripple
POOL	10945	0.653127642	5,7,12,16	hole wha t'other beer
POOL	10946	0.653092904	1,5,8,9,11,14,16	eh hole lat uhh too what well
POOL	10947	0.653078929	1,5,9,12,16	eat hole lotta true -able
POOL	10948	0.652984215	1,5,8,10,16	eh whole lot of cuddle
POOL	10949	0.652946450	2,5,8,12,16	us old lat ver del
POOL	10950	0.652890206	4,6,9,11,16	rho lol ata that ramble
POOL	10951	0.652708095	1,5,8,9,11,13,16	eh hole lat uhh too love done
POOL	10952	0.652652106	2,5,9,11,16	mass old lotto that rubble
POOL	10953	0.652644992	4,5,7,11,16	show law lobby tot rubble
POOL	10954	0.652561792	2,6,8,10,12,16	us vole got of true -able
POOL	10955	0.652504401	1,2,5,7,11,16	ebb her ole fra cut rubble
POOL	10956	0.652447727	1,5,8,9,11,16	eh hole lat uhh that rabble
POOL	10957	0.652363018	4,9,16	show lotta verbal
POOL	10958	0.652307256	1,6,8,9,11,16	nah hole got uhh mutt rubble
POOL	10959	0.652290086	1,4,7,10,12,16	uhh flow lull tough true -able
POOL	10960	0.652272927	4,5,9,11,16	owe bill lotta that rubble
POOL	10961	0.652094528	1,4,8,9,11,16	and show blot uhh that rubble
POOL	10962	0.652093921	1,5,8,10,16	eh whole lot of scrabble
POOL	10963	0.652089538	2,5,8,11,12,16	wes owe lat at are -able
POOL	10964	0.652089005	4,9,16	home lotta rubble
POOL	10965	0.652062302	1,6,11,16	i. hoa tut -able
POOL	10966	0.652004211	2,3,5,9,16	ass new full lotta trouble
POOL	10967	0.651964348	1,5,8,10,16	eh whole lot of herbal
POOL	10968	0.651937596	4,9,16	home lotta treble
POOL	10969	0.651928263	1,6,11,16	yeah hole tut ruble
POOL	10970	0.651926975	2,3,5,7,11,16	us all all la cut mumble
POOL	10971	0.651919073	1,5,9,12,13,16	e'er hole lotta teal uhh bell
POOL	10972	0.651786921	1,5,8,10,16	eh whole lot of topple
POOL	10973	0.651714957	1,5,8,9,11,16	eh hole lott uhh that rabble
POOL	10974	0.651649578	1,4,5,7,11,16	uhh hong real la cut rubble
POOL	10975	0.651621642	1,4,5,7,11,16	uhh hold all la kun rubble
POOL	10976	0.651601152	1,5,7,11,13,16	aka hole la cut run pulse
POOL	10977	0.651588802	1,5,7,9,12,16	uhh kohl's la tung true -able
POOL	10978	0.651588683	2,5,8,11,12,16	us told lat op are -able
POOL	10979	0.651560324	2,5,9,12,16	us sold rada true -able
POOL	10980	0.651534784	1,2,5,9,11,16	uhh shi ole luck that rubble
POOL	10981	0.651405385	1,5,8,9,11,14,16	eh hole lot uhh pfft rub a
POOL	10982	0.651388370	1,4,6,8,11,16	uhh show lair mock at rubble
POOL	10983	0.651375671	2,5,8,9,11,16	math ole pot uhh that rubble
POOL	10984	0.651343560	1,3,5,7,11,16	uhh hoh all la cut rommel
POOL	10985	0.651318549	1,6,9,11,16	uhh hole ata that apple
POOL	10986	0.651259979	4,6,7,10,16	hole lol ahh t'other treble
POOL	10987	0.651214069	6,9,16	hole gotta rubble
POOL	10988	0.651123074	2,4,9,12,16	us oh lotta vern doubles
POOL	10989	0.651074156	1,5,9,11,13,16	uhh old lotta mitt run bell
POOL	10990	0.651072242	3,6,11,16	who all tut randall
POOL	10991	0.651062661	6,9,16	hole gotta treble
POOL	10992	0.651028139	2,5,8,11,12,16	us ole lat of are -able
POOL	10993	0.651006387	2,5,8,9,11,16	cas ole lat uhh map rubble
POOL	10994	0.650950605	2,4,5,9,13,16	ass know law lotta tra a
POOL	10995	0.650897067	5,9,11,12,16	hall lotto fat air -able
POOL	10996	0.650835337	4,8,9,11,16	show lotta fuck that rubble
POOL	10997	0.650817487	5,8,11,14,16	hole lot love grad al
POOL	10998	0.650791234	5,9,11,12,16	hole lotta that air caudal
POOL	10999	0.650661660	6,8,9,11,16	hole otter uhh as rubble
POOL	11000	0.650658872	1,2,6,9,11,16	uhh fee ole ter that rubble
POOL	11001	0.650633873	1,4,7,10,12,16	ahh show la tough true bobble
POOL	11002	0.650536984	2,5,9,11,16	us shown lotta that rubble
POOL	11003	0.650511936	1,5,8,9,11,14,16	eh hole lot uh pfft rub a
POOL	11004	0.650494811	1,5,7,9,11,16	uhh hole lea puff that rubble
POOL	11005	0.650355616	1,3,5,9,11,16	uhh new all lok that rubble
POOL	11006	0.650235358	2,5,8,9,11,16	hou holes lat uhh that rubble
POOL	11007	0.650232250	4,9,16	home lotta verbal
POOL	11008	0.650199683	2,5,8,11,12,16	seth ole clot at are -able
POOL	11009	0.650166661	1,5,9,11,13,16	uhh who'll lotta that run bell
POOL	11010	0.650156380	1,6,8,9,11,16	uhh hole want hug that rubble
POOL	11011	0.650135275	1,5,8,10,16	eh whole lot of trimble
POOL	11012	0.650067481	2,6,7,10,16	rus only ahh come treble
POOL	11013	0.650065809	4,8,9,11,16	show u-lock uhh mat rubble
POOL	11014	0.650062772	2,4,8,9,11,16	us sew lat uhh that randall
POOL	11015	0.650014430	4,9,16	show lotta trumbull
POOL	11016	0.649954774	1,5,8,9,11,16	ell hole lat uhh that rubble
POOL	11017	0.649876645	1,4,6,11,16	eh ho lil entente rubble
POOL	11018	0.649800802	2,4,8,11,16	us duo lat love rubble
POOL	11019	0.649753402	1,5,9,12,13,16	uhh chau lotta true uhh bell
POOL	11020	0.649703276	1,4,6,9,16	uhh sho lol ata treble
POOL	11021	0.649697195	2,5,9,12,16	is owns lotta true -able
POOL	11022	0.649695683	2,5,7,10,16	cash old la come parable
POOL	11023	0.649624091	1,5,9,11,13,16	uhh whole lotta that yun bell
POOL	11024	0.649580907	1,6,8,9,11,16	uhh holt got on that rubble
POOL	11025	0.649578644	1,7,11,16	ill hole cut treble
POOL	11026	0.649545716	1,4,5,7,11,16	ahn foam all la cut rubble
POOL	11027	0.649539871	1,5,6,9,11,16	uhh hole l.'s od that rubble
POOL	11028	0.649503513	2,6,9,11,16	us eau-claire caught that rubble
POOL	11029	0.649488518	3,6,9,11,16	who lore fatah that rubble
POOL	11030	0.649446392	3,5,9,11,16	aw all lotta that rubble
POOL	11031	0.649357315	6,9,16	hole gotta verbal
POOL	11032	0.649229859	1,4,6,9,16	uhh show you'll ata treble
POOL	11033	0.649215997	5,9,11,14,16	holi lottie that rub al
POOL	11034	0.649210983	3,6,10,16	who ole taj -able
POOL	11035	0.649209921	4,5,9,11,16	show l.'s lotta this rubble
POOL	11036	0.649174834	2,6,9,11,16	us oe ata at rubble
POOL	11037	0.649125713	1,5,8,10,16	eh whole lot of trample
POOL	11038	0.649098545	5,8,9,11,12,16	hole lat uhh that are apple's
POOL	11039	0.649053349	4,6,8,11,16	ro lol got avert rubble
POOL	11040	0.649038686	1,3,5,7,11,16	uhh lou all long cut rubble
POOL	11041	0.648992460	1,4,6,11,16	eh ho lil entente -able
POOL	11042	0.648966949	2,5,8,11,12,16	us ole caught at are -able
POOL	11043	0.648929853	1,5,8,9,11,16	eh hole lat uhh pfft rebel
POOL	11044	0.648900564	4,8,9,16	show lah on treble
POOL	11045	0.648873424	6,11,16	ahold tut -able
POOL	11046	0.648817495	1,5,8,10,16	eh whole lot of straddle
POOL	11047	0.648793178	6,9,16	hole aka rubble
POOL	11048	0.648776440	4,8,10,12,16	oh alot love true -able
POOL	11049	0.648735193	1,6,9,11,16	in hole ata mood rubble
POOL	11050	0.648673222	1,5,8,10,16	eh whole lot of dabble
POOL	11051	0.648663340	1,5,7,9,11,16	uhh au la saw that rubble
POOL	11052	0.648641770	6,9,16	hole aka treble
POOL	11053	0.648606567	6,9,16	hole ata rubble
POOL	11054	0.648584561	6,11,16	ahold cunt -able
POOL	11055	0.648545788	1,3,5,7,11,16	inn who all rug cut rubble
POOL	11056	0.648525219	5,9,11,14,16	ecole lotta that rub l.'s
POOL	11057	0.648525116	3,5,9,11,16	hoe oar lotta that rubble
POOL	11058	0.648455159	6,9,16	hole ata treble
POOL	11059	0.648430109	1,5,8,10,16	eh whole lot of trodden
POOL	11060	0.648413520	4,6,8,11,16	ahoy lure got love rubble
POOL	11061	0.648345708	1,5,8,9,11,16	eh hole lat uhh pfft rabble
POOL	11062	0.648207198	5,7,11,13,16	ecole lott cut run -able
POOL	11063	0.648197083	1,5,8,9,11,16	eh hole lott uhh pfft rebel
POOL	11064	0.648176513	2,4,6,9,16	us o.'s ralph ata treble
POOL	11065	0.648145557	1,2,5,7,11,16	ur her ole la cut rada
POOL	11066	0.648123920	2,5,8,11,12,16	us war lat at are -able
POOL	11067	0.648010550	4,9,16	show lotta stubble
POOL	11068	0.647982413	1,3,5,9,11,16	uhh who all raw that rubble
POOL	11069	0.647887497	1,5,8,9,11,16	eh hole lat uh pfft rebel
POOL	11070	0.647883661	4,9,16	home lotta trumbull
POOL	11071	0.647845959	1,4,5,7,11,16	re- show all eel cut rubble
POOL	11072	0.647623630	1,6,7,10,12,16	if hole ahh tough true no.
POOL	11073	0.647612938	1,5,8,9,11,16	eh hole lott uhh pfft rabble
POOL	11074	0.647570998	1,4,8,9,11,16	ack show lat sa that rubble
POOL	11075	0.647555693	2,6,7,9,16	uh o'neal ahh come treble
POOL	11076	0.647351751	1,5,9,11,16	uhh hole ata that rubble
POOL	11077	0.647342784	6,11,16	hole entente rubble
POOL	11078	0.647305207	1,4,9,11,16	uhh whoa lotta that rubble
POOL	11079	0.647303352	1,5,8,9,11,16	eh hole lat uh pfft rabble
POOL	11080	0.647209609	1,4,8,11,12,16	d. show lat at in. -able
POOL	11081	0.647192170	4,5,7,11,16	show law leia cut treble
POOL	11082	0.647165903	2,6,9,11,16	us bowl ata that ruble
POOL	11083	0.647154726	1,5,8,9,11,16	eh hole lott uh pfft rebel
POOL	11084	0.647100399	1,4,9,11,16	uhh how lotta matte rubble
POOL	11085	0.647058875	1,6,9,12,16	uhh foal ata they're -able
POOL	11086	0.647037962	4,9,16	hope lotta rubble
POOL	11087	0.647008726	6,9,16	hole gotta trumbull
POOL	11088	0.646993946	2,4,9,11,16	us eau lotta that nadal
POOL	11089	0.646993107	2,5,7,11,16	wahoo old odd cut rubble
POOL	11090	0.646936423	6,9,16	hole aka verbal
POOL	11091	0.646886554	4,9,16	hope lotta treble
POOL	11092	0.646749813	6,9,16	hole ata verbal
POOL	11093	0.646647361	1,5,7,12,16	uhh hole luv t'other -able
POOL	11094	0.646644628	1,4,5,9,11,16	le show all trot that rubble
POOL	11095	0.646570582	1,5,8,9,11,16	eh hole lott uh pfft rabble
POOL	11096	0.646530663	3,5,9,11,16	who org lotta that rubble
POOL	11097	0.646498499	5,7,9,12,16	hone leia sta true -able
POOL	11098	0.646420001	2,5,7,11,16	us wholly la tanned rubble
POOL	11099	0.646394260	1,6,9,12,16	uhh hole ata true gobble
POOL	11100	0.646302667	2,4,8,10,12,16	ness seoul lat love true -able
POOL	11101	0.646194327	2,5,9,12,16	us old lotta true saddle
POOL	11102	0.646178230	2,5,8,11,12,16	us ole bloc emp are -able
POOL	11103	0.646169712	3,4,6,7,11,16	a 'low aar ahh tut rubble
POOL	11104	0.646168327	1,5,8,9,11,16	eh hole lat uhh pfft rumble
POOL	11105	0.646167746	2,5,8,9,11,16	us ole luck an that rubble
POOL	11106	0.646145773	1,5,9,11,14,16	e.'s hole lotta that clubs al
POOL	11107	0.646117789	2,4,8,10,12,16	us beau lat love true rebel
POOL	11108	0.646078717	1,4,8,11,12,16	uhh foe lop at are -able
POOL	11109	0.645973776	4,5,9,16	show ear blot treble
POOL	11110	0.645879781	4,9,16	home lotta stubble
POOL	11111	0.645872815	3,4,6,7,11,16	a 'low aar ah tut rubble
POOL	11112	0.645789108	4,8,10,11,16	show allot love too rubble
POOL	11113	0.645762658	1,4,8,9,11,16	uhh low watt uhh that rubble
POOL	11114	0.645732628	4,5,9,11,16	show law allot oft rubble
POOL	11115	0.645690093	1,5,8,9,11,16	eh hole lot uhh pfft rubble
POOL	11116	0.645689658	6,9,16	ahold got rubble
POOL	11117	0.645674865	1,4,8,9,12,16	uhh sole lat uhh tel -able
POOL	11118	0.645538250	6,9,16	ahold got treble
POOL	11119	0.645462536	1,4,5,7,11,16	uhh o all la cut radha
POOL	11120	0.645435556	1,5,8,9,11,16	eh hole lott uhh pfft rumble
POOL	11121	0.645431535	1,4,9,12,16	ann hook lotta true -able
POOL	11122	0.645398038	1,6,7,10,12,16	uhh ho ahh tough true model
POOL	11123	0.645373772	4,9,16	at-home lat rubble
POOL	11124	0.645340765	1,5,7,9,11,16	uhh goal la ca that trumbull
POOL	11125	0.645222364	4,9,16	at-home lat treble
POOL	11126	0.645181207	4,9,16	hope lotta verbal
POOL	11127	0.645161239	1,5,9,11,14,16	eth vole lotta that rub al
POOL	11128	0.645125970	1,5,8,9,11,16	eh hole lat uh pfft rumble
POOL	11129	0.645109339	1,4,8,9,11,16	eff seoul lat uhh that rubble
POOL	11130	0.645101350	3,5,9,11,16	who wall lottie that rubble
POOL	11131	0.645077717	1,5,9,11,16	uhh hole lotta aunt rubble
POOL	11132	0.645063011	5,9,11,14,16	rahul lotta that y'are al
POOL	11133	0.645021594	1,5,7,9,12,16	uhh coals ahh ca true -able
POOL	11134	0.645004846	6,9,16	hole gotta stubble
POOL	11135	0.644980053	3,5,9,16	who all knot treble
POOL	11136	0.644952680	4,6,8,11,16	show ear got lovett rubble
POOL	11137	0.644902531	2,5,9,11,16	us old lotta that grumble
POOL	11138	0.644744111	6,11,16	ahold taft -able
POOL	11139	0.644647737	1,5,8,9,11,16	eh hole lot uh pfft rubble
POOL	11140	0.644587835	6,9,16	hole aka trumbull
POOL	11141	0.644579958	4,9,12,16	uh-huh lotta true -able
POOL	11142	0.644547341	4,9,16	at-home lotte rubble
POOL	11143	0.644511265	3,5,9,16	who mall lop treble
POOL	11144	0.644471405	1,5,9,11,14,16	uhh hall's lotta it rub al
POOL	11145	0.644404938	1,4,8,9,11,16	uhh know lat uhh that ramble
POOL	11146	0.644401224	6,9,16	hole ata trumbull
POOL	11147	0.644395933	4,9,16	at-home lotte treble
POOL	11148	0.644393200	1,5,8,9,11,16	eh hole lott uh pfft rumble
POOL	11149	0.644341848	4,7,10,16	show la tongue troubled
POOL	11150	0.644225911	1,6,9,11,16	uhh holed ata fuck rubble
POOL	11151	0.644199978	2,5,9,12,16	ish old lotta true gobble
POOL	11152	0.644172963	1,4,9,12,16	uhh soul lotta starr -able
POOL	11153	0.644159043	6,11,16	ahold cuffed -able
POOL	11154	0.644133675	2,6,8,11,16	us o'er tot love rubble
POOL	11155	0.644122396	5,8,9,11,12,16	holes lat uhh that are model
POOL	11156	0.644084380	4,8,9,16	sew lock run treble
POOL	11157	0.644071182	2,5,9,16	ass so lop treble
POOL	11158	0.644057548	1,6,9,16	ed hole opp treble
POOL	11159	0.644008123	3,6,10,16	s all come trouble
POOL	11160	0.643908231	4,9,16	at-home lott rubble
POOL	11161	0.643832903	6,9,16	ahold got verbal
POOL	11162	0.643786618	1,4,8,11,12,16	uhh show lots at are -able
POOL	11163	0.643756823	4,9,16	at-home lott treble
POOL	11164	0.643717016	1,6,9,11,16	uhh cole asa that rubble
POOL	11165	0.643702074	2,5,8,9,12,16	us kohl lat uhh true humble
POOL	11166	0.643700442	1,2,5,7,11,16	uhh hog tone la cut rubble
POOL	11167	0.643675727	1,5,6,7,11,16	ebb colt all ahh cut rubble
POOL	11168	0.643674102	1,6,8,9,11,16	uhh hoa got uhh that bubble
POOL	11169	0.643605163	1,4,6,8,11,16	ack show lark got at rubble
POOL	11170	0.643546099	1,5,9,11,13,16	uhh role lotta that run bail
POOL	11171	0.643517018	4,9,16	at-home lat verbal
POOL	11172	0.643497578	1,4,9,11,16	ahh show lotta that ruffle
POOL	11173	0.643432694	1,4,7,10,16	uhh show la taj durable
POOL	11174	0.643073667	1,5,7,9,12,16	l hole la ca true caudal
POOL	11175	0.643065896	5,7,11,16	hole ra trump randal
POOL	11176	0.642909628	4,5,9,11,16	show leave lotta that lovell
POOL	11177	0.642869939	1,5,8,9,11,16	eh hole lot uhh pfft -able
POOL	11178	0.642832619	4,9,16	hope lotta trumbull
POOL	11179	0.642690586	4,9,16	at-home lotte verbal
POOL	11180	0.642689866	1,5,8,9,11,16	uhh hole lat uhh ease rubble
POOL	11181	0.642688100	4,9,16	at-home rot rubble
POOL	11182	0.642687816	1,5,9,12,13,16	uhh sho lotta kerr uhh bell
POOL	11183	0.642660727	4,9,16	oh lotta rubble
POOL	11184	0.642583954	6,9,16	hole aka stubble
POOL	11185	0.642578222	4,8,9,12,16	uh-oh knott add true -able
POOL	11186	0.642536692	4,9,16	at-home rot treble
POOL	11187	0.642526662	1,5,9,11,14,16	uhh shows rata that rub al
POOL	11188	0.642509319	4,9,16	oh lotta treble
POOL	11189	0.642410028	4,8,9,16	ro lock uhh treble
POOL	11190	0.642397344	6,9,16	hole ata stubble
POOL	11191	0.642234339	2,5,8,9,12,16	sas whole lat uhh true -able
POOL	11192	0.642196255	1,4,8,12,16	uhh show yacht ver bel
POOL	11193	0.642183748	2,5,8,9,11,16	a ole lat dumb that rubble
POOL	11194	0.642134366	2,4,6,9,16	aix oh rail ata treble
POOL	11195	0.642051477	4,9,16	at-home lott verbal
POOL	11196	0.642013732	6,11,16	ahold tut rubble
POOL	11197	0.641965829	1,5,8,10,16	eh whole lot of troubles
POOL	11198	0.641889238	2,5,8,9,11,16	us sew lat uhh mach rubble
POOL	11199	0.641827582	1,5,8,9,11,16	eh hole lot uh pfft -able
POOL	11200	0.641794919	2,5,7,10,16	aha old la come treble
POOL	11201	0.641757180	5,8,9,12,16	ecole lat uhh true -able
POOL	11202	0.641724869	6,11,16	ahold cunt rubble
POOL	11203	0.641632101	1,5,8,10,16	eh whole lot of troubled
POOL	11204	0.641484315	6,9,16	ahold got trumbull
POOL	11205	0.641478057	1,6,11,16	it hole tut nibble
POOL	11206	0.641432282	3,5,9,11,16	who wil lotta ease rubble
POOL	11207	0.641387038	1,5,9,12,13,16	odd sure lotta true uhh bell
POOL	11208	0.641386932	4,7,10,16	o. la tum topple
POOL	11209	0.641344050	1,5,8,9,11,16	uhh hole lat uhh that rebels'
POOL	11210	0.641260309	2,5,7,10,16	us old la cover rebel
POOL	11211	0.641203646	5,8,9,12,16	wholly lok uhh true -able
POOL	11212	0.641168429	4,9,16	at-home lat trumbull
POOL	11213	0.641129835	1,5,8,9,11,16	uhh hole opt uhh that rubble
POOL	11214	0.641063076	1,5,9,12,13,16	ma hole lotta true gun bell
POOL	11215	0.640968363	1,5,8,9,11,16	eh hole lat uhh pfft herbal
POOL	11216	0.640875394	1,5,8,9,11,16	uhh hole lat hug that rubble
POOL	11217	0.640868927	4,8,12,16	o rah ver -able
POOL	11218	0.640831345	4,9,16	at-home rot verbal
POOL	11219	0.640828738	4,9,16	hope lotta stubble
POOL	11220	0.640803972	4,9,16	oh lotta verbal
POOL	11221	0.640720754	4,9,16	ago lat rubble
POOL	11222	0.640711056	4,8,11,16	aux lah hut -able
POOL	11223	0.640687145	5,9,11,14,16	hole lotta teh rub alas
POOL	11224	0.640593714	1,4,8,11,12,16	uhh though lat ev are -able
POOL	11225	0.640585118	2,3,4,9,16	ass new oh lotta troubles
POOL	11226	0.640569346	4,9,16	ago lat treble
POOL	11227	0.640542717	1,4,6,11,16	eh ho lil entente rebel
POOL	11228	0.640518623	1,5,8,9,11,16	awe hole knock uhh that rubble
POOL	11229	0.640373844	1,4,7,11,16	du'a' beau la cut rubble
POOL	11230	0.640341998	4,9,16	at-home lotte trumbull
POOL	11231	0.640251391	2,3,4,9,16	ass new oh lotta troubled
POOL	11232	0.640235592	1,5,8,9,11,16	eh hole lott uhh pfft herbal
POOL	11233	0.639929696	4,9,16	so lotta rubble
POOL	11234	0.639926007	1,5,8,9,11,16	eh hole lat uh pfft herbal
POOL	11235	0.639923132	5,7,9,16	hole locks com treble
POOL	11236	0.639894322	4,9,16	ago lotte rubble
POOL	11237	0.639778288	4,9,16	so lotta treble
POOL	11238	0.639762599	6,11,16	hole entente rebel
POOL	11239	0.639742914	4,9,16	ago lotte treble
POOL	11240	0.639702888	4,9,16	at-home lott trumbull
POOL	11241	0.639674891	4,7,10,16	show lon tuff trample
POOL	11242	0.639670136	5,9,11,12,16	hole lotta that true saddle
POOL	11243	0.639645607	4,8,9,11,16	show lat upper foote rubble
POOL	11244	0.639585832	1,2,5,7,11,16	uhh meh ole lawn cut rubble
POOL	11245	0.639480435	6,9,16	ahold got stubble
POOL	11246	0.639445948	2,5,8,9,12,16	esse ole lat uhh true waddle
POOL	11247	0.639262403	1,4,6,11,16	eh ho lil entente rabble
POOL	11248	0.639242093	1,5,8,10,12,13,16	eh hole lat of ter uhh bell
POOL	11249	0.639193236	1,5,8,9,11,16	eh hole lott uh pfft herbal
POOL	11250	0.639005705	2,5,9,11,16	meth old lotta ist rubble
POOL	11251	0.638950279	5,8,11,12,16	uphold lat ott air -able
POOL	11252	0.638887908	1,5,8,10,12,13,16	eh hole lotte of ter uhh bell
POOL	11253	0.638857435	5,8,9,11,12,16	hole lost uhh that are fumble
POOL	11254	0.638795092	1,4,6,9,16	y'are show rare ata treble
POOL	11255	0.638760282	3,6,9,11,16	who all nada that rubble
POOL	11256	0.638614004	1,5,8,10,12,13,16	eh hole lott of ter uhh bell
POOL	11257	0.638520767	2,4,5,9,16	ass know law lotta troubles
POOL	11258	0.638479694	1,4,8,9,11,16	m. show lat uhh that grapple
POOL	11259	0.638418844	1,6,8,9,11,16	uhh who'll rot uhh that rubble
POOL	11260	0.638348645	1,5,8,10,12,13,16	eh hole lat of ter uh bell
POOL	11261	0.638263015	4,9,13,16	uh-oh lotta truck -able
POOL	11262	0.638238830	1,5,8,10,12,13,16	eh hole lat of ter uhh bill
POOL	11263	0.638187039	2,4,5,9,16	ass know law lotta troubled
POOL	11264	0.638159793	1,4,8,12,16	em show lat ver bal
POOL	11265	0.637994460	1,5,8,10,12,13,16	eh hole lotte of ter uh bell
POOL	11266	0.637970578	2,5,9,11,16	us old lotta it treble
POOL	11267	0.637884645	1,5,8,10,12,13,16	eh hole lotte of ter uhh bill
POOL	11268	0.637884419	6,11,16	ahold taft rubble
POOL	11269	0.637746631	1,4,8,9,12,16	aye hugh lat uhh true -able
POOL	11270	0.637720556	1,5,8,10,12,13,16	eh hole lott of ter uh bell
POOL	11271	0.637627785	1,4,6,8,11,16	uhh cope lol lock at rubble
POOL	11272	0.637610741	1,5,8,10,12,13,16	eh hole lott of ter uhh bill
POOL	11273	0.637345382	1,5,8,10,12,13,16	eh hole lat of ter uh bill
POOL	11274	0.637335977	1,4,6,11,16	eh ho lil entente rumble
POOL	11275	0.637333960	6,9,16	ahold art rubble
POOL	11276	0.637299351	6,11,16	ahold cuffed rubble
POOL	11277	0.637293075	1,4,8,9,12,16	uhh show lots done true -able
POOL	11278	0.637279429	2,5,9,11,16	aff old lotta that rada
POOL	11279	0.637219494	5,8,9,12,16	assure lat uhh pfft -able
POOL	11280	0.637182552	6,9,16	ahold art treble
POOL	11281	0.637177179	1,6,9,11,16	and hoa ata that rubble
POOL	11282	0.637164518	2,5,9,11,16	et mold lotta that rubble
POOL	11283	0.637119485	1,4,8,9,12,16	th'are show lat of true -able
POOL	11284	0.637111881	1,5,8,9,11,16	anne hole lat uhh shirt rubble
POOL	11285	0.637040704	1,5,6,9,11,16	be hole all duh that rubble
POOL	11286	0.636991197	1,5,8,10,12,13,16	eh hole lotte of ter uh bill
POOL	11287	0.636936561	5,8,11,12,16	hole led utter air -able
POOL	11288	0.636844297	2,4,5,10,16	ass know law lotta -able
POOL	11289	0.636784450	1,4,8,9,12,16	awe show lat uhh true saddle
POOL	11290	0.636717293	1,5,8,10,12,13,16	eh hole lott of ter uh bill
POOL	11291	0.636597420	2,6,7,10,16	hee only ahh curve treble
POOL	11292	0.636535637	1,5,6,7,11,16	uhh all all ahh chump rubble
POOL	11293	0.636497147	1,5,8,10,12,13,16	eh hole lat of ter uhh belle
POOL	11294	0.636428704	2,6,7,10,16	us only ahh taz straddle
POOL	11295	0.636407730	1,5,7,9,16	era hole la come treble
POOL	11296	0.636389493	2,4,5,10,16	ass know law lotta double
POOL	11297	0.636343351	6,9,16	ahold shot rubble
POOL	11298	0.636338905	5,7,9,16	who'll le come treble
POOL	11299	0.636191943	6,9,16	ahold shot treble
POOL	11300	0.636181972	2,6,7,10,16	eff molar ahh come treble
POOL	11301	0.636142962	1,5,8,10,12,13,16	eh hole lotte of ter uhh belle
POOL	11302	0.636006361	1,4,9,12,16	uhh show lotta true waddle
POOL	11303	0.635917729	1,5,8,9,11,16	eh hole lot uhh pfft rebel
POOL	11304	0.635869058	1,5,8,10,12,13,16	eh hole lott of ter uhh belle
POOL	11305	0.635736136	6,11,16	hole entente double
POOL	11306	0.635697608	6,11,16	hole entente rabble
POOL	11307	0.635603698	1,5,8,10,12,13,16	eh hole lat of ter uh belle
POOL	11308	0.635602704	1,4,8,11,12,16	uhh show lat at are apples
POOL	11309	0.635567526	1,5,7,12,16	ain hole 'low t'other -able
POOL	11310	0.635542107	6,9,16	ahold hot rubble
POOL	11311	0.635516238	4,8,10,11,16	lasso lat love too rubble
POOL	11312	0.635477205	6,9,16	ahold art verbal
POOL	11313	0.635437597	1,5,8,10,12,13,16	eh hole lat of ter uhh bel
POOL	11314	0.635390699	6,9,16	ahold hot treble
POOL	11315	0.635333584	1,5,8,9,11,16	eh hole lot uhh pfft rabble
POOL	11316	0.635254599	2,3,5,9,16	ass new full lotta troubles
POOL	11317	0.635249513	1,5,8,10,12,13,16	eh hole lotte of ter uh belle
POOL	11318	0.635212901	1,5,9,12,16	on hole lotta per -able
POOL	11319	0.635146137	1,5,9,11,14,16	uhh sows lotta that raw al
POOL	11320	0.635106388	1,5,8,10,12,13,16	eh hole lat of ter uhh bal
POOL	11321	0.635083412	1,5,8,10,12,13,16	eh hole lotte of ter uhh bel
POOL	11322	0.634979857	1,5,9,11,16	anne hole lotto that rubble
POOL	11323	0.634975609	1,5,8,10,12,13,16	eh hole lott of ter uh belle
POOL	11324	0.634920872	2,3,5,9,16	ass new full lotta troubled
POOL	11325	0.634904308	2,4,5,10,16	ass know law rotten treble
POOL	11326	0.634875373	1,5,8,9,11,16	eh hole lot uh pfft rebel
POOL	11327	0.634837406	1,4,8,9,12,16	uhh holm lat uhh true wobble
POOL	11328	0.634809508	1,5,8,10,12,13,16	eh hole lott of ter uhh bel
POOL	11329	0.634780970	2,4,5,10,16	ass know law rotten rubble
POOL	11330	0.634775004	6,11,16	hole entente rumble
POOL	11331	0.634752203	1,5,8,10,12,13,16	eh hole lotte of ter uhh bal
POOL	11332	0.634582650	3,5,8,11,16	who fuller lat love rubble
POOL	11333	0.634544149	1,5,8,10,12,13,16	eh hole lat of ter uh bel
POOL	11334	0.634486596	6,9,16	ahold shot verbal
POOL	11335	0.634478299	1,5,8,10,12,13,16	eh hole lott of ter uhh bal
POOL	11336	0.634433547	6,11,16	ahold tut rebel
POOL	11337	0.634291228	1,5,8,9,11,16	eh hole lot uh pfft rabble
POOL	11338	0.634212939	1,5,8,10,12,13,16	eh hole lat of ter uh bal
POOL	11339	0.634200697	1,5,9,12,16	uhh shone lotta true -able
POOL	11340	0.634189964	1,5,8,10,12,13,16	eh hole lotte of ter uh bel
POOL	11341	0.634168254	4,6,7,10,16	show lawler ahh cub treble
POOL	11342	0.634144684	6,11,16	ahold cunt rebel
POOL	11343	0.634079659	4,8,10,11,16	show alot uh too rubble
POOL	11344	0.633996102	5,9,12,16	hola lotta true -able
POOL	11345	0.633916060	1,5,8,10,12,13,16	eh hole lott of ter uh bel
POOL	11346	0.633896785	2,4,5,10,16	ass know law rotten -able
POOL	11347	0.633858754	1,5,8,10,12,13,16	eh hole lotte of ter uh bal
POOL	11348	0.633848078	1,4,8,11,12,16	uhh show lot's gut are -able
POOL	11349	0.633794976	1,6,9,12,16	i. who'll ata true -able
POOL	11350	0.633792099	1,4,9,11,16	uhh show lotta vic libel
POOL	11351	0.633685352	6,9,16	ahold hot verbal
POOL	11352	0.633657036	4,6,8,10,16	show lili got love treble
POOL	11353	0.633584850	1,5,8,10,12,13,16	eh hole lott of ter uh bal
POOL	11354	0.633578129	2,3,5,10,16	ass new full lotta -able
POOL	11355	0.633524359	2,5,8,9,11,16	us lowe lat thumb that rubble
POOL	11356	0.633512307	1,5,8,10,12,13,16	eh hole lat of ter uhh bear
POOL	11357	0.633502024	2,5,8,9,11,16	us tow rust uhh that rubble
POOL	11358	0.633473393	1,5,9,12,13,16	uhh kol lotta true egg bell
POOL	11359	0.633441981	2,4,5,10,16	ass know law rotten double
POOL	11360	0.633421756	1,2,5,7,11,16	uhh her wolfe lars cut rubble
POOL	11361	0.633158122	1,5,8,10,12,13,16	eh hole lotte of ter uhh bear
POOL	11362	0.633156203	1,5,8,9,11,16	eh hole lot uhh pfft rumble
POOL	11363	0.633128617	6,9,16	ahold art trumbull
POOL	11364	0.633123326	2,3,5,10,16	ass new full lotta double
POOL	11365	0.633073308	6,9,11,14,16	hole ata of rub oral
POOL	11366	0.632912657	1,4,6,11,16	eh ho lil entente double
POOL	11367	0.632884218	1,5,8,10,12,13,16	eh hole lott of ter uhh bear
POOL	11368	0.632672014	1,4,6,11,16	eh ho lil entente no.
POOL	11369	0.632618859	1,5,8,10,12,13,16	eh hole lat of ter uh bear
POOL	11370	0.632583355	1,5,9,11,16	uhh hole lotta that rumba
POOL	11371	0.632419037	1,4,8,11,16	uhh show lakh avert rubble
POOL	11372	0.632304069	6,9,16	ahold bought rubble
POOL	11373	0.632264788	1,5,7,11,16	y'are f-hole la cut rubble
POOL	11374	0.632264674	1,5,8,10,12,13,16	eh hole lotte of ter uh bear
POOL	11375	0.632261414	1,3,5,9,11,16	uhh who your lop that rubble
POOL	11376	0.632257764	2,4,5,10,16	ass know law rotten trumbull
POOL	11377	0.632223029	6,11,16	hole entente robin
POOL	11378	0.632201729	1,4,6,11,16	eh ho lil entente robin
POOL	11379	0.632159530	6,9,16	ahold caught rubble
POOL	11380	0.632152661	6,9,16	ahold bought treble
POOL	11381	0.632150608	2,5,9,16	heh dole lok treble
POOL	11382	0.632138008	6,9,16	ahold shot trumbull
POOL	11383	0.632113846	1,5,8,9,11,16	eh hole lot uh pfft rumble
POOL	11384	0.632096021	1,4,6,11,16	eh ho lil entente herbal
POOL	11385	0.632008122	6,9,16	ahold caught treble
POOL	11386	0.631990770	1,5,8,10,12,13,16	eh hole lott of ter uh bear
POOL	11387	0.631894436	5,9,11,16	foal lok that ripple
POOL	11388	0.631802076	1,5,6,9,11,16	uhh shone all sta that rubble
POOL	11389	0.631643591	6,9,16	ahold not rubble
POOL	11390	0.631492183	6,9,16	ahold not treble
POOL	11391	0.631452256	1,5,8,10,12,13,16	eh hole lat of ter uhh bare
POOL	11392	0.631444725	2,4,5,10,16	ass know law lotta travel
POOL	11393	0.631336764	6,9,16	ahold hot trumbull
POOL	11394	0.631295216	1,5,6,7,11,16	'cause -ful 'low ahh tut rubble
POOL	11395	0.631124737	6,9,16	ahold art stubble
POOL	11396	0.631098071	1,5,8,10,12,13,16	eh hole lotte of ter uhh bare
POOL	11397	0.631064230	1,5,9,12,13,16	uhh holds lotta true uhh peer
POOL	11398	0.630998319	1,5,6,7,11,16	'cause -ful 'low ah tut rubble
POOL	11399	0.630913814	1,6,9,11,16	are hole ata that ruble
POOL	11400	0.630879120	2,5,7,10,16	us know-all la dev treble
POOL	11401	0.630828441	2,4,5,10,16	ass know law lotta couple
POOL	11402	0.630824167	1,5,8,10,12,13,16	eh hole lott of ter uhh bare
POOL	11403	0.630734997	4,8,11,16	show lock love troubled
POOL	11404	0.630717490	1,4,9,11,16	uhh hose lotta that rommel
POOL	11405	0.630558808	1,5,8,10,12,13,16	eh hole lat of ter uh bare
POOL	11406	0.630464224	1,5,7,12,16	uhh old wa t'other -able
POOL	11407	0.630407084	6,11,16	ahold tut double
POOL	11408	0.630368556	6,11,16	ahold tut rabble
POOL	11409	0.630304234	6,11,16	ahold taft rebel
POOL	11410	0.630204623	1,5,8,10,12,13,16	eh hole lotte of ter uh bare
POOL	11411	0.630126732	6,11,16	hole entente no.
POOL	11412	0.630118221	6,11,16	ahold cunt double
POOL	11413	0.630079693	6,11,16	ahold cunt rabble
POOL	11414	0.630071837	1,5,8,10,12,13,16	eh hole lat of ter uhh bull
POOL	11415	0.630058875	2,4,5,10,16	ass know law lotta crumble
POOL	11416	0.629976065	1,5,8,10,12,13,16	eh hole lat of ter uhh bil
POOL	11417	0.629935637	3,5,9,11,16	who all rasa that rubble
POOL	11418	0.629930719	1,5,8,10,12,13,16	eh hole lott of ter uh bare
POOL	11419	0.629719166	6,11,16	ahold cuffed rebel
POOL	11420	0.629717652	1,5,8,10,12,13,16	eh hole lotte of ter uhh bull
POOL	11421	0.629694604	1,5,8,9,11,16	uhh hoo lat uhh that rubble
POOL	11422	0.629621880	1,5,8,10,12,13,16	eh hole lotte of ter uhh bil
POOL	11423	0.629620821	1,5,8,10,12,13,16	eh hole lat of ter uhh beer
POOL	11424	0.629556978	4,7,11,16	ahold lila cut -able
POOL	11425	0.629505034	2,4,5,10,16	ass know law lotta tribal
POOL	11426	0.629450391	1,5,8,10,12,14,16	eh hole lat of ter ob al
POOL	11427	0.629445952	6,11,16	ahold tut rumble
POOL	11428	0.629443748	1,5,8,10,12,13,16	eh hole lott of ter uhh bull
POOL	11429	0.629404587	2,5,8,11,12,16	meh ole lat at are addled
POOL	11430	0.629375076	6,11,16	hole entente herbal
POOL	11431	0.629347976	1,5,8,10,12,13,16	eh hole lott of ter uhh bil
POOL	11432	0.629346052	1,4,6,11,16	eh ho lil entente wobble
POOL	11433	0.629325015	1,4,8,9,11,16	uhh cope lat uhh stu rubble
POOL	11434	0.629279465	1,6,9,11,16	uhh hole otter that muddle
POOL	11435	0.629266636	1,5,8,10,12,13,16	eh hole lotte of ter uhh beer
POOL	11436	0.629246138	1,5,8,9,11,16	in. hole lat hah that rubble
POOL	11437	0.629180872	2,5,9,10,16	us old lotta new rumble
POOL	11438	0.629178389	1,5,8,10,12,13,16	eh hole lat of ter uh bull
POOL	11439	0.629157088	6,11,16	ahold cunt rumble
POOL	11440	0.629082617	1,5,8,10,12,13,16	eh hole lat of ter uh bil
POOL	11441	0.628992732	1,5,8,10,12,13,16	eh hole lott of ter uhh beer
POOL	11442	0.628824204	1,5,8,10,12,13,16	eh hole lotte of ter uh bull
POOL	11443	0.628729786	6,11,16	hole entente russell
POOL	11444	0.628728432	1,5,8,10,12,13,16	eh hole lotte of ter uh bil
POOL	11445	0.628727373	1,5,8,10,12,13,16	eh hole lat of ter uh beer
POOL	11446	0.628708846	1,4,6,11,16	eh ho lil entente russell
POOL	11447	0.628704174	1,5,8,10,12,13,16	eh hole lat of ter uhh del
POOL	11448	0.628586187	3,6,9,11,16	who all ata that lapel
POOL	11449	0.628550300	1,5,8,10,12,13,16	eh hole lott of ter uh bull
POOL	11450	0.628529941	1,6,9,11,16	uhh hoh ata that ruffle
POOL	11451	0.628506424	1,6,9,11,16	uhh hole ata ant revel
POOL	11452	0.628497213	2,4,5,10,16	ass know law rotten travel
POOL	11453	0.628484362	1,2,3,6,11,16	a shh ooh oral tut rub
POOL	11454	0.628454528	1,5,8,10,12,13,16	eh hole lott of ter uh bil
POOL	11455	0.628414402	1,5,9,11,12,16	uhh all clot that are -able
POOL	11456	0.628394554	2,4,5,10,16	ass know law lotta rebel
POOL	11457	0.628373188	1,5,8,10,12,13,16	eh hole lotte of ter uh beer
POOL	11458	0.628349989	1,5,8,10,12,13,16	eh hole lotte of ter uhh del
POOL	11459	0.628178557	2,3,5,10,16	ass new full lotta travel
POOL	11460	0.628116359	1,5,8,10,12,13,16	eh hole lat of ter uhh pal
POOL	11461	0.628101403	2,6,10,16	ass eau tuff herbal
POOL	11462	0.628099284	1,5,8,10,12,13,16	eh hole lott of ter uh beer
POOL	11463	0.628088844	1,5,8,10,12,13,16	eh hole lot of ter uhh bell
POOL	11464	0.628076085	1,5,8,10,12,13,16	eh hole lott of ter uhh del
POOL	11465	0.628051324	2,6,8,10,16	us only arts love treble
POOL	11466	0.627994689	1,4,6,11,16	eh ho lil entente rebels
POOL	11467	0.627956239	1,5,8,9,11,16	eh hole lot uhh pfft herbal
POOL	11468	0.627903246	1,4,6,11,16	eh ho lil entente bubble
POOL	11469	0.627874882	1,5,8,10,12,13,16	eh hole lat of ter uhh al
POOL	11470	0.627810750	1,5,8,10,12,13,16	eh hole lat of ter uhh baer
POOL	11471	0.627810726	1,5,8,10,12,13,16	eh hole lat of ter uh del
POOL	11472	0.627762174	1,5,8,10,12,13,16	eh hole lotte of ter uhh pal
POOL	11473	0.627749805	1,5,8,10,12,13,16	eh hole lat of ter uhh bar
POOL	11474	0.627524794	2,5,8,11,12,16	us ole lat at are abel
POOL	11475	0.627523200	1,4,8,12,16	uhh show allot ver -able
POOL	11476	0.627520697	1,5,8,10,12,13,16	eh hole lotte of ter uhh al
POOL	11477	0.627488270	1,5,8,10,12,13,16	eh hole lott of ter uhh pal
POOL	11478	0.627456565	1,5,8,10,12,13,16	eh hole lotte of ter uhh baer
POOL	11479	0.627456541	1,5,8,10,12,13,16	eh hole lotte of ter uh del
POOL	11480	0.627395620	1,5,8,10,12,13,16	eh hole lotte of ter uhh bar
POOL	11481	0.627333312	1,6,8,11,16	it hole got afoot rubble
POOL	11482	0.627281191	1,5,8,10,12,13,16	eh hole lat of ter uhh dull
POOL	11483	0.627271177	1,5,8,10,12,13,16	eh hole lat of ter uhh bol
POOL	11484	0.627253626	1,5,8,10,12,13,16	eh hole lat of ter uhh ball
POOL	11485	0.627246793	1,5,8,10,12,13,16	eh hole lott of ter uhh al
POOL	11486	0.627246012	1,5,8,10,12,13,16	eh hole lat of ter uhh beale
POOL	11487	0.627222911	1,5,8,10,12,13,16	eh hole lat of ter uh pal
POOL	11488	0.627195396	1,5,8,10,12,13,16	eh hole lot of ter uh bell
POOL	11489	0.627182661	1,5,8,10,12,13,16	eh hole lott of ter uhh baer
POOL	11490	0.627182637	1,5,8,10,12,13,16	eh hole lott of ter uh del
POOL	11491	0.627170184	2,4,5,10,16	ass know law lotta triple
POOL	11492	0.627121716	1,5,8,10,12,13,16	eh hole lott of ter uhh bar
POOL	11493	0.627114240	2,4,5,10,16	ass know law lotta rabble
POOL	11494	0.627111363	2,4,5,10,16	ass know law rotten crumble
POOL	11495	0.627085581	1,5,8,10,12,13,16	eh hole lot of ter uhh bill
POOL	11496	0.626981433	1,5,8,10,12,13,16	eh hole lat of ter uh al
POOL	11497	0.626927006	1,5,8,10,12,13,16	eh hole lotte of ter uhh dull
POOL	11498	0.626917302	1,5,8,10,12,13,16	eh hole lat of ter uh baer
POOL	11499	0.626916992	1,5,8,10,12,13,16	eh hole lotte of ter uhh bol
POOL	11500	0.626913883	1,5,8,9,11,16	eh hole lot uh pfft herbal
POOL	11501	0.626899441	1,5,8,10,12,13,16	eh hole lotte of ter uhh ball
POOL	11502	0.626893977	6,11,16	ahold tut robin
POOL	11503	0.626891827	1,5,8,10,12,13,16	eh hole lotte of ter uhh beale
POOL	11504	0.626868726	1,5,8,10,12,13,16	eh hole lotte of ter uh pal
POOL	11505	0.626856477	1,4,8,12,16	ian show lat ver -able
POOL	11506	0.626856357	1,5,8,10,12,13,16	eh hole lat of ter uh bar
POOL	11507	0.626852605	2,4,5,10,16	ass know well rotten treble
POOL	11508	0.626838209	2,6,7,10,16	us only a come treble
POOL	11509	0.626792707	2,3,5,10,16	ass new full lotta crumble
POOL	11510	0.626745354	1,5,8,10,12,13,16	eh hole lat of ter uhh beal
POOL	11511	0.626729267	2,4,5,10,16	ass know well rotten rubble
POOL	11512	0.626701213	4,5,9,11,16	show a lotta that rubble
POOL	11513	0.626678120	1,5,9,11,16	f hole lotta zip rubble
POOL	11514	0.626653102	1,5,8,10,12,13,16	eh hole lott of ter uhh dull
POOL	11515	0.626645764	1,5,8,10,12,13,16	eh hole lat of ter uhh dell
POOL	11516	0.626643088	1,5,8,10,12,13,16	eh hole lott of ter uhh bol
POOL	11517	0.626627248	1,5,8,10,12,13,16	eh hole lotte of ter uh al
POOL	11518	0.626625537	1,5,8,10,12,13,16	eh hole lott of ter uhh ball
POOL	11519	0.626617923	1,5,8,10,12,13,16	eh hole lott of ter uhh beale
POOL	11520	0.626605114	6,11,16	ahold cunt robin
POOL	11521	0.626594822	1,5,8,10,12,13,16	eh hole lott of ter uh pal
POOL	11522	0.626594274	1,5,8,9,11,16	eh hole lat uhh pfft trouble
POOL	11523	0.626563117	1,5,8,10,12,13,16	eh hole lotte of ter uh baer
POOL	11524	0.626557522	2,4,5,10,16	ass know law rotten tribal
POOL	11525	0.626543562	2,3,5,10,16	ass new well rotten treble
POOL	11526	0.626502172	1,5,8,10,12,13,16	eh hole lotte of ter uh bar
POOL	11527	0.626420224	2,3,5,10,16	ass new well rotten rubble
POOL	11528	0.626391169	1,5,8,10,12,13,16	eh hole lotte of ter uhh beal
POOL	11529	0.626387742	1,5,8,10,12,13,16	eh hole lat of ter uh dull
POOL	11530	0.626377729	1,5,8,10,12,13,16	eh hole lat of ter uh bol
POOL	11531	0.626360178	1,5,8,10,12,13,16	eh hole lat of ter uh ball
POOL	11532	0.626353344	1,5,8,10,12,13,16	eh hole lott of ter uh al
POOL	11533	0.626352564	1,5,8,10,12,13,16	eh hole lat of ter uh beale
POOL	11534	0.626291580	1,5,8,10,12,13,16	eh hole lotte of ter uhh dell
POOL	11535	0.626289213	1,5,8,10,12,13,16	eh hole lott of ter uh baer
POOL	11536	0.626277771	6,11,16	ahold taft double
POOL	11537	0.626239243	6,11,16	ahold taft rabble
POOL	11538	0.626238866	2,3,5,10,16	ass new full lotta tribal
POOL	11539	0.626231078	1,4,6,11,16	eh ho lil entente robben
POOL	11540	0.626228268	1,5,8,10,12,13,16	eh hole lott of ter uh bar
POOL	11541	0.626210689	1,5,8,10,12,14,16	eh hole lat of ter ob air
POOL	11542	0.626207046	1,4,6,11,16	eh ho lil entente ramble
POOL	11543	0.626192133	1,5,8,10,12,13,16	eh hole lot of ter uh bill
POOL	11544	0.626117265	1,5,8,10,12,13,16	eh hole lott of ter uhh beal
POOL	11545	0.626070083	1,5,8,10,12,13,16	eh hole lat of ter uhh belt
POOL	11546	0.626033557	1,5,8,10,12,13,16	eh hole lotte of ter uh dull
POOL	11547	0.626032501	1,5,8,10,12,13,16	eh hole lat of ter uhh biel
POOL	11548	0.626023544	1,5,8,10,12,13,16	eh hole lotte of ter uh bol
POOL	11549	0.626017676	1,5,8,10,12,13,16	eh hole lott of ter uhh dell
POOL	11550	0.626005993	1,5,8,10,12,13,16	eh hole lotte of ter uh ball
POOL	11551	0.625998379	1,5,8,10,12,13,16	eh hole lotte of ter uh beale
POOL	11552	0.625916704	1,5,8,10,12,13,16	eh hole lat of ter uhh dal
POOL	11553	0.625900148	1,4,7,10,16	uhh show libra come treble
POOL	11554	0.625895571	1,4,8,11,12,16	uhh au lat at are cobble
POOL	11555	0.625861503	1,5,8,9,11,16	eh hole lott uhh pfft trouble
POOL	11556	0.625857250	1,5,9,12,16	i. hole lotta true gobble
POOL	11557	0.625851906	1,5,8,10,12,13,16	eh hole lat of ter uh beal
POOL	11558	0.625817009	2,6,8,10,16	us only got ahn treble
POOL	11559	0.625759653	1,5,8,10,12,13,16	eh hole lott of ter uh dull
POOL	11560	0.625752316	1,5,8,10,12,13,16	eh hole lat of ter uh dell
POOL	11561	0.625749640	1,5,8,10,12,13,16	eh hole lott of ter uh bol
POOL	11562	0.625732089	1,5,8,10,12,13,16	eh hole lott of ter uh ball
POOL	11563	0.625724475	1,5,8,10,12,13,16	eh hole lott of ter uh beale
POOL	11564	0.625715898	1,5,8,10,12,13,16	eh hole lotte of ter uhh belt
POOL	11565	0.625711395	3,5,9,11,16	who tall lotta that waddle
POOL	11566	0.625692703	6,11,16	ahold cuffed double
POOL	11567	0.625678316	1,5,8,10,12,13,16	eh hole lotte of ter uhh biel
POOL	11568	0.625654175	6,11,16	ahold cuffed rabble
POOL	11569	0.625607619	1,4,9,12,16	ur homes lotta verne -able
POOL	11570	0.625562519	1,5,8,10,12,13,16	eh hole lotte of ter uhh dal
POOL	11571	0.625551917	1,5,8,9,11,16	eh hole lat uh pfft trouble
POOL	11572	0.625523914	1,4,9,10,16	add show lotta if treble
POOL	11573	0.625497721	1,5,8,10,12,13,16	eh hole lotte of ter uh beal
POOL	11574	0.625447042	2,4,5,10,16	ass know law rotten rebel
POOL	11575	0.625441994	1,5,8,10,12,13,16	eh hole lott of ter uhh belt
POOL	11576	0.625404412	1,5,8,10,12,13,16	eh hole lott of ter uhh biel
POOL	11577	0.625398131	1,5,8,10,12,13,16	eh hole lotte of ter uh dell
POOL	11578	0.625343898	1,5,8,10,12,13,16	eh hole lot of ter uhh belle
POOL	11579	0.625316639	6,11,16	ahold taft rumble
POOL	11580	0.625288615	1,5,8,10,12,13,16	eh hole lott of ter uhh dal
POOL	11581	0.625272015	1,4,6,11,16	eh ho lil entente apple
POOL	11582	0.625247239	1,5,8,10,12,13,16	eh hole lat of ter uhh built
POOL	11583	0.625238801	2,4,5,10,16	ass know law lotta publ
POOL	11584	0.625223817	1,5,8,10,12,13,16	eh hole lott of ter uh beal
POOL	11585	0.625223232	1,5,8,10,12,13,16	eh hole lat of ter uhh pell
POOL	11586	0.625206065	3,6,10,16	who all come troubles
POOL	11587	0.625187814	2,4,5,10,16	ass know law lotta rumble
POOL	11588	0.625176634	1,5,8,10,12,13,16	eh hole lat of ter uh belt
POOL	11589	0.625150885	5,9,11,16	hole locked that troubled
POOL	11590	0.625147801	1,4,6,11,16	eh ho lil entente ruble
POOL	11591	0.625139053	1,5,8,10,12,13,16	eh hole lat of ter uh biel
POOL	11592	0.625137155	1,5,8,10,12,14,16	eh hole lat of ter ob el
POOL	11593	0.625128386	2,3,5,10,16	ass new full lotta rebel
POOL	11594	0.625124227	1,5,8,10,12,13,16	eh hole lott of ter uh dell
POOL	11595	0.625120275	4,8,10,12,16	uh-huh lat ahh true -able
POOL	11596	0.625108937	2,4,5,10,16	ass know law lotta tumble
POOL	11597	0.625081298	1,5,8,10,12,13,16	eh hole lat of ter uhh bulk
POOL	11598	0.625064538	1,5,8,10,12,13,16	eh hole lat of ter uhh build
POOL	11599	0.625031197	1,5,8,10,12,14,16	eh hole lat of ter ob ill
POOL	11600	0.625023256	1,5,8,10,12,13,16	eh hole lat of ter uh dal
POOL	11601	0.624999984	1,4,6,11,16	eh ho lil entente treble
POOL	11602	0.624989963	1,5,8,10,12,13,16	eh hole lat of ter uhh ben
POOL	11603	0.624893054	1,5,8,10,12,13,16	eh hole lotte of ter uhh built
POOL	11604	0.624877134	1,7,12,16	aka hole t'other -able
POOL	11605	0.624869047	1,5,8,10,12,13,16	eh hole lotte of ter uhh pell
POOL	11606	0.624822449	1,5,8,10,12,13,16	eh hole lotte of ter uh belt
POOL	11607	0.624819147	1,5,8,9,11,16	eh hole lott uh pfft trouble
POOL	11608	0.624813460	1,5,8,10,12,13,16	eh hole lat of ter uhh ban
POOL	11609	0.624797681	6,11,16	ahold tut no.
POOL	11610	0.624784868	1,5,8,10,12,13,16	eh hole lotte of ter uh biel
POOL	11611	0.624766271	4,8,9,11,16	paso lat uhh that revel
POOL	11612	0.624731571	6,11,16	ahold cuffed rumble
POOL	11613	0.624727113	1,5,8,10,12,13,16	eh hole lotte of ter uhh bulk
POOL	11614	0.624710353	1,5,8,10,12,13,16	eh hole lotte of ter uhh build
POOL	11615	0.624674829	2,5,9,10,16	us old lotta na treble
POOL	11616	0.624669071	1,5,8,10,12,13,16	eh hole lotte of ter uh dal
POOL	11617	0.624635778	1,5,8,10,12,13,16	eh hole lotte of ter uhh ben
POOL	11618	0.624619150	1,5,8,10,12,13,16	eh hole lott of ter uhh built
POOL	11619	0.624595143	1,5,8,10,12,13,16	eh hole lott of ter uhh pell
POOL	11620	0.624548545	1,5,8,10,12,13,16	eh hole lott of ter uh belt
POOL	11621	0.624538427	1,5,8,10,12,14,16	eh hole lat of ter ob l
POOL	11622	0.624535163	1,5,8,10,12,14,16	eh hole lat of ter ob elle
POOL	11623	0.624510964	1,5,8,10,12,13,16	eh hole lott of ter uh biel
POOL	11624	0.624508817	6,11,16	ahold cunt no.
POOL	11625	0.624459275	1,5,8,10,12,13,16	eh hole lotte of ter uhh ban
POOL	11626	0.624453209	1,5,8,10,12,13,16	eh hole lott of ter uhh bulk
POOL	11627	0.624450449	1,5,8,10,12,13,16	eh hole lot of ter uh belle
POOL	11628	0.624436449	1,5,8,10,12,13,16	eh hole lott of ter uhh build
POOL	11629	0.624395167	1,5,8,10,12,13,16	eh hole lott of ter uh dal
POOL	11630	0.624361874	1,5,8,10,12,13,16	eh hole lott of ter uhh ben
POOL	11631	0.624353791	1,5,8,10,12,13,16	eh hole lat of ter uh built
POOL	11632	0.624346826	1,4,6,11,16	eh ho lil entente crumble
POOL	11633	0.624329784	1,5,8,10,12,13,16	eh hole lat of ter uh pell
POOL	11634	0.624329783	1,5,8,10,12,13,16	eh hole lat of ter uhh delle
POOL	11635	0.624317405	1,5,8,10,12,13,16	eh hole lat of ter uhh bells
POOL	11636	0.624315587	2,4,5,10,16	ass know law lotta tremble
POOL	11637	0.624310444	1,4,6,11,16	eh ho lil entente lovell
POOL	11638	0.624284348	1,5,8,10,12,13,16	eh hole lot of ter uhh bel
POOL	11639	0.624222672	2,4,5,10,16	ass know law rotten triple
POOL	11640	0.624206061	2,4,5,10,16	ass know well rotten trumbull
POOL	11641	0.624187849	1,5,8,10,12,13,16	eh hole lat of ter uh bulk
POOL	11642	0.624185371	1,5,8,10,12,13,16	eh hole lott of ter uhh ban
POOL	11643	0.624171089	1,5,8,10,12,13,16	eh hole lat of ter uh build
POOL	11644	0.624167067	1,5,8,10,12,13,16	eh hole lat of ter uhh pair
POOL	11645	0.624166728	2,4,5,10,16	ass know law rotten rabble
POOL	11646	0.624119778	1,2,3,6,11,16	a shh ooh oral cuffed rub
POOL	11647	0.624096514	1,5,8,10,12,13,16	eh hole lat of ter uh ben
POOL	11648	0.624046025	6,11,16	ahold tut herbal
POOL	11649	0.623999606	1,5,8,10,12,13,16	eh hole lotte of ter uh built
POOL	11650	0.623975599	1,5,8,10,12,13,16	eh hole lotte of ter uh pell
POOL	11651	0.623975598	1,5,8,10,12,13,16	eh hole lotte of ter uhh delle
POOL	11652	0.623970159	1,5,8,10,12,13,16	eh hole lat of ter uhh pill
POOL	11653	0.623963221	1,5,8,10,12,13,16	eh hole lotte of ter uhh bells
POOL	11654	0.623953138	1,5,8,10,12,13,16	eh hole lot of ter uhh bal
POOL	11655	0.623920011	1,5,8,10,12,13,16	eh hole lat of ter uh ban
POOL	11656	0.623904017	2,3,5,10,16	ass new full lotta triple
POOL	11657	0.623897018	2,3,5,10,16	ass new well rotten trumbull
POOL	11658	0.623848072	2,3,5,10,16	ass new full lotta rabble
POOL	11659	0.623846946	2,4,5,10,16	ass know law lotta truffle
POOL	11660	0.623833664	1,5,8,10,12,13,16	eh hole lotte of ter uh bulk
POOL	11661	0.623816904	1,5,8,10,12,13,16	eh hole lotte of ter uh build
POOL	11662	0.623812882	1,5,8,10,12,13,16	eh hole lotte of ter uhh pair
POOL	11663	0.623757161	6,11,16	ahold cunt herbal
POOL	11664	0.623751438	2,4,5,10,16	ass know law rotten trouble
POOL	11665	0.623742329	1,5,8,10,12,13,16	eh hole lotte of ter uh ben
POOL	11666	0.623729065	1,4,6,11,16	eh ho lil entente hubble
POOL	11667	0.623725702	1,5,8,10,12,13,16	eh hole lott of ter uh built
POOL	11668	0.623701695	1,5,8,10,12,13,16	eh hole lott of ter uh pell
POOL	11669	0.623701694	1,5,8,10,12,13,16	eh hole lott of ter uhh delle
POOL	11670	0.623689316	1,5,8,10,12,13,16	eh hole lott of ter uhh bells
POOL	11671	0.623615974	1,5,8,10,12,13,16	eh hole lotte of ter uhh pill
POOL	11672	0.623565826	1,5,8,10,12,13,16	eh hole lotte of ter uh ban
POOL	11673	0.623561646	1,5,8,10,12,13,16	eh hole lat of ter uhh el
POOL	11674	0.623559760	1,5,8,10,12,13,16	eh hole lott of ter uh bulk
POOL	11675	0.623543000	1,5,8,10,12,13,16	eh hole lott of ter uh build
POOL	11676	0.623538978	1,5,8,10,12,13,16	eh hole lott of ter uhh pair
POOL	11677	0.623490236	1,4,7,10,16	uhh hollow la come treble
POOL	11678	0.623468425	1,5,8,10,12,13,16	eh hole lott of ter uh ben
POOL	11679	0.623455688	1,5,8,10,12,13,16	eh hole lat of ter uhh ill
POOL	11680	0.623450344	1,5,8,10,12,13,16	eh hole lat of ter uhh bulb
POOL	11681	0.623436335	1,5,8,10,12,13,16	eh hole lat of ter uh delle
POOL	11682	0.623423957	1,5,8,10,12,13,16	eh hole lat of ter uh bells
POOL	11683	0.623419553	1,5,8,9,11,16	uhh cold block uhh that rubble
POOL	11684	0.623406146	1,5,8,10,12,14,16	eh hole lat of ter ob ell
POOL	11685	0.623400734	6,11,16	ahold tut russell
POOL	11686	0.623395761	1,4,6,11,16	eh ho lil entente russel
POOL	11687	0.623390900	1,5,8,10,12,13,16	eh hole lot of ter uh bel
POOL	11688	0.623342070	1,5,8,10,12,13,16	eh hole lott of ter uhh pill
POOL	11689	0.623291922	1,5,8,10,12,13,16	eh hole lott of ter uh ban
POOL	11690	0.623273619	1,5,8,10,12,13,16	eh hole lat of ter uh pair
POOL	11691	0.623207461	1,5,8,10,12,13,16	eh hole lotte of ter uhh el
POOL	11692	0.623111870	6,11,16	ahold cunt russell
POOL	11693	0.623101503	1,5,8,10,12,13,16	eh hole lotte of ter uhh ill
POOL	11694	0.623096159	1,5,8,10,12,13,16	eh hole lotte of ter uhh bulb
POOL	11695	0.623082150	1,5,8,10,12,13,16	eh hole lotte of ter uh delle
POOL	11696	0.623076710	1,5,8,10,12,13,16	eh hole lat of ter uh pill
POOL	11697	0.623069772	1,5,8,10,12,13,16	eh hole lotte of ter uh bells
POOL	11698	0.623059690	1,5,8,10,12,13,16	eh hole lot of ter uh bal
POOL	11699	0.622983104	1,4,6,11,16	eh ho lil entente ripple
POOL	11700	0.622982587	1,4,6,11,16	eh ho lil entente riddle
POOL	11701	0.622962918	1,5,8,10,12,13,16	eh hole lat of ter uhh l
POOL	11702	0.622959654	1,5,8,10,12,13,16	eh hole lat of ter uhh elle
POOL	11703	0.622933557	1,5,8,10,12,13,16	eh hole lott of ter uhh el
POOL	11704	0.622919434	1,5,8,10,12,13,16	eh hole lotte of ter uh pair
POOL	11705	0.622827599	1,5,8,10,12,13,16	eh hole lott of ter uhh ill
POOL	11706	0.622822255	1,5,8,10,12,13,16	eh hole lott of ter uhh bulb
POOL	11707	0.622808246	1,5,8,10,12,13,16	eh hole lott of ter uh delle
POOL	11708	0.622795868	1,5,8,10,12,13,16	eh hole lott of ter uh bells
POOL	11709	0.622764664	6,11,16	ahold taft robin
POOL	11710	0.622722525	1,5,8,10,12,13,16	eh hole lotte of ter uh pill
POOL	11711	0.622668197	1,5,8,10,12,13,16	eh hole lat of ter uh el
POOL	11712	0.622645530	1,5,8,10,12,13,16	eh hole lott of ter uh pair
POOL	11713	0.622624564	1,4,6,11,16	eh ho lil entente grumble
POOL	11714	0.622609616	1,5,8,10,12,13,16	eh hole lat of ter uhh bills
POOL	11715	0.622608733	1,5,8,10,12,13,16	eh hole lotte of ter uhh l
POOL	11716	0.622605469	1,5,8,10,12,13,16	eh hole lotte of ter uhh elle
POOL	11717	0.622577962	1,4,6,11,16	eh ho lil entente ruffle
POOL	11718	0.622562240	1,5,8,10,12,13,16	eh hole lat of ter uh ill
POOL	11719	0.622556896	1,5,8,10,12,13,16	eh hole lat of ter uh bulb
POOL	11720	0.622448621	1,5,8,10,12,13,16	eh hole lott of ter uh pill
POOL	11721	0.622434080	1,5,9,12,16	uhh hole lotta true saddle
POOL	11722	0.622404978	1,5,8,10,12,13,16	eh hole lat of ter uhh barr
POOL	11723	0.622359058	1,5,8,10,12,13,16	eh hole lot of ter uhh bear
POOL	11724	0.622357194	1,4,6,11,16	eh ho lil entente rustle
POOL	11725	0.622353439	1,4,6,11,16	eh ho lil entente trumbull
POOL	11726	0.622352407	2,5,9,10,16	us old allot new treble
POOL	11727	0.622334829	1,5,8,10,12,13,16	eh hole lott of ter uhh l
POOL	11728	0.622331565	1,5,8,10,12,13,16	eh hole lott of ter uhh elle
POOL	11729	0.622318020	1,4,8,9,16	uhh show u-lock uhh treble
POOL	11730	0.622314012	1,5,8,10,12,13,16	eh hole lotte of ter uh el
POOL	11731	0.622291289	2,4,5,10,16	ass know law rotten publ
POOL	11732	0.622255431	1,5,8,10,12,13,16	eh hole lotte of ter uhh bills
POOL	11733	0.622240302	2,4,5,10,16	ass know law rotten rumble
POOL	11734	0.622208055	1,5,8,10,12,13,16	eh hole lotte of ter uh ill
POOL	11735	0.622202711	1,5,8,10,12,13,16	eh hole lotte of ter uh bulb
POOL	11736	0.622199510	1,6,9,12,16	uhh whole ata true rebel
POOL	11737	0.622179596	6,11,16	ahold cuffed robin
POOL	11738	0.622161425	2,4,5,10,16	ass know law rotten tumble
POOL	11739	0.622092416	2,4,5,10,16	ass know law lotta dribble
POOL	11740	0.622069469	1,5,8,10,12,13,16	eh hole lat of ter uh l
POOL	11741	0.622066205	1,5,8,10,12,13,16	eh hole lat of ter uh elle
POOL	11742	0.622065635	1,4,6,11,16	eh ho lil entente rumba
POOL	11743	0.622050793	1,5,8,10,12,13,16	eh hole lotte of ter uhh barr
POOL	11744	0.622040108	1,5,8,10,12,13,16	eh hole lott of ter uh el
POOL	11745	0.621981527	1,5,8,10,12,13,16	eh hole lott of ter uhh bills
POOL	11746	0.621972633	2,3,5,10,16	ass new full lotta publ
POOL	11747	0.621951486	1,5,9,11,16	uhh hole lotta meat nibble
POOL	11748	0.621940508	3,5,8,11,16	esau all lat et rubble
POOL	11749	0.621937157	1,4,6,11,16	eh ho lil entente nibble
POOL	11750	0.621934151	1,5,8,10,12,13,16	eh hole lott of ter uh ill
POOL	11751	0.621928807	1,5,8,10,12,13,16	eh hole lott of ter uh bulb
POOL	11752	0.621921646	2,3,5,10,16	ass new full lotta rumble
POOL	11753	0.621878429	1,4,6,11,16	eh ho lil entente publ
POOL	11754	0.621849953	2,5,9,10,16	lash old lotta new treble
POOL	11755	0.621842770	2,3,5,10,16	ass new full lotta tumble
POOL	11756	0.621830637	1,5,8,10,12,13,16	eh hole lat of ter uhh ell
POOL	11757	0.621776889	1,5,8,10,12,13,16	eh hole lott of ter uhh barr
POOL	11758	0.621762593	1,4,6,11,16	eh ho lil entente verbal
POOL	11759	0.621716168	1,5,8,10,12,13,16	eh hole lat of ter uh bills
POOL	11760	0.621715284	1,5,8,10,12,13,16	eh hole lotte of ter uh l
POOL	11761	0.621712020	1,5,8,10,12,13,16	eh hole lotte of ter uh elle
POOL	11762	0.621613721	1,4,6,11,16	eh ho lil entente rattle
POOL	11763	0.621511530	1,5,8,10,12,13,16	eh hole lat of ter uh barr
POOL	11764	0.621476452	1,5,8,10,12,13,16	eh hole lotte of ter uhh ell
POOL	11765	0.621465610	1,5,8,10,12,13,16	eh hole lot of ter uh bear
POOL	11766	0.621441380	1,5,8,10,12,13,16	eh hole lott of ter uh l
POOL	11767	0.621438116	1,5,8,10,12,13,16	eh hole lott of ter uh elle
POOL	11768	0.621368075	2,4,5,10,16	ass know law rotten tremble
POOL	11769	0.621361983	1,5,8,10,12,13,16	eh hole lotte of ter uh bills
POOL	11770	0.621296678	1,5,8,10,12,13,16	eh hole lat of ter uhh dill
POOL	11771	0.621266865	2,4,5,10,16	ass know law lotta cobble
POOL	11772	0.621202548	1,5,8,10,12,13,16	eh hole lott of ter uhh ell
POOL	11773	0.621189226	1,5,8,10,12,13,16	eh hole lat of ter uhh belles
POOL	11774	0.621157345	1,5,8,10,12,13,16	eh hole lotte of ter uh barr
POOL	11775	0.621137299	1,4,6,11,16	eh ho lil entente rommel
POOL	11776	0.621117384	1,4,6,9,16	uhh cho yell ata treble
POOL	11777	0.621088079	1,5,8,10,12,13,16	eh hole lott of ter uh bills
POOL	11778	0.621049420	2,3,5,10,16	ass new full lotta tremble
POOL	11779	0.620977987	1,5,8,10,12,13,16	eh hole lat of ter uhh bun
POOL	11780	0.620967724	2,4,5,10,16	ass know law lotta cuddle
POOL	11781	0.620942493	1,5,8,10,12,13,16	eh hole lotte of ter uhh dill
POOL	11782	0.620937188	1,5,8,10,12,13,16	eh hole lat of ter uh ell
POOL	11783	0.620916338	2,5,8,11,16	us old lot yvette rubble
POOL	11784	0.620899433	2,4,5,10,16	ass know law rotten truffle
POOL	11785	0.620883441	1,5,8,10,12,13,16	eh hole lott of ter uh barr
POOL	11786	0.620835041	1,5,8,10,12,13,16	eh hole lotte of ter uhh belles
POOL	11787	0.620799254	1,5,8,10,12,13,16	eh hole lat of ter uhh bail
POOL	11788	0.620668589	1,5,8,10,12,13,16	eh hole lott of ter uhh dill
POOL	11789	0.620668367	6,11,16	ahold taft no.
POOL	11790	0.620627196	1,4,6,11,16	eh ho lil entente ravel
POOL	11791	0.620623803	1,5,8,10,12,13,16	eh hole lotte of ter uhh bun
POOL	11792	0.620593681	1,5,8,10,12,14,16	eh hole lat of ter ob e'er
POOL	11793	0.620583003	1,5,8,10,12,13,16	eh hole lotte of ter uh ell
POOL	11794	0.620580778	2,3,5,10,16	ass new full lotta truffle
POOL	11795	0.620561137	1,5,8,10,12,13,16	eh hole lott of ter uhh belles
POOL	11796	0.620540321	1,5,8,10,12,13,16	eh hole lat of ter uhh pil
POOL	11797	0.620445069	1,5,8,10,12,13,16	eh hole lotte of ter uhh bail
POOL	11798	0.620403230	1,5,8,10,12,13,16	eh hole lat of ter uh dill
POOL	11799	0.620349899	1,5,8,10,12,13,16	eh hole lott of ter uhh bun
POOL	11800	0.620309099	1,5,8,10,12,13,16	eh hole lott of ter uh ell
POOL	11801	0.620299007	1,5,8,10,12,13,16	eh hole lot of ter uhh bare
POOL	11802	0.620295778	1,5,8,10,12,13,16	eh hole lat of ter uh belles
POOL	11803	0.620267812	1,5,8,10,12,13,16	eh hole lat of ter uhh boil
POOL	11804	0.620237998	2,4,5,10,16	ass know law rotten stubble
POOL	11805	0.620186136	1,5,8,10,12,13,16	eh hole lotte of ter uhh pil
POOL	11806	0.620171165	1,5,8,10,12,13,16	eh hole lott of ter uhh bail
POOL	11807	0.620163574	1,4,6,11,16	eh ho lil entente muddle
POOL	11808	0.620152776	1,4,6,11,16	eh ho lil entente libel
POOL	11809	0.620113508	1,5,8,10,12,14,16	eh hole lat of ter ob il
POOL	11810	0.620087217	1,4,6,11,16	eh ho lil entente nuttall
POOL	11811	0.620084539	1,5,8,10,12,13,16	eh hole lat of ter uh bun
POOL	11812	0.620083300	6,11,16	ahold cuffed no.
POOL	11813	0.620077431	2,4,5,10,16	ass know law lotta scrabble
POOL	11814	0.620056969	1,4,8,11,12,16	in. show lots at are -able
POOL	11815	0.620053068	1,5,9,11,16	uhh hole ata that ruffle
POOL	11816	0.620049045	1,5,8,10,12,13,16	eh hole lotte of ter uh dill
POOL	11817	0.619947857	2,4,5,10,16	ass know law lotta herbal
POOL	11818	0.619941593	1,5,8,10,12,13,16	eh hole lotte of ter uh belles
POOL	11819	0.619931376	1,5,8,10,12,13,16	eh hole lat of ter uhh pear
POOL	11820	0.619916711	6,11,16	ahold taft herbal
POOL	11821	0.619913627	1,5,8,10,12,13,16	eh hole lotte of ter uhh boil
POOL	11822	0.619912232	1,5,8,10,12,13,16	eh hole lott of ter uhh pil
POOL	11823	0.619905805	1,5,8,10,12,13,16	eh hole lat of ter uh bail
POOL	11824	0.619826400	1,5,7,9,16	ala hole la tour treble
POOL	11825	0.619775141	1,5,8,10,12,13,16	eh hole lott of ter uh dill
POOL	11826	0.619770430	2,4,5,10,16	ass know law lotta topple
POOL	11827	0.619748439	1,5,8,10,12,13,16	eh hole lat of ter uhh benn
POOL	11828	0.619730354	1,5,8,10,12,13,16	eh hole lotte of ter uh bun
POOL	11829	0.619722196	1,4,6,11,16	eh ho lil entente randall
POOL	11830	0.619667689	1,5,8,10,12,13,16	eh hole lott of ter uh belles
POOL	11831	0.619646873	1,5,8,10,12,13,16	eh hole lat of ter uh pil
POOL	11832	0.619639723	1,5,8,10,12,13,16	eh hole lott of ter uhh boil
POOL	11833	0.619630742	1,4,9,11,16	ad toe lotta tue rubble
POOL	11834	0.619618208	1,5,8,10,12,13,16	eh hole lat of ter uhh bale
POOL	11835	0.619601082	1,5,8,9,11,16	uhh hole drop dull that rubble
POOL	11836	0.619598909	1,5,8,10,12,14,16	eh hole lat of ter ob heir
POOL	11837	0.619577191	1,5,8,10,12,13,16	eh hole lotte of ter uhh pear
POOL	11838	0.619560914	1,5,8,10,12,13,16	eh hole lat of ter uhh billed
POOL	11839	0.619551620	1,5,8,10,12,13,16	eh hole lotte of ter uh bail
POOL	11840	0.619476801	1,4,9,12,16	uhh eau lotta true abel
POOL	11841	0.619456450	1,5,8,10,12,13,16	eh hole lott of ter uh bun
POOL	11842	0.619432152	1,5,9,12,16	uhh hone mata true -able
POOL	11843	0.619425457	6,8,12,16	hole got ver trouble
POOL	11844	0.619422516	5,8,9,11,16	uphold lat i that rubble
POOL	11845	0.619405559	1,5,8,10,12,13,16	eh hole lot of ter uh bare
POOL	11846	0.619394254	1,5,8,10,12,13,16	eh hole lotte of ter uhh benn
POOL	11847	0.619374364	1,5,8,10,12,13,16	eh hole lat of ter uh boil
POOL	11848	0.619362790	1,5,8,10,12,13,16	eh hole lat of ter uhh boyle
POOL	11849	0.619331644	6,11,16	ahold cuffed herbal
POOL	11850	0.619309196	1,5,8,10,12,13,16	eh hole lat of ter uhh bahn
POOL	11851	0.619303287	1,5,8,10,12,13,16	eh hole lott of ter uhh pear
POOL	11852	0.619292688	1,5,8,10,12,13,16	eh hole lotte of ter uh pil
POOL	11853	0.619277716	1,5,8,10,12,13,16	eh hole lott of ter uh bail
POOL	11854	0.619271421	6,11,16	ahold taft russell
POOL	11855	0.619264023	1,5,8,10,12,13,16	eh hole lotte of ter uhh bale
POOL	11856	0.619206729	1,5,8,10,12,13,16	eh hole lotte of ter uhh billed
POOL	11857	0.619144904	2,4,5,10,16	ass know law rotten dribble
POOL	11858	0.619120350	1,5,8,10,12,13,16	eh hole lott of ter uhh benn
POOL	11859	0.619089267	1,4,6,11,16	eh ho lil entente revel
POOL	11860	0.619037928	1,5,8,10,12,13,16	eh hole lat of ter uh pear
POOL	11861	0.619020179	1,5,8,10,12,13,16	eh hole lotte of ter uh boil
POOL	11862	0.619018784	1,5,8,10,12,13,16	eh hole lott of ter uh pil
POOL	11863	0.619008605	1,5,8,10,12,13,16	eh hole lotte of ter uhh boyle
POOL	11864	0.618990119	1,5,8,10,12,13,16	eh hole lott of ter uhh bale
POOL	11865	0.618955011	1,5,8,10,12,13,16	eh hole lotte of ter uhh bahn
POOL	11866	0.618951975	2,5,8,11,12,16	us foal lat at are huddle
POOL	11867	0.618932825	1,5,8,10,12,13,16	eh hole lott of ter uhh billed
POOL	11868	0.618918588	1,5,8,10,12,13,16	eh hole lot of ter uhh bull
POOL	11869	0.618897059	3,5,8,11,16	adieu al lat love rubble
POOL	11870	0.618865038	1,4,6,11,16	eh ho lil entente radha
POOL	11871	0.618854991	1,5,8,10,12,13,16	eh hole lat of ter uh benn
POOL	11872	0.618826249	2,3,5,10,16	ass new full lotta dribble
POOL	11873	0.618822816	1,5,8,10,12,13,16	eh hole lot of ter uhh bil
POOL	11874	0.618802072	1,4,6,9,16	be whole lol ata treble
POOL	11875	0.618768061	1,5,8,10,12,13,16	eh hole lat of ter uhh bile
POOL	11876	0.618746275	1,5,8,10,12,13,16	eh hole lott of ter uh boil
POOL	11877	0.618734701	1,5,8,10,12,13,16	eh hole lott of ter uhh boyle
POOL	11878	0.618724759	1,5,8,10,12,13,16	eh hole lat of ter uh bale
POOL	11879	0.618686353	6,11,16	ahold cuffed russell
POOL	11880	0.618683743	1,5,8,10,12,13,16	eh hole lotte of ter uh pear
POOL	11881	0.618681107	1,5,8,10,12,13,16	eh hole lott of ter uhh bahn
POOL	11882	0.618667466	1,5,8,10,12,13,16	eh hole lat of ter uh billed
POOL	11883	0.618615580	1,4,6,11,16	eh ho lil entente dribble
POOL	11884	0.618546924	1,4,6,11,16	eh ho lil entente rada
POOL	11885	0.618537999	1,5,8,10,12,13,16	eh hole lat of ter uhh il
POOL	11886	0.618500806	1,5,8,10,12,13,16	eh hole lotte of ter uh benn
POOL	11887	0.618477002	1,4,6,11,16	eh ho lil entente nadal
POOL	11888	0.618469342	1,5,8,10,12,13,16	eh hole lat of ter uh boyle
POOL	11889	0.618467572	1,5,8,10,12,13,16	eh hole lot of ter uhh beer
POOL	11890	0.618415748	1,5,8,10,12,13,16	eh hole lat of ter uh bahn
POOL	11891	0.618413876	1,5,8,10,12,13,16	eh hole lotte of ter uhh bile
POOL	11892	0.618409839	1,5,8,10,12,13,16	eh hole lott of ter uh pear
POOL	11893	0.618403678	1,4,6,11,16	eh ho lil entente waddle
POOL	11894	0.618395770	1,5,8,10,12,14,16	eh hole lat of ter ob earl
POOL	11895	0.618389256	5,9,12,16	keyhole lotta tore -able
POOL	11896	0.618370574	1,5,8,10,12,13,16	eh hole lotte of ter uh bale
POOL	11897	0.618319352	2,4,5,10,16	ass know law rotten cobble
POOL	11898	0.618313281	1,5,8,10,12,13,16	eh hole lotte of ter uh billed
POOL	11899	0.618297142	1,5,8,10,12,14,16	eh hole lot of ter ob al
POOL	11900	0.618242795	1,4,6,11,16	eh ho lil entente lapel
POOL	11901	0.618226902	1,5,8,10,12,13,16	eh hole lott of ter uh benn
POOL	11902	0.618209899	1,5,8,10,12,13,16	eh hole lat of ter uhh pare
POOL	11903	0.618183814	1,5,8,10,12,13,16	eh hole lotte of ter uhh il
POOL	11904	0.618179610	1,5,8,10,12,14,16	eh hole lat of ter ob err
POOL	11905	0.618161738	1,5,8,10,12,13,16	eh hole lat of ter uhh brill
POOL	11906	0.618139972	1,5,8,10,12,13,16	eh hole lott of ter uhh bile
POOL	11907	0.618122726	1,5,8,9,11,16	uhh haute lat uhh sit rubble
POOL	11908	0.618118784	2,4,5,10,16	ass know law lotta trimble
POOL	11909	0.618115157	1,5,8,10,12,13,16	eh hole lotte of ter uh boyle
POOL	11910	0.618096670	1,5,8,10,12,13,16	eh hole lott of ter uh bale
POOL	11911	0.618061563	1,5,8,10,12,13,16	eh hole lotte of ter uh bahn
POOL	11912	0.618039377	1,5,8,10,12,13,16	eh hole lott of ter uh billed
POOL	11913	0.618025140	1,5,8,10,12,13,16	eh hole lot of ter uh bull
POOL	11914	0.618000697	2,3,5,10,16	ass new full lotta cobble
POOL	11915	0.617929368	1,5,8,10,12,13,16	eh hole lot of ter uh bil
POOL	11916	0.617909910	1,5,8,10,12,13,16	eh hole lott of ter uhh il
POOL	11917	0.617907347	1,5,8,10,12,13,16	eh hole lat of ter uhh pall
POOL	11918	0.617874612	1,5,8,10,12,13,16	eh hole lat of ter uh bile
POOL	11919	0.617855714	1,5,8,10,12,13,16	eh hole lotte of ter uhh pare
POOL	11920	0.617841253	1,5,8,10,12,13,16	eh hole lott of ter uh boyle
POOL	11921	0.617807553	1,5,8,10,12,13,16	eh hole lotte of ter uhh brill
POOL	11922	0.617788411	1,4,6,11,16	eh ho lil entente grapple
POOL	11923	0.617787659	1,5,8,10,12,13,16	eh hole lott of ter uh bahn
POOL	11924	0.617672391	2,5,9,10,16	us tone lotta new treble
POOL	11925	0.617644550	1,5,8,10,12,13,16	eh hole lat of ter uh il
POOL	11926	0.617581810	1,5,8,10,12,13,16	eh hole lott of ter uhh pare
POOL	11927	0.617574124	1,5,8,10,12,13,16	eh hole lot of ter uh beer
POOL	11928	0.617555961	1,4,6,11,16	eh ho lil entente mumble
POOL	11929	0.617553162	1,5,8,10,12,13,16	eh hole lotte of ter uhh pall
POOL	11930	0.617550925	1,5,8,10,12,13,16	eh hole lot of ter uhh del
POOL	11931	0.617533649	1,5,8,10,12,13,16	eh hole lott of ter uhh brill
POOL	11932	0.617530678	1,5,8,10,12,14,16	eh hole lat of ter ob ere
POOL	11933	0.617520427	1,5,8,10,12,13,16	eh hole lotte of ter uh bile
POOL	11934	0.617507358	1,5,8,10,12,14,16	eh hole lat of ter ob eyre
POOL	11935	0.617327794	5,8,9,12,16	ecole rut y'are true -able
POOL	11936	0.617316451	1,5,8,10,12,13,16	eh hole lat of ter uh pare
POOL	11937	0.617313761	2,6,8,10,16	ang ola got love treble
POOL	11938	0.617290365	1,5,8,10,12,13,16	eh hole lotte of ter uh il
POOL	11939	0.617279258	1,5,8,10,12,13,16	eh hole lott of ter uhh pall
POOL	11940	0.617268289	1,5,8,10,12,13,16	eh hole lat of ter uh brill
POOL	11941	0.617246523	1,5,8,10,12,13,16	eh hole lott of ter uh bile
POOL	11942	0.617160968	1,5,8,10,12,13,16	eh hole lat of ter uhh bild
POOL	11943	0.617109222	2,4,5,10,16	ass know law lotta trample
POOL	11944	0.617051705	1,4,6,11,16	eh ho lil entente lubbock
POOL	11945	0.617029736	1,4,6,11,16	eh ho lil entente randle
POOL	11946	0.617016461	1,5,8,10,12,13,16	eh hole lott of ter uh il
POOL	11947	0.617013899	1,5,8,10,12,13,16	eh hole lat of ter uh pall
POOL	11948	0.616999385	1,5,8,10,12,13,16	eh hole lat of ter uhh bui
POOL	11949	0.616963110	1,5,8,10,12,13,16	eh hole lot of ter uhh pal
POOL	11950	0.616962266	1,5,8,10,12,13,16	eh hole lotte of ter uh pare
POOL	11951	0.616914104	1,5,8,10,12,13,16	eh hole lotte of ter uh brill
POOL	11952	0.616811263	2,3,5,10,16	ass new full lotta scrabble
POOL	11953	0.616806783	1,5,8,10,12,13,16	eh hole lotte of ter uhh bild
POOL	11954	0.616801004	2,4,5,10,16	ass know law lotta straddle
POOL	11955	0.616773182	1,5,8,10,12,14,16	eh hole lat of ter ob ahl
POOL	11956	0.616721633	1,5,8,10,12,13,16	eh hole lot of ter uhh al
POOL	11957	0.616688362	1,5,8,10,12,13,16	eh hole lott of ter uh pare
POOL	11958	0.616659714	1,5,8,10,12,13,16	eh hole lotte of ter uh pall
POOL	11959	0.616657501	1,5,8,10,12,13,16	eh hole lot of ter uhh baer
POOL	11960	0.616657476	1,5,8,10,12,13,16	eh hole lot of ter uh del
POOL	11961	0.616656731	2,4,5,10,16	ass know law lotta dabble
POOL	11962	0.616645200	1,5,8,10,12,13,16	eh hole lotte of ter uhh bui
POOL	11963	0.616640200	1,5,8,10,12,13,16	eh hole lott of ter uh brill
POOL	11964	0.616596556	1,5,8,10,12,13,16	eh hole lot of ter uhh bar
POOL	11965	0.616537091	1,5,8,10,12,14,16	eh hole lat of ter ob aer
POOL	11966	0.616532879	1,5,8,10,12,13,16	eh hole lott of ter uhh bild
POOL	11967	0.616504262	2,3,5,10,16	ass new full lotta topple
POOL	11968	0.616416861	1,5,8,10,12,14,16	eh hole lat of ter ob eel
POOL	11969	0.616413618	2,4,5,10,16	ass know law lotta trodden
POOL	11970	0.616385810	1,5,8,10,12,13,16	eh hole lott of ter uh pall
POOL	11971	0.616371296	1,5,8,10,12,13,16	eh hole lott of ter uhh bui
POOL	11972	0.616267519	1,5,8,10,12,13,16	eh hole lat of ter uh bild
POOL	11973	0.616172711	1,4,6,11,16	eh ho lil entente randal
POOL	11974	0.616127941	1,5,8,10,12,13,16	eh hole lot of ter uhh dull
POOL	11975	0.616117928	1,5,8,10,12,13,16	eh hole lot of ter uhh bol
POOL	11976	0.616105936	1,5,8,10,12,13,16	eh hole lat of ter uh bui
POOL	11977	0.616100377	1,5,8,10,12,13,16	eh hole lot of ter uhh ball
POOL	11978	0.616092763	1,5,8,10,12,13,16	eh hole lot of ter uhh beale
POOL	11979	0.616069662	1,5,8,10,12,13,16	eh hole lot of ter uh pal
POOL	11980	0.615913334	1,5,8,10,12,13,16	eh hole lotte of ter uh bild
POOL	11981	0.615828184	1,5,8,10,12,13,16	eh hole lot of ter uh al
POOL	11982	0.615804548	3,5,9,11,16	who all lotta that trouble
POOL	11983	0.615764052	1,5,8,10,12,13,16	eh hole lot of ter uh baer
POOL	11984	0.615754772	4,8,11,16	show lock nut troubles
POOL	11985	0.615751751	1,5,8,10,12,13,16	eh hole lotte of ter uh bui
POOL	11986	0.615703107	1,5,8,10,12,13,16	eh hole lot of ter uh bar
POOL	11987	0.615699735	2,4,5,10,16	ass know well rotten trouble
POOL	11988	0.615639430	1,5,8,10,12,13,16	eh hole lott of ter uh bild
POOL	11989	0.615637007	1,4,9,10,16	uhh show lotta uhh treble
POOL	11990	0.615592105	1,5,8,10,12,13,16	eh hole lot of ter uhh beal
POOL	11991	0.615492515	1,5,8,10,12,13,16	eh hole lot of ter uhh dell
POOL	11992	0.615477847	1,5,8,10,12,13,16	eh hole lott of ter uh bui
POOL	11993	0.615390692	2,3,5,10,16	ass new well rotten trouble
POOL	11994	0.615259055	1,5,8,10,12,14,16	eh hole lat of ter ob earle
POOL	11995	0.615234493	1,5,8,10,12,13,16	eh hole lot of ter uh dull
POOL	11996	0.615228256	1,5,8,9,11,16	uhh bowl lat uhh that robben
POOL	11997	0.615224480	1,5,8,10,12,13,16	eh hole lot of ter uh bol
POOL	11998	0.615206929	1,5,8,10,12,13,16	eh hole lot of ter uh ball
POOL	11999	0.615199315	1,5,8,10,12,13,16	eh hole lot of ter uh beale
POOL	12000	0.615085557	1,4,8,11,16	aca show lat rust rubble
POOL	12001	0.615057439	1,5,8,10,12,14,16	eh hole lot of ter ob air
POOL	12002	0.614916834	1,5,8,10,12,13,16	eh hole lot of ter uhh belt
POOL	12003	0.614879252	1,5,8,10,12,13,16	eh hole lot of ter uhh biel
POOL	12004	0.614763455	1,5,8,10,12,13,16	eh hole lot of ter uhh dal
POOL	12005	0.614698657	1,5,8,10,12,13,16	eh hole lot of ter uh beal
POOL	12006	0.614599067	1,5,8,10,12,13,16	eh hole lot of ter uh dell
POOL	12007	0.614473120	6,11,16	whole entente -able
POOL	12008	0.614445995	5,8,9,11,16	hola lat uhh that rustle
POOL	12009	0.614093990	1,5,8,10,12,13,16	eh hole lot of ter uhh built
POOL	12010	0.614069983	1,5,8,10,12,13,16	eh hole lot of ter uhh pell
POOL	12011	0.614023385	1,5,8,10,12,13,16	eh hole lot of ter uh belt
POOL	12012	0.613985803	1,5,8,10,12,13,16	eh hole lot of ter uh biel
POOL	12013	0.613983906	1,5,8,10,12,14,16	eh hole lot of ter ob el
POOL	12014	0.613928048	1,5,8,10,12,13,16	eh hole lot of ter uhh bulk
POOL	12015	0.613911288	1,5,8,10,12,13,16	eh hole lot of ter uhh build
POOL	12016	0.613877948	1,5,8,10,12,14,16	eh hole lot of ter ob ill
POOL	12017	0.613870006	1,5,8,10,12,13,16	eh hole lot of ter uh dal
POOL	12018	0.613847114	1,4,6,11,16	eh ho lil entente trouble
POOL	12019	0.613836713	1,5,8,10,12,13,16	eh hole lot of ter uhh ben
POOL	12020	0.613660210	1,5,8,10,12,13,16	eh hole lot of ter uhh ban
POOL	12021	0.613582150	1,5,8,9,11,16	eh hole lot uhh pfft trouble
POOL	12022	0.613529910	1,5,8,9,11,16	in. hoyle lat uhh that rubble
POOL	12023	0.613385177	1,5,8,10,12,14,16	eh hole lot of ter ob l
POOL	12024	0.613381914	1,5,8,10,12,14,16	eh hole lot of ter ob elle
POOL	12025	0.613236997	1,5,8,10,12,13,16	eh hole lat of ter uhh dare
POOL	12026	0.613200542	1,5,8,10,12,13,16	eh hole lot of ter uh built
POOL	12027	0.613176535	1,5,8,10,12,13,16	eh hole lot of ter uh pell
POOL	12028	0.613176534	1,5,8,10,12,13,16	eh hole lot of ter uhh delle
POOL	12029	0.613164156	1,5,8,10,12,13,16	eh hole lot of ter uhh bells
POOL	12030	0.613034600	1,5,8,10,12,13,16	eh hole lot of ter uh bulk
POOL	12031	0.613017840	1,5,8,10,12,13,16	eh hole lot of ter uh build
POOL	12032	0.613013818	1,5,8,10,12,13,16	eh hole lot of ter uhh pair
POOL	12033	0.612943265	1,5,8,10,12,13,16	eh hole lot of ter uh ben
POOL	12034	0.612882812	1,5,8,10,12,13,16	eh hole lotte of ter uhh dare
POOL	12035	0.612816909	1,5,8,10,12,13,16	eh hole lot of ter uhh pill
POOL	12036	0.612810989	5,8,11,12,16	hola lat love air doubled
POOL	12037	0.612776176	1,5,7,9,16	mia hole ross' come treble
POOL	12038	0.612766762	1,5,8,10,12,13,16	eh hole lot of ter uh ban
POOL	12039	0.612760529	1,5,8,10,12,16	eh hole lat of ter -able
POOL	12040	0.612608908	1,5,8,10,12,13,16	eh hole lott of ter uhh dare
POOL	12041	0.612539793	1,5,8,9,11,16	eh hole lot uh pfft trouble
POOL	12042	0.612416793	4,9,13,16	uh-oh lotta intra ball
POOL	12043	0.612408397	1,5,8,10,12,13,16	eh hole lot of ter uhh el
POOL	12044	0.612347313	1,5,8,10,12,16	eh hole lotte of ter -able
POOL	12045	0.612343549	1,5,8,10,12,13,16	eh hole lat of ter uh dare
POOL	12046	0.612302439	1,5,8,10,12,13,16	eh hole lot of ter uhh ill
POOL	12047	0.612297095	1,5,8,10,12,13,16	eh hole lot of ter uhh bulb
POOL	12048	0.612283086	1,5,8,10,12,13,16	eh hole lot of ter uh delle
POOL	12049	0.612270708	1,5,8,10,12,13,16	eh hole lot of ter uh bells
POOL	12050	0.612252897	1,5,8,10,12,14,16	eh hole lot of ter ob ell
POOL	12051	0.612120370	1,5,8,10,12,13,16	eh hole lot of ter uh pair
POOL	12052	0.612096022	1,4,9,10,16	uhh show lotta new trodden
POOL	12053	0.612078112	1,5,7,12,16	uhh hole la t'other trouble
POOL	12054	0.612027758	1,5,8,10,12,16	eh hole lott of ter -able
POOL	12055	0.611989364	1,5,8,10,12,13,16	eh hole lotte of ter uh dare
POOL	12056	0.611923461	1,5,8,10,12,13,16	eh hole lot of ter uh pill
POOL	12057	0.611867830	2,5,9,10,16	us old lotta tha straddle
POOL	12058	0.611809668	1,5,8,10,12,13,16	eh hole lot of ter uhh l
POOL	12059	0.611806404	1,5,8,10,12,13,16	eh hole lot of ter uhh elle
POOL	12060	0.611715460	1,5,8,10,12,13,16	eh hole lott of ter uh dare
POOL	12061	0.611650553	2,5,7,10,16	us oakley rod come treble
POOL	12062	0.611514948	1,5,8,10,12,13,16	eh hole lot of ter uh el
POOL	12063	0.611484774	2,4,5,8,16	ass know law alot trouble
POOL	12064	0.611456367	1,5,8,10,12,13,16	eh hole lot of ter uhh bills
POOL	12065	0.611408991	1,5,8,10,12,13,16	eh hole lot of ter uh ill
POOL	12066	0.611406581	2,5,9,10,16	us kohl lotta mmm treble
POOL	12067	0.611403647	1,5,8,10,12,13,16	eh hole lot of ter uh bulb
POOL	12068	0.611345342	4,9,10,16	tahoe lotta new -able
POOL	12069	0.611251729	1,5,8,10,12,13,16	eh hole lot of ter uhh barr
POOL	12070	0.611119145	2,3,4,9,11,14,16	a a a lot pfft rub al
POOL	12071	0.610916220	1,5,8,10,12,13,16	eh hole lot of ter uh l
POOL	12072	0.610912956	1,5,8,10,12,13,16	eh hole lot of ter uh elle
POOL	12073	0.610875875	1,5,8,9,11,16	uhh wool lat what that rubble
POOL	12074	0.610677388	1,5,8,10,12,13,16	eh hole lot of ter uhh ell
POOL	12075	0.610562919	1,5,8,10,12,13,16	eh hole lot of ter uh bills
POOL	12076	0.610460602	1,5,9,12,16	uhh hole rata true model
POOL	12077	0.610358281	1,5,8,10,12,13,16	eh hole lot of ter uh barr
POOL	12078	0.610143429	1,5,8,10,12,13,16	eh hole lot of ter uhh dill
POOL	12079	0.610035977	1,5,8,10,12,13,16	eh hole lot of ter uhh belles
POOL	12080	0.609824738	1,5,8,10,12,13,16	eh hole lot of ter uhh bun
POOL	12081	0.609783939	1,5,8,10,12,13,16	eh hole lot of ter uh ell
POOL	12082	0.609646004	1,5,8,10,12,13,16	eh hole lot of ter uhh bail
POOL	12083	0.609440432	1,5,8,10,12,14,16	eh hole lot of ter ob e'er
POOL	12084	0.609387072	1,5,8,10,12,13,16	eh hole lot of ter uhh pil
POOL	12085	0.609249981	1,5,8,10,12,13,16	eh hole lot of ter uh dill
POOL	12086	0.609237079	1,4,9,10,16	uhh show lotta v scrabble
POOL	12087	0.609142529	1,5,8,10,12,13,16	eh hole lot of ter uh belles
POOL	12088	0.609114563	1,5,8,10,12,13,16	eh hole lot of ter uhh boil
POOL	12089	0.609107630	1,4,9,10,16	is show lotta ease rabble
POOL	12090	0.608996149	1,4,8,11,16	ian holes lat love rubble
POOL	12091	0.608960259	1,5,8,10,12,14,16	eh hole lot of ter ob il
POOL	12092	0.608931290	1,5,8,10,12,13,16	eh hole lot of ter uh bun
POOL	12093	0.608778127	1,5,8,10,12,13,16	eh hole lot of ter uhh pear
POOL	12094	0.608752556	1,5,8,10,12,13,16	eh hole lot of ter uh bail
POOL	12095	0.608595190	1,5,8,10,12,13,16	eh hole lot of ter uhh benn
POOL	12096	0.608493624	1,5,8,10,12,13,16	eh hole lot of ter uh pil
POOL	12097	0.608464958	1,5,8,10,12,13,16	eh hole lot of ter uhh bale
POOL	12098	0.608445660	1,5,8,10,12,14,16	eh hole lot of ter ob heir
POOL	12099	0.608407665	1,5,8,10,12,13,16	eh hole lot of ter uhh billed
POOL	12100	0.608221115	1,5,8,10,12,13,16	eh hole lot of ter uh boil
POOL	12101	0.608218607	2,3,5,8,16	ass new full alot trouble
POOL	12102	0.608209541	1,5,8,10,12,13,16	eh hole lot of ter uhh boyle
POOL	12103	0.608189800	1,5,9,11,16	uhh pole lotta that treble
POOL	12104	0.608155947	1,5,8,10,12,13,16	eh hole lot of ter uhh bahn
POOL	12105	0.608098428	1,5,9,12,16	uhh holi lotta true bull
POOL	12106	0.608038912	2,4,8,10,16	us oh allot if treble
POOL	12107	0.607884679	1,5,8,10,12,13,16	eh hole lot of ter uh pear
POOL	12108	0.607701742	1,5,8,10,12,13,16	eh hole lot of ter uh benn
POOL	12109	0.607614812	1,5,8,10,12,13,16	eh hole lot of ter uhh bile
POOL	12110	0.607613428	6,11,16	whole entente rubble
POOL	12111	0.607571510	1,5,8,10,12,13,16	eh hole lot of ter uh bale
POOL	12112	0.607514216	1,5,8,10,12,13,16	eh hole lot of ter uh billed
POOL	12113	0.607493924	1,4,9,10,16	uhh eau lotta ease treble
POOL	12114	0.607408416	1,5,7,12,16	uhh shown la t'other iqbal
POOL	12115	0.607384750	1,5,8,10,12,13,16	eh hole lot of ter uhh il
POOL	12116	0.607316092	1,5,8,10,12,13,16	eh hole lot of ter uh boyle
POOL	12117	0.607262499	1,5,8,10,12,13,16	eh hole lot of ter uh bahn
POOL	12118	0.607242521	1,5,8,10,12,14,16	eh hole lot of ter ob earl
POOL	12119	0.607056650	1,5,8,10,12,13,16	eh hole lot of ter uhh pare
POOL	12120	0.607026361	1,5,8,10,12,14,16	eh hole lot of ter ob err
POOL	12121	0.607008489	1,5,8,10,12,13,16	eh hole lot of ter uhh brill
POOL	12122	0.607001826	2,4,5,10,16	ass know law rotten troubles
POOL	12123	0.606805909	2,3,4,9,11,14,16	a a a lot pfft rub el
POOL	12124	0.606754098	1,5,8,10,12,13,16	eh hole lot of ter uhh pall
POOL	12125	0.606727601	1,5,7,12,16	uhh hole rob t'other addled
POOL	12126	0.606721363	1,5,8,10,12,13,16	eh hole lot of ter uh bile
POOL	12127	0.606668099	2,4,5,10,16	ass know law rotten troubled
POOL	12128	0.606491301	1,5,8,10,12,13,16	eh hole lot of ter uh il
POOL	12129	0.606377429	1,5,8,10,12,14,16	eh hole lot of ter ob ere
POOL	12130	0.606354109	1,5,8,10,12,14,16	eh hole lot of ter ob eyre
POOL	12131	0.606207181	2,3,4,9,11,14,16	a a a lot pfft rub l
POOL	12132	0.606203917	2,3,4,9,11,14,16	a a a lot pfft rub elle
POOL	12133	0.606168844	1,4,6,10,16	uhh show lord otters treble
POOL	12134	0.606163201	1,5,8,10,12,13,16	eh hole lot of ter uh pare
POOL	12135	0.606115040	1,5,8,10,12,13,16	eh hole lot of ter uh brill
POOL	12136	0.606094802	2,6,8,10,16	us only mott kun treble
POOL	12137	0.606007718	1,5,8,10,12,13,16	eh hole lot of ter uhh bild
POOL	12138	0.605860650	1,5,8,10,12,13,16	eh hole lot of ter uh pall
POOL	12139	0.605846136	1,5,8,10,12,13,16	eh hole lot of ter uhh bui
POOL	12140	0.605661307	1,4,7,10,16	d. homer la come treble
POOL	12141	0.605630892	1,5,9,12,16	uhh hole lotta tol bumble
POOL	12142	0.605619933	1,5,8,10,12,14,16	eh hole lot of ter ob ahl
POOL	12143	0.605543315	3,8,11,16	who alot ovid -able
POOL	12144	0.605383842	1,5,8,10,12,14,16	eh hole lot of ter ob aer
POOL	12145	0.605277980	1,5,7,9,16	ana toll la come treble
POOL	12146	0.605263612	1,5,8,10,12,14,16	eh hole lot of ter ob eel
POOL	12147	0.605114270	1,5,8,10,12,13,16	eh hole lot of ter uh bild
POOL	12148	0.605074900	2,3,4,9,11,14,16	a a a lot pfft rub ell
POOL	12149	0.604952687	1,5,8,10,12,13,16	eh hole lot of ter uh bui
POOL	12150	0.604641175	1,5,8,10,12,16	eh hole lat of cur -able
POOL	12151	0.604105805	1,5,8,10,12,14,16	eh hole lot of ter ob earle
POOL	12152	0.603468206	1,4,9,10,16	uhh yo lotta new treble
POOL	12153	0.602629210	2,6,8,10,16	a only got buff treble
POOL	12154	0.602242290	1,5,9,11,16	uhh -ful lotta zoo rubble
POOL	12155	0.602083748	1,5,8,10,12,13,16	eh hole lot of ter uhh dare
POOL	12156	0.601736470	2,5,9,11,16	us known lotta that troubles
POOL	12157	0.601537683	1,4,9,10,16	uhh sew lotta new cuddle
POOL	12158	0.601190300	1,5,8,10,12,13,16	eh hole lot of ter uh dare
POOL	12159	0.600315460	1,5,8,10,12,14,16	eh hole lat of ter ob a
POOL	12160	0.600033243	6,11,16	whole entente rebel
POOL	12161	0.599748405	1,5,8,10,12,16	eh hole lot of ter -able
POOL	12162	0.598950123	2,4,5,10,16	ass know well rotten troubles
POOL	12163	0.598641080	2,3,5,10,16	ass new well rotten troubles
POOL	12164	0.598616395	2,4,5,10,16	ass know well rotten troubled
POOL	12165	0.598307353	2,3,5,10,16	ass new well rotten troubled
POOL	12166	0.597277359	1,5,8,10,12,16	eh hole lat of ter double
POOL	12167	0.597097501	1,4,6,11,16	eh ho lil entente troubles
POOL	12168	0.597060986	1,5,9,11,16	heir hole lotta that troubles
POOL	12169	0.596956436	1,5,8,10,11,16	eh hole lat of at rubble
POOL	12170	0.596864143	1,5,8,10,12,16	eh hole lotte of ter double
POOL	12171	0.596763774	1,4,6,11,16	eh ho lil entente troubled
POOL	12172	0.596544588	1,5,8,10,12,16	eh hole lott of ter double
POOL	12173	0.594418848	1,4,9,10,16	uhh o lotta irv publ
POOL	12174	0.594136282	1,5,8,10,11,16	eh hole lat of at -able
POOL	12175	0.593263575	5,9,12,16	ecole lotta true cuddle
POOL	12176	0.593102850	1,5,8,10,12,16	eh hole lat of ter bubble
POOL	12177	0.592970376	1,4,8,12,16	dia howe lat ver -able
POOL	12178	0.592924494	1,4,9,10,16	ur homes lotta e.'s treble
POOL	12179	0.592895851	1,5,8,10,12,16	eh whole lat of ter -able
POOL	12180	0.592689634	1,5,8,10,12,16	eh hole lotte of ter bubble
POOL	12181	0.592370079	1,5,8,10,12,16	eh hole lott of ter bubble
POOL	12182	0.590580683	1,5,8,10,12,16	eh hole lat of ter rubble
POOL	12183	0.590167467	1,5,8,10,12,16	eh hole lotte of ter rubble
POOL	12184	0.589919684	1,5,8,10,12,16	eh hole lat of ter apple
POOL	12185	0.589847912	1,5,8,10,12,16	eh hole lott of ter rubble
POOL	12186	0.589624366	1,5,8,10,12,16	eh hole lat of ter hubble
POOL	12187	0.589597147	1,5,7,9,16	uh-uh foals la ter treble
POOL	12188	0.589506468	1,5,8,10,12,16	eh hole lotte of ter apple
POOL	12189	0.589217971	1,5,8,10,12,16	eh hole lat of ter couple
POOL	12190	0.589211150	1,5,8,10,12,16	eh hole lotte of ter hubble
POOL	12191	0.589186913	1,5,8,10,12,16	eh hole lott of ter apple
POOL	12192	0.589162211	1,5,8,10,12,14,16	eh hole lot of ter ob a
POOL	12193	0.589158005	1,5,8,10,12,16	eh hole lat of cur double
POOL	12194	0.588891595	1,5,8,10,12,16	eh hole lott of ter hubble
POOL	12195	0.588804755	1,5,8,10,12,16	eh hole lotte of ter couple
POOL	12196	0.588485201	1,5,8,10,12,16	eh hole lott of ter couple
POOL	12197	0.588082169	1,5,8,10,12,16	eh hole lat of ter publ
POOL	12198	0.587668953	1,5,8,10,12,16	eh hole lotte of ter publ
POOL	12199	0.587349398	1,5,8,10,12,16	eh hole lott of ter publ
POOL	12200	0.587184072	1,5,8,10,11,16	eh hole lat of at rebel
POOL	12201	0.586599927	1,5,8,10,11,16	eh hole lat of at rabble
POOL	12202	0.585623881	1,5,8,10,12,16	eh hole lat of ter herbal
POOL	12203	0.585521667	1,5,6,7,10,16	'cause -ful 'low ah does trouble
POOL	12204	0.585246700	3,5,9,16	isu r lotta treble
POOL	12205	0.585210665	1,5,8,10,12,16	eh hole lotte of ter herbal
POOL	12206	0.584983496	1,5,8,10,12,16	eh hole lat of cur bubble
POOL	12207	0.584891111	1,5,8,10,12,16	eh hole lott of ter herbal
POOL	12208	0.584639729	1,5,6,7,10,16	'cause -ful 'low ah dove trouble
POOL	12209	0.584422546	1,5,8,10,11,16	eh hole lat of at rumble
POOL	12210	0.584265235	1,5,8,10,12,16	eh hole lot of ter double
POOL	12211	0.582491412	1,5,8,10,12,16	eh hole lat of ter wobble
POOL	12212	0.582461329	1,5,8,10,12,16	eh hole lat of cur rubble
POOL	12213	0.582078196	1,5,8,10,12,16	eh hole lotte of ter wobble
POOL	12214	0.581963330	1,5,8,10,12,16	eh hole lat of ter gobble
POOL	12215	0.581758641	1,5,8,10,12,16	eh hole lott of ter wobble
POOL	12216	0.581695730	1,5,6,7,10,16	'cause -ful 'low ah cuz trouble
POOL	12217	0.581675798	1,5,8,10,12,16	eh hole lat of ter cobble
POOL	12218	0.581550115	1,5,8,10,12,16	eh hole lotte of ter gobble
POOL	12219	0.581505012	1,5,8,10,12,16	eh hole lat of cur hubble
POOL	12220	0.581262582	1,5,8,10,12,16	eh hole lotte of ter cobble
POOL	12221	0.581230560	1,5,8,10,12,16	eh hole lott of ter gobble
POOL	12222	0.580981297	1,5,8,10,12,16	eh hole lat of ter cuddle
POOL	12223	0.580943028	1,5,8,10,12,16	eh hole lott of ter cobble
POOL	12224	0.580889373	2,3,4,9,12,16	a a a lot ver -able
POOL	12225	0.580655759	1,5,8,10,12,16	eh hole lat of ter abba
POOL	12226	0.580568081	1,5,8,10,12,16	eh hole lotte of ter cuddle
POOL	12227	0.580538540	1,5,8,10,12,16	eh hole lat of ter puddle
POOL	12228	0.580401370	2,3,4,9,12,16	a a a lot ter -able
POOL	12229	0.580248526	1,5,8,10,12,16	eh hole lott of ter cuddle
POOL	12230	0.580242543	1,5,8,10,12,16	eh hole lotte of ter abba
POOL	12231	0.580224174	1,5,8,10,12,16	eh hole lat of ter rabble
POOL	12232	0.580125324	1,5,8,10,12,16	eh hole lotte of ter puddle
POOL	12233	0.580090726	1,5,8,10,12,16	eh hole lot of ter bubble
POOL	12234	0.580013718	1,5,8,10,12,16	eh hole lat of ter huddle
POOL	12235	0.579962815	1,5,8,10,12,16	eh hole lat of cur publ
POOL	12236	0.579952129	1,5,8,10,12,16	eh hole lat of ter babel
POOL	12237	0.579922989	1,5,8,10,12,16	eh hole lott of ter abba
POOL	12238	0.579883727	1,5,8,10,12,16	eh whole lot of ter -able
POOL	12239	0.579810959	1,5,8,10,12,16	eh hole lotte of ter rabble
POOL	12240	0.579805769	1,5,8,10,12,16	eh hole lott of ter puddle
POOL	12241	0.579600502	1,5,8,10,12,16	eh hole lotte of ter huddle
POOL	12242	0.579559917	1,5,8,10,12,16	eh hole lat of ter babble
POOL	12243	0.579538913	1,5,8,10,12,16	eh hole lotte of ter babel
POOL	12244	0.579502916	1,5,8,10,12,16	eh hole lat of ter supple
POOL	12245	0.579491404	1,5,8,10,12,16	eh hole lott of ter rabble
POOL	12246	0.579322084	1,5,8,10,12,16	eh hole lat of ter dabble
POOL	12247	0.579280947	1,5,8,10,12,16	eh hole lott of ter huddle
POOL	12248	0.579219359	1,5,8,10,12,16	eh hole lott of ter babel
POOL	12249	0.579178683	1,5,8,10,12,16	eh hole lat of ter muddle
POOL	12250	0.579146701	1,5,8,10,12,16	eh hole lotte of ter babble
POOL	12251	0.579089700	1,5,8,10,12,16	eh hole lotte of ter supple
POOL	12252	0.578908868	1,5,8,10,12,16	eh hole lotte of ter dabble
POOL	12253	0.578827147	1,5,8,10,12,16	eh hole lott of ter babble
POOL	12254	0.578821813	1,5,6,7,10,16	'cause -ful 'low ah taj trouble
POOL	12255	0.578770146	1,5,8,10,12,16	eh hole lott of ter supple
POOL	12256	0.578765467	1,5,8,10,12,16	eh hole lotte of ter muddle
POOL	12257	0.578589313	1,5,8,10,12,16	eh hole lott of ter dabble
POOL	12258	0.578445912	1,5,8,10,12,16	eh hole lott of ter muddle
POOL	12259	0.578415501	1,5,6,7,10,16	'cause -ful 'low ah shove trouble
POOL	12260	0.577969298	2,3,4,9,11,16	a a a lot pfft rubble
POOL	12261	0.577807600	2,3,4,9,11,16	a a a lot vet rubble
POOL	12262	0.577568559	1,5,8,10,12,16	eh hole lot of ter rubble
POOL	12263	0.577412681	1,5,8,10,12,16	eh whole lat of ter double
POOL	12264	0.576907560	1,5,8,10,12,16	eh hole lot of ter apple
POOL	12265	0.576612242	1,5,8,10,12,16	eh hole lot of ter hubble
POOL	12266	0.576590623	2,3,4,9,11,16	a a a lot vat rubble
POOL	12267	0.576205847	1,5,8,10,12,16	eh hole lot of ter couple
POOL	12268	0.576037488	1,5,6,7,10,16	'cause -ful 'low ah taz trouble
POOL	12269	0.575070045	1,5,8,10,12,16	eh hole lot of ter publ
POOL	12270	0.574922048	2,3,4,9,11,16	a a a lot vert rubble
POOL	12271	0.573238172	1,5,8,10,12,16	eh whole lat of ter bubble
POOL	12272	0.572611757	1,5,8,10,12,16	eh hole lot of ter herbal
POOL	12273	0.570716005	1,5,8,10,12,16	eh whole lat of ter rubble
POOL	12274	0.570646269	1,5,8,16	eh hole lat trouble
POOL	12275	0.570055006	1,5,8,10,12,16	eh whole lat of ter apple
POOL	12276	0.570026446	1,5,8,16	eh hole lotte trouble
POOL	12277	0.569759688	1,5,8,10,12,16	eh whole lat of ter hubble
POOL	12278	0.569547114	1,5,8,16	eh hole lott trouble
POOL	12279	0.569479288	1,5,8,10,12,16	eh hole lot of ter wobble
POOL	12280	0.569353293	1,5,8,10,12,16	eh whole lat of ter couple
POOL	12281	0.568951206	1,5,8,10,12,16	eh hole lot of ter gobble
POOL	12282	0.568663674	1,5,8,10,12,16	eh hole lot of ter cobble
POOL	12283	0.568217491	1,5,8,10,12,16	eh whole lat of ter publ
POOL	12284	0.567969173	1,5,8,10,12,16	eh hole lot of ter cuddle
POOL	12285	0.567866910	6,9,14,16	hole tough club al
POOL	12286	0.567643635	1,5,8,10,12,16	eh hole lot of ter abba
POOL	12287	0.567526416	1,5,8,10,12,16	eh hole lot of ter puddle
POOL	12288	0.567212050	1,5,8,10,12,16	eh hole lot of ter rabble
POOL	12289	0.567001594	1,5,8,10,12,16	eh hole lot of ter huddle
POOL	12290	0.566940005	1,5,8,10,12,16	eh hole lot of ter babel
POOL	12291	0.566547793	1,5,8,10,12,16	eh hole lot of ter babble
POOL	12292	0.566490792	1,5,8,10,12,16	eh hole lot of ter supple
POOL	12293	0.566309959	1,5,8,10,12,16	eh hole lot of ter dabble
POOL	12294	0.566166559	1,5,8,10,12,16	eh hole lot of ter muddle
POOL	12295	0.565759203	1,5,8,10,12,16	eh whole lat of ter herbal
POOL	12296	0.564848493	1,5,8,10,11,16	eh hole lat of at trouble
POOL	12297	0.564400557	1,5,8,10,12,16	eh whole lot of ter double
POOL	12298	0.564079634	1,5,8,10,11,16	eh whole lot of at rubble
POOL	12299	0.562626734	1,5,8,10,12,16	eh whole lat of ter wobble
POOL	12300	0.562098653	1,5,8,10,12,16	eh whole lat of ter gobble
POOL	12301	0.561811120	1,5,8,10,12,16	eh whole lat of ter cobble
POOL	12302	0.561259480	1,5,8,10,11,16	eh whole lot of at -able
POOL	12303	0.561116619	1,5,8,10,12,16	eh whole lat of ter cuddle
POOL	12304	0.560791081	1,5,8,10,12,16	eh whole lat of ter abba
POOL	12305	0.560673862	1,5,8,10,12,16	eh whole lat of ter puddle
POOL	12306	0.560359496	1,5,8,10,12,16	eh whole lat of ter rabble
POOL	12307	0.560226048	1,5,8,10,12,16	eh whole lot of ter bubble
POOL	12308	0.560149040	1,5,8,10,12,16	eh whole lat of ter huddle
POOL	12309	0.560087451	1,5,8,10,12,16	eh whole lat of ter babel
POOL	12310	0.559695239	1,5,8,10,12,16	eh whole lat of ter babble
POOL	12311	0.559638238	1,5,8,10,12,16	eh whole lat of ter supple
POOL	12312	0.559470024	6,9,14,16	hole got trad al
POOL	12313	0.559457406	1,5,8,10,12,16	eh whole lat of ter dabble
POOL	12314	0.559314005	1,5,8,10,12,16	eh whole lat of ter muddle
POOL	12315	0.558243727	1,5,8,10,16	eh hole lat of terrible
POOL	12316	0.557747868	1,5,8,10,16	eh hole lotte of terrible
POOL	12317	0.557703881	1,5,8,10,12,16	eh whole lot of ter rubble
POOL	12318	0.557364403	1,5,8,10,16	eh hole lott of terrible
POOL	12319	0.557071316	2,3,4,9,11,16	a a a lot that rubble
POOL	12320	0.557042882	1,5,8,10,12,16	eh whole lot of ter apple
POOL	12321	0.556747564	1,5,8,10,12,16	eh whole lot of ter hubble
POOL	12322	0.556341169	1,5,8,10,12,16	eh whole lot of ter couple
POOL	12323	0.555205367	1,5,8,10,12,16	eh whole lot of ter publ
POOL	12324	0.554307270	1,5,8,10,11,16	eh whole lot of at rebel
POOL	12325	0.553723125	1,5,8,10,11,16	eh whole lot of at rabble
POOL	12326	0.553563606	2,4,5,9,11,14,16	ass know law lotta that rub al
POOL	12327	0.553123101	1,4,6,9,11,14,16	eh ho lol ata that rub al
POOL	12328	0.552747079	1,5,8,10,12,16	eh whole lot of ter herbal
POOL	12329	0.551810605	6,9,14,16	hole got drab elle
POOL	12330	0.551667532	2,3,4,9,11,14,16	ass new oh lotta that rub al
POOL	12331	0.551545744	1,5,8,10,11,16	eh whole lot of at rumble
POOL	12332	0.551128083	1,5,8,16	eh hole lot trouble
POOL	12333	0.550582761	2,4,5,9,11,14,16	ass know law lotta pfft rub al
POOL	12334	0.550323904	2,4,5,9,11,14,16	ass know law lotta that rub air
POOL	12335	0.550070903	2,3,5,9,11,14,16	ass new full lotta that rub al
POOL	12336	0.549997735	2,4,5,9,11,14,16	ass know law lotta vet rub al
POOL	12337	0.549727807	2,4,6,9,11,16	esse oh lol ata that rubble
POOL	12338	0.549614610	1,5,8,10,12,16	eh whole lot of ter wobble
POOL	12339	0.549557230	1,4,6,9,11,14,16	eh ho lol ata vet rub al
POOL	12340	0.549322427	6,9,14,16	hole caught trad al
POOL	12341	0.549250370	2,4,5,9,11,14,16	ass know law lotta that rub el
POOL	12342	0.549144413	2,4,5,9,11,14,16	ass know law lotta that rub ill
POOL	12343	0.549086528	1,5,8,10,12,16	eh whole lot of ter gobble
POOL	12344	0.548851741	6,11,13,16	hole tut run bill's
POOL	12345	0.548798996	1,5,8,10,12,16	eh whole lot of ter cobble
POOL	12346	0.548651642	2,4,5,9,11,14,16	ass know law lotta that rub l
POOL	12347	0.548648378	2,4,5,9,11,14,16	ass know law lotta that rub elle
POOL	12348	0.548104495	1,5,8,10,12,16	eh whole lot of ter cuddle
POOL	12349	0.548089272	6,11,14,16	hole tut snub al
POOL	12350	0.547817990	2,4,5,9,11,14,16	ass know law lotta that rub well
POOL	12351	0.547778957	1,5,8,10,12,16	eh whole lot of ter abba
POOL	12352	0.547661738	1,5,8,10,12,16	eh whole lot of ter puddle
POOL	12353	0.547575991	2,4,5,9,11,13,16	ass know law lotta that raw bell
POOL	12354	0.547519361	2,4,5,9,11,14,16	ass know law lotta that rub ell
POOL	12355	0.547354296	2,3,4,9,11,14,16	ass new oh lotta that rub el
POOL	12356	0.547347372	1,5,8,10,12,16	eh whole lot of ter rabble
POOL	12357	0.547343059	2,4,5,9,11,14,16	ass know law lotta pfft rub air
POOL	12358	0.547248338	2,3,4,9,11,14,16	ass new oh lotta that rub ill
POOL	12359	0.547136916	1,5,8,10,12,16	eh whole lot of ter huddle
POOL	12360	0.547135486	1,4,6,9,11,13,16	eh ho lol ata that raw bell
POOL	12361	0.547075327	1,5,8,10,12,16	eh whole lot of ter babel
POOL	12362	0.547063471	2,4,5,9,11,13,16	ass know law lotta that run bell
POOL	12363	0.546831201	2,3,5,9,11,14,16	ass new full lotta that rub air
POOL	12364	0.546758032	2,4,5,9,11,14,16	ass know law lotta vet rub air
POOL	12365	0.546755568	2,3,4,9,11,14,16	ass new oh lotta that rub l
POOL	12366	0.546752304	2,3,4,9,11,14,16	ass new oh lotta that rub elle
POOL	12367	0.546683115	1,5,8,10,12,16	eh whole lot of ter babble
POOL	12368	0.546626114	1,5,8,10,12,16	eh whole lot of ter supple
POOL	12369	0.546572727	2,4,5,9,11,13,16	ass know law lotta that raw bill
POOL	12370	0.546445282	1,5,8,10,12,16	eh whole lot of ter dabble
POOL	12371	0.546301881	1,5,8,10,12,16	eh whole lot of ter muddle
POOL	12372	0.546269525	2,4,5,9,11,14,16	ass know law lotta pfft rub el
POOL	12373	0.546163568	2,4,5,9,11,14,16	ass know law lotta pfft rub ill
POOL	12374	0.546132222	1,4,6,9,11,13,16	eh ho lol ata that raw bill
POOL	12375	0.546060207	2,4,5,9,11,13,16	ass know law lotta that run bill
POOL	12376	0.545757667	2,3,5,9,11,14,16	ass new full lotta that rub el
POOL	12377	0.545684499	2,4,5,9,11,14,16	ass know law lotta vet rub el
POOL	12378	0.545670797	2,4,5,9,11,14,16	ass know law lotta pfft rub l
POOL	12379	0.545667533	2,4,5,9,11,14,16	ass know law lotta pfft rub elle
POOL	12380	0.545651709	2,3,5,9,11,14,16	ass new full lotta that rub ill
POOL	12381	0.545623287	2,3,4,9,11,14,16	ass new oh lotta that rub ell
POOL	12382	0.545578541	2,4,5,9,11,14,16	ass know law lotta vet rub ill
POOL	12383	0.545244119	2,4,5,9,11,13,16	ass know law lotta that yeah bell
POOL	12384	0.545158939	2,3,5,9,11,14,16	ass new full lotta that rub l
POOL	12385	0.545155675	2,3,5,9,11,14,16	ass new full lotta that rub elle
POOL	12386	0.545085770	2,4,5,9,11,14,16	ass know law lotta vet rub l
POOL	12387	0.545082506	2,4,5,9,11,14,16	ass know law lotta vet rub elle
POOL	12388	0.545067262	2,4,5,9,11,14,16	ass know law lotta that rub tell
POOL	12389	0.544859604	1,5,8,10,11,12,16	eh whole lot of a are bell
POOL	12390	0.544845061	2,4,6,9,11,16	us oh lol ata oft rubble
POOL	12391	0.544837146	2,4,5,9,11,14,16	ass know law lotta pfft rub well
POOL	12392	0.544831044	2,4,5,9,11,13,16	ass know law lotta that raw belle
POOL	12393	0.544820470	2,4,6,9,12,16	awe oh lol ata true -able
POOL	12394	0.544706896	2,4,5,9,11,14,16	ass know law lotta that rub e'er
POOL	12395	0.544547943	4,6,9,11,12,16	show lol ata that yoo -able
POOL	12396	0.544538516	2,4,5,9,11,14,16	ass know law lotta pfft rub ell
POOL	12397	0.544390539	1,4,6,9,11,13,16	eh ho lol ata that raw belle
POOL	12398	0.544325287	2,3,5,9,11,14,16	ass new full lotta that rub well
POOL	12399	0.544318524	2,4,5,9,11,13,16	ass know law lotta that run belle
POOL	12400	0.544252119	2,4,5,9,11,14,16	ass know law lotta vet rub well
POOL	12401	0.544240856	2,4,5,9,11,13,16	ass know law lotta that yeah bill
POOL	12402	0.544226723	2,4,5,9,11,14,16	ass know law lotta that rub il
POOL	12403	0.544107139	2,4,5,9,11,14,16	ass know law lotta that rub else
POOL	12404	0.544026658	2,3,5,9,11,14,16	ass new full lotta that rub ell
POOL	12405	0.543953490	2,4,5,9,11,14,16	ass know law lotta vet rub ell
POOL	12406	0.543856340	1,5,8,10,11,12,16	eh whole lot of a are bill
POOL	12407	0.543771494	2,4,5,9,11,13,16	ass know law lotta that raw bel
POOL	12408	0.543712125	2,4,5,9,11,14,16	ass know law lotta that rub heir
POOL	12409	0.543488725	5,7,11,16	hole la tonne rub
POOL	12410	0.543440285	2,4,5,9,11,13,16	ass know law lotta that raw bal
POOL	12411	0.543358915	2,4,6,9,12,16	us oh lol ata tulle -able
POOL	12412	0.543330989	1,4,6,9,11,13,16	eh ho lol ata that raw bel
POOL	12413	0.543296865	2,4,5,9,11,12,16	ass know law lotta that air -able
POOL	12414	0.543258975	2,4,5,9,11,13,16	ass know law lotta that run bel
POOL	12415	0.542999780	1,4,6,9,11,13,16	eh ho lol ata that raw bal
POOL	12416	0.542927765	2,4,5,9,11,13,16	ass know law lotta that run bal
POOL	12417	0.542856360	1,4,6,9,11,12,16	eh ho lol ata that air -able
POOL	12418	0.542629178	1,5,8,10,16	eh hole lot of terrible
POOL	12419	0.542508985	2,4,5,9,11,14,16	ass know law lotta that rub earl
POOL	12420	0.542499172	2,4,5,9,11,13,16	ass know law lotta that yeah belle
POOL	12421	0.542456837	2,4,5,9,11,14,16	ass know law lotta that rub hell
POOL	12422	0.542362546	4,6,9,11,12,16	show lol ata mutt are -able
POOL	12423	0.542330649	2,3,4,9,11,14,16	ass new oh lotta that rub il
POOL	12424	0.542292825	2,4,5,9,11,14,16	ass know law lotta that rub err
POOL	12425	0.542086418	2,4,5,9,11,14,16	ass know law lotta pfft rub tell
POOL	12426	0.541846204	2,4,5,9,11,13,16	ass know law lotta that raw bear
POOL	12427	0.541751507	2,4,5,9,11,14,16	ass know law lotta that rub sell
POOL	12428	0.541726051	2,4,5,9,11,14,16	ass know law lotta pfft rub e'er
POOL	12429	0.541643893	2,4,5,9,11,14,16	ass know law lotta that rub ere
POOL	12430	0.541620574	2,4,5,9,11,14,16	ass know law lotta that rub eyre
POOL	12431	0.541611074	2,4,5,9,11,14,16	ass know law lotta pfft rub are
POOL	12432	0.541574559	2,3,5,9,11,14,16	ass new full lotta that rub tell
POOL	12433	0.541501391	2,4,5,9,11,14,16	ass know law lotta vet rub tell
POOL	12434	0.541474753	2,4,5,9,11,12,16	ass know law lotta pfft are -able
POOL	12435	0.541472298	2,4,7,11,12,16	us oh rah-rah cut are -able
POOL	12436	0.541439623	2,4,5,9,11,13,16	ass know law lotta that yeah bel
POOL	12437	0.541405699	1,4,6,9,11,13,16	eh ho lol ata that raw bear
POOL	12438	0.541333685	2,4,5,9,11,13,16	ass know law lotta that run bear
POOL	12439	0.541245878	2,4,5,9,11,14,16	ass know law lotta pfft rub il
POOL	12440	0.541214193	2,3,5,9,11,14,16	ass new full lotta that rub e'er
POOL	12441	0.541207270	2,4,5,9,11,14,16	ass know law lotta that rub cell
POOL	12442	0.541141025	2,4,5,9,11,14,16	ass know law lotta vet rub e'er
POOL	12443	0.541126294	2,4,5,9,11,14,16	ass know law lotta pfft rub else
POOL	12444	0.541108413	2,4,5,9,11,13,16	ass know law lotta that yeah bal
POOL	12445	0.541097222	2,4,5,9,11,14,16	ass know law lotta that rub fell
POOL	12446	0.541026048	2,4,5,9,11,14,16	ass know law lotta vet rub are
POOL	12447	0.540978530	6,9,13,16	hole caught fra bull
POOL	12448	0.540915273	2,6,7,9,11,16	ahead ole ahh ca that rubble
POOL	12449	0.540886397	2,4,5,9,11,14,16	ass know law lotta that rub ahl
POOL	12450	0.540849252	1,5,8,16	eh whole lat trouble
POOL	12451	0.540826542	2,4,6,9,12,16	us oh li ata true -able
POOL	12452	0.540734020	2,3,5,9,11,14,16	ass new full lotta that rub il
POOL	12453	0.540731280	2,4,5,9,11,14,16	ass know law lotta pfft rub heir
POOL	12454	0.540660852	2,4,5,9,11,14,16	ass know law lotta vet rub il
POOL	12455	0.540650306	2,4,5,9,11,14,16	ass know law lotta that rub aer
POOL	12456	0.540614436	2,3,5,9,11,14,16	ass new full lotta that rub else
POOL	12457	0.540589841	2,4,5,9,11,14,16	ass know law lotta pfft rub all
POOL	12458	0.540541268	2,4,5,9,11,14,16	ass know law lotta vet rub else
POOL	12459	0.540530076	2,4,5,9,11,14,16	ass know law lotta that rub eel
POOL	12460	0.540444837	2,4,6,9,12,16	shh oh lol ata tier -able
POOL	12461	0.540219421	2,3,5,9,11,14,16	ass new full lotta that rub heir
POOL	12462	0.540146253	2,4,5,9,11,14,16	ass know law lotta vet rub heir
POOL	12463	0.540130438	2,4,5,9,11,14,16	ass know law lotta that rub l.'s
POOL	12464	0.540004814	2,4,5,9,11,14,16	ass know law lotta vet rub all
POOL	12465	0.539930818	2,4,5,9,11,14,16	ass know law lotta that rub bell
POOL	12466	0.539859604	1,5,8,10,11,12,16	eh whole lot of a her bell
POOL	12467	0.539804162	2,3,5,9,11,12,16	ass new full lotta that air -able
POOL	12468	0.539786153	2,4,5,9,11,13,16	ass know law lotta that raw bare
POOL	12469	0.539769965	2,4,5,9,11,14,16	ass know law lotta pfft rub an
POOL	12470	0.539528140	2,4,5,9,11,14,16	ass know law lotta pfft rub earl
POOL	12471	0.539514333	2,4,5,9,11,13,16	ass know law lotta that yeah bear
POOL	12472	0.539475992	2,4,5,9,11,14,16	ass know law lotta pfft rub hell
POOL	12473	0.539372270	2,4,5,9,11,14,16	ass know law lotta that rub earle
POOL	12474	0.539345648	1,4,6,9,11,13,16	eh ho lol ata that raw bare
POOL	12475	0.539311980	2,4,5,9,11,14,16	ass know law lotta pfft rub err
POOL	12476	0.539273633	2,4,5,9,11,13,16	ass know law lotta that run bare
POOL	12477	0.539184939	2,4,5,9,11,14,16	ass know law lotta vet rub an
POOL	12478	0.539129818	1,5,8,10,11,12,16	eh whole lot of a are bear
POOL	12479	0.539109830	2,4,5,9,11,14,16	ass know law lotta that rub shell
POOL	12480	0.539099338	2,4,5,9,11,14,16	ass know law lotta that rub care
POOL	12481	0.539079322	2,4,5,9,11,12,16	ass know law lotta that new -able
POOL	12482	0.539016282	2,3,5,9,11,14,16	ass new full lotta that rub earl
POOL	12483	0.538964134	2,3,5,9,11,14,16	ass new full lotta that rub hell
POOL	12484	0.538943113	2,4,5,9,11,14,16	ass know law lotta vet rub earl
POOL	12485	0.538927554	2,4,5,9,11,14,16	ass know law lotta that rub bill
POOL	12486	0.538890965	2,4,5,9,11,14,16	ass know law lotta vet rub hell
POOL	12487	0.538887696	2,4,5,9,11,14,16	ass know law lotta that rub law
POOL	12488	0.538884362	2,4,5,9,11,14,16	ass know law lotta that rub del
POOL	12489	0.538856340	1,5,8,10,11,12,16	eh whole lot of a her bill
POOL	12490	0.538800122	2,3,5,9,11,14,16	ass new full lotta that rub err
POOL	12491	0.538770662	2,4,5,9,11,14,16	ass know law lotta pfft rub sell
POOL	12492	0.538726954	2,4,5,9,11,14,16	ass know law lotta vet rub err
POOL	12493	0.538694609	2,4,5,9,12,16	ass know law lotta true -able
POOL	12494	0.538663049	2,4,5,9,11,14,16	ass know law lotta pfft rub ere
POOL	12495	0.538639729	2,4,5,9,11,14,16	ass know law lotta pfft rub eyre
POOL	12496	0.538609604	1,5,8,10,11,12,16	eh whole lot of a all bell
POOL	12497	0.538592637	2,4,5,9,11,14,16	ass know law lotta that rub oil
POOL	12498	0.538547918	2,3,4,9,12,16	ass new oh lotta true -able
POOL	12499	0.538542740	2,4,5,9,11,14,16	ass know law lotta that rub kill
POOL	12500	0.538469470	2,4,5,9,11,14,16	ass know law lotta that rub are
POOL	12501	0.538405735	2,4,5,9,11,13,16	ass know law lotta that raw bull
POOL	12502	0.538403863	2,4,5,9,11,14,16	ass know law lotta pfft rub will
POOL	12503	0.538312188	2,4,5,9,11,14,16	ass know law lotta that rub feel
POOL	12504	0.538309963	2,4,5,9,11,13,16	ass know law lotta that raw bil
POOL	12505	0.538258803	2,3,5,9,11,14,16	ass new full lotta that rub sell
POOL	12506	0.538254166	2,4,5,9,11,14,16	ass know law lotta that rub cal
POOL	12507	0.538226425	2,4,5,9,11,14,16	ass know law lotta pfft rub cell
POOL	12508	0.538185635	2,4,5,9,11,14,16	ass know law lotta vet rub sell
POOL	12509	0.538180084	2,4,5,9,11,14,16	ass know law lotta that rub pal
POOL	12510	0.538151190	2,3,5,9,11,14,16	ass new full lotta that rub ere
POOL	12511	0.538127870	2,3,5,9,11,14,16	ass new full lotta that rub eyre
POOL	12512	0.538116377	2,4,5,9,11,14,16	ass know law lotta pfft rub fell
POOL	12513	0.538078022	2,4,5,9,11,14,16	ass know law lotta vet rub ere
POOL	12514	0.538054702	2,4,5,9,11,14,16	ass know law lotta vet rub eyre
POOL	12515	0.537958997	2,4,5,9,11,14,16	ass know law lotta that rub real
POOL	12516	0.537954718	2,4,5,9,11,13,16	ass know law lotta that raw beer
POOL	12517	0.537947063	2,4,5,9,11,14,16	ass know law lotta that rub ear
POOL	12518	0.537942766	2,4,5,9,11,16	ass know law lotta that rubble
POOL	12519	0.537905552	2,4,5,9,11,14,16	ass know law lotta pfft rub ahl
POOL	12520	0.537893215	2,4,5,9,11,13,16	ass know law lotta that run bull
POOL	12521	0.537869458	1,4,6,9,11,13,16	eh ho lol ata that raw bil
POOL	12522	0.537853810	2,4,9,11,12,16	us oh lotta that ver -able
POOL	12523	0.537825783	2,4,5,9,11,14,16	ass know law lotta that rub hull
POOL	12524	0.537818836	2,4,5,9,11,14,16	ass know law lotta vet rub will
POOL	12525	0.537797443	2,4,5,9,11,13,16	ass know law lotta that run bil
POOL	12526	0.537796075	2,3,4,9,11,16	ass new oh lotta that rubble
POOL	12527	0.537714566	2,3,5,9,11,14,16	ass new full lotta that rub cell
POOL	12528	0.537669462	2,4,5,9,11,14,16	ass know law lotta pfft rub aer
POOL	12529	0.537653210	2,4,5,9,11,14,16	ass know law lotta that rub gal
POOL	12530	0.537641398	2,4,5,9,11,14,16	ass know law lotta vet rub cell
POOL	12531	0.537606340	1,5,8,10,11,12,16	eh whole lot of a all bill
POOL	12532	0.537604519	2,3,5,9,11,14,16	ass new full lotta that rub fell
POOL	12533	0.537549232	2,4,5,9,11,14,16	ass know law lotta pfft rub eel
POOL	12534	0.537531351	2,4,5,9,11,14,16	ass know law lotta vet rub fell
POOL	12535	0.537514213	1,4,6,9,11,13,16	eh ho lol ata that raw beer
POOL	12536	0.537476838	2,4,5,9,11,14,16	ass know law lotta that rub tel
POOL	12537	0.537461379	2,4,5,9,11,14,16	ass know law lotta that rub dull
POOL	12538	0.537454282	2,4,5,9,11,13,16	ass know law lotta that yeah bare
POOL	12539	0.537448237	2,4,5,9,11,14,16	ass know law lotta that rub all
POOL	12540	0.537393694	2,3,5,9,11,14,16	ass new full lotta that rub ahl
POOL	12541	0.537337136	2,4,5,9,11,14,16	ass know law lotta that rub val
POOL	12542	0.537332214	2,4,5,9,11,14,16	ass know law lotta that rub yell
POOL	12543	0.537320526	2,4,5,9,11,14,16	ass know law lotta vet rub ahl
POOL	12544	0.537239812	2,4,5,9,11,14,16	ass know law lotta that rub hal
POOL	12545	0.537233239	2,4,5,9,11,14,16	ass know law lotta that rub ann
POOL	12546	0.537201494	2,4,5,9,11,14,16	ass know law lotta that rub mel
POOL	12547	0.537185871	2,4,5,9,11,14,16	ass know law lotta that rub belle
POOL	12548	0.537157603	2,3,5,9,11,14,16	ass new full lotta that rub aer
POOL	12549	0.537149593	2,4,5,9,11,14,16	ass know law lotta pfft rub l.'s
POOL	12550	0.537124505	2,4,5,9,11,14,16	ass know law lotta that rub anne
POOL	12551	0.537084435	2,4,5,9,11,14,16	ass know law lotta vet rub aer
POOL	12552	0.537082744	2,4,5,9,11,14,16	ass know law lotta that rub hill
POOL	12553	0.537069766	1,5,8,10,11,12,16	eh whole lot of a are bare
POOL	12554	0.537038071	2,4,5,9,11,13,16	ass know law lotta that raw del
POOL	12555	0.537037373	2,3,5,9,11,14,16	ass new full lotta that rub eel
POOL	12556	0.537008732	2,4,5,9,11,14,16	ass know law lotta that rub full
POOL	12557	0.536964205	2,4,5,9,11,14,16	ass know law lotta vet rub eel
POOL	12558	0.536949973	2,4,5,9,11,14,16	ass know law lotta pfft rub bell
POOL	12559	0.536892905	2,4,5,9,11,14,16	ass know law lotta that rub mal
POOL	12560	0.536832160	2,4,5,9,11,14,16	ass know law lotta that rub null
POOL	12561	0.536825953	2,4,5,9,11,14,16	ass know law lotta that rub dell
POOL	12562	0.536806678	2,4,5,9,11,14,16	ass know law lotta that rub share
POOL	12563	0.536786934	1,5,8,9,11,12,13,16	eh hole lat uhh that air uhh bell
POOL	12564	0.536765359	2,4,5,9,11,14,16	ass know law lotta that rub elf
POOL	12565	0.536760822	2,4,5,9,12,16	ass know law lotta ver -able
POOL	12566	0.536687678	2,4,5,9,11,14,16	ass know law lotta that rub sal
POOL	12567	0.536637735	2,3,5,9,11,14,16	ass new full lotta that rub l.'s
POOL	12568	0.536628361	2,4,5,9,11,14,16	ass know law lotta that rub an
POOL	12569	0.536564567	2,4,5,9,11,14,16	ass know law lotta vet rub l.'s
POOL	12570	0.536528906	2,4,6,9,12,16	us role lol ata true -able
POOL	12571	0.536498289	2,4,9,11,12,16	hee oh lotta that are -able
POOL	12572	0.536464322	2,4,5,9,11,14,16	ass know law lotta that rub r
POOL	12573	0.536450257	2,4,5,9,11,13,16	ass know law lotta that raw pal
POOL	12574	0.536438114	2,3,5,9,11,14,16	ass new full lotta that rub bell
POOL	12575	0.536419303	2,4,5,9,11,14,16	ass know law lotta that rub als
POOL	12576	0.536417818	2,4,6,9,11,16	us oh rear ata that rubble
POOL	12577	0.536391425	2,4,5,9,11,14,16	ass know law lotta pfft rub earle
POOL	12578	0.536384683	2,4,5,9,11,14,16	ass know law lotta pfft rub shall
POOL	12579	0.536364946	2,4,5,9,11,14,16	ass know law lotta vet rub bell
POOL	12580	0.536310877	2,4,5,9,11,14,16	ass know law lotta that rub elk
POOL	12581	0.536288959	2,4,5,9,11,14,16	ass know law lotta that rub fill
POOL	12582	0.536237356	1,5,8,9,11,12,13,16	eh hole lott uhh that air uhh bell
POOL	12583	0.536208779	2,4,5,9,11,13,16	ass know law lotta that raw al
POOL	12584	0.536149714	2,4,5,9,11,14,16	ass know law lotta that rub deal
POOL	12585	0.536144647	2,4,5,9,11,13,16	ass know law lotta that raw baer
POOL	12586	0.536128985	2,4,5,9,11,14,16	ass know law lotta pfft rub shell
POOL	12587	0.536126321	2,4,5,9,11,14,16	ass know law lotta that rub bel
POOL	12588	0.536118493	2,4,5,9,11,14,16	ass know law lotta pfft rub care
POOL	12589	0.536096892	2,4,5,9,11,14,16	ass know law lotta that rub dal
POOL	12590	0.536084939	2,4,5,9,11,14,16	ass know law lotta that rub hair
POOL	12591	0.536083702	2,4,5,9,11,13,16	ass know law lotta that raw bar
POOL	12592	0.536073863	2,4,5,9,11,13,16	ass know law lotta that yeah bull
POOL	12593	0.536026948	2,4,5,9,11,14,16	ass know law lotta that rub uhh
POOL	12594	0.536001791	2,4,5,9,11,14,16	ass know law lotta pfft rub their
POOL	12595	0.536001791	2,4,5,9,11,14,16	ass know law lotta pfft rub there
POOL	12596	0.535986969	2,4,5,9,11,14,16	ass know law lotta that rub halle
POOL	12597	0.535978091	2,4,5,9,11,13,16	ass know law lotta that yeah bil
POOL	12598	0.535966132	2,4,5,9,11,14,16	ass know law lotta that rub elm
POOL	12599	0.535946710	2,4,5,9,11,14,16	ass know law lotta pfft rub bill
POOL	12600	0.535937737	2,4,5,9,11,13,16	ass know law lotta that run pal
POOL	12601	0.535906851	2,4,5,9,11,14,16	ass know law lotta pfft rub law
POOL	12602	0.535903518	2,4,5,9,11,14,16	ass know law lotta pfft rub del
POOL	12603	0.535888380	2,4,5,9,12,16	ass know law lotta tour -able
POOL	12604	0.535879566	2,3,5,9,11,14,16	ass new full lotta that rub earle
POOL	12605	0.535812478	2,4,9,11,12,16	us oh lotta vent are -able
POOL	12606	0.535806398	2,4,5,9,11,14,16	ass know law lotta vet rub earle
POOL	12607	0.535799656	2,4,5,9,11,14,16	ass know law lotta vet rub shall
POOL	12608	0.535795112	2,4,5,9,11,14,16	ass know law lotta that rub bal
POOL	12609	0.535768274	1,4,6,9,11,13,16	eh ho lol ata that raw al
POOL	12610	0.535741690	2,3,4,9,12,16	ass new oh lotta tour -able
POOL	12611	0.535730691	2,4,5,9,11,14,16	ass know law lotta that rub girl
POOL	12612	0.535725839	2,4,5,9,11,14,16	ass know law lotta that rub alf
POOL	12613	0.535707818	1,5,8,10,11,12,16	eh whole lot of a an bell
POOL	12614	0.535704142	1,4,6,9,11,13,16	eh ho lol ata that raw baer
POOL	12615	0.535689348	1,5,8,10,11,12,16	eh whole lot of a are bull
POOL	12616	0.535659456	2,4,5,9,11,14,16	ass know law lotta that rub lal
POOL	12617	0.535645984	2,4,5,9,11,14,16	ass know law lotta that rub alp
POOL	12618	0.535643197	1,4,6,9,11,13,16	eh ho lol ata that raw bar
POOL	12619	0.535632127	2,4,5,9,11,13,16	ass know law lotta that run baer
POOL	12620	0.535617126	2,3,5,9,11,14,16	ass new full lotta that rub shell
POOL	12621	0.535615088	2,4,5,9,11,13,16	ass know law lotta that raw dull
POOL	12622	0.535611793	2,4,5,9,11,14,16	ass know law lotta pfft rub oil
POOL	12623	0.535607420	2,4,5,9,11,14,16	ass know law lotta that rub kal
POOL	12624	0.535605074	2,4,5,9,11,13,16	ass know law lotta that raw bol
POOL	12625	0.535587524	2,4,5,9,11,13,16	ass know law lotta that raw ball
POOL	12626	0.535579909	2,4,5,9,11,13,16	ass know law lotta that raw beale
POOL	12627	0.535561896	2,4,5,9,11,14,16	ass know law lotta pfft rub kill
POOL	12628	0.535552802	2,4,5,9,11,14,16	ass know law lotta that rub fair
POOL	12629	0.535543958	2,4,5,9,11,14,16	ass know law lotta vet rub shell
POOL	12630	0.535533466	2,4,5,9,11,14,16	ass know law lotta vet rub care
POOL	12631	0.535502077	2,4,5,9,11,14,16	ass know law lotta pfft rub in
POOL	12632	0.535434851	2,3,5,9,11,14,16	ass new full lotta that rub bill
POOL	12633	0.535416765	2,4,5,9,11,14,16	ass know law lotta vet rub their
POOL	12634	0.535416765	2,4,5,9,11,14,16	ass know law lotta vet rub there
POOL	12635	0.535391659	2,3,5,9,11,14,16	ass new full lotta that rub del
POOL	12636	0.535386177	2,4,5,9,11,14,16	ass know law lotta that rub nell
POOL	12637	0.535361683	2,4,5,9,11,14,16	ass know law lotta vet rub bill
POOL	12638	0.535346241	2,4,5,9,11,14,16	ass know law lotta pfft rub where
POOL	12639	0.535331343	2,4,5,9,11,14,16	ass know law lotta pfft rub feel
POOL	12640	0.535321824	2,4,5,9,11,14,16	ass know law lotta vet rub law
POOL	12641	0.535318900	2,4,5,9,11,14,16	ass know law lotta that rub eh
POOL	12642	0.535318491	2,4,5,9,11,14,16	ass know law lotta vet rub del
POOL	12643	0.535286956	2,4,5,9,11,14,16	ass know law lotta that rub pell
POOL	12644	0.535273321	2,4,5,9,11,14,16	ass know law lotta pfft rub cal
POOL	12645	0.535262259	2,4,5,9,11,14,16	ass know law lotta that rub will
POOL	12646	0.535241266	2,4,5,9,11,14,16	ass know law lotta that rub mill
POOL	12647	0.535238331	1,5,8,10,11,12,16	eh whole lot of a are beer
POOL	12648	0.535202603	2,4,5,9,11,14,16	ass know law lotta that rub phil
POOL	12649	0.535199239	2,4,5,9,11,14,16	ass know law lotta pfft rub pal
POOL	12650	0.535191052	2,4,5,9,11,14,16	ass know law lotta that rub wear
POOL	12651	0.535184083	2,4,5,9,11,14,16	ass know law lotta that rub nel
POOL	12652	0.535147019	1,4,6,9,11,13,16	eh ho lol ata that raw ball
POOL	12653	0.535139404	1,4,6,9,11,13,16	eh ho lol ata that raw beale
POOL	12654	0.535133500	2,4,5,9,11,14,16	ass know law lotta that rub uh
POOL	12655	0.535122611	2,4,5,9,11,16	ass know law lotta that -able
POOL	12656	0.535099934	2,3,5,9,11,14,16	ass new full lotta that rub oil
POOL	12657	0.535092554	2,4,5,9,11,13,16	ass know law lotta that run bol
POOL	12658	0.535080239	2,4,5,9,11,14,16	ass know law lotta that rub lull
POOL	12659	0.535079251	2,4,5,9,11,13,16	ass know law lotta that raw beal
POOL	12660	0.535067389	2,4,5,9,11,13,16	ass know law lotta that run beale
POOL	12661	0.535050037	2,3,5,9,11,14,16	ass new full lotta that rub kill
POOL	12662	0.535040519	2,4,5,9,12,16	ass know law lotta tree -able
POOL	12663	0.535026766	2,4,5,9,11,14,16	ass know law lotta vet rub oil
POOL	12664	0.534981627	4,6,7,9,12,16	lasso lol ahh ca true -able
POOL	12665	0.534979662	2,4,5,9,11,13,16	ass know law lotta that raw dell
POOL	12666	0.534978153	2,4,5,9,11,14,16	ass know law lotta pfft rub real
POOL	12667	0.534976869	2,4,5,9,11,14,16	ass know law lotta vet rub kill
POOL	12668	0.534976767	2,3,5,9,11,14,16	ass new full lotta that rub are
POOL	12669	0.534966219	2,4,5,9,11,14,16	ass know law lotta pfft rub ear
POOL	12670	0.534917050	2,4,5,9,11,14,16	ass know law lotta vet rub in
POOL	12671	0.534882672	2,4,5,9,11,14,16	ass know law lotta that rub gull
POOL	12672	0.534844938	2,4,5,9,11,14,16	ass know law lotta pfft rub hull
POOL	12673	0.534810666	2,4,5,9,11,14,16	ass know law lotta that rub cul
POOL	12674	0.534786976	2,4,5,9,11,14,16	ass know law lotta that rub lee
POOL	12675	0.534784899	2,4,5,9,11,14,16	ass know law lotta that rub cull
POOL	12676	0.534761462	2,3,5,9,11,14,16	ass new full lotta that rub cal
POOL	12677	0.534761215	2,4,5,9,11,14,16	ass know law lotta vet rub where
POOL	12678	0.534746316	2,4,5,9,11,14,16	ass know law lotta vet rub feel
POOL	12679	0.534730234	2,4,5,9,11,14,16	ass know law lotta that rub mull
POOL	12680	0.534704555	1,5,8,10,11,12,16	eh whole lot of a an bill
POOL	12681	0.534688294	2,4,5,9,11,14,16	ass know law lotta vet rub cal
POOL	12682	0.534687660	2,4,5,9,11,14,16	ass know law lotta that rub un
POOL	12683	0.534687380	2,3,5,9,11,14,16	ass new full lotta that rub pal
POOL	12684	0.534672365	2,4,5,9,11,14,16	ass know law lotta pfft rub gal
POOL	12685	0.534660090	2,4,5,9,11,14,16	ass know law lotta that rub sel
POOL	12686	0.534648095	2,4,5,9,11,14,16	ass know law lotta that rub els
POOL	12687	0.534638746	1,4,6,9,11,13,16	eh ho lol ata that raw beal
POOL	12688	0.534614212	2,4,5,9,11,14,16	ass know law lotta vet rub pal
POOL	12689	0.534571300	2,4,5,9,11,14,16	ass know law lotta that rub sul
POOL	12690	0.534569754	2,4,5,9,11,14,16	ass know law lotta that rub alb
POOL	12691	0.534566731	2,4,5,9,11,13,16	ass know law lotta that run beal
POOL	12692	0.534536778	2,4,5,9,11,14,16	ass know law lotta that rub cel
POOL	12693	0.534510865	2,4,5,9,11,14,16	ass know law lotta that rub gul
POOL	12694	0.534509971	2,4,5,9,11,14,16	ass know law lotta that rub delle
POOL	12695	0.534495993	2,4,5,9,11,14,16	ass know law lotta pfft rub tel
POOL	12696	0.534484482	1,4,6,9,12,16	eh ho lol ata true -able
POOL	12697	0.534480534	2,4,5,9,11,14,16	ass know law lotta pfft rub dull
POOL	12698	0.534454360	2,3,5,9,11,14,16	ass new full lotta that rub ear
POOL	12699	0.534453189	2,4,5,9,11,14,16	ass know law lotta that rub rare
POOL	12700	0.534432618	4,6,9,11,12,16	owe lol ata that real -able
POOL	12701	0.534408458	2,4,5,9,11,14,16	ass know law lotta that rub arr
POOL	12702	0.534406114	1,5,8,10,16	eh whole lat of terrible
POOL	12703	0.534403980	2,4,5,9,11,13,16	ass know law lotta that raw belt
POOL	12704	0.534393126	2,4,5,9,11,14,16	ass know law lotta vet rub real
POOL	12705	0.534381192	2,4,5,9,11,14,16	ass know law lotta vet rub ear
POOL	12706	0.534376871	2,4,5,9,11,14,16	ass know law lotta pfft rub year
POOL	12707	0.534372719	2,4,5,9,11,14,16	ass know law lotta that rub fel
POOL	12708	0.534366398	2,4,5,9,11,13,16	ass know law lotta that raw biel
POOL	12709	0.534356291	2,4,5,9,11,14,16	ass know law lotta pfft rub val
POOL	12710	0.534351369	2,4,5,9,11,14,16	ass know law lotta pfft rub yell
POOL	12711	0.534333079	2,3,5,9,11,14,16	ass new full lotta that rub hull
POOL	12712	0.534321684	1,5,8,10,11,12,16	eh whole lot of a are del
POOL	12713	0.534311351	2,4,5,9,11,14,16	ass know law lotta pfft rub and
POOL	12714	0.534302575	2,4,5,9,11,14,16	ass know law lotta that rub kell
POOL	12715	0.534266625	2,4,5,9,11,14,16	ass know law lotta that rub en
POOL	12716	0.534259911	2,4,5,9,11,14,16	ass know law lotta vet rub hull
POOL	12717	0.534258968	2,4,5,9,11,14,16	ass know law lotta pfft rub hal
POOL	12718	0.534252394	2,4,5,9,11,14,16	ass know law lotta pfft rub ann
POOL	12719	0.534250601	2,4,5,9,11,13,16	ass know law lotta that raw dal
POOL	12720	0.534230791	2,4,5,9,11,14,16	ass know law lotta that rub pair
POOL	12721	0.534220650	2,4,5,9,11,14,16	ass know law lotta pfft rub mel
POOL	12722	0.534205026	2,4,5,9,11,14,16	ass know law lotta pfft rub belle
POOL	12723	0.534201032	2,4,5,9,11,14,16	ass know law lotta that rub bear
POOL	12724	0.534160507	2,3,5,9,11,14,16	ass new full lotta that rub gal
POOL	12725	0.534144965	2,4,5,9,11,14,16	ass know law lotta pfft rub as
POOL	12726	0.534143660	2,4,5,9,11,14,16	ass know law lotta pfft rub anne
POOL	12727	0.534129818	1,5,8,10,11,12,16	eh whole lot of a her bear
POOL	12728	0.534101899	2,4,5,9,11,14,16	ass know law lotta pfft rub hill
POOL	12729	0.534087339	2,4,5,9,11,14,16	ass know law lotta vet rub gal
POOL	12730	0.534071774	2,4,5,9,11,14,16	ass know law lotta that rub knell
POOL	12731	0.534054555	2,4,5,9,11,14,16	ass know law lotta that rub 'til
POOL	12732	0.534033883	2,4,5,9,11,14,16	ass know law lotta that rub pill
POOL	12733	0.534027888	2,4,5,9,11,14,16	ass know law lotta pfft rub full
POOL	12734	0.533984135	2,3,5,9,11,14,16	ass new full lotta that rub tel
POOL	12735	0.533978930	2,4,5,9,11,14,16	ass know law lotta that rub la
POOL	12736	0.533971756	2,4,5,9,11,14,16	ass know law lotta that rub ulm
POOL	12737	0.533971395	2,4,6,9,11,16	us oath lol ata that rubble
POOL	12738	0.533968676	2,3,5,9,11,14,16	ass new full lotta that rub dull
POOL	12739	0.533963475	1,4,6,9,11,13,16	eh ho lol ata that raw belt
POOL	12740	0.533955533	2,3,5,9,11,14,16	ass new full lotta that rub all
POOL	12741	0.533925893	1,4,6,9,11,13,16	eh ho lol ata that raw biel
POOL	12742	0.533912060	2,4,5,9,11,14,16	ass know law lotta pfft rub mal
POOL	12743	0.533910967	2,4,5,9,11,14,16	ass know law lotta vet rub tel
POOL	12744	0.533902974	2,4,5,9,11,14,16	ass know law lotta that rub ulf
POOL	12745	0.533895508	2,4,5,9,11,14,16	ass know law lotta vet rub dull
POOL	12746	0.533853878	2,4,5,9,11,13,16	ass know law lotta that run biel
POOL	12747	0.533851316	2,4,5,9,11,14,16	ass know law lotta pfft rub null
POOL	12748	0.533845108	2,4,5,9,11,14,16	ass know law lotta pfft rub dell
POOL	12749	0.533844433	2,3,5,9,11,14,16	ass new full lotta that rub val
POOL	12750	0.533840747	2,4,5,9,11,16	ass know law lotta pfft rubble
POOL	12751	0.533839510	2,3,5,9,11,14,16	ass new full lotta that rub yell
POOL	12752	0.533825834	2,4,5,9,11,14,16	ass know law lotta pfft rub share
POOL	12753	0.533812775	2,4,5,9,11,13,16	ass know law lotta that yeah baer
POOL	12754	0.533809656	2,4,5,9,11,14,16	ass know law lotta that rub ar
POOL	12755	0.533804479	4,6,9,11,12,16	hoes lol ata that are -able
POOL	12756	0.533791844	2,4,5,9,11,14,16	ass know law lotta vet rub year
POOL	12757	0.533784514	2,4,5,9,11,14,16	ass know law lotta pfft rub elf
POOL	12758	0.533782382	2,4,5,9,11,14,16	ass know law lotta that rub owl
POOL	12759	0.533775334	2,4,5,9,11,14,16	ass know law lotta that rub n
POOL	12760	0.533771265	2,4,5,9,11,14,16	ass know law lotta vet rub val
POOL	12761	0.533766342	2,4,5,9,11,14,16	ass know law lotta vet rub yell
POOL	12762	0.533747109	2,3,5,9,11,14,16	ass new full lotta that rub hal
POOL	12763	0.533740535	2,3,5,9,11,14,16	ass new full lotta that rub ann
POOL	12764	0.533738081	2,4,5,9,11,13,16	ass know law lotta that run dal
POOL	12765	0.533732639	1,4,6,9,11,16	eh ho lol ata that rubble
POOL	12766	0.533726324	2,4,5,9,11,14,16	ass know law lotta vet rub and
POOL	12767	0.533708791	2,3,5,9,11,14,16	ass new full lotta that rub mel
POOL	12768	0.533706833	2,4,5,9,11,14,16	ass know law lotta pfft rub sal
POOL	12769	0.533693168	2,3,5,9,11,14,16	ass new full lotta that rub belle
POOL	12770	0.533679049	2,4,5,9,11,16	ass know law lotta vet rubble
POOL	12771	0.533673941	2,4,5,9,11,14,16	ass know law lotta vet rub hal
POOL	12772	0.533672996	2,4,5,9,11,14,16	ass know law lotta that rub isle
POOL	12773	0.533667367	2,4,5,9,11,14,16	ass know law lotta vet rub ann
POOL	12774	0.533642026	2,3,4,9,11,16	ass new new lotta that rubble
POOL	12775	0.533635623	2,4,5,9,11,14,16	ass know law lotta vet rub mel
POOL	12776	0.533631802	2,3,5,9,11,14,16	ass new full lotta that rub anne
POOL	12777	0.533625555	2,4,5,9,11,14,16	ass know law lotta pfft rub or
POOL	12778	0.533620000	2,4,5,9,11,14,16	ass know law lotta vet rub belle
POOL	12779	0.533617753	2,4,7,9,11,16	us oh layla ca that rubble
POOL	12780	0.533590041	2,3,5,9,11,14,16	ass new full lotta that rub hill
POOL	12781	0.533582195	2,4,5,9,11,14,16	ass know law lotta that rub lil
POOL	12782	0.533559939	2,4,5,9,11,14,16	ass know law lotta vet rub as
POOL	12783	0.533558634	2,4,5,9,11,14,16	ass know law lotta vet rub anne
POOL	12784	0.533557129	2,4,5,9,11,13,16	ass know law lotta that raw pell
POOL	12785	0.533516873	2,4,5,9,11,14,16	ass know law lotta vet rub hill
POOL	12786	0.533509273	2,4,5,9,11,14,16	ass know law lotta that rub aar
POOL	12787	0.533483477	2,4,5,9,11,14,16	ass know law lotta pfft rub r
POOL	12788	0.533458953	2,4,5,9,11,14,16	ass know law lotta that rub ahn
POOL	12789	0.533442861	2,4,5,9,11,14,16	ass know law lotta vet rub full
POOL	12790	0.533438458	2,4,5,9,11,14,16	ass know law lotta pfft rub als
POOL	12791	0.533415195	2,4,5,9,11,13,16	ass know law lotta that raw bulk
POOL	12792	0.533400201	2,3,5,9,11,14,16	ass new full lotta that rub mal
POOL	12793	0.533365582	1,4,6,9,11,12,16	eh ho lol ata that air bell
POOL	12794	0.533359389	2,4,5,9,11,14,16	ass know law lotta that rub aisle
POOL	12795	0.533339457	2,3,5,9,11,14,16	ass new full lotta that rub null
POOL	12796	0.533333250	2,3,5,9,11,14,16	ass new full lotta that rub dell
POOL	12797	0.533330032	2,4,5,9,11,14,16	ass know law lotta pfft rub elk
POOL	12798	0.533327033	2,4,5,9,11,14,16	ass know law lotta vet rub mal
POOL	12799	0.533323860	2,4,5,9,11,13,16	ass know law lotta that raw ben
POOL	12800	0.533308114	2,4,5,9,11,14,16	ass know law lotta pfft rub fill
POOL	12801	0.533273203	2,4,5,9,11,13,16	ass know law lotta that yeah bol
POOL	12802	0.533272655	2,3,5,9,11,14,16	ass new full lotta that rub elf
POOL	12803	0.533266289	2,4,5,9,11,14,16	ass know law lotta vet rub null
POOL	12804	0.533260081	2,4,5,9,11,14,16	ass know law lotta vet rub dell
POOL	12805	0.533248038	2,4,5,9,11,13,16	ass know law lotta that yeah beale
POOL	12806	0.533243078	2,4,5,9,11,14,16	ass know law lotta that rub shall
POOL	12807	0.533240807	2,4,5,9,11,14,16	ass know law lotta vet rub share
POOL	12808	0.533199487	2,4,5,9,11,14,16	ass know law lotta vet rub elf
POOL	12809	0.533194975	2,3,5,9,11,14,16	ass new full lotta that rub sal
POOL	12810	0.533170704	2,4,5,9,11,14,16	ass know law lotta that rub mil
POOL	12811	0.533168869	2,4,5,9,11,14,16	ass know law lotta pfft rub deal
POOL	12812	0.533147357	2,4,5,9,11,13,16	ass know law lotta that raw ban
POOL	12813	0.533145477	2,4,5,9,11,14,16	ass know law lotta pfft rub bel
POOL	12814	0.533135658	2,3,5,9,11,14,16	ass new full lotta that rub an
POOL	12815	0.533121807	2,4,5,9,11,14,16	ass know law lotta vet rub sal
POOL	12816	0.533116048	2,4,5,9,11,14,16	ass know law lotta pfft rub dal
POOL	12817	0.533104095	2,4,5,9,11,14,16	ass know law lotta pfft rub hair
POOL	12818	0.533046103	2,4,5,9,11,14,16	ass know law lotta pfft rub uhh
POOL	12819	0.533044609	2,4,5,9,11,13,16	ass know law lotta that run pell
POOL	12820	0.533040529	2,4,5,9,11,14,16	ass know law lotta vet rub or
POOL	12821	0.533008931	2,4,5,9,11,14,16	ass know law lotta that rub ale
POOL	12822	0.533006124	2,4,5,9,11,14,16	ass know law lotta pfft rub halle
POOL	12823	0.532985287	2,4,5,9,11,14,16	ass know law lotta pfft rub elm
POOL	12824	0.532971619	2,3,5,9,11,14,16	ass new full lotta that rub r
POOL	12825	0.532926600	2,3,5,9,11,14,16	ass new full lotta that rub als
POOL	12826	0.532913842	2,3,4,6,7,11,16	ass new oh really ahh tut rubble
POOL	12827	0.532898451	2,4,5,9,11,14,16	ass know law lotta vet rub r
POOL	12828	0.532883355	1,4,6,9,11,13,16	eh ho lol ata that raw ben
POOL	12829	0.532879818	1,5,8,10,11,12,16	eh whole lot of a all bear
POOL	12830	0.532860187	2,4,5,9,11,14,16	ass know law lotta that rub their
POOL	12831	0.532860187	2,4,5,9,11,14,16	ass know law lotta that rub there
POOL	12832	0.532854530	2,4,5,9,11,14,16	ass know law lotta that rub gill
POOL	12833	0.532853432	2,4,5,9,11,14,16	ass know law lotta vet rub als
POOL	12834	0.532818173	2,3,5,9,11,14,16	ass new full lotta that rub elk
POOL	12835	0.532814267	2,4,5,9,11,14,16	ass know law lotta pfft rub bal
POOL	12836	0.532796256	2,3,5,9,11,14,16	ass new full lotta that rub fill
POOL	12837	0.532749846	2,4,5,9,11,14,16	ass know law lotta pfft rub girl
POOL	12838	0.532747380	2,4,5,9,11,13,16	ass know law lotta that yeah beal
POOL	12839	0.532745005	2,4,5,9,11,14,16	ass know law lotta vet rub elk
POOL	12840	0.532744994	2,4,5,9,11,14,16	ass know law lotta pfft rub alf
POOL	12841	0.532738805	2,3,4,6,7,11,16	ass new oh really awe tut rubble
POOL	12842	0.532723088	2,4,5,9,11,14,16	ass know law lotta vet rub fill
POOL	12843	0.532721249	2,4,5,9,11,14,16	ass know law lotta that rub pull
POOL	12844	0.532718729	2,4,5,9,11,14,16	ass know law lotta that rub tear
POOL	12845	0.532706852	1,4,6,9,11,13,16	eh ho lol ata that raw ban
POOL	12846	0.532696842	2,4,5,9,11,16	ass know law lotta too rubble
POOL	12847	0.532678611	2,4,5,9,11,14,16	ass know law lotta pfft rub lal
POOL	12848	0.532665140	2,4,5,9,11,14,16	ass know law lotta pfft rub alp
POOL	12849	0.532663680	2,4,5,9,11,13,16	ass know law lotta that raw delle
POOL	12850	0.532659577	2,4,5,9,11,14,16	ass know law lotta that rub rule
POOL	12851	0.532651303	2,4,5,9,11,13,16	ass know law lotta that raw bells
POOL	12852	0.532633618	2,3,5,9,11,14,16	ass new full lotta that rub bel
POOL	12853	0.532629185	2,4,5,9,11,14,16	ass know law lotta that rub gil
POOL	12854	0.532626575	2,4,5,9,11,14,16	ass know law lotta pfft rub kal
POOL	12855	0.532604189	2,3,5,9,11,14,16	ass new full lotta that rub dal
POOL	12856	0.532583843	2,4,5,9,11,14,16	ass know law lotta vet rub deal
POOL	12857	0.532571957	2,4,5,9,11,14,16	ass know law lotta pfft rub fair
POOL	12858	0.532560450	2,4,5,9,11,14,16	ass know law lotta vet rub bel
POOL	12859	0.532550695	1,4,6,9,12,16	eh ho lol ata ver -able
POOL	12860	0.532550152	2,3,4,9,11,16	ass new oh lotta too rubble
POOL	12861	0.532534245	2,3,5,9,11,14,16	ass new full lotta that rub uhh
POOL	12862	0.532531021	2,4,5,9,11,14,16	ass know law lotta vet rub dal
POOL	12863	0.532528572	1,4,6,9,11,13,16	eh ho lol ata that raw air
POOL	12864	0.532519068	2,4,5,9,11,14,16	ass know law lotta vet rub hair
POOL	12865	0.532494265	2,3,5,9,11,14,16	ass new full lotta that rub halle
POOL	12866	0.532473428	2,3,5,9,11,14,16	ass new full lotta that rub elm
POOL	12867	0.532461076	2,4,5,9,11,14,16	ass know law lotta vet rub uhh
POOL	12868	0.532460082	2,3,4,9,12,16	ass new new lotta ver -able
POOL	12869	0.532459289	2,4,5,9,11,14,16	ass know law lotta pfft rub on
POOL	12870	0.532421097	2,4,5,9,11,14,16	ass know law lotta vet rub halle
POOL	12871	0.532405563	2,4,5,9,11,14,16	ass know law lotta pfft rub they're
POOL	12872	0.532405333	2,4,5,9,11,14,16	ass know law lotta pfft rub nell
POOL	12873	0.532400260	2,4,5,9,11,14,16	ass know law lotta vet rub elm
POOL	12874	0.532362318	1,4,6,9,11,12,16	eh ho lol ata that air bill
POOL	12875	0.532360473	2,4,5,9,11,14,16	ass know law lotta that rub in
POOL	12876	0.532359604	1,5,8,10,11,12,16	eh whole lot of a for bell
POOL	12877	0.532338055	2,4,5,9,11,14,16	ass know law lotta pfft rub eh
POOL	12878	0.532306112	2,4,5,9,11,14,16	ass know law lotta pfft rub pell
POOL	12879	0.532304056	2,4,5,9,11,13,16	ass know law lotta that raw pill
POOL	12880	0.532302409	2,3,5,9,11,14,16	ass new full lotta that rub bal
POOL	12881	0.532260421	2,4,5,9,11,14,16	ass know law lotta pfft rub mill
POOL	12882	0.532233135	2,3,5,9,11,14,16	ass new full lotta that rub alf
POOL	12883	0.532229240	2,4,5,9,11,14,16	ass know law lotta vet rub bal
POOL	12884	0.532221758	2,4,5,9,11,14,16	ass know law lotta pfft rub phil
POOL	12885	0.532220505	2,6,9,11,12,16	huh ole ata that are -able
POOL	12886	0.532210798	1,4,6,9,11,13,16	eh ho lol ata that raw bells
POOL	12887	0.532210208	2,4,5,9,11,14,16	ass know law lotta pfft rub wear
POOL	12888	0.532204637	2,4,5,9,11,14,16	ass know law lotta that rub where
POOL	12889	0.532203239	2,4,5,9,11,14,16	ass know law lotta pfft rub nel
POOL	12890	0.532166752	2,3,5,9,11,14,16	ass new full lotta that rub lal
POOL	12891	0.532164820	2,4,5,9,11,14,16	ass know law lotta vet rub girl
POOL	12892	0.532159967	2,4,5,9,11,14,16	ass know law lotta vet rub alf
POOL	12893	0.532153281	2,3,5,9,11,14,16	ass new full lotta that rub alp
POOL	12894	0.532152655	2,4,5,9,11,14,16	ass know law lotta pfft rub uh
POOL	12895	0.532140980	2,4,5,9,11,14,16	ass know law lotta that rub bare
POOL	12896	0.532114716	2,3,5,9,11,14,16	ass new full lotta that rub kal
POOL	12897	0.532099394	2,4,5,9,11,14,16	ass know law lotta pfft rub lull
POOL	12898	0.532093584	2,4,5,9,11,14,16	ass know law lotta vet rub lal
POOL	12899	0.532080113	2,4,5,9,11,14,16	ass know law lotta vet rub alp
POOL	12900	0.532069766	1,5,8,10,11,12,16	eh whole lot of a her bare
POOL	12901	0.532066769	2,4,5,9,11,13,16	ass know law lotta that raw -able
POOL	12902	0.532059776	2,4,5,7,11,16	ahh oh all la cut arable
POOL	12903	0.532041548	2,4,5,9,11,14,16	ass know law lotta vet rub kal
POOL	12904	0.532034526	2,4,5,9,11,13,16	ass know law lotta that yeah biel
POOL	12905	0.532028700	2,4,5,9,11,14,16	ass know law lotta that rub nil
POOL	12906	0.532009812	2,4,5,9,11,14,16	ass know law lotta that rub fil
POOL	12907	0.531986930	2,4,5,9,11,14,16	ass know law lotta vet rub fair
POOL	12908	0.531983974	2,4,5,9,11,12,16	ass know law lotta pfft are bell
POOL	12909	0.531983280	2,4,5,9,11,14,16	ass know law lotta that rub inn
POOL	12910	0.531972079	2,3,4,9,12,16	ass new new lotta ter -able
POOL	12911	0.531971691	1,5,8,10,11,16	eh whole lot of at trouble
POOL	12912	0.531901827	2,4,5,9,11,14,16	ass know law lotta pfft rub gull
POOL	12913	0.531895543	2,4,5,9,11,13,16	ass know law lotta that raw el
POOL	12914	0.531893474	2,3,5,9,11,14,16	ass new full lotta that rub nell
POOL	12915	0.531889950	2,4,5,9,11,14,16	ass know law lotta that rub wil
POOL	12916	0.531874262	2,4,5,9,11,14,16	ass know law lotta vet rub on
POOL	12917	0.531860738	2,4,5,9,11,14,16	ass know law lotta that rub lou
POOL	12918	0.531829821	2,4,5,9,11,14,16	ass know law lotta pfft rub cul
POOL	12919	0.531826197	2,3,5,9,11,14,16	ass new full lotta that rub eh
POOL	12920	0.531820536	2,4,5,9,11,14,16	ass know law lotta vet rub they're
POOL	12921	0.531820306	2,4,5,9,11,14,16	ass know law lotta vet rub nell
POOL	12922	0.531806131	2,4,5,9,11,14,16	ass know law lotta pfft rub lee
POOL	12923	0.531804054	2,4,5,9,11,14,16	ass know law lotta pfft rub cull
POOL	12924	0.531794253	2,3,5,9,11,14,16	ass new full lotta that rub pell
POOL	12925	0.531784242	2,4,5,9,11,13,16	ass know law lotta that raw bulb
POOL	12926	0.531769555	2,3,5,9,11,14,16	ass new full lotta that rub will
POOL	12927	0.531753028	2,4,5,9,11,14,16	ass know law lotta vet rub eh
POOL	12928	0.531749389	2,4,5,9,11,14,16	ass know law lotta pfft rub mull
POOL	12929	0.531748563	2,3,5,9,11,14,16	ass new full lotta that rub mill
POOL	12930	0.531721085	2,4,5,9,11,14,16	ass know law lotta vet rub pell
POOL	12931	0.531712425	5,7,11,16	whole la cut rub
POOL	12932	0.531709900	2,3,5,9,11,14,16	ass new full lotta that rub phil
POOL	12933	0.531706815	2,4,5,9,11,14,16	ass know law lotta pfft rub un
POOL	12934	0.531691380	2,3,5,9,11,14,16	ass new full lotta that rub nel
POOL	12935	0.531679245	2,4,5,9,11,14,16	ass know law lotta pfft rub sel
POOL	12936	0.531675394	2,4,5,9,11,14,16	ass know law lotta vet rub mill
POOL	12937	0.531667250	2,4,5,9,11,14,16	ass know law lotta pfft rub els
POOL	12938	0.531640796	2,3,5,9,11,14,16	ass new full lotta that rub uh
POOL	12939	0.531636731	2,4,5,9,11,14,16	ass know law lotta vet rub phil
POOL	12940	0.531626264	1,4,6,9,11,13,16	eh ho lol ata that raw -able
POOL	12941	0.531625181	2,4,5,9,11,14,16	ass know law lotta vet rub wear
POOL	12942	0.531618212	2,4,5,9,11,14,16	ass know law lotta vet rub nel
POOL	12943	0.531590456	2,4,5,9,11,14,16	ass know law lotta pfft rub sul
POOL	12944	0.531588909	2,4,5,9,11,14,16	ass know law lotta pfft rub alb
POOL	12945	0.531587536	2,3,5,9,11,14,16	ass new full lotta that rub lull
POOL	12946	0.531576208	2,6,9,11,12,16	us ole ata that work -able
POOL	12947	0.531567628	2,4,5,9,11,14,16	ass know law lotta vet rub uh
POOL	12948	0.531555933	2,4,5,9,11,14,16	ass know law lotta pfft rub cel
POOL	12949	0.531554249	2,4,5,9,11,13,16	ass know law lotta that run -able
POOL	12950	0.531530021	2,4,5,9,11,14,16	ass know law lotta pfft rub gul
POOL	12951	0.531529725	2,4,5,9,11,14,16	ass know law lotta that rub ville
POOL	12952	0.531529127	2,4,5,9,11,14,16	ass know law lotta pfft rub delle
POOL	12953	0.531514367	2,4,5,9,11,14,16	ass know law lotta vet rub lull
POOL	12954	0.531476867	2,4,5,9,11,14,16	ass know law lotta that rub dill
POOL	12955	0.531472344	2,4,5,9,11,14,16	ass know law lotta pfft rub rare
POOL	12956	0.531427614	2,4,5,9,11,14,16	ass know law lotta pfft rub arr
POOL	12957	0.531394048	1,5,8,9,11,12,14,16	eh hole lat uhh that air up al
POOL	12958	0.531391874	2,4,5,9,11,14,16	ass know law lotta pfft rub fel
POOL	12959	0.531389969	2,3,5,9,11,14,16	ass new full lotta that rub gull
POOL	12960	0.531369423	2,4,5,9,11,14,16	ass know law lotta that rub fare
POOL	12961	0.531356340	1,5,8,10,11,12,16	eh whole lot of a for bill
POOL	12962	0.531321731	2,4,5,9,11,14,16	ass know law lotta pfft rub kell
POOL	12963	0.531317962	2,3,5,9,11,14,16	ass new full lotta that rub cul
POOL	12964	0.531316800	2,4,5,9,11,14,16	ass know law lotta vet rub gull
POOL	12965	0.531302089	2,4,5,9,11,14,16	ass know law lotta that rub leigh
POOL	12966	0.531296815	2,4,5,9,11,13,16	ass know law lotta that raw l
POOL	12967	0.531296011	2,4,9,11,12,16	us oh lotta vic tell -able
POOL	12968	0.531293551	2,4,5,9,11,13,16	ass know law lotta that raw elle
POOL	12969	0.531292196	2,3,5,9,11,14,16	ass new full lotta that rub cull
POOL	12970	0.531285780	2,4,5,9,11,14,16	ass know law lotta pfft rub en
POOL	12971	0.531249947	2,4,5,9,11,14,16	ass know law lotta pfft rub pair
POOL	12972	0.531244794	2,4,5,9,11,14,16	ass know law lotta vet rub cul
POOL	12973	0.531237530	2,3,5,9,11,14,16	ass new full lotta that rub mull
POOL	12974	0.531221105	2,4,5,9,11,14,16	ass know law lotta vet rub lee
POOL	12975	0.531220187	2,4,5,9,11,14,16	ass know law lotta pfft rub bear
POOL	12976	0.531219027	2,4,5,9,11,14,16	ass know law lotta vet rub cull
POOL	12977	0.531217283	2,4,5,9,11,14,16	ass know law lotta that rub ills
POOL	12978	0.531194957	2,3,5,9,11,14,16	ass new full lotta that rub un
POOL	12979	0.531183025	2,4,5,9,11,14,16	ass know law lotta that rub sill
POOL	12980	0.531169747	2,4,5,9,11,14,16	ass know law lotta that rub and
POOL	12981	0.531167387	2,3,5,9,11,14,16	ass new full lotta that rub sel
POOL	12982	0.531164362	2,4,5,9,11,14,16	ass know law lotta vet rub mull
POOL	12983	0.531156421	2,4,5,9,11,14,16	ass know law lotta that rub sil
POOL	12984	0.531155391	2,3,5,9,11,14,16	ass new full lotta that rub els
POOL	12985	0.531138479	2,4,5,9,11,14,16	ass know law lotta that rub lille
POOL	12986	0.531121789	2,4,5,9,11,14,16	ass know law lotta vet rub un
POOL	12987	0.531109116	2,4,5,9,11,14,16	ass know law lotta that rub aired
POOL	12988	0.531094219	2,4,5,9,11,14,16	ass know law lotta vet rub sel
POOL	12989	0.531090929	2,4,5,9,11,14,16	ass know law lotta pfft rub knell
POOL	12990	0.531084249	2,6,7,9,11,16	us ole ahh outta that rubble
POOL	12991	0.531082223	2,4,5,9,11,14,16	ass know law lotta vet rub els
POOL	12992	0.531078597	2,3,5,9,11,14,16	ass new full lotta that rub sul
POOL	12993	0.531077051	2,3,5,9,11,14,16	ass new full lotta that rub alb
POOL	12994	0.531076189	4,6,7,9,12,16	ahold lol ahh tun true -able
POOL	12995	0.531073711	2,4,5,9,11,14,16	ass know law lotta pfft rub 'til
POOL	12996	0.531072553	2,4,5,9,11,14,16	ass know law lotta that rub ile
POOL	12997	0.531053038	2,4,5,9,11,14,16	ass know law lotta pfft rub pill
POOL	12998	0.531044075	2,3,5,9,11,14,16	ass new full lotta that rub cel
POOL	12999	0.531037937	2,4,5,9,11,14,16	ass know law lotta that rub ne'er
POOL	13000	0.531020593	2,4,5,9,11,16	ass know law lotta pfft -able
POOL	13001	0.531018162	2,3,5,9,11,14,16	ass new full lotta that rub gul
POOL	13002	0.531017268	2,3,5,9,11,14,16	ass new full lotta that rub delle
POOL	13003	0.531005429	2,4,5,9,11,14,16	ass know law lotta vet rub sul
POOL	13004	0.531003883	2,4,5,9,11,14,16	ass know law lotta vet rub alb
POOL	13005	0.531003361	2,4,5,9,11,14,16	ass know law lotta that rub as
POOL	13006	0.530998086	2,4,5,9,11,14,16	ass know law lotta pfft rub la
POOL	13007	0.530990912	2,4,5,9,11,14,16	ass know law lotta pfft rub ulm
POOL	13008	0.530980711	2,4,5,9,11,12,16	ass know law lotta pfft are bill
POOL	13009	0.530970907	2,4,5,9,11,14,16	ass know law lotta vet rub cel
POOL	13010	0.530967868	2,4,5,9,11,14,16	ass know law lotta that rub ilk
POOL	13011	0.530944994	2,4,5,9,11,14,16	ass know law lotta vet rub gul
POOL	13012	0.530944100	2,4,5,9,11,14,16	ass know law lotta vet rub delle
POOL	13013	0.530922130	2,4,5,9,11,14,16	ass know law lotta pfft rub ulf
POOL	13014	0.530915755	2,3,5,9,11,14,16	ass new full lotta that rub arr
POOL	13015	0.530895882	2,4,5,9,11,14,16	ass know law lotta pfft rub till
POOL	13016	0.530887317	2,4,5,9,11,14,16	ass know law lotta vet rub rare
POOL	13017	0.530880015	2,3,5,9,11,14,16	ass new full lotta that rub fel
POOL	13018	0.530858895	2,4,5,9,11,16	ass know law lotta vet -able
POOL	13019	0.530842587	2,4,5,9,11,14,16	ass know law lotta vet rub arr
POOL	13020	0.530828812	2,4,5,9,11,14,16	ass know law lotta pfft rub ar
POOL	13021	0.530819766	1,5,8,10,11,12,16	eh whole lot of a all bare
POOL	13022	0.530809872	2,3,5,9,11,14,16	ass new full lotta that rub kell
POOL	13023	0.530806847	2,4,5,9,11,14,16	ass know law lotta vet rub fel
POOL	13024	0.530801538	2,4,5,9,11,14,16	ass know law lotta pfft rub owl
POOL	13025	0.530794489	2,4,5,9,11,14,16	ass know law lotta pfft rub n
POOL	13026	0.530777680	2,4,5,9,11,14,16	ass know law lotta that rub lea
POOL	13027	0.530773922	2,3,5,9,11,14,16	ass new full lotta that rub en
POOL	13028	0.530738875	2,4,5,9,11,13,16	ass know law lotta that raw barr
POOL	13029	0.530736704	2,4,5,9,11,14,16	ass know law lotta vet rub kell
POOL	13030	0.530702546	2,4,5,9,11,14,16	ass know law lotta that rub mille
POOL	13031	0.530700754	2,4,5,9,11,14,16	ass know law lotta vet rub en
POOL	13032	0.530692152	2,4,5,9,11,14,16	ass know law lotta pfft rub isle
POOL	13033	0.530689359	2,4,5,9,11,14,16	ass know law lotta that rub le
POOL	13034	0.530689348	1,5,8,10,11,12,16	eh whole lot of a her bull
POOL	13035	0.530664920	2,4,5,9,11,14,16	ass know law lotta vet rub pair
POOL	13036	0.530664790	2,4,5,9,11,14,16	ass know law lotta that rub bil
POOL	13037	0.530635160	2,4,5,9,11,14,16	ass know law lotta vet rub bear
POOL	13038	0.530620635	1,4,6,9,11,12,16	eh ho lol ata that air belle
POOL	13039	0.530604046	2,4,5,9,11,14,16	ass know law lotta that rub pil
POOL	13040	0.530601350	2,4,5,9,11,14,16	ass know law lotta pfft rub lil
POOL	13041	0.530579071	2,3,5,9,11,14,16	ass new full lotta that rub knell
POOL	13042	0.530561852	2,3,5,9,11,14,16	ass new full lotta that rub 'til
POOL	13043	0.530541180	2,3,5,9,11,14,16	ass new full lotta that rub pill
POOL	13044	0.530539590	2,4,5,9,11,14,16	ass know law lotta that rub hare
POOL	13045	0.530528428	2,4,5,9,11,14,16	ass know law lotta pfft rub aar
POOL	13046	0.530505903	2,4,5,9,11,14,16	ass know law lotta vet rub knell
POOL	13047	0.530503008	1,4,6,9,11,13,16	eh ho lol ata that raw bills
POOL	13048	0.530488684	2,4,5,9,11,14,16	ass know law lotta vet rub 'til
POOL	13049	0.530483951	2,4,5,9,11,14,16	ass know law lotta that rub or
POOL	13050	0.530479053	2,3,5,9,11,14,16	ass new full lotta that rub ulm
POOL	13051	0.530478108	2,4,5,9,11,14,16	ass know law lotta pfft rub ahn
POOL	13052	0.530468011	2,4,5,9,11,14,16	ass know law lotta vet rub pill
POOL	13053	0.530444005	2,4,5,9,11,14,16	ass know law lotta that rub lieu
POOL	13054	0.530424175	2,4,5,9,11,14,16	ass know law lotta that rub shill
POOL	13055	0.530413059	2,4,5,9,11,14,16	ass know law lotta vet rub la
POOL	13056	0.530410271	2,3,5,9,11,14,16	ass new full lotta that rub ulf
POOL	13057	0.530405885	2,4,5,9,11,14,16	ass know law lotta vet rub ulm
POOL	13058	0.530378544	2,4,5,9,11,14,16	ass know law lotta pfft rub aisle
POOL	13059	0.530361222	2,4,5,9,11,14,16	ass know law lotta that rub mare
POOL	13060	0.530337103	2,4,5,9,11,14,16	ass know law lotta vet rub ulf
POOL	13061	0.530330731	2,6,7,9,11,16	ahh ole ahh ca that arable
POOL	13062	0.530316953	2,3,5,9,11,14,16	ass new full lotta that rub ar
POOL	13063	0.530310855	2,4,5,9,11,14,16	ass know law lotta vet rub till
POOL	13064	0.530298370	1,4,6,9,11,13,16	eh ho lol ata that raw barr
POOL	13065	0.530289679	2,3,5,9,11,14,16	ass new full lotta that rub owl
POOL	13066	0.530282631	2,3,5,9,11,14,16	ass new full lotta that rub n
POOL	13067	0.530243785	2,4,5,9,11,14,16	ass know law lotta vet rub ar
POOL	13068	0.530238331	1,5,8,10,11,12,16	eh whole lot of a her beer
POOL	13069	0.530216511	2,4,5,9,11,14,16	ass know law lotta vet rub owl
POOL	13070	0.530209463	2,4,5,9,11,14,16	ass know law lotta vet rub n
POOL	13071	0.530208616	2,4,5,9,11,14,16	ass know law lotta that rub ware
POOL	13072	0.530189860	2,4,5,9,11,14,16	ass know law lotta pfft rub mil
POOL	13073	0.530180293	2,3,5,9,11,14,16	ass new full lotta that rub isle
POOL	13074	0.530164534	2,4,5,9,11,13,16	ass know law lotta that raw ell
POOL	13075	0.530122667	2,4,5,9,11,14,16	ass know law lotta that rub airs
POOL	13076	0.530121362	4,7,9,11,12,16	ahoy la ca that are -able
POOL	13077	0.530112274	2,4,5,9,11,14,16	ass know law lotta that rub heirs
POOL	13078	0.530107125	2,4,5,9,11,14,16	ass know law lotta vet rub isle
POOL	13079	0.530089491	2,3,5,9,11,14,16	ass new full lotta that rub lil
POOL	13080	0.530082818	1,5,8,10,11,12,16	eh whole lot of a as bell
POOL	13081	0.530077386	6,11,13,16	hole tut raf l
POOL	13082	0.530048748	2,4,5,9,11,14,16	ass know law lotta that rub loo
POOL	13083	0.530028086	2,4,5,9,11,14,16	ass know law lotta pfft rub ale
POOL	13084	0.530016570	2,3,5,9,11,14,16	ass new full lotta that rub aar
POOL	13085	0.530016323	2,4,5,9,11,14,16	ass know law lotta vet rub lil
POOL	13086	0.529995101	2,4,5,9,11,14,16	ass know law lotta that rub pear
POOL	13087	0.529978032	1,5,8,10,11,12,16	eh whole lot of a an bear
POOL	13088	0.529970931	2,4,5,9,11,14,16	ass know law lotta that rub lew
POOL	13089	0.529966250	2,3,5,9,11,14,16	ass new full lotta that rub ahn
POOL	13090	0.529943401	2,4,5,9,11,14,16	ass know law lotta vet rub aar
POOL	13091	0.529893082	2,4,5,9,11,14,16	ass know law lotta vet rub ahn
POOL	13092	0.529877077	2,4,5,9,11,14,16	ass know law lotta pfft rub is
POOL	13093	0.529876688	2,4,5,9,11,16	ass know law lotta too -able
POOL	13094	0.529873685	2,4,5,9,11,14,16	ass know law lotta pfft rub gill
POOL	13095	0.529866685	2,3,5,9,11,14,16	ass new full lotta that rub aisle
POOL	13096	0.529793517	2,4,5,9,11,14,16	ass know law lotta vet rub aisle
POOL	13097	0.529750375	2,3,5,9,11,14,16	ass new full lotta that rub shall
POOL	13098	0.529740404	2,4,5,9,11,14,16	ass know law lotta pfft rub pull
POOL	13099	0.529737884	2,4,5,9,11,14,16	ass know law lotta pfft rub tear
POOL	13100	0.529734897	2,4,5,9,11,13,16	ass know law lotta that yeah -able
POOL	13101	0.529719151	2,4,5,9,11,14,16	ass know law lotta that rub cher
POOL	13102	0.529678732	2,4,5,9,11,14,16	ass know law lotta pfft rub rule
POOL	13103	0.529678001	2,3,5,9,11,14,16	ass new full lotta that rub mil
POOL	13104	0.529648340	2,4,5,9,11,14,16	ass know law lotta pfft rub gil
POOL	13105	0.529630575	2,4,5,9,11,13,16	ass know law lotta that raw dill
POOL	13106	0.529604833	2,4,5,9,11,14,16	ass know law lotta vet rub mil
POOL	13107	0.529566501	4,6,9,11,12,16	uh-oh lol op that are -able
POOL	13108	0.529561085	1,4,6,9,11,12,16	eh ho lol ata that air bel
POOL	13109	0.529549297	1,5,8,9,11,14,15,16	eh hole lat uhh pfft rub a law
POOL	13110	0.529524761	2,4,5,9,11,14,16	ass know law lotta that rub mer
POOL	13111	0.529523123	2,4,5,9,11,13,16	ass know law lotta that raw belles
POOL	13112	0.529516228	2,3,5,9,11,14,16	ass new full lotta that rub ale
POOL	13113	0.529511060	2,4,5,9,11,14,16	ass know law lotta that rub li
POOL	13114	0.529443060	2,4,5,9,11,14,16	ass know law lotta vet rub ale
POOL	13115	0.529439348	1,5,8,10,11,12,16	eh whole lot of a all bull
POOL	13116	0.529382750	2,6,9,11,12,16	us ole ata sat are -able
POOL	13117	0.529377858	1,5,8,10,11,16	eh whole lot of at no.
POOL	13118	0.529367653	2,4,5,9,11,14,16	ass know law lotta that rub herr
POOL	13119	0.529361827	2,3,5,9,11,14,16	ass new full lotta that rub gill
POOL	13120	0.529321684	1,5,8,10,11,12,16	eh whole lot of a her del
POOL	13121	0.529317684	2,4,5,9,11,14,16	ass know law lotta that rub on
POOL	13122	0.529311885	2,4,5,9,11,13,16	ass know law lotta that raw bun
POOL	13123	0.529292050	2,4,5,9,11,14,16	ass know law lotta vet rub is
POOL	13124	0.529288658	2,4,5,9,11,14,16	ass know law lotta vet rub gill
POOL	13125	0.529263958	2,4,5,9,11,14,16	ass know law lotta that rub they're
POOL	13126	0.529239027	2,4,5,9,11,12,16	ass know law lotta pfft are belle
POOL	13127	0.529229876	1,4,6,9,11,12,16	eh ho lol ata that air bal
POOL	13128	0.529209889	4,6,9,11,13,16	uh-oh lol ata that rung bell
POOL	13129	0.529160136	2,4,5,9,11,14,16	ass know law lotta pfft rub bare
POOL	13130	0.529155377	2,4,5,9,11,14,16	ass know law lotta vet rub pull
POOL	13131	0.529152857	2,4,5,9,11,14,16	ass know law lotta vet rub tear
POOL	13132	0.529147930	1,4,6,9,11,16	ash show lol ata that rubble
POOL	13133	0.529136481	2,3,5,9,11,14,16	ass new full lotta that rub gil
POOL	13134	0.529093705	2,4,5,9,11,14,16	ass know law lotta vet rub rule
POOL	13135	0.529082618	1,4,6,9,11,13,16	eh ho lol ata that raw belles
POOL	13136	0.529079555	1,5,8,10,11,12,16	eh whole lot of a as bill
POOL	13137	0.529063313	2,4,5,9,11,14,16	ass know law lotta vet rub gil
POOL	13138	0.529047855	2,4,5,9,11,14,16	ass know law lotta pfft rub nil
POOL	13139	0.529028967	2,4,5,9,11,14,16	ass know law lotta pfft rub fil
POOL	13140	0.529002435	2,4,5,9,11,14,16	ass know law lotta pfft rub inn
POOL	13141	0.528999719	1,5,8,9,11,14,15,16	eh hole lott uhh pfft rub a law
POOL	13142	0.528988331	1,5,8,10,11,12,16	eh whole lot of a all beer
POOL	13143	0.528909105	2,4,5,9,11,14,16	ass know law lotta pfft rub wil
POOL	13144	0.528879894	2,4,5,9,11,14,16	ass know law lotta pfft rub lou
POOL	13145	0.528874219	2,4,5,9,11,13,16	ass know law lotta that raw pil
POOL	13146	0.528767529	1,5,8,9,11,14,15,16	eh hole lat uh pfft rub a law
POOL	13147	0.528692646	1,4,6,9,11,13,16	eh ho lol ata that raw bail
POOL	13148	0.528575109	2,4,5,9,11,14,16	ass know law lotta vet rub bare
POOL	13149	0.528555625	2,4,5,9,11,14,16	ass know law lotta pfft rub fear
POOL	13150	0.528548880	2,4,5,9,11,14,16	ass know law lotta pfft rub ville
POOL	13151	0.528535997	2,3,5,9,11,14,16	ass new full lotta that rub nil
POOL	13152	0.528517109	2,3,5,9,11,14,16	ass new full lotta that rub fil
POOL	13153	0.528496022	2,4,5,9,11,14,16	ass know law lotta pfft rub dill
POOL	13154	0.528462829	2,4,5,9,11,14,16	ass know law lotta vet rub nil
POOL	13155	0.528443940	2,4,5,9,11,14,16	ass know law lotta vet rub fil
POOL	13156	0.528434518	2,4,5,9,11,14,16	ass know law lotta that rub lah
POOL	13157	0.528417408	2,4,5,9,11,14,16	ass know law lotta vet rub inn
POOL	13158	0.528397247	2,3,5,9,11,14,16	ass new full lotta that rub wil
POOL	13159	0.528388578	2,4,5,9,11,14,16	ass know law lotta pfft rub fare
POOL	13160	0.528341395	2,4,5,9,11,14,16	ass know law lotta that rub leh
POOL	13161	0.528324079	2,4,5,9,11,14,16	ass know law lotta vet rub wil
POOL	13162	0.528321244	2,4,5,9,11,14,16	ass know law lotta pfft rub leigh
POOL	13163	0.528294867	2,4,5,9,11,14,16	ass know law lotta vet rub lou
POOL	13164	0.528239862	2,4,5,9,11,12,16	ass know law lotta that air double
POOL	13165	0.528236439	2,4,5,9,11,14,16	ass know law lotta pfft rub ills
POOL	13166	0.528217952	1,5,8,9,11,14,15,16	eh hole lott uh pfft rub a law
POOL	13167	0.528202180	2,4,5,9,11,14,16	ass know law lotta pfft rub sill
POOL	13168	0.528179478	2,4,5,9,11,12,16	ass know law lotta pfft are bel
POOL	13169	0.528175576	2,4,5,9,11,14,16	ass know law lotta pfft rub sil
POOL	13170	0.528170402	2,4,5,9,11,16	ass know law lotta that rebel
POOL	13171	0.528157634	2,4,5,9,11,14,16	ass know law lotta pfft rub lille
POOL	13172	0.528128271	2,4,5,9,11,14,16	ass know law lotta pfft rub aired
POOL	13173	0.528091709	2,4,5,9,11,14,16	ass know law lotta pfft rub ile
POOL	13174	0.528082337	2,4,5,9,11,13,16	ass know law lotta that raw benn
POOL	13175	0.528071684	1,5,8,10,11,12,16	eh whole lot of a all del
POOL	13176	0.528057092	2,4,5,9,11,14,16	ass know law lotta pfft rub ne'er
POOL	13177	0.528037021	2,3,5,9,11,14,16	ass new full lotta that rub ville
POOL	13178	0.528023712	2,3,4,9,11,16	ass new oh lotta that rebel
POOL	13179	0.527987024	2,4,5,9,11,14,16	ass know law lotta pfft rub ilk
POOL	13180	0.527984163	2,3,5,9,11,14,16	ass new full lotta that rub dill
POOL	13181	0.527970598	2,4,5,9,11,14,16	ass know law lotta vet rub fear
POOL	13182	0.527963853	2,4,5,9,11,14,16	ass know law lotta vet rub ville
POOL	13183	0.527954334	2,4,5,9,11,14,16	ass know law lotta pfft rub am
POOL	13184	0.527917981	1,5,8,10,11,12,16	eh whole lot of a an bare
POOL	13185	0.527910995	2,4,5,9,11,14,16	ass know law lotta vet rub dill
POOL	13186	0.527848268	2,4,5,9,11,12,16	ass know law lotta pfft are bal
POOL	13187	0.527803551	2,4,5,9,11,14,16	ass know law lotta vet rub fare
POOL	13188	0.527799357	1,4,6,9,11,12,16	eh ho lol ata that air double
POOL	13189	0.527796835	2,4,5,9,11,14,16	ass know law lotta pfft rub lea
POOL	13190	0.527779426	1,4,6,9,11,13,16	eh ho lol ata that raw been
POOL	13191	0.527754278	2,4,5,9,11,14,16	ass know law lotta that rub till
POOL	13192	0.527736217	2,4,5,9,11,14,16	ass know law lotta vet rub leigh
POOL	13193	0.527724580	2,3,5,9,11,14,16	ass new full lotta that rub ills
POOL	13194	0.527721701	2,4,5,9,11,14,16	ass know law lotta pfft rub mille
POOL	13195	0.527708514	2,4,5,9,11,14,16	ass know law lotta pfft rub le
POOL	13196	0.527690322	2,3,5,9,11,14,16	ass new full lotta that rub sill
POOL	13197	0.527684022	5,7,9,11,12,16	hole la tucker that are -able
POOL	13198	0.527683945	2,4,5,9,11,14,16	ass know law lotta pfft rub bil
POOL	13199	0.527675038	2,4,5,7,9,11,16	ass know law leia ca that rubble
POOL	13200	0.527663718	2,3,5,9,11,14,16	ass new full lotta that rub sil
POOL	13201	0.527651412	2,4,5,9,11,14,16	ass know law lotta vet rub ills
POOL	13202	0.527645776	2,3,5,9,11,14,16	ass new full lotta that rub lille
POOL	13203	0.527643094	2,4,5,9,11,13,16	ass know law lotta that raw bahn
POOL	13204	0.527641832	1,4,6,9,11,13,16	eh ho lol ata that raw benn
POOL	13205	0.527635795	1,4,6,9,11,12,16	eh ho lol ata that air bear
POOL	13206	0.527623201	2,4,5,9,11,14,16	ass know law lotta pfft rub pil
POOL	13207	0.527617154	2,4,5,9,11,14,16	ass know law lotta vet rub sill
POOL	13208	0.527590549	2,4,5,9,11,14,16	ass know law lotta vet rub sil
POOL	13209	0.527586257	2,4,5,9,11,16	ass know law lotta that rabble
POOL	13210	0.527579850	2,3,5,9,11,14,16	ass new full lotta that rub ile
POOL	13211	0.527572608	2,4,5,9,11,14,16	ass know law lotta vet rub lille
POOL	13212	0.527570280	2,4,5,9,11,14,16	ass know law lotta pfft rub a
POOL	13213	0.527558745	2,4,5,9,11,14,16	ass know law lotta pfft rub hare
POOL	13214	0.527543244	2,4,5,9,11,14,16	ass know law lotta vet rub aired
POOL	13215	0.527511600	1,4,6,9,11,13,16	eh ho lol ata that raw bale
POOL	13216	0.527506682	2,4,5,9,11,14,16	ass know law lotta vet rub ile
POOL	13217	0.527475165	2,3,5,9,11,14,16	ass new full lotta that rub ilk
POOL	13218	0.527472066	2,4,5,9,11,14,16	ass know law lotta vet rub ne'er
POOL	13219	0.527463160	2,4,5,9,11,14,16	ass know law lotta pfft rub lieu
POOL	13220	0.527454306	1,4,6,9,11,13,16	eh ho lol ata that raw billed
POOL	13221	0.527443330	2,4,5,9,11,14,16	ass know law lotta pfft rub shill
POOL	13222	0.527439567	2,3,4,9,11,16	ass new oh lotta that rabble
POOL	13223	0.527417296	2,4,5,9,11,14,16	ass know law lotta pfft rub near
POOL	13224	0.527415850	1,4,6,9,11,13,16	eh ho lol ata that raw bears
POOL	13225	0.527412967	1,5,8,10,11,16	eh whole lot of a rubble
POOL	13226	0.527401997	2,4,5,9,11,14,16	ass know law lotta vet rub ilk
POOL	13227	0.527380377	2,4,5,9,11,14,16	ass know law lotta pfft rub mare
POOL	13228	0.527369307	2,4,5,9,11,14,16	ass know law lotta vet rub am
POOL	13229	0.527232470	4,6,9,11,12,16	show reel ata that rep -able
POOL	13230	0.527227771	2,4,5,9,11,14,16	ass know law lotta pfft rub ware
POOL	13231	0.527211809	2,4,5,9,11,14,16	ass know law lotta vet rub lea
POOL	13232	0.527209842	2,3,5,9,11,14,16	ass new full lotta that rub mille
POOL	13233	0.527205835	1,4,6,9,11,13,16	eh ho lol ata that raw bin
POOL	13234	0.527202589	1,4,6,9,11,13,16	eh ho lol ata that raw bahn
POOL	13235	0.527172086	2,3,5,9,11,14,16	ass new full lotta that rub bil
POOL	13236	0.527141822	2,4,5,9,11,14,16	ass know law lotta pfft rub airs
POOL	13237	0.527136674	2,4,5,9,11,14,16	ass know law lotta vet rub mille
POOL	13238	0.527131429	2,4,5,9,11,14,16	ass know law lotta pfft rub heirs
POOL	13239	0.527123488	2,4,5,9,11,14,16	ass know law lotta vet rub le
POOL	13240	0.527111342	2,3,5,9,11,14,16	ass new full lotta that rub pil
POOL	13241	0.527098918	2,4,5,9,11,14,16	ass know law lotta vet rub bil
POOL	13242	0.527080523	2,4,5,9,11,14,16	ass know law lotta that rub lu
POOL	13243	0.527067903	2,4,5,9,11,14,16	ass know law lotta pfft rub loo
POOL	13244	0.527038174	2,4,5,9,11,14,16	ass know law lotta vet rub pil
POOL	13245	0.527014256	2,4,5,9,11,14,16	ass know law lotta pfft rub pear
POOL	13246	0.526990087	2,4,5,9,11,14,16	ass know law lotta pfft rub lew
POOL	13247	0.526985253	2,4,5,9,11,14,16	ass know law lotta vet rub a
POOL	13248	0.526973719	2,4,5,9,11,14,16	ass know law lotta vet rub hare
POOL	13249	0.526931472	2,3,5,9,11,14,16	ass new full lotta that rub shill
POOL	13250	0.526911794	4,6,9,11,12,16	show lol otto mutt are -able
POOL	13251	0.526878134	2,4,5,9,11,14,16	ass know law lotta vet rub lieu
POOL	13252	0.526858304	2,4,5,9,11,14,16	ass know law lotta vet rub shill
POOL	13253	0.526832269	2,4,5,9,11,14,16	ass know law lotta vet rub near
POOL	13254	0.526795350	2,4,5,9,11,14,16	ass know law lotta vet rub mare
POOL	13255	0.526738306	2,4,5,9,11,14,16	ass know law lotta pfft rub cher
POOL	13256	0.526707806	1,4,6,7,9,11,16	eh ho lol aa ca that rubble
POOL	13257	0.526661453	1,4,6,9,11,13,16	eh ho lol ata that raw bile
POOL	13258	0.526642744	2,4,5,9,11,14,16	ass know law lotta vet rub ware
POOL	13259	0.526629818	1,5,8,10,11,12,16	eh whole lot of a for bear
POOL	13260	0.526560021	2,4,5,7,9,11,16	ass know law loew ca that rubble
POOL	13261	0.526558790	2,4,5,9,11,14,16	ass know law lotta pfft rub dare
POOL	13262	0.526556796	2,4,5,9,11,14,16	ass know law lotta vet rub airs
POOL	13263	0.526546402	2,4,5,9,11,14,16	ass know law lotta vet rub heirs
POOL	13264	0.526543917	2,4,5,9,11,14,16	ass know law lotta pfft rub mer
POOL	13265	0.526537562	1,5,8,10,11,12,16	eh whole lot of a an bull
POOL	13266	0.526530215	2,4,5,9,11,14,16	ass know law lotta pfft rub li
POOL	13267	0.526482877	2,4,5,9,11,14,16	ass know law lotta vet rub loo
POOL	13268	0.526463106	1,5,8,9,11,12,16	eh hole lat uhh pfft are -able
POOL	13269	0.526429229	2,4,5,9,11,14,16	ass know law lotta vet rub pear
POOL	13270	0.526417750	2,4,5,9,11,12,16	ass know law lotta pfft are double
POOL	13271	0.526405060	2,4,5,9,11,14,16	ass know law lotta vet rub lew
POOL	13272	0.526386808	2,4,5,9,11,14,16	ass know law lotta pfft rub herr
POOL	13273	0.526153279	2,4,5,9,11,14,16	ass know law lotta vet rub cher
POOL	13274	0.526130046	2,4,5,9,11,14,16	ass know law lotta pfft rub re-
POOL	13275	0.526086546	1,5,8,10,11,12,16	eh whole lot of a an beer
POOL	13276	0.526051931	1,5,8,9,11,14,15,16	eh hole lat uhh pfft rub a al
POOL	13277	0.525973763	2,4,5,9,11,14,16	ass know law lotta vet rub dare
POOL	13278	0.525961167	1,5,8,9,11,14,15,16	eh hole lat uhh pfft rub a lee
POOL	13279	0.525958890	2,4,5,9,11,14,16	ass know law lotta vet rub mer
POOL	13280	0.525945188	2,4,5,9,11,14,16	ass know law lotta vet rub li
POOL	13281	0.525919539	1,5,8,9,11,14,15,16	eh hole lat uhh pfft rub a ill
POOL	13282	0.525856837	1,4,6,9,12,16	uhh show lol aa true -able
POOL	13283	0.525835017	1,5,8,9,11,12,16	eh hole lott uhh pfft are -able
POOL	13284	0.525809528	4,6,9,11,12,16	hole lol ata that's are -able
POOL	13285	0.525801898	2,4,5,9,11,15,16	ass know law lotta pfft rub you
POOL	13286	0.525801782	2,4,5,9,11,14,16	ass know law lotta vet rub herr
POOL	13287	0.525714618	1,5,8,9,11,14,15,16	eh hole lat uhh pfft rub a all
POOL	13288	0.525575744	1,4,6,9,11,12,16	eh ho lol ata that air bare
POOL	13289	0.525545019	2,4,5,9,11,14,16	ass know law lotta vet rub re-
POOL	13290	0.525522391	1,4,9,11,12,16	s. show lotta that raw -able
POOL	13291	0.525510213	1,4,6,9,11,13,16	eh ho lol ata that raw be
POOL	13292	0.525502353	1,5,8,9,11,14,15,16	eh hole lott uhh pfft rub a al
POOL	13293	0.525453673	2,4,5,9,11,14,16	ass know law lotta pfft rub lah
POOL	13294	0.525411589	1,5,8,9,11,14,15,16	eh hole lott uhh pfft rub a lee
POOL	13295	0.525408875	2,4,5,9,11,16	ass know law lotta that rumble
POOL	13296	0.525369961	1,5,8,9,11,14,15,16	eh hole lott uhh pfft rub a ill
POOL	13297	0.525360550	2,4,5,9,11,14,16	ass know law lotta pfft rub leh
POOL	13298	0.525292531	4,6,7,11,12,16	lasso lol ahh does are -able
POOL	13299	0.525270164	1,5,8,9,11,14,15,16	eh hole lat uh pfft rub a al
POOL	13300	0.525254127	1,5,8,9,11,14,15,16	eh hole lat uhh pfft rub a la
POOL	13301	0.525211722	1,4,6,9,11,13,16	eh ho lol ata that raw bee
POOL	13302	0.525179400	1,5,8,9,11,14,15,16	eh hole lat uh pfft rub a lee
POOL	13303	0.525169898	1,5,8,10,11,12,16	eh whole lot of a an del
POOL	13304	0.525165041	1,5,8,9,11,14,15,16	eh hole lott uhh pfft rub a all
POOL	13305	0.525137772	1,5,8,9,11,14,15,16	eh hole lat uh pfft rub a ill
POOL	13306	0.525054360	1,4,6,9,11,13,16	eh ho lol ata that raw bild
POOL	13307	0.524954531	4,6,7,11,12,16	uh-oh lol ahh cut are rebel
POOL	13308	0.524932851	1,5,8,9,11,14,15,16	eh hole lat uh pfft rub a all
POOL	13309	0.524868647	2,4,5,9,11,14,16	ass know law lotta vet rub lah
POOL	13310	0.524775524	2,4,5,9,11,14,16	ass know law lotta vet rub leh
POOL	13311	0.524751640	1,5,8,9,11,12,14,16	eh hole lat uhh that air up well
POOL	13312	0.524720586	1,5,8,9,11,14,15,16	eh hole lott uh pfft rub a al
POOL	13313	0.524704549	1,5,8,9,11,14,15,16	eh hole lott uhh pfft rub a la
POOL	13314	0.524687847	1,4,6,9,11,13,16	eh ho lol ata that raw bang
POOL	13315	0.524684692	1,4,6,7,9,11,16	eh ho lol aa tough that rubble
POOL	13316	0.524680181	2,4,5,9,11,15,16	ass know law lotta pfft rub raw
POOL	13317	0.524661712	2,4,5,9,11,12,16	ass know law lotta that air bubble
POOL	13318	0.524629822	1,5,8,9,11,14,15,16	eh hole lott uh pfft rub a lee
POOL	13319	0.524595992	2,4,5,9,11,15,16	ass know law lotta pfft rub yeah
POOL	13320	0.524592813	1,5,8,10,11,16	eh whole lot of a -able
POOL	13321	0.524588194	1,5,8,9,11,14,15,16	eh hole lott uh pfft rub a ill
POOL	13322	0.524586689	1,4,6,9,12,16	if show lol ata pfft -able
POOL	13323	0.524569766	1,5,8,10,11,12,16	eh whole lot of a for bare
POOL	13324	0.524569058	2,4,9,11,12,16	wrath oh lotta that knee -able
POOL	13325	0.524516600	2,4,6,9,12,16	us ow flair ata true -able
POOL	13326	0.524472360	1,5,8,9,11,14,15,16	eh hole lat uh pfft rub a la
POOL	13327	0.524428675	2,4,5,9,11,14,16	ass know law lotta that rub a
POOL	13328	0.524425438	1,4,6,9,11,13,16	eh ho lol ata that raw baird
POOL	13329	0.524424723	5,7,9,11,12,16	wholly la ca mm are -able
POOL	13330	0.524421596	2,4,5,9,11,14,16	ass know law lotta that rub -able
POOL	13331	0.524383273	1,5,8,9,11,14,15,16	eh hole lott uh pfft rub a all
POOL	13332	0.524353032	1,5,8,10,11,12,16	eh whole lot of a as bear
POOL	13333	0.524281112	1,4,6,9,11,13,16	eh ho lol ata that raw b
POOL	13334	0.524261575	2,3,5,9,11,14,16	ass new full lotta that rub till
POOL	13335	0.524221207	1,4,6,9,11,12,16	eh ho lol ata that air bubble
POOL	13336	0.524202062	1,5,8,9,11,12,14,16	eh hole lott uhh that air up well
POOL	13337	0.524195326	1,4,6,9,11,12,16	eh ho lol ata that air bull
POOL	13338	0.524149706	1,4,6,9,12,16	raw show lol ata true -able
POOL	13339	0.524099679	2,4,5,9,11,14,16	ass know law lotta pfft rub lu
POOL	13340	0.524099554	1,4,6,9,11,12,16	eh ho lol ata that air bil
POOL	13341	0.524072742	1,5,8,9,11,14,15,16	eh hole lat uhh pfft rub a earl
POOL	13342	0.524068383	2,4,5,9,11,16	ass know law lotta pfft rebel
POOL	13343	0.523922782	1,5,8,9,11,14,15,16	eh hole lott uh pfft rub a la
POOL	13344	0.523906685	2,4,5,9,11,16	ass know law lotta vet rebel
POOL	13345	0.523831744	2,4,6,9,11,16	us oh lol ata that verbal
POOL	13346	0.523744309	1,4,6,9,11,12,16	eh ho lol ata that air beer
POOL	13347	0.523742826	2,4,6,7,11,16	wahoo oh lol wash cut rubble
POOL	13348	0.523715668	4,6,7,9,11,16	uh-huh lol ahh ter that rubble
POOL	13349	0.523704964	2,4,6,9,11,16	nash oh lol dhaka that rubble
POOL	13350	0.523569312	2,4,5,9,11,13,16	ass know law lotta that raw herbal
POOL	13351	0.523557598	2,4,6,8,11,16	assay oh lol got at rubble
POOL	13352	0.523550760	2,4,5,9,11,14,16	ass know law lotta that rub alley
POOL	13353	0.523523164	1,5,8,9,11,14,15,16	eh hole lott uhh pfft rub a earl
POOL	13354	0.523514652	2,4,5,9,11,14,16	ass know law lotta vet rub lu
POOL	13355	0.523484238	2,4,5,9,11,16	ass know law lotta pfft rabble
POOL	13356	0.523472049	2,4,5,7,9,11,16	ass know law leia ca that -able
POOL	13357	0.523417186	2,4,5,9,11,14,16	ass know law lotta that rub dare
POOL	13358	0.523401480	1,4,6,9,12,16	uhh show lol ata verne -able
POOL	13359	0.523400709	1,5,8,9,11,14,15,16	eh hole lat uhh pfft rub a lou
POOL	13360	0.523387774	2,4,8,9,11,16	ahoy oh lat uhh that rubble
POOL	13361	0.523322541	2,4,5,9,11,16	ass know law lotta vet rabble
POOL	13362	0.523290975	1,5,8,9,11,14,15,16	eh hole lat uh pfft rub a earl
POOL	13363	0.523221652	2,5,7,9,12,16	us parole la ca true -able
POOL	13364	0.523211439	2,4,5,9,12,16	ass know law lotta true double
POOL	13365	0.523189348	1,5,8,10,11,12,16	eh whole lot of a for bull
POOL	13366	0.523166879	1,4,6,9,11,13,16	eh ho lol ata that raw bah
POOL	13367	0.523126187	2,4,5,9,11,15,16	ass know law lotta pfft rub ore
POOL	13368	0.523101847	2,5,9,11,12,16	us ole lotta that draw -able
POOL	13369	0.523091065	1,4,6,9,11,13,16	eh ho lol ata that raw ahl
POOL	13370	0.523056792	2,4,5,9,11,13,16	ass know law lotta that run herbal
POOL	13371	0.523034570	1,4,6,9,11,13,16	eh ho lol ata that raw bea
POOL	13372	0.522943465	2,6,9,11,12,16	us kohl ata that ore -able
POOL	13373	0.522924479	2,4,5,9,11,16	ass know law lotta too rebel
POOL	13374	0.522911891	1,5,8,9,11,14,15,16	eh hole lat uhh pfft rub a leigh
POOL	13375	0.522883583	1,2,4,7,11,16	uhh her oh rah-rah cut rubble
POOL	13376	0.522860816	2,5,7,9,11,16	us you-all la ca east rubble
POOL	13377	0.522854974	1,4,6,9,11,13,16	eh ho lol ata that raw aer
POOL	13378	0.522851131	1,5,8,9,11,14,15,16	eh hole lott uhh pfft rub a lou
POOL	13379	0.522839599	2,4,5,9,11,12,16	ass know law lotta pfft are bubble
POOL	13380	0.522827662	1,4,6,9,11,12,16	eh ho lol ata that air del
POOL	13381	0.522811835	2,5,9,11,14,16	wahoo ole lotta that rub al
POOL	13382	0.522785918	1,4,7,9,11,16	ill show la ca that arable
POOL	13383	0.522741397	1,5,8,9,11,14,15,16	eh hole lott uh pfft rub a earl
POOL	13384	0.522738331	1,5,8,10,11,12,16	eh whole lot of a for beer
POOL	13385	0.522717946	2,4,5,9,11,12,16	ass know law lotta pfft are bil
POOL	13386	0.522706691	2,4,5,9,11,14,16	ass know law lotta pfft rub m
POOL	13387	0.522671700	1,4,6,9,11,13,16	eh ho lol ata that raw bean
POOL	13388	0.522652638	1,4,6,9,11,13,16	eh ho lol ata that raw bared
POOL	13389	0.522645314	1,5,8,9,11,14,15,16	eh hole lat uhh pfft rub a el
POOL	13390	0.522635999	1,4,6,9,11,13,16	eh ho lol ata that raw beard
POOL	13391	0.522618942	1,5,8,9,11,14,15,16	eh hole lat uh pfft rub a lou
POOL	13392	0.522563282	2,4,5,9,11,14,16	ass know law lotta that rub ala
POOL	13393	0.522504817	1,4,6,7,9,11,16	eh ho lol aa ca that -able
POOL	13394	0.522499854	2,4,5,9,11,12,16	ass know law lotta that air rubble
POOL	13395	0.522495440	2,4,5,9,11,15,16	ass know law lotta pfft rub y'are
POOL	13396	0.522453033	1,5,8,9,11,14,15,16	eh hole lat uhh pfft rub a lea
POOL	13397	0.522442677	2,5,7,11,12,16	gus know-all la cut are -able
POOL	13398	0.522419418	2,4,5,9,11,14,16	ass know law lotta that rub ella
POOL	13399	0.522392759	1,4,6,9,11,13,16	eh ho lol ata that raw 'til
POOL	13400	0.522390913	2,4,5,9,11,14,16	ass know law lotta that rub ellie
POOL	13401	0.522375752	1,5,8,9,11,14,15,16	eh hole lat uhh pfft rub a le
POOL	13402	0.522362313	1,5,8,9,11,14,15,16	eh hole lott uhh pfft rub a leigh
POOL	13403	0.522357032	2,4,5,7,9,11,16	ass know law loew ca that -able
POOL	13404	0.522356803	3,4,6,7,11,16	uh-huh oh la ahh cut rubble
POOL	13405	0.522340334	2,4,5,9,11,16	ass know law lotta too rabble
POOL	13406	0.522292981	1,5,8,10,11,12,16	eh whole lot of a as bare
POOL	13407	0.522239848	1,4,6,9,11,12,16	eh ho lol ata that air pal
POOL	13408	0.522213137	2,4,5,9,11,14,16	ass know law lotta pfft rub the
POOL	13409	0.522161068	1,5,8,9,11,14,15,16	eh hole lat uhh pfft rub a lieu
POOL	13410	0.522130123	1,5,8,9,11,14,15,16	eh hole lat uh pfft rub a leigh
POOL	13411	0.522121664	2,4,5,9,11,14,16	ass know law lotta vet rub m
POOL	13412	0.522121427	1,5,8,9,11,14,15,16	eh hole lat uhh pfft rub a l
POOL	13413	0.522118571	1,5,8,9,11,14,15,16	eh hole lat uhh pfft rub a elle
POOL	13414	0.522113290	1,4,6,9,11,13,16	eh ho lol ata that raw beers
POOL	13415	0.522095736	1,5,8,9,11,14,15,16	eh hole lott uhh pfft rub a el
POOL	13416	0.522069364	1,5,8,9,11,14,15,16	eh hole lott uh pfft rub a lou
POOL	13417	0.522061285	1,4,6,9,11,13,16	eh ho lol ata that raw baz
POOL	13418	0.522059349	1,4,6,9,11,12,16	eh ho lol ata that air rubble
POOL	13419	0.521934238	1,4,6,9,11,12,16	eh ho lol ata that air baer
POOL	13420	0.521903455	1,5,8,9,11,14,15,16	eh hole lott uhh pfft rub a lea
POOL	13421	0.521883207	2,4,5,9,11,14,16	ass know law lotta that rub allow
POOL	13422	0.521863547	1,5,8,9,11,14,15,16	eh hole lat uh pfft rub a el
POOL	13423	0.521826174	1,5,8,9,11,14,15,16	eh hole lott uhh pfft rub a le
POOL	13424	0.521821684	1,5,8,10,11,12,16	eh whole lot of a for del
POOL	13425	0.521815218	1,5,8,9,11,14,15,16	eh hole lat uhh pfft rub a loo
POOL	13426	0.521788830	2,4,5,9,11,14,16	ass know law lotta that rub early
POOL	13427	0.521747128	1,5,8,9,11,14,15,16	eh hole lat uhh pfft rub a lew
POOL	13428	0.521680154	2,4,5,9,11,12,16	ass know law lotta that air hubble
POOL	13429	0.521671266	1,5,8,9,11,14,15,16	eh hole lat uh pfft rub a lea
POOL	13430	0.521656619	1,5,8,9,11,14,15,16	eh hole lat uhh pfft rub a eel
POOL	13431	0.521641102	2,5,9,11,12,16	hash ole lotta that are -able
POOL	13432	0.521628110	2,4,5,9,11,14,16	ass know law lotta vet rub the
POOL	13433	0.521616561	1,5,8,9,11,14,15,16	eh hole lat uhh pfft rub a il
POOL	13434	0.521611490	1,5,8,9,11,14,15,16	eh hole lott uhh pfft rub a lieu
POOL	13435	0.521593985	1,5,8,9,11,14,15,16	eh hole lat uh pfft rub a le
POOL	13436	0.521580546	1,5,8,9,11,14,15,16	eh hole lott uh pfft rub a leigh
POOL	13437	0.521571849	1,5,8,9,11,14,15,16	eh hole lott uhh pfft rub a l
POOL	13438	0.521568993	1,5,8,9,11,14,15,16	eh hole lott uhh pfft rub a elle
POOL	13439	0.521534196	2,4,5,9,11,14,16	ass know law lotta that rub allie
POOL	13440	0.521511433	2,4,5,9,11,15,16	ass know law lotta pfft rub rue
POOL	13441	0.521478060	2,4,5,9,13,16	ass know law lotta tra -able
POOL	13442	0.521440751	2,4,5,9,11,14,16	ass know law lotta pfft rub -able
POOL	13443	0.521429418	2,4,5,9,13,16	ass know law lotta truck -able
POOL	13444	0.521404679	1,4,6,9,11,12,16	eh ho lol ata that air dull
POOL	13445	0.521403508	2,6,9,11,14,16	us olney ata that rub al
POOL	13446	0.521394665	1,4,6,9,11,12,16	eh ho lol ata that air bol
POOL	13447	0.521379300	1,5,8,9,11,14,15,16	eh hole lat uh pfft rub a lieu
POOL	13448	0.521369500	1,4,6,9,11,12,16	eh ho lol ata that air beale
POOL	13449	0.521356215	1,5,8,9,11,14,15,16	eh hole lat uhh pfft rub a ahl
POOL	13450	0.521344740	1,5,8,9,11,14,15,16	eh hole lat uhh pfft rub a li
POOL	13451	0.521339660	1,5,8,9,11,14,15,16	eh hole lat uh pfft rub a l
POOL	13452	0.521336804	1,5,8,9,11,14,15,16	eh hole lat uh pfft rub a elle
POOL	13453	0.521331066	1,5,8,16	eh whole lot trouble
POOL	13454	0.521328116	1,5,8,9,11,14,15,16	eh hole lat uhh pfft rub a earle
POOL	13455	0.521313969	1,5,8,9,11,14,15,16	eh hole lott uh pfft rub a el
POOL	13456	0.521306857	2,4,5,9,11,16	ass know law lotta pfft rumble
POOL	13457	0.521280843	1,4,6,9,11,16	uhh show lol ata verse rubble
POOL	13458	0.521277652	2,4,5,9,12,16	ass know law lotta ver double
POOL	13459	0.521265640	1,5,8,9,11,14,15,16	eh hole lott uhh pfft rub a loo
POOL	13460	0.521239649	1,4,6,9,11,12,16	eh ho lol ata that air hubble
POOL	13461	0.521237441	2,4,5,9,11,13,16	ass know law lotta that yeah herbal
POOL	13462	0.521197550	1,5,8,9,11,14,15,16	eh hole lott uhh pfft rub a lew
POOL	13463	0.521145159	2,4,5,9,11,16	ass know law lotta vet rumble
POOL	13464	0.521130681	1,5,8,9,11,14,15,16	eh hole lat uhh pfft rub a ell
POOL	13465	0.521121688	1,5,8,9,11,14,15,16	eh hole lott uh pfft rub a lea
POOL	13466	0.521107041	1,5,8,9,11,14,15,16	eh hole lott uhh pfft rub a eel
POOL	13467	0.521066983	1,5,8,9,11,14,15,16	eh hole lott uhh pfft rub a il
POOL	13468	0.521044407	1,5,8,9,11,14,15,16	eh hole lott uh pfft rub a le
POOL	13469	0.521038463	1,6,7,11,12,16	ass holi ahh cut are -able
POOL	13470	0.521033450	1,5,8,9,11,14,15,16	eh hole lat uh pfft rub a loo
POOL	13471	0.520965361	1,5,8,9,11,14,15,16	eh hole lat uh pfft rub a lew
POOL	13472	0.520935972	2,3,5,9,11,14,16	ass new full lotta that rub a
POOL	13473	0.520912562	1,5,8,10,11,12,16	eh whole lot of a as bull
POOL	13474	0.520874852	1,5,8,9,11,14,15,16	eh hole lat uh pfft rub a eel
POOL	13475	0.520868842	1,4,6,9,11,12,16	eh ho lol ata that air beal
POOL	13476	0.520855725	2,4,5,9,11,14,16	ass know law lotta vet rub -able
POOL	13477	0.520844048	2,5,9,11,12,16	us ole lotta map are -able
POOL	13478	0.520834793	1,5,8,9,11,14,15,16	eh hole lat uh pfft rub a il
POOL	13479	0.520829722	1,5,8,9,11,14,15,16	eh hole lott uh pfft rub a lieu
POOL	13480	0.520806637	1,5,8,9,11,14,15,16	eh hole lott uhh pfft rub a ahl
POOL	13481	0.520795162	1,5,8,9,11,14,15,16	eh hole lott uhh pfft rub a li
POOL	13482	0.520790082	1,5,8,9,11,14,15,16	eh hole lott uh pfft rub a l
POOL	13483	0.520787226	1,5,8,9,11,14,15,16	eh hole lott uh pfft rub a elle
POOL	13484	0.520778539	1,5,8,9,11,14,15,16	eh hole lott uhh pfft rub a earle
POOL	13485	0.520769253	1,4,6,9,11,12,16	eh ho lol ata that air dell
POOL	13486	0.520764072	2,4,5,9,11,14,16	ass know law lotta that rub alli
POOL	13487	0.520736501	2,4,5,9,11,15,16	ass know law lotta pfft rub orr
POOL	13488	0.520677742	2,4,5,9,11,12,16	ass know law lotta pfft are rubble
POOL	13489	0.520651879	2,4,5,9,11,14,16	ass know law lotta that rub apple
POOL	13490	0.520643802	1,4,6,9,11,12,16	eh ho lol ata that air apple
POOL	13491	0.520619304	1,4,6,9,11,13,16	eh ho lol ata that raw bir
POOL	13492	0.520585758	2,4,5,9,11,14,16	ass know law lotta that rub ela
POOL	13493	0.520581104	1,5,8,9,11,14,15,16	eh hole lott uhh pfft rub a ell
POOL	13494	0.520574448	1,5,8,9,11,14,15,16	eh hole lat uh pfft rub a ahl
POOL	13495	0.520569915	2,4,5,9,11,14,16	ass know law lotta pfft rub alley
POOL	13496	0.520562973	1,5,8,9,11,14,15,16	eh hole lat uh pfft rub a li
POOL	13497	0.520552258	2,4,5,9,11,14,16	ass know law lotta that rub evil
POOL	13498	0.520546349	1,5,8,9,11,14,15,16	eh hole lat uh pfft rub a earle
POOL	13499	0.520483873	1,5,8,9,11,14,15,16	eh hole lott uh pfft rub a loo
POOL	13500	0.520481703	1,4,6,7,9,11,16	eh ho lol aa tough that -able
POOL	13501	0.520479405	2,4,6,9,12,16	us oh lol ata true iqbal
POOL	13502	0.520476764	1,4,6,9,11,13,16	eh ho lol ata that raw bein
POOL	13503	0.520461546	1,5,8,10,11,12,16	eh whole lot of a as beer
POOL	13504	0.520415783	1,5,8,9,11,14,15,16	eh hole lott uh pfft rub a lew
POOL	13505	0.520405210	2,4,5,9,12,16	ass know law lotta tour double
POOL	13506	0.520402766	1,5,8,9,11,14,15,16	eh hole lat uhh pfft rub a lah
POOL	13507	0.520385882	2,4,5,9,11,14,16	ass know law lotta that rub elie
POOL	13508	0.520358271	2,4,5,9,11,12,16	ass know law lotta that air publ
POOL	13509	0.520348914	1,5,8,9,11,14,15,16	eh hole lat uh pfft rub a ell
POOL	13510	0.520325274	1,5,8,9,11,14,15,16	eh hole lott uh pfft rub a eel
POOL	13511	0.520321284	1,5,8,9,11,14,15,16	eh hole lat uhh pfft rub a leh
POOL	13512	0.520315669	2,4,5,9,11,14,16	ass know law lotta that rub ele
POOL	13513	0.520306032	1,5,8,10,11,12,16	eh whole lot of a a bell
POOL	13514	0.520302521	2,6,7,9,12,16	us o'leary nah ca true -able
POOL	13515	0.520300607	2,4,5,9,11,15,16	ass know law lotta pfft rub roo
POOL	13516	0.520285215	1,5,8,9,11,14,15,16	eh hole lott uh pfft rub a il
POOL	13517	0.520242890	2,4,5,9,11,14,16	ass know law lotta that rub appeal
POOL	13518	0.520230993	1,4,6,9,11,13,16	eh ho lol ata that raw bien
POOL	13519	0.520208912	2,4,5,9,11,16	ass know law lotta that herbal
POOL	13520	0.520198076	2,4,5,9,11,15,16	ass know law lotta pfft rub rah
POOL	13521	0.520162952	2,4,5,9,11,16	ass know law lotta too rumble
POOL	13522	0.520155989	1,4,6,9,11,12,16	eh ho lol ata that air biel
POOL	13523	0.520074815	4,6,7,9,11,16	foe lily ahh ca that rubble
POOL	13524	0.520073359	2,4,5,9,11,15,16	ass know law lotta pfft rub roux
POOL	13525	0.520058057	2,3,5,9,11,14,16	ass new full lotta that rub alley
POOL	13526	0.520052943	2,6,7,11,16	ahead only ahh cut rubble
POOL	13527	0.520044408	2,4,5,9,11,14,16	ass know law lotta that rub elly
POOL	13528	0.520040192	1,4,6,9,11,12,16	eh ho lol ata that air dal
POOL	13529	0.520024870	1,5,8,9,11,14,15,16	eh hole lott uh pfft rub a ahl
POOL	13530	0.520013395	1,5,8,9,11,14,15,16	eh hole lott uh pfft rub a li
POOL	13531	0.519996771	1,5,8,9,11,14,15,16	eh hole lott uh pfft rub a earle
POOL	13532	0.519984889	2,4,5,9,11,14,16	ass know law lotta vet rub alley
POOL	13533	0.519928780	2,5,9,11,12,16	uhh ole lotta that bear -able
POOL	13534	0.519917766	1,4,6,9,11,12,16	eh ho lol ata that air publ
POOL	13535	0.519858042	2,4,5,9,11,12,16	ass know law lotta pfft are hubble
POOL	13536	0.519853189	1,5,8,9,11,14,15,16	eh hole lott uhh pfft rub a lah
POOL	13537	0.519799336	1,5,8,9,11,14,15,16	eh hole lott uh pfft rub a ell
POOL	13538	0.519790838	2,4,5,9,11,14,16	ass know law lotta that rub eller
POOL	13539	0.519790204	1,5,8,9,11,14,15,16	eh hole lot uhh pfft rub a law
POOL	13540	0.519776505	2,4,5,9,11,15,16	ass know law lotta pfft rub oar
POOL	13541	0.519771706	1,5,8,9,11,14,15,16	eh hole lott uhh pfft rub a leh
POOL	13542	0.519736692	2,4,5,9,11,14,16	ass know law lotta that rub era
POOL	13543	0.519639442	2,4,5,9,11,16	ass know law lotta that double
POOL	13544	0.519629059	2,4,5,9,11,16	ass know law lotta that robin
POOL	13545	0.519620999	1,5,8,9,11,14,15,16	eh hole lat uh pfft rub a lah
POOL	13546	0.519582437	2,4,5,9,11,14,16	ass know law lotta pfft rub ala
POOL	13547	0.519561979	2,4,5,9,11,15,16	ass know law lotta pfft rub ree
POOL	13548	0.519557349	2,4,5,9,12,16	ass know law lotta tree double
POOL	13549	0.519552025	1,4,6,9,11,12,16	eh ho lol ata that air couple
POOL	13550	0.519544898	1,5,8,10,11,12,16	eh whole lot of a as del
POOL	13551	0.519539517	1,5,8,9,11,14,15,16	eh hole lat uh pfft rub a leh
POOL	13552	0.519438573	2,4,5,9,11,14,16	ass know law lotta pfft rub ella
POOL	13553	0.519410068	2,4,5,9,11,14,16	ass know law lotta pfft rub ellie
POOL	13554	0.519377524	2,4,5,9,11,14,16	ass know law lotta that rub awful
POOL	13555	0.519346720	1,4,6,9,11,12,16	eh ho lol ata that air pell
POOL	13556	0.519302769	1,5,8,10,11,12,16	eh whole lot of a a bill
POOL	13557	0.519262194	2,4,5,9,11,12,16	ass know law lotta pfft are apple
POOL	13558	0.519222763	2,4,5,9,11,14,16	ass know law lotta that rub error
POOL	13559	0.519218021	1,5,8,9,11,14,15,16	eh hole lat uhh pfft rub a lu
POOL	13560	0.519167964	2,4,6,9,11,16	ah oh lol ata that treble
POOL	13561	0.519150722	1,4,6,9,11,16	uhh show floor ata that rubble
POOL	13562	0.519071533	2,4,5,9,11,14,16	ass know law lotta that rub the
POOL	13563	0.519071421	1,5,8,9,11,14,15,16	eh hole lott uh pfft rub a lah
POOL	13564	0.519070579	2,3,5,9,11,14,16	ass new full lotta that rub ala
POOL	13565	0.519036930	2,4,5,9,12,16	ass know law lotta true bubble
POOL	13566	0.519020477	4,6,7,9,11,16	paso lol cause ca that rubble
POOL	13567	0.519008436	1,5,8,9,11,14,15,16	eh hole lot uh pfft rub a law
POOL	13568	0.518997411	2,4,5,9,11,14,16	ass know law lotta vet rub ala
POOL	13569	0.518989939	1,5,8,9,11,14,15,16	eh hole lott uh pfft rub a leh
POOL	13570	0.518985643	2,4,5,9,11,13,16	ass know law lotta that raw belly
POOL	13571	0.518926714	2,3,5,9,11,14,16	ass new full lotta that rub ella
POOL	13572	0.518922431	1,4,7,9,11,16	uhh show la ca avert rubble
POOL	13573	0.518922052	2,4,5,9,11,13,16	ass know law lotta that raw apple
POOL	13574	0.518902362	2,4,5,9,11,14,16	ass know law lotta pfft rub allow
POOL	13575	0.518898210	2,3,5,9,11,14,16	ass new full lotta that rub ellie
POOL	13576	0.518890240	2,4,5,9,11,14,16	ass know law lotta that rub alert
POOL	13577	0.518853546	2,4,5,9,11,14,16	ass know law lotta vet rub ella
POOL	13578	0.518825041	2,4,5,9,11,14,16	ass know law lotta vet rub ellie
POOL	13579	0.518813113	2,4,5,9,11,15,16	ass know law lotta pfft rub ra
POOL	13580	0.518807985	2,4,5,9,11,14,16	ass know law lotta pfft rub early
POOL	13581	0.518792652	1,5,7,11,12,16	shia hole la cut are -able
POOL	13582	0.518791565	1,5,8,10,16	eh whole lot of terrible
POOL	13583	0.518775031	2,4,7,9,11,16	f.'s oh loa ca that rubble
POOL	13584	0.518708741	2,4,5,9,11,14,16	ass know law lotta that rub dual
POOL	13585	0.518668443	1,5,8,9,11,14,15,16	eh hole lott uhh pfft rub a lu
POOL	13586	0.518628150	2,4,5,9,11,14,16	ass know law lotta that rub oral
POOL	13587	0.518553351	2,4,5,9,11,14,16	ass know law lotta pfft rub allie
POOL	13588	0.518545138	1,4,6,9,11,13,16	eh ho lol ata that raw belly
POOL	13589	0.518536158	2,4,5,9,11,12,16	ass know law lotta pfft are publ
POOL	13590	0.518535276	1,4,9,11,12,16	uhh show lotta voss are -able
POOL	13591	0.518481547	1,4,6,9,11,13,16	eh ho lol ata that raw apple
POOL	13592	0.518453271	1,4,6,9,11,12,16	eh ho lol ata that air delle
POOL	13593	0.518436254	1,5,8,9,11,14,15,16	eh hole lat uh pfft rub a lu
POOL	13594	0.518408785	1,6,7,11,12,16	ea hole ahh tit are -able
POOL	13595	0.518317335	2,4,5,9,11,14,16	ass know law lotta vet rub allow
POOL	13596	0.518297011	2,4,6,9,11,16	gus oh lol ata cert rubble
POOL	13597	0.518238904	3,4,6,7,11,16	who're ahh lol ahh cut rubble
POOL	13598	0.518226603	1,4,6,9,11,16	uhh hou lol ata that rubble
POOL	13599	0.518222959	2,4,5,9,11,14,16	ass know law lotta vet rub early
POOL	13600	0.518173214	2,4,5,9,11,14,16	ass know law lotta that rub eagle
POOL	13601	0.518170417	2,4,5,9,11,12,16	ass know law lotta pfft are couple
POOL	13602	0.518041492	2,3,5,9,11,14,16	ass new full lotta that rub allie
POOL	13603	0.518033867	2,4,5,9,11,14,16	ass know law lotta pfft rub along
POOL	13604	0.518024158	2,4,5,9,11,15,16	ass know law lotta pfft rub ri
POOL	13605	0.517968324	2,4,5,9,11,14,16	ass know law lotta vet rub allie
POOL	13606	0.517946213	1,6,9,11,12,16	uhh hole ata mod are -able
POOL	13607	0.517893644	2,4,5,9,11,13,16	ass know law lotta that raw bella
POOL	13608	0.517886676	1,5,8,9,11,14,15,16	eh hole lott uh pfft rub a lu
POOL	13609	0.517874460	2,4,5,9,11,15,16	ass know law lotta pfft rub ya
POOL	13610	0.517783227	2,4,5,9,11,14,16	ass know law lotta pfft rub alli
POOL	13611	0.517709759	2,4,6,9,12,16	tash oh rail ata true -able
POOL	13612	0.517706731	2,4,6,9,11,16	les oh heir ata that rubble
POOL	13613	0.517671034	2,4,5,9,11,14,16	ass know law lotta pfft rub apple
POOL	13614	0.517665995	2,4,5,9,11,16	ass know law lotta that wobble
POOL	13615	0.517604914	2,4,5,9,11,14,16	ass know law lotta pfft rub ela
POOL	13616	0.517597015	2,4,5,9,13,16	ass know law lotta struck -able
POOL	13617	0.517589506	2,4,5,7,9,11,16	ass know law leia ca that rebel
POOL	13618	0.517571413	2,4,5,9,11,14,16	ass know law lotta pfft rub evil
POOL	13619	0.517557002	2,4,5,9,11,14,16	ass know law lotta that rub alot
POOL	13620	0.517528916	1,4,6,7,9,11,16	eh ho lol aa ca that rub
POOL	13621	0.517502625	2,4,5,7,9,11,16	ass know law leia ca that rabble
POOL	13622	0.517483394	4,6,8,9,11,16	tahoe lol wot uhh that rubble
POOL	13623	0.517453139	1,4,6,9,11,13,16	eh ho lol ata that raw bella
POOL	13624	0.517448840	2,4,5,9,11,14,16	ass know law lotta vet rub along
POOL	13625	0.517405037	2,4,5,9,11,14,16	ass know law lotta pfft rub elie
POOL	13626	0.517335578	2,4,5,9,11,15,16	ass know law lotta pfft rub ru
POOL	13627	0.517334824	2,4,5,9,11,14,16	ass know law lotta pfft rub ele
POOL	13628	0.517271368	2,3,5,9,11,14,16	ass new full lotta that rub alli
POOL	13629	0.517269113	5,7,9,11,12,16	hole lu'an ca that are -able
POOL	13630	0.517262045	2,4,5,9,11,14,16	ass know law lotta pfft rub appeal
POOL	13631	0.517198200	2,4,5,9,11,14,16	ass know law lotta vet rub alli
POOL	13632	0.517169812	1,5,9,11,12,16	uhh hole lotta that earl -able
POOL	13633	0.517135955	1,4,6,9,11,12,16	eh ho lol ata that air herbal
POOL	13634	0.517119658	2,4,5,9,11,16	ass know law lotta that arable
POOL	13635	0.517103143	2,4,5,9,12,16	ass know law lotta ver bubble
POOL	13636	0.517093055	2,3,5,9,11,14,16	ass new full lotta that rub ela
POOL	13637	0.517086007	2,4,5,9,11,14,16	ass know law lotta vet rub apple
POOL	13638	0.517063564	2,4,5,9,11,14,16	ass know law lotta pfft rub elly
POOL	13639	0.517052135	2,6,9,11,13,16	us o'neil ata that run bell
POOL	13640	0.517019887	2,4,5,9,11,14,16	ass know law lotta vet rub ela
POOL	13641	0.516999221	2,4,5,9,11,15,16	ass know law lotta pfft rub yah
POOL	13642	0.516986387	2,4,5,9,11,14,16	ass know law lotta vet rub evil
POOL	13643	0.516917878	1,5,8,10,16	eh hole lat of troubling
POOL	13644	0.516893179	2,3,5,9,11,14,16	ass new full lotta that rub elie
POOL	13645	0.516829866	2,4,5,9,11,15,16	ass know law lotta pfft rub yoo
POOL	13646	0.516822966	2,3,5,9,11,14,16	ass new full lotta that rub ele
POOL	13647	0.516820011	2,4,5,9,11,14,16	ass know law lotta vet rub elie
POOL	13648	0.516809994	2,4,5,9,11,14,16	ass know law lotta pfft rub eller
POOL	13649	0.516792787	2,4,5,9,11,14,16	ass know law lotta that rub alas
POOL	13650	0.516755848	2,4,5,9,11,14,16	ass know law lotta pfft rub era
POOL	13651	0.516749797	2,4,5,9,11,14,16	ass know law lotta vet rub ele
POOL	13652	0.516727010	2,4,5,9,11,14,16	ass know law lotta that rub duel
POOL	13653	0.516677018	2,4,5,9,11,14,16	ass know law lotta vet rub appeal
POOL	13654	0.516622274	1,4,6,7,9,11,16	eh ho lol aa ca that rebel
POOL	13655	0.516551705	2,3,5,9,11,14,16	ass new full lotta that rub elly
POOL	13656	0.516541175	2,6,9,11,12,16	nes ole ata that l -able
POOL	13657	0.516535393	1,4,6,7,9,11,16	eh ho lol aa ca that rabble
POOL	13658	0.516517790	2,4,5,9,11,15,16	ass know law lotta pfft rub yer
POOL	13659	0.516514763	2,4,5,9,12,16	ass know law lotta true rubble
POOL	13660	0.516478537	2,4,5,9,11,14,16	ass know law lotta vet rub elly
POOL	13661	0.516474489	2,4,5,7,9,11,16	ass know law loew ca that rebel
POOL	13662	0.516422019	1,5,8,10,16	eh hole lotte of troubling
POOL	13663	0.516409288	2,4,5,9,11,15,16	ass know law lotta pfft rub yeh
POOL	13664	0.516396679	2,4,5,9,11,14,16	ass know law lotta pfft rub awful
POOL	13665	0.516387608	2,4,5,7,9,11,16	ass know law loew ca that rabble
POOL	13666	0.516306751	2,4,5,9,11,15,16	ass know law lotta pfft rub yee
POOL	13667	0.516298135	2,3,5,9,11,14,16	ass new full lotta that rub eller
POOL	13668	0.516292838	1,5,8,9,11,14,15,16	eh hole lot uhh pfft rub a al
POOL	13669	0.516269599	2,4,5,9,11,15,16	ass know law lotta pfft rub u
POOL	13670	0.516244022	1,4,6,9,11,13,16	eh ho lol ata that raw battle
POOL	13671	0.516241919	2,4,5,9,11,14,16	ass know law lotta pfft rub error
POOL	13672	0.516230701	2,4,5,9,12,16	ass know law lotta tour bubble
POOL	13673	0.516224967	2,4,5,9,11,14,16	ass know law lotta vet rub eller
POOL	13674	0.516202074	1,5,8,9,11,14,15,16	eh hole lot uhh pfft rub a lee
POOL	13675	0.516172512	2,4,5,9,11,14,16	ass know law lotta that rub adele
POOL	13676	0.516170821	2,4,5,9,11,14,16	ass know law lotta vet rub era
POOL	13677	0.516160446	1,5,8,9,11,14,15,16	eh hole lot uhh pfft rub a ill
POOL	13678	0.516151805	1,4,9,11,14,16	ana show lotta that rub al
POOL	13679	0.516136266	2,4,5,9,11,16	ass know law lotta that russell
POOL	13680	0.516129930	2,4,5,7,11,12,16	ass know law aaliyah cut ur -able
POOL	13681	0.516125849	4,6,9,11,12,16	show lily ata that are -able
POOL	13682	0.516106893	2,4,5,9,11,16	ass know law lotta pfft herbal
POOL	13683	0.516038554	1,5,8,10,16	eh hole lott of troubling
POOL	13684	0.515955525	1,5,8,9,11,14,15,16	eh hole lot uhh pfft rub a all
POOL	13685	0.515954868	2,4,5,9,11,13,16	ass know law lotta that raw burrell
POOL	13686	0.515945195	2,4,5,9,11,16	ass know law lotta vet herbal
POOL	13687	0.515924139	2,4,5,9,11,14,16	ass know law lotta that rub herbal
POOL	13688	0.515922003	4,6,7,12,16	ahoy lol ahh t'other -able
POOL	13689	0.515909395	2,4,5,9,11,14,16	ass know law lotta pfft rub alert
POOL	13690	0.515853764	2,4,5,9,12,16	ass know law lotta true apple
POOL	13691	0.515847113	2,4,5,9,11,14,16	ass know law lotta that rub ethel
POOL	13692	0.515811653	2,4,5,9,11,14,16	ass know law lotta vet rub awful
POOL	13693	0.515805638	2,4,5,9,11,16	ass know law lotta pfft no.
POOL	13694	0.515804020	2,4,5,9,11,15,16	ass know law lotta pfft rub ye
POOL	13695	0.515791857	1,4,9,11,12,16	la show lotta that are -able
POOL	13696	0.515754348	2,4,5,9,11,12,16	ass know law lotta pfft are herbal
POOL	13697	0.515727896	2,4,5,9,11,14,16	ass know law lotta pfft rub dual
POOL	13698	0.515678253	2,4,5,9,11,13,16	ass know law lotta that raw bally
POOL	13699	0.515667625	2,4,5,9,11,15,16	ass know law lotta pfft rub yew
POOL	13700	0.515664749	2,4,5,9,11,14,16	ass know law lotta that rub elise
POOL	13701	0.515656892	2,4,5,9,11,14,16	ass know law lotta vet rub error
POOL	13702	0.515647305	2,4,5,9,11,14,16	ass know law lotta pfft rub oral
POOL	13703	0.515630378	2,4,5,9,11,16	ass know law lotta that rebels
POOL	13704	0.515558446	2,4,5,9,12,16	ass know law lotta true hubble
POOL	13705	0.515537423	2,4,5,9,11,16	ass know law lotta pfft double
POOL	13706	0.515527040	2,4,5,9,11,16	ass know law lotta pfft robin
POOL	13707	0.515511071	1,5,8,9,11,14,15,16	eh hole lot uh pfft rub a al
POOL	13708	0.515505801	1,4,6,7,9,11,16	eh ho lol aa tough that rub
POOL	13709	0.515498356	1,4,6,9,11,13,16	eh ho lol ata that raw billy
POOL	13710	0.515495034	1,5,8,9,11,14,15,16	eh hole lot uhh pfft rub a la
POOL	13711	0.515488381	2,4,5,9,11,13,16	ass know law lotta that raw bela
POOL	13712	0.515464933	2,4,5,9,11,16	ass know law lotta that bubble
POOL	13713	0.515460512	2,4,5,9,11,14,16	ass know law lotta that rub ara
POOL	13714	0.515420307	1,5,8,9,11,14,15,16	eh hole lot uh pfft rub a lee
POOL	13715	0.515389346	2,4,5,9,11,14,16	ass know law lotta that rub allure
POOL	13716	0.515382840	2,4,5,9,12,16	ass know law lotta tree bubble
POOL	13717	0.515378679	1,5,8,9,11,14,15,16	eh hole lot uh pfft rub a ill
POOL	13718	0.515375725	2,4,5,9,11,16	ass know law lotta vet double
POOL	13719	0.515374982	2,6,8,9,11,16	us bowl got uhh that arable
POOL	13720	0.515366658	1,5,9,11,12,16	uhh hole lotta bit are -able
POOL	13721	0.515365343	2,4,5,9,11,16	ass know law lotta vet robin
POOL	13722	0.515324368	2,4,5,9,11,14,16	ass know law lotta vet rub alert
POOL	13723	0.515270314	2,4,5,9,11,15,16	ass know law lotta pfft rub yaw
POOL	13724	0.515267305	2,4,5,9,11,14,16	ass know law lotta that rub alam
POOL	13725	0.515237748	1,4,6,9,11,13,16	eh ho lol ata that raw bally
POOL	13726	0.515192369	2,4,5,9,11,14,16	ass know law lotta pfft rub eagle
POOL	13727	0.515173758	1,5,8,9,11,14,15,16	eh hole lot uh pfft rub a all
POOL	13728	0.515145990	2,4,5,7,9,11,16	ass know law leia ca that rumble
POOL	13729	0.515142869	2,4,5,9,11,14,16	ass know law lotta vet rub dual
POOL	13730	0.515101820	2,4,5,9,11,15,16	ass know law lotta pfft rub ewe
POOL	13731	0.515062278	2,4,5,9,11,14,16	ass know law lotta vet rub oral
POOL	13732	0.515060665	2,4,5,9,11,15,16	ass know law lotta pfft rub yue
POOL	13733	0.515047876	1,4,6,9,11,13,16	eh ho lol ata that raw bela
POOL	13734	0.515035751	2,4,5,9,11,14,16	ass know law lotta that rub anil
POOL	13735	0.515022774	2,4,5,9,11,14,16	ass know law lotta that rub newell
POOL	13736	0.514987354	2,4,5,9,11,14,16	ass know law lotta that rub aloof
POOL	13737	0.514962988	2,4,5,9,11,16	ass know law lotta too herbal
POOL	13738	0.514892263	2,4,5,9,11,14,16	ass know law lotta that rub along
POOL	13739	0.514832350	2,4,5,9,11,14,16	ass know law lotta that rub ethyl
POOL	13740	0.514805936	2,4,5,9,11,14,16	ass know law lotta that rub errol
POOL	13741	0.514793336	2,4,5,9,11,14,16	ass know law lotta that rub sewell
POOL	13742	0.514762685	2,4,5,9,11,14,16	ass know law lotta that rub amal
POOL	13743	0.514713267	1,5,8,9,11,14,15,16	eh hole lot uh pfft rub a la
POOL	13744	0.514698863	1,4,6,9,12,16	uhh show r. ata true -able
POOL	13745	0.514653516	2,4,5,9,11,16	ass know law lotta that robben
POOL	13746	0.514623459	2,4,5,9,11,16	ass know law lotta that ramble
POOL	13747	0.514607342	2,4,5,9,11,14,16	ass know law lotta vet rub eagle
POOL	13748	0.514599160	1,4,6,7,9,11,16	eh ho lol aa tough that rebel
POOL	13749	0.514595402	2,5,8,9,11,16	uh-huh ole lat uhh that rubble
POOL	13750	0.514584223	2,4,5,9,11,15,16	ass know law lotta pfft rub yuh
POOL	13751	0.514580976	2,4,5,9,12,16	ass know law lotta ver rubble
POOL	13752	0.514576246	1,5,8,10,11,12,16	eh whole lot of a a bear
POOL	13753	0.514576157	2,4,5,9,11,14,16	ass know law lotta pfft rub alot
POOL	13754	0.514512279	1,4,6,7,9,11,16	eh ho lol aa tough that rabble
POOL	13755	0.514501308	2,4,5,9,11,14,16	ass know law lotta that rub adel
POOL	13756	0.514501076	2,4,5,9,11,14,16	ass know law lotta that rub allot
POOL	13757	0.514474980	2,4,5,9,11,14,16	ass know law lotta that rub aural
POOL	13758	0.514443333	2,4,5,7,11,16	us leo all la cut rubble
POOL	13759	0.514437764	2,6,9,11,12,16	ans ole ata ter are -able
POOL	13760	0.514434758	2,4,5,9,11,15,16	ass know law lotta pfft rub yu
POOL	13761	0.514313649	1,5,8,9,11,14,15,16	eh hole lot uhh pfft rub a earl
POOL	13762	0.514296445	2,4,5,9,11,14,16	ass know law lotta that rub allude
POOL	13763	0.514274396	2,4,5,9,11,14,16	ass know law lotta that rub allay
POOL	13764	0.514245444	2,4,5,9,11,14,16	ass know law lotta that rub easel
POOL	13765	0.514207298	2,4,5,9,11,14,16	ass know law lotta that rub alon
POOL	13766	0.514184065	2,4,5,9,11,14,16	ass know law lotta that rub alo
POOL	13767	0.514178757	1,4,6,7,9,11,16	eh ho lol aa ca that rumble
POOL	13768	0.514151380	1,4,6,9,11,12,16	eh ho lol ata that air wobble
POOL	13769	0.514030972	2,4,5,7,9,11,16	ass know law loew ca that rumble
POOL	13770	0.514016249	2,4,5,9,12,16	ass know law lotta true publ
POOL	13771	0.513999385	2,4,5,9,11,14,16	ass know law lotta that rub alene
POOL	13772	0.513991130	2,4,5,9,11,14,16	ass know law lotta vet rub alot
POOL	13773	0.513969390	1,6,9,11,12,16	uhh holed ata that are -able
POOL	13774	0.513919977	2,4,5,9,12,16	ass know law lotta ver apple
POOL	13775	0.513853749	2,6,9,11,12,16	us olde ata that are -able
POOL	13776	0.513811942	2,4,5,9,11,14,16	ass know law lotta pfft rub alas
POOL	13777	0.513792182	2,4,5,9,11,14,16	ass know law lotta pfft rub it'll
POOL	13778	0.513746165	2,4,5,9,11,14,16	ass know law lotta pfft rub duel
POOL	13779	0.513708534	2,4,5,9,12,16	ass know law lotta tour rubble
POOL	13780	0.513698739	1,4,6,9,11,12,16	eh ho lol ata that air gobble
POOL	13781	0.513687500	2,4,5,9,11,16	ass know law lotta that ruble
POOL	13782	0.513664627	2,4,5,9,11,15,16	ass know law lotta pfft rub ja
POOL	13783	0.513641616	1,5,8,9,11,14,15,16	eh hole lot uhh pfft rub a lou
POOL	13784	0.513624659	2,4,5,9,12,16	ass know law lotta ver hubble
POOL	13785	0.513581547	2,4,6,9,11,16	rash bone lol ata that rubble
POOL	13786	0.513563976	2,4,5,9,11,16	ass know law lotta pfft wobble
POOL	13787	0.513550361	2,4,5,7,11,16	ass know law aaliyah cut rubble
POOL	13788	0.513531882	1,5,8,9,11,14,15,16	eh hole lot uh pfft rub a earl
POOL	13789	0.513459154	2,4,5,9,11,15,16	ass know law lotta pfft rub yi
POOL	13790	0.513452283	1,4,6,9,11,12,16	eh ho lol ata that air cobble
POOL	13791	0.513442221	2,4,5,9,11,14,16	ass know law lotta that rub ea
POOL	13792	0.513402278	2,4,5,9,11,16	ass know law lotta vet wobble
POOL	13793	0.513373745	4,6,9,11,14,16	o lol ata that rugby al
POOL	13794	0.513338214	1,5,8,9,11,14,15,16	eh hole lat uh pfft rub a aar
POOL	13795	0.513273580	1,4,6,9,11,13,16	eh ho lol ata that raw barry
POOL	13796	0.513226916	2,4,5,9,11,14,16	ass know law lotta vet rub alas
POOL	13797	0.513218264	2,4,5,9,12,16	ass know law lotta ver couple
POOL	13798	0.513207156	2,4,5,9,11,14,16	ass know law lotta vet rub it'll
POOL	13799	0.513191667	2,4,5,9,11,14,16	ass know law lotta pfft rub adele
POOL	13800	0.513161138	2,4,5,9,11,14,16	ass know law lotta vet rub duel
POOL	13801	0.513152798	1,5,8,9,11,14,15,16	eh hole lot uhh pfft rub a leigh
POOL	13802	0.513134790	2,4,5,9,11,16	ass know law lotta that treble
POOL	13803	0.513047535	2,4,5,9,12,16	ass know law lotta tour apple
POOL	13804	0.513023206	1,4,6,9,11,13,16	eh ho lol ata that raw barrel
POOL	13805	0.513017639	2,4,5,9,11,16	ass know law lotta pfft arable
POOL	13806	0.513017213	2,4,5,9,11,14,16	ass know law lotta that rub ia
POOL	13807	0.512943295	2,4,5,9,11,14,16	ass know law lotta pfft rub herbal
POOL	13808	0.512886221	1,5,8,9,11,14,15,16	eh hole lot uhh pfft rub a el
POOL	13809	0.512866268	2,4,5,9,11,14,16	ass know law lotta pfft rub ethel
POOL	13810	0.512860673	2,4,5,9,12,16	ass know law lotta tree rubble
POOL	13811	0.512859849	1,5,8,9,11,14,15,16	eh hole lot uh pfft rub a lou
POOL	13812	0.512855941	2,4,5,9,11,16	ass know law lotta vet arable
POOL	13813	0.512848263	4,6,9,11,12,16	ro la ata that are -able
POOL	13814	0.512805203	1,4,6,9,11,13,16	eh ho lol ata that raw billie
POOL	13815	0.512769773	2,4,5,9,11,12,16	ass know law lotta pfft are wobble
POOL	13816	0.512752217	2,4,5,9,12,16	ass know law lotta tour hubble
POOL	13817	0.512710504	5,9,12,16	hole lok stare pal
POOL	13818	0.512693940	1,5,8,9,11,14,15,16	eh hole lot uhh pfft rub a lea
POOL	13819	0.512683905	2,4,5,9,11,14,16	ass know law lotta pfft rub elise
POOL	13820	0.512657199	2,4,5,9,11,16	ass know law lotta that lovell
POOL	13821	0.512644331	2,5,9,11,12,16	us sold lotta that earth -able
POOL	13822	0.512616659	1,5,8,9,11,14,15,16	eh hole lot uhh pfft rub a le
POOL	13823	0.512606641	2,4,5,9,11,14,16	ass know law lotta vet rub adele
POOL	13824	0.512516195	1,5,8,10,11,12,16	eh whole lot of a a bare
POOL	13825	0.512501249	2,4,5,9,11,16	ass know law lotta that crumble
POOL	13826	0.512479667	2,4,5,9,11,14,16	ass know law lotta pfft rub ara
POOL	13827	0.512475381	1,4,6,9,11,12,16	eh ho lol ata that air cuddle
POOL	13828	0.512467370	2,4,5,9,11,14,16	ass know law lotta pfft rub agree
POOL	13829	0.512426592	2,4,6,7,11,16	us rio wool ahh cut rubble
POOL	13830	0.512420071	2,4,5,9,11,16	ass know law lotta too wobble
POOL	13831	0.512408502	2,4,5,9,11,14,16	ass know law lotta pfft rub allure
POOL	13832	0.512402012	5,7,9,11,16	unholy la tun that rubble
POOL	13833	0.512401975	1,5,8,9,11,14,15,16	eh hole lot uhh pfft rub a lieu
POOL	13834	0.512371030	1,5,8,9,11,14,15,16	eh hole lot uh pfft rub a leigh
POOL	13835	0.512362334	1,5,8,9,11,14,15,16	eh hole lot uhh pfft rub a l
POOL	13836	0.512359478	1,5,8,9,11,14,15,16	eh hole lot uhh pfft rub a elle
POOL	13837	0.512358268	2,4,5,9,11,14,16	ass know law lotta vet rub herbal
POOL	13838	0.512350451	1,6,9,11,12,16	ang hole ata that r.'s -able
POOL	13839	0.512336764	2,6,9,11,16	earth only ata that rubble
POOL	13840	0.512317131	2,4,5,9,11,12,16	ass know law lotta pfft are gobble
POOL	13841	0.512286460	2,4,5,9,11,14,16	ass know law lotta pfft rub alam
POOL	13842	0.512281241	2,4,5,9,11,14,16	ass know law lotta vet rub ethel
POOL	13843	0.512256866	1,4,6,9,11,12,16	eh ho lol ata that air abba
POOL	13844	0.512204850	1,4,6,9,11,12,16	eh ho lol ata that air model
POOL	13845	0.512200186	5,9,11,12,16	unholy loch that air -able
POOL	13846	0.512199674	2,4,5,9,12,16	ass know law lotta tree apple
POOL	13847	0.512172775	1,4,6,9,11,13,16	eh ho lol ata that raw balloon
POOL	13848	0.512155643	1,4,6,7,9,11,16	eh ho lol aa tough that rumble
POOL	13849	0.512104454	1,5,8,9,11,14,15,16	eh hole lot uh pfft rub a el
POOL	13850	0.512098878	2,4,5,9,11,14,16	ass know law lotta vet rub elise
POOL	13851	0.512095875	1,4,6,9,11,12,16	eh ho lol ata that air puddle
POOL	13852	0.512082462	2,4,5,9,12,16	ass know law lotta ver publ
POOL	13853	0.512070675	2,4,5,9,11,12,16	ass know law lotta pfft are cobble
POOL	13854	0.512056125	1,5,8,9,11,14,15,16	eh hole lot uhh pfft rub a loo
POOL	13855	0.512054906	2,4,5,9,11,14,16	ass know law lotta pfft rub anil
POOL	13856	0.512041929	2,4,5,9,11,14,16	ass know law lotta pfft rub newell
POOL	13857	0.512034248	2,4,5,9,11,16	ass know law lotta pfft russell
POOL	13858	0.512006510	2,4,5,9,11,14,16	ass know law lotta pfft rub aloof
POOL	13859	0.511988035	1,5,8,9,11,14,15,16	eh hole lot uhh pfft rub a lew
POOL	13860	0.511986449	2,4,5,9,11,16	ass know law lotta that hubble
POOL	13861	0.511973817	1,4,6,9,11,12,16	eh ho lol ata that air rebel
POOL	13862	0.511958291	1,6,7,11,12,16	uhh holi wha cut are -able
POOL	13863	0.511912173	1,5,8,9,11,14,15,16	eh hole lot uh pfft rub a lea
POOL	13864	0.511904356	2,4,5,9,12,16	ass know law lotta tree hubble
POOL	13865	0.511897526	1,5,8,9,11,14,15,16	eh hole lot uhh pfft rub a eel
POOL	13866	0.511894641	2,4,5,9,11,14,16	ass know law lotta vet rub ara
POOL	13867	0.511886936	1,4,6,9,11,12,16	eh ho lol ata that air rabble
POOL	13868	0.511886902	1,4,6,9,11,13,16	eh ho lol ata that raw berry
POOL	13869	0.511882344	2,4,5,9,11,14,16	ass know law lotta vet rub agree
POOL	13870	0.511878091	2,4,9,11,12,16	us goes lotta that are -able
POOL	13871	0.511873734	2,4,5,9,11,16	ass know law lotta too arable
POOL	13872	0.511872550	2,4,5,9,11,16	ass know law lotta vet russell
POOL	13873	0.511857468	1,5,8,9,11,14,15,16	eh hole lot uhh pfft rub a il
POOL	13874	0.511851505	2,4,5,9,11,14,16	ass know law lotta pfft rub ethyl
POOL	13875	0.511836779	2,4,5,9,11,14,16	ass know law lotta pfft rub appear
POOL	13876	0.511834892	1,5,8,9,11,14,15,16	eh hole lot uh pfft rub a le
POOL	13877	0.511825092	2,4,5,9,11,14,16	ass know law lotta pfft rub errol
POOL	13878	0.511823475	2,4,5,9,11,14,16	ass know law lotta vet rub allure
POOL	13879	0.511812491	2,4,5,9,11,14,16	ass know law lotta pfft rub sewell
POOL	13880	0.511792103	1,4,6,9,11,16	sir show lol cotta that rubble
POOL	13881	0.511784464	1,2,4,7,11,16	uhh her leo la cut rubble
POOL	13882	0.511781840	2,4,5,9,11,14,16	ass know law lotta pfft rub amal
POOL	13883	0.511708695	2,4,5,9,11,16	ass know law lotta that russel
POOL	13884	0.511701434	2,4,5,9,11,14,16	ass know law lotta vet rub alam
POOL	13885	0.511653755	1,4,6,9,11,12,16	eh ho lol ata that air babel
POOL	13886	0.511646027	1,4,6,9,11,12,16	eh ho lol ata that air huddle
POOL	13887	0.511637936	6,9,16	hole schott rubble
POOL	13888	0.511620207	1,5,8,9,11,14,15,16	eh hole lot uh pfft rub a lieu
POOL	13889	0.511597122	1,5,8,9,11,14,15,16	eh hole lot uhh pfft rub a ahl
POOL	13890	0.511585647	1,5,8,9,11,14,15,16	eh hole lot uhh pfft rub a li
POOL	13891	0.511580567	1,5,8,9,11,14,15,16	eh hole lot uh pfft rub a l
POOL	13892	0.511577711	1,5,8,9,11,14,15,16	eh hole lot uh pfft rub a elle
POOL	13893	0.511574323	2,4,5,9,11,16	ass know law lotta that no.
POOL	13894	0.511569023	1,5,8,9,11,14,15,16	eh hole lot uhh pfft rub a earle
POOL	13895	0.511564360	2,4,5,9,13,16	ass know law lotta tra herbal
POOL	13896	0.511557961	2,4,5,9,12,16	ass know law lotta true herbal
POOL	13897	0.511557916	1,5,6,7,11,16	uhh hole early ahh cut rubble
POOL	13898	0.511540566	1,4,6,9,11,12,16	eh ho lol ata that air humble
POOL	13899	0.511538315	1,4,6,9,12,16	uhh yo lol ata true -able
POOL	13900	0.511537730	2,4,5,7,12,16	ass know law leia t'other -able
POOL	13901	0.511528360	2,4,5,9,11,16	ass know law lotta pfft rebels
POOL	13902	0.511520464	2,4,5,9,11,14,16	ass know law lotta pfft rub adel
POOL	13903	0.511520232	2,4,5,9,11,14,16	ass know law lotta pfft rub allot
POOL	13904	0.511515718	2,4,5,9,13,16	ass know law lotta truck herbal
POOL	13905	0.511494135	2,4,5,9,11,14,16	ass know law lotta pfft rub aural
POOL	13906	0.511472771	2,4,8,9,11,16	us oh lat uh-oh that rubble
POOL	13907	0.511469879	2,4,5,9,11,14,16	ass know law lotta vet rub anil
POOL	13908	0.511462985	1,4,6,9,11,12,16	eh ho lol ata that air adele
POOL	13909	0.511456903	2,4,5,9,11,14,16	ass know law lotta vet rub newell
POOL	13910	0.511437177	1,4,6,9,11,13,16	eh ho lol ata that raw basil
POOL	13911	0.511421483	2,4,5,9,11,14,16	ass know law lotta vet rub aloof
POOL	13912	0.511371588	1,5,8,9,11,14,15,16	eh hole lot uhh pfft rub a ell
POOL	13913	0.511366662	2,4,5,9,11,16	ass know law lotta vet rebels
POOL	13914	0.511362914	2,4,5,9,11,16	ass know law lotta pfft bubble
POOL	13915	0.511360306	1,6,9,11,12,16	uhh ho ata vote are -able
POOL	13916	0.511317573	1,4,6,9,11,12,16	eh ho lol ata that air babble
POOL	13917	0.511315600	2,4,5,9,11,14,16	ass know law lotta pfft rub allude
POOL	13918	0.511293552	2,4,5,9,11,14,16	ass know law lotta pfft rub allay
POOL	13919	0.511274357	1,5,8,9,11,14,15,16	eh hole lot uh pfft rub a loo
POOL	13920	0.511266479	2,4,5,9,11,14,16	ass know law lotta vet rub ethyl
POOL	13921	0.511264600	2,4,5,9,11,14,16	ass know law lotta pfft rub easel
POOL	13922	0.511263765	1,4,7,10,12,16	uhh show la tummy true -able
POOL	13923	0.511251752	2,4,5,9,11,14,16	ass know law lotta vet rub appear
POOL	13924	0.511240065	2,4,5,9,11,14,16	ass know law lotta vet rub errol
POOL	13925	0.511227464	2,4,5,9,11,14,16	ass know law lotta vet rub sewell
POOL	13926	0.511226454	2,4,5,9,11,14,16	ass know law lotta pfft rub alon
POOL	13927	0.511224835	1,4,6,9,11,12,16	eh ho lol ata that air supple
POOL	13928	0.511217345	2,6,7,9,11,16	us o'leary nah ca that rubble
POOL	13929	0.511210020	2,4,5,9,12,16	ass know law lotta tour publ
POOL	13930	0.511206268	1,5,8,9,11,14,15,16	eh hole lot uh pfft rub a lew
POOL	13931	0.511203220	2,4,5,9,11,14,16	ass know law lotta pfft rub alo
POOL	13932	0.511201216	2,4,5,9,11,16	ass know law lotta vet bubble
POOL	13933	0.511196814	2,4,5,9,11,14,16	ass know law lotta vet rub amal
POOL	13934	0.511135776	1,5,8,10,11,12,16	eh whole lot of a a bull
POOL	13935	0.511115759	1,5,8,9,11,14,15,16	eh hole lot uh pfft rub a eel
POOL	13936	0.511113716	1,4,6,9,11,12,16	eh ho lol ata that air dabble
POOL	13937	0.511093773	2,4,5,9,11,12,16	ass know law lotta pfft are cuddle
POOL	13938	0.511092811	1,4,6,9,11,13,16	eh ho lol ata that raw beetle
POOL	13939	0.511079807	2,4,8,10,12,16	us oh lat avi true -able
POOL	13940	0.511075700	1,5,8,9,11,14,15,16	eh hole lot uh pfft rub a il
POOL	13941	0.511068330	2,4,5,9,11,16	ass know law lotta that ripple
POOL	13942	0.511066031	2,4,5,9,11,16	ass know law lotta that grumble
POOL	13943	0.511048488	2,4,5,9,11,16	ass know law lotta that riddle
POOL	13944	0.511027196	2,4,5,9,11,16	ass know law lotta that ruffle
POOL	13945	0.511018540	2,4,5,9,11,14,16	ass know law lotta pfft rub alene
POOL	13946	0.510996812	2,4,6,8,11,16	us oh raleigh got at rubble
POOL	13947	0.510956326	1,4,6,9,11,13,16	eh ho lol ata that raw abel
POOL	13948	0.510935437	2,4,5,9,11,14,16	ass know law lotta vet rub adel
POOL	13949	0.510935205	2,4,5,9,11,14,16	ass know law lotta vet rub allot
POOL	13950	0.510930283	1,4,6,9,11,12,16	eh ho lol ata that air muddle
POOL	13951	0.510909109	2,4,5,9,11,14,16	ass know law lotta vet rub aural
POOL	13952	0.510875259	2,4,5,9,11,12,16	ass know law lotta pfft are abba
POOL	13953	0.510862162	1,4,6,9,11,12,16	eh ho lol ata that air doubled
POOL	13954	0.510861955	1,4,6,9,11,12,16	eh ho lol ata that air doubles
POOL	13955	0.510843223	2,4,5,9,11,16	ass know law lotta that rustle
POOL	13956	0.510840094	2,4,5,9,11,16	ass know law lotta that trumbull
POOL	13957	0.510815355	1,5,8,9,11,14,15,16	eh hole lot uh pfft rub a ahl
POOL	13958	0.510803880	1,5,8,9,11,14,15,16	eh hole lot uh pfft rub a li
POOL	13959	0.510792566	1,4,6,9,11,13,16	eh ho lol ata that raw basel
POOL	13960	0.510787256	1,5,8,9,11,14,15,16	eh hole lot uh pfft rub a earle
POOL	13961	0.510730574	2,4,5,9,11,14,16	ass know law lotta vet rub allude
POOL	13962	0.510714267	2,4,5,9,11,12,16	ass know law lotta pfft are puddle
POOL	13963	0.510708525	2,4,5,9,11,14,16	ass know law lotta vet rub allay
POOL	13964	0.510684760	1,5,8,10,11,12,16	eh whole lot of a a beer
POOL	13965	0.510679573	2,4,5,9,11,14,16	ass know law lotta vet rub easel
POOL	13966	0.510650578	2,4,5,9,11,14,16	ass know law lotta that rub it'll
POOL	13967	0.510643673	1,5,8,9,11,14,15,16	eh hole lot uhh pfft rub a lah
POOL	13968	0.510641427	2,4,5,9,11,14,16	ass know law lotta vet rub alon
POOL	13969	0.510618193	2,4,5,9,11,14,16	ass know law lotta vet rub alo
POOL	13970	0.510600932	2,4,6,9,12,16	us ago lol ata fir -able
POOL	13971	0.510600257	2,4,5,9,11,16	ass know law lotta that rumba
POOL	13972	0.510589821	1,5,8,9,11,14,15,16	eh hole lot uh pfft rub a ell
POOL	13973	0.510580882	1,4,6,9,11,12,16	eh ho lol ata that air bubbles
POOL	13974	0.510562191	1,5,8,9,11,14,15,16	eh hole lot uhh pfft rub a leh
POOL	13975	0.510553931	1,6,9,11,12,16	m hole ata jacques are -able
POOL	13976	0.510551497	2,4,5,9,11,16	ass know law lotta pfft robben
POOL	13977	0.510521440	2,4,5,9,11,16	ass know law lotta pfft ramble
POOL	13978	0.510505329	2,4,5,9,11,12,16	ass know law lotta pfft are rabble
POOL	13979	0.510461376	2,4,5,9,11,14,16	ass know law lotta pfft rub ea
POOL	13980	0.510444252	2,4,5,9,11,16	ass know law lotta that publ
POOL	13981	0.510433514	2,4,5,9,11,14,16	ass know law lotta vet rub alene
POOL	13982	0.510412886	1,4,6,9,11,13,16	eh ho lol ata that raw bali
POOL	13983	0.510389800	2,4,5,9,11,16	ass know law lotta vet robben
POOL	13984	0.510362159	2,4,5,9,12,16	ass know law lotta tree publ
POOL	13985	0.510359743	2,4,5,9,11,16	ass know law lotta vet ramble
POOL	13986	0.510352957	2,4,5,9,11,16	ass know law lotta that nibble
POOL	13987	0.510322470	1,4,6,9,11,13,16	eh ho lol ata that raw bearer
POOL	13988	0.510272147	2,4,5,9,11,12,16	ass know law lotta pfft are babel
POOL	13989	0.510270002	1,4,6,9,11,16	uhh co. lol ata shot rubble
POOL	13990	0.510264420	2,4,5,9,11,12,16	ass know law lotta pfft are huddle
POOL	13991	0.510094611	1,4,6,9,11,13,16	eh ho lol ata that raw abba
POOL	13992	0.510081377	2,4,5,9,11,12,16	ass know law lotta pfft are adele
POOL	13993	0.510076636	2,5,9,11,14,16	mass. ole lotta that rub allow
POOL	13994	0.510036368	2,4,5,9,11,14,16	ass know law lotta pfft rub ia
POOL	13995	0.510030819	1,4,7,10,12,16	uhh show leila tough true -able
POOL	13996	0.510008945	2,4,6,9,11,16	us woke reel ata that rubble
POOL	13997	0.509994562	1,4,6,9,11,13,16	eh ho lol ata that raw bethel
POOL	13998	0.509965626	1,4,6,9,11,12,16	eh ho lol ata that air baba
POOL	13999	0.509949271	2,4,7,9,11,16	us dome la ca avert rubble
POOL	14000	0.509941512	1,4,6,9,11,13,16	eh ho lol ata that raw barrie
POOL	14001	0.509935965	2,4,5,9,11,12,16	ass know law lotta pfft are babble
POOL	14002	0.509876349	2,4,5,9,11,14,16	ass know law lotta vet rub ea
POOL	14003	0.509865253	1,4,6,9,11,13,16	eh ho lol ata that raw beagle
POOL	14004	0.509861906	1,5,8,9,11,14,15,16	eh hole lot uh pfft rub a lah
POOL	14005	0.509843227	2,4,5,9,11,12,16	ass know law lotta pfft are supple
POOL	14006	0.509835301	1,4,6,9,11,12,16	eh ho lol ata that air pebble
POOL	14007	0.509791781	1,4,6,9,11,12,16	eh ho lol ata that air adel
POOL	14008	0.509789012	1,5,8,9,11,13,15,16	eh hole lat uhh that raw bad here
POOL	14009	0.509780424	1,5,8,9,11,14,15,16	eh hole lot uh pfft rub a leh
POOL	14010	0.509768113	1,5,8,10,11,12,16	eh whole lot of a a del
POOL	14011	0.509734611	2,4,5,9,11,16	ass know law lotta that rattle
POOL	14012	0.509732108	2,4,5,9,11,12,16	ass know law lotta pfft are dabble
POOL	14013	0.509697478	2,6,9,12,16	path only ata true -able
POOL	14014	0.509688779	1,5,8,9,11,13,15,16	eh hole lat uhh that raw bad year
POOL	14015	0.509624174	2,4,5,9,12,16	ass know law lotta ver herbal
POOL	14016	0.509585481	2,4,5,9,11,16	ass know law lotta pfft ruble
POOL	14017	0.509575367	2,4,5,9,11,16	ass know law lotta that rommel
POOL	14018	0.509548676	2,4,5,9,11,12,16	ass know law lotta pfft are muddle
POOL	14019	0.509539541	2,5,6,7,11,16	us noel all ahh cut rubble
POOL	14020	0.509530301	1,4,6,9,11,12,16	eh ho lol ata that air rumble
POOL	14021	0.509491500	1,4,6,9,11,13,16	eh ho lol ata that raw babel
POOL	14022	0.509490975	1,4,6,9,11,13,16	eh ho lol ata that raw beryl
POOL	14023	0.509484405	2,4,5,9,14,16	ass know law lotta club alley
POOL	14024	0.509473960	1,4,6,9,11,12,16	eh ho lol ata that air tumble
POOL	14025	0.509458928	1,5,8,9,11,14,15,16	eh hole lot uhh pfft rub a lu
POOL	14026	0.509451341	2,4,5,9,11,14,16	ass know law lotta vet rub ia
POOL	14027	0.509423784	2,4,5,9,11,16	ass know law lotta vet ruble
POOL	14028	0.509419157	1,4,6,9,11,13,16	eh ho lol ata that raw barre
POOL	14029	0.509415551	1,4,6,9,11,13,16	eh ho lol ata that raw baal
POOL	14030	0.509415297	1,4,6,9,11,13,16	eh ho lol ata that raw banal
POOL	14031	0.509360410	1,4,6,9,11,12,16	eh ho lol ata that air fumble
POOL	14032	0.509241207	1,5,9,11,12,16	uhh hole let-up that are -able
POOL	14033	0.509227808	1,4,6,9,11,13,16	eh ho lol ata that raw bezel
POOL	14034	0.509207247	1,4,6,9,11,12,16	eh ho lol ata that air bubba
POOL	14035	0.509191382	1,4,6,9,12,16	uhh low lol ata steer -able
POOL	14036	0.509182741	1,4,6,9,12,16	a show you'll ata true -able
POOL	14037	0.509155318	1,4,6,9,11,13,16	eh ho lol ata that raw babble
POOL	14038	0.509118185	2,4,5,9,11,16	ass know law lotta that ravel
POOL	14039	0.509108749	1,4,6,9,11,13,16	eh ho lol ata that raw biddle
POOL	14040	0.509044342	1,4,6,9,11,13,16	eh ho lol ata that raw baffle
POOL	14041	0.509032772	2,4,5,9,11,16	ass know law lotta pfft treble
POOL	14042	0.509007360	1,4,6,7,9,11,16	eh ho lol aa ca that herbal
POOL	14043	0.508930960	1,4,6,9,11,13,16	eh ho lol ata that raw bernal
POOL	14044	0.508913105	1,5,9,11,13,16	ea hole lotta that run bell
POOL	14045	0.508871074	2,4,5,9,11,16	ass know law lotta vet treble
POOL	14046	0.508843363	1,4,9,11,12,16	uhh show lotta bought ya -able
POOL	14047	0.508839300	1,4,6,9,11,13,16	eh ho lol ata that raw beatle
POOL	14048	0.508819227	1,4,6,7,9,11,16	eh ho lol aa ca that lull
POOL	14049	0.508792602	1,4,6,9,11,13,16	eh ho lol ata that raw bevel
POOL	14050	0.508756127	2,4,9,11,12,16	uhh oh lotta that are doubled
POOL	14051	0.508751733	2,4,5,9,12,16	ass know law lotta tour herbal
POOL	14052	0.508677161	1,5,8,9,11,14,15,16	eh hole lot uh pfft rub a lu
POOL	14053	0.508626858	2,4,5,9,11,16	ass know law lotta that annabelle
POOL	14054	0.508611802	2,4,5,9,11,16	ass know law lotta that muddle
POOL	14055	0.508567581	2,4,5,9,11,16	ass know law lotta that nuttall
POOL	14056	0.508555180	2,4,5,9,11,16	ass know law lotta pfft lovell
POOL	14057	0.508459124	2,6,9,12,16	cash only ata store -able
POOL	14058	0.508425492	2,4,5,9,12,16	ass know law lotta true wobble
POOL	14059	0.508410173	2,4,5,9,11,12,16	ass know law lotta pfft are adel
POOL	14060	0.508399231	2,4,5,9,11,16	ass know law lotta pfft crumble
POOL	14061	0.508393482	2,4,5,9,11,16	ass know law lotta vet lovell
POOL	14062	0.508379890	2,3,4,6,7,10,16	ass new oh really ahh tough trouble
POOL	14063	0.508368138	1,4,6,9,11,12,16	eh ho lol ata that air bumble
POOL	14064	0.508332347	2,4,5,9,14,16	ass know law lotta club ala
POOL	14065	0.508301636	1,4,6,9,11,13,16	eh ho lol ata that raw bala
POOL	14066	0.508283707	1,6,9,11,12,16	s hall ata that are -able
POOL	14067	0.508269588	1,4,7,11,12,16	uhh hou leia cut are -able
POOL	14068	0.508237533	2,4,5,9,11,16	ass know law lotta vet crumble
POOL	14069	0.508234498	2,4,5,9,14,16	ass know law lotta club ella
POOL	14070	0.508208121	1,4,6,9,11,12,16	eh ho lol ata that air mumble
POOL	14071	0.508204853	2,3,4,6,7,10,16	ass new oh really awe tough trouble
POOL	14072	0.508201243	2,4,5,9,14,16	ass know law lotta club ellie
POOL	14073	0.508179748	2,4,5,9,11,16	ass know law lotta pfft apple
POOL	14074	0.508100084	1,4,6,9,11,12,16	eh ho lol ata that air stubble
POOL	14075	0.508064187	2,4,5,7,9,16	ass know law leia ca treble
POOL	14076	0.508059470	1,4,6,9,11,12,16	eh ho lol ata that air appeal
POOL	14077	0.508018050	2,4,5,9,11,16	ass know law lotta vet apple
POOL	14078	0.507937821	1,4,6,7,9,11,16	eh ho lol aa ca that robin
POOL	14079	0.507903871	2,4,5,9,12,16	ass know law lotta tree herbal
POOL	14080	0.507897410	2,4,5,9,12,16	ass know law lotta true gobble
POOL	14081	0.507884430	2,4,5,9,11,16	ass know law lotta pfft hubble
POOL	14082	0.507872162	2,4,5,7,9,16	ass know law leia ca rubble
POOL	14083	0.507830492	2,6,9,12,16	us only ata terse -able
POOL	14084	0.507722732	2,4,5,9,11,16	ass know law lotta vet hubble
POOL	14085	0.507705056	2,4,5,9,13,16	ass know law lotta tra apple
POOL	14086	0.507699479	2,6,9,11,16	us only ata eve rubble
POOL	14087	0.507683315	2,4,5,9,13,16	ass know law lotta struck herbal
POOL	14088	0.507676052	2,6,8,10,12,16	us olney got love true -able
POOL	14089	0.507609878	2,4,5,9,12,16	ass know law lotta true cobble
POOL	14090	0.507606677	2,4,5,9,11,16	ass know law lotta pfft russel
POOL	14091	0.507447814	1,4,6,7,9,11,16	eh ho lol aa ca that double
POOL	14092	0.507444979	2,4,5,9,11,16	ass know law lotta vet russel
POOL	14093	0.507373213	2,4,6,9,11,16	us tho lol ata that rommel
POOL	14094	0.507341256	2,4,5,9,13,16	ass know law lotta tra belly
POOL	14095	0.507292614	2,4,5,9,13,16	ass know law lotta truck belly
POOL	14096	0.507138656	1,4,6,9,11,13,16	eh ho lol ata that raw adele
POOL	14097	0.507131746	2,4,5,9,14,16	ass know law lotta club allie
POOL	14098	0.506984246	1,4,6,7,9,11,16	eh ho lol aa tough that herbal
POOL	14099	0.506966311	2,4,5,9,11,16	ass know law lotta pfft ripple
POOL	14100	0.506965439	2,4,5,9,11,16	ass know law lotta that waddle
POOL	14101	0.506964013	2,4,5,9,11,16	ass know law lotta pfft grumble
POOL	14102	0.506946469	2,4,5,9,11,16	ass know law lotta pfft riddle
POOL	14103	0.506925177	2,4,5,9,11,16	ass know law lotta pfft ruffle
POOL	14104	0.506894561	1,4,6,9,11,12,16	eh ho lol ata that air ombre
POOL	14105	0.506804613	2,4,5,9,11,16	ass know law lotta vet ripple
POOL	14106	0.506802315	2,4,5,9,11,16	ass know law lotta vet grumble
POOL	14107	0.506796113	1,4,6,7,9,11,16	eh ho lol aa tough that lull
POOL	14108	0.506784771	2,4,5,9,11,16	ass know law lotta vet riddle
POOL	14109	0.506769665	6,11,16	hole tut nuttall
POOL	14110	0.506763480	2,4,5,9,11,16	ass know law lotta vet ruffle
POOL	14111	0.506763333	2,4,5,7,9,16	ass know law loew ca treble
POOL	14112	0.506741204	2,4,5,9,11,16	ass know law lotta pfft rustle
POOL	14113	0.506738075	2,4,5,9,11,16	ass know law lotta pfft trumbull
POOL	14114	0.506633343	1,4,6,9,11,13,16	eh ho lol ata that raw a
POOL	14115	0.506612337	1,4,6,7,9,11,16	eh ho lol aa ca that wobble
POOL	14116	0.506579506	2,4,5,9,11,16	ass know law lotta vet rustle
POOL	14117	0.506576378	2,4,5,9,11,16	ass know law lotta vet trumbull
POOL	14118	0.506571308	2,4,5,7,9,16	ass know law loew ca rubble
POOL	14119	0.506498238	2,4,5,9,11,16	ass know law lotta pfft rumba
POOL	14120	0.506491705	2,4,5,9,12,16	ass know law lotta ver wobble
POOL	14121	0.506342233	2,4,5,9,11,16	ass know law lotta pfft publ
POOL	14122	0.506336540	2,4,5,9,11,16	ass know law lotta vet rumba
POOL	14123	0.506250939	2,4,5,9,11,16	ass know law lotta pfft nibble
POOL	14124	0.506233268	2,4,5,9,14,16	ass know law lotta club alli
POOL	14125	0.506228587	2,4,9,11,12,16	assay oh lotta vest are -able
POOL	14126	0.506183507	1,4,6,9,11,12,16	eh ho lol ata that air verbal
POOL	14127	0.506180535	2,4,5,9,11,16	ass know law lotta vet publ
POOL	14128	0.506095229	2,4,5,9,14,16	ass know law lotta club ela
POOL	14129	0.506089241	2,4,5,9,11,16	ass know law lotta vet nibble
POOL	14130	0.506087176	1,4,6,7,9,11,16	eh ho lol aa ca that arable
POOL	14131	0.506067257	2,4,5,9,13,16	ass know law lotta tra bella
POOL	14132	0.506018615	2,4,5,9,13,16	ass know law lotta truck bella
POOL	14133	0.505994890	2,4,5,9,13,16	ass know law lotta tra double
POOL	14134	0.505963624	2,4,5,9,12,16	ass know law lotta ver gobble
POOL	14135	0.505961443	1,4,6,9,11,12,16	eh ho lol ata that air eben
POOL	14136	0.505914707	1,4,6,7,9,11,16	eh ho lol aa tough that robin
POOL	14137	0.505862040	2,4,5,9,14,16	ass know law lotta club elie
POOL	14138	0.505845362	1,5,7,9,12,16	uhh hotel la ca true -able
POOL	14139	0.505807901	2,6,9,11,12,16	us o. uh-uh that are -able
POOL	14140	0.505780125	2,4,5,9,14,16	ass know law lotta club ele
POOL	14141	0.505772284	1,4,9,11,12,16	uhh d'oh lotta east are -able
POOL	14142	0.505769490	2,4,5,7,9,16	ass know law leia ca trumbull
POOL	14143	0.505676091	2,4,5,9,12,16	ass know law lotta ver cobble
POOL	14144	0.505658793	2,4,5,9,14,16	ass know law lotta scrub alley
POOL	14145	0.505632592	2,4,5,9,11,16	ass know law lotta pfft rattle
POOL	14146	0.505619263	2,4,5,9,12,16	ass know law lotta tour wobble
POOL	14147	0.505615444	2,4,5,9,13,16	ass know law lotta tra battle
POOL	14148	0.505542011	1,4,6,9,11,12,16	eh ho lol ata that air no.
POOL	14149	0.505473348	2,4,5,9,11,16	ass know law lotta pfft rommel
POOL	14150	0.505470894	2,4,5,9,11,16	ass know law lotta vet rattle
POOL	14151	0.505467452	1,4,6,9,11,13,16	eh ho lol ata that raw adel
POOL	14152	0.505463654	2,4,5,9,14,16	ass know law lotta club elly
POOL	14153	0.505424700	1,4,6,7,9,11,16	eh ho lol aa tough that double
POOL	14154	0.505412370	2,4,5,9,11,16	ass know law lotta pfft verbal
POOL	14155	0.505411309	1,4,6,9,11,12,16	eh ho lol ata that air abdel
POOL	14156	0.505321598	2,4,5,9,13,16	ass know law lotta tra dual
POOL	14157	0.505311651	2,4,5,9,11,16	ass know law lotta vet rommel
POOL	14158	0.505250672	2,4,5,9,11,16	ass know law lotta vet verbal
POOL	14159	0.505167823	2,4,5,9,14,16	ass know law lotta club eller
POOL	14160	0.505144589	1,4,6,9,11,12,16	eh ho lol ata that air apples
POOL	14161	0.505091182	2,4,5,9,12,16	ass know law lotta tour gobble
POOL	14162	0.505027302	1,3,6,7,11,16	uhh sioux surely ahh cut rubble
POOL	14163	0.505016167	2,4,5,9,11,16	ass know law lotta pfft ravel
POOL	14164	0.504981590	2,4,5,9,12,16	ass know law lotta ver cuddle
POOL	14165	0.504961614	1,2,6,9,11,16	uhh hue ole ata that rubble
POOL	14166	0.504948556	1,4,6,9,11,12,16	eh ho lol ata that air bobble
POOL	14167	0.504854469	2,4,5,9,11,16	ass know law lotta vet ravel
POOL	14168	0.504808612	2,4,5,9,12,16	ass know law lotta ver rebel
POOL	14169	0.504803650	2,4,5,9,12,16	ass know law lotta tour cobble
POOL	14170	0.504782512	1,4,6,9,11,12,16	eh ho lol ata that air abel
POOL	14171	0.504771402	2,4,5,9,12,16	ass know law lotta tree wobble
POOL	14172	0.504656052	2,4,5,9,12,16	ass know law lotta ver abba
POOL	14173	0.504604981	1,4,6,9,11,12,16	eh ho lol ata that air topple
POOL	14174	0.504590060	2,6,9,11,12,16	uh-huh kol ata that are -able
POOL	14175	0.504589223	1,4,6,7,9,11,16	eh ho lol aa tough that wobble
POOL	14176	0.504587020	1,4,6,9,11,12,16	eh ho lol ata that air shovel
POOL	14177	0.504538833	2,4,5,9,12,16	ass know law lotta ver puddle
POOL	14178	0.504524840	2,4,5,9,11,16	ass know law lotta pfft annabelle
POOL	14179	0.504509783	2,4,5,9,11,16	ass know law lotta pfft muddle
POOL	14180	0.504506735	2,4,5,9,14,16	ass know law lotta scrub ala
POOL	14181	0.504494264	1,5,6,9,11,16	uhh hole league ata that rubble
POOL	14182	0.504468637	2,4,5,7,9,16	ass know law loew ca trumbull
POOL	14183	0.504465562	2,4,5,9,11,16	ass know law lotta pfft nuttall
POOL	14184	0.504445093	1,4,6,7,9,11,16	eh ho lol aa ca that russell
POOL	14185	0.504443784	2,4,5,7,9,16	ass know law leia ca verbal
POOL	14186	0.504427998	2,4,5,9,13,16	ass know law lotta tra billy
POOL	14187	0.504411776	2,5,9,11,12,16	saith ole lotta zip are -able
POOL	14188	0.504408886	2,4,5,9,14,16	ass know law lotta scrub ella
POOL	14189	0.504399638	1,4,6,9,11,12,16	eh ho lol ata that air ample
POOL	14190	0.504392396	2,4,5,9,12,16	ass know law lotta ver humble
POOL	14191	0.504375631	2,4,5,9,14,16	ass know law lotta scrub ellie
POOL	14192	0.504363142	2,4,5,9,11,16	ass know law lotta vet annabelle
POOL	14193	0.504348085	2,4,5,9,11,16	ass know law lotta vet muddle
POOL	14194	0.504322293	1,4,6,9,11,12,16	eh ho lol ata that air saddle
POOL	14195	0.504303864	2,4,5,9,11,16	ass know law lotta vet nuttall
POOL	14196	0.504262003	1,4,9,11,12,16	uhh show lotta that error -able
POOL	14197	0.504243321	2,4,5,9,12,16	ass know law lotta tree gobble
POOL	14198	0.504224468	2,4,5,9,12,16	ass know law lotta ver rabble
POOL	14199	0.504219117	1,2,5,7,11,16	uhh her ole loew cut rubble
POOL	14200	0.504176303	2,4,5,9,11,16	ass know law lotta pfft libel
POOL	14201	0.504096118	1,4,6,9,11,12,16	eh ho lol ata that air caudal
POOL	14202	0.504087968	1,4,6,7,9,11,16	eh ho lol aa ca that rebels
POOL	14203	0.504076017	2,4,5,9,14,16	ass know law lotta rub alley
POOL	14204	0.504066536	1,2,6,9,11,16	uhh her ole ata bert rubble
POOL	14205	0.504064062	1,4,6,7,9,11,16	eh ho lol aa tough that arable
POOL	14206	0.504044886	1,4,9,11,14,16	uhh hippo lotta that rub al
POOL	14207	0.504014605	2,4,5,9,11,16	ass know law lotta vet libel
POOL	14208	0.504014011	2,4,5,9,12,16	ass know law lotta ver huddle
POOL	14209	0.503992599	2,4,5,9,12,16	ass know law lotta ver adele
POOL	14210	0.503956491	1,6,9,11,12,16	uhh cole ata that in -able
POOL	14211	0.503955788	2,4,5,9,12,16	ass know law lotta tree cobble
POOL	14212	0.503952422	2,4,5,9,12,16	ass know law lotta ver babel
POOL	14213	0.503869664	1,4,6,7,9,11,16	eh ho lol aa ca that bubble
POOL	14214	0.503805352	2,4,5,9,13,16	ass know law lotta tra burrell
POOL	14215	0.503756710	2,4,5,9,13,16	ass know law lotta truck burrell
POOL	14216	0.503673070	1,4,6,7,9,11,16	eh ho lol aa ca that robben
POOL	14217	0.503658180	2,5,9,11,14,16	us older lotta zack rub al
POOL	14218	0.503638709	1,4,6,7,9,11,16	eh ho lol aa ca that ramble
POOL	14219	0.503637065	1,4,6,9,11,12,16	eh ho lol ata that air paddle
POOL	14220	0.503631946	1,4,6,9,11,12,16	eh ho lol ata that air adair
POOL	14221	0.503623552	1,4,6,9,11,12,16	eh ho lol ata that air waddle
POOL	14222	0.503600925	2,4,5,9,12,16	ass know law lotta ver doubled
POOL	14223	0.503600683	2,4,5,9,12,16	ass know law lotta ver doubles
POOL	14224	0.503598104	2,4,5,9,13,16	ass know law lotta tra bottle
POOL	14225	0.503588617	2,4,5,7,10,12,16	ass know law aaliyah come ter -able
POOL	14226	0.503560210	2,4,5,9,12,16	ass know law lotta ver babble
POOL	14227	0.503556465	1,4,6,9,11,12,16	eh ho lol ata that air iqbal
POOL	14228	0.503535488	2,4,5,9,11,16	ass know law lotta pfft randall
POOL	14229	0.503503209	2,4,5,9,12,16	ass know law lotta ver supple
POOL	14230	0.503439334	1,4,6,9,11,12,16	eh ho lol ata that air agile
POOL	14231	0.503412641	2,4,5,9,13,16	ass know law lotta tra bally
POOL	14232	0.503373790	2,4,5,9,11,16	ass know law lotta vet randall
POOL	14233	0.503365415	2,4,5,7,9,16	ass know law leia ca stubble
POOL	14234	0.503363999	2,4,5,9,13,16	ass know law lotta truck bally
POOL	14235	0.503322377	2,4,5,9,12,16	ass know law lotta ver dabble
POOL	14236	0.503306134	2,4,5,9,14,16	ass know law lotta scrub allie
POOL	14237	0.503272764	2,4,5,9,12,16	ass know law lotta ver bubbles
POOL	14238	0.503261117	2,4,5,9,13,16	ass know law lotta tra bela
POOL	14239	0.503251776	2,4,5,9,11,16	ass know law lotta pfft revel
POOL	14240	0.503224236	1,4,6,9,11,12,16	eh ho lol ata that air lovell
POOL	14241	0.503212475	2,4,5,9,13,16	ass know law lotta truck bela
POOL	14242	0.503195804	2,4,5,9,11,16	ass know law lotta pfft radha
POOL	14243	0.503178976	2,4,5,9,12,16	ass know law lotta ver muddle
POOL	14244	0.503156812	1,4,6,9,11,12,16	eh ho lol ata that air nibble
POOL	14245	0.503142931	2,4,5,7,9,16	ass know law loew ca verbal
POOL	14246	0.503113651	1,4,9,11,12,16	uhh roe lotta that are -able
POOL	14247	0.503090078	2,4,5,9,11,16	ass know law lotta vet revel
POOL	14248	0.503034106	2,4,5,9,11,16	ass know law lotta vet radha
POOL	14249	0.503012555	1,4,5,9,11,16	uhh show fall lotta that rubble
POOL	14250	0.503009578	2,4,5,9,13,16	ass know law lotta tra duel
POOL	14251	0.502973925	2,6,9,11,14,16	us o'er ata that nob al
POOL	14252	0.502930709	2,4,5,9,11,16	ass know law lotta pfft rada
POOL	14253	0.502923959	2,4,5,9,14,16	ass know law lotta rub ala
POOL	14254	0.502863420	2,4,5,9,11,16	ass know law lotta pfft waddle
POOL	14255	0.502826111	2,4,5,9,14,16	ass know law lotta rub ella
POOL	14256	0.502805874	2,4,5,9,11,16	ass know law lotta pfft dribble
POOL	14257	0.502792855	2,4,5,9,14,16	ass know law lotta rub ellie
POOL	14258	0.502790811	1,4,6,7,9,11,16	eh ho lol aa ca that ruble
POOL	14259	0.502769011	2,4,5,9,11,16	ass know law lotta vet rada
POOL	14260	0.502701722	2,4,5,9,11,16	ass know law lotta vet waddle
POOL	14261	0.502644176	2,4,5,9,11,16	ass know law lotta vet dribble
POOL	14262	0.502599567	2,4,5,9,11,16	ass know law lotta pfft lapel
POOL	14263	0.502554966	2,4,5,9,12,16	ass know law lotta ver baba
POOL	14264	0.502495007	2,4,5,9,11,16	ass know law lotta pfft nadal
POOL	14265	0.502437870	2,4,5,9,11,16	ass know law lotta vet lapel
POOL	14266	0.502421978	1,4,6,7,9,11,16	eh ho lol aa tough that russell
POOL	14267	0.502407656	2,4,5,9,14,16	ass know law lotta scrub alli
POOL	14268	0.502375840	1,5,7,11,12,16	et hotel la cut are -able
POOL	14269	0.502333309	2,4,5,9,11,16	ass know law lotta vet nadal
POOL	14270	0.502313677	2,4,5,9,12,16	ass know law lotta ver pebble
POOL	14271	0.502276379	1,5,9,11,12,16	uhh hole let-up aft are -able
POOL	14272	0.502269618	2,4,5,9,14,16	ass know law lotta scrub ela
POOL	14273	0.502162778	2,4,5,9,13,16	ass know law lotta tra barry
POOL	14274	0.502144290	1,5,6,9,11,16	uhh hole all ata verse rubble
POOL	14275	0.502072255	1,4,9,11,12,16	i. show lotta faq are -able
POOL	14276	0.502064854	1,4,6,7,9,11,16	eh ho lol aa tough that rebels
POOL	14277	0.502064561	2,4,5,7,9,16	ass know law loew ca stubble
POOL	14278	0.502047086	2,4,5,9,12,16	ass know law lotta ver rumble
POOL	14279	0.502042861	2,4,5,9,12,16	ass know law lotta ver adel
POOL	14280	0.502036429	2,4,5,9,14,16	ass know law lotta scrub elie
POOL	14281	0.501981355	2,4,5,9,12,16	ass know law lotta ver tumble
POOL	14282	0.501954513	2,4,5,9,14,16	ass know law lotta scrub ele
POOL	14283	0.501950774	2,4,5,9,11,16	ass know law lotta pfft lovable
POOL	14284	0.501948893	1,4,6,7,9,11,16	eh ho lol aa ca that treble
POOL	14285	0.501943411	2,4,5,9,11,16	ass know law lotta pfft grapple
POOL	14286	0.501921744	1,6,9,11,12,16	uhh hoa lotta that are -able
POOL	14287	0.501857826	2,4,5,9,13,16	ass know law lotta tra barrel
POOL	14288	0.501848880	2,4,5,9,12,16	ass know law lotta ver fumble
POOL	14289	0.501846550	1,4,6,7,9,11,16	eh ho lol aa tough that bubble
POOL	14290	0.501835349	2,4,5,9,11,16	ass know law lotta pfft mumble
POOL	14291	0.501820381	2,4,5,9,13,16	ass know law lotta tra bubble
POOL	14292	0.501789076	2,4,5,9,11,16	ass know law lotta vet lovable
POOL	14293	0.501781714	2,4,5,9,11,16	ass know law lotta vet grapple
POOL	14294	0.501752968	1,4,6,7,9,11,16	eh ho lol aa ca that no.
POOL	14295	0.501732804	2,4,5,9,11,16	ass know law lotta pfft trouble
POOL	14296	0.501723358	2,4,5,9,14,16	ass know law lotta rub allie
POOL	14297	0.501678043	1,5,6,9,11,16	ash hole all ata that rubble
POOL	14298	0.501673651	2,4,5,9,11,16	ass know law lotta vet mumble
POOL	14299	0.501671822	1,2,5,9,11,16	app her ole lotta that rubble
POOL	14300	0.501670190	2,4,5,9,12,16	ass know law lotta ver bubba
POOL	14301	0.501649956	1,4,6,7,9,11,16	eh ho lol aa tough that robben
POOL	14302	0.501638042	2,4,5,9,14,16	ass know law lotta scrub elly
POOL	14303	0.501622693	1,4,6,7,9,11,16	eh ho lol aa ca that lovell
POOL	14304	0.501615595	1,4,6,7,9,11,16	eh ho lol aa tough that ramble
POOL	14305	0.501586086	2,3,4,6,7,9,10,16	ass new oh really ahh ca mm trouble
POOL	14306	0.501571106	2,4,5,9,11,16	ass know law lotta vet trouble
POOL	14307	0.501490393	2,4,5,9,13,16	ass know law lotta tra rebel
POOL	14308	0.501432928	2,3,4,6,7,9,10,16	ass new oh really awe ca mm trouble
POOL	14309	0.501351534	1,4,6,9,11,12,16	eh ho lol ata that air addled
POOL	14310	0.501342211	2,4,5,9,14,16	ass know law lotta scrub eller
POOL	14311	0.501329363	1,4,6,7,9,11,16	eh ho lol aa ca that crumble
POOL	14312	0.501303330	1,5,8,10,16	eh hole lot of troubling
POOL	14313	0.501291772	2,4,5,9,11,16	ass know law lotta pfft randle
POOL	14314	0.501287467	1,4,6,9,12,16	app hoop lol ata true -able
POOL	14315	0.501285986	2,4,5,9,13,16	ass know law lotta tra billie
POOL	14316	0.501278297	2,4,5,9,11,16	ass know law lotta pfft lubbock
POOL	14317	0.501130074	2,4,5,9,11,16	ass know law lotta vet randle
POOL	14318	0.501116599	2,4,5,9,11,16	ass know law lotta vet lubbock
POOL	14319	0.501004024	4,6,9,12,16	ahold lol ata tool -able
POOL	14320	0.500888106	1,4,6,7,9,11,16	eh ho lol aa ca that hubble
POOL	14321	0.500869837	2,4,5,9,13,16	ass know law lotta tra verbal
POOL	14322	0.500865656	2,4,5,9,13,16	ass know law lotta tra balloon
POOL	14323	0.500824881	2,4,5,9,14,16	ass know law lotta rub alli
POOL	14324	0.500767697	1,4,6,7,9,11,16	eh ho lol aa tough that ruble
POOL	14325	0.500764219	2,4,5,7,9,16	ass know law leia ca trouble
POOL	14326	0.500691229	2,4,5,9,12,16	ass know law lotta ver bumble
POOL	14327	0.500686842	2,4,5,9,14,16	ass know law lotta rub ela
POOL	14328	0.500656767	1,4,5,9,11,16	uhh show all lotta bought rubble
POOL	14329	0.500650032	1,4,6,7,9,11,16	eh ho lol aa ca that russel
POOL	14330	0.500617528	2,3,4,7,9,16	ass new oh leia ca trouble
POOL	14331	0.500614981	2,4,5,9,13,16	ass know law lotta tra berry
POOL	14332	0.500600431	2,6,8,9,11,16	us molar got uhh sit rubble
POOL	14333	0.500588899	2,4,5,9,11,16	ass know law lotta too trouble
POOL	14334	0.500577584	2,4,5,9,11,16	ass know law lotta pfft randal
POOL	14335	0.500504542	2,4,5,9,12,16	ass know law lotta ver mumble
POOL	14336	0.500453653	2,4,5,9,14,16	ass know law lotta rub elie
POOL	14337	0.500415886	2,4,5,9,11,16	ass know law lotta vet randal
POOL	14338	0.500378500	2,4,5,9,12,16	ass know law lotta ver stubble
POOL	14339	0.500377787	1,5,9,11,12,16	uhh sold lotta that are -able
POOL	14340	0.500371737	2,4,5,9,14,16	ass know law lotta rub ele
POOL	14341	0.500325451	2,4,5,9,13,16	ass know law lotta tra bury
POOL	14342	0.500320017	4,5,7,11,16	uh-oh law la cut lovable
POOL	14343	0.500292258	1,4,6,7,9,11,16	eh ho lol aa ca that apple
POOL	14344	0.500276757	2,4,5,9,10,16	ass know law lotta mm treble
POOL	14345	0.500270131	2,3,4,7,9,16	ass new oh layla ca trouble
POOL	14346	0.500263688	1,3,5,9,11,16	uhh who all lotta shoot rubble
POOL	14347	0.500099177	1,4,6,7,9,11,16	eh ho lol aa ca that grumble
POOL	14348	0.500097278	1,6,9,11,12,16	uhh hole ata that the -able
POOL	14349	0.500087507	2,5,9,11,12,16	us loan lotta that are -able
POOL	14350	0.500084732	2,4,5,9,10,16	ass know law lotta mm rubble
POOL	14351	0.500065889	1,4,6,7,9,11,16	eh ho lol aa ca that ruffle
POOL	14352	0.500055267	2,4,5,9,14,16	ass know law lotta rub elly
POOL	14353	0.500007458	2,4,5,9,13,16	ass know law lotta tra basil
POOL	14354	0.499941411	1,2,5,9,11,16	uhh her ole lotta suit rubble
POOL	14355	0.499925779	1,4,6,7,9,11,16	eh ho lol aa tough that treble
POOL	14356	0.499908198	1,4,6,7,9,11,16	eh ho lol aa ca that rustle
POOL	14357	0.499905516	1,4,6,7,9,11,16	eh ho lol aa ca that trumbull
POOL	14358	0.499847017	1,4,6,7,9,11,16	eh ho lol aa ca that ripple
POOL	14359	0.499834464	1,5,9,11,12,16	re- hole lotta that el -able
POOL	14360	0.499813372	1,4,6,7,9,11,16	eh ho lol aa ca that riddle
POOL	14361	0.499759435	2,4,5,9,14,16	ass know law lotta rub eller
POOL	14362	0.499729854	1,4,6,7,9,11,16	eh ho lol aa tough that no.
POOL	14363	0.499699942	1,4,6,7,9,11,16	eh ho lol aa ca that rumba
POOL	14364	0.499673364	2,4,5,9,13,16	ass know law lotta tra bowel
POOL	14365	0.499605697	2,4,5,9,13,16	ass know law lotta tra beetle
POOL	14366	0.499599578	1,4,6,7,9,11,16	eh ho lol aa tough that lovell
POOL	14367	0.499568602	1,5,7,9,11,16	et hole leia ca that rubble
POOL	14368	0.499566223	1,4,6,7,9,11,16	eh ho lol aa ca that publ
POOL	14369	0.499550981	2,4,6,9,11,16	us seo lol ata mm rubble
POOL	14370	0.499543597	1,2,6,9,11,16	ca her ole ata t. rubble
POOL	14371	0.499507962	2,4,5,9,13,16	ass know law lotta tra buckle
POOL	14372	0.499463365	2,4,5,7,9,16	ass know law loew ca trouble
POOL	14373	0.499446465	2,4,5,9,13,16	ass know law lotta tra abel
POOL	14374	0.499367769	1,4,6,7,9,11,16	eh ho lol aa ca that nibble
POOL	14375	0.499306249	1,4,6,7,9,11,16	eh ho lol aa tough that crumble
POOL	14376	0.499298214	2,4,5,9,13,16	ass know law lotta tra rubble
POOL	14377	0.499255412	2,4,5,9,13,16	ass know law lotta tra basel
POOL	14378	0.499158894	1,5,9,11,12,16	ann hole plata that are -able
POOL	14379	0.499128853	1,6,9,11,12,16	allah hole ata that are -able
POOL	14380	0.499076910	2,4,8,10,12,16	us woah lotta love true -able
POOL	14381	0.499067083	2,4,5,9,12,16	ass know law lotta ver ombre
POOL	14382	0.498995457	2,4,5,9,13,16	ass know law lotta tra pebble
POOL	14383	0.498906064	2,4,5,9,10,16	ass know law lotta eve treble
POOL	14384	0.498864992	1,4,6,7,9,11,16	eh ho lol aa tough that hubble
POOL	14385	0.498789810	2,4,5,9,13,16	ass know law lotta tra bearer
POOL	14386	0.498776986	1,4,6,9,11,16	raw show r ata that rubble
POOL	14387	0.498714039	2,4,5,9,10,16	ass know law lotta eve rubble
POOL	14388	0.498708055	2,6,7,12,16	huh olney ahh t'other -able
POOL	14389	0.498626918	1,4,6,7,9,11,16	eh ho lol aa tough that russel
POOL	14390	0.498606085	1,4,6,7,9,11,16	eh ho lol aa ca that rommel
POOL	14391	0.498604831	2,4,5,9,13,16	ass know law lotta tra feeble
POOL	14392	0.498538773	1,4,6,7,9,11,16	eh ho lol aa ca that rattle
POOL	14393	0.498441131	2,4,5,9,13,16	ass know law lotta tra abba
POOL	14394	0.498368230	2,4,5,7,9,11,16	ass know law leia ca that trouble
POOL	14395	0.498365626	2,5,9,11,12,16	us low lotta mop are -able
POOL	14396	0.498341897	2,4,5,9,13,16	ass know law lotta tra hubble
POOL	14397	0.498324407	2,4,5,9,13,16	ass know law lotta tra bethel
POOL	14398	0.498275365	2,4,5,9,13,16	ass know law lotta tra barrie
POOL	14399	0.498269144	1,4,6,7,9,11,16	eh ho lol aa tough that apple
POOL	14400	0.498222986	2,6,8,11,16	us only got avert rubble
POOL	14401	0.498186704	1,4,6,7,9,11,16	eh ho lol aa ca that ravel
POOL	14402	0.498173547	2,4,5,9,13,16	ass know law lotta tra beagle
POOL	14403	0.498158759	2,4,5,9,12,16	ass know law lotta ver eben
POOL	14404	0.498139264	2,4,5,9,10,16	ass know law lotta mm terrible
POOL	14405	0.498076063	1,4,6,7,9,11,16	eh ho lol aa tough that grumble
POOL	14406	0.498054911	1,4,6,7,9,11,16	eh ho lol aa ca that verbal
POOL	14407	0.498042775	1,4,6,7,9,11,16	eh ho lol aa tough that ruffle
POOL	14408	0.498029101	2,4,5,9,13,16	ass know law lotta tra wobble
POOL	14409	0.498027436	1,5,9,11,12,16	teh hole lotta thus are -able
POOL	14410	0.498016077	2,4,5,9,13,16	ass know law lotta tra iqbal
POOL	14411	0.498009546	2,4,5,9,13,16	ass know law lotta tra rabble
POOL	14412	0.497982060	2,4,5,9,10,16	ass know law lotta mm trumbull
POOL	14413	0.497937090	2,4,5,9,13,16	ass know law lotta tra bustle
POOL	14414	0.497885084	1,4,6,7,9,11,16	eh ho lol aa tough that rustle
POOL	14415	0.497882402	1,4,6,7,9,11,16	eh ho lol aa tough that trumbull
POOL	14416	0.497851697	3,5,9,16	a a not trouble
POOL	14417	0.497823903	1,4,6,7,9,11,16	eh ho lol aa tough that ripple
POOL	14418	0.497790258	1,4,6,7,9,11,16	eh ho lol aa tough that riddle
POOL	14419	0.497760275	1,2,6,9,11,16	in hu ole ata that rubble
POOL	14420	0.497737501	2,4,5,9,13,16	ass know law lotta tra babel
POOL	14421	0.497736889	2,4,5,9,13,16	ass know law lotta tra beryl
POOL	14422	0.497735945	2,4,5,9,13,16	ass know law lotta tra barre
POOL	14423	0.497676827	1,4,6,7,9,11,16	eh ho lol aa tough that rumba
POOL	14424	0.497649776	1,4,6,7,9,11,16	eh ho lol aa ca that muddle
POOL	14425	0.497648895	2,4,5,9,13,16	ass know law lotta tra baal
POOL	14426	0.497648599	2,4,5,9,13,16	ass know law lotta tra banal
POOL	14427	0.497628510	1,4,6,7,9,11,16	eh ho lol aa ca that nuttall
POOL	14428	0.497602276	1,4,6,7,9,11,16	eh ho lol aa ca that annabelle
POOL	14429	0.497549815	2,4,5,9,13,16	ass know law lotta tra nibble
POOL	14430	0.497543109	1,4,6,7,9,11,16	eh ho lol aa tough that publ
POOL	14431	0.497501020	2,4,5,9,13,16	ass know law lotta tra gobble
POOL	14432	0.497499268	2,4,5,9,13,16	ass know law lotta tra iba
POOL	14433	0.497429861	2,4,5,9,13,16	ass know law lotta tra bezel
POOL	14434	0.497406408	2,4,5,9,10,16	ass know law lotta mm double
POOL	14435	0.497401620	2,4,5,9,13,16	ass know law lotta tra bushel
POOL	14436	0.497400998	1,4,6,7,9,11,16	eh ho lol aa ca that trouble
POOL	14437	0.497345289	2,4,5,9,13,16	ass know law lotta tra babble
POOL	14438	0.497344655	1,4,6,7,9,11,16	eh ho lol aa tough that nibble
POOL	14439	0.497290959	2,4,5,9,13,16	ass know law lotta tra biddle
POOL	14440	0.497264578	2,4,5,9,10,16	ass know law lotta mm -able
POOL	14441	0.497253213	2,4,5,7,9,11,16	ass know law loew ca that trouble
POOL	14442	0.497215817	2,4,5,9,13,16	ass know law lotta tra baffle
POOL	14443	0.497213487	2,4,5,9,13,16	ass know law lotta tra cobble
POOL	14444	0.497146561	2,4,5,9,12,16	ass know law lotta ver bobble
POOL	14445	0.497107456	2,4,5,9,13,16	ass know law lotta tra dabble
POOL	14446	0.497085808	1,4,6,7,9,11,16	eh ho lol aa ca that libel
POOL	14447	0.497083539	2,4,5,9,13,16	ass know law lotta tra bernal
POOL	14448	0.497032860	2,4,5,9,13,16	ass know law lotta tra bobble
POOL	14449	0.496976602	2,4,5,9,13,16	ass know law lotta tra beatle
POOL	14450	0.496930321	2,4,5,9,13,16	ass know law lotta tra ruble
POOL	14451	0.496922120	2,4,5,9,13,16	ass know law lotta tra bevel
POOL	14452	0.496864899	2,5,9,11,16	occur old lotta that rubble
POOL	14453	0.496863093	2,6,8,10,12,16	us o'er got love tyr -able
POOL	14454	0.496840857	2,4,5,9,13,16	ass know law lotta tra buell
POOL	14455	0.496799700	2,4,5,9,13,16	ass know law lotta tra publ
POOL	14456	0.496768571	2,4,5,9,10,16	ass know law lotta eve terrible
POOL	14457	0.496682595	1,6,7,9,11,16	uhh hola ahh ca that rebels
POOL	14458	0.496677558	1,4,6,9,11,16	de- roe lol ata that rubble
POOL	14459	0.496611367	2,4,5,9,10,16	ass know law lotta eve trumbull
POOL	14460	0.496582971	1,4,6,7,9,11,16	eh ho lol aa tough that rommel
POOL	14461	0.496515659	1,4,6,7,9,11,16	eh ho lol aa tough that rattle
POOL	14462	0.496324766	1,4,6,7,9,11,16	eh ho lol aa ca that radha
POOL	14463	0.496294826	1,4,6,7,9,11,16	eh ho lol aa ca that randall
POOL	14464	0.496260554	1,4,6,7,9,11,16	eh ho lol aa ca that revel
POOL	14465	0.496163590	1,4,6,7,9,11,16	eh ho lol aa tough that ravel
POOL	14466	0.496097542	1,4,6,7,9,11,16	eh ho lol aa ca that rada
POOL	14467	0.496084509	1,4,6,7,9,11,16	eh ho lol aa ca that waddle
POOL	14468	0.496035715	2,4,5,9,10,16	ass know law lotta eve double
POOL	14469	0.496031797	1,4,6,7,9,11,16	eh ho lol aa tough that verbal
POOL	14470	0.496012268	1,2,6,9,11,16	uhh his sole ata that rubble
POOL	14471	0.495995773	1,2,4,7,11,16	in. her arrow la cut rubble
POOL	14472	0.495994270	1,3,5,9,11,16	uhh who door lotta that rubble
POOL	14473	0.495955280	2,4,5,8,12,16	ass know law alot aft -able
POOL	14474	0.495893885	2,4,5,9,10,16	ass know law lotta eve -able
POOL	14475	0.495870117	1,4,8,9,11,16	uhh show locked other that rubble
POOL	14476	0.495834499	1,4,6,7,9,11,16	eh ho lol aa ca that dribble
POOL	14477	0.495747106	1,4,6,7,9,11,16	eh ho lol aa ca that lapel
POOL	14478	0.495626662	1,4,6,7,9,11,16	eh ho lol aa tough that muddle
POOL	14479	0.495605396	1,4,6,7,9,11,16	eh ho lol aa tough that nuttall
POOL	14480	0.495579162	1,4,6,7,9,11,16	eh ho lol aa tough that annabelle
POOL	14481	0.495400569	1,4,6,7,9,11,16	eh ho lol aa ca that nadal
POOL	14482	0.495377884	1,4,6,7,9,11,16	eh ho lol aa tough that trouble
POOL	14483	0.495291758	1,2,5,9,11,16	uhh his ole lotta that rubble
POOL	14484	0.495211065	5,7,9,11,12,16	uphold la ca that are muddle
POOL	14485	0.495062694	1,4,6,7,9,11,16	eh ho lol aa tough that libel
POOL	14486	0.494946827	1,4,6,7,9,11,16	eh ho lol aa ca that grapple
POOL	14487	0.494927613	1,4,6,7,9,11,16	eh ho lol aa ca that mumble
POOL	14488	0.494909258	1,4,6,7,9,11,16	eh ho lol aa ca that lovable
POOL	14489	0.494817023	1,4,9,11,12,16	uhh show lotta that are bumble
POOL	14490	0.494661342	5,8,9,11,12,16	keyhole lakh uhh that are -able
POOL	14491	0.494474971	2,6,9,12,16	huh o'neil ata true -able
POOL	14492	0.494371641	1,4,6,7,9,11,16	eh ho lol aa ca that randle
POOL	14493	0.494332849	1,4,6,7,9,11,16	eh ho lol aa ca that lubbock
POOL	14494	0.494311718	2,5,7,10,12,16	eth ole rai tough true -able
POOL	14495	0.494301652	1,4,6,7,9,11,16	eh ho lol aa tough that radha
POOL	14496	0.494271712	1,4,6,7,9,11,16	eh ho lol aa tough that randall
POOL	14497	0.494237440	1,4,6,7,9,11,16	eh ho lol aa tough that revel
POOL	14498	0.494139536	1,3,5,9,11,16	uhh oh all lotta that rubble
POOL	14499	0.494107372	1,4,6,7,11,16	uhh foes lol uh-uh cut rubble
POOL	14500	0.494074428	1,4,6,7,9,11,16	eh ho lol aa tough that rada
POOL	14501	0.494061394	1,4,6,7,9,11,16	eh ho lol aa tough that waddle
POOL	14502	0.493926138	2,4,5,7,10,12,16	ass know law aaliyah ton der -able
POOL	14503	0.493921978	2,5,9,11,12,16	rus wolf lotta that are -able
POOL	14504	0.493811385	1,4,6,7,9,11,16	eh ho lol aa tough that dribble
POOL	14505	0.493795162	2,5,6,7,11,16	us polar all ahh taunt rubble
POOL	14506	0.493759480	1,4,6,7,9,11,16	eh ho lol aa ca that randal
POOL	14507	0.493736451	1,4,6,9,11,16	a show lol ata that rommel
POOL	14508	0.493728413	1,4,6,8,11,16	occur show lol och at rubble
POOL	14509	0.493727134	1,6,7,10,12,16	allah hole non- tough true -able
POOL	14510	0.493723991	1,4,6,7,9,11,16	eh ho lol aa tough that lapel
POOL	14511	0.493377455	1,4,6,7,9,11,16	eh ho lol aa tough that nadal
POOL	14512	0.493268730	1,2,6,7,11,16	una han ole ahh cut rubble
POOL	14513	0.493114854	2,6,7,12,16	ahead ohh gah t'other -able
POOL	14514	0.493080265	1,5,8,10,16	eh whole lat of troubling
POOL	14515	0.493040256	2,4,9,11,16	ahem oath lotta that rubble
POOL	14516	0.493023987	1,4,6,8,11,16	ana show lol got ump rubble
POOL	14517	0.492976789	2,4,5,9,10,16	ass know law lotta mm trouble
POOL	14518	0.492953441	1,6,9,11,12,16	uhh hole ata that are abel
POOL	14519	0.492923713	1,4,6,7,9,11,16	eh ho lol aa tough that grapple
POOL	14520	0.492904499	1,4,6,7,9,11,16	eh ho lol aa tough that mumble
POOL	14521	0.492886144	1,4,6,7,9,11,16	eh ho lol aa tough that lovable
POOL	14522	0.492752541	1,4,6,9,11,12,16	eh ho lol ata that air trouble
POOL	14523	0.492711191	1,5,8,10,11,16	eh whole lot of a no.
POOL	14524	0.492686903	2,4,5,7,10,12,16	ass know law aaliyah ton cur -able
POOL	14525	0.492503428	2,4,5,9,10,16	ass know law lotta mm crumble
POOL	14526	0.492501453	2,6,7,11,16	aha only ahh taunt rubble
POOL	14527	0.492481562	2,4,5,9,10,16	ass know law lotta mm travel
POOL	14528	0.492447070	1,2,5,9,11,16	uhh her kol lotta that rubble
POOL	14529	0.492391102	4,5,9,11,16	eau law lotta that arable
POOL	14530	0.492348527	1,4,6,7,9,11,16	eh ho lol aa tough that randle
POOL	14531	0.492309735	1,4,6,7,9,11,16	eh ho lol aa tough that lubbock
POOL	14532	0.492305748	2,4,8,10,12,16	us so lat others' true -able
POOL	14533	0.492296899	2,4,5,7,10,12,16	ass know law aaliyah ton ker -able
POOL	14534	0.492291460	1,4,9,11,16	occur show lotta that rubble
POOL	14535	0.492097572	1,2,5,9,11,16	uhh her ole alot that rubble
POOL	14536	0.491736366	1,4,6,7,9,11,16	eh ho lol aa tough that randal
POOL	14537	0.491660302	1,5,7,11,12,16	ea hole la cut are stubble
POOL	14538	0.491606096	2,4,5,9,10,16	ass know law lotta eve trouble
POOL	14539	0.491582233	2,4,5,9,10,16	ass know law lotta mm couple
POOL	14540	0.491563896	2,6,7,12,16	asher only ahh t'other -able
POOL	14541	0.491523192	5,9,16	haul let rubble
POOL	14542	0.491496429	2,3,4,7,9,10,16	ass new oh layla ca mm trouble
POOL	14543	0.491462305	2,4,5,9,10,16	ass know law lotta mm tribal
POOL	14544	0.491448209	1,2,6,9,11,16	uhh her ole ata that publ
POOL	14545	0.491406053	2,6,8,10,12,16	et ole otter love true -able
POOL	14546	0.491377756	1,5,7,9,11,16	uhh haller la ca that rubble
POOL	14547	0.491311570	2,5,9,12,16	us foley lotta true -able
POOL	14548	0.491275134	1,4,9,12,16	una show lotta true -able
POOL	14549	0.491132735	2,4,5,9,10,16	ass know law lotta eve crumble
POOL	14550	0.491110869	2,4,5,9,10,16	ass know law lotta eve travel
POOL	14551	0.490911285	2,6,9,11,16	huh o'neil ata that rubble
POOL	14552	0.490624438	1,4,7,11,14,16	uhh seo la cut rubbing al
POOL	14553	0.490485316	1,4,5,9,11,16	uhh co all lotta east rubble
POOL	14554	0.490422557	1,4,6,9,11,16	uhh show lol ata that troubles
POOL	14555	0.490326277	1,2,6,9,11,16	uhh haw ole ata that hubble
POOL	14556	0.490312368	2,4,5,9,10,16	ass know law lotta mm rebel
POOL	14557	0.490211540	2,4,5,9,10,16	ass know law lotta eve couple
POOL	14558	0.490202086	2,5,9,11,12,16	le ole lotta that are muddle
POOL	14559	0.490091612	2,4,5,9,10,16	ass know law lotta eve tribal
POOL	14560	0.490055811	2,4,5,8,11,16	ass know law alot abt rubble
POOL	14561	0.489849391	2,3,4,7,9,10,16	ass new oh layla ca eve trouble
POOL	14562	0.489830403	5,8,9,11,12,16	foal lat other that are -able
POOL	14563	0.489728223	2,4,5,9,10,16	ass know law lotta mm rabble
POOL	14564	0.489513031	1,4,9,11,12,16	uhh holy lotta that ill -able
POOL	14565	0.489471072	1,4,5,9,11,16	uhh d'oh all lotta that rubble
POOL	14566	0.489346430	3,6,9,11,16	hoe rural ata that rubble
POOL	14567	0.489332685	2,4,8,10,12,16	us uh-oh lat love her -able
POOL	14568	0.489258144	1,5,7,11,12,16	uhh hulu la cant are -able
POOL	14569	0.489243078	3,5,9,11,16	who all lotta eve arable
POOL	14570	0.489051000	2,6,7,10,16	us ola ahh come parable
POOL	14571	0.488941675	2,4,5,9,10,16	ass know law lotta eve rebel
POOL	14572	0.488906332	2,4,5,9,10,16	ass know law lotta mm triple
POOL	14573	0.488787443	2,4,8,9,11,16	hesse seo lat uhh that rubble
POOL	14574	0.488774383	2,5,9,11,12,16	us toll mata that are -able
POOL	14575	0.488734904	1,4,9,11,14,16	ana hove lotta vote rub al
POOL	14576	0.488636393	1,2,6,9,11,16	uhh her o'er och that rubble
POOL	14577	0.488536678	2,6,9,11,12,16	us o'neill ata at are -able
POOL	14578	0.488357530	2,4,5,9,10,16	ass know law lotta eve rabble
POOL	14579	0.488134197	1,4,7,10,12,16	ana show la truss true -able
POOL	14580	0.488094754	2,4,5,9,10,16	ass know law lotta mm publ
POOL	14581	0.488073842	1,5,9,11,12,16	uhh hole lotta that are doubles
POOL	14582	0.488014217	1,5,6,9,11,16	uhh home cool ata that rubble
POOL	14583	0.487861002	2,5,8,9,12,16	us holy lat uhh veal -able
POOL	14584	0.487550842	2,4,5,9,10,16	ass know law lotta mm rumble
POOL	14585	0.487535639	2,4,5,9,10,16	ass know law lotta eve triple
POOL	14586	0.487485111	2,4,5,9,10,16	ass know law lotta mm tumble
POOL	14587	0.487235657	2,4,5,8,11,16	ass know law alot abt -able
POOL	14588	0.487181566	1,2,6,9,11,16	uhh hay ole ata v rubble
POOL	14589	0.486939736	2,4,5,8,11,16	ass know law alot aam rubble
POOL	14590	0.486913229	2,4,5,9,10,16	ass know law lotta mm tremble
POOL	14591	0.486888435	1,3,5,9,11,16	uhh so all lotta fought rubble
POOL	14592	0.486876784	1,2,6,9,11,16	du'a' her ole ata that rubble
POOL	14593	0.486775074	2,4,5,10,16	ass know law lotta terrible
POOL	14594	0.486724061	2,4,5,9,10,16	ass know law lotta eve publ
POOL	14595	0.486433452	2,4,5,9,10,16	ass know law lotta mm truffle
POOL	14596	0.486183975	1,6,8,9,11,16	ian hole got oh that rubble
POOL	14597	0.486180149	2,4,5,9,10,16	ass know law lotta eve rumble
POOL	14598	0.486176431	1,5,9,11,14,16	tha hole lotta that rub eagle
POOL	14599	0.486114418	2,4,5,9,10,16	ass know law lotta eve tumble
POOL	14600	0.485882326	1,4,7,10,12,16	occur shu la tough true -able
POOL	14601	0.485882256	2,4,5,9,10,16	ass know law lotta mm stubble
POOL	14602	0.485691460	2,4,5,9,11,16	ass know law lotta pfft troubles
POOL	14603	0.485593240	1,4,6,9,11,16	uhh cone you'll ata that rubble
POOL	14604	0.485578332	1,4,8,11,12,16	aca show lat uhh are -able
POOL	14605	0.485542536	2,4,5,9,10,16	ass know law lotta eve tremble
POOL	14606	0.485529763	2,4,5,9,11,16	ass know law lotta vet troubles
POOL	14607	0.485483814	1,4,9,11,16	uhh show lotta avert rubble
POOL	14608	0.485413354	2,4,5,9,11,16	ass know law lotta pfft troubled
POOL	14609	0.485360004	1,4,6,11,16	eh ho lol entente arable
POOL	14610	0.485251656	2,4,5,9,11,16	ass know law lotta vet troubled
POOL	14611	0.485188014	1,2,6,9,11,16	uhh her o'er ata that rubble
POOL	14612	0.485062759	2,4,5,9,10,16	ass know law lotta eve truffle
POOL	14613	0.485013916	2,5,7,10,12,16	us mould lobby tough true -able
POOL	14614	0.484995620	2,3,4,7,9,10,16	ass new oh layla ca irv trouble
POOL	14615	0.484895102	1,5,7,11,16	eh hole la covet arable
POOL	14616	0.484815420	1,5,6,9,11,16	raw hole mall ata that rubble
POOL	14617	0.484745639	1,4,9,11,14,16	uhh uh-oh lotta that rub aired
POOL	14618	0.484722875	2,4,5,7,9,16	ass know law leia ca troubles
POOL	14619	0.484699025	1,5,7,11,16	uh hole la covet arable
POOL	14620	0.484674859	2,4,5,9,10,16	ass know law lotta mm dribble
POOL	14621	0.484605974	2,4,5,9,10,16	ass know law lotta mm durable
POOL	14622	0.484511562	2,4,5,9,10,16	ass know law lotta eve stubble
POOL	14623	0.484455695	1,5,7,11,16	eh hole la covered arable
POOL	14624	0.484444769	2,4,5,7,9,16	ass know law leia ca troubled
POOL	14625	0.484327829	2,4,5,7,10,16	ass know law aaliyah tough treble
POOL	14626	0.484318503	1,5,6,9,11,16	uhh sho all ata that rubble
POOL	14627	0.484259617	1,5,7,11,16	uh hole la covered arable
POOL	14628	0.484135804	2,4,5,7,10,16	ass know law aaliyah tough rubble
POOL	14629	0.484040060	2,4,5,9,10,16	ass know law lotta mm cobble
POOL	14630	0.483958801	1,4,9,11,12,16	uhh hole lotta that are stubble
POOL	14631	0.483879533	2,5,9,11,16	us you-all lotta to rubble
POOL	14632	0.483848253	2,3,4,7,9,10,16	ass new oh layla ca ev trouble
POOL	14633	0.483827562	2,4,5,10,16	ass know law rotten terrible
POOL	14634	0.483774041	1,5,7,9,12,16	eyre foley la ca true -able
POOL	14635	0.483660524	1,4,5,9,11,16	are show all lotta that rubble
POOL	14636	0.483422022	2,4,5,7,9,16	ass know law loew ca troubles
POOL	14637	0.483409850	1,5,9,11,13,16	du'a' hole lotta ter run bell
POOL	14638	0.483345558	2,4,5,9,10,16	ass know law lotta mm cuddle
POOL	14639	0.483324318	5,9,16	hole lot rubble
POOL	14640	0.483304166	2,4,5,9,10,16	ass know law lotta eve dribble
POOL	14641	0.483235281	2,4,5,9,10,16	ass know law lotta eve durable
POOL	14642	0.483185688	2,6,9,11,16	us only ata that publ
POOL	14643	0.483143916	2,4,5,7,9,16	ass know law loew ca troubled
POOL	14644	0.482674251	2,4,5,9,10,16	ass know law lotta mm scrabble
POOL	14645	0.482669367	2,4,5,9,10,16	ass know law lotta eve cobble
POOL	14646	0.482666012	2,4,5,9,10,16	ass know law lotta mm parable
POOL	14647	0.482473033	2,4,5,9,12,16	ass know law lotta ver trouble
POOL	14648	0.482420496	2,4,5,9,10,16	ass know law lotta mm topple
POOL	14649	0.482350878	2,4,5,9,10,16	ass know law lotta mm herbal
POOL	14650	0.482262060	2,5,7,10,12,16	wahoo holy la tough true -able
POOL	14651	0.482033132	2,4,5,7,10,16	ass know law aaliyah tough trumbull
POOL	14652	0.481974865	2,4,5,9,10,16	ass know law lotta eve cuddle
POOL	14653	0.481865561	1,4,6,7,9,11,16	eh ho lol aa ca that troubles
POOL	14654	0.481627184	1,4,6,7,9,11,16	eh ho lol aa ca that troubled
POOL	14655	0.481604586	1,4,6,9,11,16	ala show lol ata meek rubble
POOL	14656	0.481549879	1,5,6,9,11,16	uhh sold all ata tee rubble
POOL	14657	0.481303558	2,4,5,9,10,16	ass know law lotta eve scrabble
POOL	14658	0.481295319	2,4,5,9,10,16	ass know law lotta eve parable
POOL	14659	0.481049802	2,4,5,9,10,16	ass know law lotta eve topple
POOL	14660	0.480980185	2,4,5,9,10,16	ass know law lotta eve herbal
POOL	14661	0.480842666	2,4,5,9,10,16	ass know law lotta mm trimble
POOL	14662	0.480790878	1,5,7,11,12,16	uhh keyhole lack cut are -able
POOL	14663	0.480769358	2,5,8,9,12,16	us oakley odd uhh true -able
POOL	14664	0.480542326	1,2,5,9,11,16	oh hoop ole lotta that rubble
POOL	14665	0.480452065	2,4,9,12,16	ahem tow lotta verb -able
POOL	14666	0.480313593	1,4,5,9,11,16	uhh show will rotten that rubble
POOL	14667	0.480283447	2,4,5,8,11,16	ass know law alot abt rebel
POOL	14668	0.480162458	1,4,5,9,11,16	uhh haute all plata that rubble
POOL	14669	0.480105993	3,5,9,11,16	assure all lotta vid rubble
POOL	14670	0.480079847	1,2,5,9,11,16	uhh meh aux lotta that rubble
POOL	14671	0.480056111	1,2,5,9,11,16	uhh her only las that rubble
POOL	14672	0.479987913	1,6,9,11,12,16	uhh whole ata that are rabble
POOL	14673	0.479980856	1,4,6,9,12,16	uhh seo lean ata true -able
POOL	14674	0.479887920	2,4,5,7,10,16	ass know law aaliyah ton treble
POOL	14675	0.479842446	1,4,6,7,9,11,16	eh ho lol aa tough that troubles
POOL	14676	0.479828209	2,4,5,9,10,16	ass know law lotta mm trample
POOL	14677	0.479728245	1,4,5,9,11,16	uhh flo earl lotta that rubble
POOL	14678	0.479699302	2,4,5,8,11,16	ass know law alot abt rabble
POOL	14679	0.479695895	2,4,5,7,10,16	ass know law aaliyah ton rubble
POOL	14680	0.479604070	1,4,6,7,9,11,16	eh ho lol aa tough that troubled
POOL	14681	0.479551950	2,4,5,9,10,16	ass know law lotta mm straddle
POOL	14682	0.479471973	2,4,5,9,10,16	ass know law lotta eve trimble
POOL	14683	0.479451133	2,4,5,9,10,16	ass know law lotta mm dabble
POOL	14684	0.479239158	2,4,5,9,10,16	ass know law lotta mm trodden
POOL	14685	0.479132338	2,5,8,9,11,16	us you-all lat uhh that lovell
POOL	14686	0.478925374	1,2,6,9,11,16	i her ow ata that rubble
POOL	14687	0.478828026	5,9,16	holed slot rubble
POOL	14688	0.478770070	1,4,6,11,16	eh ho lil entente arable
POOL	14689	0.478475851	1,2,5,9,11,16	uhh her ole lotta that annabelle
POOL	14690	0.478457516	2,4,5,9,10,16	ass know law lotta eve trample
POOL	14691	0.478181257	2,4,5,9,10,16	ass know law lotta eve straddle
POOL	14692	0.478137985	1,5,6,7,11,16	uhh hawley love ahh cut rubble
POOL	14693	0.478080440	2,4,5,9,10,16	ass know law lotta eve dabble
POOL	14694	0.477868465	2,4,5,9,10,16	ass know law lotta eve trodden
POOL	14695	0.477689377	1,5,9,11,12,16	ashe holm lotta that are -able
POOL	14696	0.477593224	2,4,5,7,10,16	ass know law aaliyah ton trumbull
POOL	14697	0.477590097	1,2,5,9,11,16	uhh hof ole lotta eve rubble
POOL	14698	0.477521921	2,4,5,8,11,16	ass know law alot abt rumble
POOL	14699	0.477465716	1,5,8,10,16	eh whole lot of troubling
POOL	14700	0.477085502	1,5,9,11,13,16	d. hole lotta that run evil
POOL	14701	0.477042471	2,5,8,9,12,16	assay ole alot uhh true -able
POOL	14702	0.477027861	2,4,5,7,10,16	ass know law aaliyah tough trouble
POOL	14703	0.476935445	2,4,5,9,10,16	ass know law lotta mm troubles
POOL	14704	0.476794035	2,4,5,7,10,16	ass know law aaliyah come trouble
POOL	14705	0.476657339	2,4,5,9,10,16	ass know law lotta mm troubled
POOL	14706	0.476583227	2,4,5,8,11,16	ass know law alot aam rabble
POOL	14707	0.476545946	1,6,7,10,12,16	aura hole ahh tougher true -able
POOL	14708	0.476336464	1,4,5,9,11,16	uhh show all lotta that randal
POOL	14709	0.476322996	1,2,5,9,11,16	raw her ole lotta mop rubble
POOL	14710	0.476248967	1,5,7,9,11,16	uhh o'er la ca sheet rubble
POOL	14711	0.475978492	1,5,9,11,13,16	uhh hola mata that run bell
POOL	14712	0.475914359	1,4,9,12,16	uhh eco lotta true -able
POOL	14713	0.475571968	1,4,6,9,16	ina show lol ata treble
POOL	14714	0.475564752	2,4,5,9,10,16	ass know law lotta eve troubles
POOL	14715	0.475286646	2,4,5,9,10,16	ass know law lotta eve troubled
POOL	14716	0.475234035	1,4,5,9,11,16	la show we lotta that rubble
POOL	14717	0.474985307	1,4,9,11,16	asa show lotta east rubble
POOL	14718	0.474934585	1,3,5,9,11,16	ia who all lotta that rubble
POOL	14719	0.474910970	1,2,5,9,11,16	ed her ole latte that rubble
POOL	14720	0.474696145	1,5,9,11,13,16	mia hole lotta that you're bell
POOL	14721	0.474305098	1,4,5,9,11,16	s. show all lotta that publ
POOL	14722	0.474057491	2,3,4,7,9,10,16	ass new oh layla ca of trouble
POOL	14723	0.473732872	1,5,8,10,12,13,16	eh hole lat of ter uhh -able
POOL	14724	0.473378687	1,5,8,10,12,13,16	eh hole lotte of ter uhh -able
POOL	14725	0.473358708	1,5,9,11,12,16	em hole lotta that are mumble
POOL	14726	0.473337665	1,5,9,11,12,16	a. hole lotta that are -able
POOL	14727	0.473301184	1,3,5,9,11,16	inn heh all lotta that rubble
POOL	14728	0.473126374	2,5,7,10,12,16	us olga la tommy true -able
POOL	14729	0.473104783	1,5,8,10,12,13,16	eh hole lott of ter uhh -able
POOL	14730	0.473068251	1,5,7,9,11,16	uhh homely lee ca that rubble
POOL	14731	0.473002892	1,5,8,9,11,16	anne hole lat uhh that lovable
POOL	14732	0.472839424	1,5,8,10,12,13,16	eh hole lat of ter uh -able
POOL	14733	0.472813690	1,4,9,11,16	ala co. lotta that rubble
POOL	14734	0.472587952	2,4,5,7,10,16	ass know law aaliyah ton trouble
POOL	14735	0.472554076	1,5,6,7,11,16	uhh hurrah all wha cut rubble
POOL	14736	0.472541247	1,5,9,12,13,16	hua hole lotta true uhh bears'
POOL	14737	0.472485239	1,5,8,10,12,13,16	eh hole lotte of ter uh -able
POOL	14738	0.472410126	2,4,5,10,16	ass know law lotta durable
POOL	14739	0.472211586	1,3,5,9,11,16	ass who all mata that rubble
POOL	14740	0.472211335	1,5,8,10,12,13,16	eh hole lott of ter uh -able
POOL	14741	0.472018969	1,5,9,11,12,16	uhh haw lotta cert are -able
POOL	14742	0.471602837	1,4,6,8,11,16	uhh hippo earl got at rubble
POOL	14743	0.470410268	4,6,9,11,16	alo lily ata that rubble
POOL	14744	0.470105464	2,4,5,10,16	ass know law lotta parable
POOL	14745	0.469628722	1,5,7,12,16	uhh homely la t'other -able
POOL	14746	0.469282599	1,2,5,9,11,16	eng her ole lotta that ripple
POOL	14747	0.468496363	1,5,9,11,12,16	uhh koehler lotta that y'are -able
POOL	14748	0.468284453	1,3,5,9,11,16	uhh who all lotta that lubbock
POOL	14749	0.468155088	1,4,5,9,11,16	de woah all lotta that rubble
POOL	14750	0.467616979	1,5,6,7,10,12,16	'cause -ful 'low ah dove ter -able
POOL	14751	0.467361214	1,5,9,11,16	uhh hotel lotta that rubble
POOL	14752	0.465965803	1,3,5,9,11,16	s who all lotta that rustle
POOL	14753	0.465627314	1,2,5,9,11,16	uhh had ole lotta that libel
POOL	14754	0.465235415	1,5,8,10,12,13,16	eh hole lat of ter uhh herbal
POOL	14755	0.464881230	1,5,8,10,12,13,16	eh hole lotte of ter uhh herbal
POOL	14756	0.464637037	1,4,8,9,11,16	occur show lat uhh viet rubble
POOL	14757	0.464607326	1,5,8,10,12,13,16	eh hole lott of ter uhh herbal
POOL	14758	0.464341967	1,5,8,10,12,13,16	eh hole lat of ter uh herbal
POOL	14759	0.463987782	1,5,8,10,12,13,16	eh hole lotte of ter uh herbal
POOL	14760	0.463713878	1,5,8,10,12,13,16	eh hole lott of ter uh herbal
POOL	14761	0.463708305	1,3,5,9,11,16	uhh ha all lotta that rada
POOL	14762	0.463444707	1,5,6,9,11,16	anna ole all ata that rubble
POOL	14763	0.462993438	1,4,8,9,11,16	uhh hippo lat nut that rubble
POOL	14764	0.462952670	1,5,6,9,11,16	uhh hole all ata that troubles
POOL	14765	0.462768685	2,4,5,9,10,16	ass know law lotta mm troubling
POOL	14766	0.462712228	1,3,5,9,11,16	uhh poo fore lotta that rubble
POOL	14767	0.462579623	1,5,8,10,12,13,16	eh hole lot of ter uhh -able
POOL	14768	0.462468032	1,5,6,9,11,16	ala hole all ata meek rubble
POOL	14769	0.462391850	1,3,5,9,11,16	ella who all lotta ease rubble
POOL	14770	0.461973257	1,4,5,9,11,16	isa show all lotta eased rubble
POOL	14771	0.461907285	2,6,9,11,16	ahoy only ata mock rubble
POOL	14772	0.461686174	1,5,8,10,12,13,16	eh hole lot of ter uh -able
POOL	14773	0.461397992	2,4,5,9,10,16	ass know law lotta eve troubling
POOL	14774	0.460986517	2,4,5,7,10,16	ass know law aaliyah tough troubles
POOL	14775	0.460708411	2,4,5,7,10,16	ass know law aaliyah tough troubled
POOL	14776	0.460651746	1,5,8,10,12,13,16	eh hole lat of ter uhh belly
POOL	14777	0.460588154	1,5,8,10,12,13,16	eh hole lat of ter uhh apple
POOL	14778	0.460297561	1,5,8,10,12,13,16	eh hole lotte of ter uhh belly
POOL	14779	0.460233969	1,5,8,10,12,13,16	eh hole lotte of ter uhh apple
POOL	14780	0.460023657	1,5,8,10,12,13,16	eh hole lott of ter uhh belly
POOL	14781	0.459960065	1,5,8,10,12,13,16	eh hole lott of ter uhh apple
POOL	14782	0.459850912	1,3,5,9,11,16	ian who kool lotta that rubble
POOL	14783	0.459758297	1,5,8,10,12,13,16	eh hole lat of ter uh belly
POOL	14784	0.459694706	1,5,8,10,12,13,16	eh hole lat of ter uh apple
POOL	14785	0.459559747	1,5,8,10,12,13,16	eh hole lat of ter uhh bella
POOL	14786	0.459404112	1,5,8,10,12,13,16	eh hole lotte of ter uh belly
POOL	14787	0.459340521	1,5,8,10,12,13,16	eh hole lotte of ter uh apple
POOL	14788	0.459205562	1,5,8,10,12,13,16	eh hole lotte of ter uhh bella
POOL	14789	0.459130208	1,5,8,10,12,13,16	eh hole lott of ter uh belly
POOL	14790	0.459066617	1,5,8,10,12,13,16	eh hole lott of ter uh apple
POOL	14791	0.458931658	1,5,8,10,12,13,16	eh hole lott of ter uhh bella
POOL	14792	0.458850816	1,4,5,9,11,16	uhh hoo all lotta that lapel
POOL	14793	0.458666298	1,5,8,10,12,13,16	eh hole lat of ter uh bella
POOL	14794	0.458528552	1,5,8,10,12,13,16	eh hole lat of ter uhh dual
POOL	14795	0.458415783	1,5,7,12,16	mia hull la t'other -able
POOL	14796	0.458312113	1,5,8,10,12,13,16	eh hole lotte of ter uh bella
POOL	14797	0.458174367	1,5,8,10,12,13,16	eh hole lotte of ter uhh dual
POOL	14798	0.458038209	1,5,8,10,12,13,16	eh hole lott of ter uh bella
POOL	14799	0.457947868	2,4,5,8,11,16	ass know law alot abt trouble
POOL	14800	0.457935682	5,9,11,12,16	holi lotta that air no.
POOL	14801	0.457933231	1,5,6,9,11,16	a hole all ata that rommel
POOL	14802	0.457900463	1,5,8,10,12,13,16	eh hole lott of ter uhh dual
POOL	14803	0.457635104	1,5,8,10,12,13,16	eh hole lat of ter uh dual
POOL	14804	0.457620971	1,5,8,10,12,13,16	eh hole lat of ter uhh burrell
POOL	14805	0.457604963	1,5,8,10,12,13,16	eh hole lat of ter uhh billy
POOL	14806	0.457344356	1,5,8,10,12,13,16	eh hole lat of ter uhh bally
POOL	14807	0.457280919	1,5,8,10,12,13,16	eh hole lotte of ter uh dual
POOL	14808	0.457266786	1,5,8,10,12,13,16	eh hole lotte of ter uhh burrell
POOL	14809	0.457250778	1,5,8,10,12,13,16	eh hole lotte of ter uhh billy
POOL	14810	0.457154484	1,5,8,10,12,13,16	eh hole lat of ter uhh bela
POOL	14811	0.457007015	1,5,8,10,12,13,16	eh hole lott of ter uh dual
POOL	14812	0.456992882	1,5,8,10,12,13,16	eh hole lott of ter uhh burrell
POOL	14813	0.456990171	1,5,8,10,12,13,16	eh hole lotte of ter uhh bally
POOL	14814	0.456976874	1,5,8,10,12,13,16	eh hole lott of ter uhh billy
POOL	14815	0.456921572	3,5,9,11,16	ashore all lotta that rommel
POOL	14816	0.456800299	1,5,8,10,12,13,16	eh hole lotte of ter uhh bela
POOL	14817	0.456727523	1,5,8,10,12,13,16	eh hole lat of ter uh burrell
POOL	14818	0.456716267	1,5,8,10,12,13,16	eh hole lott of ter uhh bally
POOL	14819	0.456711515	1,5,8,10,12,13,16	eh hole lat of ter uh billy
POOL	14820	0.456546821	1,5,8,10,12,13,16	eh hole lat of ter uhh duel
POOL	14821	0.456546609	2,4,5,7,10,16	ass know law aaliyah ton troubles
POOL	14822	0.456526395	1,5,8,10,12,13,16	eh hole lott of ter uhh bela
POOL	14823	0.456450908	1,5,8,10,12,13,16	eh hole lat of ter uh bally
POOL	14824	0.456373338	1,5,8,10,12,13,16	eh hole lotte of ter uh burrell
POOL	14825	0.456357330	1,5,8,10,12,13,16	eh hole lotte of ter uh billy
POOL	14826	0.456268503	2,4,5,7,10,16	ass know law aaliyah ton troubled
POOL	14827	0.456261036	1,5,8,10,12,13,16	eh hole lat of ter uh bela
POOL	14828	0.456192636	1,5,8,10,12,13,16	eh hole lotte of ter uhh duel
POOL	14829	0.456099434	1,5,8,10,12,13,16	eh hole lott of ter uh burrell
POOL	14830	0.456096723	1,5,8,10,12,13,16	eh hole lotte of ter uh bally
POOL	14831	0.456083426	1,5,8,10,12,13,16	eh hole lott of ter uh billy
POOL	14832	0.455918732	1,5,8,10,12,13,16	eh hole lott of ter uhh duel
POOL	14833	0.455906851	1,5,8,10,12,13,16	eh hole lotte of ter uh bela
POOL	14834	0.455822819	1,5,8,10,12,13,16	eh hole lott of ter uh bally
POOL	14835	0.455717361	1,5,9,12,16	uhh f-hole lotta tool -able
POOL	14836	0.455653373	1,5,8,10,12,13,16	eh hole lat of ter uh duel
POOL	14837	0.455632947	1,5,8,10,12,13,16	eh hole lott of ter uh bela
POOL	14838	0.455299188	1,5,8,10,12,13,16	eh hole lotte of ter uh duel
POOL	14839	0.455025284	1,5,8,10,12,13,16	eh hole lott of ter uh duel
POOL	14840	0.454911810	1,5,8,10,12,13,16	eh hole lat of ter uhh billie
POOL	14841	0.454557625	1,5,8,10,12,13,16	eh hole lotte of ter uhh billie
POOL	14842	0.454283721	1,5,8,10,12,13,16	eh hole lott of ter uhh billie
POOL	14843	0.454082166	1,5,8,10,12,13,16	eh hole lot of ter uhh herbal
POOL	14844	0.454018362	1,5,8,10,12,13,16	eh hole lat of ter uh billie
POOL	14845	0.453664177	1,5,8,10,12,13,16	eh hole lotte of ter uh billie
POOL	14846	0.453390273	1,5,8,10,12,13,16	eh hole lott of ter uh billie
POOL	14847	0.453188718	1,5,8,10,12,13,16	eh hole lot of ter uh herbal
POOL	14848	0.451747155	1,2,5,9,11,16	ebb her bowler lotta that rubble
POOL	14849	0.450843538	2,5,9,10,16	ahead old lotta says treble
POOL	14850	0.449498497	1,5,8,10,12,13,16	eh hole lot of ter uhh belly
POOL	14851	0.449434905	1,5,8,10,12,13,16	eh hole lot of ter uhh apple
POOL	14852	0.449256448	2,4,5,8,16	ass know law lottery trouble
POOL	14853	0.448669144	1,4,9,10,16	du'a' show lotta new treble
POOL	14854	0.448605048	1,5,8,10,12,13,16	eh hole lot of ter uh belly
POOL	14855	0.448541457	1,5,8,10,12,13,16	eh hole lot of ter uh apple
POOL	14856	0.448406497	1,5,8,10,12,13,16	eh hole lot of ter uhh bella
POOL	14857	0.448109362	2,3,4,9,11,12,16	a a a lot pfft ur -able
POOL	14858	0.447524335	2,3,4,9,11,12,16	a a a lot vet ur -able
POOL	14859	0.447513049	1,5,8,10,12,13,16	eh hole lot of ter uh bella
POOL	14860	0.447375303	1,5,8,10,12,13,16	eh hole lot of ter uhh dual
POOL	14861	0.446481855	1,5,8,10,12,13,16	eh hole lot of ter uh dual
POOL	14862	0.446481212	2,3,4,9,11,12,16	a a a lot vat ur -able
POOL	14863	0.446467722	1,5,8,10,12,13,16	eh hole lot of ter uhh burrell
POOL	14864	0.446451714	1,5,8,10,12,13,16	eh hole lot of ter uhh billy
POOL	14865	0.446191107	1,5,8,10,12,13,16	eh hole lot of ter uhh bally
POOL	14866	0.446001235	1,5,8,10,12,13,16	eh hole lot of ter uhh bela
POOL	14867	0.445753310	5,9,11,16	unholy lotta that libel
POOL	14868	0.445712943	1,5,9,11,16	l. ola lotta that rubble
POOL	14869	0.445574273	1,5,8,10,12,13,16	eh hole lot of ter uh burrell
POOL	14870	0.445558266	1,5,8,10,12,13,16	eh hole lot of ter uh billy
POOL	14871	0.445449225	2,4,5,10,16	ass know law lotta troubling
POOL	14872	0.445393572	1,5,8,10,12,13,16	eh hole lot of ter uhh duel
POOL	14873	0.445297659	1,5,8,10,12,13,16	eh hole lot of ter uh bally
POOL	14874	0.445107787	1,5,8,10,12,13,16	eh hole lot of ter uh bela
POOL	14875	0.445051004	2,3,4,9,11,12,16	a a a lot vert ur -able
POOL	14876	0.444500124	1,5,8,10,12,13,16	eh hole lot of ter uh duel
POOL	14877	0.444181537	4,6,8,10,16	uh-huh lilly got love treble
POOL	14878	0.443758561	1,5,8,10,12,13,16	eh hole lot of ter uhh billie
POOL	14879	0.442865113	1,5,8,10,12,13,16	eh hole lot of ter uh billie
POOL	14880	0.442501713	2,4,5,10,16	ass know law rotten troubling
POOL	14881	0.439237800	3,4,6,7,8,10,16	a 'low aar ahh too of trouble
POOL	14882	0.438380675	1,5,9,12,16	du'a' holi lotta true -able
POOL	14883	0.429088146	2,3,5,8,10,16	a a a at of trouble
POOL	14884	0.426804811	1,5,7,11,16	'cause a-hole aaliyah cunt rubble
POOL	14885	0.425021209	1,5,7,11,16	'cause a-hole aaliyah cuffed rubble
POOL	14886	0.424601028	1,5,7,11,16	'cause a-hole aaliyah taft rubble
POOL	14887	0.416714506	2,5,8,9,16	mess owen lottie uhh treble
POOL	14888	0.404350382	1,5,8,10,11,12,16	eh whole lot of a are -able
POOL	14889	0.399350382	1,5,8,10,11,12,16	eh whole lot of a her -able
POOL	14890	0.398100382	1,5,8,10,11,12,16	eh whole lot of a all -able
POOL	14891	0.395198597	1,5,8,10,11,12,16	eh whole lot of a an -able
POOL	14892	0.391850382	1,5,8,10,11,12,16	eh whole lot of a for -able
POOL	14893	0.389573597	1,5,8,10,11,12,16	eh whole lot of a as -able
POOL	14894	0.389293379	1,5,8,10,11,12,16	eh whole lot of a are double
POOL	14895	0.386624250	2,3,4,6,8,10,12,16	a a a all not of ter -able
POOL	14896	0.385715229	1,5,8,10,11,12,16	eh whole lot of a are bubble
POOL	14897	0.384763087	1,5,8,10,11,12,13,16	eh whole lot of a a are bell
POOL	14898	0.384293379	1,5,8,10,11,12,16	eh whole lot of a her double
POOL	14899	0.383523555	1,5,8,10,11,12,13,14,16	eh whole lot of a a a be al
POOL	14900	0.383404241	1,5,8,10,11,12,13,16	eh whole lot of a a are bill
POOL	14901	0.383043379	1,5,8,10,11,12,16	eh whole lot of a all double
POOL	14902	0.382361259	1,5,8,10,11,12,13,16	eh whole lot of a a are belle
POOL	14903	0.382137824	1,5,8,10,11,12,16	eh whole lot of a are apple
POOL	14904	0.381890404	1,5,8,10,11,12,13,16	eh whole lot of a a an bell
POOL	14905	0.381890404	1,5,8,10,11,12,13,16	eh whole lot of a a as bell
POOL	14906	0.381890404	1,5,8,10,11,12,13,16	eh whole lot of a a at bell
POOL	14907	0.381434153	1,5,8,10,11,12,13,16	eh whole lot of a a are bel
POOL	14908	0.381196840	1,5,8,10,11,12,13,16	eh whole lot of a a are bal
POOL	14909	0.381046047	1,5,8,10,11,12,16	eh whole lot of a are couple
POOL	14910	0.380715229	1,5,8,10,11,12,16	eh whole lot of a her bubble
POOL	14911	0.380531558	1,5,8,10,11,12,13,16	eh whole lot of a a an bill
POOL	14912	0.380531558	1,5,8,10,11,12,13,16	eh whole lot of a a as bill
POOL	14913	0.380531558	1,5,8,10,11,12,13,16	eh whole lot of a a at bill
POOL	14914	0.380141594	1,5,8,10,11,12,16	eh whole lot of a an double
POOL	14915	0.380075492	1,5,8,10,11,12,13,14,16	eh whole lot of a a a be el
POOL	14916	0.379796811	1,5,8,10,11,12,16	eh whole lot of a a -able
POOL	14917	0.379609814	1,5,8,10,11,12,13,14,16	eh whole lot of a a a be l
POOL	14918	0.379607275	1,5,8,10,11,12,13,14,16	eh whole lot of a a a be elle
POOL	14919	0.379521573	1,5,8,10,11,12,13,14,16	eh whole lot of a a a be air
POOL	14920	0.379488576	1,5,8,10,11,12,13,16	eh whole lot of a a an belle
POOL	14921	0.379488576	1,5,8,10,11,12,13,16	eh whole lot of a a as belle
POOL	14922	0.379488576	1,5,8,10,11,12,13,16	eh whole lot of a a at belle
POOL	14923	0.379465229	1,5,8,10,11,12,16	eh whole lot of a all bubble
POOL	14924	0.379137985	1,5,8,10,11,12,13,14,16	eh whole lot of a a a be ill
POOL	14925	0.379083245	1,5,8,10,11,12,13,16	eh whole lot of a a but bell
POOL	14926	0.378968275	1,5,8,10,11,12,13,16	eh whole lot of a a are bear
POOL	14927	0.378729151	1,5,8,10,11,12,13,14,16	eh whole lot of a a a be ell
POOL	14928	0.378561470	1,5,8,10,11,12,13,16	eh whole lot of a a an bel
POOL	14929	0.378561470	1,5,8,10,11,12,13,16	eh whole lot of a a as bel
POOL	14930	0.378561470	1,5,8,10,11,12,13,16	eh whole lot of a a at bel
POOL	14931	0.378427478	1,5,8,10,11,12,13,16	eh whole lot of a a a bell
POOL	14932	0.378324157	1,5,8,10,11,12,13,16	eh whole lot of a a an bal
POOL	14933	0.378324157	1,5,8,10,11,12,13,16	eh whole lot of a a as bal
POOL	14934	0.378324157	1,5,8,10,11,12,13,16	eh whole lot of a a at bal
POOL	14935	0.377985700	1,5,8,10,11,12,13,14,15,16	eh whole lot of a a a be a law
POOL	14936	0.377724399	1,5,8,10,11,12,13,16	eh whole lot of a a but bill
POOL	14937	0.377165730	1,5,8,10,11,12,13,16	eh whole lot of a a are bare
POOL	14938	0.377137824	1,5,8,10,11,12,16	eh whole lot of a her apple
POOL	14939	0.377068632	1,5,8,10,11,12,13,16	eh whole lot of a a a bill
POOL	14940	0.376793379	1,5,8,10,11,12,16	eh whole lot of a for double
POOL	14941	0.376681417	1,5,8,10,11,12,13,16	eh whole lot of a a but belle
POOL	14942	0.376563443	1,5,8,10,11,12,16	eh whole lot of a an bubble
POOL	14943	0.376414184	1,5,8,10,11,12,13,16	eh whole lot of a a all bell
POOL	14944	0.376183641	1,5,8,10,11,12,13,14,16	eh whole lot of a a a be well
POOL	14945	0.376095592	1,5,8,10,11,12,13,16	eh whole lot of a a an bear
POOL	14946	0.376095592	1,5,8,10,11,12,13,16	eh whole lot of a a as bear
POOL	14947	0.376095592	1,5,8,10,11,12,13,16	eh whole lot of a a at bear
POOL	14948	0.376046047	1,5,8,10,11,12,16	eh whole lot of a her couple
POOL	14949	0.376025650	1,5,8,10,11,12,13,16	eh whole lot of a a a belle
POOL	14950	0.375887824	1,5,8,10,11,12,16	eh whole lot of a all apple
POOL	14951	0.375754311	1,5,8,10,11,12,13,16	eh whole lot of a a but bel
POOL	14952	0.375714333	1,5,8,10,11,12,13,16	eh whole lot of a a are bull
POOL	14953	0.375516998	1,5,8,10,11,12,13,16	eh whole lot of a a but bal
POOL	14954	0.375313115	1,5,8,10,11,12,13,14,16	eh whole lot of a a a be il
POOL	14955	0.375187807	1,5,8,10,11,12,13,14,15,16	eh whole lot of a a a be a al
POOL	14956	0.375152790	1,5,8,10,11,12,13,14,16	eh whole lot of a a a be e'er
POOL	14957	0.375115196	1,5,8,10,11,12,13,14,15,16	eh whole lot of a a a be a lee
POOL	14958	0.375098544	1,5,8,10,11,12,13,16	eh whole lot of a a a bel
POOL	14959	0.375082233	1,5,8,10,11,12,13,16	eh whole lot of a a are beer
POOL	14960	0.375081893	1,5,8,10,11,12,13,14,15,16	eh whole lot of a a a be a ill
POOL	14961	0.375055337	1,5,8,10,11,12,13,16	eh whole lot of a a all bill
POOL	14962	0.374861231	1,5,8,10,11,12,13,16	eh whole lot of a a a bal
POOL	14963	0.374796047	1,5,8,10,11,12,16	eh whole lot of a all couple
POOL	14964	0.374549564	1,5,8,10,11,12,13,14,15,16	eh whole lot of a a a be a la
POOL	14965	0.374516594	1,5,8,10,11,12,16	eh whole lot of a as double
POOL	14966	0.374379078	1,5,8,10,11,12,13,14,16	eh whole lot of a a a be heir
POOL	14967	0.374355975	1,5,8,10,11,12,13,16	eh whole lot of a a are del
POOL	14968	0.374293047	1,5,8,10,11,12,13,16	eh whole lot of a a an bare
POOL	14969	0.374293047	1,5,8,10,11,12,13,16	eh whole lot of a a as bare
POOL	14970	0.374293047	1,5,8,10,11,12,13,16	eh whole lot of a a at bare
POOL	14971	0.374148555	1,5,8,10,11,12,13,14,16	eh whole lot of a a a up al
POOL	14972	0.374044186	1,5,8,10,11,12,13,14,16	eh whole lot of a a a be tell
POOL	14973	0.374032091	1,5,8,10,11,12,13,14,16	eh whole lot of a a a do al
POOL	14974	0.374012356	1,5,8,10,11,12,13,16	eh whole lot of a a all belle
POOL	14975	0.373979412	1,5,8,10,11,12,13,16	eh whole lot of a a are baer
POOL	14976	0.373908690	1,5,8,10,11,12,13,16	eh whole lot of a a are pal
POOL	14977	0.373698872	1,5,8,10,11,12,16	eh whole lot of a are model
POOL	14978	0.373604456	1,5,8,10,11,12,13,14,15,16	eh whole lot of a a a be a earl
POOL	14979	0.373427196	1,5,8,10,11,12,13,16	eh whole lot of a a are bol
POOL	14980	0.373317722	1,5,8,10,11,12,13,16	eh whole lot of a a are beale
POOL	14981	0.373306772	1,5,8,10,11,12,13,16	eh whole lot of a a are al
POOL	14982	0.373297423	1,5,8,10,11,12,13,14,16	eh whole lot of a a a be else
POOL	14983	0.373288433	1,5,8,10,11,12,13,16	eh whole lot of a a but bear
POOL	14984	0.373275179	1,5,8,10,11,12,13,14,16	eh whole lot of a a a be err
POOL	14985	0.373215229	1,5,8,10,11,12,16	eh whole lot of a for bubble
POOL	14986	0.373091026	1,5,8,10,11,12,13,16	eh whole lot of a a are dull
POOL	14987	0.373085250	1,5,8,10,11,12,13,16	eh whole lot of a a all bel
POOL	14988	0.373066830	1,5,8,10,11,12,13,14,15,16	eh whole lot of a a a be a lou
POOL	14989	0.373064745	1,5,8,10,11,12,13,16	eh whole lot of a a are bar
POOL	14990	0.372986038	1,5,8,10,11,12,16	eh whole lot of a an apple
POOL	14991	0.372971585	1,5,8,10,11,12,13,14,16	eh whole lot of a a a be earl
POOL	14992	0.372879646	1,5,8,10,11,12,13,16	eh whole lot of a a are beal
POOL	14993	0.372847936	1,5,8,10,11,12,13,16	eh whole lot of a a all bal
POOL	14994	0.372841650	1,5,8,10,11,12,13,16	eh whole lot of a a an bull
POOL	14995	0.372841650	1,5,8,10,11,12,13,16	eh whole lot of a a as bull
POOL	14996	0.372841650	1,5,8,10,11,12,13,16	eh whole lot of a a at bull
POOL	14997	0.372770454	1,5,8,10,11,12,13,14,16	eh whole lot of a a a be ere
POOL	14998	0.372752317	1,5,8,10,11,12,13,14,16	eh whole lot of a a a be eyre
POOL	14999	0.372675775	1,5,8,10,11,12,13,14,15,16	eh whole lot of a a a be a leigh
POOL	15000	0.372632665	1,5,8,10,11,12,13,16	eh whole lot of a a a bear
POOL	15001	0.372554867	1,5,8,10,11,12,13,16	eh whole lot of a a are dell
POOL	15002	0.372502935	1,5,8,10,11,12,13,16	eh whole lot of a a are ball
POOL	15003	0.372462514	1,5,8,10,11,12,13,14,15,16	eh whole lot of a a a be a el
POOL	15004	0.372308689	1,5,8,10,11,12,13,14,15,16	eh whole lot of a a a be a lea
POOL	15005	0.372246864	1,5,8,10,11,12,13,14,15,16	eh whole lot of a a a be a le
POOL	15006	0.372209550	1,5,8,10,11,12,13,16	eh whole lot of a a an beer
POOL	15007	0.372209550	1,5,8,10,11,12,13,16	eh whole lot of a a as beer
POOL	15008	0.372209550	1,5,8,10,11,12,13,16	eh whole lot of a a at beer
POOL	15009	0.372075116	1,5,8,10,11,12,13,14,15,16	eh whole lot of a a a be a lieu
POOL	15010	0.372043404	1,5,8,10,11,12,13,14,15,16	eh whole lot of a a a be a l
POOL	15011	0.372041119	1,5,8,10,11,12,13,14,15,16	eh whole lot of a a a be a elle
POOL	15012	0.372038909	1,5,8,10,11,12,13,14,16	eh whole lot of a a a be ahl
POOL	15013	0.372013855	1,5,8,10,11,12,13,14,16	eh whole lot of a a a be hell
POOL	15014	0.371997664	1,5,8,10,11,12,13,14,16	eh whole lot of a a a be aer
POOL	15015	0.371969434	1,5,8,10,11,12,13,16	eh whole lot of a a are dal
POOL	15016	0.371894261	1,5,8,10,11,12,16	eh whole lot of a an couple
POOL	15017	0.371798436	1,5,8,10,11,12,13,14,15,16	eh whole lot of a a a be a loo
POOL	15018	0.371743965	1,5,8,10,11,12,13,14,15,16	eh whole lot of a a a be a lew
POOL	15019	0.371675078	1,5,8,10,11,12,13,16	eh whole lot of a a are belt
POOL	15020	0.371671557	1,5,8,10,11,12,13,14,15,16	eh whole lot of a a a be a eel
POOL	15021	0.371639511	1,5,8,10,11,12,13,14,15,16	eh whole lot of a a a be a il
POOL	15022	0.371606295	1,5,8,10,11,12,13,14,16	eh whole lot of a a a be eel
POOL	15023	0.371579111	1,5,8,10,11,12,13,14,16	eh whole lot of a a a been al
POOL	15024	0.371579111	1,5,8,10,11,12,13,14,16	eh whole lot of a a a but al
POOL	15025	0.371485888	1,5,8,10,11,12,13,16	eh whole lot of a a but bare
POOL	15026	0.371483292	1,5,8,10,11,12,13,16	eh whole lot of a a an del
POOL	15027	0.371483292	1,5,8,10,11,12,13,16	eh whole lot of a a as del
POOL	15028	0.371483292	1,5,8,10,11,12,13,16	eh whole lot of a a at del
POOL	15029	0.371465265	1,5,8,10,11,12,13,14,16	eh whole lot of a a a be sell
POOL	15030	0.371431234	1,5,8,10,11,12,13,14,15,16	eh whole lot of a a a be a ahl
POOL	15031	0.371422054	1,5,8,10,11,12,13,14,15,16	eh whole lot of a a a be a li
POOL	15032	0.371408755	1,5,8,10,11,12,13,14,15,16	eh whole lot of a a a be a earle
POOL	15033	0.371338987	1,5,8,10,11,12,13,14,15,16	eh whole lot of a a a be a air
POOL	15034	0.371324709	1,5,8,10,11,12,13,16	eh whole lot of a a are pell
POOL	15035	0.371250807	1,5,8,10,11,12,13,14,15,16	eh whole lot of a a a be a ell
POOL	15036	0.371106729	1,5,8,10,11,12,13,16	eh whole lot of a a an baer
POOL	15037	0.371106729	1,5,8,10,11,12,13,16	eh whole lot of a a as baer
POOL	15038	0.371106729	1,5,8,10,11,12,13,16	eh whole lot of a a at baer
POOL	15039	0.371041969	1,5,8,10,11,12,13,14,16	eh whole lot of a a a be cell
POOL	15040	0.371036007	1,5,8,10,11,12,13,16	eh whole lot of a a an pal
POOL	15041	0.371036007	1,5,8,10,11,12,13,16	eh whole lot of a a as pal
POOL	15042	0.371036007	1,5,8,10,11,12,13,16	eh whole lot of a a at pal
POOL	15043	0.371023555	1,5,8,10,11,12,13,14,16	eh whole lot of a a a by al
POOL	15044	0.371014363	1,5,8,10,11,12,13,16	eh whole lot of a a are deal
POOL	15045	0.370956376	1,5,8,10,11,12,13,14,16	eh whole lot of a a a be fell
POOL	15046	0.370938443	1,5,8,10,11,12,16	eh whole lot of a as bubble
POOL	15047	0.370830120	1,5,8,10,11,12,13,16	eh whole lot of a a a bare
POOL	15048	0.370790053	1,5,8,10,11,12,13,16	eh whole lot of a a are bulk
POOL	15049	0.370700492	1,5,8,10,11,12,13,14,16	eh whole lot of a a a up el
POOL	15050	0.370668475	1,5,8,10,11,12,13,14,15,16	eh whole lot of a a a be a lah
POOL	15051	0.370619371	1,5,8,10,11,12,13,16	eh whole lot of a a all bear
POOL	15052	0.370603289	1,5,8,10,11,12,13,14,15,16	eh whole lot of a a a be a leh
POOL	15053	0.370584027	1,5,8,10,11,12,13,14,16	eh whole lot of a a a do el
POOL	15054	0.370554513	1,5,8,10,11,12,13,16	eh whole lot of a a an bol
POOL	15055	0.370554513	1,5,8,10,11,12,13,16	eh whole lot of a a as bol
POOL	15056	0.370554513	1,5,8,10,11,12,13,16	eh whole lot of a a at bol
POOL	15057	0.370531918	1,5,8,10,11,12,13,14,16	eh whole lot of a a a be earle
POOL	15058	0.370474099	1,5,8,10,11,12,13,16	eh whole lot of a a are built
POOL	15059	0.370473401	1,5,8,10,11,12,13,16	eh whole lot of a a are -able
POOL	15060	0.370456536	1,5,8,10,11,12,13,16	eh whole lot of a a are ben
POOL	15061	0.370445039	1,5,8,10,11,12,13,16	eh whole lot of a a an beale
POOL	15062	0.370445039	1,5,8,10,11,12,13,16	eh whole lot of a a as beale
POOL	15063	0.370445039	1,5,8,10,11,12,13,16	eh whole lot of a a at beale
POOL	15064	0.370434089	1,5,8,10,11,12,13,16	eh whole lot of a a an al
POOL	15065	0.370434089	1,5,8,10,11,12,13,16	eh whole lot of a a as al
POOL	15066	0.370434089	1,5,8,10,11,12,13,16	eh whole lot of a a at al
POOL	15067	0.370391012	1,5,8,10,11,12,13,16	eh whole lot of a a are tell
POOL	15068	0.370354590	1,5,8,10,11,12,13,16	eh whole lot of a a are ban
POOL	15069	0.370314235	1,5,8,10,11,12,13,16	eh whole lot of a a are build
POOL	15070	0.370234814	1,5,8,10,11,12,13,14,16	eh whole lot of a a a up l
POOL	15071	0.370232275	1,5,8,10,11,12,13,14,16	eh whole lot of a a a up elle
POOL	15072	0.370218343	1,5,8,10,11,12,13,16	eh whole lot of a a an dull
POOL	15073	0.370218343	1,5,8,10,11,12,13,16	eh whole lot of a a as dull
POOL	15074	0.370218343	1,5,8,10,11,12,13,16	eh whole lot of a a at dull
POOL	15075	0.370204433	1,5,8,10,11,12,13,14,16	eh whole lot of a a a be l.'s
POOL	15076	0.370192062	1,5,8,10,11,12,13,16	eh whole lot of a a an bar
POOL	15077	0.370192062	1,5,8,10,11,12,13,16	eh whole lot of a a as bar
POOL	15078	0.370192062	1,5,8,10,11,12,13,16	eh whole lot of a a at bar
POOL	15079	0.370146573	1,5,8,10,11,12,13,14,16	eh whole lot of a a a up air
POOL	15080	0.370141486	1,5,8,10,11,12,13,16	eh whole lot of a a are bells
POOL	15081	0.370118350	1,5,8,10,11,12,13,14,16	eh whole lot of a a a do l
POOL	15082	0.370115811	1,5,8,10,11,12,13,14,16	eh whole lot of a a a do elle
POOL	15083	0.370049173	1,5,8,10,11,12,13,14,16	eh whole lot of a a a be bell
POOL	15084	0.370034491	1,5,8,10,11,12,13,16	eh whole lot of a a but bull
POOL	15085	0.370030109	1,5,8,10,11,12,13,14,16	eh whole lot of a a a do air
POOL	15086	0.370006963	1,5,8,10,11,12,13,16	eh whole lot of a a an beal
POOL	15087	0.370006963	1,5,8,10,11,12,13,16	eh whole lot of a a as beal
POOL	15088	0.370006963	1,5,8,10,11,12,13,16	eh whole lot of a a at beal
POOL	15089	0.369762985	1,5,8,10,11,12,13,14,16	eh whole lot of a a a up ill
POOL	15090	0.369747278	1,5,8,10,11,12,13,16	eh whole lot of a a are pill
POOL	15091	0.369720679	1,5,8,10,11,12,13,14,15,16	eh whole lot of a a a be a lu
POOL	15092	0.369682184	1,5,8,10,11,12,13,16	eh whole lot of a a an dell
POOL	15093	0.369682184	1,5,8,10,11,12,13,16	eh whole lot of a a as dell
POOL	15094	0.369682184	1,5,8,10,11,12,13,16	eh whole lot of a a at dell
POOL	15095	0.369646521	1,5,8,10,11,12,13,14,16	eh whole lot of a a a do ill
POOL	15096	0.369638288	1,5,8,10,11,12,13,16	eh whole lot of a a are air
POOL	15097	0.369637824	1,5,8,10,11,12,16	eh whole lot of a for apple
POOL	15098	0.369630252	1,5,8,10,11,12,13,16	eh whole lot of a a an ball
POOL	15099	0.369630252	1,5,8,10,11,12,13,16	eh whole lot of a a as ball
POOL	15100	0.369630252	1,5,8,10,11,12,13,16	eh whole lot of a a at ball
POOL	15101	0.369619315	1,5,8,10,11,12,13,16	eh whole lot of a a are pair
POOL	15102	0.369553492	1,5,8,10,11,12,16	eh whole lot of a are appeal
POOL	15103	0.369480196	1,5,8,10,11,12,13,16	eh whole lot of a a are el
POOL	15104	0.369410627	1,5,8,10,11,12,13,14,16	eh whole lot of a a a be shell
POOL	15105	0.369402391	1,5,8,10,11,12,13,16	eh whole lot of a a but beer
POOL	15106	0.369378724	1,5,8,10,11,12,13,16	eh whole lot of a a a bull
POOL	15107	0.369362969	1,5,8,10,11,12,13,16	eh whole lot of a a are bulb
POOL	15108	0.369354151	1,5,8,10,11,12,13,14,16	eh whole lot of a a a up ell
POOL	15109	0.369266936	1,5,8,10,11,12,13,14,15,16	eh whole lot of a a a be a re-
POOL	15110	0.369237687	1,5,8,10,11,12,13,14,16	eh whole lot of a a a do ell
POOL	15111	0.369235263	1,5,8,10,11,12,13,14,16	eh whole lot of a a a be del
POOL	15112	0.369096751	1,5,8,10,11,12,13,16	eh whole lot of a a an dal
POOL	15113	0.369096751	1,5,8,10,11,12,13,16	eh whole lot of a a as dal
POOL	15114	0.369096751	1,5,8,10,11,12,13,16	eh whole lot of a a at dal
POOL	15115	0.368956309	1,5,8,10,11,12,13,16	eh whole lot of a a are l
POOL	15116	0.368953453	1,5,8,10,11,12,13,16	eh whole lot of a a are elle
POOL	15117	0.368906492	1,5,8,10,11,12,13,16	eh whole lot of a a are ill
POOL	15118	0.368903092	1,5,8,10,11,12,13,16	eh whole lot of a a are blue
POOL	15119	0.368838435	1,5,8,10,11,12,13,14,16	eh whole lot of a a a be cal
POOL	15120	0.368816826	1,5,8,10,11,12,13,16	eh whole lot of a a all bare
POOL	15121	0.368802395	1,5,8,10,11,12,13,16	eh whole lot of a a an belt
POOL	15122	0.368802395	1,5,8,10,11,12,13,16	eh whole lot of a a as belt
POOL	15123	0.368802395	1,5,8,10,11,12,13,16	eh whole lot of a a at belt
POOL	15124	0.368780815	1,5,8,10,11,12,13,14,16	eh whole lot of a a a be pal
POOL	15125	0.368746624	1,5,8,10,11,12,13,16	eh whole lot of a a a beer
POOL	15126	0.368698872	1,5,8,10,11,12,16	eh whole lot of a her model
POOL	15127	0.368676133	1,5,8,10,11,12,13,16	eh whole lot of a a but del
POOL	15128	0.368546047	1,5,8,10,11,12,16	eh whole lot of a for couple
POOL	15129	0.368452026	1,5,8,10,11,12,13,16	eh whole lot of a a an pell
POOL	15130	0.368452026	1,5,8,10,11,12,13,16	eh whole lot of a a as pell
POOL	15131	0.368452026	1,5,8,10,11,12,13,16	eh whole lot of a a at pell
POOL	15132	0.368413762	1,5,8,10,11,12,13,14,16	eh whole lot of a a a be bill
POOL	15133	0.368388022	1,5,8,10,11,12,13,16	eh whole lot of a a are barr
POOL	15134	0.368376655	1,5,8,10,11,12,13,14,16	eh whole lot of a a a be hull
POOL	15135	0.368371025	1,5,8,10,11,12,13,14,16	eh whole lot of a a a be gal
POOL	15136	0.368299570	1,5,8,10,11,12,13,16	eh whole lot of a a but baer
POOL	15137	0.368252031	1,5,8,10,11,12,13,14,15,16	eh whole lot of a a a be a raw
POOL	15138	0.368228848	1,5,8,10,11,12,13,16	eh whole lot of a a but pal
POOL	15139	0.368208396	1,5,8,10,11,12,13,14,16	eh whole lot of a a a be ear
POOL	15140	0.368166179	1,5,8,10,11,12,13,16	eh whole lot of a a are bills
POOL	15141	0.368153271	1,5,8,10,11,12,13,14,16	eh whole lot of a a a be oil
POOL	15142	0.368141680	1,5,8,10,11,12,13,16	eh whole lot of a a an deal
POOL	15143	0.368141680	1,5,8,10,11,12,13,16	eh whole lot of a a as deal
POOL	15144	0.368141680	1,5,8,10,11,12,13,16	eh whole lot of a a at deal
POOL	15145	0.368140522	1,5,8,10,11,12,13,14,16	eh whole lot of a a a be tel
POOL	15146	0.368131047	1,5,8,10,11,12,13,14,16	eh whole lot of a a a been el
POOL	15147	0.368131047	1,5,8,10,11,12,13,14,16	eh whole lot of a a a but el
POOL	15148	0.368125190	1,5,8,10,11,12,13,14,16	eh whole lot of a a a be val
POOL	15149	0.368114462	1,5,8,10,11,12,13,14,16	eh whole lot of a a a be kill
POOL	15150	0.368093230	1,5,8,10,11,12,13,14,16	eh whole lot of a a a be dull
POOL	15151	0.368054934	1,5,8,10,11,12,13,16	eh whole lot of a a are pull
POOL	15152	0.368049493	1,5,8,10,11,12,13,14,16	eh whole lot of a a a be hal
POOL	15153	0.368028037	1,5,8,10,11,12,13,14,16	eh whole lot of a a a be yell
POOL	15154	0.368020366	1,5,8,10,11,12,13,16	eh whole lot of a a a del
POOL	15155	0.368013578	1,5,8,10,11,12,13,14,16	eh whole lot of a a a be care
POOL	15156	0.367988448	1,5,8,10,11,12,13,14,15,16	eh whole lot of a a a be a ear
POOL	15157	0.367965563	1,5,8,10,11,12,13,16	eh whole lot of a a are ell
POOL	15158	0.367959425	1,5,8,10,11,12,13,14,16	eh whole lot of a a a be law
POOL	15159	0.367926366	1,5,8,10,11,12,13,14,16	eh whole lot of a a a be mel
POOL	15160	0.367917370	1,5,8,10,11,12,13,16	eh whole lot of a a an bulk
POOL	15161	0.367917370	1,5,8,10,11,12,13,16	eh whole lot of a a as bulk
POOL	15162	0.367917370	1,5,8,10,11,12,13,16	eh whole lot of a a at bulk
POOL	15163	0.367914215	1,5,8,10,11,12,13,14,16	eh whole lot of a a a be belle
POOL	15164	0.367779676	1,5,8,10,11,12,13,14,16	eh whole lot of a a a be mal
POOL	15165	0.367747354	1,5,8,10,11,12,13,16	eh whole lot of a a but bol
POOL	15166	0.367709848	1,5,8,10,11,12,13,14,15,16	eh whole lot of a a a be a well
POOL	15167	0.367665370	1,5,8,10,11,12,13,14,16	eh whole lot of a a a been l
POOL	15168	0.367665370	1,5,8,10,11,12,13,14,16	eh whole lot of a a a but l
POOL	15169	0.367662831	1,5,8,10,11,12,13,14,16	eh whole lot of a a a been elle
POOL	15170	0.367662831	1,5,8,10,11,12,13,14,16	eh whole lot of a a a but elle
POOL	15171	0.367643803	1,5,8,10,11,12,13,16	eh whole lot of a a a baer
POOL	15172	0.367637880	1,5,8,10,11,12,13,16	eh whole lot of a a but beale
POOL	15173	0.367634278	1,5,8,10,11,12,13,14,16	eh whole lot of a a a be dell
POOL	15174	0.367626930	1,5,8,10,11,12,13,16	eh whole lot of a a but al
POOL	15175	0.367620056	1,5,8,10,11,12,13,14,16	eh whole lot of a a a be sal
POOL	15176	0.367603838	1,5,8,10,11,12,13,14,16	eh whole lot of a a a be null
POOL	15177	0.367601416	1,5,8,10,11,12,13,16	eh whole lot of a a an built
POOL	15178	0.367601416	1,5,8,10,11,12,13,16	eh whole lot of a a as built
POOL	15179	0.367601416	1,5,8,10,11,12,13,16	eh whole lot of a a at built
POOL	15180	0.367600718	1,5,8,10,11,12,13,16	eh whole lot of a a an -able
POOL	15181	0.367600718	1,5,8,10,11,12,13,16	eh whole lot of a a as -able
POOL	15182	0.367600718	1,5,8,10,11,12,13,16	eh whole lot of a a at -able
POOL	15183	0.367587149	1,5,8,10,11,12,13,14,16	eh whole lot of a a a be elf
POOL	15184	0.367583853	1,5,8,10,11,12,13,16	eh whole lot of a a an ben
POOL	15185	0.367583853	1,5,8,10,11,12,13,16	eh whole lot of a a as ben
POOL	15186	0.367583853	1,5,8,10,11,12,13,16	eh whole lot of a a at ben
POOL	15187	0.367577129	1,5,8,10,11,12,13,14,16	eh whole lot of a a a been air
POOL	15188	0.367577129	1,5,8,10,11,12,13,14,16	eh whole lot of a a a but air
POOL	15189	0.367575492	1,5,8,10,11,12,13,14,16	eh whole lot of a a a by el
POOL	15190	0.367573081	1,5,8,10,11,12,13,16	eh whole lot of a a a pal
POOL	15191	0.367558269	1,5,8,10,11,12,13,14,16	eh whole lot of a a a be ann
POOL	15192	0.367481907	1,5,8,10,11,12,13,16	eh whole lot of a a an ban
POOL	15193	0.367481907	1,5,8,10,11,12,13,16	eh whole lot of a a as ban
POOL	15194	0.367481907	1,5,8,10,11,12,13,16	eh whole lot of a a at ban
POOL	15195	0.367473699	1,5,8,10,11,12,13,14,16	eh whole lot of a a a be anne
POOL	15196	0.367448872	1,5,8,10,11,12,16	eh whole lot of a all model
POOL	15197	0.367441552	1,5,8,10,11,12,13,16	eh whole lot of a a an build
POOL	15198	0.367441552	1,5,8,10,11,12,13,16	eh whole lot of a a as build
POOL	15199	0.367441552	1,5,8,10,11,12,13,16	eh whole lot of a a at build
POOL	15200	0.367411320	1,5,8,10,11,12,13,14,16	eh whole lot of a a a be als
POOL	15201	0.367411184	1,5,8,10,11,12,13,16	eh whole lot of a a but dull
POOL	15202	0.367407082	1,5,8,10,11,12,13,14,15,16	eh whole lot of a a a be a e'er
POOL	15203	0.367393425	1,5,8,10,11,12,13,16	eh whole lot of a a are dill
POOL	15204	0.367384903	1,5,8,10,11,12,13,16	eh whole lot of a a but bar
POOL	15205	0.367365430	1,5,8,10,11,12,13,16	eh whole lot of a a all bull
POOL	15206	0.367361038	1,5,8,10,11,12,16	eh whole lot of a as apple
POOL	15207	0.367268803	1,5,8,10,11,12,13,16	eh whole lot of a a an bells
POOL	15208	0.367268803	1,5,8,10,11,12,13,16	eh whole lot of a a as bells
POOL	15209	0.367268803	1,5,8,10,11,12,13,16	eh whole lot of a a at bells
POOL	15210	0.367233663	1,5,8,10,11,12,13,14,16	eh whole lot of a a a be elk
POOL	15211	0.367210628	1,5,8,10,11,12,13,14,16	eh whole lot of a a a be r
POOL	15212	0.367199804	1,5,8,10,11,12,13,16	eh whole lot of a a but beal
POOL	15213	0.367193541	1,5,8,10,11,12,13,14,16	eh whole lot of a a a been ill
POOL	15214	0.367193541	1,5,8,10,11,12,13,14,16	eh whole lot of a a a but ill
POOL	15215	0.367164235	1,5,8,10,11,12,13,14,15,16	eh whole lot of a a a be a ore
POOL	15216	0.367160556	1,5,8,10,11,12,13,14,16	eh whole lot of a a a be dal
POOL	15217	0.367109814	1,5,8,10,11,12,13,14,16	eh whole lot of a a a by l
POOL	15218	0.367107275	1,5,8,10,11,12,13,14,16	eh whole lot of a a a by elle
POOL	15219	0.367103493	1,5,8,10,11,12,13,14,16	eh whole lot of a a a be feel
POOL	15220	0.367091587	1,5,8,10,11,12,13,16	eh whole lot of a a a bol
POOL	15221	0.367090120	1,5,8,10,11,12,13,14,16	eh whole lot of a a a be bel
POOL	15222	0.367075059	1,5,8,10,11,12,13,14,16	eh whole lot of a a a be halle
POOL	15223	0.367021573	1,5,8,10,11,12,13,14,16	eh whole lot of a a a by air
POOL	15224	0.366982112	1,5,8,10,11,12,13,16	eh whole lot of a a a beale
POOL	15225	0.366978910	1,5,8,10,11,12,13,14,16	eh whole lot of a a a be hill
POOL	15226	0.366977562	1,5,8,10,11,12,13,14,16	eh whole lot of a a a be uhh
POOL	15227	0.366971163	1,5,8,10,11,12,13,16	eh whole lot of a a a al
POOL	15228	0.366965528	1,5,8,10,11,12,13,14,16	eh whole lot of a a a be elm
POOL	15229	0.366935671	1,5,8,10,11,12,13,14,15,16	eh whole lot of a a a be a love
POOL	15230	0.366926219	1,5,8,10,11,12,13,16	eh whole lot of a a are bun
POOL	15231	0.366925837	1,5,8,10,11,12,13,14,16	eh whole lot of a a a be bal
POOL	15232	0.366903648	1,5,8,10,11,12,13,14,15,16	eh whole lot of a a a be a long
POOL	15233	0.366895741	1,5,8,10,11,12,13,14,15,16	eh whole lot of a a a be a look
POOL	15234	0.366875025	1,5,8,10,11,12,13,16	eh whole lot of a a but dell
POOL	15235	0.366874595	1,5,8,10,11,12,13,16	eh whole lot of a a an pill
POOL	15236	0.366874595	1,5,8,10,11,12,13,16	eh whole lot of a a as pill
POOL	15237	0.366874595	1,5,8,10,11,12,13,16	eh whole lot of a a at pill
POOL	15238	0.366871958	1,5,8,10,11,12,13,14,16	eh whole lot of a a a be alf
POOL	15239	0.366859013	1,5,8,10,11,12,13,14,15,16	eh whole lot of a a a be a yeah
POOL	15240	0.366828789	1,5,8,10,11,12,13,14,16	eh whole lot of a a a be real
POOL	15241	0.366823093	1,5,8,10,11,12,13,16	eh whole lot of a a but ball
POOL	15242	0.366820327	1,5,8,10,11,12,13,14,16	eh whole lot of a a a be lal
POOL	15243	0.366809849	1,5,8,10,11,12,13,14,16	eh whole lot of a a a be alp
POOL	15244	0.366784707	1,5,8,10,11,12,13,14,16	eh whole lot of a a a been ell
POOL	15245	0.366784707	1,5,8,10,11,12,13,14,16	eh whole lot of a a a but ell
POOL	15246	0.366779855	1,5,8,10,11,12,13,14,16	eh whole lot of a a a be kal
POOL	15247	0.366755417	1,5,8,10,11,12,13,16	eh whole lot of a a a dull
POOL	15248	0.366746632	1,5,8,10,11,12,13,16	eh whole lot of a a an pair
POOL	15249	0.366746632	1,5,8,10,11,12,13,16	eh whole lot of a a as pair
POOL	15250	0.366746632	1,5,8,10,11,12,13,16	eh whole lot of a a at pair
POOL	15251	0.366733330	1,5,8,10,11,12,13,16	eh whole lot of a a all beer
POOL	15252	0.366729136	1,5,8,10,11,12,13,16	eh whole lot of a a a bar
POOL	15253	0.366710742	1,5,8,10,11,12,13,14,15,16	eh whole lot of a a a be a heir
POOL	15254	0.366682412	1,5,8,10,11,12,13,16	eh whole lot of a a are doll
POOL	15255	0.366637985	1,5,8,10,11,12,13,14,16	eh whole lot of a a a by ill
POOL	15256	0.366607513	1,5,8,10,11,12,13,16	eh whole lot of a a an el
POOL	15257	0.366607513	1,5,8,10,11,12,13,16	eh whole lot of a a as el
POOL	15258	0.366607513	1,5,8,10,11,12,13,16	eh whole lot of a a at el
POOL	15259	0.366582112	1,5,8,10,11,12,13,16	eh whole lot of a a are bail
POOL	15260	0.366544037	1,5,8,10,11,12,13,16	eh whole lot of a a a beal
POOL	15261	0.366514453	1,5,8,10,11,12,13,14,16	eh whole lot of a a a be nell
POOL	15262	0.366490286	1,5,8,10,11,12,13,16	eh whole lot of a a an bulb
POOL	15263	0.366490286	1,5,8,10,11,12,13,16	eh whole lot of a a as bulb
POOL	15264	0.366490286	1,5,8,10,11,12,13,16	eh whole lot of a a at bulb
POOL	15265	0.366462126	1,5,8,10,11,12,13,14,16	eh whole lot of a a a be eh
POOL	15266	0.366460782	1,5,8,10,11,12,13,14,15,16	eh whole lot of a a a be a r
POOL	15267	0.366437281	1,5,8,10,11,12,13,14,16	eh whole lot of a a a be pell
POOL	15268	0.366369035	1,5,8,10,11,12,13,14,15,16	eh whole lot of a a a be a feel
POOL	15269	0.366361521	1,5,8,10,11,12,13,14,16	eh whole lot of a a a be fill
POOL	15270	0.366357269	1,5,8,10,11,12,13,14,16	eh whole lot of a a a be nel
POOL	15271	0.366289592	1,5,8,10,11,12,13,16	eh whole lot of a a but dal
POOL	15272	0.366282657	1,5,8,10,11,12,13,14,16	eh whole lot of a a a be uh
POOL	15273	0.366269261	1,5,8,10,11,12,16	eh whole lot of a as couple
POOL	15274	0.366241232	1,5,8,10,11,12,13,14,16	eh whole lot of a a a be lull
POOL	15275	0.366230398	1,5,8,10,11,12,13,14,16	eh whole lot of a a a be share
POOL	15276	0.366229151	1,5,8,10,11,12,13,14,16	eh whole lot of a a a by ell
POOL	15277	0.366219257	1,5,8,10,11,12,13,16	eh whole lot of a a a dell
POOL	15278	0.366167326	1,5,8,10,11,12,13,16	eh whole lot of a a a ball
POOL	15279	0.366131584	1,5,8,10,11,12,13,14,15,16	eh whole lot of a a a be a let
POOL	15280	0.366121802	1,5,8,10,11,12,13,14,15,16	eh whole lot of a a a be a real
POOL	15281	0.366117101	1,5,8,10,11,12,13,16	eh whole lot of a a are boil
POOL	15282	0.366087569	1,5,8,10,11,12,13,14,16	eh whole lot of a a a be gull
POOL	15283	0.366083626	1,5,8,10,11,12,13,16	eh whole lot of a a an l
POOL	15284	0.366083626	1,5,8,10,11,12,13,16	eh whole lot of a a as l
POOL	15285	0.366083626	1,5,8,10,11,12,13,16	eh whole lot of a a at l
POOL	15286	0.366080770	1,5,8,10,11,12,13,16	eh whole lot of a a an elle
POOL	15287	0.366080770	1,5,8,10,11,12,13,16	eh whole lot of a a as elle
POOL	15288	0.366080770	1,5,8,10,11,12,13,16	eh whole lot of a a at elle
POOL	15289	0.366033907	1,5,8,10,11,12,13,14,15,16	eh whole lot of a a a be a rue
POOL	15290	0.366033809	1,5,8,10,11,12,13,16	eh whole lot of a a an ill
POOL	15291	0.366033809	1,5,8,10,11,12,13,16	eh whole lot of a a as ill
POOL	15292	0.366033809	1,5,8,10,11,12,13,16	eh whole lot of a a at ill
POOL	15293	0.366031564	1,5,8,10,11,12,13,14,16	eh whole lot of a a a be cul
POOL	15294	0.366011523	1,5,8,10,11,12,13,14,16	eh whole lot of a a a be cull
POOL	15295	0.366007071	1,5,8,10,11,12,13,16	eh whole lot of a a all del
POOL	15296	0.365995236	1,5,8,10,11,12,13,16	eh whole lot of a a but belt
POOL	15297	0.365972781	1,5,8,10,11,12,13,14,16	eh whole lot of a a a be alb
POOL	15298	0.365969006	1,5,8,10,11,12,13,14,16	eh whole lot of a a a be mull
POOL	15299	0.365949718	1,5,8,10,11,12,13,14,16	eh whole lot of a a a be sel
POOL	15300	0.365940388	1,5,8,10,11,12,13,14,16	eh whole lot of a a a be els
POOL	15301	0.365938115	1,5,8,10,11,12,13,14,16	eh whole lot of a a a up il
POOL	15302	0.365913085	1,5,8,10,11,12,13,16	eh whole lot of a a are pear
POOL	15303	0.365882137	1,5,8,10,11,12,13,14,15,16	eh whole lot of a a a be a full
POOL	15304	0.365871852	1,5,8,10,11,12,13,16	eh whole lot of a a are dear
POOL	15305	0.365870203	1,5,8,10,11,12,13,16	eh whole lot of a a are benn
POOL	15306	0.365853809	1,5,8,10,11,12,13,14,16	eh whole lot of a a a be cel
POOL	15307	0.365845391	1,5,8,10,11,12,13,14,16	eh whole lot of a a a be sul
POOL	15308	0.365832959	1,5,8,10,11,12,13,14,16	eh whole lot of a a a be delle
POOL	15309	0.365821651	1,5,8,10,11,12,13,14,16	eh whole lot of a a a do il
POOL	15310	0.365798386	1,5,8,10,11,12,13,14,16	eh whole lot of a a a be gul
POOL	15311	0.365784338	1,5,8,10,11,12,13,14,15,16	eh whole lot of a a a be a tell
POOL	15312	0.365777790	1,5,8,10,11,12,13,14,16	eh whole lot of a a a up e'er
POOL	15313	0.365737581	1,5,8,10,11,12,13,14,15,16	eh whole lot of a a a be a call
POOL	15314	0.365726207	1,5,8,10,11,12,13,14,16	eh whole lot of a a a be fel
POOL	15315	0.365717232	1,5,8,10,11,12,13,14,15,16	eh whole lot of a a a be a err
POOL	15316	0.365671651	1,5,8,10,11,12,13,14,16	eh whole lot of a a a be kell
POOL	15317	0.365669045	1,5,8,10,11,12,13,14,16	eh whole lot of a a a be hair
POOL	15318	0.365661325	1,5,8,10,11,12,13,14,16	eh whole lot of a a a do e'er
POOL	15319	0.365644867	1,5,8,10,11,12,13,16	eh whole lot of a a but pell
POOL	15320	0.365633824	1,5,8,10,11,12,13,16	eh whole lot of a a a dal
POOL	15321	0.365630508	1,5,8,10,11,12,13,16	eh whole lot of a a all baer
POOL	15322	0.365611623	1,5,8,10,11,12,13,14,16	eh whole lot of a a a be arr
POOL	15323	0.365559787	1,5,8,10,11,12,13,16	eh whole lot of a a all pal
POOL	15324	0.365548696	1,5,8,10,11,12,13,16	eh whole lot of a a are bale
POOL	15325	0.365546649	1,5,8,10,11,12,13,14,16	eh whole lot of a a a be mill
POOL	15326	0.365531918	1,5,8,10,11,12,13,16	eh whole lot of a a are pearl
POOL	15327	0.365516577	1,5,8,10,11,12,13,14,16	eh whole lot of a a a be phil
POOL	15328	0.365515339	1,5,8,10,11,12,13,16	eh whole lot of a a an barr
POOL	15329	0.365515339	1,5,8,10,11,12,13,16	eh whole lot of a a as barr
POOL	15330	0.365515339	1,5,8,10,11,12,13,16	eh whole lot of a a at barr
POOL	15331	0.365498564	1,5,8,10,11,12,13,16	eh whole lot of a a are billed
POOL	15332	0.365492139	1,5,8,10,11,12,13,14,16	eh whole lot of a a a be knell
POOL	15333	0.365491455	1,5,8,10,11,12,13,14,15,16	eh whole lot of a a a be a orr
POOL	15334	0.365449782	1,5,8,10,11,12,13,14,16	eh whole lot of a a a be un
POOL	15335	0.365421569	1,5,8,10,11,12,13,14,16	eh whole lot of a a a be deal
POOL	15336	0.365407154	1,5,8,10,11,12,13,16	eh whole lot of a a are peel
POOL	15337	0.365388626	1,5,8,10,11,12,13,14,15,16	eh whole lot of a a a be a y'are
POOL	15338	0.365379079	1,5,8,10,11,12,13,14,16	eh whole lot of a a a be ulm
POOL	15339	0.365339469	1,5,8,10,11,12,13,16	eh whole lot of a a a belt
POOL	15340	0.365325582	1,5,8,10,11,12,13,14,16	eh whole lot of a a a be ulf
POOL	15341	0.365325206	1,5,8,10,11,12,13,16	eh whole lot of a a are boyle
POOL	15342	0.365293496	1,5,8,10,11,12,13,16	eh whole lot of a a an bills
POOL	15343	0.365293496	1,5,8,10,11,12,13,16	eh whole lot of a a as bills
POOL	15344	0.365293496	1,5,8,10,11,12,13,16	eh whole lot of a a at bills
POOL	15345	0.365262980	1,5,8,10,11,12,13,14,15,16	eh whole lot of a a a be a ere
POOL	15346	0.365255161	1,5,8,10,11,12,13,14,16	eh whole lot of a a a be fair
POOL	15347	0.365246656	1,5,8,10,11,12,13,14,15,16	eh whole lot of a a a be a eyre
POOL	15348	0.365186329	1,5,8,10,11,12,13,14,15,16	eh whole lot of a a a be a roo
POOL	15349	0.365182251	1,5,8,10,11,12,13,16	eh whole lot of a a an pull
POOL	15350	0.365182251	1,5,8,10,11,12,13,16	eh whole lot of a a as pull
POOL	15351	0.365182251	1,5,8,10,11,12,13,16	eh whole lot of a a at pull
POOL	15352	0.365164656	1,5,8,10,11,12,13,16	eh whole lot of a a are bears
POOL	15353	0.365157579	1,5,8,10,11,12,13,14,16	eh whole lot of a a a be en
POOL	15354	0.365145888	1,5,8,10,11,12,13,14,16	eh whole lot of a a a be ar
POOL	15355	0.365114557	1,5,8,10,11,12,13,14,15,16	eh whole lot of a a a be a rah
POOL	15356	0.365112252	1,5,8,10,11,12,13,14,15,16	eh whole lot of a a a be a else
POOL	15357	0.365110211	1,5,8,10,11,12,13,16	eh whole lot of a a but bulk
POOL	15358	0.365109650	1,5,8,10,11,12,13,14,15,16	eh whole lot of a a a be a girl
POOL	15359	0.365092880	1,5,8,10,11,12,13,16	eh whole lot of a a an ell
POOL	15360	0.365092880	1,5,8,10,11,12,13,16	eh whole lot of a a as ell
POOL	15361	0.365092880	1,5,8,10,11,12,13,16	eh whole lot of a a at ell
POOL	15362	0.365078293	1,5,8,10,11,12,13,16	eh whole lot of a a all bol
POOL	15363	0.365027255	1,5,8,10,11,12,13,14,15,16	eh whole lot of a a a be a roux
POOL	15364	0.365021677	1,5,8,10,11,12,13,14,15,16	eh whole lot of a a a be a arr
POOL	15365	0.365007714	1,5,8,10,11,12,13,16	eh whole lot of a a are bin
POOL	15366	0.365004078	1,5,8,10,11,12,13,14,16	eh whole lot of a a a up heir
POOL	15367	0.364989099	1,5,8,10,11,12,13,16	eh whole lot of a a a pell
POOL	15368	0.364982413	1,5,8,10,11,12,13,16	eh whole lot of a a are blew
POOL	15369	0.364973800	1,5,8,10,11,12,13,14,16	eh whole lot of a a a be wear
POOL	15370	0.364968818	1,5,8,10,11,12,13,16	eh whole lot of a a all beale
POOL	15371	0.364930265	1,5,8,10,11,12,13,14,15,16	eh whole lot of a a a be a leave
POOL	15372	0.364913717	1,5,8,10,11,12,13,16	eh whole lot of a a are val
POOL	15373	0.364912257	1,5,8,10,11,12,13,14,16	eh whole lot of a a a be aar
POOL	15374	0.364909473	1,5,8,10,11,12,13,14,15,16	eh whole lot of a a a be a 'low
POOL	15375	0.364887614	1,5,8,10,11,12,13,14,16	eh whole lot of a a a do heir
POOL	15376	0.364855304	1,5,8,10,11,12,13,14,15,16	eh whole lot of a a a be a deal
POOL	15377	0.364833510	1,5,8,10,11,12,13,16	eh whole lot of a a are bile
POOL	15378	0.364819457	1,5,8,10,11,12,13,14,15,16	eh whole lot of a a a be a oar
POOL	15379	0.364793559	1,5,8,10,11,12,13,16	eh whole lot of a a but -able
POOL	15380	0.364775463	1,5,8,10,11,12,13,14,16	eh whole lot of a a a be n
POOL	15381	0.364769976	1,5,8,10,11,12,13,14,16	eh whole lot of a a a be lee
POOL	15382	0.364742123	1,5,8,10,11,12,13,16	eh whole lot of a a all dull
POOL	15383	0.364739808	1,5,8,10,11,12,16	eh whole lot of a a double
POOL	15384	0.364723406	1,5,8,10,11,12,13,16	eh whole lot of a a are e'er
POOL	15385	0.364678754	1,5,8,10,11,12,13,16	eh whole lot of a a a deal
POOL	15386	0.364674748	1,5,8,10,11,12,13,16	eh whole lot of a a but ban
POOL	15387	0.364669289	1,5,8,10,11,12,13,14,15,16	eh whole lot of a a a be a ree
POOL	15388	0.364623652	1,5,8,10,11,12,13,14,16	eh whole lot of a a a be 'til
POOL	15389	0.364622714	1,5,8,10,11,12,13,14,16	eh whole lot of a a a be ahn
POOL	15390	0.364607573	1,5,8,10,11,12,13,14,16	eh whole lot of a a a be pill
POOL	15391	0.364603514	1,5,8,10,11,12,13,16	eh whole lot of a a are il
POOL	15392	0.364602516	1,5,8,10,11,12,13,14,15,16	eh whole lot of a a a be a ar
POOL	15393	0.364567469	1,5,8,10,11,12,13,14,15,16	eh whole lot of a a a be a aer
POOL	15394	0.364553492	1,5,8,10,11,12,16	eh whole lot of a her appeal
POOL	15395	0.364547087	1,5,8,10,11,12,16	eh whole lot of a an model
POOL	15396	0.364530742	1,5,8,10,11,12,13,16	eh whole lot of a a all beal
POOL	15397	0.364520742	1,5,8,10,11,12,13,16	eh whole lot of a a an dill
POOL	15398	0.364520742	1,5,8,10,11,12,13,16	eh whole lot of a a as dill
POOL	15399	0.364520742	1,5,8,10,11,12,13,16	eh whole lot of a a at dill
POOL	15400	0.364462970	1,5,8,10,11,12,13,14,16	eh whole lot of a a a be owl
POOL	15401	0.364461643	1,5,8,10,11,12,13,16	eh whole lot of a a but bells
POOL	15402	0.364454443	1,5,8,10,11,12,13,16	eh whole lot of a a a bulk
POOL	15403	0.364399906	1,5,8,10,11,12,13,14,16	eh whole lot of a a a be rare
POOL	15404	0.364393501	1,5,8,10,11,12,13,14,15,16	eh whole lot of a a a be a lead
POOL	15405	0.364392248	1,5,8,10,11,12,13,14,15,16	eh whole lot of a a a be a aar
POOL	15406	0.364377892	1,5,8,10,11,12,13,14,16	eh whole lot of a a a be isle
POOL	15407	0.364350993	1,5,8,10,11,12,13,16	eh whole lot of a a are dahl
POOL	15408	0.364332763	1,5,8,10,11,12,13,16	eh whole lot of a a are blah
POOL	15409	0.364274285	1,5,8,10,11,12,13,16	eh whole lot of a a are brill
POOL	15410	0.364256260	1,5,8,10,11,12,13,14,16	eh whole lot of a a a be lil
POOL	15411	0.364244079	1,5,8,10,11,12,13,14,15,16	eh whole lot of a a a be a learn
POOL	15412	0.364226930	1,5,8,10,11,12,13,14,16	eh whole lot of a a a be pair
POOL	15413	0.364205963	1,5,8,10,11,12,13,16	eh whole lot of a a all dell
POOL	15414	0.364203784	1,5,8,10,11,12,13,14,16	eh whole lot of a a a be bear
POOL	15415	0.364180093	1,5,8,10,11,12,13,14,15,16	eh whole lot of a a a be a bill
POOL	15416	0.364174268	1,5,8,10,11,12,13,14,15,16	eh whole lot of a a a be a cool
POOL	15417	0.364153001	1,5,8,10,11,12,13,16	eh whole lot of a a are blair
POOL	15418	0.364145083	1,5,8,10,11,12,13,14,15,16	eh whole lot of a a a be a ra
POOL	15419	0.364141496	1,5,8,10,11,12,13,14,16	eh whole lot of a a a be la
POOL	15420	0.364138490	1,5,8,10,11,12,13,16	eh whole lot of a a a built
POOL	15421	0.364137792	1,5,8,10,11,12,13,16	eh whole lot of a a a -able
POOL	15422	0.364133975	1,5,8,10,11,12,13,14,16	eh whole lot of a a a be aisle
POOL	15423	0.364120926	1,5,8,10,11,12,13,16	eh whole lot of a a a ben
POOL	15424	0.364103182	1,5,8,10,11,12,13,14,15,16	eh whole lot of a a a be a blue
POOL	15425	0.364090714	1,5,8,10,11,12,13,14,15,16	eh whole lot of a a a be a fall
POOL	15426	0.364078341	1,5,8,10,11,12,13,14,15,16	eh whole lot of a a a be a league
POOL	15427	0.364067436	1,5,8,10,11,12,13,16	eh whole lot of a a but pill
POOL	15428	0.364061970	1,5,8,10,11,12,13,16	eh whole lot of a a are pall
POOL	15429	0.364055403	1,5,8,10,11,12,13,16	eh whole lot of a a a tell
POOL	15430	0.364053536	1,5,8,10,11,12,13,16	eh whole lot of a a an bun
POOL	15431	0.364053536	1,5,8,10,11,12,13,16	eh whole lot of a a as bun
POOL	15432	0.364053536	1,5,8,10,11,12,13,16	eh whole lot of a a at bun
POOL	15433	0.364018981	1,5,8,10,11,12,13,16	eh whole lot of a a a ban
POOL	15434	0.363995599	1,5,8,10,11,12,13,14,15,16	eh whole lot of a a a be a led
POOL	15435	0.363978626	1,5,8,10,11,12,13,16	eh whole lot of a a a build
POOL	15436	0.363957040	1,5,8,10,11,12,13,14,15,16	eh whole lot of a a a be a hell
POOL	15437	0.363945651	1,5,8,10,11,12,13,14,15,16	eh whole lot of a a a be a oil
POOL	15438	0.363936212	1,5,8,10,11,12,13,14,16	eh whole lot of a a a be mil
POOL	15439	0.363910723	1,5,8,10,11,12,13,14,15,16	eh whole lot of a a a be a kill
POOL	15440	0.363900179	1,5,8,10,11,12,13,14,16	eh whole lot of a a a up err
POOL	15441	0.363864502	1,5,8,10,11,12,13,14,15,16	eh whole lot of a a a be a lose
POOL	15442	0.363864409	1,5,8,10,11,12,13,16	eh whole lot of a a are dol
POOL	15443	0.363852981	1,5,8,10,11,12,13,16	eh whole lot of a a are heir
POOL	15444	0.363816077	1,5,8,10,11,12,13,14,15,16	eh whole lot of a a a be a loss
POOL	15445	0.363810388	1,5,8,10,11,12,13,14,16	eh whole lot of a a a be ale
POOL	15446	0.363809729	1,5,8,10,11,12,13,16	eh whole lot of a a an doll
POOL	15447	0.363809729	1,5,8,10,11,12,13,16	eh whole lot of a a as doll
POOL	15448	0.363809729	1,5,8,10,11,12,13,16	eh whole lot of a a at doll
POOL	15449	0.363806468	1,5,8,10,11,12,13,16	eh whole lot of a a are peer
POOL	15450	0.363805876	1,5,8,10,11,12,13,16	eh whole lot of a a a bells
POOL	15451	0.363800354	1,5,8,10,11,12,13,16	eh whole lot of a a but el
POOL	15452	0.363783715	1,5,8,10,11,12,13,14,16	eh whole lot of a a a do err
POOL	15453	0.363749391	1,5,8,10,11,12,13,16	eh whole lot of a a are tel
POOL	15454	0.363733308	1,5,8,10,11,12,13,14,15,16	eh whole lot of a a a be a lol
POOL	15455	0.363710265	1,5,8,10,11,12,13,14,15,16	eh whole lot of a a a be a ball
POOL	15456	0.363709429	1,5,8,10,11,12,13,16	eh whole lot of a a an bail
POOL	15457	0.363709429	1,5,8,10,11,12,13,16	eh whole lot of a a as bail
POOL	15458	0.363709429	1,5,8,10,11,12,13,16	eh whole lot of a a at bail
POOL	15459	0.363690298	1,5,8,10,11,12,13,14,16	eh whole lot of a a a be gill
POOL	15460	0.363683127	1,5,8,10,11,12,13,16	eh whole lot of a a but bulb
POOL	15461	0.363680046	1,5,8,10,11,12,13,14,15,16	eh whole lot of a a a be a wall
POOL	15462	0.363650384	1,5,8,10,11,12,13,14,15,16	eh whole lot of a a a be a paul
POOL	15463	0.363642498	1,5,8,10,11,12,13,16	eh whole lot of a a are deer
POOL	15464	0.363620530	1,5,8,10,11,12,13,16	eh whole lot of a a all dal
POOL	15465	0.363596585	1,5,8,10,11,12,13,14,16	eh whole lot of a a a up earl
POOL	15466	0.363592815	1,5,8,10,11,12,13,14,15,16	eh whole lot of a a a be a ri
POOL	15467	0.363586588	1,5,8,10,11,12,13,14,15,16	eh whole lot of a a a be a y'all
POOL	15468	0.363515030	1,5,8,10,11,12,13,14,16	eh whole lot of a a a be gil
POOL	15469	0.363495588	1,5,8,10,11,12,13,16	eh whole lot of a a are blur
POOL	15470	0.363480121	1,5,8,10,11,12,13,14,16	eh whole lot of a a a do earl
POOL	15471	0.363463309	1,5,8,10,11,12,13,14,15,16	eh whole lot of a a a be a sell
POOL	15472	0.363411669	1,5,8,10,11,12,13,16	eh whole lot of a a a pill
POOL	15473	0.363395454	1,5,8,10,11,12,13,14,16	eh whole lot of a a a up ere
POOL	15474	0.363377317	1,5,8,10,11,12,13,14,16	eh whole lot of a a a up eyre
POOL	15475	0.363368671	1,5,8,10,11,12,13,14,16	eh whole lot of a a a been il
POOL	15476	0.363368671	1,5,8,10,11,12,13,14,16	eh whole lot of a a a but il
POOL	15477	0.363313516	1,5,8,10,11,12,13,14,15,16	eh whole lot of a a a be a rule
POOL	15478	0.363303492	1,5,8,10,11,12,16	eh whole lot of a all appeal
POOL	15479	0.363302679	1,5,8,10,11,12,13,16	eh whole lot of a a a air
POOL	15480	0.363283705	1,5,8,10,11,12,13,16	eh whole lot of a a a pair
POOL	15481	0.363278990	1,5,8,10,11,12,13,14,16	eh whole lot of a a a do ere
POOL	15482	0.363276467	1,5,8,10,11,12,13,16	eh whole lot of a a but l
POOL	15483	0.363273611	1,5,8,10,11,12,13,16	eh whole lot of a a but elle
POOL	15484	0.363263228	1,5,8,10,11,12,13,14,15,16	eh whole lot of a a a be a lack
POOL	15485	0.363260852	1,5,8,10,11,12,13,14,16	eh whole lot of a a a do eyre
POOL	15486	0.363244418	1,5,8,10,11,12,13,16	eh whole lot of a a an boil
POOL	15487	0.363244418	1,5,8,10,11,12,13,16	eh whole lot of a a as boil
POOL	15488	0.363244418	1,5,8,10,11,12,13,16	eh whole lot of a a at boil
POOL	15489	0.363217668	1,5,8,10,11,12,13,14,15,16	eh whole lot of a a a be a luck
POOL	15490	0.363208345	1,5,8,10,11,12,13,14,16	eh whole lot of a a a been e'er
POOL	15491	0.363208345	1,5,8,10,11,12,13,14,16	eh whole lot of a a a but e'er
POOL	15492	0.363144586	1,5,8,10,11,12,13,16	eh whole lot of a a a el
POOL	15493	0.363136335	1,5,8,10,11,12,13,14,15,16	eh whole lot of a a a be a laws
POOL	15494	0.363110809	1,5,8,10,11,12,13,14,15,16	eh whole lot of a a a be a ru
POOL	15495	0.363082343	1,5,8,10,11,12,13,14,15,16	eh whole lot of a a a be a cell
POOL	15496	0.363072785	1,5,8,10,11,12,13,14,15,16	eh whole lot of a a a be a hall
POOL	15497	0.363068500	1,5,8,10,11,12,13,16	eh whole lot of a a are bee
POOL	15498	0.363050882	1,5,8,10,11,12,13,14,16	eh whole lot of a a a be tear
POOL	15499	0.363047986	1,5,8,10,11,12,13,14,16	eh whole lot of a a a be nil
POOL	15500	0.363040402	1,5,8,10,11,12,13,16	eh whole lot of a a an pear
POOL	15501	0.363040402	1,5,8,10,11,12,13,16	eh whole lot of a a as pear
POOL	15502	0.363040402	1,5,8,10,11,12,13,16	eh whole lot of a a at pear
POOL	15503	0.363038126	1,5,8,10,11,12,13,16	eh whole lot of a a are herbal
POOL	15504	0.363033296	1,5,8,10,11,12,13,14,16	eh whole lot of a a a be fil
POOL	15505	0.363027359	1,5,8,10,11,12,13,16	eh whole lot of a a a bulb
POOL	15506	0.363005310	1,5,8,10,11,12,13,14,15,16	eh whole lot of a a a be a fell
POOL	15507	0.362997520	1,5,8,10,11,12,13,16	eh whole lot of a a an benn
POOL	15508	0.362997520	1,5,8,10,11,12,13,16	eh whole lot of a a as benn
POOL	15509	0.362997520	1,5,8,10,11,12,13,16	eh whole lot of a a at benn
POOL	15510	0.362975805	1,5,8,10,11,12,13,16	eh whole lot of a a all pell
POOL	15511	0.362956157	1,5,8,10,11,12,13,14,15,16	eh whole lot of a a a be a lie
POOL	15512	0.362946711	1,5,8,10,11,12,13,16	eh whole lot of a a are pier
POOL	15513	0.362940070	1,5,8,10,11,12,13,14,16	eh whole lot of a a a be wil
POOL	15514	0.362888725	1,5,8,10,11,12,13,14,15,16	eh whole lot of a a a be a hill
POOL	15515	0.362880898	1,5,8,10,11,12,13,14,15,16	eh whole lot of a a a be a pull
POOL	15516	0.362813115	1,5,8,10,11,12,13,14,16	eh whole lot of a a a by il
POOL	15517	0.362708180	1,5,8,10,11,12,13,16	eh whole lot of a a but barr
POOL	15518	0.362687430	1,5,8,10,11,12,13,16	eh whole lot of a a are mel
POOL	15519	0.362676013	1,5,8,10,11,12,13,16	eh whole lot of a a an bale
POOL	15520	0.362676013	1,5,8,10,11,12,13,16	eh whole lot of a a as bale
POOL	15521	0.362676013	1,5,8,10,11,12,13,16	eh whole lot of a a at bale
POOL	15522	0.362663909	1,5,8,10,11,12,13,14,16	eh whole lot of a a a up ahl
POOL	15523	0.362663486	1,5,8,10,11,12,13,16	eh whole lot of a a are perl
POOL	15524	0.362659894	1,5,8,10,11,12,13,14,16	eh whole lot of a a a be ville
POOL	15525	0.362659235	1,5,8,10,11,12,13,16	eh whole lot of a a an pearl
POOL	15526	0.362659235	1,5,8,10,11,12,13,16	eh whole lot of a a as pearl
POOL	15527	0.362659235	1,5,8,10,11,12,13,16	eh whole lot of a a at pearl
POOL	15528	0.362652790	1,5,8,10,11,12,13,14,16	eh whole lot of a a a by e'er
POOL	15529	0.362625881	1,5,8,10,11,12,13,16	eh whole lot of a a an billed
POOL	15530	0.362625881	1,5,8,10,11,12,13,16	eh whole lot of a a as billed
POOL	15531	0.362625881	1,5,8,10,11,12,13,16	eh whole lot of a a at billed
POOL	15532	0.362622664	1,5,8,10,11,12,13,14,16	eh whole lot of a a a up aer
POOL	15533	0.362620699	1,5,8,10,11,12,13,16	eh whole lot of a a a l
POOL	15534	0.362618783	1,5,8,10,11,12,13,14,16	eh whole lot of a a a be dill
POOL	15535	0.362617843	1,5,8,10,11,12,13,16	eh whole lot of a a a elle
POOL	15536	0.362611094	1,5,8,10,11,12,13,16	eh whole lot of a a are err
POOL	15537	0.362601522	1,5,8,10,11,12,13,14,16	eh whole lot of a a a be bare
POOL	15538	0.362570883	1,5,8,10,11,12,13,16	eh whole lot of a a a ill
POOL	15539	0.362567482	1,5,8,10,11,12,13,16	eh whole lot of a a a blue
POOL	15540	0.362548045	1,5,8,10,11,12,13,16	eh whole lot of a a are baird
POOL	15541	0.362547445	1,5,8,10,11,12,13,14,16	eh whole lot of a a a do ahl
POOL	15542	0.362534471	1,5,8,10,11,12,13,16	eh whole lot of a a an peel
POOL	15543	0.362534471	1,5,8,10,11,12,13,16	eh whole lot of a a as peel
POOL	15544	0.362534471	1,5,8,10,11,12,13,16	eh whole lot of a a at peel
POOL	15545	0.362526548	1,5,8,10,11,12,13,14,16	eh whole lot of a a a be inn
POOL	15546	0.362506200	1,5,8,10,11,12,13,14,16	eh whole lot of a a a do aer
POOL	15547	0.362494014	1,5,8,10,11,12,13,14,16	eh whole lot of a a a be lou
POOL	15548	0.362469909	1,5,8,10,11,12,13,16	eh whole lot of a a are mal
POOL	15549	0.362452523	1,5,8,10,11,12,13,16	eh whole lot of a a an boyle
POOL	15550	0.362452523	1,5,8,10,11,12,13,16	eh whole lot of a a as boyle
POOL	15551	0.362452523	1,5,8,10,11,12,13,16	eh whole lot of a a at boyle
POOL	15552	0.362434634	1,5,8,10,11,12,13,14,16	eh whole lot of a a a been heir
POOL	15553	0.362434634	1,5,8,10,11,12,13,14,16	eh whole lot of a a a but heir
POOL	15554	0.362416884	1,5,8,10,11,12,13,14,16	eh whole lot of a a a be ills
POOL	15555	0.362415223	1,5,8,10,11,12,13,14,15,16	eh whole lot of a a a be a pool
POOL	15556	0.362390239	1,5,8,10,11,12,13,14,16	eh whole lot of a a a be sill
POOL	15557	0.362383864	1,5,8,10,11,12,13,14,15,16	eh whole lot of a a a be a laugh
POOL	15558	0.362383387	1,5,8,10,11,12,13,14,15,16	eh whole lot of a a a be a leg
POOL	15559	0.362369547	1,5,8,10,11,12,13,14,16	eh whole lot of a a a be sil
POOL	15560	0.362355592	1,5,8,10,11,12,13,14,16	eh whole lot of a a a be lille
POOL	15561	0.362355325	1,5,8,10,11,12,13,14,16	eh whole lot of a a a be ile
POOL	15562	0.362333076	1,5,8,10,11,12,13,14,15,16	eh whole lot of a a a be a fill
POOL	15563	0.362328561	1,5,8,10,11,12,13,14,15,16	eh whole lot of a a a be a l.'s
POOL	15564	0.362327992	1,5,8,10,11,12,13,14,15,16	eh whole lot of a a a be a lay
POOL	15565	0.362285721	1,5,8,10,11,12,13,16	eh whole lot of a a but ell
POOL	15566	0.362254216	1,5,8,10,11,12,13,16	eh whole lot of a a are b
POOL	15567	0.362231295	1,5,8,10,11,12,13,14,16	eh whole lot of a a a up eel
POOL	15568	0.362222895	1,5,8,10,11,12,13,14,16	eh whole lot of a a a be ilk
POOL	15569	0.362188827	1,5,8,10,11,12,13,14,15,16	eh whole lot of a a a be a bell
POOL	15570	0.362153940	1,5,8,10,11,12,13,14,15,16	eh whole lot of a a a be a ya
POOL	15571	0.362124498	1,5,8,10,11,12,13,16	eh whole lot of a a all -able
POOL	15572	0.362114831	1,5,8,10,11,12,13,14,16	eh whole lot of a a a do eel
POOL	15573	0.362081595	1,5,8,10,11,12,13,14,15,16	eh whole lot of a a a be a tool
POOL	15574	0.362065147	1,5,8,10,11,12,13,16	eh whole lot of a a are bleu
POOL	15575	0.362059508	1,5,8,10,11,12,13,14,16	eh whole lot of a a a be leigh
POOL	15576	0.362052413	1,5,8,10,11,12,13,16	eh whole lot of a a a barr
POOL	15577	0.362043279	1,5,8,10,11,12,13,16	eh whole lot of a a are ere
POOL	15578	0.362041034	1,5,8,10,11,12,13,16	eh whole lot of a a an val
POOL	15579	0.362041034	1,5,8,10,11,12,13,16	eh whole lot of a a as val
POOL	15580	0.362041034	1,5,8,10,11,12,13,16	eh whole lot of a a at val
POOL	15581	0.362022874	1,5,8,10,11,12,13,16	eh whole lot of a a are eyre
POOL	15582	0.362016533	1,5,8,10,11,12,13,14,16	eh whole lot of a a a be mille
POOL	15583	0.362001421	1,5,8,10,11,12,13,14,16	eh whole lot of a a a be fare
POOL	15584	0.361987167	1,5,8,10,11,12,13,14,16	eh whole lot of a a a be bil
POOL	15585	0.361968098	1,5,8,10,11,12,13,14,15,16	eh whole lot of a a a be a tall
POOL	15586	0.361960827	1,5,8,10,11,12,13,16	eh whole lot of a a an bile
POOL	15587	0.361960827	1,5,8,10,11,12,13,16	eh whole lot of a a as bile
POOL	15588	0.361960827	1,5,8,10,11,12,13,16	eh whole lot of a a at bile
POOL	15589	0.361951945	1,5,8,10,11,12,13,14,15,16	eh whole lot of a a a be a lock
POOL	15590	0.361939922	1,5,8,10,11,12,13,14,16	eh whole lot of a a a be pil
POOL	15591	0.361911187	1,5,8,10,11,12,13,14,15,16	eh whole lot of a a a be a wheel
POOL	15592	0.361879078	1,5,8,10,11,12,13,14,16	eh whole lot of a a a by heir
POOL	15593	0.361874567	1,5,8,10,11,12,13,14,15,16	eh whole lot of a a a be a meal
POOL	15594	0.361830569	1,5,8,10,11,12,13,16	eh whole lot of a a a bills
POOL	15595	0.361814767	1,5,8,10,11,12,13,14,15,16	eh whole lot of a a a be a loose
POOL	15596	0.361800022	1,5,8,10,11,12,13,14,16	eh whole lot of a a a be shill
POOL	15597	0.361798960	1,5,8,10,11,12,13,14,16	eh whole lot of a a a be aired
POOL	15598	0.361786175	1,5,8,10,11,12,13,14,15,16	eh whole lot of a a a be a luke
POOL	15599	0.361743599	1,5,8,10,11,12,13,14,16	eh whole lot of a a a be ne'er
POOL	15600	0.361730831	1,5,8,10,11,12,13,16	eh whole lot of a a an il
POOL	15601	0.361730831	1,5,8,10,11,12,13,16	eh whole lot of a a as il
POOL	15602	0.361730831	1,5,8,10,11,12,13,16	eh whole lot of a a at il
POOL	15603	0.361719325	1,5,8,10,11,12,13,16	eh whole lot of a a a pull
POOL	15604	0.361713583	1,5,8,10,11,12,13,16	eh whole lot of a a but dill
POOL	15605	0.361704264	1,5,8,10,11,12,13,14,15,16	eh whole lot of a a a be a lab
POOL	15606	0.361669565	1,5,8,10,11,12,13,14,15,16	eh whole lot of a a a be a vol
POOL	15607	0.361651635	1,5,8,10,11,12,13,14,16	eh whole lot of a a a be lea
POOL	15608	0.361629954	1,5,8,10,11,12,13,16	eh whole lot of a a a ell
POOL	15609	0.361614135	1,5,8,10,11,12,13,14,15,16	eh whole lot of a a a be a shell
POOL	15610	0.361599691	1,5,8,10,11,12,13,14,15,16	eh whole lot of a a a be a mill
POOL	15611	0.361582941	1,5,8,10,11,12,13,14,16	eh whole lot of a a a be le
POOL	15612	0.361575515	1,5,8,10,11,12,13,14,15,16	eh whole lot of a a a be a log
POOL	15613	0.361572627	1,5,8,10,11,12,13,14,15,16	eh whole lot of a a a be a phil
POOL	15614	0.361541273	1,5,8,10,11,12,13,14,15,16	eh whole lot of a a a be a yah
POOL	15615	0.361508418	1,5,8,10,11,12,13,14,15,16	eh whole lot of a a a be a bull
POOL	15616	0.361478310	1,5,8,10,11,12,13,16	eh whole lot of a a an dahl
POOL	15617	0.361478310	1,5,8,10,11,12,13,16	eh whole lot of a a as dahl
POOL	15618	0.361478310	1,5,8,10,11,12,13,16	eh whole lot of a a at dahl
POOL	15619	0.361456308	1,5,8,10,11,12,13,14,15,16	eh whole lot of a a a be a del
POOL	15620	0.361422724	1,5,8,10,11,12,13,14,15,16	eh whole lot of a a a be a yoo
POOL	15621	0.361401602	1,5,8,10,11,12,13,16	eh whole lot of a a an brill
POOL	15622	0.361401602	1,5,8,10,11,12,13,16	eh whole lot of a a as brill
POOL	15623	0.361401602	1,5,8,10,11,12,13,16	eh whole lot of a a at brill
POOL	15624	0.361395978	1,5,8,10,11,12,13,14,15,16	eh whole lot of a a a be a seal
POOL	15625	0.361392110	1,5,8,10,11,12,13,14,16	eh whole lot of a a a be lieu
POOL	15626	0.361380281	1,5,8,10,11,12,13,14,15,16	eh whole lot of a a a be a fool
POOL	15627	0.361375679	1,5,8,10,11,12,13,14,15,16	eh whole lot of a a a be a loop
POOL	15628	0.361375423	1,5,8,10,11,12,13,14,15,16	eh whole lot of a a a be a mall
POOL	15629	0.361366717	1,5,8,10,11,12,13,16	eh whole lot of a a are bah
POOL	15630	0.361355996	1,5,8,10,11,12,13,14,16	eh whole lot of a a a be hare
POOL	15631	0.361354624	1,5,8,10,11,12,13,14,15,16	eh whole lot of a a a be a las
POOL	15632	0.361330734	1,5,8,10,11,12,13,14,16	eh whole lot of a a a been err
POOL	15633	0.361330734	1,5,8,10,11,12,13,14,16	eh whole lot of a a a but err
POOL	15634	0.361300380	1,5,8,10,11,12,13,16	eh whole lot of a a are ahl
POOL	15635	0.361217265	1,5,8,10,11,12,13,14,16	eh whole lot of a a a be mare
POOL	15636	0.361204271	1,5,8,10,11,12,13,14,15,16	eh whole lot of a a a be a yer
POOL	15637	0.361201832	1,5,8,10,11,12,13,14,15,16	eh whole lot of a a a be a leaf
POOL	15638	0.361198872	1,5,8,10,11,12,16	eh whole lot of a for model
POOL	15639	0.361189287	1,5,8,10,11,12,13,16	eh whole lot of a a an pall
POOL	15640	0.361189287	1,5,8,10,11,12,13,16	eh whole lot of a a as pall
POOL	15641	0.361189287	1,5,8,10,11,12,13,16	eh whole lot of a a at pall
POOL	15642	0.361163491	1,5,8,10,11,12,13,16	eh whole lot of a a are bea
POOL	15643	0.361161658	1,5,8,10,11,12,16	eh whole lot of a a bubble
POOL	15644	0.361156918	1,5,8,10,11,12,13,14,16	eh whole lot of a a a up earle
POOL	15645	0.361128320	1,5,8,10,11,12,13,14,15,16	eh whole lot of a a a be a yeh
POOL	15646	0.361127706	1,5,8,10,11,12,13,14,15,16	eh whole lot of a a a be a lit
POOL	15647	0.361114818	1,5,8,10,11,12,13,14,15,16	eh whole lot of a a a be a mm
POOL	15648	0.361107911	1,5,8,10,11,12,13,14,15,16	eh whole lot of a a a be a clue
POOL	15649	0.361100793	1,5,8,10,11,12,13,14,15,16	eh whole lot of a a a be a lap
POOL	15650	0.361098572	1,5,8,10,11,12,13,14,16	eh whole lot of a a a be ware
POOL	15651	0.361084688	1,5,8,10,11,12,13,14,16	eh whole lot of a a a be loo
POOL	15652	0.361077077	1,5,8,10,11,12,13,14,15,16	eh whole lot of a a a be a lease
POOL	15653	0.361059989	1,5,8,10,11,12,13,14,15,16	eh whole lot of a a a be a flew
POOL	15654	0.361057816	1,5,8,10,11,12,13,16	eh whole lot of a a a dill
POOL	15655	0.361056544	1,5,8,10,11,12,13,14,15,16	eh whole lot of a a a be a yee
POOL	15656	0.361052452	1,5,8,10,11,12,13,14,15,16	eh whole lot of a a a be a neil
POOL	15657	0.361042957	1,5,8,10,11,12,13,14,15,16	eh whole lot of a a a be a all
POOL	15658	0.361040454	1,5,8,10,11,12,13,14,16	eh whole lot of a a a do earle
POOL	15659	0.361031723	1,5,8,10,11,12,13,14,16	eh whole lot of a a a be airs
POOL	15660	0.361030537	1,5,8,10,11,12,13,14,15,16	eh whole lot of a a a be a u
POOL	15661	0.361024164	1,5,8,10,11,12,13,14,16	eh whole lot of a a a be lew
POOL	15662	0.361023639	1,5,8,10,11,12,13,14,16	eh whole lot of a a a be heirs
POOL	15663	0.361005724	1,5,8,10,11,12,13,14,15,16	eh whole lot of a a a be a lean
POOL	15664	0.361002077	1,5,8,10,11,12,13,14,15,16	eh whole lot of a a a be a pearl
POOL	15665	0.360991726	1,5,8,10,11,12,13,16	eh whole lot of a a an dol
POOL	15666	0.360991726	1,5,8,10,11,12,13,16	eh whole lot of a a as dol
POOL	15667	0.360991726	1,5,8,10,11,12,13,16	eh whole lot of a a at dol
POOL	15668	0.360979962	1,5,8,10,11,12,13,14,15,16	eh whole lot of a a a be a lip
POOL	15669	0.360966640	1,5,8,10,11,12,13,14,15,16	eh whole lot of a a a be a blew
POOL	15670	0.360960907	1,5,8,10,11,12,13,14,15,16	eh whole lot of a a a be a heal
POOL	15671	0.360932504	1,5,8,10,11,12,13,14,16	eh whole lot of a a a be pear
POOL	15672	0.360916153	1,5,8,10,11,12,13,14,15,16	eh whole lot of a a a be a les
POOL	15673	0.360915385	1,5,8,10,11,12,13,14,15,16	eh whole lot of a a a be a lung
POOL	15674	0.360901144	1,5,8,10,11,12,13,16	eh whole lot of a a are eel
POOL	15675	0.360895560	1,5,8,10,11,12,13,14,15,16	eh whole lot of a a a be a leak
POOL	15676	0.360830032	1,5,8,10,11,12,13,14,15,16	eh whole lot of a a a be a doll
POOL	15677	0.360826398	1,5,8,10,11,12,13,14,15,16	eh whole lot of a a a be a hull
POOL	15678	0.360826010	1,5,8,10,11,12,13,14,16	eh whole lot of a a a been ere
POOL	15679	0.360826010	1,5,8,10,11,12,13,14,16	eh whole lot of a a a but ere
POOL	15680	0.360807872	1,5,8,10,11,12,13,14,16	eh whole lot of a a a been eyre
POOL	15681	0.360807872	1,5,8,10,11,12,13,14,16	eh whole lot of a a a but eyre
POOL	15682	0.360775179	1,5,8,10,11,12,13,14,16	eh whole lot of a a a by err
POOL	15683	0.360768993	1,5,8,10,11,12,13,14,15,16	eh whole lot of a a a be a 'til
POOL	15684	0.360754523	1,5,8,10,11,12,13,14,15,16	eh whole lot of a a a be a pill
POOL	15685	0.360733143	1,5,8,10,11,12,13,14,15,16	eh whole lot of a a a be a lamb
POOL	15686	0.360721199	1,5,8,10,11,12,13,14,15,16	eh whole lot of a a a be a cal
POOL	15687	0.360717877	1,5,8,10,11,12,13,14,16	eh whole lot of a a a be cher
POOL	15688	0.360704632	1,5,8,10,11,12,13,14,15,16	eh whole lot of a a a be a ye
POOL	15689	0.360703088	1,5,8,10,11,12,13,16	eh whole lot of a a are deere
POOL	15690	0.360669341	1,5,8,10,11,12,13,14,15,16	eh whole lot of a a a be a pal
POOL	15691	0.360666486	1,5,8,10,11,12,13,14,16	eh whole lot of a a a be li
POOL	15692	0.360650521	1,5,8,10,11,12,13,14,15,16	eh whole lot of a a a be a lawn
POOL	15693	0.360614005	1,5,8,10,11,12,13,14,15,16	eh whole lot of a a a be a flu
POOL	15694	0.360609155	1,5,8,10,11,12,13,14,15,16	eh whole lot of a a a be a yew
POOL	15695	0.360596919	1,5,8,10,11,12,13,14,15,16	eh whole lot of a a a be a col
POOL	15696	0.360590610	1,5,8,10,11,12,13,16	eh whole lot of a a a bun
POOL	15697	0.360584847	1,5,8,10,11,12,13,14,15,16	eh whole lot of a a a be a plea
POOL	15698	0.360571315	1,5,8,10,11,12,13,14,15,16	eh whole lot of a a a be a dull
POOL	15699	0.360567602	1,5,8,10,11,12,13,14,15,16	eh whole lot of a a a be a leap
POOL	15700	0.360566685	1,5,8,10,11,12,13,14,16	eh whole lot of a a a be mer
POOL	15701	0.360505238	1,5,8,10,11,12,13,16	eh whole lot of a a are mull
POOL	15702	0.360493905	1,5,8,10,11,12,13,14,15,16	eh whole lot of a a a be a wool
POOL	15703	0.360480675	1,5,8,10,11,12,13,14,15,16	eh whole lot of a a a be a lad
POOL	15704	0.360471041	1,5,8,10,11,12,13,14,15,16	eh whole lot of a a a be a tel
POOL	15705	0.360446920	1,5,8,10,11,12,13,14,15,16	eh whole lot of a a a be a blah
POOL	15706	0.360444489	1,5,8,10,11,12,13,14,16	eh whole lot of a a a be herr
POOL	15707	0.360441481	1,5,8,10,11,12,13,14,15,16	eh whole lot of a a a be a haul
POOL	15708	0.360438341	1,5,8,10,11,12,13,14,15,16	eh whole lot of a a a be a lil
POOL	15709	0.360417795	1,5,8,10,11,12,13,14,15,16	eh whole lot of a a a be a owl
POOL	15710	0.360409370	1,5,8,10,11,12,13,14,15,16	eh whole lot of a a a be a ahh
POOL	15711	0.360401707	1,5,8,10,11,12,16	eh whole lot of a an appeal
POOL	15712	0.360399039	1,5,8,10,11,12,13,14,15,16	eh whole lot of a a a be a lynn
POOL	15713	0.360378986	1,5,8,10,11,12,13,14,15,16	eh whole lot of a a a be a lang
POOL	15714	0.360369804	1,5,8,10,11,12,13,14,15,16	eh whole lot of a a a be a yell
POOL	15715	0.360363394	1,5,8,10,11,12,13,14,15,16	eh whole lot of a a a be a heel
POOL	15716	0.360346803	1,5,8,10,11,12,13,16	eh whole lot of a a a doll
POOL	15717	0.360341225	1,5,8,10,11,12,13,14,15,16	eh whole lot of a a a be a isle
POOL	15718	0.360340152	1,5,8,10,11,12,13,14,15,16	eh whole lot of a a a be a liz
POOL	15719	0.360336594	1,5,8,10,11,12,13,16	eh whole lot of a a are baz
POOL	15720	0.360331038	1,5,8,10,11,12,13,14,15,16	eh whole lot of a a a be a yaw
POOL	15721	0.360306299	1,5,8,10,11,12,13,14,15,16	eh whole lot of a a a be a alt
POOL	15722	0.360301315	1,5,8,10,11,12,13,14,15,16	eh whole lot of a a a be a flee
POOL	15723	0.360300530	1,5,8,10,11,12,13,14,15,16	eh whole lot of a a a be a gal
POOL	15724	0.360298045	1,5,8,10,11,12,13,14,15,16	eh whole lot of a a a be a lid
POOL	15725	0.360286844	1,5,8,10,11,12,13,14,15,16	eh whole lot of a a a be a awe
POOL	15726	0.360280368	1,5,8,10,11,12,13,14,15,16	eh whole lot of a a a be a glue
POOL	15727	0.360279075	1,5,8,10,11,12,13,14,15,16	eh whole lot of a a a be a lin
POOL	15728	0.360278301	1,5,8,10,11,12,13,14,15,16	eh whole lot of a a a be a mel
POOL	15729	0.360276365	1,5,8,10,11,12,13,14,15,16	eh whole lot of a a a be a peel
POOL	15730	0.360270454	1,5,8,10,11,12,13,14,16	eh whole lot of a a a by ere
POOL	15731	0.360267364	1,5,8,10,11,12,13,14,15,16	eh whole lot of a a a be a belle
POOL	15732	0.360252317	1,5,8,10,11,12,13,14,16	eh whole lot of a a a by eyre
POOL	15733	0.360246502	1,5,8,10,11,12,13,16	eh whole lot of a a a bail
POOL	15734	0.360231232	1,5,8,10,11,12,13,14,15,16	eh whole lot of a a a be a ah
POOL	15735	0.360218242	1,5,8,10,11,12,13,14,15,16	eh whole lot of a a a be a lick
POOL	15736	0.360213092	1,5,8,10,11,12,13,14,15,16	eh whole lot of a a a be a ewe
POOL	15737	0.360194538	1,5,8,10,11,12,13,14,15,16	eh whole lot of a a a be a ooh
POOL	15738	0.360184283	1,5,8,10,11,12,13,14,15,16	eh whole lot of a a a be a yue
POOL	15739	0.360175533	1,5,8,10,11,12,13,14,15,16	eh whole lot of a a a be a lib
POOL	15740	0.360165443	1,5,8,10,11,12,13,16	eh whole lot of a a an herbal
POOL	15741	0.360165443	1,5,8,10,11,12,13,16	eh whole lot of a a as herbal
POOL	15742	0.360165443	1,5,8,10,11,12,13,16	eh whole lot of a a at herbal
POOL	15743	0.360150775	1,5,8,10,11,12,13,14,15,16	eh whole lot of a a a be a liu
POOL	15744	0.360094464	1,5,8,10,11,12,13,14,16	eh whole lot of a a a been ahl
POOL	15745	0.360094464	1,5,8,10,11,12,13,14,16	eh whole lot of a a a but ahl
POOL	15746	0.360053220	1,5,8,10,11,12,13,14,16	eh whole lot of a a a been aer
POOL	15747	0.360053220	1,5,8,10,11,12,13,14,16	eh whole lot of a a a but aer
POOL	15748	0.359850774	1,5,8,10,11,12,13,14,15,16	eh whole lot of a a a be a yuh
POOL	15749	0.359829176	1,5,8,10,11,12,13,14,16	eh whole lot of a a a be lah
POOL	15750	0.359790803	1,5,8,10,11,12,13,16	eh whole lot of a a an perl
POOL	15751	0.359790803	1,5,8,10,11,12,13,16	eh whole lot of a a as perl
POOL	15752	0.359790803	1,5,8,10,11,12,13,16	eh whole lot of a a at perl
POOL	15753	0.359781491	1,5,8,10,11,12,13,16	eh whole lot of a a a boil
POOL	15754	0.359756747	1,5,8,10,11,12,13,14,16	eh whole lot of a a a be leh
POOL	15755	0.359746149	1,5,8,10,11,12,13,14,15,16	eh whole lot of a a a be a yu
POOL	15756	0.359661851	1,5,8,10,11,12,13,14,16	eh whole lot of a a a been eel
POOL	15757	0.359661851	1,5,8,10,11,12,13,14,16	eh whole lot of a a a but eel
POOL	15758	0.359577476	1,5,8,10,11,12,13,16	eh whole lot of a a a pear
POOL	15759	0.359538909	1,5,8,10,11,12,13,14,16	eh whole lot of a a a by ahl
POOL	15760	0.359536243	1,5,8,10,11,12,13,16	eh whole lot of a a a dear
POOL	15761	0.359534593	1,5,8,10,11,12,13,16	eh whole lot of a a a benn
POOL	15762	0.359497664	1,5,8,10,11,12,13,14,16	eh whole lot of a a a by aer
POOL	15763	0.359213087	1,5,8,10,11,12,13,16	eh whole lot of a a a bale
POOL	15764	0.359207057	1,5,8,10,11,12,13,14,15,16	eh whole lot of a a a be a ja
POOL	15765	0.359196309	1,5,8,10,11,12,13,16	eh whole lot of a a a pearl
POOL	15766	0.359162955	1,5,8,10,11,12,13,16	eh whole lot of a a a billed
POOL	15767	0.359106295	1,5,8,10,11,12,13,14,16	eh whole lot of a a a by eel
POOL	15768	0.359071545	1,5,8,10,11,12,13,16	eh whole lot of a a a peel
POOL	15769	0.359063226	1,5,8,10,11,12,13,14,15,16	eh whole lot of a a a be a yi
POOL	15770	0.358989597	1,5,8,10,11,12,13,16	eh whole lot of a a a boyle
POOL	15771	0.358960485	1,5,8,10,11,12,13,14,15,16	eh whole lot of a a a be a eh
POOL	15772	0.358951904	1,5,8,10,11,12,13,16	eh whole lot of a a a done
POOL	15773	0.358941799	1,5,8,10,11,12,13,14,15,16	eh whole lot of a a a be a uh
POOL	15774	0.358922087	1,5,8,10,11,12,16	eh whole lot of a as model
POOL	15775	0.358893091	1,5,8,10,11,12,13,14,15,16	eh whole lot of a a a be a er
POOL	15776	0.358829047	1,5,8,10,11,12,13,16	eh whole lot of a a a bears
POOL	15777	0.358776069	1,5,8,10,11,12,13,14,16	eh whole lot of a a a be lu
POOL	15778	0.358672105	1,5,8,10,11,12,13,16	eh whole lot of a a a bin
POOL	15779	0.358646804	1,5,8,10,11,12,13,16	eh whole lot of a a a blew
POOL	15780	0.358578108	1,5,8,10,11,12,13,16	eh whole lot of a a a val
POOL	15781	0.358551944	1,5,8,10,11,12,13,14,15,16	eh whole lot of a a a be a aw
POOL	15782	0.358497901	1,5,8,10,11,12,13,16	eh whole lot of a a a bile
POOL	15783	0.358387797	1,5,8,10,11,12,13,16	eh whole lot of a a a e'er
POOL	15784	0.358370975	1,5,8,10,11,12,13,14,15,16	eh whole lot of a a a be a lo
POOL	15785	0.358267904	1,5,8,10,11,12,13,16	eh whole lot of a a a il
POOL	15786	0.358184033	1,5,8,10,11,12,13,16	eh whole lot of a a are belly
POOL	15787	0.358015384	1,5,8,10,11,12,13,16	eh whole lot of a a a dahl
POOL	15788	0.357997154	1,5,8,10,11,12,13,16	eh whole lot of a a a blah
POOL	15789	0.357938676	1,5,8,10,11,12,13,16	eh whole lot of a a a brill
POOL	15790	0.357918858	1,5,8,10,11,12,13,14,15,16	eh whole lot of a a a be a ur
POOL	15791	0.357873987	1,5,8,10,11,12,13,16	eh whole lot of a a a bowl
POOL	15792	0.357817392	1,5,8,10,11,12,13,16	eh whole lot of a a a blair
POOL	15793	0.357799898	1,5,8,10,11,12,13,16	eh whole lot of a a are apple
POOL	15794	0.357789346	1,5,8,10,11,12,13,14,15,16	eh whole lot of a a a be a sh
POOL	15795	0.357726360	1,5,8,10,11,12,13,16	eh whole lot of a a a pall
POOL	15796	0.357584252	1,5,8,10,11,12,16	eh whole lot of a a apple
POOL	15797	0.357562643	1,5,8,10,11,12,13,14,15,16	eh whole lot of a a a be a ou
POOL	15798	0.357528800	1,5,8,10,11,12,13,16	eh whole lot of a a a dol
POOL	15799	0.357517372	1,5,8,10,11,12,13,16	eh whole lot of a a a heir
POOL	15800	0.357470859	1,5,8,10,11,12,13,16	eh whole lot of a a a peer
POOL	15801	0.357413782	1,5,8,10,11,12,13,16	eh whole lot of a a a tel
POOL	15802	0.357402453	1,5,8,10,11,12,13,14,16	eh whole lot of a a a be alley
POOL	15803	0.357358284	1,5,8,10,11,12,13,16	eh whole lot of a a but herbal
POOL	15804	0.357306889	1,5,8,10,11,12,13,16	eh whole lot of a a a deer
POOL	15805	0.357228534	1,5,8,10,11,12,13,16	eh whole lot of a a are bella
POOL	15806	0.357159979	1,5,8,10,11,12,13,16	eh whole lot of a a a blur
POOL	15807	0.357053492	1,5,8,10,11,12,16	eh whole lot of a for appeal
POOL	15808	0.356732891	1,5,8,10,11,12,13,16	eh whole lot of a a a bee
POOL	15809	0.356717475	1,5,8,10,11,12,13,16	eh whole lot of a a a paul
POOL	15810	0.356708014	1,5,8,10,11,12,13,14,16	eh whole lot of a a a be -able
POOL	15811	0.356702517	1,5,8,10,11,12,13,16	eh whole lot of a a a herbal
POOL	15812	0.356634414	1,5,8,10,11,12,13,14,16	eh whole lot of a a a be ala
POOL	15813	0.356611102	1,5,8,10,11,12,13,16	eh whole lot of a a a pier
POOL	15814	0.356492476	1,5,8,10,11,12,16	eh whole lot of a a couple
POOL	15815	0.356429195	1,5,8,10,11,12,13,14,16	eh whole lot of a a a be ella
POOL	15816	0.356407025	1,5,8,10,11,12,13,14,16	eh whole lot of a a a be ellie
POOL	15817	0.356351820	1,5,8,10,11,12,13,16	eh whole lot of a a a mel
POOL	15818	0.356327877	1,5,8,10,11,12,13,16	eh whole lot of a a a perl
POOL	15819	0.356275485	1,5,8,10,11,12,13,16	eh whole lot of a a a err
POOL	15820	0.356232021	1,5,8,10,11,12,13,16	eh whole lot of a a a buzz
POOL	15821	0.356212436	1,5,8,10,11,12,13,16	eh whole lot of a a a baird
POOL	15822	0.356199283	1,5,8,10,11,12,13,16	eh whole lot of a a a earl
POOL	15823	0.356134299	1,5,8,10,11,12,13,16	eh whole lot of a a a mal
POOL	15824	0.356109879	1,5,8,10,11,12,13,16	eh whole lot of a a a bang
POOL	15825	0.355983189	1,5,8,10,11,12,13,16	eh whole lot of a a are dual
POOL	15826	0.355969773	1,5,8,10,11,12,13,16	eh whole lot of a a a bore
POOL	15827	0.355918606	1,5,8,10,11,12,13,16	eh whole lot of a a a b
POOL	15828	0.355834014	1,5,8,10,11,12,13,14,16	eh whole lot of a a a be allie
POOL	15829	0.355791965	1,5,8,10,11,12,13,16	eh whole lot of a a a bulls
POOL	15830	0.355773948	1,5,8,10,11,12,13,16	eh whole lot of a a a spell
POOL	15831	0.355736024	1,5,8,10,11,12,13,16	eh whole lot of a a are double
POOL	15832	0.355729538	1,5,8,10,11,12,13,16	eh whole lot of a a a bleu
POOL	15833	0.355707669	1,5,8,10,11,12,13,16	eh whole lot of a a a ere
POOL	15834	0.355687265	1,5,8,10,11,12,13,16	eh whole lot of a a a eyre
POOL	15835	0.355542674	1,5,8,10,11,12,13,14,16	eh whole lot of a a a be are
POOL	15836	0.355532105	1,5,8,10,11,12,13,16	eh whole lot of a a are burrell
POOL	15837	0.355451439	1,5,8,10,11,12,13,16	eh whole lot of a a are battle
POOL	15838	0.355350347	1,5,8,10,11,12,13,14,15,16	eh whole lot of a a a be a early
POOL	15839	0.355311350	1,5,8,10,11,12,13,16	eh whole lot of a a an belly
POOL	15840	0.355311350	1,5,8,10,11,12,13,16	eh whole lot of a a as belly
POOL	15841	0.355311350	1,5,8,10,11,12,13,16	eh whole lot of a a at belly
POOL	15842	0.355235028	1,5,8,10,11,12,13,14,16	eh whole lot of a a a be alli
POOL	15843	0.355153634	1,5,8,10,11,12,13,16	eh whole lot of a a a burn
POOL	15844	0.355149121	1,5,8,10,11,12,13,16	eh whole lot of a a a dealt
POOL	15845	0.355123929	1,5,8,10,11,12,13,16	eh whole lot of a a are bela
POOL	15846	0.355037108	1,5,8,10,11,12,13,16	eh whole lot of a a are billy
POOL	15847	0.355031108	1,5,8,10,11,12,13,16	eh whole lot of a a a bah
POOL	15848	0.355003016	1,5,8,10,11,12,13,14,16	eh whole lot of a a a be ela
POOL	15849	0.354964770	1,5,8,10,11,12,13,16	eh whole lot of a a a ahl
POOL	15850	0.354927215	1,5,8,10,11,12,13,16	eh whole lot of a a an apple
POOL	15851	0.354927215	1,5,8,10,11,12,13,16	eh whole lot of a a as apple
POOL	15852	0.354927215	1,5,8,10,11,12,13,16	eh whole lot of a a at apple
POOL	15853	0.354912444	1,5,8,10,11,12,13,14,16	eh whole lot of a a a a al
POOL	15854	0.354847557	1,5,8,10,11,12,13,14,16	eh whole lot of a a a be elie
POOL	15855	0.354827882	1,5,8,10,11,12,13,16	eh whole lot of a a a bea
POOL	15856	0.354792957	1,5,8,10,11,12,13,14,15,16	eh whole lot of a a a be a are
POOL	15857	0.354792946	1,5,8,10,11,12,13,14,16	eh whole lot of a a a be ele
POOL	15858	0.354791135	1,5,8,10,11,12,16	eh whole lot of a are no.
POOL	15859	0.354776707	1,5,8,10,11,12,16	eh whole lot of a as appeal
POOL	15860	0.354733711	1,5,8,10,11,12,13,14,16	eh whole lot of a a a be allow
POOL	15861	0.354689223	1,5,8,10,11,12,13,16	eh whole lot of a a all herbal
POOL	15862	0.354682584	1,5,8,10,11,12,13,16	eh whole lot of a a a pulse
POOL	15863	0.354581966	1,5,8,10,11,12,13,14,16	eh whole lot of a a a be elly
POOL	15864	0.354565535	1,5,8,10,11,12,13,16	eh whole lot of a a a eel
POOL	15865	0.354521441	1,5,8,10,11,12,13,14,16	eh whole lot of a a a be all
POOL	15866	0.354460718	1,5,8,10,11,12,13,16	eh whole lot of a a a par
POOL	15867	0.354411425	1,5,8,10,11,12,13,16	eh whole lot of a a a boar
POOL	15868	0.354384745	1,5,8,10,11,12,13,14,16	eh whole lot of a a a be eller
POOL	15869	0.354382442	1,5,8,10,11,12,13,16	eh whole lot of a a a dan
POOL	15870	0.354367479	1,5,8,10,11,12,13,16	eh whole lot of a a a deere
POOL	15871	0.354355851	1,5,8,10,11,12,13,16	eh whole lot of a a an bella
POOL	15872	0.354355851	1,5,8,10,11,12,13,16	eh whole lot of a a as bella
POOL	15873	0.354355851	1,5,8,10,11,12,13,16	eh whole lot of a a at bella
POOL	15874	0.354292957	1,5,8,10,11,12,13,14,15,16	eh whole lot of a a a be a or
POOL	15875	0.354249174	1,5,8,10,11,12,13,16	eh whole lot of a a are duel
POOL	15876	0.354246563	1,5,8,10,11,12,16	eh whole lot of a are trouble
POOL	15877	0.354236934	1,5,8,10,11,12,13,16	eh whole lot of a a a bean
POOL	15878	0.354235704	1,5,8,10,11,12,13,16	eh whole lot of a a a bon
POOL	15879	0.354169629	1,5,8,10,11,12,13,16	eh whole lot of a a a mull
POOL	15880	0.354165686	1,5,8,10,11,12,13,16	eh whole lot of a a a beard
POOL	15881	0.354155629	1,5,8,10,11,12,13,16	eh whole lot of a a a mill
POOL	15882	0.354155414	1,5,8,10,11,12,13,16	eh whole lot of a a a gel
POOL	15883	0.354088855	1,5,8,10,11,12,13,16	eh whole lot of a a a burr
POOL	15884	0.354076221	1,5,8,10,11,12,13,16	eh whole lot of a a a pan
POOL	15885	0.354000985	1,5,8,10,11,12,13,16	eh whole lot of a a a baz
POOL	15886	0.353982944	1,5,8,10,11,12,13,16	eh whole lot of a a a brawl
POOL	15887	0.353968782	1,5,8,10,11,12,13,16	eh whole lot of a a a pals
POOL	15888	0.353938434	1,5,8,10,11,12,13,16	eh whole lot of a a are bottle
POOL	15889	0.353938293	1,5,8,10,11,12,13,16	eh whole lot of a a a 'til
POOL	15890	0.353860296	1,5,8,10,11,12,13,14,16	eh whole lot of a a a be an
POOL	15891	0.353809620	1,5,8,10,11,12,13,16	eh whole lot of a a a boer
POOL	15892	0.353776012	1,5,8,10,11,12,13,14,16	eh whole lot of a a a be apple
POOL	15893	0.353708316	1,5,8,10,11,12,13,16	eh whole lot of a a a beers
POOL	15894	0.353698529	1,5,8,10,11,12,13,14,16	eh whole lot of a a a be evil
POOL	15895	0.353690904	1,5,8,10,11,12,13,16	eh whole lot of a a a pulp
POOL	15896	0.353625625	1,5,8,10,11,12,13,16	eh whole lot of a a a pen
POOL	15897	0.353467119	1,5,8,10,11,12,13,16	eh whole lot of a a a dwell
POOL	15898	0.353457909	1,5,8,10,11,12,13,14,16	eh whole lot of a a a be appeal
POOL	15899	0.353454657	1,5,8,10,11,12,13,16	eh whole lot of a a a earle
POOL	15900	0.353379914	1,5,8,10,11,12,13,16	eh whole lot of a a a duh
POOL	15901	0.353110505	1,5,8,10,11,12,13,16	eh whole lot of a a an dual
POOL	15902	0.353110505	1,5,8,10,11,12,13,16	eh whole lot of a a as dual
POOL	15903	0.353110505	1,5,8,10,11,12,13,16	eh whole lot of a a at dual
POOL	15904	0.352963137	1,5,8,10,11,12,13,16	eh whole lot of a a a ville
POOL	15905	0.352953742	1,5,8,10,11,12,13,14,16	eh whole lot of a a a be era
POOL	15906	0.352842665	1,5,8,10,11,12,13,16	eh whole lot of a a are barry
POOL	15907	0.352822061	1,5,8,10,11,12,13,16	eh whole lot of a a a bonn
POOL	15908	0.352784847	1,5,8,10,11,12,13,14,16	eh whole lot of a a a be awful
POOL	15909	0.352680599	1,5,8,10,11,12,13,16	eh whole lot of a a are billie
POOL	15910	0.352659422	1,5,8,10,11,12,13,16	eh whole lot of a a an burrell
POOL	15911	0.352659422	1,5,8,10,11,12,13,16	eh whole lot of a a as burrell
POOL	15912	0.352659422	1,5,8,10,11,12,13,16	eh whole lot of a a at burrell
POOL	15913	0.352633226	1,5,8,10,11,12,13,16	eh whole lot of a a are barrel
POOL	15914	0.352605142	1,5,8,10,11,12,13,16	eh whole lot of a a are bubble
POOL	15915	0.352554020	1,5,8,10,11,12,13,14,16	eh whole lot of a a a be error
POOL	15916	0.352504191	1,5,8,10,11,12,13,16	eh whole lot of a a but belly
POOL	15917	0.352467088	1,5,8,10,11,12,13,16	eh whole lot of a a a delve
POOL	15918	0.352451571	1,5,8,10,11,12,13,16	eh whole lot of a a are been
POOL	15919	0.352405848	1,5,8,10,11,12,13,14,16	eh whole lot of a a a be alert
POOL	15920	0.352357651	1,5,8,10,11,12,13,16	eh whole lot of a a are rebel
POOL	15921	0.352335463	1,5,8,10,11,12,13,14,16	eh whole lot of a a a be will
POOL	15922	0.352316365	1,5,8,10,11,12,13,16	eh whole lot of a a a bein
POOL	15923	0.352268046	1,5,8,10,11,12,13,16	eh whole lot of a a a dah
POOL	15924	0.352264682	1,5,8,10,11,12,13,14,16	eh whole lot of a a a be dual
POOL	15925	0.352251246	1,5,8,10,11,12,13,16	eh whole lot of a a an bela
POOL	15926	0.352251246	1,5,8,10,11,12,13,16	eh whole lot of a a as bela
POOL	15927	0.352251246	1,5,8,10,11,12,13,16	eh whole lot of a a at bela
POOL	15928	0.352233964	1,5,8,10,11,12,13,16	eh whole lot of a a a dar
POOL	15929	0.352202000	1,5,8,10,11,12,13,14,16	eh whole lot of a a a be oral
POOL	15930	0.352164425	1,5,8,10,11,12,13,16	eh whole lot of a a an billy
POOL	15931	0.352164425	1,5,8,10,11,12,13,16	eh whole lot of a a as billy
POOL	15932	0.352164425	1,5,8,10,11,12,13,16	eh whole lot of a a at billy
POOL	15933	0.352101315	1,5,8,10,11,12,13,16	eh whole lot of a a a bien
POOL	15934	0.352027597	1,5,8,10,11,12,13,16	eh whole lot of a a a pelt
POOL	15935	0.351892234	1,5,8,10,11,12,13,16	eh whole lot of a a are verbal
POOL	15936	0.351889098	1,5,8,10,11,12,13,16	eh whole lot of a a are balloon
POOL	15937	0.351848424	1,5,8,10,11,12,13,16	eh whole lot of a a a belly
POOL	15938	0.351848161	1,5,8,10,11,12,13,14,16	eh whole lot of a a a be eagle
POOL	15939	0.351713409	1,5,8,10,11,12,13,14,16	eh whole lot of a a a be shall
POOL	15940	0.351649901	1,5,8,10,11,12,13,16	eh whole lot of a a a parr
POOL	15941	0.351576827	1,5,8,10,11,12,13,16	eh whole lot of a a are berry
POOL	15942	0.351548692	1,5,8,10,11,12,13,16	eh whole lot of a a but bella
POOL	15943	0.351464380	1,5,8,10,11,12,13,14,16	eh whole lot of a a a a el
POOL	15944	0.351464289	1,5,8,10,11,12,13,16	eh whole lot of a a a apple
POOL	15945	0.351438156	1,5,8,10,11,12,13,14,15,16	eh whole lot of a a a be a ali
POOL	15946	0.351376491	1,5,8,10,11,12,13,16	eh whole lot of a a an duel
POOL	15947	0.351376491	1,5,8,10,11,12,13,16	eh whole lot of a a as duel
POOL	15948	0.351376491	1,5,8,10,11,12,13,16	eh whole lot of a a at duel
POOL	15949	0.351368885	1,5,8,10,11,12,13,14,16	eh whole lot of a a a be alot
POOL	15950	0.351359680	1,5,8,10,11,12,13,16	eh whole lot of a a are bury
POOL	15951	0.351245450	1,5,8,10,11,12,13,16	eh whole lot of a a are basil
POOL	15952	0.351186474	1,5,8,10,11,12,13,14,15,16	eh whole lot of a a a be a lot
POOL	15953	0.350998703	1,5,8,10,11,12,13,14,16	eh whole lot of a a a a l
POOL	15954	0.350996164	1,5,8,10,11,12,13,14,16	eh whole lot of a a a a elle
POOL	15955	0.350994879	1,5,8,10,11,12,13,16	eh whole lot of a a are bowel
POOL	15956	0.350985700	1,5,8,10,11,12,13,14,15,16	eh whole lot of a a a a a law
POOL	15957	0.350944129	1,5,8,10,11,12,13,16	eh whole lot of a a are beetle
POOL	15958	0.350910462	1,5,8,10,11,12,13,14,16	eh whole lot of a a a a air
POOL	15959	0.350892925	1,5,8,10,11,12,13,16	eh whole lot of a a a bella
POOL	15960	0.350870828	1,5,8,10,11,12,13,16	eh whole lot of a a are buckle
POOL	15961	0.350824705	1,5,8,10,11,12,13,16	eh whole lot of a a are abel
POOL	15962	0.350774496	1,5,8,10,11,12,13,14,16	eh whole lot of a a a be alas
POOL	15963	0.350723336	1,5,8,10,11,12,13,14,16	eh whole lot of a a a be duel
POOL	15964	0.350713517	1,5,8,10,11,12,13,16	eh whole lot of a a are rubble
POOL	15965	0.350681415	1,5,8,10,11,12,13,16	eh whole lot of a a are basel
POOL	15966	0.350526874	1,5,8,10,11,12,13,14,16	eh whole lot of a a a a ill
POOL	15967	0.350486449	1,5,8,10,11,12,13,16	eh whole lot of a a are pebble
POOL	15968	0.350467698	1,5,8,10,11,12,13,14,15,16	eh whole lot of a a a be a allah
POOL	15969	0.350428815	1,5,8,10,11,12,13,14,15,16	eh whole lot of a a a be a alley
POOL	15970	0.350346004	1,5,8,10,11,12,13,14,15,16	eh whole lot of a a a be a you
POOL	15971	0.350292060	1,5,8,10,11,12,13,14,16	eh whole lot of a a a be adele
POOL	15972	0.350271644	1,5,8,10,11,12,13,16	eh whole lot of a a are be
POOL	15973	0.350207949	1,5,8,10,11,12,13,16	eh whole lot of a a are bearer
POOL	15974	0.350206974	1,5,8,10,11,12,13,16	eh whole lot of a a are bali
POOL	15975	0.350193480	1,5,8,10,11,12,13,16	eh whole lot of a a are feeble
POOL	15976	0.350118040	1,5,8,10,11,12,13,14,16	eh whole lot of a a a a ell
POOL	15977	0.350098881	1,5,8,10,11,12,13,14,16	eh whole lot of a a a be herbal
POOL	15978	0.350070705	1,5,8,10,11,12,13,16	eh whole lot of a a are abba
POOL	15979	0.350038971	1,5,8,10,11,12,13,14,16	eh whole lot of a a a be ethel
POOL	15980	0.349996279	1,5,8,10,11,12,13,16	eh whole lot of a a are hubble
POOL	15981	0.349983161	1,5,8,10,11,12,13,16	eh whole lot of a a are bethel
POOL	15982	0.349933392	1,5,8,10,11,12,13,14,16	eh whole lot of a a a be their
POOL	15983	0.349933392	1,5,8,10,11,12,13,14,16	eh whole lot of a a a be there
POOL	15984	0.349927105	1,5,8,10,11,12,13,16	eh whole lot of a a are barrie
POOL	15985	0.349897133	1,5,8,10,11,12,13,14,16	eh whole lot of a a a be elise
POOL	15986	0.349870016	1,5,8,10,11,12,13,16	eh whole lot of a a are beagle
POOL	15987	0.349852263	1,5,8,10,11,12,13,16	eh whole lot of a a but burrell
POOL	15988	0.349807916	1,5,8,10,11,12,13,16	eh whole lot of a a an billie
POOL	15989	0.349807916	1,5,8,10,11,12,13,16	eh whole lot of a a as billie
POOL	15990	0.349807916	1,5,8,10,11,12,13,16	eh whole lot of a a at billie
POOL	15991	0.349791135	1,5,8,10,11,12,16	eh whole lot of a her no.
POOL	15992	0.349761682	1,5,8,10,11,12,13,16	eh whole lot of a a are wobble
POOL	15993	0.349751914	1,5,8,10,11,12,13,16	eh whole lot of a a are iqbal
POOL	15994	0.349747016	1,5,8,10,11,12,13,16	eh whole lot of a a are rabble
POOL	15995	0.349721149	1,5,8,10,11,12,13,14,16	eh whole lot of a a a be ara
POOL	15996	0.349692674	1,5,8,10,11,12,13,16	eh whole lot of a a are bustle
POOL	15997	0.349682931	1,5,8,10,11,12,13,14,16	eh whole lot of a a a be allure
POOL	15998	0.349647579	1,5,8,10,11,12,13,16	eh whole lot of a a a dual
POOL	15999	0.349592408	1,5,8,10,11,12,13,14,16	eh whole lot of a a a be in
POOL	16000	0.349588010	1,5,8,10,11,12,13,14,16	eh whole lot of a a a be alam
POOL	16001	0.349542982	1,5,8,10,11,12,13,16	eh whole lot of a a are babel
POOL	16002	0.349542523	1,5,8,10,11,12,13,16	eh whole lot of a a are beryl
POOL	16003	0.349476527	1,5,8,10,11,12,13,16	eh whole lot of a a are baal
POOL	16004	0.349476305	1,5,8,10,11,12,13,16	eh whole lot of a a are banal
POOL	16005	0.349444087	1,5,8,10,11,12,13,16	eh whole lot of a a but bela
POOL	16006	0.349423519	1,5,8,10,11,12,13,14,16	eh whole lot of a a a be where
POOL	16007	0.349417550	1,5,8,10,11,12,13,16	eh whole lot of a a are barre
POOL	16008	0.349407912	1,5,8,10,11,12,13,14,16	eh whole lot of a a a be anil
POOL	16009	0.349402218	1,5,8,10,11,12,13,16	eh whole lot of a a are nibble
POOL	16010	0.349400414	1,5,8,10,11,12,13,16	eh whole lot of a a a double
POOL	16011	0.349397819	1,5,8,10,11,12,13,14,16	eh whole lot of a a a be newell
POOL	16012	0.349370271	1,5,8,10,11,12,13,14,16	eh whole lot of a a a be aloof
POOL	16013	0.349365621	1,5,8,10,11,12,13,16	eh whole lot of a a are gobble
POOL	16014	0.349364307	1,5,8,10,11,12,13,16	eh whole lot of a a are iba
POOL	16015	0.349249711	1,5,8,10,11,12,13,14,16	eh whole lot of a a a be ethyl
POOL	16016	0.349246563	1,5,8,10,11,12,16	eh whole lot of a her trouble
POOL	16017	0.349229168	1,5,8,10,11,12,13,14,16	eh whole lot of a a a be errol
POOL	16018	0.349224495	1,5,8,10,11,12,13,14,16	eh whole lot of a a a of al
POOL	16019	0.349219367	1,5,8,10,11,12,13,14,16	eh whole lot of a a a be sewell
POOL	16020	0.349196496	1,5,8,10,11,12,13,16	eh whole lot of a a a burrell
POOL	16021	0.349195528	1,5,8,10,11,12,13,14,16	eh whole lot of a a a be amal
POOL	16022	0.349145301	1,5,8,10,11,12,16	eh whole lot of a a model
POOL	16023	0.349115830	1,5,8,10,11,12,13,16	eh whole lot of a a a battle
POOL	16024	0.348992235	1,5,8,10,11,12,13,14,16	eh whole lot of a a a be adel
POOL	16025	0.348992054	1,5,8,10,11,12,13,14,16	eh whole lot of a a a be allot
POOL	16026	0.348971757	1,5,8,10,11,12,13,14,16	eh whole lot of a a a be aural
POOL	16027	0.348832896	1,5,8,10,11,12,13,14,16	eh whole lot of a a a be allude
POOL	16028	0.348815748	1,5,8,10,11,12,13,14,16	eh whole lot of a a a be allay
POOL	16029	0.348793229	1,5,8,10,11,12,13,14,16	eh whole lot of a a a be easel
POOL	16030	0.348788320	1,5,8,10,11,12,13,16	eh whole lot of a a a bela
POOL	16031	0.348763560	1,5,8,10,11,12,13,14,16	eh whole lot of a a a be alon
POOL	16032	0.348745490	1,5,8,10,11,12,13,14,16	eh whole lot of a a a be alo
POOL	16033	0.348701498	1,5,8,10,11,12,13,16	eh whole lot of a a a billy
POOL	16034	0.348601850	1,5,8,10,11,12,13,14,16	eh whole lot of a a a be alene
POOL	16035	0.348542957	1,5,8,10,11,12,13,14,15,16	eh whole lot of a a a be a will
POOL	16036	0.348541135	1,5,8,10,11,12,16	eh whole lot of a all no.
POOL	16037	0.348359630	1,5,8,10,11,12,13,16	eh whole lot of a a are bala
POOL	16038	0.348235296	1,5,8,10,11,12,13,14,16	eh whole lot of a a a be as
POOL	16039	0.348187807	1,5,8,10,11,12,13,14,15,16	eh whole lot of a a a a a al
POOL	16040	0.348168500	1,5,8,10,11,12,13,14,16	eh whole lot of a a a be ea
POOL	16041	0.348115196	1,5,8,10,11,12,13,14,15,16	eh whole lot of a a a a a lee
POOL	16042	0.348081893	1,5,8,10,11,12,13,14,15,16	eh whole lot of a a a a a ill
POOL	16043	0.347996563	1,5,8,10,11,12,16	eh whole lot of a all trouble
POOL	16044	0.347913565	1,5,8,10,11,12,13,16	eh whole lot of a a a duel
POOL	16045	0.347837938	1,5,8,10,11,12,13,14,16	eh whole lot of a a a be ia
POOL	16046	0.347602825	1,5,8,10,11,12,13,16	eh whole lot of a a a bottle
POOL	16047	0.347549564	1,5,8,10,11,12,13,14,15,16	eh whole lot of a a a a a la
POOL	16048	0.347136325	1,5,8,10,11,12,13,14,16	eh whole lot of a a a be they're
POOL	16049	0.346982910	1,5,8,10,11,12,13,16	eh whole lot of a a are dare
POOL	16050	0.346702004	1,5,8,10,11,12,13,14,16	eh whole lot of a a a a il
POOL	16051	0.346604456	1,5,8,10,11,12,13,14,15,16	eh whole lot of a a a a a earl
POOL	16052	0.346541678	1,5,8,10,11,12,13,14,16	eh whole lot of a a a a e'er
POOL	16053	0.346507055	1,5,8,10,11,12,13,16	eh whole lot of a a a barry
POOL	16054	0.346495923	1,5,8,10,11,12,13,14,16	eh whole lot of a a a be till
POOL	16055	0.346344989	1,5,8,10,11,12,13,16	eh whole lot of a a a billie
POOL	16056	0.346297616	1,5,8,10,11,12,13,16	eh whole lot of a a a barrel
POOL	16057	0.346269533	1,5,8,10,11,12,13,16	eh whole lot of a a a bubble
POOL	16058	0.346263785	1,5,8,10,11,12,13,14,16	eh whole lot of a a a be a
POOL	16059	0.346137095	1,5,8,10,11,12,13,14,15,16	eh whole lot of a a a be a less
POOL	16060	0.346115962	1,5,8,10,11,12,13,16	eh whole lot of a a a been
POOL	16061	0.346066830	1,5,8,10,11,12,13,14,15,16	eh whole lot of a a a a a lou
POOL	16062	0.346022041	1,5,8,10,11,12,13,16	eh whole lot of a a a rebel
POOL	16063	0.345776431	1,5,8,10,11,12,13,14,16	eh whole lot of a a a of el
POOL	16064	0.345767967	1,5,8,10,11,12,13,14,16	eh whole lot of a a a a heir
POOL	16065	0.345681868	1,5,8,10,11,12,13,16	eh whole lot of a a a urban
POOL	16066	0.345675775	1,5,8,10,11,12,13,14,15,16	eh whole lot of a a a a a leigh
POOL	16067	0.345639349	1,5,8,10,11,12,16	eh whole lot of a an no.
POOL	16068	0.345556624	1,5,8,10,11,12,13,16	eh whole lot of a a a verbal
POOL	16069	0.345553489	1,5,8,10,11,12,13,16	eh whole lot of a a a balloon
POOL	16070	0.345462514	1,5,8,10,11,12,13,14,15,16	eh whole lot of a a a a a el
POOL	16071	0.345310754	1,5,8,10,11,12,13,14,16	eh whole lot of a a a of l
POOL	16072	0.345308689	1,5,8,10,11,12,13,14,15,16	eh whole lot of a a a a a lea
POOL	16073	0.345308215	1,5,8,10,11,12,13,14,16	eh whole lot of a a a of elle
POOL	16074	0.345246864	1,5,8,10,11,12,13,14,15,16	eh whole lot of a a a a a le
POOL	16075	0.345241217	1,5,8,10,11,12,13,16	eh whole lot of a a a berry
POOL	16076	0.345094777	1,5,8,10,11,12,16	eh whole lot of a an trouble
POOL	16077	0.345075116	1,5,8,10,11,12,13,14,15,16	eh whole lot of a a a a a lieu
POOL	16078	0.345043404	1,5,8,10,11,12,13,14,15,16	eh whole lot of a a a a a l
POOL	16079	0.345041119	1,5,8,10,11,12,13,14,15,16	eh whole lot of a a a a a elle
POOL	16080	0.345024071	1,5,8,10,11,12,13,16	eh whole lot of a a a bury
POOL	16081	0.344999921	1,5,8,10,11,12,16	eh whole lot of a a appeal
POOL	16082	0.344947708	1,5,8,10,11,12,13,14,15,16	eh whole lot of a a a be a you'll
POOL	16083	0.344909841	1,5,8,10,11,12,13,16	eh whole lot of a a a basil
POOL	16084	0.344798436	1,5,8,10,11,12,13,14,15,16	eh whole lot of a a a a a loo
POOL	16085	0.344743965	1,5,8,10,11,12,13,14,15,16	eh whole lot of a a a a a lew
POOL	16086	0.344671557	1,5,8,10,11,12,13,14,15,16	eh whole lot of a a a a a eel
POOL	16087	0.344664068	1,5,8,10,11,12,13,14,16	eh whole lot of a a a a err
POOL	16088	0.344659270	1,5,8,10,11,12,13,16	eh whole lot of a a a bowel
POOL	16089	0.344639511	1,5,8,10,11,12,13,14,15,16	eh whole lot of a a a a a il
POOL	16090	0.344608520	1,5,8,10,11,12,13,16	eh whole lot of a a a beetle
POOL	16091	0.344535218	1,5,8,10,11,12,13,16	eh whole lot of a a a buckle
POOL	16092	0.344489096	1,5,8,10,11,12,13,16	eh whole lot of a a a abel
POOL	16093	0.344431234	1,5,8,10,11,12,13,14,15,16	eh whole lot of a a a a a ahl
POOL	16094	0.344430091	1,5,8,10,11,12,13,14,16	eh whole lot of a a a of ell
POOL	16095	0.344422054	1,5,8,10,11,12,13,14,15,16	eh whole lot of a a a a a li
POOL	16096	0.344408755	1,5,8,10,11,12,13,14,15,16	eh whole lot of a a a a a earle
POOL	16097	0.344377908	1,5,8,10,11,12,13,16	eh whole lot of a a a rubble
POOL	16098	0.344345806	1,5,8,10,11,12,13,16	eh whole lot of a a a basel
POOL	16099	0.344250807	1,5,8,10,11,12,13,14,15,16	eh whole lot of a a a a a ell
POOL	16100	0.344159343	1,5,8,10,11,12,13,14,16	eh whole lot of a a a a ere
POOL	16101	0.344150840	1,5,8,10,11,12,13,16	eh whole lot of a a a pebble
POOL	16102	0.344142009	1,5,8,10,11,12,13,14,15,16	eh whole lot of a a a be a shall
POOL	16103	0.344141205	1,5,8,10,11,12,13,14,16	eh whole lot of a a a a eyre
POOL	16104	0.344110227	1,5,8,10,11,12,13,16	eh whole lot of a a an dare
POOL	16105	0.344110227	1,5,8,10,11,12,13,16	eh whole lot of a a as dare
POOL	16106	0.344110227	1,5,8,10,11,12,13,16	eh whole lot of a a at dare
POOL	16107	0.343936034	1,5,8,10,11,12,13,16	eh whole lot of a a a be
POOL	16108	0.343872339	1,5,8,10,11,12,13,16	eh whole lot of a a a bearer
POOL	16109	0.343871364	1,5,8,10,11,12,13,16	eh whole lot of a a a bali
POOL	16110	0.343857870	1,5,8,10,11,12,13,16	eh whole lot of a a a feeble
POOL	16111	0.343735096	1,5,8,10,11,12,13,16	eh whole lot of a a a abba
POOL	16112	0.343668475	1,5,8,10,11,12,13,14,15,16	eh whole lot of a a a a a lah
POOL	16113	0.343660670	1,5,8,10,11,12,13,16	eh whole lot of a a a hubble
POOL	16114	0.343647552	1,5,8,10,11,12,13,16	eh whole lot of a a a bethel
POOL	16115	0.343603289	1,5,8,10,11,12,13,14,15,16	eh whole lot of a a a a a leh
POOL	16116	0.343591496	1,5,8,10,11,12,13,16	eh whole lot of a a a barrie
POOL	16117	0.343534407	1,5,8,10,11,12,13,16	eh whole lot of a a a beagle
POOL	16118	0.343427798	1,5,8,10,11,12,13,14,16	eh whole lot of a a a a ahl
POOL	16119	0.343426073	1,5,8,10,11,12,13,16	eh whole lot of a a a wobble
POOL	16120	0.343416305	1,5,8,10,11,12,13,16	eh whole lot of a a a iqbal
POOL	16121	0.343411407	1,5,8,10,11,12,13,16	eh whole lot of a a a rabble
POOL	16122	0.343386553	1,5,8,10,11,12,13,14,16	eh whole lot of a a a a aer
POOL	16123	0.343357065	1,5,8,10,11,12,13,16	eh whole lot of a a a bustle
POOL	16124	0.343287370	1,5,8,10,11,12,13,14,15,16	eh whole lot of a a a be a till
POOL	16125	0.343207373	1,5,8,10,11,12,13,16	eh whole lot of a a a babel
POOL	16126	0.343206914	1,5,8,10,11,12,13,16	eh whole lot of a a a beryl
POOL	16127	0.343140918	1,5,8,10,11,12,13,16	eh whole lot of a a a baal
POOL	16128	0.343140696	1,5,8,10,11,12,13,16	eh whole lot of a a a banal
POOL	16129	0.343119728	1,5,8,10,11,12,13,16	eh whole lot of a a a evil
POOL	16130	0.343081941	1,5,8,10,11,12,13,16	eh whole lot of a a a barre
POOL	16131	0.343066609	1,5,8,10,11,12,13,16	eh whole lot of a a a nibble
POOL	16132	0.343030012	1,5,8,10,11,12,13,16	eh whole lot of a a a gobble
POOL	16133	0.343028698	1,5,8,10,11,12,13,16	eh whole lot of a a a iba
POOL	16134	0.343027095	1,5,8,10,11,12,13,16	eh whole lot of a a a bully
POOL	16135	0.342995184	1,5,8,10,11,12,13,14,16	eh whole lot of a a a a eel
POOL	16136	0.342930460	1,5,8,10,11,12,13,16	eh whole lot of a a a delhi
POOL	16137	0.342720679	1,5,8,10,11,12,13,14,15,16	eh whole lot of a a a a a lu
POOL	16138	0.342588835	1,5,8,10,11,12,13,14,16	eh whole lot of a a a be dare
POOL	16139	0.342291135	1,5,8,10,11,12,16	eh whole lot of a for no.
POOL	16140	0.342266725	1,5,8,10,11,12,13,16	eh whole lot of a a a ibn
POOL	16141	0.342024021	1,5,8,10,11,12,13,16	eh whole lot of a a a bala
POOL	16142	0.341746563	1,5,8,10,11,12,16	eh whole lot of a for trouble
POOL	16143	0.340681319	1,5,8,10,11,12,13,16	eh whole lot of a a a adele
POOL	16144	0.340647300	1,5,8,10,11,12,13,16	eh whole lot of a a a dare
POOL	16145	0.340602839	1,5,8,10,11,12,13,16	eh whole lot of a a a della
POOL	16146	0.340455507	1,5,8,10,11,12,13,16	eh whole lot of a a a burley
POOL	16147	0.340445251	1,5,8,10,11,12,13,16	eh whole lot of a a a deli
POOL	16148	0.340394671	1,5,8,10,11,12,13,16	eh whole lot of a a a burly
POOL	16149	0.340014349	1,5,8,10,11,12,16	eh whole lot of a as no.
POOL	16150	0.339469777	1,5,8,10,11,12,16	eh whole lot of a as trouble
POOL	16151	0.339319340	1,5,8,10,11,12,13,14,16	eh whole lot of a a a be the
POOL	16152	0.337833395	1,5,8,10,11,12,13,16	eh whole lot of a a a dl
POOL	16153	0.336888785	1,5,8,10,11,12,13,14,16	eh whole lot of a a a up a
POOL	16154	0.336772321	1,5,8,10,11,12,13,14,16	eh whole lot of a a a do a
POOL	16155	0.336068797	1,5,8,10,11,12,13,14,16	eh whole lot of a a a be along
POOL	16156	0.335367515	1,5,8,10,11,12,13,16	eh whole lot of a a a till
POOL	16157	0.334488010	2,3,4,6,8,10,16	a a a all not of trouble
POOL	16158	0.334319340	1,5,8,10,11,12,13,14,16	eh whole lot of a a a been a
POOL	16159	0.334319340	1,5,8,10,11,12,13,14,16	eh whole lot of a a a but a
POOL	16160	0.334042957	1,5,8,10,11,12,13,14,15,16	eh whole lot of a a a a a all
POOL	16161	0.333984060	1,5,8,10,11,12,13,16	eh whole lot of a a are a
POOL	16162	0.333763785	1,5,8,10,11,12,13,14,16	eh whole lot of a a a by a
POOL	16163	0.333542957	1,5,8,10,11,12,13,14,15,16	eh whole lot of a a a be a a
POOL	16164	0.332769709	1,5,8,10,11,12,13,14,16	eh whole lot of a a a be it'll
POOL	16165	0.332278398	2,3,4,6,8,10,16	a a a all at of trouble
POOL	16166	0.330237564	1,5,8,10,11,12,16	eh whole lot of a a no.
POOL	16167	0.329962103	2,3,4,6,8,10,16	a a a all up of trouble
POOL	16168	0.329692992	1,5,8,10,11,12,16	eh whole lot of a a trouble
POOL	16169	0.327648451	1,5,8,10,11,12,13,16	eh whole lot of a a a a
POOL	16170	0.317652674	1,5,8,10,11,12,13,14,16	eh whole lot of a a a a a
POOL	16171	0.284086225	1,2,3,4,8,10,16	a a a a not of trouble
POOL	16172	0.276903021	1,2,3,4,5,8,10,16	a a a a all not of trouble
VIS	0	0	0.895325779	2,4,7,11,14,16	us oh la cut rub al
VIS	1	1	0.893952516	2,4,7,11,14,16	ass oh la cut rub al
VIS	2	2	0.892657787	2,4,7,11,14,16	us oh la cut rub air
VIS	3	3	0.892609755	2,4,7,11,14,16	us oh la tut rub al
VIS	4	4	0.891454835	2,4,7,11,14,16	s oh la cut rub al
VIS	5	5	0.891284523	2,4,7,11,14,16	ass oh la cut rub air
VIS	6	6	0.891236491	2,4,7,11,14,16	ass oh la tut rub al
VIS	7	7	0.890669770	4,6,7,11,14,16	show lol ahh cut rub al
VIS	8	8	0.890465560	4,6,7,11,14,16	show lol awe cut rub al
VIS	9	9	0.890372872	4,6,7,11,14,16	show lol ah cut rub al
VIS	10	10	0.889895615	2,4,7,11,13,16	us oh la cut run bell
VIS	11	11	0.889546914	2,4,7,11,13,16	us oh la cut raw bell
VIS	12	12	0.889366462	2,4,7,11,13,16	us oh la cut run bill
VIS	13	13	0.889017762	2,4,7,11,13,16	us oh la cut raw bill
VIS	14	14	0.888522351	2,4,7,11,13,16	ass oh la cut run bell
VIS	15	15	0.888400593	4,6,7,11,14,16	show real ahh cut rub al
VIS	16	16	0.888173651	2,4,7,11,13,16	ass oh la cut raw bell
VIS	17	17	0.887993199	2,4,7,11,13,16	ass oh la cut run bill
VIS	18	18	0.887942170	2,4,7,11,13,16	us oh la cut yeah bell
VIS	19	19	0.887644498	2,4,7,11,13,16	ass oh la cut raw bill
VIS	20	20	0.886004845	2,6,7,11,14,16	us ole ahh cut rub al
VIS	21	21	0.885800635	2,6,7,11,14,16	us ole awe cut rub al
VIS	22	22	0.885707948	2,6,7,11,14,16	us ole ah cut rub al
VIS	23	23	0.885261397	4,7,9,11,14,16	show la ca that rub al
VIS	24	24	0.885239605	4,6,7,11,13,16	show lol ahh cut run bell
VIS	25	25	0.885035395	4,6,7,11,13,16	show lol awe cut run bell
VIS	26	26	0.884942708	4,6,7,11,13,16	show lol ah cut run bell
VIS	27	27	0.884890905	4,6,7,11,13,16	show lol ahh cut raw bell
VIS	28	28	0.884710453	4,6,7,11,13,16	show lol ahh cut run bill
VIS	29	29	0.884686695	4,6,7,11,13,16	show lol awe cut raw bell
VIS	30	30	0.884631581	2,6,7,11,14,16	ass ole ahh cut rub al
VIS	31	31	0.884594007	4,6,7,11,13,16	show lol ah cut raw bell
VIS	32	32	0.884506243	4,6,7,11,13,16	show lol awe cut run bill
VIS	33	33	0.884482248	6,7,9,11,14,16	hole ahh ca that rub al
VIS	34	34	0.884278038	6,7,9,11,14,16	hole awe ca that rub al
VIS	35	35	0.884185351	6,7,9,11,14,16	hole ah ca that rub al
VIS	36	36	0.883794466	4,7,9,11,14,16	show la tough that rub al
VIS	37	37	0.883380534	4,7,9,11,14,16	show la come that rub al
VIS	38	38	0.883015317	6,7,9,11,14,16	hole ahh tough that rub al
VIS	39	39	0.882811107	6,7,9,11,14,16	hole awe tough that rub al
VIS	40	40	0.882718420	6,7,9,11,14,16	hole ah tough that rub al
VIS	41	41	0.882601385	6,7,9,11,14,16	hole ahh come that rub al
VIS	42	42	0.882593405	4,7,9,11,14,16	show la ca that rub air
VIS	43	43	0.882488501	2,5,7,11,14,16	us ole la cut rub al
VIS	44	44	0.882397175	6,7,9,11,14,16	hole awe come that rub al
VIS	45	45	0.882304488	6,7,9,11,14,16	hole ah come that rub al
VIS	46	46	0.882254945	4,7,9,11,14,16	home la ca that rub al
VIS	47	47	0.881814256	6,7,9,11,14,16	hole ahh ca that rub air
VIS	48	48	0.881662044	6,7,9,11,14,16	hole ahh top that rub al
VIS	49	49	0.881655059	4,6,9,11,14,16	show lol got that rub al
POOLSIZE	16173
