POOL	0	0.900736681	2,4,6,10,13,15,16	one ta re- go inc food ooh
POOL	1	0.899782340	1,2,4,6,10,13,16	ooh a ta re- go inc due
POOL	2	0.899689332	2,4,6,10,13,15,16	one ta re- go inc food oooh
POOL	3	0.899541929	1,2,4,6,10,13,16	were uhh ta re- go inc due
POOL	4	0.899448708	2,4,6,10,13,15,16	one ta re- go inc food new
POOL	5	0.899364728	2,4,6,10,13,15,16	one top re- go inc food ooh
POOL	6	0.898827644	1,2,4,6,10,13,16	we uhh ta re- go inc due
POOL	7	0.898734992	1,2,4,6,10,13,16	oooh a ta re- go inc due
POOL	8	0.898648481	1,2,4,6,10,13,16	were uh ta re- go inc due
POOL	9	0.898494367	1,2,4,6,10,13,16	new a ta re- go inc due
POOL	10	0.898410388	1,2,4,6,10,13,16	ooh a top re- go inc due
POOL	11	0.898169977	1,2,4,6,10,13,16	were uhh top re- go inc due
POOL	12	0.897938108	2,4,6,10,13,14,16	one ta re- go inc ooh due
POOL	13	0.897938108	2,4,6,7,10,13,16	one ta re- ooh go inc due
POOL	14	0.897934195	1,2,4,6,10,13,16	we uh ta re- go inc due
POOL	15	0.897641127	1,2,4,6,10,13,16	ooh uhh ta re- go inc due
POOL	16	0.897547038	1,2,4,6,10,13,16	too a ta re- go inc due
POOL	17	0.897455691	1,2,4,6,10,13,16	we uhh top re- go inc due
POOL	18	0.897363039	1,2,4,6,10,13,16	oooh a top re- go inc due
POOL	19	0.897276529	1,2,4,6,10,13,16	were uh top re- go inc due
POOL	20	0.897122415	1,2,4,6,10,13,16	new a top re- go inc due
POOL	21	0.897081992	1,2,4,6,10,13,16	ooh a ta re- go ink due
POOL	22	0.896890759	2,4,6,10,13,14,16	one ta re- go inc oooh due
POOL	23	0.896890759	2,4,6,7,10,13,16	one ta re- oooh go inc due
POOL	24	0.896841580	1,2,4,6,10,13,16	were uhh ta re- go ink due
POOL	25	0.896747678	1,2,4,6,10,13,16	ooh uh ta re- go inc due
POOL	26	0.896650135	2,4,6,10,13,14,16	one ta re- go inc new due
POOL	27	0.896650135	2,4,6,7,10,13,16	one ta re- new go inc due
POOL	28	0.896593778	1,2,4,6,10,13,16	oooh uhh ta re- go inc due
POOL	29	0.896566155	2,4,6,7,10,13,16	one top re- ooh go inc due
POOL	30	0.896566155	2,4,6,10,13,14,16	one top re- go inc ooh due
POOL	31	0.896562243	1,2,4,6,10,13,16	we uh top re- go inc due
POOL	32	0.896353154	1,2,4,6,10,13,16	new uhh ta re- go inc due
POOL	33	0.896269174	1,2,4,6,10,13,16	ooh uhh top re- go inc due
POOL	34	0.896175086	1,2,4,6,10,13,16	too a top re- go inc due
POOL	35	0.896127295	1,2,4,6,10,13,16	we uhh ta re- go ink due
POOL	36	0.896079944	1,2,4,6,10,13,16	ooh uhh ta re- go it due
POOL	37	0.896034643	1,2,4,6,10,13,16	oooh a ta re- go ink due
POOL	38	0.896029834	2,4,6,8,10,13,16	one ta re- ooh oh inc due
POOL	39	0.896022490	1,2,4,6,10,13,16	ou a ta re- go inc due
POOL	40	0.895948132	1,2,4,6,10,13,16	were uh ta re- go ink due
POOL	41	0.895794019	1,2,4,6,10,13,16	new a ta re- go ink due
POOL	42	0.895750404	2,4,6,10,13,14,16	won ta re- go inc ooh due
POOL	43	0.895750404	2,4,6,7,10,13,16	won ta re- ooh go inc due
POOL	44	0.895710039	1,2,4,6,10,13,16	ooh a top re- go ink due
POOL	45	0.895702805	2,4,6,10,13,14,16	one ta re- go inc too due
POOL	46	0.895702805	2,4,6,7,10,13,16	one ta re- too go inc due
POOL	47	0.895700330	1,2,4,6,10,13,16	oooh uh ta re- go inc due
POOL	48	0.895560694	1,2,4,6,10,13,16	were a ta re- go inc due
POOL	49	0.895518806	2,4,6,7,10,13,16	one top re- oooh go inc due
POOL	50	0.895518806	2,4,6,10,13,14,16	one top re- go inc oooh due
POOL	51	0.895469628	1,2,4,6,10,13,16	were uhh top re- go ink due
POOL	52	0.895459706	1,2,4,6,10,13,16	new uh ta re- go inc due
POOL	53	0.895278182	2,4,6,7,10,13,16	one top re- new go inc due
POOL	54	0.895278182	2,4,6,10,13,14,16	one top re- go inc new due
POOL	55	0.895237759	2,4,6,10,13,14,16	one ta re- go ink ooh due
POOL	56	0.895237759	2,4,6,7,10,13,16	one ta re- ooh go ink due
POOL	57	0.894982485	2,4,6,8,10,13,16	one ta re- oooh oh inc due
POOL	58	0.894741861	2,4,6,8,10,13,16	one ta re- new oh inc due
POOL	59	0.894703055	2,4,6,10,13,14,16	won ta re- go inc oooh due
POOL	60	0.894703055	2,4,6,7,10,13,16	won ta re- oooh go inc due
POOL	61	0.894657881	2,4,6,8,10,13,16	one top re- ooh oh inc due
POOL	62	0.894569902	2,4,6,10,13,14,16	wah ta re- go inc ooh due
POOL	63	0.894569902	2,4,6,7,10,13,16	wah ta re- ooh go inc due
POOL	64	0.894462431	2,4,6,7,10,13,16	won ta re- new go inc due
POOL	65	0.894378451	2,4,6,7,10,13,16	won top re- ooh go inc due
POOL	66	0.894330853	2,4,6,7,10,13,16	one top re- too go inc due
POOL	67	0.894190410	2,4,6,7,10,13,16	one ta re- oooh go ink due
POOL	68	0.894189221	2,4,6,7,10,13,16	won ta re- ooh go it due
POOL	69	0.894178257	2,4,6,7,10,13,16	one ta re- ou go inc due
POOL	70	0.894176293	2,4,6,7,10,13,16	wha ta re- ooh go inc due
POOL	71	0.894142164	2,4,7,10,13,15,16	one ta liu go inc food ooh
POOL	72	0.893949786	2,4,6,7,10,13,16	one ta re- new go ink due
POOL	73	0.893865806	2,4,6,7,10,13,16	one top re- ooh go ink due
POOL	74	0.893842130	2,4,6,8,10,13,16	won ta re- ooh oh inc due
POOL	75	0.893708690	2,4,6,10,13,16	one top re- go inc to-do
POOL	76	0.893522553	2,4,6,7,10,13,16	wah ta re- oooh go inc due
POOL	77	0.893515101	2,4,6,7,10,13,16	won ta re- too go inc due
POOL	78	0.893378809	2,4,6,10,11,16	one top re- go see to-do
POOL	79	0.893331103	2,4,6,7,10,13,16	won top re- oooh go inc due
POOL	80	0.893281929	2,4,6,7,10,13,16	wah ta re- new go inc due
POOL	81	0.893225968	2,4,6,10,13,16	one ta re- go inc to-do
POOL	82	0.893187824	1,2,4,7,10,13,16	ooh a ta liu go inc due
POOL	83	0.893096934	2,4,6,10,12,16	one top re- go ing to-do
POOL	84	0.893094816	2,4,7,10,13,15,16	one ta liu go inc food oooh
POOL	85	0.893004486	1,2,6,10,13,15,16	ooh a car go inc food ooh
POOL	86	0.892966703	2,4,6,10,11,16	won top re- go a to-do
POOL	87	0.892947413	1,2,4,7,10,13,16	were uhh ta liu go inc due
POOL	88	0.892913029	2,4,6,10,12,15,16	one ta re- go ing too ooh
POOL	89	0.892896087	2,4,6,10,11,16	one ta re- go see to-do
POOL	90	0.892854191	2,4,7,10,13,15,16	one ta liu go inc food new
POOL	91	0.892770212	2,4,7,10,13,15,16	one top liu go inc food ooh
POOL	92	0.892614212	2,4,6,10,12,16	one ta re- go ing to-do
POOL	93	0.892483980	2,4,6,10,11,16	won ta re- go a to-do
POOL	94	0.892234171	1,2,6,10,13,15,16	ooh a tar go inc food ooh
POOL	95	0.892233890	2,4,8,10,13,15,16	one ta liu oh inc food ooh
POOL	96	0.892233127	1,2,4,7,10,13,16	we uhh ta liu go inc due
POOL	97	0.892140475	1,2,4,7,10,13,16	oooh a ta liu go inc due
POOL	98	0.892053965	1,2,4,7,10,13,16	were uh ta liu go inc due
POOL	99	0.891957137	1,2,6,10,13,15,16	ooh a car go inc food oooh
POOL	100	0.891957137	1,2,6,10,13,15,16	oooh a car go inc food ooh
POOL	101	0.891899851	1,2,4,7,10,13,16	new a ta liu go inc due
POOL	102	0.891865680	2,4,6,10,12,15,16	one ta re- go ing too oooh
POOL	103	0.891815872	1,2,4,7,10,13,16	ooh a top liu go inc due
POOL	104	0.891751607	2,4,6,10,13,16	won top re- go inc to-do
POOL	105	0.891625056	2,4,6,10,12,15,16	one ta re- go ing too new
POOL	106	0.891594700	2,4,8,10,13,15,16	one ta league oh inc food ooh
POOL	107	0.891575461	1,2,4,7,10,13,16	were uhh top liu go inc due
POOL	108	0.891541077	2,4,6,10,12,15,16	one top re- go ing too ooh
POOL	109	0.891421904	2,4,6,10,12,16	won top re- go in to-do
POOL	110	0.891421726	2,4,6,10,11,16	won top re- go see to-do
POOL	111	0.891339679	1,2,4,7,10,13,16	we uh ta liu go inc due
POOL	112	0.891279550	1,2,4,8,10,13,16	ooh a ta liu oh inc due
POOL	113	0.891268885	2,4,6,10,13,16	won ta re- go inc to-do
POOL	114	0.891190107	3,4,6,10,13,15,16	wut ahh re- go inc food ooh
POOL	115	0.891186542	2,4,8,10,13,15,16	one ta liu oh inc food oooh
POOL	116	0.891160253	2,6,7,10,13,15,16	one car ooh go inc food ooh
POOL	117	0.891139851	2,4,6,10,12,16	won top re- go ing to-do
POOL	118	0.891061691	2,4,6,10,11,16	won top re- go i to-do
POOL	119	0.891046610	1,2,4,7,10,13,16	ooh uhh ta liu go inc due
POOL	120	0.891039139	1,2,4,8,10,13,16	were uhh ta liu oh inc due
POOL	121	0.891015070	3,4,6,10,13,15,16	wut awe re- go inc food ooh
POOL	122	0.890952522	1,2,4,7,10,13,16	too a ta liu go inc due
POOL	123	0.890945917	2,4,8,10,13,15,16	one ta liu oh inc food new
POOL	124	0.890939182	2,4,6,10,12,16	won ta re- go in to-do
POOL	125	0.890939004	2,4,6,10,11,16	won ta re- go see to-do
POOL	126	0.890935624	3,4,6,10,13,15,16	wut ah re- go inc food ooh
POOL	127	0.890883204	4,6,7,10,13,15,16	wut re- ooh go inc food ooh
POOL	128	0.890861175	1,2,4,7,10,13,16	we uhh top liu go inc due
POOL	129	0.890768523	1,2,4,7,10,13,16	oooh a top liu go inc due
POOL	130	0.890725325	2,4,6,10,12,15,16	won ta re- go ing too ooh
POOL	131	0.890682012	1,2,4,7,10,13,16	were uh top liu go inc due
POOL	132	0.890657129	2,4,6,10,12,16	won ta re- go ing to-do
POOL	133	0.890642810	2,4,6,10,11,16	wah top re- go a to-do
POOL	134	0.890640360	1,2,4,8,10,13,16	ooh a ta league oh inc due
POOL	135	0.890578969	2,4,6,10,11,16	won ta re- go i to-do
POOL	136	0.890558283	2,4,6,10,13,16	one top re- go ink to-do
POOL	137	0.890554812	2,4,6,10,13,15,16	wut ta re- go inc food ooh
POOL	138	0.890527899	1,2,4,7,10,13,16	new a top liu go inc due
POOL	139	0.890493728	2,4,6,10,12,15,16	one top re- go ing too oooh
POOL	140	0.890487475	1,2,4,7,10,13,16	ooh a ta liu go ink due
POOL	141	0.890476942	2,4,6,10,12,16	one top re- go thing to-do
POOL	142	0.890457319	2,4,6,10,12,15,16	won ta re- go in too ooh
POOL	143	0.890399949	1,2,4,8,10,13,16	were uhh ta league oh inc due
POOL	144	0.890389938	2,6,7,10,13,15,16	one tar ooh go inc food ooh
POOL	145	0.890253104	2,4,6,10,12,15,16	one top re- go ing too new
POOL	146	0.890247064	1,2,4,7,10,13,16	were uhh ta liu go ink due
POOL	147	0.890228358	2,4,6,10,11,16	won top re- go if to-do
POOL	148	0.890228358	2,4,6,10,11,16	won top re- go is to-do
POOL	149	0.890228358	2,4,6,10,11,16	won top re- go it to-do
POOL	150	0.890216404	2,4,6,10,11,15,16	won ta re- go a too ooh
POOL	151	0.890183600	2,4,6,10,11,16	wha top re- go a to-do
POOL	152	0.890160088	2,4,6,10,11,16	wah ta re- go a to-do
POOL	153	0.890153162	1,2,4,7,10,13,16	ooh uh ta liu go inc due
POOL	154	0.890142758	3,4,6,10,13,15,16	wut ahh re- go inc food oooh
POOL	155	0.890112904	2,6,7,10,13,15,16	one car ooh go inc food oooh
POOL	156	0.890112904	2,6,7,10,13,15,16	one car oooh go inc food ooh
POOL	157	0.890075561	2,4,6,10,13,16	one ta re- go ink to-do
POOL	158	0.889999262	1,2,4,7,10,13,16	oooh uhh ta liu go inc due
POOL	159	0.889994220	2,4,6,10,12,16	one ta re- go thing to-do
POOL	160	0.889967727	1,2,4,7,10,13,16	we uh top liu go inc due
POOL	161	0.889967721	3,4,6,10,13,15,16	wut awe re- go inc food oooh
POOL	162	0.889902134	3,4,6,10,13,15,16	wut ahh re- go inc food new
POOL	163	0.889888275	3,4,6,10,13,15,16	wut ah re- go inc food oooh
POOL	164	0.889864203	2,4,6,10,13,16	one top re- go think to-do
POOL	165	0.889835856	4,6,7,10,13,15,16	wut re- ooh go inc food oooh
POOL	166	0.889835856	4,6,7,10,13,15,16	wut re- oooh go inc food ooh
POOL	167	0.889812511	2,4,6,10,11,16	one top re- go eye to-do
POOL	168	0.889774870	1,2,4,7,10,13,16	ooh a ta new go inc due
POOL	169	0.889761276	2,4,6,10,11,15,16	one ta re- go see too ooh
POOL	170	0.889745635	2,4,6,10,11,16	won ta re- go if to-do
POOL	171	0.889745635	2,4,6,10,11,16	won ta re- go is to-do
POOL	172	0.889745635	2,4,6,10,11,16	won ta re- go it to-do
POOL	173	0.889700878	2,4,6,10,11,16	wha ta re- go a to-do
POOL	174	0.889595231	4,6,7,10,13,15,16	wut re- new go inc food ooh
POOL	175	0.889595231	4,6,7,10,13,15,16	wut re- ooh go inc food new
POOL	176	0.889435317	2,4,8,10,13,14,16	one ta liu oh inc ooh due
POOL	177	0.889427715	2,4,6,10,13,16	wah top re- go inc to-do
POOL	178	0.889381481	2,4,6,10,13,16	one ta re- go think to-do
POOL	179	0.889329789	2,4,6,10,11,16	one ta re- go eye to-do
POOL	180	0.889251979	2,6,8,10,13,15,16	one car ooh oh inc food ooh
POOL	181	0.889169055	2,4,6,10,11,15,16	won ta re- go a too oooh
POOL	182	0.889114245	2,4,6,10,11,16	wa top re- go a to-do
POOL	183	0.889098012	2,4,6,10,12,16	wah top re- go in to-do
POOL	184	0.889097834	2,4,6,10,11,16	wah top re- go see to-do
POOL	185	0.889035902	2,4,6,10,11,15,16	wah ta re- go a too ooh
POOL	186	0.888985742	2,4,6,10,13,16	were top re- go inc to-do
POOL	187	0.888974930	4,6,8,10,13,15,16	wut re- ooh oh inc food ooh
POOL	188	0.888968504	2,4,6,10,13,16	wha top re- go inc to-do
POOL	189	0.888944993	2,4,6,10,13,16	wah ta re- go inc to-do
POOL	190	0.888928431	2,4,6,10,11,15,16	won ta re- go a too new
POOL	191	0.888844452	2,4,6,10,11,15,16	won top re- go a too ooh
POOL	192	0.888815959	2,4,6,10,12,16	wah top re- go ing to-do
POOL	193	0.888796127	2,4,8,10,13,14,16	one ta league oh inc ooh due
POOL	194	0.888737799	2,4,6,10,11,16	wah top re- go i to-do
POOL	195	0.888713927	2,4,6,10,11,15,16	one ta re- go see too oooh
POOL	196	0.888655861	2,4,6,10,11,16	were top re- go see to-do
POOL	197	0.888638801	2,4,6,10,12,16	wha top re- go in to-do
POOL	198	0.888638623	2,4,6,10,11,16	wha top re- go see to-do
POOL	199	0.888631523	2,4,6,10,11,16	wa ta re- go a to-do
POOL	200	0.888615289	2,4,6,10,12,16	wah ta re- go in to-do
POOL	201	0.888615111	2,4,6,10,11,16	wah ta re- go see to-do
POOL	202	0.888601200	2,4,6,10,13,16	won top re- go ink to-do
POOL	203	0.888545657	2,4,6,10,13,16	one tom re- go inc to-do
POOL	204	0.888519859	2,4,6,10,12,16	won top re- go thing to-do
POOL	205	0.888503020	2,4,6,10,13,16	were ta re- go inc to-do
POOL	206	0.888485782	2,4,6,10,13,16	wha ta re- go inc to-do
POOL	207	0.888481664	2,6,8,10,13,15,16	one tar ooh oh inc food ooh
POOL	208	0.888406287	2,4,6,10,13,15,16	one tock re- go inc food ooh
POOL	209	0.888387968	2,4,8,10,13,14,16	one ta liu oh inc oooh due
POOL	210	0.888373986	2,4,6,10,12,16	were top re- go ing to-do
POOL	211	0.888356748	2,4,6,10,12,16	wha top re- go ing to-do
POOL	212	0.888333236	2,4,6,10,12,16	wah ta re- go ing to-do
POOL	213	0.888297638	1,2,6,8,10,13,16	ooh a car ooh oh inc due
POOL	214	0.888278588	2,4,6,10,11,16	wha top re- go i to-do
POOL	215	0.888255077	2,4,6,10,11,16	wah ta re- go i to-do
POOL	216	0.888215776	2,4,6,10,11,16	one tom re- go see to-do
POOL	217	0.888204630	2,6,8,10,13,15,16	one car ooh oh inc food oooh
POOL	218	0.888204630	2,6,8,10,13,15,16	one car oooh oh inc food ooh
POOL	219	0.888173139	2,4,6,10,11,16	were ta re- go see to-do
POOL	220	0.888156079	2,4,6,10,12,16	wha ta re- go in to-do
POOL	221	0.888155901	2,4,6,10,11,16	wha ta re- go see to-do
POOL	222	0.888147344	2,4,8,10,13,14,16	one ta liu oh inc new due
POOL	223	0.888118478	2,4,6,10,13,16	won ta re- go ink to-do
POOL	224	0.888083668	2,4,6,10,11,16	one top re- go ill to-do
POOL	225	0.888057227	1,2,6,8,10,13,16	were uhh car ooh oh inc due
POOL	226	0.888037137	2,4,6,10,12,16	won ta re- go thing to-do
POOL	227	0.888010258	2,4,7,10,13,14,16	one ta liu go inc ooh due
POOL	228	0.887933901	2,4,6,10,12,16	one tom re- go ing to-do
POOL	229	0.887927582	4,6,8,10,13,15,16	wut re- ooh oh inc food oooh
POOL	230	0.887927582	4,6,8,10,13,15,16	wut re- oooh oh inc food ooh
POOL	231	0.887907120	2,4,6,10,13,16	won top re- go think to-do
POOL	232	0.887904465	2,4,6,10,11,16	wah top re- go if to-do
POOL	233	0.887904465	2,4,6,10,11,16	wah top re- go is to-do
POOL	234	0.887904465	2,4,6,10,11,16	wah top re- go it to-do
POOL	235	0.887899150	2,4,6,10,13,16	wa top re- go inc to-do
POOL	236	0.887891264	2,4,6,10,12,16	were ta re- go ing to-do
POOL	237	0.887874026	2,4,6,10,12,16	wha ta re- go ing to-do
POOL	238	0.887855428	2,4,6,10,11,16	won top re- go eye to-do
POOL	239	0.887803670	2,4,6,10,11,16	won tom re- go a to-do
POOL	240	0.887795866	2,4,6,10,11,16	wha ta re- go i to-do
POOL	241	0.887686957	4,6,8,10,13,15,16	wut re- new oh inc food ooh
POOL	242	0.887686957	4,6,8,10,13,15,16	wut re- ooh oh inc food new
POOL	243	0.887600946	2,4,6,10,11,16	one ta re- go ill to-do
POOL	244	0.887569447	2,4,6,10,12,16	wa top re- go in to-do
POOL	245	0.887569269	2,4,6,10,11,16	wa top re- go see to-do
POOL	246	0.887527323	1,2,6,8,10,13,16	ooh a tar ooh oh inc due
POOL	247	0.887445255	2,4,6,10,11,16	wha top re- go if to-do
POOL	248	0.887445255	2,4,6,10,13,16	wha top re- go it to-do
POOL	249	0.887424398	2,4,6,10,13,16	won ta re- go think to-do
POOL	250	0.887421743	2,4,6,10,13,16	wah ta re- go it to-do
POOL	251	0.887416427	2,4,6,10,13,16	wa ta re- go inc to-do
POOL	252	0.887342942	1,2,6,8,10,13,16	we uhh car ooh oh inc due
POOL	253	0.887287394	2,4,6,10,12,16	wa top re- go ing to-do
POOL	254	0.887174153	2,4,6,10,14,16	won top re- go into due
POOL	255	0.887126697	1,2,6,10,13,16	new a car go inc to-do
POOL	256	0.887086724	2,4,6,10,12,16	wa ta re- go in to-do
POOL	257	0.887057904	1,2,4,8,10,13,16	were a ta liu oh inc due
POOL	258	0.886962909	2,4,7,10,13,14,16	one ta liu go inc oooh due
POOL	259	0.886962533	2,4,6,10,13,16	wha ta re- go it to-do
POOL	260	0.886888532	2,4,6,10,13,16	was top re- go inc to-do
POOL	261	0.886849449	2,4,6,10,13,16	one top re- go eat to-do
POOL	262	0.886804671	2,4,6,10,12,16	wa ta re- go ing to-do
POOL	263	0.886802923	2,4,6,10,13,16	a top re- go inc to-do
POOL	264	0.886796816	1,2,6,10,11,16	new a car go see to-do
POOL	265	0.886789123	2,4,6,10,13,16	one top lee go inc to-do
POOL	266	0.886774379	2,4,6,10,13,16	one too re- go inc to-do
POOL	267	0.886722285	2,4,7,10,13,14,16	one ta liu go inc new due
POOL	268	0.886692375	2,4,6,10,12,16	one top re- go king to-do
POOL	269	0.886691431	2,4,6,10,14,16	won ta re- go into due
POOL	270	0.886641367	2,4,6,10,13,16	one da re- go inc to-do
POOL	271	0.886638306	2,4,7,10,13,14,16	one top liu go inc ooh due
POOL	272	0.886594746	2,4,6,10,13,16	one top free go inc to-do
POOL	273	0.886588574	2,4,6,10,13,16	won tom re- go inc to-do
POOL	274	0.886545999	1,2,6,10,13,16	ooh a car go inc to-do
POOL	275	0.886514941	1,2,6,10,12,16	new a car go ing to-do
POOL	276	0.886405810	2,4,6,10,13,16	was ta re- go inc to-do
POOL	277	0.886391309	2,4,6,10,12,16	one top re- go inn to-do
POOL	278	0.886375900	2,4,6,10,13,16	wa top re- go it to-do
POOL	279	0.886366727	2,4,6,10,13,16	one ta re- go eat to-do
POOL	280	0.886281659	2,4,6,10,11,15,16	one ta re- go a too ooh
POOL	281	0.886276776	2,4,6,10,12,16	was top re- go ing to-do
POOL	282	0.886258871	2,4,6,10,12,16	won tom re- go in to-do
POOL	283	0.886216118	1,2,6,10,11,16	ooh a car go see to-do
POOL	284	0.886209653	2,4,6,10,12,16	one ta re- go king to-do
POOL	285	0.886195967	2,4,6,10,12,16	wah top re- go thing to-do
POOL	286	0.886191167	2,4,6,10,12,16	a top re- go ing to-do
POOL	287	0.886177367	2,4,6,10,12,16	one top lee go ing to-do
POOL	288	0.886162623	2,4,6,10,12,16	one too re- go ing to-do
POOL	289	0.886156225	1,2,6,10,13,16	were uhh car go inc to-do
POOL	290	0.886049338	1,2,4,6,10,14,16	ooh a ta re- go too due
POOL	291	0.886029611	2,4,6,10,12,16	one da re- go ing to-do
POOL	292	0.886021480	1,2,6,10,13,16	too a car go inc to-do
POOL	293	0.885982989	2,4,6,10,12,16	one top free go ing to-do
POOL	294	0.885976818	2,4,6,10,12,16	won tom re- go ing to-do
POOL	295	0.885934243	1,2,6,10,12,16	ooh a car go ing to-do
POOL	296	0.885930749	2,5,8,10,13,15,16	one car yoo oh inc food ooh
POOL	297	0.885908587	2,4,6,10,12,16	one ta re- go inn to-do
POOL	298	0.885826344	1,2,6,10,11,16	were uhh car go see to-do
POOL	299	0.885794054	2,4,6,10,12,16	was ta re- go ing to-do
POOL	300	0.885753994	2,4,6,10,12,16	were top re- go thing to-do
POOL	301	0.885713244	2,4,6,10,12,16	wah ta re- go thing to-do
POOL	302	0.885708444	2,4,6,10,12,16	a ta re- go ing to-do
POOL	303	0.885694645	2,4,6,10,12,16	one ta lee go ing to-do
POOL	304	0.885691599	1,2,6,10,11,16	too a car go see to-do
POOL	305	0.885544469	1,2,6,10,12,16	were uhh car go ing to-do
POOL	306	0.885500267	2,4,6,10,12,16	one ta free go ing to-do
POOL	307	0.885433717	2,4,8,10,12,14,16	one ta liu oh ing too due
POOL	308	0.885409724	1,2,6,10,12,16	too a car go ing to-do
POOL	309	0.885370482	2,5,8,10,13,15,16	one car u oh inc food ooh
POOL	310	0.885324092	1,2,6,10,13,16	oooh a car go inc to-do
POOL	311	0.885322892	1,2,6,10,13,16	we uhh car go inc to-do
POOL	312	0.885313909	2,4,6,10,12,16	one tom re- go thing to-do
POOL	313	0.885287987	1,2,6,10,11,16	new uhh car go a to-do
POOL	314	0.885160434	2,5,8,10,13,15,16	one tar yoo oh inc food ooh
POOL	315	0.885130008	2,4,6,10,13,15,16	one ta reed go inc food ooh
POOL	316	0.885113869	1,2,6,10,13,16	were uh car go inc to-do
POOL	317	0.885058201	3,4,6,7,10,13,16	wut ahh re- ooh go inc due
POOL	318	0.885038032	1,2,6,10,13,16	new a tar go inc to-do
POOL	319	0.885001989	1,2,4,6,10,14,16	oooh a ta re- go too due
POOL	320	0.884994211	1,2,6,10,11,16	oooh a car go see to-do
POOL	321	0.884993011	1,2,6,10,11,16	we uhh car go see to-do
POOL	322	0.884883164	3,4,6,7,10,13,16	wut awe re- ooh go inc due
POOL	323	0.884850261	2,4,6,10,14,16	wah top re- go into due
POOL	324	0.884803717	3,4,6,7,10,13,16	wut ah re- ooh go inc due
POOL	325	0.884794527	2,4,8,10,12,14,16	one ta league oh ing too due
POOL	326	0.884783988	1,2,6,10,11,16	were uh car go see to-do
POOL	327	0.884765088	2,4,7,10,13,16	one top liu go inc to-do
POOL	328	0.884761365	1,2,4,6,10,14,16	new a ta re- go too due
POOL	329	0.884712336	1,2,6,10,12,16	oooh a car go ing to-do
POOL	330	0.884711136	1,2,6,10,12,16	we uhh car go ing to-do
POOL	331	0.884708151	1,2,6,10,11,16	new a tar go see to-do
POOL	332	0.884707289	1,2,6,10,11,16	ooh uhh car go a to-do
POOL	333	0.884677386	1,2,4,6,10,14,16	ooh a top re- go too due
POOL	334	0.884502113	1,2,6,10,12,16	were uh car go ing to-do
POOL	335	0.884457334	1,2,6,10,13,16	ooh a tar go inc to-do
POOL	336	0.884435207	2,4,7,10,11,16	one top liu go see to-do
POOL	337	0.884426276	1,2,6,10,12,16	new a tar go ing to-do
POOL	338	0.884410239	2,4,8,10,12,15,16	one ta liu oh ing too ooh
POOL	339	0.884391050	2,4,6,10,14,16	wha top re- go into due
POOL	340	0.884367538	2,4,6,10,14,16	wah ta re- go into due
POOL	341	0.884282365	2,4,7,10,13,16	one ta liu go inc to-do
POOL	342	0.884280535	1,2,6,10,13,16	we uh car go inc to-do
POOL	343	0.884245631	1,2,6,10,11,16	new uh car go a to-do
POOL	344	0.884182770	1,2,6,10,11,16	too uhh car go a to-do
POOL	345	0.884127453	1,2,6,10,11,16	ooh a tar go see to-do
POOL	346	0.884084713	2,4,8,10,13,16	one top league oh inc to-do
POOL	347	0.884075992	1,2,6,8,10,13,16	were a car ooh oh inc due
POOL	348	0.884072892	1,2,6,10,13,16	new uhh car go inc to-do
POOL	349	0.884067560	1,2,6,10,13,16	were uhh tar go inc to-do
POOL	350	0.884061765	2,4,8,10,12,14,16	one top liu oh ing too due
POOL	351	0.884029674	1,2,4,6,11,16	new a top re- go to-do
POOL	352	0.884023100	2,4,7,10,11,16	won top liu go a to-do
POOL	353	0.884010852	3,4,6,7,10,13,16	wut ahh re- oooh go inc due
POOL	354	0.883976290	1,2,6,10,13,16	new a car go ink to-do
POOL	355	0.883952484	2,4,7,10,11,16	one ta liu go see to-do
POOL	356	0.883950654	1,2,6,10,11,16	we uh car go see to-do
POOL	357	0.883932814	1,2,6,10,13,16	too a tar go inc to-do
POOL	358	0.883921904	2,4,6,10,15,16	won top re- go into new
POOL	359	0.883908328	2,4,6,10,14,16	wha ta re- go into due
POOL	360	0.883908125	1,2,4,6,10,14,16	ooh uhh ta re- go too due
POOL	361	0.883894949	1,2,6,10,12,16	new a car go thing to-do
POOL	362	0.883886005	1,2,6,10,13,16	new a tree go inc to-do
POOL	363	0.883845578	1,2,6,10,12,16	ooh a tar go ing to-do
POOL	364	0.883835815	3,4,6,7,10,13,16	wut awe re- oooh go inc due
POOL	365	0.883788768	2,4,8,10,13,16	one top liu oh inc to-do
POOL	366	0.883771048	2,4,8,10,12,15,16	one ta league oh ing too ooh
POOL	367	0.883770228	3,4,6,7,10,13,16	wut ahh re- new go inc due
POOL	368	0.883756368	3,4,6,7,10,13,16	wut ah re- oooh go inc due
POOL	369	0.883754831	2,4,8,10,11,16	one top league oh see to-do
POOL	370	0.883743189	1,2,6,10,12,16	new uhh car go in to-do
POOL	371	0.883743011	1,2,6,10,11,16	new uhh car go see to-do
POOL	372	0.883737679	1,2,6,10,11,16	were uhh tar go see to-do
POOL	373	0.883668779	1,2,6,10,12,16	we uh car go ing to-do
POOL	374	0.883664933	1,2,6,10,11,16	ooh uh car go a to-do
POOL	375	0.883621888	2,4,7,10,11,15,16	won ta liu go a too ooh
POOL	376	0.883602933	1,2,6,10,11,16	too a tar go see to-do
POOL	377	0.883601990	2,4,8,10,13,16	one ta league oh inc to-do
POOL	378	0.883595191	3,4,6,7,10,13,16	wut awe re- new go inc due
POOL	379	0.883556124	1,2,6,10,11,16	new a tree go see to-do
POOL	380	0.883546951	1,2,4,6,11,16	new a ta re- go to-do
POOL	381	0.883540378	2,4,7,10,11,16	won ta liu go a to-do
POOL	382	0.883515744	3,4,6,7,10,13,16	wut ah re- new go inc due
POOL	383	0.883497018	3,4,6,7,10,13,16	wut ahh re- ooh go it due
POOL	384	0.883492194	1,2,6,10,13,16	ooh uhh car go inc to-do
POOL	385	0.883485382	1,2,6,10,11,16	oooh uhh car go a to-do
POOL	386	0.883472956	2,4,8,10,12,16	one top league oh ing to-do
POOL	387	0.883461136	1,2,6,10,12,16	new uhh car go ing to-do
POOL	388	0.883458887	2,4,8,10,11,16	one top liu oh see to-do
POOL	389	0.883455803	1,2,6,10,12,16	were uhh tar go ing to-do
POOL	390	0.883448975	1,2,4,6,11,16	ooh a top re- go to-do
POOL	391	0.883439182	2,4,6,10,15,16	won ta re- go into new
POOL	392	0.883422575	2,4,8,10,12,14,16	one top league oh ing too due
POOL	393	0.883395592	1,2,6,10,13,16	ooh a car go ink to-do
POOL	394	0.883382976	1,2,6,10,11,16	new uhh car go i to-do
POOL	395	0.883362890	2,4,8,10,12,15,16	one ta liu oh ing too oooh
POOL	396	0.883342725	2,4,8,10,11,16	won top league oh a to-do
POOL	397	0.883341206	2,4,6,10,15,16	won top re- go into ooh
POOL	398	0.883321981	3,4,6,7,10,13,16	wut awe re- ooh go it due
POOL	399	0.883321696	2,4,6,10,14,16	wa top re- go into due
POOL	400	0.883321058	1,2,6,10,12,16	too a tar go ing to-do
POOL	401	0.883314251	1,2,6,10,12,16	ooh a car go thing to-do
POOL	402	0.883306046	2,4,8,10,13,16	one ta liu oh inc to-do
POOL	403	0.883305307	1,2,6,10,13,16	ooh a tree go inc to-do
POOL	404	0.883285917	2,6,7,10,11,16	one car new go see to-do
POOL	405	0.883282210	1,2,6,10,13,16	new a car go think to-do
POOL	406	0.883281830	2,4,8,10,12,14,16	one ta rig oh ing too due
POOL	407	0.883274249	1,2,6,10,12,16	new a tree go ing to-do
POOL	408	0.883272109	2,4,8,10,11,16	one ta league oh see to-do
POOL	409	0.883246014	2,4,8,10,12,14,16	won ta liu oh ing too due
POOL	410	0.883242534	3,4,6,7,10,13,16	wut ah re- ooh go it due
POOL	411	0.883235427	1,2,6,10,13,16	oooh a tar go inc to-do
POOL	412	0.883234226	1,2,6,10,13,16	we uhh tar go inc to-do
POOL	413	0.883231225	2,4,7,10,13,16	one top new go inc to-do
POOL	414	0.883230518	1,2,6,10,11,16	new a car go eye to-do
POOL	415	0.883199322	1,2,6,10,11,16	new uhh tar go a to-do
POOL	416	0.883177012	2,4,8,10,12,16	one top liu oh ing to-do
POOL	417	0.883166759	2,4,7,10,11,15,16	one ta liu go see too ooh
POOL	418	0.883162490	1,2,6,10,12,16	ooh uhh car go in to-do
POOL	419	0.883162312	1,2,6,10,11,16	ooh uhh car go see to-do
POOL	420	0.883140413	1,2,6,10,11,16	too uh car go a to-do
POOL	421	0.883122266	2,4,8,10,12,15,16	one ta liu oh ing too new
POOL	422	0.883059201	1,2,4,6,11,16	were uhh top re- go to-do
POOL	423	0.883046781	2,4,8,10,11,16	won top liu oh a to-do
POOL	424	0.883038286	2,4,8,10,12,15,16	one top liu oh ing too ooh
POOL	425	0.883030535	1,2,6,10,13,16	new uh car go inc to-do
POOL	426	0.883025203	1,2,6,10,13,16	were uh tar go inc to-do
POOL	427	0.883005818	1,2,6,10,13,16	were uhh car go ink to-do
POOL	428	0.882990234	2,4,8,10,12,16	one ta league oh ing to-do
POOL	429	0.882985179	2,4,7,10,12,15,16	one ta liu go ing too ooh
POOL	430	0.882978008	2,4,8,10,12,14,16	won ta liu oh in too due
POOL	431	0.882976165	2,4,8,10,11,16	one ta liu oh see to-do
POOL	432	0.882975426	1,2,6,10,11,16	ooh a tree go see to-do
POOL	433	0.882967674	1,2,6,10,13,16	too uhh car go inc to-do
POOL	434	0.882966253	1,2,4,6,11,16	ooh a ta re- go to-do
POOL	435	0.882924477	1,2,6,10,12,16	were uhh car go thing to-do
POOL	436	0.882924456	1,2,4,6,11,16	too a top re- go to-do
POOL	437	0.882915533	1,2,6,10,13,16	were uhh tree go inc to-do
POOL	438	0.882905546	1,2,6,10,11,16	oooh a tar go see to-do
POOL	439	0.882904345	1,2,6,10,11,16	we uhh tar go see to-do
POOL	440	0.882901344	2,4,7,10,11,16	one top new go see to-do
POOL	441	0.882880437	1,2,6,10,12,16	ooh uhh car go ing to-do
POOL	442	0.882873811	2,6,7,10,11,16	won car new go a to-do
POOL	443	0.882871277	4,6,7,10,11,16	wut re- new go a to-do
POOL	444	0.882871073	1,2,6,10,13,16	too a car go ink to-do
POOL	445	0.882860003	2,4,8,10,11,16	won ta league oh a to-do
POOL	446	0.882858483	2,4,6,10,15,16	won ta re- go into ooh
POOL	447	0.882854703	2,4,8,10,13,15,16	well ta liu oh inc food ooh
POOL	448	0.882838973	2,4,6,10,14,16	wa ta re- go into due
POOL	449	0.882830072	2,4,8,10,13,15,16	one ta yu oh inc food ooh
POOL	450	0.882822898	3,4,6,7,10,13,16	wut ahh re- too go inc due
POOL	451	0.882818790	2,4,6,10,13,15,16	one ta re- go inc viewed ooh
POOL	452	0.882816686	2,4,6,10,15,16	won top re- go into too
POOL	453	0.882808005	2,4,7,10,13,16	won top liu go inc to-do
POOL	454	0.882802278	1,2,6,10,11,16	ooh uhh car go i to-do
POOL	455	0.882789732	1,2,6,10,12,16	too a car go thing to-do
POOL	456	0.882780788	1,2,6,10,13,16	too a tree go inc to-do
POOL	457	0.882748503	2,4,7,10,13,16	one ta new go inc to-do
POOL	458	0.882723699	2,4,8,10,12,15,16	one ta league oh ing too oooh
POOL	459	0.882705219	2,6,7,10,11,16	one car ooh go see to-do
POOL	460	0.882701512	1,2,6,10,13,16	ooh a car go think to-do
POOL	461	0.882700832	1,2,6,10,12,16	new uh car go in to-do
POOL	462	0.882700654	1,2,6,10,11,16	new uh car go see to-do
POOL	463	0.882695322	1,2,6,10,11,16	were uh tar go see to-do
POOL	464	0.882694290	2,4,8,10,12,16	one ta liu oh ing to-do
POOL	465	0.882693551	1,2,6,10,12,16	ooh a tree go ing to-do
POOL	466	0.882687317	3,4,8,10,13,15,16	wut ahh liu oh inc food ooh
POOL	467	0.882649820	1,2,6,10,11,16	ooh a car go eye to-do
POOL	468	0.882648632	3,4,6,10,11,16	wut ahh re- go a to-do
POOL	469	0.882647861	3,4,6,7,10,13,16	wut awe re- too go inc due
POOL	470	0.882639478	2,6,8,10,13,16	one car new oh inc to-do
POOL	471	0.882637971	1,2,6,10,12,16	too uhh car go in to-do
POOL	472	0.882637793	1,2,6,10,11,16	too uhh car go see to-do
POOL	473	0.882623671	1,2,6,10,12,16	oooh a tar go ing to-do
POOL	474	0.882622470	1,2,6,10,12,16	we uhh tar go ing to-do
POOL	475	0.882618624	1,2,6,10,11,16	ooh uhh tar go a to-do
POOL	476	0.882606823	2,4,8,10,12,14,16	won ta league oh ing too due
POOL	477	0.882585652	1,2,6,10,11,16	were uhh tree go see to-do
POOL	478	0.882576479	1,2,4,6,11,16	were uhh ta re- go to-do
POOL	479	0.882574539	2,4,7,10,11,15,16	won ta liu go a too oooh
POOL	480	0.882568415	3,4,6,7,10,13,16	wut ah re- too go inc due
POOL	481	0.882564058	2,4,8,10,11,16	won ta liu oh a to-do
POOL	482	0.882549642	1,2,6,10,11,16	new uhh car go if to-do
POOL	483	0.882549642	1,2,6,10,11,16	new uhh car go is to-do
POOL	484	0.882549642	1,2,6,10,11,16	new uhh car go it to-do
POOL	485	0.882512280	3,4,8,10,13,15,16	wut awe liu oh inc food ooh
POOL	486	0.882489238	2,4,7,10,11,16	won top new go a to-do
POOL	487	0.882483075	2,4,8,10,12,15,16	one ta league oh ing too new
POOL	488	0.882478124	2,4,7,10,11,16	won top liu go see to-do
POOL	489	0.882450906	1,2,6,10,11,16	too a tree go see to-do
POOL	490	0.882449837	1,2,6,10,13,16	ooh uh car go inc to-do
POOL	491	0.882449669	3,4,6,7,10,13,16	wut ahh re- oooh go it due
POOL	492	0.882444422	3,4,6,10,11,16	wut awe re- go a to-do
POOL	493	0.882443026	1,2,6,10,11,16	oooh uh car go a to-do
POOL	494	0.882441734	1,2,4,6,11,16	too a ta re- go to-do
POOL	495	0.882441386	2,4,7,10,11,15,16	wah ta liu go a too ooh
POOL	496	0.882432833	3,4,8,10,13,15,16	wut ah liu oh inc food ooh
POOL	497	0.882418779	1,2,6,10,12,16	new uh car go ing to-do
POOL	498	0.882418622	2,4,7,10,11,16	one ta new go see to-do
POOL	499	0.882413447	1,2,6,10,12,16	were uh tar go ing to-do
POOL	500	0.882399096	2,4,8,10,12,15,16	one top league oh ing too ooh
POOL	501	0.882357852	3,4,6,7,10,13,16	wut ahh re- ooh go ink due
POOL	502	0.882355918	1,2,6,10,12,16	too uhh car go ing to-do
POOL	503	0.882351735	3,4,6,10,11,16	wut ah re- go a to-do
POOL	504	0.882340619	1,2,6,10,11,16	new uh car go i to-do
POOL	505	0.882338817	2,4,8,10,12,14,16	won ta league oh in too due
POOL	506	0.882333964	2,4,6,10,15,16	won ta re- go into too
POOL	507	0.882333915	2,4,7,10,11,15,16	won ta liu go a too new
POOL	508	0.882325282	2,4,7,10,13,16	won ta liu go inc to-do
POOL	509	0.882311738	1,2,6,10,13,16	were uhh car go think to-do
POOL	510	0.882309597	2,6,8,10,11,16	one car new oh see to-do
POOL	511	0.882303777	1,2,6,10,12,16	were uhh tree go ing to-do
POOL	512	0.882296832	2,4,6,8,10,14,16	one ta re- ooh oh too due
POOL	513	0.882293112	2,6,7,10,11,16	won car ooh go a to-do
POOL	514	0.882290579	4,6,7,10,11,16	wut re- ooh go a to-do
POOL	515	0.882277758	1,2,6,10,11,16	too uhh car go i to-do
POOL	516	0.882274632	3,4,6,7,10,13,16	wut awe re- oooh go it due
POOL	517	0.882270287	1,2,6,10,13,16	oooh uhh car go inc to-do
POOL	518	0.882260046	1,2,6,10,11,16	were uhh car go eye to-do
POOL	519	0.882249935	2,4,7,10,11,15,16	won top liu go a too ooh
POOL	520	0.882227068	1,2,4,6,11,16	oooh a top re- go to-do
POOL	521	0.882225868	1,2,4,6,11,16	we uhh top re- go to-do
POOL	522	0.882209045	3,4,6,7,10,13,16	wut ahh re- new go it due
POOL	523	0.882195186	3,4,6,7,10,13,16	wut ah re- oooh go it due
POOL	524	0.882191870	1,2,6,10,13,16	we uh tar go inc to-do
POOL	525	0.882182815	3,4,6,7,10,13,16	wut awe re- ooh go ink due
POOL	526	0.882180699	2,6,7,10,11,16	one car too go see to-do
POOL	527	0.882176993	1,2,6,10,13,16	too a car go think to-do
POOL	528	0.882173685	1,2,6,10,13,16	oooh a car go ink to-do
POOL	529	0.882172485	1,2,6,10,13,16	we uhh car go ink to-do
POOL	530	0.882169031	1,2,6,10,12,16	too a tree go ing to-do
POOL	531	0.882156966	1,2,6,10,11,16	new uh tar go a to-do
POOL	532	0.882131915	2,4,6,10,13,15,16	one ta re- go wing food ooh
POOL	533	0.882127629	2,4,8,10,13,16	won top league oh inc to-do
POOL	534	0.882125301	1,2,6,10,11,16	too a car go eye to-do
POOL	535	0.882120134	1,2,6,10,12,16	ooh uh car go in to-do
POOL	536	0.882119956	1,2,6,10,11,16	ooh uh car go see to-do
POOL	537	0.882119410	2,4,7,10,11,15,16	one ta liu go see too oooh
POOL	538	0.882119299	2,4,6,10,15,16	won top re- go into oooh
POOL	539	0.882118089	2,4,7,10,11,16	won top liu go i to-do
POOL	540	0.882103368	3,4,6,7,10,13,16	wut ah re- ooh go ink due
POOL	541	0.882094104	1,2,6,10,11,16	too uhh tar go a to-do
POOL	542	0.882092344	1,2,6,10,12,16	oooh a car go thing to-do
POOL	543	0.882091144	1,2,6,10,12,16	we uhh car go thing to-do
POOL	544	0.882083400	1,2,6,10,13,16	oooh a tree go inc to-do
POOL	545	0.882065512	2,4,8,10,12,14,16	wah ta liu oh ing too due
POOL	546	0.882058780	2,6,8,10,13,16	one car ooh oh inc to-do
POOL	547	0.882048126	3,4,8,10,13,15,16	wut ahh league oh inc food ooh
POOL	548	0.882047295	1,2,6,10,11,16	new uhh tree go a to-do
POOL	549	0.882034008	3,4,6,7,10,13,16	wut awe re- new go it due
POOL	550	0.882027722	2,6,8,10,12,16	one car new oh ing to-do
POOL	551	0.882016845	1,2,4,6,11,16	were uh top re- go to-do
POOL	552	0.882011120	2,4,6,10,14,16	won tom re- go into due
POOL	553	0.882006515	2,4,7,10,11,16	won ta new go a to-do
POOL	554	0.881995401	2,4,7,10,11,16	won ta liu go see to-do
POOL	555	0.881968944	1,2,6,10,11,16	ooh uhh car go if to-do
POOL	556	0.881968944	1,2,6,10,11,16	ooh uhh car go is to-do
POOL	557	0.881968944	1,2,6,10,11,16	ooh uhh car go it to-do
POOL	558	0.881954561	3,4,6,7,10,13,16	wut ah re- new go it due
POOL	559	0.881940583	1,2,6,10,12,16	oooh uhh car go in to-do
POOL	560	0.881940405	1,2,6,10,11,16	oooh uhh car go see to-do
POOL	561	0.881909877	2,4,8,10,12,14,16	one top rig oh ing too due
POOL	562	0.881897491	2,6,8,10,11,16	won car new oh a to-do
POOL	563	0.881894958	4,6,8,10,11,16	wut re- new oh a to-do
POOL	564	0.881882121	1,2,6,10,12,16	were uh car go thing to-do
POOL	565	0.881874061	2,4,8,10,12,14,16	won top liu oh ing too due
POOL	566	0.881838081	1,2,6,10,12,16	ooh uh car go ing to-do
POOL	567	0.881831685	2,4,8,10,13,16	won top liu oh inc to-do
POOL	568	0.881806284	1,2,6,10,12,16	new a tar go thing to-do
POOL	569	0.881797926	2,4,8,10,12,16	won top league oh in to-do
POOL	570	0.881797748	2,4,8,10,11,16	won top league oh see to-do
POOL	571	0.881797506	2,4,8,10,12,14,16	wah ta liu oh in too due
POOL	572	0.881768593	2,6,7,10,11,16	won car too go a to-do
POOL	573	0.881766060	4,6,7,10,11,16	wut re- too go a to-do
POOL	574	0.881744346	1,2,4,6,11,16	oooh a ta re- go to-do
POOL	575	0.881743146	1,2,4,6,11,16	we uhh ta re- go to-do
POOL	576	0.881728899	2,6,8,10,11,16	one car ooh oh see to-do
POOL	577	0.881713614	2,4,8,10,11,15,16	won ta liu oh a too ooh
POOL	578	0.881699208	2,4,7,10,11,16	wah top liu go a to-do
POOL	579	0.881694899	2,4,8,10,13,16	one top rig oh inc to-do
POOL	580	0.881671903	2,4,8,10,12,14,16	wha ta liu oh ing too due
POOL	581	0.881658530	1,2,6,10,12,16	oooh uhh car go ing to-do
POOL	582	0.881654523	1,2,6,10,12,16	new uhh tar go in to-do
POOL	583	0.881644907	2,4,8,10,13,16	won ta league oh inc to-do
POOL	584	0.881636576	2,4,6,10,15,16	won ta re- go into oooh
POOL	585	0.881635366	2,4,7,10,11,16	won ta liu go i to-do
POOL	586	0.881614681	2,4,7,10,13,16	one top liu go ink to-do
POOL	587	0.881598012	2,4,6,10,15,16	wah top re- go into new
POOL	588	0.881595615	1,2,6,10,12,16	too uh car go in to-do
POOL	589	0.881580114	1,2,6,10,12,16	we uh tar go ing to-do
POOL	590	0.881534261	2,6,8,10,13,16	one car too oh inc to-do
POOL	591	0.881534123	1,2,4,6,11,16	were uh ta re- go to-do
POOL	592	0.881515873	2,4,8,10,12,16	won top league oh ing to-do
POOL	593	0.881501982	2,4,8,10,12,16	won top liu oh in to-do
POOL	594	0.881501804	2,4,8,10,11,16	won top liu oh see to-do
POOL	595	0.881487999	2,4,6,10,14,16	why top re- go into due
POOL	596	0.881483312	2,6,7,10,11,16	one car oooh go see to-do
POOL	597	0.881471644	1,2,6,10,12,16	oooh a tree go ing to-do
POOL	598	0.881470443	1,2,6,10,12,16	we uhh tree go ing to-do
POOL	599	0.881470058	2,4,7,10,13,15,16	wash ta liu go inc food ooh
POOL	600	0.881447024	2,6,8,10,12,16	one car ooh oh ing to-do
POOL	601	0.881437713	2,4,8,10,11,16	won top league oh i to-do
POOL	602	0.881372470	1,2,6,10,12,16	new uhh tar go ing to-do
POOL	603	0.881365018	2,4,8,10,11,16	one top rig oh see to-do
POOL	604	0.881348963	2,4,8,10,13,16	won ta liu oh inc to-do
POOL	605	0.881328834	2,6,7,10,11,16	won car new go see to-do
POOL	606	0.881326301	4,6,7,10,11,16	wut re- new go see to-do
POOL	607	0.881316793	2,6,8,10,11,16	won car ooh oh a to-do
POOL	608	0.881315204	2,4,8,10,12,16	won ta league oh in to-do
POOL	609	0.881315026	2,4,8,10,11,16	won ta league oh see to-do
POOL	610	0.881314259	4,6,8,10,11,16	wut re- ooh oh a to-do
POOL	611	0.881313562	1,2,6,10,12,16	too uh car go ing to-do
POOL	612	0.881310503	3,4,6,7,10,13,16	wut ahh re- oooh go ink due
POOL	613	0.881298351	3,4,6,7,10,13,16	wut ahh re- ou go inc due
POOL	614	0.881284755	2,4,7,10,11,16	won top liu go if to-do
POOL	615	0.881284755	2,4,7,10,11,16	won top liu go in to-do
POOL	616	0.881284755	2,4,7,10,11,16	won top liu go is to-do
POOL	617	0.881284755	2,4,7,10,11,16	won top liu go it to-do
POOL	618	0.881275137	2,4,6,10,11,16	one top re- go d. to-do
POOL	619	0.881274142	2,4,7,10,13,16	won top new go inc to-do
POOL	620	0.881261716	3,4,6,7,10,13,16	wut ahh re- too go it due
POOL	621	0.881261420	1,2,6,10,12,16	were uh tree go ing to-do
POOL	622	0.881258485	2,4,8,10,11,15,16	one ta liu oh see too ooh
POOL	623	0.881249483	2,4,6,8,10,14,16	one ta re- oooh oh too due
POOL	624	0.881239998	2,4,7,10,11,16	wha top liu go a to-do
POOL	625	0.881225586	1,2,6,10,12,16	ooh a tar go thing to-do
POOL	626	0.881219929	2,4,8,10,12,16	won top liu oh ing to-do
POOL	627	0.881216486	2,4,7,10,11,16	wah ta liu go a to-do
POOL	628	0.881212177	2,4,8,10,13,16	one ta rig oh inc to-do
POOL	629	0.881204380	2,6,8,10,11,16	one car too oh see to-do
POOL	630	0.881197251	2,6,7,10,11,16	one tar new go see to-do
POOL	631	0.881183512	1,2,4,6,11,16	we uh top re- go to-do
POOL	632	0.881141769	2,4,8,10,11,16	won top liu oh i to-do
POOL	633	0.881138801	2,4,6,10,15,16	wha top re- go into new
POOL	634	0.881135466	3,4,6,7,10,13,16	wut awe re- oooh go ink due
POOL	635	0.881131958	2,4,7,10,13,16	one ta liu go ink to-do
POOL	636	0.881123313	3,4,6,7,10,13,16	wut awe re- ou go inc due
POOL	637	0.881115289	2,4,6,10,15,16	wah ta re- go into new
POOL	638	0.881103656	3,4,6,10,11,16	wut ahh re- go see to-do
POOL	639	0.881086678	3,4,6,7,10,13,16	wut awe re- too go it due
POOL	640	0.881083143	2,4,8,10,12,16	one top rig oh ing to-do
POOL	641	0.881074423	2,4,8,10,11,15,16	won ta league oh a too ooh
POOL	642	0.881073825	1,2,6,10,12,16	ooh uhh tar go in to-do
POOL	643	0.881071205	2,6,7,10,11,16	won car oooh go a to-do
POOL	644	0.881069879	3,4,6,7,10,13,16	wut ahh re- new go ink due
POOL	645	0.881068672	4,6,7,10,11,16	wut re- oooh go a to-do
POOL	646	0.881056020	3,4,6,7,10,13,16	wut ah re- oooh go ink due
POOL	647	0.881043867	3,4,6,7,10,13,16	wut ah re- ou go inc due
POOL	648	0.881033497	1,4,6,10,13,15,16	wii at re- go inc food ooh
POOL	649	0.881033151	2,4,8,10,12,16	won ta league oh ing to-do
POOL	650	0.881019259	2,4,8,10,12,16	won ta liu oh in to-do
POOL	651	0.881019082	2,4,8,10,11,16	won ta liu oh see to-do
POOL	652	0.881018833	2,4,8,10,11,16	wah top league oh a to-do
POOL	653	0.881017313	2,4,6,10,15,16	wah top re- go into ooh
POOL	654	0.881008859	2,4,6,8,10,14,16	one ta re- new oh too due
POOL	655	0.881005276	2,4,6,10,14,16	why ta re- go into due
POOL	656	0.880975868	1,2,4,6,11,16	new uhh top re- go to-do
POOL	657	0.880968799	2,6,7,10,11,16	won car new go i to-do
POOL	658	0.880966266	4,6,7,10,11,16	wut re- new go i to-do
POOL	659	0.880954991	2,4,8,10,11,16	won ta league oh i to-do
POOL	660	0.880952912	2,4,8,10,11,16	won top rig oh a to-do
POOL	661	0.880944261	2,4,7,10,11,16	won top new go see to-do
POOL	662	0.880934306	2,4,8,10,13,16	one top league oh ink to-do
POOL	663	0.880924879	2,4,6,8,10,14,16	one top re- ooh oh too due
POOL	664	0.880922505	2,6,8,10,12,16	one car too oh ing to-do
POOL	665	0.880920601	2,4,7,10,13,16	one top liu go think to-do
POOL	666	0.880899446	3,4,6,10,11,16	wut awe re- go see to-do
POOL	667	0.880882296	2,4,8,10,11,16	one ta rig oh see to-do
POOL	668	0.880868909	2,4,7,10,11,16	one top liu go eye to-do
POOL	669	0.880852964	2,4,8,10,12,16	one top league oh thing to-do
POOL	670	0.880836873	2,6,8,10,13,16	one car oooh oh inc to-do
POOL	671	0.880806758	3,4,6,10,11,16	wut ah re- go see to-do
POOL	672	0.880802033	2,4,7,10,11,16	won ta liu go if to-do
POOL	673	0.880802033	2,4,7,10,11,16	won ta liu go in to-do
POOL	674	0.880802033	2,4,7,10,11,16	won ta liu go is to-do
POOL	675	0.880802033	2,4,7,10,11,16	won ta liu go it to-do
POOL	676	0.880797903	2,4,6,10,14,16	one top re- go into due
POOL	677	0.880792273	2,6,8,10,11,16	won car too oh a to-do
POOL	678	0.880791420	2,4,7,10,13,16	won ta new go inc to-do
POOL	679	0.880789740	4,6,8,10,11,16	wut re- too oh a to-do
POOL	680	0.880785145	2,6,7,10,11,16	won tar new go a to-do
POOL	681	0.880778179	2,4,6,10,14,16	well top re- go into due
POOL	682	0.880757275	2,4,7,10,11,16	wha ta liu go a to-do
POOL	683	0.880748136	2,6,7,10,11,16	won car ooh go see to-do
POOL	684	0.880745602	4,6,7,10,11,16	wut re- ooh go see to-do
POOL	685	0.880743621	3,4,6,10,11,16	wut ahh re- go i to-do
POOL	686	0.880737207	2,4,8,10,12,16	won ta liu oh ing to-do
POOL	687	0.880722888	2,4,8,10,11,16	wah top liu oh a to-do
POOL	688	0.880700789	1,2,4,6,11,16	we uh ta re- go to-do
POOL	689	0.880682395	2,6,8,10,13,16	won car new oh inc to-do
POOL	690	0.880679862	4,6,8,10,13,16	wut re- new oh inc to-do
POOL	691	0.880666265	2,4,8,10,11,15,16	won ta liu oh a too oooh
POOL	692	0.880659047	2,4,8,10,11,16	won ta liu oh i to-do
POOL	693	0.880656079	2,4,6,10,15,16	wha ta re- go into new
POOL	694	0.880638361	2,4,8,10,13,16	one top liu oh ink to-do
POOL	695	0.880619295	2,4,8,10,11,15,16	one ta league oh see too ooh
POOL	696	0.880616553	2,6,7,10,11,16	one tar ooh go see to-do
POOL	697	0.880604380	2,4,8,10,11,16	won top league oh if to-do
POOL	698	0.880604380	2,4,8,10,11,16	won top league oh is to-do
POOL	699	0.880604380	2,4,8,10,11,16	won top league oh it to-do
POOL	700	0.880600421	2,4,8,10,12,16	one ta rig oh ing to-do
POOL	701	0.880584226	2,4,7,10,11,16	won top new go i to-do
POOL	702	0.880559622	2,4,8,10,11,16	wha top league oh a to-do
POOL	703	0.880558103	2,4,6,10,15,16	wha top re- go into ooh
POOL	704	0.880557020	2,4,8,10,12,16	one top liu oh thing to-do
POOL	705	0.880550813	2,6,8,10,13,16	one tar new oh inc to-do
POOL	706	0.880549918	2,6,7,10,11,16	wah car new go a to-do
POOL	707	0.880539411	3,4,6,10,11,16	wut awe re- go i to-do
POOL	708	0.880536110	2,4,8,10,11,16	wah ta league oh a to-do
POOL	709	0.880534591	2,4,6,10,15,16	wah ta re- go into ooh
POOL	710	0.880533112	2,4,8,10,11,15,16	wah ta liu oh a too ooh
POOL	711	0.880518774	2,4,6,7,11,16	one top re- new go to-do
POOL	712	0.880506992	2,6,8,10,11,16	one car oooh oh see to-do
POOL	713	0.880493146	1,2,4,6,11,16	new uhh ta re- go to-do
POOL	714	0.880492794	2,4,6,10,15,16	wah top re- go into too
POOL	715	0.880484112	2,4,7,10,13,16	wah top liu go inc to-do
POOL	716	0.880470189	2,4,8,10,11,16	won ta rig oh a to-do
POOL	717	0.880461538	2,4,7,10,11,16	won ta new go see to-do
POOL	718	0.880451583	2,4,8,10,13,16	one ta league oh ink to-do
POOL	719	0.880451499	2,4,6,10,13,14,16	trois ta re- go inc ooh due
POOL	720	0.880446723	3,4,6,10,11,16	wut ah re- go i to-do
POOL	721	0.880437878	2,4,7,10,13,16	one ta liu go think to-do
POOL	722	0.880425641	2,4,8,10,11,15,16	won ta liu oh a too new
POOL	723	0.880412693	2,6,10,13,15,16	one sorry go inc food new
POOL	724	0.880395170	1,2,4,6,11,16	ooh uhh top re- go to-do
POOL	725	0.880388101	2,6,7,10,11,16	won car ooh go i to-do
POOL	726	0.880386186	2,4,7,10,11,16	one ta liu go eye to-do
POOL	727	0.880385568	4,6,7,10,11,16	wut re- ooh go i to-do
POOL	728	0.880370242	2,4,8,10,12,16	one ta league oh thing to-do
POOL	729	0.880352692	2,6,8,10,12,16	won car new oh in to-do
POOL	730	0.880352514	2,6,8,10,11,16	won car new oh see to-do
POOL	731	0.880350159	4,6,8,10,12,16	wut re- new oh in to-do
POOL	732	0.880349981	4,6,8,10,11,16	wut re- new oh see to-do
POOL	733	0.880317278	2,4,6,10,13,15,16	one ta re- go inc food u.s
POOL	734	0.880315180	2,4,6,10,14,16	one ta re- go into due
POOL	735	0.880308436	2,4,8,10,11,16	won top liu oh if to-do
POOL	736	0.880308436	2,4,8,10,11,16	won top liu oh is to-do
POOL	737	0.880308436	2,4,8,10,11,16	won top liu oh it to-do
POOL	738	0.880295456	2,4,6,10,14,16	well ta re- go into due
POOL	739	0.880263678	2,4,8,10,11,16	wha top liu oh a to-do
POOL	740	0.880254586	2,4,6,10,14,16	won top lee go into due
POOL	741	0.880240225	2,4,8,10,13,16	one top league oh think to-do
POOL	742	0.880240166	2,4,8,10,11,16	wah ta liu oh a to-do
POOL	743	0.880239842	2,4,6,10,14,16	won too re- go into due
POOL	744	0.880225117	2,6,8,10,12,16	one car oooh oh ing to-do
POOL	745	0.880223616	2,6,7,10,11,16	won car too go see to-do
POOL	746	0.880221083	4,6,7,10,11,16	wut re- too go see to-do
POOL	747	0.880220932	2,6,8,10,11,16	one tar new oh see to-do
POOL	748	0.880209436	2,4,6,10,13,14,16	one sta re- go inc ooh due
POOL	749	0.880204447	2,6,7,10,11,16	won tar ooh go a to-do
POOL	750	0.880188533	2,4,8,10,11,16	one top league oh eye to-do
POOL	751	0.880170643	2,4,7,10,11,16	wa top liu go a to-do
POOL	752	0.880165345	2,4,7,10,11,16	wah top new go a to-do
POOL	753	0.880155639	2,4,8,10,13,16	one ta liu oh ink to-do
POOL	754	0.880154231	2,4,7,10,11,16	wah top liu go see to-do
POOL	755	0.880135466	2,6,7,10,11,16	won car new go if to-do
POOL	756	0.880135466	2,6,7,10,11,16	won car new go in to-do
POOL	757	0.880135466	2,6,7,10,11,16	won car new go is to-do
POOL	758	0.880135466	2,6,7,10,11,16	won car new go it to-do
POOL	759	0.880132932	4,6,7,10,11,16	wut re- new go if to-do
POOL	760	0.880132932	4,6,7,10,11,16	wut re- new go in to-do
POOL	761	0.880132932	4,6,7,10,11,16	wut re- new go is to-do
POOL	762	0.880132932	4,6,7,10,11,16	wut re- new go it to-do
POOL	763	0.880121658	2,4,8,10,11,16	won ta league oh if to-do
POOL	764	0.880121658	2,4,8,10,11,16	won ta league oh is to-do
POOL	765	0.880121658	2,4,8,10,11,16	won ta league oh it to-do
POOL	766	0.880109128	2,4,6,8,10,14,16	won ta re- ooh oh too due
POOL	767	0.880106830	2,4,6,10,14,16	won da re- go into due
POOL	768	0.880101697	2,6,8,10,13,16	won car ooh oh inc to-do
POOL	769	0.880101504	2,4,7,10,11,16	won ta new go i to-do
POOL	770	0.880099164	4,6,8,10,13,16	wut re- ooh oh inc to-do
POOL	771	0.880094886	2,6,8,10,11,16	won car oooh oh a to-do
POOL	772	0.880092352	4,6,8,10,11,16	wut re- oooh oh a to-do
POOL	773	0.880092034	2,6,7,10,11,16	one tar too go see to-do
POOL	774	0.880090708	2,6,7,10,11,16	wha car new go a to-do
POOL	775	0.880080818	2,4,7,10,13,16	one top new go ink to-do
POOL	776	0.880076900	2,4,8,10,11,16	wha ta league oh a to-do
POOL	777	0.880075381	2,4,6,10,15,16	wha ta re- go into ooh
POOL	778	0.880074298	2,4,8,10,12,16	one ta liu oh thing to-do
POOL	779	0.880070639	2,6,8,10,12,16	won car new oh ing to-do
POOL	780	0.880069447	2,4,6,10,15,16	wa top re- go into new
POOL	781	0.880068106	4,6,8,10,12,16	wut re- new oh ing to-do
POOL	782	0.880060208	2,4,6,10,14,16	won top free go into due
POOL	783	0.880046635	2,4,8,10,13,15,16	one trois liu oh inc food ooh
POOL	784	0.880045225	2,6,7,10,11,16	one tree new go see to-do
POOL	785	0.880042140	2,4,7,10,13,16	were top liu go inc to-do
POOL	786	0.880036052	2,4,6,7,11,16	one ta re- new go to-do
POOL	787	0.880033584	2,4,6,10,15,16	wha top re- go into too
POOL	788	0.880024902	2,4,7,10,13,16	wha top liu go inc to-do
POOL	789	0.880010072	2,4,6,10,15,16	wah ta re- go into too
POOL	790	0.880001390	2,4,7,10,13,16	wah ta liu go inc to-do
POOL	791	0.879992479	2,6,8,10,11,16	won car new oh i to-do
POOL	792	0.879989946	4,6,8,10,11,16	wut re- new oh i to-do
POOL	793	0.879986665	2,4,7,10,12,16	one top liu go ing to-do
POOL	794	0.879970687	2,4,7,10,13,15,16	one calm liu go inc food ooh
POOL	795	0.879970115	2,6,8,10,13,16	one tar ooh oh inc to-do
POOL	796	0.879969220	2,6,7,10,11,16	wah car ooh go a to-do
POOL	797	0.879944281	2,4,8,10,13,16	one top liu oh think to-do
POOL	798	0.879939057	2,6,8,10,12,16	one tar new oh ing to-do
POOL	799	0.879938076	2,4,6,7,11,16	one top re- ooh go to-do
POOL	800	0.879933512	1,2,4,6,11,16	new uh top re- go to-do
POOL	801	0.879912447	1,2,4,6,11,16	ooh uhh ta re- go to-do
POOL	802	0.879910287	3,4,6,10,11,16	wut ahh re- go if to-do
POOL	803	0.879910287	3,4,6,10,11,16	wut ahh re- go in to-do
POOL	804	0.879910287	3,4,6,10,11,16	wut ahh re- go is to-do
POOL	805	0.879910287	3,4,6,10,11,16	wut ahh re- go it to-do
POOL	806	0.879892589	2,4,8,10,11,16	one top liu oh eye to-do
POOL	807	0.879870650	1,2,4,6,11,16	too uhh top re- go to-do
POOL	808	0.879863581	2,6,7,10,11,16	won car too go i to-do
POOL	809	0.879861048	4,6,7,10,11,16	wut re- too go i to-do
POOL	810	0.879848930	2,4,6,10,14,16	won top real go into due
POOL	811	0.879842771	2,6,8,10,13,16	one car puig oh inc to-do
POOL	812	0.879831995	2,6,10,13,15,16	one sorry go inc food ooh
POOL	813	0.879825713	2,4,8,10,11,16	won ta liu oh if to-do
POOL	814	0.879825713	2,4,8,10,11,16	won ta liu oh is to-do
POOL	815	0.879825713	2,4,8,10,11,16	won ta liu oh it to-do
POOL	816	0.879808825	2,6,8,10,11,16	won tar new oh a to-do
POOL	817	0.879803737	2,4,8,10,13,16	wah top league oh inc to-do
POOL	818	0.879795406	2,4,6,10,15,16	wah top re- go into oooh
POOL	819	0.879794196	2,4,7,10,11,16	wah top liu go i to-do
POOL	820	0.879780956	2,4,8,10,11,16	wha ta liu oh a to-do
POOL	821	0.879771994	2,6,8,10,12,16	won car ooh oh in to-do
POOL	822	0.879771864	2,4,6,10,14,16	won ta lee go into due
POOL	823	0.879771816	2,6,8,10,11,16	won car ooh oh see to-do
POOL	824	0.879769461	4,6,8,10,12,16	wut re- ooh oh in to-do
POOL	825	0.879769283	4,6,8,10,11,16	wut re- ooh oh see to-do
POOL	826	0.879757503	2,4,8,10,13,16	one ta league oh think to-do
POOL	827	0.879757262	1,2,4,6,10,12,16	ooh a ta re- go ing too
POOL	828	0.879750893	2,4,7,10,11,16	won top new go if to-do
POOL	829	0.879750893	2,4,7,10,11,16	won top new go in to-do
POOL	830	0.879750893	2,4,7,10,11,16	won top new go is to-do
POOL	831	0.879750893	2,4,7,10,11,16	won top new go it to-do
POOL	832	0.879737816	2,4,8,10,13,16	won top rig oh inc to-do
POOL	833	0.879712259	2,4,7,10,11,16	were top liu go see to-do
POOL	834	0.879706135	2,4,7,10,11,16	wha top new go a to-do
POOL	835	0.879706077	3,4,6,10,11,16	wut awe re- go if to-do
POOL	836	0.879706077	3,4,6,10,11,16	wut awe re- go in to-do
POOL	837	0.879706077	3,4,6,10,11,16	wut awe re- go is to-do
POOL	838	0.879706077	3,4,6,10,11,16	wut awe re- go it to-do
POOL	839	0.879705811	2,4,8,10,11,16	one ta league oh eye to-do
POOL	840	0.879695021	2,4,7,10,11,16	wha top liu go see to-do
POOL	841	0.879687921	2,4,7,10,11,16	wa ta liu go a to-do
POOL	842	0.879687228	2,4,6,10,14,16	wah tom re- go into due
POOL	843	0.879687142	2,4,7,10,11,15,16	one ta liu go a too ooh
POOL	844	0.879683256	1,2,6,10,13,15,16	yoo a car go inc food ooh
POOL	845	0.879682623	2,4,7,10,11,16	wah ta new go a to-do
POOL	846	0.879679928	2,6,7,10,11,16	won tar too go a to-do
POOL	847	0.879671509	2,4,7,10,11,16	wah ta liu go see to-do
POOL	848	0.879657598	2,4,7,10,13,16	won top liu go ink to-do
POOL	849	0.879640234	2,6,8,10,11,16	one tar ooh oh see to-do
POOL	850	0.879633118	2,6,7,10,11,16	won tree new go a to-do
POOL	851	0.879613390	3,4,6,10,11,16	wut ah re- go if to-do
POOL	852	0.879613390	3,4,6,10,11,16	wut ah re- go in to-do
POOL	853	0.879613390	3,4,6,10,11,16	wut ah re- go is to-do
POOL	854	0.879613390	3,4,6,10,11,16	wut ah re- go it to-do
POOL	855	0.879602055	2,4,7,10,13,16	one tom liu go inc to-do
POOL	856	0.879598096	2,4,7,10,13,16	one ta new go ink to-do
POOL	857	0.879586724	2,4,6,10,15,16	wa ta re- go into new
POOL	858	0.879577486	2,4,6,10,14,16	won ta free go into due
POOL	859	0.879577178	2,6,8,10,13,16	won car too oh inc to-do
POOL	860	0.879574644	4,6,8,10,13,16	wut re- too oh inc to-do
POOL	861	0.879573599	2,6,8,10,11,16	wah car new oh a to-do
POOL	862	0.879559418	2,4,7,10,13,16	were ta liu go inc to-do
POOL	863	0.879554767	2,6,7,10,11,16	won car ooh go if to-do
POOL	864	0.879554767	2,6,7,10,11,16	won car ooh go in to-do
POOL	865	0.879554767	2,6,7,10,11,16	won car ooh go is to-do
POOL	866	0.879554767	2,6,7,10,11,16	won car ooh go it to-do
POOL	867	0.879552234	4,6,7,10,11,16	wut re- ooh go if to-do
POOL	868	0.879552234	4,6,7,10,11,16	wut re- ooh go in to-do
POOL	869	0.879552234	4,6,7,10,11,16	wut re- ooh go is to-do
POOL	870	0.879552234	4,6,7,10,11,16	wut re- ooh go it to-do
POOL	871	0.879550861	2,4,6,10,15,16	wha ta re- go into too
POOL	872	0.879542454	2,4,6,8,10,16	one top re- new oh to-do
POOL	873	0.879542180	2,4,7,10,13,16	wha ta liu go inc to-do
POOL	874	0.879526229	2,6,7,10,11,16	won car oooh go see to-do
POOL	875	0.879523695	4,6,7,10,11,16	wut re- oooh go see to-do
POOL	876	0.879516851	1,2,4,6,10,12,16	were uhh ta re- go ing too
POOL	877	0.879512890	2,6,8,10,11,16	one car puig oh see to-do
POOL	878	0.879511409	2,4,6,10,14,16	won top ree go into due
POOL	879	0.879510010	2,6,7,10,11,16	wha car ooh go a to-do
POOL	880	0.879507946	2,4,6,10,14,16	won pa re- go into due
POOL	881	0.879507793	2,4,8,10,13,16	wah top liu oh inc to-do
POOL	882	0.879503943	2,4,7,10,12,16	one ta liu go ing to-do
POOL	883	0.879489941	2,6,8,10,12,16	won car ooh oh ing to-do
POOL	884	0.879489071	2,6,8,10,13,16	one car new oh ink to-do
POOL	885	0.879488748	2,4,6,10,15,16	wa top re- go into ooh
POOL	886	0.879487408	4,6,8,10,12,16	wut re- ooh oh ing to-do
POOL	887	0.879474034	2,4,8,10,12,16	wah top league oh in to-do
POOL	888	0.879473856	2,4,8,10,11,16	wah top league oh see to-do
POOL	889	0.879464526	2,6,7,10,11,16	one tree ooh go see to-do
POOL	890	0.879461559	2,4,8,10,13,16	one ta liu oh think to-do
POOL	891	0.879455354	2,4,6,7,11,16	one ta re- ooh go to-do
POOL	892	0.879450789	1,2,4,6,11,16	new uh ta re- go to-do
POOL	893	0.879445595	2,6,8,10,13,16	one tar too oh inc to-do
POOL	894	0.879444701	2,6,7,10,11,16	wah car too go a to-do
POOL	895	0.879429029	2,4,6,10,14,16	won top year go into due
POOL	896	0.879413557	2,4,6,7,11,16	one top re- too go to-do
POOL	897	0.879411781	2,6,8,10,11,16	won car ooh oh i to-do
POOL	898	0.879409867	2,4,8,10,11,16	one ta liu oh eye to-do
POOL	899	0.879409248	4,6,8,10,11,16	wut re- ooh oh i to-do
POOL	900	0.879408113	2,4,8,10,12,16	won top rig oh in to-do
POOL	901	0.879407730	2,6,8,10,12,16	one car new oh thing to-do
POOL	902	0.879398786	2,6,8,10,13,16	one tree new oh inc to-do
POOL	903	0.879394646	2,6,7,10,11,16	one tar oooh go see to-do
POOL	904	0.879387928	1,2,4,6,11,16	too uhh ta re- go to-do
POOL	905	0.879386738	2,4,7,10,13,16	one top new go think to-do
POOL	906	0.879366207	2,4,6,10,14,16	won ta real go into due
POOL	907	0.879361765	2,4,8,10,13,16	were top league oh inc to-do
POOL	908	0.879358358	2,6,8,10,12,16	one tar ooh oh ing to-do
POOL	909	0.879352813	1,2,4,6,11,16	ooh uh top re- go to-do
POOL	910	0.879344527	2,4,8,10,13,16	wha top league oh inc to-do
POOL	911	0.879336196	2,4,6,10,15,16	wha top re- go into oooh
POOL	912	0.879335851	2,4,6,10,13,14,16	one ta young go inc ooh due
POOL	913	0.879335046	2,4,7,10,11,16	one top new go eye to-do
POOL	914	0.879321015	2,4,8,10,13,16	wah ta league oh inc to-do
POOL	915	0.879316943	2,6,8,10,13,16	one car dog oh inc to-do
POOL	916	0.879312684	2,4,6,10,15,16	wah ta re- go into oooh
POOL	917	0.879307476	2,6,10,13,15,16	one sorry go inc food too
POOL	918	0.879268170	2,4,7,10,13,16	won ta new go it to-do
POOL	919	0.879255094	2,4,8,10,13,16	won ta rig oh inc to-do
POOL	920	0.879247474	2,6,8,10,12,16	won car too oh in to-do
POOL	921	0.879247297	2,6,8,10,11,16	won car too oh see to-do
POOL	922	0.879244941	4,6,8,10,12,16	wut re- too oh in to-do
POOL	923	0.879244763	4,6,8,10,11,16	wut re- too oh see to-do
POOL	924	0.879240168	2,6,7,10,11,16	won tar new go see to-do
POOL	925	0.879231015	2,6,8,10,12,16	one car puig oh ing to-do
POOL	926	0.879228127	2,6,8,10,11,16	won tar ooh oh a to-do
POOL	927	0.879228017	2,4,6,10,14,16	wha tom re- go into due
POOL	928	0.879191981	2,4,8,10,12,16	wah top league oh ing to-do
POOL	929	0.879178089	2,4,8,10,12,16	wah top liu oh in to-do
POOL	930	0.879174875	2,4,7,10,13,16	won ta liu go ink to-do
POOL	931	0.879173263	1,2,4,6,11,16	oooh uhh top re- go to-do
POOL	932	0.879166194	2,6,7,10,11,16	won car oooh go i to-do
POOL	933	0.879163660	4,6,7,10,11,16	wut re- oooh go i to-do
POOL	934	0.879161009	2,4,6,10,13,16	one ton re- go inc to-do
POOL	935	0.879159146	2,6,8,10,11,16	won car new oh if to-do
POOL	936	0.879159146	2,6,8,10,11,16	won car new oh is to-do
POOL	937	0.879159146	2,6,8,10,11,16	won car new oh it to-do
POOL	938	0.879156613	4,6,8,10,11,16	wut re- new oh if to-do
POOL	939	0.879156613	4,6,8,10,11,16	wut re- new oh is to-do
POOL	940	0.879156613	4,6,8,10,11,16	wut re- new oh it to-do
POOL	941	0.879126060	2,4,8,10,12,16	won top rig oh ing to-do
POOL	942	0.879121226	2,4,6,10,14,16	won car re- go into due
POOL	943	0.879115714	2,6,8,10,11,16	one tar too oh see to-do
POOL	944	0.879114388	2,6,8,10,11,16	wha car new oh a to-do
POOL	945	0.879100784	2,6,8,10,11,16	won car puig oh a to-do
POOL	946	0.879098250	4,6,8,10,11,16	wut re- puig oh a to-do
POOL	947	0.879068905	2,6,8,10,11,16	one tree new oh see to-do
POOL	948	0.879065820	2,4,8,10,13,16	were top liu oh inc to-do
POOL	949	0.879062484	1,2,4,6,11,16	ou a top re- go to-do
POOL	950	0.879059732	2,4,6,8,10,16	one ta re- new oh to-do
POOL	951	0.879052420	2,6,7,10,11,16	won tree ooh go a to-do
POOL	952	0.879048582	2,4,8,10,13,16	wha top liu oh inc to-do
POOL	953	0.879030248	2,6,7,10,11,16	won car too go if to-do
POOL	954	0.879030248	2,6,7,10,11,16	won car too go in to-do
POOL	955	0.879030248	2,6,7,10,11,16	won car too go is to-do
POOL	956	0.879030248	2,6,7,10,11,16	won car too go it to-do
POOL	957	0.879028686	2,4,6,10,14,16	won ta ree go into due
POOL	958	0.879027715	4,6,7,10,11,16	wut re- too go if to-do
POOL	959	0.879027715	4,6,7,10,11,16	wut re- too go in to-do
POOL	960	0.879027715	4,6,7,10,11,16	wut re- too go is to-do
POOL	961	0.879027715	4,6,7,10,11,16	wut re- too go it to-do
POOL	962	0.879025070	2,4,8,10,13,16	wah ta liu oh inc to-do
POOL	963	0.879021353	2,6,7,10,11,16	wa car new go a to-do
POOL	964	0.879014824	2,4,8,10,12,16	wha top league oh in to-do
POOL	965	0.879006026	2,4,6,10,15,16	wa ta re- go into ooh
POOL	966	0.878992900	2,6,8,10,11,16	wah car ooh oh a to-do
POOL	967	0.878991312	2,4,8,10,12,16	wah ta league oh in to-do
POOL	968	0.878987062	2,6,8,10,11,16	one car dog oh see to-do
POOL	969	0.878977222	2,4,8,10,13,16	won top league oh ink to-do
POOL	970	0.878965421	2,6,8,10,12,16	won car too oh ing to-do
POOL	971	0.878964229	2,4,6,10,15,16	wa top re- go into too
POOL	972	0.878963518	2,4,7,10,13,16	won top liu go think to-do
POOL	973	0.878962888	4,6,8,10,12,16	wut re- too oh ing to-do
POOL	974	0.878961756	2,4,6,8,11,16	one top re- ooh oh to-do
POOL	975	0.878960863	2,4,7,10,13,16	wah top liu go it to-do
POOL	976	0.878955547	2,4,7,10,13,16	wa top liu go inc to-do
POOL	977	0.878954714	2,4,6,10,15,16	won top re- go into ou
POOL	978	0.878950250	2,4,7,10,13,16	wah top new go inc to-do
POOL	979	0.878948589	1,2,4,6,11,16	due a top re- go to-do
POOL	980	0.878946307	2,4,6,10,14,16	won ta year go into due
POOL	981	0.878930834	2,4,6,7,11,16	one ta re- too go to-do
POOL	982	0.878925390	2,4,8,10,12,16	won ta rig oh in to-do
POOL	983	0.878921680	2,4,8,10,13,16	one tom league oh inc to-do
POOL	984	0.878908373	2,6,8,10,13,16	one car ooh oh ink to-do
POOL	985	0.878906150	2,4,8,10,13,16	one top league owe inc to-do
POOL	986	0.878904015	2,4,7,10,13,16	one ta new go think to-do
POOL	987	0.878896037	2,4,8,10,12,16	wah top liu oh ing to-do
POOL	988	0.878895881	2,4,8,10,12,16	won top league oh thing to-do
POOL	989	0.878887262	2,6,8,10,11,16	won car too oh i to-do
POOL	990	0.878884728	4,6,8,10,11,16	wut re- too oh i to-do
POOL	991	0.878879790	2,6,8,10,13,16	won car oooh oh inc to-do
POOL	992	0.878879043	2,4,8,10,13,16	were ta league oh inc to-do
POOL	993	0.878877257	4,6,8,10,13,16	wut re- oooh oh inc to-do
POOL	994	0.878870091	1,2,4,6,11,16	ooh uh ta re- go to-do
POOL	995	0.878866641	1,2,4,6,11,16	new a tom re- go to-do
POOL	996	0.878861804	2,4,8,10,13,16	wha ta league oh inc to-do
POOL	997	0.878853474	2,4,6,10,15,16	wha ta re- go into oooh
POOL	998	0.878837375	2,6,7,10,12,16	one car new go ing to-do
POOL	999	0.878833839	2,6,8,10,12,16	one tar too oh ing to-do
POOL	1000	0.878828294	1,2,4,6,11,16	too uh top re- go to-do
POOL	1001	0.878827032	2,6,8,10,12,16	one car ooh oh thing to-do
POOL	1002	0.878818088	2,6,8,10,13,16	one tree ooh oh inc to-do
POOL	1003	0.878802565	1,2,4,6,10,12,16	we uhh ta re- go ing too
POOL	1004	0.878794991	2,6,8,10,13,16	one car new oh think to-do
POOL	1005	0.878787030	2,6,8,10,12,16	one tree new oh ing to-do
POOL	1006	0.878758871	2,4,6,10,15,16	won tom re- go into new
POOL	1007	0.878750009	2,4,8,10,12,16	were top league oh ing to-do
POOL	1008	0.878748208	2,6,8,10,13,16	one tar oooh oh inc to-do
POOL	1009	0.878743299	2,6,8,10,11,16	one car new oh eye to-do
POOL	1010	0.878732771	2,4,8,10,12,16	wha top league oh ing to-do
POOL	1011	0.878731764	2,4,6,10,14,16	won ka re- go into due
POOL	1012	0.878718879	2,4,8,10,12,16	wha top liu oh in to-do
POOL	1013	0.878716169	2,4,6,7,11,16	one top re- oooh go to-do
POOL	1014	0.878709913	1,2,4,6,10,12,16	oooh a ta re- go ing too
POOL	1015	0.878709259	2,4,8,10,12,16	wah ta league oh ing to-do
POOL	1016	0.878705187	2,6,8,10,12,16	one car dog oh ing to-do
POOL	1017	0.878703608	2,6,8,10,11,16	won tar too oh a to-do
POOL	1018	0.878703169	2,4,6,10,14,16	won top re- go into doo
POOL	1019	0.878695367	2,4,8,10,12,16	wah ta liu oh in to-do
POOL	1020	0.878690540	1,2,4,6,11,16	oooh uhh ta re- go to-do
POOL	1021	0.878656799	2,6,8,10,11,16	won tree new oh a to-do
POOL	1022	0.878645419	2,4,6,10,14,16	won todd re- go into due
POOL	1023	0.878643338	2,4,8,10,12,16	won ta rig oh ing to-do
POOL	1024	0.878623403	1,2,4,6,10,12,16	were uh ta re- go ing too
POOL	1025	0.878599937	2,4,8,10,12,16	won top liu oh thing to-do
POOL	1026	0.878593730	2,6,8,10,13,16	won tar new oh inc to-do
POOL	1027	0.878579761	1,2,4,6,11,16	ou a ta re- go to-do
POOL	1028	0.878578448	2,6,8,10,11,16	won car ooh oh if to-do
POOL	1029	0.878578448	2,6,8,10,11,16	won car ooh oh is to-do
POOL	1030	0.878578448	2,6,8,10,11,16	won car ooh oh it to-do
POOL	1031	0.878575915	4,6,8,10,11,16	wut re- ooh oh if to-do
POOL	1032	0.878575915	4,6,8,10,11,16	wut re- ooh oh is to-do
POOL	1033	0.878575915	4,6,8,10,11,16	wut re- ooh oh it to-do
POOL	1034	0.878574956	2,6,8,10,11,16	won car dog oh a to-do
POOL	1035	0.878572422	4,6,8,10,11,16	wut re- dog oh a to-do
POOL	1036	0.878561691	2,4,6,7,11,16	won top re- new go to-do
POOL	1037	0.878550087	2,6,8,10,12,16	won car oooh oh in to-do
POOL	1038	0.878549909	2,6,8,10,11,16	won car oooh oh see to-do
POOL	1039	0.878547554	4,6,8,10,12,16	wut re- oooh oh in to-do
POOL	1040	0.878547376	4,6,8,10,11,16	wut re- oooh oh see to-do
POOL	1041	0.878533690	2,6,8,10,11,16	wha car ooh oh a to-do
POOL	1042	0.878532101	2,4,8,10,12,16	wha ta league oh in to-do
POOL	1043	0.878508277	2,4,7,10,13,16	were top new go inc to-do
POOL	1044	0.878501653	2,4,7,10,13,16	wha top liu go it to-do
POOL	1045	0.878491039	2,4,7,10,13,16	wha top new go inc to-do
POOL	1046	0.878488207	2,6,8,10,11,16	one tree ooh oh see to-do
POOL	1047	0.878481507	2,4,6,10,15,16	wa ta re- go into too
POOL	1048	0.878480795	2,4,7,10,13,16	won ta liu go think to-do
POOL	1049	0.878479034	2,4,6,8,10,16	one ta re- ooh oh to-do
POOL	1050	0.878478141	2,4,7,10,13,16	wah ta liu go it to-do
POOL	1051	0.878472825	2,4,7,10,13,16	wa ta liu go inc to-do
POOL	1052	0.878471991	2,4,6,10,15,16	won ta re- go into ou
POOL	1053	0.878469289	1,2,4,6,10,12,16	new a ta re- go ing too
POOL	1054	0.878468381	2,6,8,10,11,16	wah car too oh a to-do
POOL	1055	0.878465867	1,2,4,6,11,16	due a ta re- go to-do
POOL	1056	0.878463151	2,4,8,10,12,16	one top rig oh thing to-do
POOL	1057	0.878455610	2,6,10,13,15,16	won sorry go inc food new
POOL	1058	0.878454064	2,4,8,10,12,16	were top liu oh ing to-do
POOL	1059	0.878452802	2,4,7,10,12,16	one top new go ing to-do
POOL	1060	0.878437237	2,4,6,8,10,16	one top re- too oh to-do
POOL	1061	0.878436826	2,4,8,10,12,16	wha top liu oh ing to-do
POOL	1062	0.878422396	2,4,6,10,13,16	war top re- go inc to-do
POOL	1063	0.878418326	2,6,8,10,11,16	one tar oooh oh see to-do
POOL	1064	0.878413314	2,4,8,10,12,16	wah ta liu oh ing to-do
POOL	1065	0.878413159	2,4,8,10,12,16	won ta league oh thing to-do
POOL	1066	0.878385310	1,2,4,6,10,12,16	ooh a top re- go ing too
POOL	1067	0.878383854	2,6,8,10,13,16	one car too oh ink to-do
POOL	1068	0.878372957	2,4,6,10,14,16	won top re- go into dew
POOL	1069	0.878359127	2,4,6,10,14,16	won cause re- go into due
POOL	1070	0.878358503	2,6,8,10,13,16	wah car new oh inc to-do
POOL	1071	0.878345572	1,2,4,6,11,16	too uh ta re- go to-do
POOL	1072	0.878334865	3,4,6,10,11,16	want ahh re- go a to-do
POOL	1073	0.878330327	4,6,7,10,11,16	wut re- oooh go if to-do
POOL	1074	0.878330327	4,6,7,10,11,16	wut re- oooh go in to-do
POOL	1075	0.878330327	4,6,7,10,11,16	wut re- oooh go is to-do
POOL	1076	0.878330327	4,6,7,10,11,16	wut re- oooh go it to-do
POOL	1077	0.878309924	2,4,8,10,12,16	one tom league oh ing to-do
POOL	1078	0.878302513	2,6,8,10,12,16	one car too oh thing to-do
POOL	1079	0.878294394	2,4,8,10,12,16	one top league owe ing to-do
POOL	1080	0.878293568	2,6,8,10,13,16	one tree too oh inc to-do
POOL	1081	0.878285943	1,2,4,6,11,16	ooh a tom re- go to-do
POOL	1082	0.878268034	2,6,8,10,12,16	won car oooh oh ing to-do
POOL	1083	0.878266841	2,4,6,10,15,16	wa top re- go into oooh
POOL	1084	0.878265501	4,6,8,10,12,16	wut re- oooh oh ing to-do
POOL	1085	0.878264027	2,6,8,10,12,16	won tar new oh in to-do
POOL	1086	0.878263849	2,6,8,10,11,16	won tar new oh see to-do
POOL	1087	0.878256677	2,6,7,10,12,16	one car ooh go ing to-do
POOL	1088	0.878235750	2,4,6,10,15,16	why top re- go into new
POOL	1089	0.878233447	2,4,6,7,11,16	one ta re- oooh go to-do
POOL	1090	0.878220446	2,4,6,10,14,16	won ta re- go into doo
POOL	1091	0.878214293	2,6,8,10,13,16	one car ooh oh think to-do
POOL	1092	0.878206332	2,6,8,10,12,16	one tree ooh oh ing to-do
POOL	1093	0.878189874	2,6,8,10,11,16	won car oooh oh i to-do
POOL	1094	0.878187341	4,6,8,10,11,16	wut re- oooh oh i to-do
POOL	1095	0.878178173	2,4,6,10,15,16	won tom re- go into ooh
POOL	1096	0.878162601	2,6,8,10,11,16	one car ooh oh eye to-do
POOL	1097	0.878159524	4,6,7,10,11,16	watt re- new go a to-do
POOL	1098	0.878158663	2,4,6,10,14,16	wa tom re- go into due
POOL	1099	0.878136451	2,6,8,10,12,16	one tar oooh oh ing to-do
POOL	1100	0.878130906	1,2,4,6,11,16	oooh uh top re- go to-do
POOL	1101	0.878130655	3,4,6,10,11,16	want awe re- go a to-do
POOL	1102	0.878110110	2,4,7,10,13,15,16	one ta roof go inc food ooh
POOL	1103	0.878078969	2,4,6,7,11,16	won ta re- new go to-do
POOL	1104	0.878076100	2,6,8,10,11,16	won tree ooh oh a to-do
POOL	1105	0.878071647	1,2,4,6,10,15,16	ooh a ta re- go inked ooh
POOL	1106	0.878053928	2,6,8,10,11,16	won car too oh if to-do
POOL	1107	0.878053928	2,6,8,10,11,16	won car too oh is to-do
POOL	1108	0.878053928	2,6,8,10,11,16	won car too oh it to-do
POOL	1109	0.878051395	4,6,8,10,11,16	wut re- too oh if to-do
POOL	1110	0.878051395	4,6,8,10,11,16	wut re- too oh is to-do
POOL	1111	0.878051395	4,6,8,10,11,16	wut re- too oh it to-do
POOL	1112	0.878037968	3,4,6,10,11,16	want ah re- go a to-do
POOL	1113	0.878029582	2,4,7,10,12,16	won top liu go ing to-do
POOL	1114	0.878028800	2,6,8,10,12,16	wah car new oh in to-do
POOL	1115	0.878028622	2,6,8,10,11,16	wah car new oh see to-do
POOL	1116	0.878013032	2,6,8,10,13,16	won tar ooh oh inc to-do
POOL	1117	0.878009171	2,6,8,10,11,16	wha car too oh a to-do
POOL	1118	0.878006220	2,6,8,10,11,16	won tar oooh oh a to-do
POOL	1119	0.877981974	2,6,8,10,12,16	won tar new oh ing to-do
POOL	1120	0.877980993	2,4,6,7,11,16	won top re- ooh go to-do
POOL	1121	0.877970080	2,4,7,10,12,16	one ta new go ing to-do
POOL	1122	0.877963687	2,6,8,10,11,16	one tree too oh see to-do
POOL	1123	0.877954515	2,4,6,8,10,16	one ta re- too oh to-do
POOL	1124	0.877950025	1,2,4,6,11,16	knew a top re- go to-do
POOL	1125	0.877945512	2,4,7,10,13,14,16	one tar liu go inc ooh due
POOL	1126	0.877936879	3,4,6,10,11,16	watt ahh re- go a to-do
POOL	1127	0.877930694	2,4,6,10,14,16	wah top lee go into due
POOL	1128	0.877916531	2,6,8,10,13,16	were car new oh inc to-do
POOL	1129	0.877915949	2,4,6,10,14,16	wah too re- go into due
POOL	1130	0.877904087	4,6,7,10,11,16	wut re- ou go a to-do
POOL	1131	0.877899293	2,6,8,10,13,16	wha car new oh inc to-do
POOL	1132	0.877896169	1,2,4,6,11,16	were uhh tom re- go to-do
POOL	1133	0.877890235	2,4,6,10,14,16	won ta re- go into dew
POOL	1134	0.877885688	2,6,8,10,13,16	won car puig oh inc to-do
POOL	1135	0.877883155	4,6,8,10,13,16	wut re- puig oh inc to-do
POOL	1136	0.877874912	2,6,10,13,15,16	won sorry go inc food ooh
POOL	1137	0.877842255	2,4,6,10,15,16	won top re- go into knew
POOL	1138	0.877790193	4,6,7,10,11,16	wut re- due go a to-do
POOL	1139	0.877784119	2,4,6,10,15,16	wa ta re- go into oooh
POOL	1140	0.877782938	2,4,6,10,14,16	wah da re- go into due
POOL	1141	0.877779674	1,2,4,6,11,16	were a top re- go to-do
POOL	1142	0.877778868	2,4,8,10,11,15,16	one ta liu oh a too ooh
POOL	1143	0.877777805	2,6,8,10,13,16	wah car ooh oh inc to-do
POOL	1144	0.877764075	1,2,5,10,13,15,16	were uhh car go inc food ooh
POOL	1145	0.877761423	1,2,4,6,11,16	too a tom re- go to-do
POOL	1146	0.877754106	2,6,8,10,13,16	one tar puig oh inc to-do
POOL	1147	0.877753027	2,4,6,10,15,16	why ta re- go into new
POOL	1148	0.877746747	2,6,8,10,12,16	wah car new oh ing to-do
POOL	1149	0.877739849	2,4,6,8,11,16	one top re- oooh oh to-do
POOL	1150	0.877736316	2,4,6,10,14,16	wah top free go into due
POOL	1151	0.877732669	3,4,6,10,11,16	watt awe re- go a to-do
POOL	1152	0.877732158	2,6,7,10,12,16	one car too go ing to-do
POOL	1153	0.877724834	2,4,6,9,11,16	won top re- go we to-do
POOL	1154	0.877689774	2,6,8,10,13,16	one car too oh think to-do
POOL	1155	0.877686466	2,6,8,10,13,16	one car oooh oh ink to-do
POOL	1156	0.877683328	2,6,8,10,12,16	won tar ooh oh in to-do
POOL	1157	0.877681812	2,6,8,10,12,16	one tree too oh ing to-do
POOL	1158	0.877655052	2,4,6,10,15,16	why top re- go into ooh
POOL	1159	0.877653654	2,4,6,10,15,16	won tom re- go into too
POOL	1160	0.877648184	1,2,4,6,11,16	oooh uh ta re- go to-do
POOL	1161	0.877642638	1,2,4,6,11,16	were ahh top re- go to-do
POOL	1162	0.877639982	3,4,6,10,11,16	watt ah re- go a to-do
POOL	1163	0.877605125	2,6,8,10,12,16	one car oooh oh thing to-do
POOL	1164	0.877602107	1,2,4,6,11,16	new of top re- go to-do
POOL	1165	0.877602107	1,2,4,6,11,16	new up top re- go to-do
POOL	1166	0.877596181	2,6,8,10,13,16	one tree oooh oh inc to-do
POOL	1167	0.877591895	1,2,4,6,10,14,16	wa a ta re- go too due
POOL	1168	0.877585371	2,4,6,8,10,16	won top re- new oh to-do
POOL	1169	0.877578826	4,6,7,10,11,16	watt re- ooh go a to-do
POOL	1170	0.877569589	2,6,8,10,12,16	wha car new oh in to-do
POOL	1171	0.877555985	2,6,8,10,12,16	won car puig oh in to-do
POOL	1172	0.877553451	4,6,8,10,12,16	wut re- puig oh in to-do
POOL	1173	0.877553274	4,6,8,10,11,16	wut re- puig oh see to-do
POOL	1174	0.877550175	2,4,8,10,14,16	won top league oh into due
POOL	1175	0.877546860	2,4,7,10,12,16	won ta liu go ing to-do
POOL	1176	0.877546548	1,2,4,8,10,14,16	ooh a ta liu oh too due
POOL	1177	0.877545654	2,4,6,10,15,16	one top re- go into new
POOL	1178	0.877531988	2,6,8,10,13,16	won car new oh ink to-do
POOL	1179	0.877529455	4,6,8,10,13,16	wut re- new oh ink to-do
POOL	1180	0.877525930	2,4,6,10,15,16	well top re- go into new
POOL	1181	0.877525037	2,4,6,10,14,16	wah top real go into due
POOL	1182	0.877498271	2,4,6,7,11,16	won ta re- ooh go to-do
POOL	1183	0.877471483	2,4,6,10,14,16	wha top lee go into due
POOL	1184	0.877467303	1,2,4,6,11,16	knew a ta re- go to-do
POOL	1185	0.877456739	2,4,6,10,14,16	wha too re- go into due
POOL	1186	0.877456474	2,4,6,7,11,16	won top re- too go to-do
POOL	1187	0.877450647	2,6,8,10,12,16	won car new oh thing to-do
POOL	1188	0.877448114	4,6,8,10,12,16	wut re- new oh thing to-do
POOL	1189	0.877448101	2,6,8,10,12,16	wah car ooh oh in to-do
POOL	1190	0.877447971	2,4,6,10,14,16	wah ta lee go into due
POOL	1191	0.877438428	1,2,4,6,11,16	were awe top re- go to-do
POOL	1192	0.877401275	2,6,8,10,12,16	won tar ooh oh ing to-do
POOL	1193	0.877366673	2,4,7,10,12,16	one top liu go thing to-do
POOL	1194	0.877359533	2,4,6,10,15,16	won ta re- go into knew
POOL	1195	0.877357327	4,6,8,10,13,16	wut re- dog oh inc to-do
POOL	1196	0.877354007	4,6,8,10,11,16	wut re- oooh oh if to-do
POOL	1197	0.877354007	4,6,8,10,11,16	wut re- oooh oh is to-do
POOL	1198	0.877354007	4,6,8,10,11,16	wut re- oooh oh it to-do
POOL	1199	0.877345741	1,2,4,6,11,16	were ah top re- go to-do
POOL	1200	0.877323728	2,4,6,10,14,16	wha da re- go into due
POOL	1201	0.877319065	2,6,8,10,12,16	one tar new oh thing to-do
POOL	1202	0.877296951	1,2,4,6,11,16	were a ta re- go to-do
POOL	1203	0.877287536	2,6,8,10,12,16	wha car new oh ing to-do
POOL	1204	0.877277106	2,4,6,10,14,16	wha top free go into due
POOL	1205	0.877273932	2,6,8,10,12,16	won car puig oh ing to-do
POOL	1206	0.877271399	4,6,8,10,12,16	wut re- puig oh ing to-do
POOL	1207	0.877257127	2,4,6,8,10,16	one ta re- oooh oh to-do
POOL	1208	0.877254231	2,4,8,10,14,16	won top liu oh into due
POOL	1209	0.877242111	2,4,6,9,11,16	won ta re- go we to-do
POOL	1210	0.877193239	4,6,8,10,11,16	wut re- puig oh i to-do
POOL	1211	0.877183205	4,6,8,10,11,16	watt re- new oh a to-do
POOL	1212	0.877172329	2,4,6,10,15,16	why ta re- go into ooh
POOL	1213	0.877166049	2,6,8,10,12,16	wah car ooh oh ing to-do
POOL	1214	0.877159916	1,2,4,6,11,16	were ahh ta re- go to-do
POOL	1215	0.877159634	4,6,7,10,11,16	wut re- who go see to-do
POOL	1216	0.877158809	2,6,8,10,12,16	won tar too oh in to-do
POOL	1217	0.877142349	2,6,8,10,12,16	one tar puig oh ing to-do
POOL	1218	0.877130532	2,4,6,10,15,16	why top re- go into too
POOL	1219	0.877119385	1,2,4,6,11,16	new of ta re- go to-do
POOL	1220	0.877119385	1,2,4,6,11,16	new up ta re- go to-do
POOL	1221	0.877110107	1,2,4,6,11,16	new a top lee go to-do
POOL	1222	0.877102649	2,4,6,8,10,16	won ta re- new oh to-do
POOL	1223	0.877095362	1,2,4,6,11,16	new a too re- go to-do
POOL	1224	0.877080362	4,6,7,10,11,16	wut re- two go see to-do
POOL	1225	0.877067453	2,4,8,10,14,16	won ta league oh into due
POOL	1226	0.877065255	1,2,4,6,10,16	new us top re- go to-do
POOL	1227	0.877064036	1,2,4,6,11,16	oooh a tom re- go to-do
POOL	1228	0.877062931	2,4,6,10,15,16	one ta re- go into new
POOL	1229	0.877062835	1,2,4,6,11,16	we uhh tom re- go to-do
POOL	1230	0.877054307	4,6,7,10,11,16	watt re- too go a to-do
POOL	1231	0.877049789	1,2,5,10,13,15,16	we uhh car go inc food ooh
POOL	1232	0.877043207	2,4,6,10,15,16	well ta re- go into new
POOL	1233	0.877034770	2,6,7,10,12,16	one car oooh go ing to-do
POOL	1234	0.877027623	4,6,8,10,12,16	wut re- dog oh in to-do
POOL	1235	0.877027446	4,6,8,10,11,16	wut re- dog oh see to-do
POOL	1236	0.877024298	1,2,4,6,10,15,16	ooh a ta re- go inked oooh
POOL	1237	0.877024298	1,2,4,6,10,15,16	oooh a ta re- go inked ooh
POOL	1238	0.877021409	1,2,4,6,11,16	ooh of top re- go to-do
POOL	1239	0.877021409	1,2,4,6,11,16	ooh up top re- go to-do
POOL	1240	0.877004673	2,4,6,8,11,16	won top re- ooh oh to-do
POOL	1241	0.877002337	2,4,6,10,15,16	won top lee go into new
POOL	1242	0.876987593	2,4,6,10,15,16	won too re- go into new
POOL	1243	0.876974112	2,4,6,10,13,15,16	one ta re- o inc food ooh
POOL	1244	0.876973751	2,4,6,7,11,16	won ta re- too go to-do
POOL	1245	0.876964955	2,4,6,10,15,16	one top re- go into ooh
POOL	1246	0.876956266	2,4,6,10,15,16	won tom re- go into oooh
POOL	1247	0.876955706	1,2,4,6,11,16	were awe ta re- go to-do
POOL	1248	0.876948757	4,6,8,10,13,16	wut re- ooh oh ink to-do
POOL	1249	0.876946340	1,2,4,6,11,16	we a top re- go to-do
POOL	1250	0.876945231	2,4,6,10,15,16	well top re- go into ooh
POOL	1251	0.876927768	4,6,8,10,11,16	wut re- ou oh a to-do
POOL	1252	0.876907358	1,2,4,8,10,14,16	ooh a ta league oh too due
POOL	1253	0.876888066	2,4,6,10,15,16	one top re- go include new
POOL	1254	0.876883951	2,4,7,10,12,16	one ta liu go thing to-do
POOL	1255	0.876880292	2,6,7,10,12,16	won car new go ing to-do
POOL	1256	0.876877759	4,6,7,10,12,16	wut re- new go ing to-do
POOL	1257	0.876867416	4,6,8,10,12,16	wut re- ooh oh thing to-do
POOL	1258	0.876863018	1,2,4,6,11,16	were ah ta re- go to-do
POOL	1259	0.876854581	2,4,6,10,15,16	won da re- go into new
POOL	1260	0.876853812	1,2,4,6,11,16	were uh tom re- go to-do
POOL	1261	0.876835375	4,6,8,10,13,16	wut re- new oh think to-do
POOL	1262	0.876813873	4,6,8,10,11,16	wut re- due oh a to-do
POOL	1263	0.876809305	1,2,4,6,10,16	we ahh top re- go to-do
POOL	1264	0.876807959	2,4,6,10,15,16	won top free go into new
POOL	1265	0.876791629	4,6,7,10,11,16	wut re- knew go a to-do
POOL	1266	0.876789888	3,4,6,10,11,16	want ahh re- go see to-do
POOL	1267	0.876783674	1,2,4,6,10,15,16	new a ta re- go inked ooh
POOL	1268	0.876783674	1,2,4,6,10,15,16	ooh a ta re- go inked new
POOL	1269	0.876771508	2,4,8,10,14,16	won ta liu oh into due
POOL	1270	0.876759086	2,4,6,7,11,16	won top re- oooh go to-do
POOL	1271	0.876748710	2,6,7,10,12,16	one tar new go ing to-do
POOL	1272	0.876745747	2,4,6,8,10,16	one top re- puig oh to-do
POOL	1273	0.876745571	4,6,8,10,12,16	wut re- dog oh ing to-do
POOL	1274	0.876716395	4,6,8,10,11,16	wut re- new owe a to-do
POOL	1275	0.876699694	1,2,4,6,10,15,16	ooh a top re- go inked ooh
POOL	1276	0.876667411	4,6,8,10,11,16	wut re- dog oh i. to-do
POOL	1277	0.876655114	3,4,6,10,12,16	wut ahh re- go ing to-do
POOL	1278	0.876647810	2,4,6,10,15,16	why ta re- go into too
POOL	1279	0.876630821	2,4,6,10,15,16	wah top re- go into ou
POOL	1280	0.876627384	1,2,4,6,10,16	new a ta lee go to-do
POOL	1281	0.876614548	4,6,7,10,11,16	watt re- new go see to-do
POOL	1282	0.876605095	1,2,4,6,10,16	we awe top re- go to-do
POOL	1283	0.876604131	2,5,8,10,11,16	one car yoo oh see to-do
POOL	1284	0.876602507	4,6,8,10,11,16	watt re- ooh oh a to-do
POOL	1285	0.876585678	3,4,6,10,11,16	want awe re- go see to-do
POOL	1286	0.876521951	2,4,6,8,10,16	won ta re- ooh oh to-do
POOL	1287	0.876519615	2,4,6,10,15,16	won ta lee go into new
POOL	1288	0.876513195	4,6,8,10,13,16	wut re- who oh inc to-do
POOL	1289	0.876499199	1,2,4,8,10,14,16	oooh a ta liu oh too due
POOL	1290	0.876495719	2,4,7,10,12,16	won top new go ing to-do
POOL	1291	0.876492991	3,4,6,10,11,16	want ah re- go see to-do
POOL	1292	0.876482233	2,4,6,10,15,16	one ta re- go into ooh
POOL	1293	0.876480154	2,4,6,8,10,16	won top re- too oh to-do
POOL	1294	0.876462509	2,4,6,10,15,16	well ta re- go into ooh
POOL	1295	0.876450904	3,4,6,10,12,16	wut awe re- go ing to-do
POOL	1296	0.876440436	2,4,6,10,15,16	one top re- go into too
POOL	1297	0.876433923	4,6,8,10,13,16	wut re- two oh inc to-do
POOL	1298	0.876429853	3,4,6,10,11,16	want ahh re- go i to-do
POOL	1299	0.876424237	4,6,8,10,13,16	wut re- too oh ink to-do
POOL	1300	0.876391903	3,4,6,10,11,16	watt ahh re- go see to-do
POOL	1301	0.876387846	4,6,7,10,13,15,16	wok re- ooh go inc food ooh
POOL	1302	0.876359905	4,6,8,10,13,16	wut re- puig oh it to-do
POOL	1303	0.876359111	4,6,7,10,11,16	wut re- ou go see to-do
POOL	1304	0.876358217	3,4,6,10,12,16	wut ah re- go ing to-do
POOL	1305	0.876356919	4,6,7,10,11,16	watt re- oooh go a to-do
POOL	1306	0.876342896	4,6,8,10,12,16	wut re- too oh thing to-do
POOL	1307	0.876326301	3,4,6,10,11,16	wut on re- go see to-do
POOL	1308	0.876321661	4,6,7,10,11,16	wet re- new go a to-do
POOL	1309	0.876299594	2,6,7,10,12,16	won car ooh go ing to-do
POOL	1310	0.876297061	4,6,7,10,12,16	wut re- ooh go ing to-do
POOL	1311	0.876295050	2,4,7,10,12,16	won ta new go in to-do
POOL	1312	0.876276364	2,4,6,7,11,16	won ta re- oooh go to-do
POOL	1313	0.876263025	2,4,6,8,10,16	one ta re- puig oh to-do
POOL	1314	0.876258575	1,2,4,8,10,14,16	new a ta liu oh too due
POOL	1315	0.876254677	4,6,8,10,13,16	wut re- ooh oh think to-do
POOL	1316	0.876254513	4,6,7,10,11,16	watt re- new go i to-do
POOL	1317	0.876245216	4,6,7,10,11,16	wut re- due go see to-do
POOL	1318	0.876243189	1,2,6,10,15,16	new uhh car go into new
POOL	1319	0.876237799	2,4,6,7,11,16	wah top re- new go to-do
POOL	1320	0.876227414	2,4,6,7,10,15,16	one ta re- ooh go inked ooh
POOL	1321	0.876225643	3,4,6,10,11,16	want awe re- go i to-do
POOL	1322	0.876219919	2,4,6,8,10,16	one top re- dog oh to-do
POOL	1323	0.876217383	2,6,7,10,12,16	one car new go thing to-do
POOL	1324	0.876216139	3,6,8,10,13,15,16	wut r ooh oh inc food ooh
POOL	1325	0.876204739	2,5,8,10,11,16	one car use oh see to-do
POOL	1326	0.876192024	2,5,8,10,11,16	won car yoo oh a to-do
POOL	1327	0.876187693	3,4,6,10,11,16	watt awe re- go see to-do
POOL	1328	0.876174596	1,2,4,8,10,14,16	ooh a top liu oh too due
POOL	1329	0.876168011	2,6,7,10,12,16	one tar ooh go ing to-do
POOL	1330	0.876135697	4,6,8,10,11,16	wut re- ooh owe a to-do
POOL	1331	0.876132956	3,4,6,10,11,16	want ah re- go i to-do
POOL	1332	0.876095005	3,4,6,10,11,16	watt ah re- go see to-do
POOL	1333	0.876077987	4,6,8,10,11,16	watt re- too oh a to-do
POOL	1334	0.876031868	3,4,6,10,11,16	watt ahh re- go i to-do
POOL	1335	0.876019144	2,4,7,10,13,15,16	one ta liu go inc maud ooh
POOL	1336	0.876012997	2,4,7,10,12,16	won ta new go ing to-do
POOL	1337	0.876004755	2,4,6,8,10,12,16	one ta re- ooh oh ing too
POOL	1338	0.875997432	2,4,6,8,10,16	won ta re- too oh to-do
POOL	1339	0.875994701	4,6,8,10,11,16	wut re- new know a to-do
POOL	1340	0.875987742	2,4,7,10,12,16	wah top liu go in to-do
POOL	1341	0.875976949	1,2,4,6,10,15,16	oooh a ta re- go inked oooh
POOL	1342	0.875968109	4,6,8,10,13,16	watt re- new oh inc to-do
POOL	1343	0.875950486	2,5,8,10,11,16	one car u oh see to-do
POOL	1344	0.875901439	4,6,8,10,12,16	wut re- who oh ing to-do
POOL	1345	0.875834077	4,6,8,10,13,16	wut re- dog oh it to-do
POOL	1346	0.875832810	2,4,7,10,12,16	one top new go thing to-do
POOL	1347	0.875827658	3,4,6,10,11,16	watt awe re- go i to-do
POOL	1348	0.875822167	4,6,8,10,12,16	wut re- two oh ing to-do
POOL	1349	0.875795826	2,4,6,7,11,16	were top re- new go to-do
POOL	1350	0.875792633	2,5,8,10,11,16	won car use oh a to-do
POOL	1351	0.875782766	2,4,6,8,11,16	won top re- oooh oh to-do
POOL	1352	0.875778588	2,4,6,7,11,16	wha top re- new go to-do
POOL	1353	0.875775075	2,6,7,10,12,16	won car too go ing to-do
POOL	1354	0.875772541	4,6,7,10,12,16	wut re- too go ing to-do
POOL	1355	0.875755077	2,4,6,7,11,16	wah ta re- new go to-do
POOL	1356	0.875737197	2,4,6,8,10,16	one ta re- dog oh to-do
POOL	1357	0.875730157	4,6,8,10,13,16	wut re- too oh think to-do
POOL	1358	0.875726850	4,6,8,10,13,16	wut re- oooh oh ink to-do
POOL	1359	0.875712672	4,6,8,10,13,16	wut re- ou oh inc to-do
POOL	1360	0.875705690	2,4,7,10,12,16	wah top liu go ing to-do
POOL	1361	0.875662490	1,2,6,10,15,16	new uhh car go into ooh
POOL	1362	0.875662490	1,2,6,10,15,16	ooh uhh car go into new
POOL	1363	0.875657101	2,4,6,7,11,16	wah top re- ooh go to-do
POOL	1364	0.875645509	4,6,8,10,12,16	wut re- oooh oh thing to-do
POOL	1365	0.875643492	2,6,7,10,12,16	one tar too go ing to-do
POOL	1366	0.875638406	4,6,8,10,12,16	watt re- new oh in to-do
POOL	1367	0.875638228	4,6,8,10,11,16	watt re- new oh see to-do
POOL	1368	0.875636685	2,6,7,10,12,16	one car ooh go thing to-do
POOL	1369	0.875611178	4,6,8,10,11,16	wut re- too owe a to-do
POOL	1370	0.875598778	4,6,8,10,13,16	wut re- due oh inc to-do
POOL	1371	0.875596683	2,6,7,10,12,16	one tree new go ing to-do
POOL	1372	0.875551584	2,4,6,7,11,16	one top re- ou go to-do
POOL	1373	0.875538379	2,5,8,10,11,16	won car u oh a to-do
POOL	1374	0.875535615	1,2,4,6,10,12,16	were a ta re- go ing too
POOL	1375	0.875528532	2,4,7,10,12,16	wha top liu go in to-do
POOL	1376	0.875505020	2,4,7,10,12,16	wah ta liu go in to-do
POOL	1377	0.875501300	4,6,8,10,13,16	wut re- new owe inc to-do
POOL	1378	0.875437690	2,4,6,7,11,16	one top re- due go to-do
POOL	1379	0.875414003	4,6,8,10,11,16	wut re- ooh know a to-do
POOL	1380	0.875409590	2,4,7,10,12,16	won top liu go thing to-do
POOL	1381	0.875400941	2,4,6,9,11,16	wah top re- go we to-do
POOL	1382	0.875387411	4,6,8,10,13,16	watt re- ooh oh inc to-do
POOL	1383	0.875382969	4,6,8,10,12,16	wut re- ou oh in to-do
POOL	1384	0.875382791	4,6,8,10,11,16	wut re- ou oh see to-do
POOL	1385	0.875359740	2,6,7,10,12,16	won car oooh go in to-do
POOL	1386	0.875356353	4,6,8,10,12,16	watt re- new oh ing to-do
POOL	1387	0.875355741	2,4,6,7,11,16	one tom re- new go to-do
POOL	1388	0.875350088	2,4,7,10,12,16	one ta new go thing to-do
POOL	1389	0.875334100	2,4,6,10,13,14,16	one ta re- go ting ooh due
POOL	1390	0.875313104	2,4,6,7,11,16	were ta re- new go to-do
POOL	1391	0.875300044	2,4,6,8,10,16	won ta re- oooh oh to-do
POOL	1392	0.875295866	2,4,6,7,11,16	wha ta re- new go to-do
POOL	1393	0.875269525	2,4,7,10,13,15,16	one ta liu go linked food ooh
POOL	1394	0.875269074	4,6,8,10,12,16	wut re- due oh in to-do
POOL	1395	0.875263717	2,4,7,10,12,16	were top liu go ing to-do
POOL	1396	0.875261479	2,4,6,8,10,16	wah top re- new oh to-do
POOL	1397	0.875252528	2,4,6,9,11,16	one top re- go way to-do
POOL	1398	0.875248183	2,5,8,10,11,16	one car yew oh see to-do
POOL	1399	0.875246479	2,4,7,10,12,16	wha top liu go ing to-do
POOL	1400	0.875226283	2,4,8,10,14,16	wah top league oh into due
POOL	1401	0.875222967	2,4,7,10,12,16	wah ta liu go ing to-do
POOL	1402	0.875215128	2,4,6,7,11,16	were top re- ooh go to-do
POOL	1403	0.875200832	1,2,6,10,15,16	new uh car go into new
POOL	1404	0.875197890	2,4,6,7,11,16	wha top re- ooh go to-do
POOL	1405	0.875191950	3,6,8,10,13,15,16	wut on ooh oh inc food ooh
POOL	1406	0.875180065	2,4,6,7,10,15,16	one ta re- ooh go inked oooh
POOL	1407	0.875180065	2,4,6,7,10,15,16	one ta re- oooh go inked ooh
POOL	1408	0.875174378	2,4,6,7,11,16	wah ta re- ooh go to-do
POOL	1409	0.875171596	4,6,8,10,12,16	wut re- new owe in to-do
POOL	1410	0.875168790	3,6,8,10,13,15,16	wut r ooh oh inc food oooh
POOL	1411	0.875168790	3,6,8,10,13,15,16	wut r oooh oh inc food ooh
POOL	1412	0.875160362	2,4,8,10,14,16	won top rig oh into due
POOL	1413	0.875137971	1,2,6,10,15,16	new uhh car go into too
POOL	1414	0.875137971	1,2,6,10,15,16	too uhh car go into new
POOL	1415	0.875132581	2,4,6,7,11,16	wah top re- too go to-do
POOL	1416	0.875112166	2,6,7,10,12,16	one car too go thing to-do
POOL	1417	0.875100916	4,6,8,10,12,16	wut re- ou oh ing to-do
POOL	1418	0.875086071	1,2,4,7,11,16	new a top liu go to-do
POOL	1419	0.875081792	1,2,6,10,15,16	ooh uhh car go into ooh
POOL	1420	0.875077687	2,6,7,10,12,16	won car oooh go ing to-do
POOL	1421	0.875075154	4,6,7,10,12,16	wut re- oooh go ing to-do
POOL	1422	0.875073680	2,6,7,10,12,16	won tar new go in to-do
POOL	1423	0.875068862	2,4,6,7,11,16	one ta re- ou go to-do
POOL	1424	0.875057708	4,6,8,10,12,16	watt re- ooh oh in to-do
POOL	1425	0.875045810	2,4,7,10,12,16	wha ta liu go in to-do
POOL	1426	0.875032770	4,6,8,10,13,16	wut re- oooh oh think to-do
POOL	1427	0.875015985	2,6,7,10,12,16	one tree ooh go ing to-do
POOL	1428	0.874987022	4,6,8,10,12,16	wut re- due oh ing to-do
POOL	1429	0.874978301	2,4,7,10,15,16	won top liu go into new
POOL	1430	0.874966693	2,6,8,10,13,15,16	one con ooh oh inc food ooh
POOL	1431	0.874957406	2,4,6,8,10,12,16	one ta re- oooh oh ing too
POOL	1432	0.874954968	2,4,6,7,11,16	one ta re- due go to-do
POOL	1433	0.874946104	2,6,7,10,12,16	one tar oooh go ing to-do
POOL	1434	0.874941731	2,4,6,9,11,16	wha top re- go we to-do
POOL	1435	0.874939441	2,4,6,7,10,15,16	one ta re- new go inked ooh
POOL	1436	0.874939441	2,4,6,7,10,15,16	one ta re- ooh go inked new
POOL	1437	0.874930338	2,4,8,10,14,16	wah top liu oh into due
POOL	1438	0.874926868	2,4,7,10,12,16	won ta liu go thing to-do
POOL	1439	0.874920602	4,6,8,10,13,16	wut re- ooh owe inc to-do
POOL	1440	0.874918219	2,4,6,9,11,16	wah ta re- go we to-do
POOL	1441	0.874889544	4,6,8,10,12,16	wut re- new owe ing to-do
POOL	1442	0.874862892	4,6,8,10,13,16	watt re- too oh inc to-do
POOL	1443	0.874861091	2,4,6,10,13,14,16	one ta re- go inc tube due
POOL	1444	0.874855462	2,4,6,7,10,15,16	one top re- ooh go inked ooh
POOL	1445	0.874838453	2,6,7,10,12,16	wah car new go in to-do
POOL	1446	0.874836077	2,5,8,10,11,16	won car yew oh a to-do
POOL	1447	0.874823632	2,4,7,10,12,16	one tom liu go ing to-do
POOL	1448	0.874819507	2,4,6,8,10,16	were top re- new oh to-do
POOL	1449	0.874802269	2,4,6,8,10,16	wha top re- new oh to-do
POOL	1450	0.874796941	4,6,7,10,11,16	wut re- new go eat to-do
POOL	1451	0.874795728	2,4,6,10,11,16	would top re- go a to-do
POOL	1452	0.874791627	2,6,7,10,12,16	won tar new go ing to-do
POOL	1453	0.874788664	2,4,6,8,10,16	won top re- puig oh to-do
POOL	1454	0.874780995	2,4,7,10,12,16	were ta liu go ing to-do
POOL	1455	0.874779605	4,6,8,10,13,16	wut re- new know inc to-do
POOL	1456	0.874778757	2,4,6,8,10,16	wah ta re- new oh to-do
POOL	1457	0.874775655	4,6,8,10,12,16	watt re- ooh oh ing to-do
POOL	1458	0.874775043	2,4,6,7,11,16	one tom re- ooh go to-do
POOL	1459	0.874769805	2,4,6,9,11,16	one ta re- go way to-do
POOL	1460	0.874767073	2,4,8,10,14,16	wha top league oh into due
POOL	1461	0.874763757	2,4,7,10,12,16	wha ta liu go ing to-do
POOL	1462	0.874743561	2,4,8,10,14,16	wah ta league oh into due
POOL	1463	0.874742859	2,4,6,9,11,16	one top re- go why to-do
POOL	1464	0.874732748	4,6,8,10,13,16	wut re- puig oh ink to-do
POOL	1465	0.874732406	2,4,6,7,11,16	were ta re- ooh go to-do
POOL	1466	0.874716782	2,4,6,8,10,12,16	one ta re- new oh ing too
POOL	1467	0.874715168	2,4,6,7,11,16	wha ta re- ooh go to-do
POOL	1468	0.874709234	2,4,6,7,11,16	wa top re- new go to-do
POOL	1469	0.874690609	2,4,6,7,11,16	were top re- too go to-do
POOL	1470	0.874680781	2,4,6,8,11,16	wah top re- ooh oh to-do
POOL	1471	0.874677639	2,4,8,10,14,16	won ta rig oh into due
POOL	1472	0.874677489	4,6,8,10,13,15,16	wut re- roo oh inc food ooh
POOL	1473	0.874673371	2,4,6,7,11,16	wha top re- too go to-do
POOL	1474	0.874651407	4,6,8,10,12,16	wut re- puig oh thing to-do
POOL	1475	0.874649859	2,4,6,7,11,16	wah ta re- too go to-do
POOL	1476	0.874647048	2,5,8,10,11,16	won car yoo oh see to-do
POOL	1477	0.874632803	2,4,6,8,10,12,16	one top re- ooh oh ing too
POOL	1478	0.874620134	1,2,6,10,15,16	new uh car go into ooh
POOL	1479	0.874620134	1,2,6,10,15,16	ooh uh car go into new
POOL	1480	0.874606138	2,4,8,10,13,15,16	one ta liu oh inc boob ooh
POOL	1481	0.874603349	1,2,4,7,11,16	new a ta liu go to-do
POOL	1482	0.874590898	4,6,8,10,12,16	wut re- ooh owe in to-do
POOL	1483	0.874588078	2,5,8,10,11,16	one car ewe oh see to-do
POOL	1484	0.874587528	2,6,7,10,13,15,16	one carr's ooh go inc food ooh
POOL	1485	0.874579696	2,4,6,7,10,12,16	one ta re- ooh go ing too
POOL	1486	0.874575264	2,4,6,8,10,16	one top re- ou oh to-do
POOL	1487	0.874557273	1,2,6,10,15,16	ooh uhh car go into too
POOL	1488	0.874557273	1,2,6,10,15,16	too uhh car go into ooh
POOL	1489	0.874556400	2,6,7,10,12,16	wah car new go ing to-do
POOL	1490	0.874540063	2,5,8,10,11,16	one car yue oh see to-do
POOL	1491	0.874533188	4,6,8,10,12,16	watt re- too oh in to-do
POOL	1492	0.874515465	2,5,8,10,11,16	one tar yoo oh see to-do
POOL	1493	0.874505373	1,2,4,7,11,16	ooh a top liu go to-do
POOL	1494	0.874495579	2,4,7,10,15,16	won ta liu go into new
POOL	1495	0.874492981	2,6,7,10,12,16	won tar ooh go in to-do
POOL	1496	0.874491465	2,6,7,10,12,16	one tree too go ing to-do
POOL	1497	0.874471128	2,4,8,10,14,16	wha top liu oh into due
POOL	1498	0.874461370	2,4,6,8,10,16	one top re- due oh to-do
POOL	1499	0.874459177	2,4,7,10,12,16	wa top liu go in to-do
POOL	1500	0.874459009	2,4,6,9,11,16	wha ta re- go we to-do
POOL	1501	0.874453880	2,4,7,10,12,16	wah top new go in to-do
POOL	1502	0.874449902	4,6,8,10,12,16	wut re- new know in to-do
POOL	1503	0.874447616	2,4,8,10,14,16	wah ta liu oh into due
POOL	1504	0.874444860	4,6,8,10,13,16	watt re- new oh it to-do
POOL	1505	0.874440583	1,2,6,10,15,16	new uhh car go into oooh
POOL	1506	0.874440583	1,2,6,10,15,16	oooh uhh car go into new
POOL	1507	0.874439126	2,4,6,7,11,16	one top re- knew go to-do
POOL	1508	0.874435194	2,4,6,7,11,16	wah top re- oooh go to-do
POOL	1509	0.874425210	2,5,8,10,11,16	one car fugue oh see to-do
POOL	1510	0.874414778	2,6,7,10,12,16	one car oooh go thing to-do
POOL	1511	0.874405696	1,2,4,8,10,16	new a top league oh to-do
POOL	1512	0.874397603	2,4,7,10,15,16	won top liu go into ooh
POOL	1513	0.874396082	4,6,8,10,13,16	wut re- too owe inc to-do
POOL	1514	0.874395024	2,4,6,7,11,16	won top re- who go to-do
POOL	1515	0.874379422	2,4,6,8,10,16	one tom re- new oh to-do
POOL	1516	0.874379242	2,6,7,10,12,16	wha car new go in to-do
POOL	1517	0.874363892	2,4,6,8,10,16	one top re- new owe to-do
POOL	1518	0.874336784	2,4,6,8,10,16	were ta re- new oh to-do
POOL	1519	0.874329686	2,6,8,10,13,15,16	one car shoo oh inc food ooh
POOL	1520	0.874319546	2,4,6,8,10,16	wha ta re- new oh to-do
POOL	1521	0.874319140	2,4,6,8,10,15,16	one ta re- ooh oh inked ooh
POOL	1522	0.874315752	2,4,6,7,11,16	won top re- two go to-do
POOL	1523	0.874308845	4,6,8,10,12,16	wut re- ooh owe ing to-do
POOL	1524	0.874305942	2,4,6,8,10,16	won ta re- puig oh to-do
POOL	1525	0.874297926	2,4,8,10,15,16	won top league oh into new
POOL	1526	0.874297879	2,4,8,10,11,16	uh top league oh a to-do
POOL	1527	0.874287013	2,5,8,10,11,16	won car yoo oh i to-do
POOL	1528	0.874284350	2,4,8,10,14,16	wha ta league oh into due
POOL	1529	0.874266226	2,6,7,10,11,16	one car new go tea to-do
POOL	1530	0.874262836	2,4,6,8,10,16	won top re- dog oh to-do
POOL	1531	0.874260300	2,6,7,10,12,16	won car new go thing to-do
POOL	1532	0.874260136	2,4,6,9,11,16	one ta re- go why to-do
POOL	1533	0.874257767	4,6,7,10,12,16	wut re- new go thing to-do
POOL	1534	0.874257755	2,6,7,10,12,16	wah car ooh go in to-do
POOL	1535	0.874251135	4,6,8,10,12,16	watt re- too oh ing to-do
POOL	1536	0.874250524	2,4,6,7,11,16	one tom re- too go to-do
POOL	1537	0.874247656	2,5,8,10,11,16	won car use oh see to-do
POOL	1538	0.874238809	2,4,6,8,10,16	were top re- ooh oh to-do
POOL	1539	0.874226511	2,4,6,7,11,16	wa ta re- new go to-do
POOL	1540	0.874221571	2,4,6,8,11,16	wha top re- ooh oh to-do
POOL	1541	0.874210928	2,6,7,10,12,16	won tar ooh go ing to-do
POOL	1542	0.874207887	2,4,6,7,11,16	were ta re- too go to-do
POOL	1543	0.874206920	4,6,8,10,13,16	wut re- dog oh ink to-do
POOL	1544	0.874198907	4,6,8,10,13,16	wut re- ooh know inc to-do
POOL	1545	0.874198059	2,4,6,8,10,16	wah ta re- ooh oh to-do
POOL	1546	0.874190649	2,4,6,7,11,16	wha ta re- too go to-do
POOL	1547	0.874189423	4,6,8,10,13,16	wut re- ou oh it to-do
POOL	1548	0.874177125	2,4,7,10,12,16	wa top liu go ing to-do
POOL	1549	0.874175971	2,5,8,10,11,16	won car ewe oh a to-do
POOL	1550	0.874171827	2,4,7,10,12,16	wah top new go ing to-do
POOL	1551	0.874167849	4,6,8,10,12,16	wut re- new know ing to-do
POOL	1552	0.874165504	4,6,8,10,13,16	watt re- oooh oh inc to-do
POOL	1553	0.874156262	2,4,6,8,10,16	wah top re- too oh to-do
POOL	1554	0.874154523	1,2,6,10,15,16	new uhh tar go into new
POOL	1555	0.874132716	2,4,6,7,10,15,16	one ta re- oooh go inked oooh
POOL	1556	0.874131164	2,4,8,10,13,14,16	one ta greig oh inc ooh due
POOL	1557	0.874130245	4,6,8,10,13,16	wet re- new oh inc to-do
POOL	1558	0.874128718	2,6,7,10,12,16	one tar new go thing to-do
POOL	1559	0.874128536	2,4,6,7,11,16	wa top re- ooh go to-do
POOL	1560	0.874127956	2,5,8,10,11,16	won car yue oh a to-do
POOL	1561	0.874116074	2,5,8,10,11,16	one tar use oh see to-do
POOL	1562	0.874115599	1,2,4,7,11,16	were uhh top liu go to-do
POOL	1563	0.874114427	2,6,7,10,12,16	were car new go ing to-do
POOL	1564	0.874109752	1,2,4,8,10,16	new a top liu oh to-do
POOL	1565	0.874103359	2,5,8,10,11,16	won tar yoo oh a to-do
POOL	1566	0.874097189	2,6,7,10,12,16	wha car new go ing to-do
POOL	1567	0.874095615	1,2,6,10,15,16	new uh car go into too
POOL	1568	0.874095615	1,2,6,10,15,16	too uh car go into new
POOL	1569	0.874092542	2,4,6,8,10,16	one ta re- ou oh to-do
POOL	1570	0.874075528	4,6,8,10,13,16	wut re- due oh it to-do
POOL	1571	0.874066379	4,6,8,10,12,16	wut re- too owe in to-do
POOL	1572	0.874063884	2,4,7,10,14,16	won top liu go into due
POOL	1573	0.874039436	1,2,6,10,15,16	ooh uh car go into ooh
POOL	1574	0.874035122	3,4,6,10,12,16	wut ahh re- go thing to-do
POOL	1575	0.874032753	1,2,6,10,15,16	too uhh car go into too
POOL	1576	0.874022651	1,2,4,7,11,16	ooh a ta liu go to-do
POOL	1577	0.874013104	2,5,8,10,11,16	won car fugue oh a to-do
POOL	1578	0.874001982	2,4,8,10,15,16	won top liu oh into new
POOL	1579	0.873994669	2,4,7,10,12,16	wha top new go in to-do
POOL	1580	0.873993403	2,5,8,10,11,16	won car u oh see to-do
POOL	1581	0.873993221	2,4,6,7,11,16	were top re- oooh go to-do
POOL	1582	0.873988406	2,4,8,10,14,16	wha ta liu oh into due
POOL	1583	0.873980854	1,2,4,7,11,16	too a top liu go to-do
POOL	1584	0.873978648	2,4,6,8,10,16	one ta re- due oh to-do
POOL	1585	0.873976455	2,4,7,10,12,16	wa ta liu go in to-do
POOL	1586	0.873975983	2,4,6,7,11,16	wha top re- oooh go to-do
POOL	1587	0.873975702	2,6,7,10,12,16	wah car ooh go ing to-do
POOL	1588	0.873971157	2,4,7,10,12,16	wah ta new go in to-do
POOL	1589	0.873968462	2,6,7,10,12,16	won tar too go in to-do
POOL	1590	0.873956403	2,4,6,7,11,16	one ta re- knew go to-do
POOL	1591	0.873922974	1,2,4,8,10,16	new a ta league oh to-do
POOL	1592	0.873921653	2,6,7,10,12,16	won tree new go in. to-do
POOL	1593	0.873914881	2,4,7,10,15,16	won ta liu go into ooh
POOL	1594	0.873902624	1,2,6,10,13,15,16	were anne car go inc food ooh
POOL	1595	0.873889477	2,4,6,10,11,16	one come re- go a to-do
POOL	1596	0.873887621	2,5,8,10,11,16	won car use oh i to-do
POOL	1597	0.873881170	2,4,6,8,10,16	one ta re- new owe to-do
POOL	1598	0.873875727	2,4,7,10,12,16	won top new go thing to-do
POOL	1599	0.873873084	2,4,7,10,15,16	won top liu go into too
POOL	1600	0.873872376	2,4,6,9,11,16	wa top re- go we to-do
POOL	1601	0.873869204	4,6,8,10,12,16	wut re- ooh know in to-do
POOL	1602	0.873868132	2,5,8,10,11,16	wah car yoo oh a to-do
POOL	1603	0.873861820	2,5,8,10,11,16	one tar u oh see to-do
POOL	1604	0.873859885	1,2,6,10,15,16	ooh uhh car go into oooh
POOL	1605	0.873859885	1,2,6,10,15,16	oooh uhh car go into ooh
POOL	1606	0.873851025	3,4,6,10,13,15,16	wut ahh re- goal inc food ooh
POOL	1607	0.873835801	4,6,8,10,12,16	watt re- oooh oh in to-do
POOL	1608	0.873830912	3,4,6,10,12,16	wut awe re- go thing to-do
POOL	1609	0.873824998	1,2,4,8,10,16	ooh a top league oh to-do
POOL	1610	0.873817051	2,4,6,8,10,12,16	won ta re- ooh oh ing too
POOL	1611	0.873815204	2,4,8,10,15,16	won ta league oh into new
POOL	1612	0.873812471	2,4,6,10,13,14,16	one ta re- goethe inc ooh due
POOL	1613	0.873809838	2,5,8,10,11,16	one car yu oh see to-do
POOL	1614	0.873798724	2,4,6,8,10,16	one tom re- ooh oh to-do
POOL	1615	0.873783194	2,4,6,8,10,16	one top re- ooh owe to-do
POOL	1616	0.873782839	1,2,5,10,13,15,16	were a car go inc food ooh
POOL	1617	0.873780114	2,4,6,8,10,16	won ta re- dog oh to-do
POOL	1618	0.873756086	2,4,6,8,10,16	were ta re- ooh oh to-do
POOL	1619	0.873738848	2,4,6,8,10,16	wha ta re- ooh oh to-do
POOL	1620	0.873738225	3,4,6,10,12,16	wut ah re- go thing to-do
POOL	1621	0.873732914	2,4,6,8,10,16	wa top re- new oh to-do
POOL	1622	0.873729854	2,4,7,10,12,16	were top new go ing to-do
POOL	1623	0.873717228	2,4,8,10,15,16	won top league oh into ooh
POOL	1624	0.873714289	2,4,6,8,10,16	were top re- too oh to-do
POOL	1625	0.873712616	2,4,7,10,12,16	wha top new go ing to-do
POOL	1626	0.873703967	2,5,8,10,11,16	won tar use oh a to-do
POOL	1627	0.873697718	2,4,8,10,14,16	wa top league oh into due
POOL	1628	0.873697051	2,4,6,8,10,16	wha top re- too oh to-do
POOL	1629	0.873694402	2,4,7,10,12,16	wa ta liu go ing to-do
POOL	1630	0.873690302	2,4,6,8,10,13,16	one ta re- ooh oh inc dru
POOL	1631	0.873689104	2,4,7,10,12,16	wah ta new go ing to-do
POOL	1632	0.873677069	4,6,7,10,12,16	wut re- ooh go thing to-do
POOL	1633	0.873673539	2,4,6,8,10,16	wah ta re- too oh to-do
POOL	1634	0.873642198	2,4,6,8,10,16	one top re- new know to-do
POOL	1635	0.873633368	2,5,8,10,11,16	won car u oh i to-do
POOL	1636	0.873632877	1,2,4,7,11,16	were uhh ta liu go to-do
POOL	1637	0.873627029	1,2,4,8,10,16	new a ta liu oh to-do
POOL	1638	0.873585454	2,4,6,8,10,12,16	one top re- oooh oh ing too
POOL	1639	0.873582106	2,4,7,10,12,16	one top liu go king to-do
POOL	1640	0.873581161	2,4,7,10,14,16	won ta liu go into due
POOL	1641	0.873573825	1,2,6,10,15,16	new uhh tar go into ooh
POOL	1642	0.873573825	1,2,6,10,15,16	ooh uhh tar go into new
POOL	1643	0.873552208	1,2,4,7,11,16	new a top new go to-do
POOL	1644	0.873549045	2,4,6,8,10,12,16	won ta re- ooh oh in too
POOL	1645	0.873532347	2,4,6,7,10,12,16	one ta re- oooh go ing too
POOL	1646	0.873529053	1,2,4,8,10,16	ooh a top liu oh to-do
POOL	1647	0.873519259	2,4,8,10,15,16	won ta liu oh into new
POOL	1648	0.873514916	1,2,6,10,15,16	ooh uh car go into too
POOL	1649	0.873514916	1,2,6,10,15,16	too uh car go into ooh
POOL	1650	0.873511947	2,4,7,10,12,16	wha ta new go in to-do
POOL	1651	0.873498131	1,2,4,7,11,16	too a ta liu go to-do
POOL	1652	0.873473503	2,4,6,7,10,13,16	one ta re- ooh go inc au
POOL	1653	0.873458874	2,4,6,8,10,16	wah top re- oooh oh to-do
POOL	1654	0.873444439	2,4,7,10,15,16	won top new go into new
POOL	1655	0.873435224	1,2,4,8,10,16	were uhh top league oh to-do
POOL	1656	0.873421284	2,4,8,10,15,16	won top liu oh into ooh
POOL	1657	0.873418705	2,4,6,8,10,16	won top re- who oh to-do
POOL	1658	0.873413784	2,5,7,10,11,16	one car yoo go see to-do
POOL	1659	0.873401773	2,4,8,10,14,16	wa top liu oh into due
POOL	1660	0.873398227	1,2,6,10,15,16	new uh car go into oooh
POOL	1661	0.873398227	1,2,6,10,15,16	oooh uh car go into new
POOL	1662	0.873390362	2,4,7,10,15,16	won ta liu go into too
POOL	1663	0.873389654	2,4,6,9,11,16	wa ta re- go we to-do
POOL	1664	0.873387084	2,4,6,9,11,16	won top re- goo we to-do
POOL	1665	0.873383013	2,4,6,10,13,16	one top re- go cinque to-do
POOL	1666	0.873342275	1,2,4,8,10,16	ooh a ta league oh to-do
POOL	1667	0.873339432	2,4,6,8,10,16	won top re- two oh to-do
POOL	1668	0.873335366	1,2,6,10,15,16	oooh uhh car go into too
POOL	1669	0.873335366	1,2,6,10,15,16	too uhh car go into oooh
POOL	1670	0.873324740	2,4,6,10,11,15,16	one ta re- go a taught ooh
POOL	1671	0.873300478	1,2,4,8,10,16	too a top league oh to-do
POOL	1672	0.873300472	2,4,6,8,10,16	one ta re- ooh owe to-do
POOL	1673	0.873295445	2,4,6,9,11,16	won top re- go way to-do
POOL	1674	0.873291723	2,4,6,7,10,12,16	one ta re- new go ing too
POOL	1675	0.873290253	1,2,4,6,10,13,16	were a ta re- go inc doon
POOL	1676	0.873283466	1,2,4,7,11,16	oooh a top liu go to-do
POOL	1677	0.873282266	1,2,4,7,11,16	we uhh top liu go to-do
POOL	1678	0.873274204	2,4,6,8,10,16	one tom re- too oh to-do
POOL	1679	0.873271791	2,4,6,8,10,15,16	one ta re- ooh oh inked oooh
POOL	1680	0.873271791	2,4,6,8,10,15,16	one ta re- oooh oh inked ooh
POOL	1681	0.873260396	4,6,10,13,15,16	wut re- go into food new
POOL	1682	0.873258675	2,4,6,8,10,16	one top re- too owe to-do
POOL	1683	0.873250192	2,4,6,8,10,16	wa ta re- new oh to-do
POOL	1684	0.873234506	2,4,8,10,15,16	won ta league oh into ooh
POOL	1685	0.873231567	2,4,6,8,10,16	were ta re- too oh to-do
POOL	1686	0.873214996	2,4,8,10,14,16	wa ta league oh into due
POOL	1687	0.873214329	2,4,6,8,10,16	wha ta re- too oh to-do
POOL	1688	0.873207743	2,4,6,7,10,12,16	one top re- ooh go ing too
POOL	1689	0.873192709	2,4,8,10,15,16	won top league oh into too
POOL	1690	0.873175696	2,4,7,10,15,16	won top liu go into oooh
POOL	1691	0.873159475	2,4,6,8,10,16	one ta re- new know to-do
POOL	1692	0.873152549	4,6,7,10,12,16	wut re- too go thing to-do
POOL	1693	0.873152216	2,4,6,8,11,16	wa top re- ooh oh to-do
POOL	1694	0.873139279	1,2,4,8,10,16	were uhh top liu oh to-do
POOL	1695	0.873112167	1,2,6,10,15,16	new uh tar go into new
POOL	1696	0.873081978	2,4,7,10,13,15,16	one ta liu go inc food why
POOL	1697	0.873081111	2,4,6,10,12,16	when top re- go in to-do
POOL	1698	0.873073243	1,2,4,7,11,16	were uh top liu go to-do
POOL	1699	0.873069486	1,2,4,7,11,16	new a ta new go to-do
POOL	1700	0.873061500	2,4,6,8,10,16	one top re- ooh know to-do
POOL	1701	0.873049305	1,2,6,10,15,16	new uhh tar go into too
POOL	1702	0.873049305	1,2,6,10,15,16	too uhh tar go into new
POOL	1703	0.873046331	1,2,4,8,11,16	ooh a ta liu oh to-do
POOL	1704	0.873031167	2,4,6,8,10,15,16	one ta re- new oh inked ooh
POOL	1705	0.873031167	2,4,6,8,10,15,16	one ta re- ooh oh inked new
POOL	1706	0.873024655	3,4,8,10,11,16	wut ahh league oh a to-do
POOL	1707	0.873024192	2,4,8,10,13,15,16	one ta liu rowe inc food ooh
POOL	1708	0.873014392	2,5,7,10,11,16	one car use go see to-do
POOL	1709	0.873004534	1,2,4,8,10,16	too a top liu oh to-do
POOL	1710	0.873002496	1,2,6,10,15,16	new uhh tree go into new
POOL	1711	0.873001677	2,5,7,10,11,16	won car yoo go a to-do
POOL	1712	0.872993127	1,2,6,10,15,16	ooh uhh tar go into ooh
POOL	1713	0.872990397	1,2,6,10,15,16	too uh car go into too
POOL	1714	0.872976152	2,4,6,8,10,16	wah ta re- oooh oh to-do
POOL	1715	0.872971510	1,2,4,7,11,16	ooh a top new go to-do
POOL	1716	0.872961716	2,4,7,10,15,16	won ta new go into new
POOL	1717	0.872952501	1,2,4,8,10,16	were uhh ta league oh to-do
POOL	1718	0.872947188	2,4,6,8,10,15,16	one top re- ooh oh inked ooh
POOL	1719	0.872938561	2,4,8,10,15,16	won ta liu oh into ooh
POOL	1720	0.872935982	2,4,6,8,10,16	won ta re- who oh to-do
POOL	1721	0.872919051	2,4,8,10,14,16	wa ta liu oh into due
POOL	1722	0.872904362	2,4,6,9,11,16	won ta re- goo we to-do
POOL	1723	0.872896764	2,4,8,10,15,16	won top liu oh into too
POOL	1724	0.872863740	2,4,7,10,15,16	won top new go into ooh
POOL	1725	0.872856710	2,4,6,8,10,16	won ta re- two oh to-do
POOL	1726	0.872852692	2,6,8,10,15,16	won car new oh into new
POOL	1727	0.872850159	4,6,8,10,15,16	wut re- new oh into new
POOL	1728	0.872836470	2,4,8,10,14,16	wah top rig oh into due
POOL	1729	0.872820445	3,4,8,10,11,16	wut awe league oh a to-do
POOL	1730	0.872817756	1,2,4,8,10,16	too a ta league oh to-do
POOL	1731	0.872817529	1,2,6,10,15,16	ooh uh car go into oooh
POOL	1732	0.872817529	1,2,6,10,15,16	oooh uh car go into ooh
POOL	1733	0.872812722	2,4,6,9,11,16	won ta re- go way to-do
POOL	1734	0.872800744	1,2,4,7,11,16	oooh a ta liu go to-do
POOL	1735	0.872799543	1,2,4,7,11,16	we uhh ta liu go to-do
POOL	1736	0.872785776	2,4,6,9,11,16	won top re- go why to-do
POOL	1737	0.872775952	2,4,6,8,10,16	one ta re- too owe to-do
POOL	1738	0.872760139	2,5,7,10,11,16	one car u go see to-do
POOL	1739	0.872728710	3,4,8,10,11,16	wut ahh liu oh a to-do
POOL	1740	0.872727757	3,4,8,10,11,16	wut ah league oh a to-do
POOL	1741	0.872711092	4,6,7,10,12,16	wut re- who go ing to-do
POOL	1742	0.872709986	2,4,8,10,15,16	won ta league oh into too
POOL	1743	0.872692974	2,4,7,10,15,16	won ta liu go into oooh
POOL	1744	0.872679698	4,6,10,13,15,16	wut re- go into food ooh
POOL	1745	0.872656557	1,2,4,8,10,16	were uhh ta liu oh to-do
POOL	1746	0.872654409	2,4,7,10,15,16	wah top liu go into new
POOL	1747	0.872637978	1,2,6,10,15,16	oooh uhh car go into oooh
POOL	1748	0.872631820	4,6,7,10,12,16	wut re- two go ing to-do
POOL	1749	0.872623399	3,4,6,10,12,16	want ahh re- go in to-do
POOL	1750	0.872603091	1,2,4,8,10,16	oooh a top league oh to-do
POOL	1751	0.872602286	2,5,7,10,11,16	won car use go a to-do
POOL	1752	0.872601890	1,2,4,8,10,16	we uhh top league oh to-do
POOL	1753	0.872590520	1,2,4,7,11,16	were uh ta liu go to-do
POOL	1754	0.872589617	2,4,6,9,11,16	won top re- oh we to-do
POOL	1755	0.872581736	1,2,4,7,11,16	were uhh top new go to-do
POOL	1756	0.872561801	2,4,6,9,11,16	won tom re- go we to-do
POOL	1757	0.872531468	1,2,6,10,15,16	new uh tar go into ooh
POOL	1758	0.872531468	1,2,6,10,15,16	ooh uh tar go into new
POOL	1759	0.872530021	2,4,7,10,14,16	won top new go into due
POOL	1760	0.872524500	3,4,8,10,11,16	wut awe liu oh a to-do
POOL	1761	0.872521812	1,2,4,8,10,16	too a ta liu oh to-do
POOL	1762	0.872488788	1,2,4,7,11,16	ooh a ta new go to-do
POOL	1763	0.872481255	2,4,8,10,13,14,16	wot ta liu oh inc ooh due
POOL	1764	0.872468607	1,2,6,10,15,16	ooh uhh tar go into too
POOL	1765	0.872468607	1,2,6,10,15,16	too uhh tar go into ooh
POOL	1766	0.872455162	4,6,7,10,12,16	wut re- oooh go thing to-do
POOL	1767	0.872448059	4,6,7,10,12,16	watt re- new go in to-do
POOL	1768	0.872446991	1,2,4,7,11,16	too a top new go to-do
POOL	1769	0.872431813	3,4,8,10,11,16	wut ah liu oh a to-do
POOL	1770	0.872421798	1,2,6,10,15,16	new uhh tree go into ooh
POOL	1771	0.872421798	1,2,6,10,15,16	ooh uhh tree go into new
POOL	1772	0.872419189	3,4,6,10,12,16	want awe re- go in to-do
POOL	1773	0.872410763	2,4,6,8,12,16	one top re- new own to-do
POOL	1774	0.872392867	1,2,4,8,10,16	were uh top league oh to-do
POOL	1775	0.872391992	2,4,6,7,10,12,16	won ta re- ooh go ing too
POOL	1776	0.872387143	2,4,8,10,14,16	won tom league oh into due
POOL	1777	0.872381018	2,4,7,10,15,16	won ta new go into ooh
POOL	1778	0.872377259	2,4,8,10,14,16	wha top rig oh into due
POOL	1779	0.872371613	2,4,8,10,14,16	won top league owe into due
POOL	1780	0.872353747	2,4,8,10,14,16	wah ta rig oh into due
POOL	1781	0.872351918	1,2,6,10,15,16	new uhh tar go into oooh
POOL	1782	0.872351918	1,2,6,10,15,16	oooh uhh tar go into new
POOL	1783	0.872348032	2,5,7,10,11,16	won car u go a to-do
POOL	1784	0.872342606	2,4,6,10,12,16	one twa re- go in to-do
POOL	1785	0.872341346	3,4,6,10,12,16	want ahh re- go ing to-do
POOL	1786	0.872339221	2,4,7,10,15,16	won top new go into too
POOL	1787	0.872326502	3,4,6,10,12,16	want ah re- go in to-do
POOL	1788	0.872322071	2,4,8,10,13,14,16	one tuck liu oh inc ooh due
POOL	1789	0.872313717	4,6,8,10,13,15,16	wop re- ooh oh inc food ooh
POOL	1790	0.872308320	2,4,8,10,13,15,16	one ta liu oh inc food own
POOL	1791	0.872307146	1,2,4,8,10,16	oooh a top liu oh to-do
POOL	1792	0.872305946	1,2,4,8,10,16	we uhh top liu oh to-do
POOL	1793	0.872303053	2,4,6,9,11,16	won ta re- go why to-do
POOL	1794	0.872293009	1,2,6,10,15,16	oooh uh car go into too
POOL	1795	0.872293009	1,2,6,10,15,16	too uh car go into oooh
POOL	1796	0.872271994	2,6,8,10,15,16	won car new oh into ooh
POOL	1797	0.872271994	2,6,8,10,15,16	won car ooh oh into new
POOL	1798	0.872269461	4,6,8,10,15,16	wut re- new oh into ooh
POOL	1799	0.872269461	4,6,8,10,15,16	wut re- ooh oh into new
POOL	1800	0.872262871	3,4,6,10,11,16	wut ahh re- go im to-do
POOL	1801	0.872239909	1,2,4,7,11,16	we uh top liu go to-do
POOL	1802	0.872225414	3,4,6,10,12,16	watt ahh re- go in to-do
POOL	1803	0.872224442	2,4,6,8,10,15,16	one ta re- oooh oh inked oooh
POOL	1804	0.872195199	2,4,7,10,15,16	wha top liu go into new
POOL	1805	0.872192622	4,6,7,10,12,16	wut re- ou go in to-do
POOL	1806	0.872185688	2,4,8,10,12,16	yuh top league oh in to-do
POOL	1807	0.872171687	2,4,7,10,15,16	wah ta liu go into new
POOL	1808	0.872166006	4,6,7,10,12,16	watt re- new go ing to-do
POOL	1809	0.872160395	2,4,6,7,10,12,16	one top re- oooh go ing too
POOL	1810	0.872155589	2,5,8,10,12,16	one car yoo oh ing to-do
POOL	1811	0.872155179	4,6,10,13,15,16	wut re- go into food too
POOL	1812	0.872137136	3,4,6,10,12,16	want awe re- go ing to-do
POOL	1813	0.872123986	2,4,6,7,10,12,16	won ta re- ooh go in too
POOL	1814	0.872120368	1,2,4,8,10,16	oooh a ta league oh to-do
POOL	1815	0.872119168	1,2,4,8,10,16	we uhh ta league oh to-do
POOL	1816	0.872106894	2,4,6,9,11,16	won ta re- oh we to-do
POOL	1817	0.872099014	1,2,4,7,11,16	were uhh ta new go to-do
POOL	1818	0.872096923	1,2,4,8,10,16	were uh top liu oh to-do
POOL	1819	0.872091198	2,4,8,10,14,16	won tom liu oh into due
POOL	1820	0.872078728	4,6,7,10,12,16	wut re- due go in to-do
POOL	1821	0.872075668	2,4,8,10,14,16	won top liu owe into due
POOL	1822	0.872073711	2,4,7,10,15,16	wah top liu go into ooh
POOL	1823	0.872057836	2,5,7,10,11,16	one car yew go see to-do
POOL	1824	0.872047299	2,4,7,10,14,16	won ta new go into due
POOL	1825	0.872044449	3,4,6,10,12,16	want ah re- go ing to-do
POOL	1826	0.872038680	2,4,6,9,11,16	why top re- go we to-do
POOL	1827	0.872032266	1,2,4,7,11,16	new uhh top liu go to-do
POOL	1828	0.872022107	2,6,8,10,13,15,16	woo car ooh oh inc food ooh
POOL	1829	0.872021204	3,4,6,10,12,16	watt awe re- go in to-do
POOL	1830	0.872015883	1,2,4,8,10,16	new a top rig oh to-do
POOL	1831	0.872006949	1,2,6,10,15,16	new uh tar go into too
POOL	1832	0.872006949	1,2,6,10,15,16	too uh tar go into new
POOL	1833	0.871964268	1,2,4,7,11,16	too a ta new go to-do
POOL	1834	0.871961607	2,4,6,9,11,16	one top re- go wee to-do
POOL	1835	0.871960140	1,2,6,10,15,16	new uh tree go into new
POOL	1836	0.871950770	1,2,6,10,15,16	ooh uh tar go into ooh
POOL	1837	0.871944088	1,2,6,10,15,16	too uhh tar go into too
POOL	1838	0.871943361	3,4,6,10,12,16	watt ahh re- go ing to-do
POOL	1839	0.871928517	3,4,6,10,12,16	watt ah re- go in to-do
POOL	1840	0.871928041	2,4,6,8,12,16	one ta re- new own to-do
POOL	1841	0.871912081	2,4,8,10,11,16	one top league oh bee to-do
POOL	1842	0.871910569	4,6,7,10,12,16	wut re- ou go ing to-do
POOL	1843	0.871910145	1,2,4,8,10,16	were uh ta league oh to-do
POOL	1844	0.871897279	1,2,6,10,15,16	new uhh tree go into too
POOL	1845	0.871897279	1,2,6,10,15,16	too uhh tree go into new
POOL	1846	0.871894537	2,4,8,10,14,16	wha ta rig oh into due
POOL	1847	0.871888891	2,4,8,10,14,16	won ta league owe into due
POOL	1848	0.871878601	2,4,6,8,12,15,16	one ta re- ooh own too ooh
POOL	1849	0.871877759	3,4,6,10,12,16	wut on re- go ing to-do
POOL	1850	0.871867361	4,6,7,10,12,16	watt re- ooh go in to-do
POOL	1851	0.871864021	2,4,8,10,14,16	why top league oh into due
POOL	1852	0.871856499	2,4,7,10,15,16	won ta new go into too
POOL	1853	0.871841100	1,2,6,10,15,16	ooh uhh tree go into ooh
POOL	1854	0.871830065	2,4,6,8,12,16	one top re- ooh own to-do
POOL	1855	0.871824424	1,2,4,8,10,16	oooh a ta liu oh to-do
POOL	1856	0.871823224	1,2,4,8,10,16	we uhh ta liu oh to-do
POOL	1857	0.871796675	4,6,7,10,12,16	wut re- due go ing to-do
POOL	1858	0.871771220	1,2,6,10,15,16	ooh uhh tar go into oooh
POOL	1859	0.871771220	1,2,6,10,15,16	oooh uhh tar go into ooh
POOL	1860	0.871757187	1,2,4,7,11,16	we uh ta liu go to-do
POOL	1861	0.871756197	2,5,8,10,12,16	one car use oh ing to-do
POOL	1862	0.871749603	1,2,4,7,11,16	oooh a top new go to-do
POOL	1863	0.871748403	1,2,4,7,11,16	we uhh top new go to-do
POOL	1864	0.871747474	2,6,8,10,15,16	won car new oh into too
POOL	1865	0.871747474	2,6,8,10,15,16	won car too oh into new
POOL	1866	0.871744941	4,6,8,10,15,16	wut re- new oh into too
POOL	1867	0.871744941	4,6,8,10,15,16	wut re- too oh into new
POOL	1868	0.871739992	2,4,7,10,14,16	wah top liu go into due
POOL	1869	0.871739151	3,4,6,10,12,16	watt awe re- go ing to-do
POOL	1870	0.871712476	2,4,7,10,15,16	wha ta liu go into new
POOL	1871	0.871706802	2,4,6,9,11,16	one top re- go oi to-do
POOL	1872	0.871691296	2,6,8,10,15,16	won car ooh oh into ooh
POOL	1873	0.871688762	4,6,8,10,15,16	wut re- ooh oh into ooh
POOL	1874	0.871675195	2,4,6,10,13,15,16	one ca re- go lint food ooh
POOL	1875	0.871649918	2,4,8,10,14,16	won top league know into due
POOL	1876	0.871646464	3,4,6,10,12,16	watt ah re- go ing to-do
POOL	1877	0.871645730	2,5,7,10,11,16	won car yew go a to-do
POOL	1878	0.871641833	2,4,7,10,15,16	won top new go into oooh
POOL	1879	0.871614501	2,4,7,10,15,16	wha top liu go into ooh
POOL	1880	0.871614201	1,2,4,8,10,16	were uh ta liu oh to-do
POOL	1881	0.871595622	1,2,6,10,15,16	oooh uh car go into oooh
POOL	1882	0.871592946	2,4,8,10,14,16	won ta liu owe into due
POOL	1883	0.871590989	2,4,7,10,15,16	wah ta liu go into ooh
POOL	1884	0.871585308	4,6,7,10,12,16	watt re- ooh go ing to-do
POOL	1885	0.871573315	3,4,6,10,12,16	wut a re- go ing to-do
POOL	1886	0.871568077	2,4,8,10,14,16	why top liu oh into due
POOL	1887	0.871559534	1,2,4,8,10,16	we uh top league oh to-do
POOL	1888	0.871555957	2,4,6,9,11,16	why ta re- go we to-do
POOL	1889	0.871549543	1,2,4,7,11,16	new uhh ta liu go to-do
POOL	1890	0.871549192	2,4,7,10,15,16	wah top liu go into too
POOL	1891	0.871539380	1,2,4,7,11,16	were uh top new go to-do
POOL	1892	0.871538225	2,4,6,10,13,14,16	run ta re- go inc pooh due
POOL	1893	0.871533160	1,2,4,8,10,16	new a ta rig oh to-do
POOL	1894	0.871501944	2,5,8,10,12,16	one car u oh ing to-do
POOL	1895	0.871479678	3,4,8,10,11,16	wut ahh league oh see to-do
POOL	1896	0.871478885	2,4,6,9,11,16	one ta re- go wee to-do
POOL	1897	0.871477130	1,2,4,7,10,15,16	ooh a ta liu go inked ooh
POOL	1898	0.871456701	2,5,7,10,11,16	won car yoo go see to-do
POOL	1899	0.871456456	3,6,10,13,15,16	wut ari go inc food new
POOL	1900	0.871451567	1,2,4,7,11,16	ooh uhh top liu go to-do
POOL	1901	0.871447825	1,4,6,10,13,15,16	were teh re- go inc food ooh
POOL	1902	0.871435184	1,2,4,8,10,16	ooh a top rig oh to-do
POOL	1903	0.871426251	1,2,6,10,15,16	ooh uh tar go into too
POOL	1904	0.871426251	1,2,6,10,15,16	too uh tar go into ooh
POOL	1905	0.871397731	2,5,7,10,11,16	one car ewe go see to-do
POOL	1906	0.871392415	2,6,8,10,13,16	one car new oh link to-do
POOL	1907	0.871381299	2,4,8,10,14,16	why ta league oh into due
POOL	1908	0.871379442	1,2,6,10,15,16	new uh tree go into ooh
POOL	1909	0.871379442	1,2,6,10,15,16	ooh uh tree go into new
POOL	1910	0.871372375	2,4,8,10,14,16	won ta liu oh into too
POOL	1911	0.871353974	2,4,8,10,14,16	won top liu know into due
POOL	1912	0.871351890	1,2,4,8,10,16	new uhh top league oh to-do
POOL	1913	0.871349716	2,5,7,10,11,16	one car yue go see to-do
POOL	1914	0.871348583	2,4,6,9,11,16	one top re- go we to-do
POOL	1915	0.871347343	2,4,6,8,12,16	one ta re- ooh own to-do
POOL	1916	0.871342841	4,6,7,10,12,16	watt re- too go in to-do
POOL	1917	0.871328860	2,4,6,9,11,16	well top re- go we to-do
POOL	1918	0.871325118	2,5,7,10,11,16	one tar yoo go see to-do
POOL	1919	0.871316580	1,2,6,10,15,16	ooh uhh tree go into too
POOL	1920	0.871316580	1,2,6,10,15,16	too uhh tree go into ooh
POOL	1921	0.871310194	2,4,6,9,11,16	one top re- go wii to-do
POOL	1922	0.871309561	1,2,6,10,15,16	new uh tar go into oooh
POOL	1923	0.871307904	2,4,8,10,14,16	wa top rig oh into due
POOL	1924	0.871305546	2,4,6,8,12,16	one top re- too own to-do
POOL	1925	0.871280781	2,4,7,10,14,16	wha top liu go into due
POOL	1926	0.871275468	3,4,8,10,11,16	wut awe league oh see to-do
POOL	1927	0.871266881	1,2,4,7,11,16	oooh a ta new go to-do
POOL	1928	0.871265680	1,2,4,7,11,16	we uhh ta new go to-do
POOL	1929	0.871263589	1,2,4,8,10,16	we uh top liu oh to-do
POOL	1930	0.871257269	2,4,7,10,14,16	wah ta liu go into due
POOL	1931	0.871254831	1,4,8,10,11,16	were top league oh see to-do
POOL	1932	0.871254472	1,2,4,8,10,12,16	ooh a ta liu oh ing too
POOL	1933	0.871252010	4,6,7,10,13,15,16	wut her ooh go inc food ooh
POOL	1934	0.871224079	2,4,6,9,11,16	one ta re- go oi to-do
POOL	1935	0.871183734	3,4,8,10,11,16	wut ahh liu oh see to-do
POOL	1936	0.871182781	3,4,8,10,11,16	wut ah league oh see to-do
POOL	1937	0.871173925	2,4,8,10,14,16	one top league oh into due
POOL	1938	0.871171810	2,4,6,7,10,14,16	one ta re- ooh go ing due
POOL	1939	0.871167196	2,4,8,10,14,16	won ta league know into due
POOL	1940	0.871166776	2,6,8,10,15,16	won car ooh oh into too
POOL	1941	0.871164243	4,6,8,10,15,16	wut re- ooh oh into too
POOL	1942	0.871164243	4,6,8,10,15,16	wut re- too oh into ooh
POOL	1943	0.871159111	2,4,7,10,15,16	won ta new go into oooh
POOL	1944	0.871154201	2,4,8,10,14,16	well top league oh into due
POOL	1945	0.871131778	2,4,7,10,15,16	wha ta liu go into ooh
POOL	1946	0.871125844	2,4,7,10,15,16	wa top liu go into new
POOL	1947	0.871120546	2,4,7,10,15,16	wah top new go into new
POOL	1948	0.871119643	3,4,8,10,11,16	wut ahh league oh i to-do
POOL	1949	0.871116592	2,4,7,10,11,16	one top liu go wii to-do
POOL	1950	0.871096666	2,5,7,10,11,16	won car yoo go i to-do
POOL	1951	0.871089981	2,4,7,10,15,16	wha top liu go into too
POOL	1952	0.871085354	2,4,8,10,14,16	why ta liu oh into due
POOL	1953	0.871080163	4,6,7,10,12,16	wut re- knew go in to-do
POOL	1954	0.871076812	1,2,4,8,10,16	we uh ta league oh to-do
POOL	1955	0.871068347	2,4,6,9,11,16	one top re- go win to-do
POOL	1956	0.871066469	2,4,7,10,15,16	wah ta liu go into too
POOL	1957	0.871063192	2,4,6,9,11,16	wah top re- goo we to-do
POOL	1958	0.871060788	4,6,7,10,12,16	watt re- too go ing to-do
POOL	1959	0.871057309	2,5,7,10,11,16	won car use go see to-do
POOL	1960	0.871056657	1,2,4,7,11,16	were uh ta new go to-do
POOL	1961	0.871055946	1,2,4,8,10,16	new uhh top liu oh to-do
POOL	1962	0.871047554	4,6,8,10,15,16	wut re- new oh into oooh
POOL	1963	0.871047554	4,6,8,10,15,16	wut re- oooh oh into new
POOL	1964	0.871045410	1,2,4,8,10,16	were uhh top rig oh to-do
POOL	1965	0.870989909	1,2,4,7,11,16	new uh top liu go to-do
POOL	1966	0.870985624	2,5,7,10,11,16	won car ewe go a to-do
POOL	1967	0.870979524	3,4,8,10,11,16	wut awe liu oh see to-do
POOL	1968	0.870978465	2,4,7,10,13,14,16	one ta liu go inc ohh due
POOL	1969	0.870971552	2,4,6,9,11,16	wah top re- go way to-do
POOL	1970	0.870968845	1,2,4,7,11,16	ooh uhh ta liu go to-do
POOL	1971	0.870958887	1,4,8,10,11,16	were top liu oh see to-do
POOL	1972	0.870952462	1,2,4,8,10,16	ooh a ta rig oh to-do
POOL	1973	0.870937609	2,5,7,10,11,16	won car yue go a to-do
POOL	1974	0.870927048	1,2,4,7,11,16	too uhh top liu go to-do
POOL	1975	0.870925727	2,5,7,10,11,16	one tar use go see to-do
POOL	1976	0.870915433	3,4,8,10,11,16	wut awe league oh i to-do
POOL	1977	0.870914778	2,4,6,9,11,16	one top re- goo way to-do
POOL	1978	0.870913012	2,5,7,10,11,16	won tar yoo go a to-do
POOL	1979	0.870910665	1,2,4,8,10,16	too a top rig oh to-do
POOL	1980	0.870896999	2,4,6,7,11,16	one ah re- new go to-do
POOL	1981	0.870886836	3,4,8,10,11,16	wut ah liu oh see to-do
POOL	1982	0.870877980	2,4,8,10,14,16	one top liu oh into due
POOL	1983	0.870875758	3,6,10,13,15,16	wut ari go inc food ooh
POOL	1984	0.870871252	2,4,8,10,14,16	won ta liu know into due
POOL	1985	0.870869168	1,2,4,8,10,16	new uhh ta league oh to-do
POOL	1986	0.870865861	2,4,6,9,11,16	one ta re- go we to-do
POOL	1987	0.870858257	2,4,8,10,14,16	well top liu oh into due
POOL	1988	0.870851804	2,4,7,10,15,16	wah top liu go into oooh
POOL	1989	0.870846137	2,4,6,9,11,16	well ta re- go we to-do
POOL	1990	0.870831252	2,4,6,8,12,15,16	one ta re- ooh own too oooh
POOL	1991	0.870831252	2,4,6,8,12,15,16	one ta re- oooh own too ooh
POOL	1992	0.870827472	2,4,6,9,11,16	one ta re- go wii to-do
POOL	1993	0.870825182	2,4,8,10,14,16	wa ta rig oh into due
POOL	1994	0.870823699	3,4,8,10,11,16	wut ahh liu oh i to-do
POOL	1995	0.870822824	2,4,6,8,12,16	one ta re- too own to-do
POOL	1996	0.870822746	3,4,8,10,11,16	wut ah league oh i to-do
POOL	1997	0.870805267	2,4,6,9,11,16	won top lee go we to-do
POOL	1998	0.870803056	2,5,7,10,11,16	won car u go see to-do
POOL	1999	0.870799641	2,5,8,10,12,16	one car yew oh ing to-do
POOL	2000	0.870798111	4,6,7,10,12,16	wut re- knew go ing to-do
POOL	2001	0.870798059	2,4,7,10,14,16	wha ta liu go into due
POOL	2002	0.870790522	2,4,6,9,11,16	won too re- go we to-do
POOL	2003	0.870780867	1,2,4,8,10,16	we uh ta liu oh to-do
POOL	2004	0.870772109	1,4,8,10,11,16	were ta league oh see to-do
POOL	2005	0.870771192	1,2,4,8,10,16	ooh uhh top league oh to-do
POOL	2006	0.870725829	2,6,7,10,13,15,16	yeh car ooh go inc food ooh
POOL	2007	0.870716475	1,4,8,10,11,16	new top league oh a to-do
POOL	2008	0.870706046	1,2,4,7,11,16	we uh top new go to-do
POOL	2009	0.870705480	1,4,8,10,11,16	new at liu oh see to-do
POOL	2010	0.870697274	2,5,7,10,11,16	won car use go i to-do
POOL	2011	0.870691203	2,4,8,10,14,16	one ta league oh into due
POOL	2012	0.870677785	2,5,7,10,11,16	wah car yoo go a to-do
POOL	2013	0.870671479	2,4,8,10,14,16	well ta league oh into due
POOL	2014	0.870671473	2,5,7,10,11,16	one tar u go see to-do
POOL	2015	0.870661336	2,4,7,10,15,16	wha top new go into new
POOL	2016	0.870657511	2,4,6,9,11,16	won da re- go we to-do
POOL	2017	0.870648980	2,4,6,10,11,16	one top sri go a to-do
POOL	2018	0.870645454	4,6,7,10,12,16	watt re- oooh go in to-do
POOL	2019	0.870643122	2,4,7,10,15,16	wa ta liu go into new
POOL	2020	0.870641557	2,4,8,9,11,16	won top league new we to-do
POOL	2021	0.870639724	4,6,8,10,15,16	wut re- too oh into too
POOL	2022	0.870637824	2,4,7,10,15,16	wah ta new go into new
POOL	2023	0.870634841	3,4,8,10,11,16	wut ahh rig oh a to-do
POOL	2024	0.870619491	2,5,7,10,11,16	one car yu go see to-do
POOL	2025	0.870619489	3,4,8,10,11,16	wut awe liu oh i to-do
POOL	2026	0.870615864	2,4,8,10,14,16	won too league oh into due
POOL	2027	0.870615281	1,2,4,8,10,12,16	ooh a ta league oh ing too
POOL	2028	0.870610195	4,6,7,10,12,16	wet re- new go in to-do
POOL	2029	0.870607259	2,4,7,10,15,16	wha ta liu go into too
POOL	2030	0.870605519	2,4,8,10,14,16	won top log oh into due
POOL	2031	0.870603982	2,4,6,9,11,16	wha top re- goo we to-do
POOL	2032	0.870591878	2,6,10,11,16	one sorry go see to-do
POOL	2033	0.870590628	2,4,6,8,12,15,16	one ta re- new own too ooh
POOL	2034	0.870590628	2,4,6,8,12,15,16	one ta re- ooh own too new
POOL	2035	0.870585625	2,4,6,9,11,16	one ta re- go win to-do
POOL	2036	0.870580861	2,4,6,8,10,14,16	one ta re- ooh oh tue due
POOL	2037	0.870580470	2,4,6,9,11,16	wah ta re- goo we to-do
POOL	2038	0.870573224	1,2,4,8,10,16	new uhh ta liu oh to-do
POOL	2039	0.870562688	1,2,4,8,10,16	were uhh ta rig oh to-do
POOL	2040	0.870545146	2,4,7,10,15,16	wa top liu go into ooh
POOL	2041	0.870539848	2,4,7,10,15,16	wah top new go into ooh
POOL	2042	0.870526801	3,4,8,10,11,16	wut ah liu oh i to-do
POOL	2043	0.870513620	2,5,7,10,11,16	won tar use go a to-do
POOL	2044	0.870512342	2,4,6,9,11,16	wha top re- go way to-do
POOL	2045	0.870507187	1,2,4,7,11,16	new uh ta liu go to-do
POOL	2046	0.870506648	2,4,6,8,12,15,16	one top re- ooh own too ooh
POOL	2047	0.870502851	2,4,6,10,15,16	ahh top re- go into new
POOL	2048	0.870500121	4,7,10,13,15,16	wut ryu go inc food new
POOL	2049	0.870498403	1,2,4,7,11,16	new uhh top new go to-do
POOL	2050	0.870488830	2,4,6,9,11,16	wah ta re- go way to-do
POOL	2051	0.870480559	2,5,8,10,12,16	won car yoo oh in to-do
POOL	2052	0.870476165	1,4,8,10,11,16	were ta liu oh see to-do
POOL	2053	0.870475248	1,2,4,8,10,16	ooh uhh top liu oh to-do
POOL	2054	0.870473200	4,6,7,10,12,16	wut re- new go king to-do
POOL	2055	0.870466855	4,6,8,10,15,16	wut re- ooh oh into oooh
POOL	2056	0.870466855	4,6,8,10,15,16	wut re- oooh oh into ooh
POOL	2057	0.870461883	2,4,6,9,11,16	wah top re- go why to-do
POOL	2058	0.870453680	2,4,6,8,12,16	won top re- new own to-do
POOL	2059	0.870444326	1,2,4,7,11,16	too uhh ta liu go to-do
POOL	2060	0.870443021	2,5,7,10,11,16	won car u go i to-do
POOL	2061	0.870432056	2,4,6,9,11,16	one ta re- goo way to-do
POOL	2062	0.870430631	3,4,8,10,11,16	wut awe rig oh a to-do
POOL	2063	0.870429782	1,2,4,7,10,15,16	ooh a ta liu go inked oooh
POOL	2064	0.870429782	1,2,4,7,10,15,16	oooh a ta liu go inked ooh
POOL	2065	0.870427943	1,2,4,8,10,16	too a ta rig oh to-do
POOL	2066	0.870421498	1,4,8,10,11,16	we top league oh see to-do
POOL	2067	0.870420726	1,4,8,10,11,16	ooh at league oh see to-do
POOL	2068	0.870420530	1,4,8,10,11,16	new top liu oh a to-do
POOL	2069	0.870409211	1,2,4,7,11,16	ooh uh top liu go to-do
POOL	2070	0.870408203	2,4,7,10,11,16	yah top liu go a to-do
POOL	2071	0.870405109	2,4,6,9,11,16	one top re- goo why to-do
POOL	2072	0.870395613	4,6,7,10,12,16	wot re- new go in to-do
POOL	2073	0.870395258	2,4,8,10,14,16	one ta liu oh into due
POOL	2074	0.870392593	2,4,7,10,15,16	wha top liu go into oooh
POOL	2075	0.870389095	3,4,6,10,13,15,16	wut ahh she go inc food ooh
POOL	2076	0.870387550	3,4,6,10,12,16	wet ahh re- go in to-do
POOL	2077	0.870375534	2,4,8,10,14,16	well ta liu oh into due
POOL	2078	0.870370116	2,4,7,10,13,14,16	one ta liu go tint ooh due
POOL	2079	0.870369082	2,4,7,10,15,16	wah ta liu go into oooh
POOL	2080	0.870363401	4,6,7,10,12,16	watt re- oooh go ing to-do
POOL	2081	0.870351239	3,6,10,13,15,16	wut ari go inc food too
POOL	2082	0.870345612	2,4,8,9,11,16	won top liu new we to-do
POOL	2083	0.870337944	3,4,8,10,11,16	wut ah rig oh a to-do
POOL	2084	0.870328142	4,6,7,10,12,16	wet re- new go ing to-do
POOL	2085	0.870322544	2,4,6,9,11,16	won ta lee go we to-do
POOL	2086	0.870319919	2,4,8,10,14,16	won too liu oh into due
POOL	2087	0.870309534	1,2,4,8,10,16	new uh top league oh to-do
POOL	2088	0.870288470	1,2,4,8,10,16	ooh uhh ta league oh to-do
POOL	2089	0.870286310	3,4,8,10,11,16	wut ahh league oh if to-do
POOL	2090	0.870286310	3,4,8,10,11,16	wut ahh league oh in to-do
POOL	2091	0.870286310	3,4,8,10,11,16	wut ahh league oh is to-do
POOL	2092	0.870286310	3,4,8,10,11,16	wut ahh league oh it to-do
POOL	2093	0.870281857	1,4,8,10,11,16	new up liu oh see to-do
POOL	2094	0.870265724	2,4,6,9,11,16	wah top re- oh we to-do
POOL	2095	0.870250555	3,4,6,10,12,16	wut ahh re- go king to-do
POOL	2096	0.870246673	1,2,4,8,10,16	too uhh top league oh to-do
POOL	2097	0.870237909	2,4,6,9,11,16	wah tom re- go we to-do
POOL	2098	0.870233753	1,4,8,10,11,16	new ta league oh a to-do
POOL	2099	0.870229660	1,2,4,7,11,16	oooh uhh top liu go to-do
POOL	2100	0.870223324	1,2,4,7,11,16	we uh ta new go to-do
POOL	2101	0.870213277	1,2,4,8,10,16	oooh a top rig oh to-do
POOL	2102	0.870212077	1,2,4,8,10,16	we uhh top rig oh to-do
POOL	2103	0.870211426	2,4,7,10,14,16	wa top liu go into due
POOL	2104	0.870207123	1,2,4,8,10,12,16	oooh a ta liu oh ing too
POOL	2105	0.870206129	2,4,7,10,14,16	wah top new go into due
POOL	2106	0.870198506	2,5,8,10,12,16	won car yoo oh ing to-do
POOL	2107	0.870189157	1,2,4,7,10,15,16	new a ta liu go inked ooh
POOL	2108	0.870189157	1,2,4,7,10,15,16	ooh a ta liu go inked new
POOL	2109	0.870183340	3,4,6,10,12,16	wet awe re- go in to-do
POOL	2110	0.870178614	2,4,7,10,15,16	wha ta new go into new
POOL	2111	0.870172968	3,4,6,10,12,16	wot ahh re- go in to-do
POOL	2112	0.870158834	2,4,8,9,11,16	won ta league new we to-do
POOL	2113	0.870151388	3,4,6,10,13,15,16	wut ahh re- go inc u. ooh
POOL	2114	0.870139536	2,5,8,10,12,16	one car ewe oh ing to-do
POOL	2115	0.870135777	1,4,8,10,11,16	ooh top league oh a to-do
POOL	2116	0.870128167	2,4,6,9,11,16	won ta free go we to-do
POOL	2117	0.870125554	1,4,8,10,11,16	we top liu oh see to-do
POOL	2118	0.870124782	1,4,8,10,11,16	ooh at liu oh see to-do
POOL	2119	0.870122797	2,4,8,10,14,16	won ta log oh into due
POOL	2120	0.870121259	2,4,6,9,11,16	wha ta re- goo we to-do
POOL	2121	0.870118881	1,2,4,7,11,16	ou a top liu go to-do
POOL	2122	0.870117311	2,4,6,9,11,16	one top re- oh way to-do
POOL	2123	0.870105497	3,4,6,10,12,16	wet ahh re- go ing to-do
POOL	2124	0.870105178	1,2,4,7,10,15,16	ooh a top liu go inked ooh
POOL	2125	0.870091521	2,5,8,10,12,16	one car yue oh ing to-do
POOL	2126	0.870090653	3,4,6,10,12,16	wet ah re- go in to-do
POOL	2127	0.870089495	2,4,6,9,11,16	one tom re- go way to-do
POOL	2128	0.870082100	3,4,8,10,11,16	wut awe league oh if to-do
POOL	2129	0.870082100	3,4,8,10,11,16	wut awe league oh in to-do
POOL	2130	0.870082100	3,4,8,10,11,16	wut awe league oh is to-do
POOL	2131	0.870082100	3,4,8,10,11,16	wut awe league oh it to-do
POOL	2132	0.870081167	2,5,8,10,12,16	won car use oh in to-do
POOL	2133	0.870080638	2,4,7,10,15,16	wha top new go into ooh
POOL	2134	0.870066923	2,5,8,10,12,16	one tar yoo oh ing to-do
POOL	2135	0.870063250	2,4,8,10,14,16	wah tom league oh into due
POOL	2136	0.870062424	2,4,7,10,15,16	wa ta liu go into ooh
POOL	2137	0.870062089	2,4,6,9,11,16	won top ree go we to-do
POOL	2138	0.870060859	2,4,8,9,11,16	won top league ooh we to-do
POOL	2139	0.870058627	2,4,6,9,11,16	won pa re- go we to-do
POOL	2140	0.870057126	2,4,7,10,15,16	wah ta new go into ooh
POOL	2141	0.870053451	4,6,8,10,15,16	wut re- puig oh into new
POOL	2142	0.870050336	2,6,7,10,13,15,16	one car ooh go inc di ooh
POOL	2143	0.870047721	2,4,8,10,14,16	wah top league owe into due
POOL	2144	0.870046858	2,4,6,9,11,16	were ta re- go way to-do
POOL	2145	0.870046345	3,4,6,10,12,16	wut awe re- go king to-do
POOL	2146	0.870029620	2,4,6,9,11,16	wha ta re- go way to-do
POOL	2147	0.870020627	2,4,7,10,15,16	wa top liu go into too
POOL	2148	0.870017600	3,4,6,10,12,16	wut ahh lee go in to-do
POOL	2149	0.870015680	1,2,4,7,11,16	new uhh ta new go to-do
POOL	2150	0.870015329	2,4,7,10,15,16	wah top new go into too
POOL	2151	0.870013589	1,2,4,8,10,16	new uh top liu oh to-do
POOL	2152	0.870011111	2,4,7,10,15,16	won top liu go into ou
POOL	2153	0.870004987	1,2,4,7,11,16	due a top liu go to-do
POOL	2154	0.870004524	2,4,6,9,11,16	won top re- go wee to-do
POOL	2155	0.870003054	1,2,4,8,10,16	were uh top rig oh to-do
POOL	2156	0.870002673	2,4,6,9,11,16	wha top re- go why to-do
POOL	2157	0.869997329	2,4,8,10,14,16	won tom rig oh into due
POOL	2158	0.869997103	1,4,8,10,11,16	ooh up league oh see to-do
POOL	2159	0.869992525	1,2,4,8,10,16	ooh uhh ta liu oh to-do
POOL	2160	0.869990365	3,4,8,10,11,16	wut ahh liu oh if to-do
POOL	2161	0.869990365	3,4,8,10,11,16	wut ahh liu oh in to-do
POOL	2162	0.869990365	3,4,8,10,11,16	wut ahh liu oh is to-do
POOL	2163	0.869990365	3,4,8,10,11,16	wut ahh liu oh it to-do
POOL	2164	0.869989412	3,4,8,10,11,16	wut ah league oh if to-do
POOL	2165	0.869989412	3,4,8,10,11,16	wut ah league oh in to-do
POOL	2166	0.869989412	3,4,8,10,11,16	wut ah league oh is to-do
POOL	2167	0.869989412	3,4,8,10,11,16	wut ah league oh it to-do
POOL	2168	0.869981799	2,4,8,10,14,16	won top rig owe into due
POOL	2169	0.869979161	2,4,6,9,11,16	wah ta re- go why to-do
POOL	2170	0.869976668	2,5,8,10,12,16	one car fugue oh ing to-do
POOL	2171	0.869966499	1,2,4,8,10,12,16	new a ta liu oh ing too
POOL	2172	0.869954808	4,6,7,10,13,15,16	wut re- ooh go inc coo ooh
POOL	2173	0.869950728	1,2,4,8,10,16	too uhh top liu oh to-do
POOL	2174	0.869942336	4,6,8,10,15,16	wut re- oooh oh into too
POOL	2175	0.869942336	4,6,8,10,15,16	wut re- too oh into oooh
POOL	2176	0.869938776	1,4,8,10,11,16	we ta league oh see to-do
POOL	2177	0.869937808	1,4,8,10,11,16	new ta liu oh a to-do
POOL	2178	0.869933207	3,6,10,13,15,16	wut ari go it food new
POOL	2179	0.869926489	1,2,4,7,11,16	ooh uh ta liu go to-do
POOL	2180	0.869923039	1,2,4,7,11,16	new a tom liu go to-do
POOL	2181	0.869922387	2,4,6,9,11,16	one ta re- goo why to-do
POOL	2182	0.869921052	2,5,7,10,13,15,16	one car rude go inc food ooh
POOL	2183	0.869919423	4,7,10,13,15,16	wut ryu go inc food ooh
POOL	2184	0.869917705	1,2,4,7,11,16	ooh uhh top new go to-do
POOL	2185	0.869909871	2,4,7,10,15,16	wha ta liu go into oooh
POOL	2186	0.869884692	1,2,4,7,11,16	too uh top liu go to-do
POOL	2187	0.869882519	1,2,4,8,10,12,16	ooh a top liu oh ing too
POOL	2188	0.869864526	2,4,8,10,13,16	one tongue league oh inc to-do
POOL	2189	0.869862890	2,4,8,9,11,16	won ta liu new we to-do
POOL	2190	0.869851390	4,6,8,10,13,15,16	wut re- ooh oh inc lou ooh
POOL	2191	0.869839832	1,4,8,10,11,16	ooh top liu oh a to-do
POOL	2192	0.869829412	1,2,4,7,10,12,16	ooh a ta liu go ing too
POOL	2193	0.869826914	2,5,8,10,12,16	won car u oh in to-do
POOL	2194	0.869826812	1,2,4,8,10,16	new uh ta league oh to-do
POOL	2195	0.869815269	2,4,7,10,15,16	won tom liu go into new
POOL	2196	0.869806514	2,4,6,9,11,16	wha top re- oh we to-do
POOL	2197	0.869799114	2,5,8,10,12,16	won car use oh ing to-do
POOL	2198	0.869786155	3,4,8,10,11,16	wut awe liu oh if to-do
POOL	2199	0.869786155	3,4,8,10,11,16	wut awe liu oh in to-do
POOL	2200	0.869786155	3,4,8,10,11,16	wut awe liu oh is to-do
POOL	2201	0.869783903	2,4,6,8,12,15,16	one ta re- oooh own too oooh
POOL	2202	0.869783002	2,4,6,9,11,16	wah ta re- oh we to-do
POOL	2203	0.869778698	2,4,6,9,11,16	wha tom re- go we to-do
POOL	2204	0.869764914	2,4,8,9,11,16	won top liu ooh we to-do
POOL	2205	0.869763950	1,2,4,8,10,16	too uhh ta league oh to-do
POOL	2206	0.869749719	2,4,6,9,11,16	won top re- go oi to-do
POOL	2207	0.869746938	1,2,4,7,11,16	oooh uhh ta liu go to-do
POOL	2208	0.869746918	2,4,7,10,14,16	wha top new go into due
POOL	2209	0.869742507	2,4,10,13,15,16	one top lugo inc food new
POOL	2210	0.869730555	1,2,4,8,10,16	oooh a ta rig oh to-do
POOL	2211	0.869729355	1,2,4,8,10,16	we uhh ta rig oh to-do
POOL	2212	0.869728836	1,2,4,8,10,16	ooh uh top league oh to-do
POOL	2213	0.869728704	2,4,7,10,14,16	wa ta liu go into due
POOL	2214	0.869723406	2,4,7,10,14,16	wah ta new go into due
POOL	2215	0.869701159	1,4,8,10,11,16	ooh up liu oh see to-do
POOL	2216	0.869667532	2,5,8,10,12,16	one tar use oh ing to-do
POOL	2217	0.869653851	3,6,10,13,15,16	wut ari go inc food oooh
POOL	2218	0.869653054	1,4,8,10,11,16	ooh ta league oh a to-do
POOL	2219	0.869642831	1,4,8,10,11,16	we ta liu oh see to-do
POOL	2220	0.869625504	2,4,8,10,13,16	juan top league oh inc to-do
POOL	2221	0.869611257	1,4,8,10,11,16	too top league oh a to-do
POOL	2222	0.869605889	2,4,6,10,14,16	wish top re- go into due
POOL	2223	0.869600263	1,4,8,10,11,16	too at liu oh see to-do
POOL	2224	0.869597915	2,4,7,10,15,16	wha ta new go into ooh
POOL	2225	0.869591981	2,4,7,10,15,16	wa top new go into new
POOL	2226	0.869589001	1,2,4,7,10,12,16	were uhh ta liu go ing too
POOL	2227	0.869578136	2,4,8,9,11,16	won ta league ooh we to-do
POOL	2228	0.869572896	1,2,4,6,11,16	worse a top re- go to-do
POOL	2229	0.869568856	1,2,4,8,10,15,16	ooh a ta liu oh inked ooh
POOL	2230	0.869567932	1,2,4,8,10,12,16	oooh a ta league oh ing too
POOL	2231	0.869556118	2,4,7,10,15,16	wha top new go into too
POOL	2232	0.869549285	1,2,4,8,10,16	oooh uhh top league oh to-do
POOL	2233	0.869544861	2,5,8,10,12,16	won car u oh ing to-do
POOL	2234	0.869538363	3,4,7,10,11,16	wut ahh liu go a to-do
POOL	2235	0.869537904	2,4,7,10,15,16	wa ta liu go into too
POOL	2236	0.869536339	2,4,8,9,11,16	won top league too we to-do
POOL	2237	0.869535597	2,5,8,10,12,16	one car yoo oh thing to-do
POOL	2238	0.869532606	2,4,7,10,15,16	wah ta new go into too
POOL	2239	0.869530867	1,2,4,8,10,16	new uh ta liu oh to-do
POOL	2240	0.869528389	2,4,7,10,15,16	won ta liu go into ou
POOL	2241	0.869527623	4,6,8,10,15,16	wut re- dog oh into new
POOL	2242	0.869520332	1,2,4,8,10,16	were uh ta rig oh to-do
POOL	2243	0.869472753	4,6,8,10,15,16	wut re- puig oh into ooh
POOL	2244	0.869468006	1,2,4,8,10,16	too uhh ta liu oh to-do
POOL	2245	0.869432891	1,2,4,8,10,16	ooh uh top liu oh to-do
POOL	2246	0.869413279	2,5,8,10,12,16	one tar u oh ing to-do
POOL	2247	0.869394904	4,7,10,13,15,16	wut ryu go inc food too
POOL	2248	0.869382433	1,2,4,7,10,15,16	oooh a ta liu go inked oooh
POOL	2249	0.869361296	2,5,8,10,12,16	one car yu oh ing to-do
POOL	2250	0.869357110	1,4,8,10,11,16	ooh ta liu oh a to-do
POOL	2251	0.869356305	4,6,10,13,15,16	wut re- go into dude new
POOL	2252	0.869352509	3,6,10,13,15,16	wut ari go it food ooh
POOL	2253	0.869334153	3,4,7,10,11,16	wut awe liu go a to-do
POOL	2254	0.869327308	1,2,4,8,10,12,16	new a ta league oh ing too
POOL	2255	0.869323239	2,4,7,10,15,16	wa top liu go into oooh
POOL	2256	0.869317941	2,4,7,10,15,16	wah top new go into oooh
POOL	2257	0.869315313	1,4,8,10,11,16	too top liu oh a to-do
POOL	2258	0.869292147	2,4,7,10,15,16	why top liu go into new
POOL	2259	0.869282192	2,4,8,9,11,16	won ta liu ooh we to-do
POOL	2260	0.869264196	2,4,7,10,14,16	wha ta new go into due
POOL	2261	0.869259785	2,4,10,13,15,16	one ta lugo inc food new
POOL	2262	0.869253341	1,2,4,8,10,16	oooh uhh top liu oh to-do
POOL	2263	0.869246113	1,2,4,8,10,16	ooh uh ta league oh to-do
POOL	2264	0.869244948	4,6,8,10,15,16	wut re- oooh oh into oooh
POOL	2265	0.869243378	2,6,10,11,16	won sorry go see to-do
POOL	2266	0.869242663	1,2,4,8,10,16	new a tom league oh to-do
POOL	2267	0.869241466	3,4,7,10,11,16	wut ah liu go a to-do
POOL	2268	0.869240395	2,4,8,9,11,16	won top liu too we to-do
POOL	2269	0.869234571	2,4,7,10,15,16	won tom liu go into ooh
POOL	2270	0.869198819	1,4,8,10,11,16	oooh at league oh see to-do
POOL	2271	0.869192562	2,6,8,10,13,15,16	one car ooh oh inc doo ooh
POOL	2272	0.869176639	1,4,8,10,11,16	too up liu oh see to-do
POOL	2273	0.869164988	2,6,10,13,16	one sorry go inc to-do
POOL	2274	0.869161809	2,4,10,13,15,16	one top lugo inc food ooh
POOL	2275	0.869136206	2,5,8,10,12,16	one car use oh thing to-do
POOL	2276	0.869128535	1,4,8,10,11,16	too ta league oh a to-do
POOL	2277	0.869124611	2,5,8,10,12,16	won car yew oh in to-do
POOL	2278	0.869109259	2,4,7,10,15,16	wa ta new go into new
POOL	2279	0.869073396	2,4,7,10,15,16	wha ta new go into too
POOL	2280	0.869053617	2,4,8,9,11,16	won ta league too we to-do
POOL	2281	0.869045983	1,2,6,10,13,15,16	were a car go inc id ooh
POOL	2282	0.869011283	2,4,7,10,15,16	wa top new go into ooh
POOL	2283	0.868976872	4,7,10,13,15,16	wut ryu go it food new
POOL	2284	0.868965643	2,6,10,11,16	won sorry go a to-do
POOL	2285	0.868948234	4,6,8,10,15,16	wut re- puig oh into too
POOL	2286	0.868946925	4,6,8,10,15,16	wut re- dog oh into ooh
POOL	2287	0.868929666	1,2,4,8,10,15,16	ooh a ta league oh inked ooh
POOL	2288	0.868921202	2,4,6,10,12,16	one top reed go in to-do
POOL	2289	0.868913870	1,4,8,10,11,16	oooh top league oh a to-do
POOL	2290	0.868902875	1,4,8,10,11,16	oooh at liu oh see to-do
POOL	2291	0.868900851	2,4,7,10,14,16	won tom liu go into due
POOL	2292	0.868881952	2,5,8,10,12,16	one car u oh thing to-do
POOL	2293	0.868875554	1,4,8,10,11,16	new top liu oh see to-do
POOL	2294	0.868874715	1,2,4,7,10,12,16	we uhh ta liu go ing too
POOL	2295	0.868865018	1,4,8,10,11,16	were top rig oh see to-do
POOL	2296	0.868860148	1,4,8,10,11,16	were cut league oh see to-do
POOL	2297	0.868858731	2,4,7,10,15,16	wha top new go into oooh
POOL	2298	0.868842558	2,5,8,10,12,16	won car yew oh ing to-do
POOL	2299	0.868841084	2,4,6,8,13,15,16	one ta re- ooh owned food ooh
POOL	2300	0.868840517	2,4,7,10,15,16	wa ta liu go into oooh
POOL	2301	0.868838951	2,4,8,9,11,16	won top league oooh we to-do
POOL	2302	0.868835219	2,4,7,10,15,16	wah ta new go into oooh
POOL	2303	0.868832590	1,4,8,10,11,16	too ta liu oh a to-do
POOL	2304	0.868827989	3,6,10,13,15,16	wut ari go it food too
POOL	2305	0.868811463	1,4,8,10,11,16	new top league oh i to-do
POOL	2306	0.868809425	2,4,7,10,15,16	why ta liu go into new
POOL	2307	0.868782063	1,2,4,7,10,12,16	oooh a ta liu go ing too
POOL	2308	0.868775607	4,6,10,13,15,16	wut re- go into dude ooh
POOL	2309	0.868775196	1,4,8,10,11,16	oooh up league oh see to-do
POOL	2310	0.868765317	2,5,8,10,11,16	one car new oh lee to-do
POOL	2311	0.868757672	2,4,8,9,11,16	won ta liu too we to-do
POOL	2312	0.868743257	2,4,8,10,13,14,16	one caught yew oh inc ooh due
POOL	2313	0.868710976	2,5,8,10,12,16	one tar yew oh ing to-do
POOL	2314	0.868697516	4,7,10,13,15,16	wut ryu go inc food oooh
POOL	2315	0.868688776	1,4,8,10,11,16	new ta league oh see to-do
POOL	2316	0.868677564	2,4,7,10,14,16	wa top new go into due
POOL	2317	0.868643899	1,2,6,10,13,16	whip a car go inc to-do
POOL	2318	0.868634657	2,4,7,10,13,14,16	one ta few go inc ooh due
POOL	2319	0.868617925	1,4,8,10,11,16	oooh top liu oh a to-do
POOL	2320	0.868611611	1,4,8,10,11,16	new at rig oh see to-do
POOL	2321	0.868590800	1,4,8,10,11,16	ooh top league oh see to-do
POOL	2322	0.868564203	1,4,8,10,11,16	were cut liu oh see to-do
POOL	2323	0.868548643	4,6,10,13,15,16	watt re- go into food new
POOL	2324	0.868543007	2,4,8,9,11,16	won top liu oooh we to-do
POOL	2325	0.868541439	1,2,4,7,10,12,16	new a ta liu go ing too
POOL	2326	0.868538631	4,6,7,10,13,15,16	wut re- roof go inc food ooh
POOL	2327	0.868521507	1,2,4,8,10,15,16	ooh a ta liu oh inked oooh
POOL	2328	0.868521507	1,2,4,8,10,15,16	oooh a ta liu oh inked ooh
POOL	2329	0.868515519	1,4,8,10,11,16	new top liu oh i to-do
POOL	2330	0.868508429	2,4,8,10,13,15,16	one tar mew oh inc food ooh
POOL	2331	0.868479252	1,4,8,10,11,16	oooh up liu oh see to-do
POOL	2332	0.868457460	1,2,4,7,10,12,16	ooh a top liu go ing too
POOL	2333	0.868431147	1,4,8,10,11,16	oooh ta league oh a to-do
POOL	2334	0.868422406	4,6,8,10,15,16	wut re- dog oh into too
POOL	2335	0.868396174	4,7,10,13,15,16	wut ryu go it food ooh
POOL	2336	0.868392831	1,4,8,10,11,16	new ta liu oh see to-do
POOL	2337	0.868382296	1,4,8,10,11,16	were ta rig oh see to-do
POOL	2338	0.868377730	2,4,7,10,14,16	why top liu go into due
POOL	2339	0.868356229	2,4,8,9,11,16	won ta league oooh we to-do
POOL	2340	0.868333278	2,4,6,9,13,15,16	one ta re- go witt food ooh
POOL	2341	0.868328741	1,4,8,10,11,16	new ta league oh i to-do
POOL	2342	0.868326661	1,4,8,10,11,16	new top rig oh a to-do
POOL	2343	0.868321791	1,4,8,10,11,16	new cut league oh a to-do
POOL	2344	0.868317664	2,4,8,9,11,16	wah top league new we to-do
POOL	2345	0.868306049	3,6,10,13,15,16	wut ari go ink food new
POOL	2346	0.868294855	1,4,8,10,11,16	ooh top liu oh see to-do
POOL	2347	0.868280883	1,2,4,8,10,15,16	new a ta liu oh inked ooh
POOL	2348	0.868280883	1,2,4,8,10,15,16	ooh a ta liu oh inked new
POOL	2349	0.868272560	1,2,6,8,10,12,16	ooh a car ooh oh ing too
POOL	2350	0.868251743	2,4,8,9,11,16	won top rig new we to-do
POOL	2351	0.868251088	4,6,10,13,15,16	wut re- go into dude too
POOL	2352	0.868250846	4,6,8,10,15,16	wut re- puig oh into oooh
POOL	2353	0.868230765	1,4,8,10,11,16	ooh top league oh i to-do
POOL	2354	0.868196904	1,2,4,8,10,15,16	ooh a top liu oh inked ooh
POOL	2355	0.868194841	2,4,7,10,14,16	wa ta new go into due
POOL	2356	0.868147569	2,5,7,10,13,15,16	moi car yoo go inc food ooh
POOL	2357	0.868138406	4,6,8,10,15,16	watt re- new oh into new
POOL	2358	0.868130602	3,6,10,13,15,16	wut ari go it food oooh
POOL	2359	0.868120652	4,6,8,10,13,15,16	wut re- ooh oh sent food ooh
POOL	2360	0.868100856	2,4,8,9,11,16	won top league oh we to-do
POOL	2361	0.868060285	2,4,8,9,11,16	won ta liu oooh we to-do
POOL	2362	0.868042133	3,6,10,13,15,16	wut ali go inc food new
POOL	2363	0.868021720	2,4,8,9,11,16	wah top liu new we to-do
POOL	2364	0.868004501	3,4,7,10,11,16	wut ahh new go a to-do
POOL	2365	0.867995518	1,4,6,10,13,15,16	were at earle go inc food ooh
POOL	2366	0.867993387	3,4,7,10,11,16	wut ahh liu go see to-do
POOL	2367	0.867967945	4,6,10,13,15,16	watt re- go into food ooh
POOL	2368	0.867915859	3,4,6,10,13,15,16	wut ross re- go inc food ooh
POOL	2369	0.867906958	3,4,6,10,13,15,16	worst ahh re- go inc food ooh
POOL	2370	0.867895007	2,4,7,10,14,16	why ta liu go into due
POOL	2371	0.867886743	1,2,4,6,8,13,16	ooh a ta re- ooh owned due
POOL	2372	0.867873503	2,4,6,8,13,16	one top re- new owing due
POOL	2373	0.867871655	4,7,10,13,15,16	wut ryu go it food too
POOL	2374	0.867858454	2,4,8,9,11,16	wha top league new we to-do
POOL	2375	0.867853270	2,6,7,10,13,15,16	we tor ooh go inc food ooh
POOL	2376	0.867846586	1,2,4,8,10,12,16	ooh a ta liu oh ing due
POOL	2377	0.867834942	2,4,8,9,11,16	wah ta league new we to-do
POOL	2378	0.867816488	2,6,10,13,16	won sorry go inc to-do
POOL	2379	0.867804912	2,4,8,9,11,16	won top liu oh we to-do
POOL	2380	0.867800290	3,4,7,10,11,16	wut awe new go a to-do
POOL	2381	0.867793735	2,4,6,8,13,15,16	one ta re- ooh owned food oooh
POOL	2382	0.867793735	2,4,6,8,13,15,16	one ta re- oooh owned food ooh
POOL	2383	0.867789177	3,4,7,10,11,16	wut awe liu go see to-do
POOL	2384	0.867769021	2,4,8,9,11,16	won ta rig new we to-do
POOL	2385	0.867744323	1,2,4,6,10,16	wet a top re- go to-do
POOL	2386	0.867736966	2,4,8,9,11,16	wah top league ooh we to-do
POOL	2387	0.867725351	3,6,10,13,15,16	wut ari go ink food ooh
POOL	2388	0.867707603	3,4,7,10,11,16	wut ah new go a to-do
POOL	2389	0.867696489	3,4,7,10,11,16	wut ah liu go see to-do
POOL	2390	0.867688199	1,2,4,7,10,12,16	ooh uhh ta liu go ing too
POOL	2391	0.867687634	2,4,7,10,14,16	one top liu go into due
POOL	2392	0.867686528	2,4,8,9,11,16	one ta league new way to-do
POOL	2393	0.867685439	4,6,8,10,11,15,16	wut re- ooh oh a taught ooh
POOL	2394	0.867671596	4,6,8,10,15,16	wut re- new owe into new
POOL	2395	0.867671045	2,4,8,9,11,16	won top rig ooh we to-do
POOL	2396	0.867667910	2,4,7,10,14,16	well top liu go into due
POOL	2397	0.867633352	3,4,7,10,11,16	wut ahh liu go i to-do
POOL	2398	0.867618134	2,4,8,9,11,16	won ta league oh we to-do
POOL	2399	0.867611969	3,6,10,13,15,16	wut ari go think food new
POOL	2400	0.867588553	2,4,8,9,11,16	one top league ooh way to-do
POOL	2401	0.867566868	2,4,8,10,13,14,16	one ta liu oh bing ooh due
POOL	2402	0.867562510	2,4,8,9,11,16	wha top liu new we to-do
POOL	2403	0.867557708	4,6,8,10,15,16	watt re- new oh into ooh
POOL	2404	0.867557708	4,6,8,10,15,16	watt re- ooh oh into new
POOL	2405	0.867553111	2,4,6,8,13,15,16	one ta re- ooh owned food new
POOL	2406	0.867553111	2,4,6,8,13,15,16	one ta re- new owned food ooh
POOL	2407	0.867552365	3,6,10,13,15,16	wut ari go inc dude new
POOL	2408	0.867549202	2,4,6,7,13,15,16	one ta re- ooh goat food ooh
POOL	2409	0.867538998	2,4,8,9,11,16	wah ta liu new we to-do
POOL	2410	0.867515656	4,6,10,13,15,16	wut re- go into mood new
POOL	2411	0.867502245	1,2,6,8,10,12,16	ooh a tar ooh oh ing too
POOL	2412	0.867469131	2,4,6,8,13,15,16	one top re- ooh owned food ooh
POOL	2413	0.867461435	3,6,10,13,15,16	wut ali go inc food ooh
POOL	2414	0.867441022	2,4,8,9,11,16	wah top liu ooh we to-do
POOL	2415	0.867429142	3,4,7,10,11,16	wut awe liu go i to-do
POOL	2416	0.867390781	2,4,6,8,13,16	one ta re- new owing due
POOL	2417	0.867390584	2,4,8,9,11,16	one ta liu new way to-do
POOL	2418	0.867383163	3,4,8,10,13,15,16	wut ahh greig oh inc food ooh
POOL	2419	0.867375732	2,4,8,9,11,16	wha ta league new we to-do
POOL	2420	0.867366988	2,4,7,10,14,16	won tom new go into due
POOL	2421	0.867349714	4,7,10,13,15,16	wut ryu go ink food new
POOL	2422	0.867336454	3,4,7,10,11,16	wut ah liu go i to-do
POOL	2423	0.867332873	2,6,10,13,15,16	one corey go inc food new
POOL	2424	0.867322189	2,4,8,9,11,16	won ta liu oh we to-do
POOL	2425	0.867292805	2,4,6,8,13,16	one top re- ooh owing due
POOL	2426	0.867292608	2,4,8,9,11,16	one top liu ooh way to-do
POOL	2427	0.867289789	3,6,10,13,15,16	wut ari go inc food who
POOL	2428	0.867282539	3,4,6,10,13,15,16	wut ahh re- go dit food ooh
POOL	2429	0.867277756	2,4,8,9,11,16	wha top league ooh we to-do
POOL	2430	0.867274005	1,2,4,8,12,16	new a top league own to-do
POOL	2431	0.867265916	2,4,7,10,14,16	won top view go into due
POOL	2432	0.867264014	2,5,10,13,15,16	one car hugo inc food new
POOL	2433	0.867254244	2,4,8,9,11,16	wah ta league ooh we to-do
POOL	2434	0.867229802	4,6,7,10,13,15,16	wut re- ooh go witt food ooh
POOL	2435	0.867225211	1,2,6,8,10,12,16	ooh a car oooh oh ing too
POOL	2436	0.867225211	1,2,6,8,10,12,16	oooh a car ooh oh ing too
POOL	2437	0.867212447	2,4,8,9,11,16	wah top league too we to-do
POOL	2438	0.867210517	3,6,10,13,15,16	wut ari go inc food two
POOL	2439	0.867204911	2,4,7,10,14,16	one ta liu go into due
POOL	2440	0.867202438	2,4,7,10,14,16	won top rue go into due
POOL	2441	0.867200832	3,6,10,13,15,16	wut ari go ink food too
POOL	2442	0.867188323	2,4,8,9,11,16	won ta rig ooh we to-do
POOL	2443	0.867185441	2,4,6,10,12,16	one top re- go it to-do
POOL	2444	0.867185187	2,4,7,10,14,16	well ta liu go into due
POOL	2445	0.867176859	2,4,8,9,11,16	one ta league new why to-do
POOL	2446	0.867174267	4,7,10,13,15,16	wut ryu go it food oooh
POOL	2447	0.867146526	2,4,8,9,11,16	won top rig too we to-do
POOL	2448	0.867142689	3,6,10,13,15,16	want ari go inc food new
POOL	2449	0.867129572	2,4,7,10,14,16	won too liu go into due
POOL	2450	0.867128317	1,2,4,8,12,15,16	ooh a ta liu own too ooh
POOL	2451	0.867115230	2,6,8,10,13,15,16	one car ooh oh ming food ooh
POOL	2452	0.867105830	2,4,8,9,11,16	one ta league ooh way to-do
POOL	2453	0.867090898	4,6,8,10,15,16	wut re- new owe into ooh
POOL	2454	0.867090898	4,6,8,10,15,16	wut re- ooh owe into new
POOL	2455	0.867079787	2,4,8,9,11,16	wha ta liu new we to-do
POOL	2456	0.867078883	2,4,8,9,11,16	one top league ooh why to-do
POOL	2457	0.867060632	2,6,10,11,16	won sorry go i to-do
POOL	2458	0.867051603	2,6,10,13,16	one sorry go think to-do
POOL	2459	0.867033188	4,6,8,10,15,16	watt re- new oh into too
POOL	2460	0.867033188	4,6,8,10,15,16	watt re- too oh into new
POOL	2461	0.867031447	4,6,7,10,11,16	yacht re- new go a to-do
POOL	2462	0.867031271	3,6,10,13,15,16	wut ari go think food ooh
POOL	2463	0.867031136	3,4,8,10,12,16	wut ahh league oh ing to-do
POOL	2464	0.867023826	2,5,7,10,13,15,16	one door yoo go inc food ooh
POOL	2465	0.866996561	2,4,7,10,14,16	won da liu go into due
POOL	2466	0.866990226	2,4,8,10,13,14,16	one ta liu oh inc u.'s due
POOL	2467	0.866984587	1,2,6,8,10,12,16	new a car ooh oh ing too
POOL	2468	0.866984587	1,2,6,8,10,12,16	ooh a car new oh ing too
POOL	2469	0.866981811	2,4,8,9,11,16	wha top liu ooh we to-do
POOL	2470	0.866978743	2,4,6,8,13,15,16	one ta re- ooh oat food ooh
POOL	2471	0.866978060	1,2,4,8,12,16	new a top liu own to-do
POOL	2472	0.866977009	4,6,8,10,15,16	watt re- ooh oh into ooh
POOL	2473	0.866971667	3,6,10,13,15,16	wut ari go inc dude ooh
POOL	2474	0.866958299	2,4,8,9,11,16	wah ta liu ooh we to-do
POOL	2475	0.866936915	3,6,10,13,15,16	wut ali go inc food too
POOL	2476	0.866928721	2,4,7,10,14,16	won top yoo go into due
POOL	2477	0.866916502	2,4,8,9,11,16	wah top liu too we to-do
POOL	2478	0.866910519	1,2,6,10,13,15,16	were a car go ding food ooh
POOL	2479	0.866887906	1,2,4,8,12,15,16	were uhh ta liu own too ooh
POOL	2480	0.866880915	2,4,8,9,11,16	one ta liu new why to-do
POOL	2481	0.866847501	1,2,6,7,10,12,16	ooh a car ooh go ing too
POOL	2482	0.866843867	2,4,7,10,14,16	why top new go into due
POOL	2483	0.866839394	1,2,4,6,8,13,16	ooh a ta re- oooh owned due
POOL	2484	0.866839394	1,2,4,6,8,13,16	oooh a ta re- ooh owned due
POOL	2485	0.866826926	3,4,8,10,12,16	wut awe league oh ing to-do
POOL	2486	0.866810083	2,4,6,8,13,16	one ta re- ooh owing due
POOL	2487	0.866809886	2,4,8,9,11,16	one ta liu ooh way to-do
POOL	2488	0.866801368	3,6,8,10,11,16	wut r new oh a to-do
POOL	2489	0.866800018	3,4,7,10,11,16	wut ahh liu go if to-do
POOL	2490	0.866800018	3,4,7,10,11,16	wut ahh liu go in to-do
POOL	2491	0.866800018	3,4,7,10,11,16	wut ahh liu go is to-do
POOL	2492	0.866800018	3,4,7,10,11,16	wut ahh liu go it to-do
POOL	2493	0.866795033	2,4,8,9,11,16	wha ta league ooh we to-do
POOL	2494	0.866791283	1,2,4,8,12,16	new a ta league own to-do
POOL	2495	0.866789099	2,4,8,9,11,16	wa top league new we to-do
POOL	2496	0.866783193	2,4,7,10,14,16	won ta view go into due
POOL	2497	0.866782939	2,4,8,9,11,16	one top liu ooh why to-do
POOL	2498	0.866773044	2,6,8,10,15,16	won car knew oh into new
POOL	2499	0.866769016	4,7,10,13,15,16	wut ryu go ink food ooh
POOL	2500	0.866768286	2,4,6,8,13,16	one top re- too owing due
POOL	2501	0.866765974	1,2,6,10,13,15,16	were a car glow inc food ooh
POOL	2502	0.866753236	2,4,8,9,11,16	wha top league too we to-do
POOL	2503	0.866746386	2,4,6,8,13,15,16	one ta re- oooh owned food oooh
POOL	2504	0.866744703	3,6,10,13,15,16	watt ari go inc food new
POOL	2505	0.866741075	2,4,8,10,11,16	one top yu oh a to-do
POOL	2506	0.866735192	3,4,8,10,12,16	wut ahh liu oh ing to-do
POOL	2507	0.866734239	3,4,8,10,12,16	wut ah league oh ing to-do
POOL	2508	0.866730224	2,4,7,10,11,15,16	one ta liu go a taught ooh
POOL	2509	0.866729725	2,4,8,9,11,16	wah ta league too we to-do
POOL	2510	0.866720347	3,4,8,10,12,16	wut ah liu oh in to-do
POOL	2511	0.866719715	2,4,7,10,14,16	won ta rue go into due
POOL	2512	0.866693307	1,2,4,8,12,16	ooh a top league own to-do
POOL	2513	0.866683316	2,5,10,13,15,16	one car hugo inc food ooh
POOL	2514	0.866663803	2,4,8,9,11,16	won ta rig too we to-do
POOL	2515	0.866655634	4,7,10,13,15,16	wut ryu go think food new
POOL	2516	0.866634584	2,4,7,10,13,16	one shot liu go inc to-do
POOL	2517	0.866607090	1,2,6,7,10,12,16	were uhh car ooh go ing too
POOL	2518	0.866598770	1,2,4,6,8,13,16	new a ta re- ooh owned due
POOL	2519	0.866598770	1,2,4,6,8,13,16	ooh a ta re- new owned due
POOL	2520	0.866596161	2,4,8,9,11,16	one ta league ooh why to-do
POOL	2521	0.866596030	4,7,10,13,15,16	wut ryu go inc dude new
POOL	2522	0.866595808	3,4,7,10,11,16	wut awe liu go if to-do
POOL	2523	0.866595808	3,4,7,10,11,16	wut awe liu go in to-do
POOL	2524	0.866595808	3,4,7,10,11,16	wut awe liu go is to-do
POOL	2525	0.866595808	3,4,7,10,11,16	wut awe liu go it to-do
POOL	2526	0.866586945	1,2,6,8,10,15,16	ooh a car ooh oh inked ooh
POOL	2527	0.866581311	2,4,8,9,11,16	one ta league too way to-do
POOL	2528	0.866576959	2,4,7,10,14,16	wah tom liu go into due
POOL	2529	0.866561990	3,6,10,13,15,16	want ari go inc food ooh
POOL	2530	0.866530982	3,4,8,10,12,16	wut awe liu oh ing to-do
POOL	2531	0.866529330	2,4,7,10,14,16	won top use go into due
POOL	2532	0.866524917	3,6,10,13,15,16	wut sorry go inc food new
POOL	2533	0.866518884	3,6,10,13,15,16	wut ali go it food new
POOL	2534	0.866515059	2,4,8,9,11,16	wah top league oooh we to-do
POOL	2535	0.866514791	1,2,4,6,8,13,16	ooh a top re- ooh owned due
POOL	2536	0.866506751	3,6,10,13,15,16	wut ari go think food too
POOL	2537	0.866503444	3,6,10,13,15,16	wut ari go ink food oooh
POOL	2538	0.866503121	3,4,7,10,11,16	wut ah liu go if to-do
POOL	2539	0.866503121	3,4,7,10,11,16	wut ah liu go in to-do
POOL	2540	0.866503121	3,4,7,10,11,16	wut ah liu go is to-do
POOL	2541	0.866503121	3,4,7,10,11,16	wut ah liu go it to-do
POOL	2542	0.866501853	2,4,6,7,13,15,16	one ta re- ooh goat food oooh
POOL	2543	0.866501853	2,4,6,7,13,15,16	one ta re- oooh goat food ooh
POOL	2544	0.866499089	2,4,8,9,11,16	wha ta liu ooh we to-do
POOL	2545	0.866495338	1,2,4,8,12,16	new a ta liu own to-do
POOL	2546	0.866493155	2,4,8,9,11,16	wa top liu new we to-do
POOL	2547	0.866491004	4,6,8,10,11,16	wut re- gah oh a to-do
POOL	2548	0.866489266	3,6,10,13,15,16	wut ari go inc food ou
POOL	2549	0.866489127	1,2,4,8,12,15,16	ooh a ta league own too ooh
POOL	2550	0.866459524	3,4,7,10,11,16	wut ahh new go see to-do
POOL	2551	0.866457292	2,4,8,9,11,16	wha top liu too we to-do
POOL	2552	0.866454896	1,2,6,8,10,12,16	ooh a tar oooh oh ing too
POOL	2553	0.866453346	4,6,8,10,11,16	wut re- new oh hee to-do
POOL	2554	0.866450373	2,4,7,10,14,16	won top knew go into due
POOL	2555	0.866449138	2,4,8,9,11,16	won top rig oooh we to-do
POOL	2556	0.866447148	3,6,10,13,15,16	wut ari go inc dude too
POOL	2557	0.866445999	2,4,7,10,14,16	won ta yoo go into due
POOL	2558	0.866438294	3,4,8,10,12,16	wut ah liu oh ing to-do
POOL	2559	0.866433780	2,4,8,9,11,16	wah ta liu too we to-do
POOL	2560	0.866405275	2,4,8,10,13,16	one top lu oh inc to-do
POOL	2561	0.866397677	2,4,7,10,14,16	won pa liu go into due
POOL	2562	0.866397362	1,2,4,8,12,16	ooh a top liu own to-do
POOL	2563	0.866389599	2,4,6,10,13,14,16	one ta re- go inc ooh woo
POOL	2564	0.866375372	3,6,10,13,15,16	wut ari go inc food due
POOL	2565	0.866361145	2,4,7,10,14,16	why ta new go into due
POOL	2566	0.866347507	2,4,8,10,11,15,16	one ta liu oh a sued ooh
POOL	2567	0.866344892	3,4,6,10,13,15,16	wut ahh re- go inc food doom
POOL	2568	0.866333455	4,7,10,13,15,16	wut ryu go inc food who
POOL	2569	0.866306377	2,4,8,9,11,16	wa ta league new we to-do
POOL	2570	0.866303533	1,2,4,8,12,16	were uhh top league own to-do
POOL	2571	0.866299629	4,6,8,10,13,15,16	wut re- ooh oh inc food drew
POOL	2572	0.866285563	2,4,6,8,13,16	one ta re- too owing due
POOL	2573	0.866283311	2,4,6,7,11,16	one top re- goo go to-do
POOL	2574	0.866276255	1,2,4,7,10,13,16	way a ta liu go inc awed
POOL	2575	0.866275076	2,4,7,10,14,16	won top u go into due
POOL	2576	0.866261229	2,4,6,7,13,15,16	one ta re- new goat food ooh
POOL	2577	0.866261229	2,4,6,7,13,15,16	one ta re- ooh goat food new
POOL	2578	0.866259912	1,2,5,10,13,16	new a car hugo inc due
POOL	2579	0.866255314	3,4,7,10,11,16	wut awe new go see to-do
POOL	2580	0.866254182	4,7,10,13,15,16	wut ryu go inc food two
POOL	2581	0.866248715	1,2,4,8,12,15,16	were uhh ta league own too ooh
POOL	2582	0.866248670	4,6,7,10,13,15,16	wut re- ooh go inc food tomb
POOL	2583	0.866244497	4,7,10,13,15,16	wut ryu go ink food too
POOL	2584	0.866239528	3,6,10,13,15,16	wut ali go inc food oooh
POOL	2585	0.866220669	3,6,8,10,11,16	wut r ooh oh a to-do
POOL	2586	0.866184537	3,4,8,10,11,16	wut ahh league oh ill to-do
POOL	2587	0.866177250	2,4,6,7,13,15,16	one top re- ooh goat food ooh
POOL	2588	0.866173620	1,2,4,8,12,15,16	we uhh ta liu own too ooh
POOL	2589	0.866164005	3,6,10,13,15,16	watt ari go inc food ooh
POOL	2590	0.866162626	3,4,7,10,11,16	wut ah new go see to-do
POOL	2591	0.866158797	2,5,10,13,15,16	one car hugo inc food too
POOL	2592	0.866153771	2,4,7,10,14,16	one top new go into due
POOL	2593	0.866140033	2,6,7,10,13,15,16	one car ooh go inc food cue
POOL	2594	0.866134047	2,4,7,10,14,16	well top new go into due
POOL	2595	0.866117748	2,4,7,10,14,16	wha tom liu go into due
POOL	2596	0.866099489	3,4,7,10,11,16	wut ahh new go i to-do
POOL	2597	0.866080968	1,2,4,8,12,15,16	ooh a ta liu own too oooh
POOL	2598	0.866077186	1,2,6,7,10,12,16	ooh a tar ooh go ing too
POOL	2599	0.866074936	4,7,10,13,15,16	wut ryu go think food ooh
POOL	2600	0.866070898	2,4,6,8,13,16	one top re- oooh owing due
POOL	2601	0.866060632	2,6,10,11,16	won sorry go if to-do
POOL	2602	0.866060632	2,6,10,11,16	won sorry go in to-do
POOL	2603	0.866060632	2,6,10,11,16	won sorry go is to-do
POOL	2604	0.866060632	2,6,10,11,16	won sorry go it to-do
POOL	2605	0.866037471	3,6,10,13,15,16	want ari go inc food too
POOL	2606	0.866029116	3,6,10,13,15,16	wut ari go it dude new
POOL	2607	0.866024402	1,2,4,6,8,13,16	ooh a ta re- ooh oat due
POOL	2608	0.866015332	4,7,10,13,15,16	wut ryu go inc dude ooh
POOL	2609	0.865971569	2,4,8,10,12,14,16	one taught liu oh ing too due
POOL	2610	0.865945898	2,6,8,10,13,15,16	one car ooh oh inc food fool
POOL	2611	0.865944219	3,6,10,13,15,16	wut sorry go inc food ooh
POOL	2612	0.865916420	2,4,6,8,13,16	won top re- new owing due
POOL	2613	0.865902793	2,4,8,10,12,16	one top league oh thin to-do
POOL	2614	0.865896743	1,2,6,10,11,16	were a car go quay to-do
POOL	2615	0.865895392	1,2,6,10,11,16	lieu a car go a to-do
POOL	2616	0.865895279	3,4,7,10,11,16	wut awe new go i to-do
POOL	2617	0.865892804	1,2,6,7,10,12,16	we uhh car ooh go ing too
POOL	2618	0.865868930	2,6,10,11,16	were sorry go see to-do
POOL	2619	0.865838774	2,6,7,10,11,16	one car oh go a to-do
POOL	2620	0.865836774	1,2,6,7,10,12,16	were uhh tar ooh go ing too
POOL	2621	0.865828771	1,2,6,8,12,16	new a car new own to-do
POOL	2622	0.865816630	1,2,6,8,10,15,16	ooh a tar ooh oh inked ooh
POOL	2623	0.865806766	2,6,8,10,11,16	wot car new oh a to-do
POOL	2624	0.865802592	3,4,7,10,11,16	wut ah new go i to-do
POOL	2625	0.865800152	1,2,6,7,10,12,16	ooh a car oooh go ing too
POOL	2626	0.865800152	1,2,6,7,10,12,16	oooh a car ooh go ing too
POOL	2627	0.865788369	4,7,10,13,15,16	watt ryu go inc food new
POOL	2628	0.865781561	1,4,6,10,13,15,16	were at re- go inc foods ooh
POOL	2629	0.865752923	2,6,10,12,16	one sorry go ing to-do
POOL	2630	0.865748258	2,4,6,10,13,14,16	one pop urn go inc ooh due
POOL	2631	0.865703104	2,6,10,13,16	won sorry go think to-do
POOL	2632	0.865696150	3,6,8,10,11,16	wut r too oh a to-do
POOL	2633	0.865588176	2,4,6,8,13,16	one ta re- oooh owing due
POOL	2634	0.865575961	2,5,10,13,15,16	one car lugo inc food new
POOL	2635	0.865561616	2,6,10,11,16	one sorry go eye to-do
POOL	2636	0.865550417	4,7,10,13,15,16	wut ryu go think food too
POOL	2637	0.865539596	1,2,6,8,10,15,16	ooh a car ooh oh inked oooh
POOL	2638	0.865539596	1,2,6,8,10,15,16	ooh a car oooh oh inked ooh
POOL	2639	0.865539596	1,2,6,8,10,15,16	oooh a car ooh oh inked ooh
POOL	2640	0.865528302	2,4,8,10,11,16	one top yue oh e.'s to-do
POOL	2641	0.865525822	1,2,4,8,10,14,16	boo a ta liu oh too due
POOL	2642	0.865514226	1,2,4,7,10,13,16	were a ta liu go inc ooze
POOL	2643	0.865506264	2,5,8,10,13,15,16	wed car yoo oh inc food ooh
POOL	2644	0.865505387	2,4,6,10,12,15,16	one ta re- go ing weed ooh
POOL	2645	0.865490813	4,7,10,13,15,16	wut ryu go inc dude too
POOL	2646	0.865486060	2,4,7,10,11,16	one top yu go tea to-do
POOL	2647	0.865476378	3,6,8,10,11,16	wut r.'s new oh a to-do
POOL	2648	0.865461590	4,6,7,10,13,15,16	wok re- ooh go inc owed ooh
POOL	2649	0.865454504	2,4,6,7,13,15,16	one ta re- oooh goat food oooh
POOL	2650	0.865433698	2,4,6,8,13,16	won ta re- new owing due
POOL	2651	0.865384500	2,6,10,13,16	one sorry go ink to-do
POOL	2652	0.865352717	2,6,10,11,16	one party go see to-do
POOL	2653	0.865335722	2,4,6,8,13,16	won top re- ooh owing due
POOL	2654	0.865318739	2,6,10,11,16	wah sorry go see to-do
POOL	2655	0.865303694	2,4,7,10,13,16	yup top liu go inc to-do
POOL	2656	0.865298972	1,2,6,8,10,15,16	ooh a car new oh inked ooh
POOL	2657	0.865298972	1,2,6,8,10,15,16	ooh a car ooh oh inked new
POOL	2658	0.865269984	2,4,8,10,13,15,16	one tar liu oh wink food ooh
POOL	2659	0.865266156	3,4,7,10,11,16	wut ahh new go in to-do
POOL	2660	0.865266156	3,4,7,10,11,16	wut ahh new go is to-do
POOL	2661	0.865266156	3,4,7,10,11,16	wut ahh new go it to-do
POOL	2662	0.865256391	3,6,8,10,11,16	wut r new oh see to-do
POOL	2663	0.865248073	1,2,6,8,12,16	new a car ooh own to-do
POOL	2664	0.865248073	1,2,6,8,12,16	ooh a car new own to-do
POOL	2665	0.865207670	4,7,10,13,15,16	watt ryu go inc food ooh
POOL	2666	0.865161012	2,5,7,10,13,15,16	one car yoo go inc tuned ooh
POOL	2667	0.865108933	2,6,10,12,16	one sorry go thing to-do
POOL	2668	0.865104338	1,2,6,10,13,15,16	were ugh car woe inc food ooh
POOL	2669	0.865072781	4,7,10,13,15,16	wut ryu go it dude new
POOL	2670	0.865041004	2,6,10,11,16	wah sorry go a to-do
POOL	2671	0.864999294	2,4,8,10,12,14,16	yeh ta liu oh ing too due
POOL	2672	0.864998762	3,6,8,10,11,16	wut r oooh oh a to-do
POOL	2673	0.864923376	3,4,8,10,12,16	wut ahh rig oh in to-do
POOL	2674	0.864896356	3,6,8,10,11,16	wut r new oh i to-do
POOL	2675	0.864895680	3,6,8,10,11,16	wut r.'s ooh oh a to-do
POOL	2676	0.864873965	1,2,6,8,10,13,16	were a car ooh oh inc doom
POOL	2677	0.864872516	3,6,8,10,11,16	wut on new oh see to-do
POOL	2678	0.864853000	2,4,6,8,13,16	won ta re- ooh owing due
POOL	2679	0.864840032	4,6,8,10,13,16	yacht re- new oh inc to-do
POOL	2680	0.864837036	1,2,4,8,10,13,16	were a ta liu oh inc doer
POOL	2681	0.864821578	2,5,8,10,13,15,16	one car yoo oh inc whew ooh
POOL	2682	0.864816204	4,7,10,13,15,16	wut ryu go inc would new
POOL	2683	0.864811203	2,4,6,8,13,16	won top re- too owing due
POOL	2684	0.864767687	2,6,10,11,16	wha sorry go see to-do
POOL	2685	0.864723553	1,2,6,8,12,16	new a car too own to-do
POOL	2686	0.864723553	1,2,6,8,12,16	too a car new own to-do
POOL	2687	0.864719166	3,4,8,10,12,16	wut awe rig oh in to-do
POOL	2688	0.864675693	3,6,8,10,11,16	wut r ooh oh see to-do
POOL	2689	0.864667374	1,2,6,8,12,16	ooh a car ooh own to-do
POOL	2690	0.864641323	3,4,8,10,12,16	wut ahh rig oh ing to-do
POOL	2691	0.864639289	1,2,6,10,13,15,16	wha a car go inc foo ooh
POOL	2692	0.864626478	3,4,8,10,12,16	wut ah rig oh in to-do
POOL	2693	0.864573934	4,6,8,10,12,16	wut re- ga oh in to-do
POOL	2694	0.864543458	2,6,10,11,16	why sorry go see to-do
POOL	2695	0.864489952	2,6,10,11,16	wha sorry go a to-do
POOL	2696	0.864454760	2,4,8,10,11,16	one tosh league oh a to-do
POOL	2697	0.864442040	2,6,10,13,16	were sorry go inc to-do
POOL	2698	0.864437113	3,4,8,10,12,16	wut awe rig oh ing to-do
POOL	2699	0.864429842	2,6,8,10,13,15,16	ya car ooh oh inc food shoe
POOL	2700	0.864411144	3,4,8,10,12,16	wut ahh league oh thing to-do
POOL	2701	0.864404423	2,6,10,12,16	won sorry go ing to-do
POOL	2702	0.864395388	2,6,10,11,16	one tawny go see to-do
POOL	2703	0.864371160	3,6,8,10,11,16	wut r.'s too oh a to-do
POOL	2704	0.864345639	4,6,8,10,11,16	witt re- new oh a to-do
POOL	2705	0.864344426	3,4,8,10,12,16	wut ah rig oh ing to-do
POOL	2706	0.864328480	2,4,6,8,13,16	won ta re- too owing due
POOL	2707	0.864315658	3,6,8,10,11,16	wut r ooh oh i to-do
POOL	2708	0.864291818	3,6,8,10,11,16	wut on ooh oh see to-do
POOL	2709	0.864274741	4,6,8,10,11,16	wut rick new oh a to-do
POOL	2710	0.864265723	2,6,10,11,16	why sorry go a to-do
POOL	2711	0.864213116	2,6,10,11,16	won sorry go eye to-do
POOL	2712	0.864206934	3,4,8,10,12,16	wut awe league oh thing to-do
POOL	2713	0.864184817	3,4,7,10,13,15,16	whit ahh liu go inc food ooh
POOL	2714	0.864151173	3,6,8,10,11,16	wut r too oh see to-do
POOL	2715	0.864142855	1,2,6,8,12,16	ooh a car too own to-do
POOL	2716	0.864135920	1,2,6,10,12,16	hoo a car go in to-do
POOL	2717	0.864115200	3,4,8,10,12,16	wut ahh liu oh thing to-do
POOL	2718	0.864114247	3,4,8,10,12,16	wut ah league oh thing to-do
POOL	2719	0.864113815	2,4,6,8,13,16	won top re- oooh owing due
POOL	2720	0.864073793	3,4,7,10,13,15,16	wut ahh we go inc food ooh
POOL	2721	0.864063023	3,6,8,10,11,16	wut r new oh if to-do
POOL	2722	0.864063023	3,6,8,10,11,16	wut r new oh in to-do
POOL	2723	0.864063023	3,6,8,10,11,16	wut r new oh is to-do
POOL	2724	0.864063023	3,6,8,10,11,16	wut r new oh it to-do
POOL	2725	0.864036000	2,6,10,13,16	won sorry go ink to-do
POOL	2726	0.864026413	2,4,8,10,13,16	one top league oh winged to-do
POOL	2727	0.864016797	2,4,7,10,13,16	one top whoo go inc to-do
POOL	2728	0.864004660	3,6,8,10,11,16	wut r puig oh a to-do
POOL	2729	0.864004217	2,6,10,11,16	won party go see to-do
POOL	2730	0.863961118	2,6,10,11,16	well sorry go see to-do
POOL	2731	0.863931401	3,6,8,10,11,16	wut r.'s new oh see to-do
POOL	2732	0.863925827	2,6,10,13,16	one party go inc to-do
POOL	2733	0.863910990	3,4,8,10,12,16	wut awe liu oh thing to-do
POOL	2734	0.863891849	2,6,10,13,16	wah sorry go inc to-do
POOL	2735	0.863850389	1,2,4,8,13,15,16	were uhh ta liu owned food ooh
POOL	2736	0.863818303	3,4,8,10,12,16	wut ah liu oh thing to-do
POOL	2737	0.863803751	3,4,7,10,13,15,16	wut far liu go inc food ooh
POOL	2738	0.863798152	2,6,8,10,12,16	wop car new oh in to-do
POOL	2739	0.863791138	3,6,8,10,11,16	wut r too oh i to-do
POOL	2740	0.863771720	2,6,10,11,16	was sorry go see to-do
POOL	2741	0.863767298	3,6,8,10,11,16	wut on too oh see to-do
POOL	2742	0.863766891	3,6,7,10,13,15,16	wut we ooh go inc food ooh
POOL	2743	0.863760433	2,6,10,12,16	won sorry go thing to-do
POOL	2744	0.863740847	2,4,8,13,15,16	one top league owing food new
POOL	2745	0.863726482	2,6,10,11,16	won party go a to-do
POOL	2746	0.863686111	2,6,10,11,16	a sorry go see to-do
POOL	2747	0.863683383	2,6,10,11,16	well sorry go a to-do
POOL	2748	0.863673773	3,6,8,10,11,16	wut r.'s oooh oh a to-do
POOL	2749	0.863665721	1,2,4,6,11,16	were bus top re- go to-do
POOL	2750	0.863631093	2,4,6,8,13,16	won ta re- oooh owing due
POOL	2751	0.863611021	3,6,7,10,11,16	wut r new go a to-do
POOL	2752	0.863592528	2,4,6,8,13,16	wah top re- new owing due
POOL	2753	0.863583572	4,6,8,10,13,15,16	wit re- were oh inc food ooh
POOL	2754	0.863571366	3,6,8,10,11,16	wut r.'s new oh i to-do
POOL	2755	0.863487004	2,6,10,11,16	one sorry go ill to-do
POOL	2756	0.863484461	2,6,10,11,16	wa sorry go see to-do
POOL	2757	0.863445667	2,4,6,10,13,15,16	na ta re- go inc food poo
POOL	2758	0.863444903	2,4,8,13,15,16	one top liu owing food new
POOL	2759	0.863417526	4,6,8,10,13,15,16	wut re- ooh note inc food ooh
POOL	2760	0.863382129	2,4,6,10,13,14,16	moi ta re- grow inc ooh due
POOL	2761	0.863340797	2,6,10,13,16	wha sorry go inc to-do
POOL	2762	0.863319156	2,4,8,10,12,16	one top lou oh in to-do
POOL	2763	0.863311402	2,5,7,10,13,15,16	one car yoo go heat food ooh
POOL	2764	0.863258125	2,4,8,13,15,16	one ta league owing food new
POOL	2765	0.863226582	1,2,6,10,13,16	were buzz car go inc to-do
POOL	2766	0.863211199	1,2,4,8,13,15,16	were uhh ta league owned food ooh
POOL	2767	0.863206726	2,6,10,11,16	wa sorry go a to-do
POOL	2768	0.863201712	2,4,8,12,15,16	one top league owing too new
POOL	2769	0.863160149	2,4,8,13,15,16	one top league owing food ooh
POOL	2770	0.863136103	1,2,4,8,13,15,16	we uhh ta liu owned food ooh
POOL	2771	0.863135992	2,6,10,11,16	wah sorry go i to-do
POOL	2772	0.863124848	3,4,6,8,10,12,16	wut ahh re- ooh oh ing too
POOL	2773	0.863116568	2,6,10,13,16	why sorry go inc to-do
POOL	2774	0.863109806	2,4,6,8,13,16	wah ta re- new owing due
POOL	2775	0.863064574	2,4,6,9,13,15,16	wash ta re- go inc food ooh
POOL	2776	0.863046889	2,6,10,11,16	won tawny go see to-do
POOL	2777	0.863030322	3,6,7,10,11,16	wut r ooh go a to-do
POOL	2778	0.862999422	3,4,8,10,12,16	want ahh league oh in to-do
POOL	2779	0.862968498	2,6,10,13,16	one tawny go inc to-do
POOL	2780	0.862962181	2,4,8,13,15,16	one ta liu owing food new
POOL	2781	0.862956941	1,2,4,8,13,15,16	were uh ta liu owned food ooh
POOL	2782	0.862950729	2,6,10,13,16	won car go into to-do
POOL	2783	0.862949811	3,4,6,8,10,12,16	wut awe re- ooh oh ing too
POOL	2784	0.862942887	2,4,6,10,11,16	one ha re- go aye to-do
POOL	2785	0.862906671	1,2,4,8,12,15,16	were a ta liu own too ooh
POOL	2786	0.862905768	2,4,8,12,15,16	one top liu owing too new
POOL	2787	0.862885431	2,4,6,7,10,12,16	one ta re- ooh go ing chewed
POOL	2788	0.862870365	3,4,6,8,10,12,16	wut ah re- ooh oh ing too
POOL	2789	0.862864679	2,4,8,10,13,14,16	one ta liu slow inc ooh due
POOL	2790	0.862864205	2,4,8,13,15,16	one top liu owing food ooh
POOL	2791	0.862856842	3,4,6,8,10,12,16	wut ahh re- ooh oh in too
POOL	2792	0.862803823	2,4,8,10,12,16	one trois league oh in to-do
POOL	2793	0.862803040	1,2,4,8,13,15,16	were uhh ta liu owned food oooh
POOL	2794	0.862802943	4,6,7,10,12,16	wit re- new go in to-do
POOL	2795	0.862795212	3,4,8,10,12,16	want awe league oh in to-do
POOL	2796	0.862769154	2,6,10,11,16	won tawny go a to-do
POOL	2797	0.862756646	2,6,10,13,16	one sorry go eat to-do
POOL	2798	0.862749953	3,4,7,10,13,15,16	wut ahh liu go inc ute ooh
POOL	2799	0.862745198	2,4,6,10,13,14,16	one tal re- goethe inc ooh due
POOL	2800	0.862736745	1,2,4,8,13,16	new a top league owing due
POOL	2801	0.862733178	4,6,8,10,13,15,16	wat earl ooh oh inc food ooh
POOL	2802	0.862718990	2,4,8,12,15,16	one ta league owing too new
POOL	2803	0.862717369	3,4,8,10,12,16	want ahh league oh ing to-do
POOL	2804	0.862703477	3,4,8,10,12,16	want ahh liu oh in to-do
POOL	2805	0.862702524	3,4,8,10,12,16	want ah league oh in to-do
POOL	2806	0.862681805	3,4,6,8,10,12,16	wut awe re- ooh oh in too
POOL	2807	0.862677427	2,4,8,13,15,16	one ta league owing food ooh
POOL	2808	0.862670310	2,4,6,10,15,16	one con re- go into new
POOL	2809	0.862635630	2,4,8,13,15,16	one top league owing food too
POOL	2810	0.862625854	1,2,6,7,10,12,16	were a car ooh go ing too
POOL	2811	0.862621014	2,4,8,12,15,16	one top league owing too ooh
POOL	2812	0.862602359	3,4,6,8,10,12,16	wut ah re- ooh oh in too
POOL	2813	0.862601436	3,4,8,10,12,16	watt ahh league oh in to-do
POOL	2814	0.862584940	2,6,10,11,16	wha sorry go i to-do
POOL	2815	0.862577327	2,6,10,13,16	won party go inc to-do
POOL	2816	0.862562416	1,2,4,8,13,15,16	were uhh ta liu owned food new
POOL	2817	0.862558923	2,4,7,10,11,16	one cock liu go a to-do
POOL	2818	0.862558507	1,2,4,7,13,15,16	were uhh ta liu goat food ooh
POOL	2819	0.862534228	2,6,10,13,16	well sorry go inc to-do
POOL	2820	0.862513159	3,4,8,10,12,16	want awe league oh ing to-do
POOL	2821	0.862505803	3,6,7,10,11,16	wut r too go a to-do
POOL	2822	0.862499267	3,4,8,10,12,16	want awe liu oh in to-do
POOL	2823	0.862496913	1,2,4,8,13,15,16	we uhh ta league owned food ooh
POOL	2824	0.862484895	2,4,6,10,14,16	one -san re- go into due
POOL	2825	0.862473988	2,6,8,10,13,15,16	one car ooh soul inc food ooh
POOL	2826	0.862449153	2,4,8,10,11,16	work top roux oh a to-do
POOL	2827	0.862440800	1,2,4,8,13,16	new a top liu owing due
POOL	2828	0.862423045	2,4,8,12,15,16	one ta liu owing too new
POOL	2829	0.862421424	3,4,8,10,12,16	want ahh liu oh ing to-do
POOL	2830	0.862381482	2,4,8,13,15,16	one ta liu owing food ooh
POOL	2831	0.862363583	4,6,8,10,12,16	wut reap new oh in to-do
POOL	2832	0.862360711	2,6,10,11,16	why sorry go i to-do
POOL	2833	0.862344830	2,6,10,13,16	was sorry go inc to-do
POOL	2834	0.862339685	2,4,8,13,15,16	one top liu owing food too
POOL	2835	0.862333672	4,6,7,10,13,15,16	whack re- ooh go inc food sioux
POOL	2836	0.862328656	2,6,10,13,16	were sorry go think to-do
POOL	2837	0.862325069	2,4,8,12,15,16	one top liu owing too ooh
POOL	2838	0.862315342	2,6,8,10,13,16	one kohn new oh inc to-do
POOL	2839	0.862286031	3,6,7,10,11,16	wut r.'s new go a to-do
POOL	2840	0.862259221	2,6,10,13,16	a sorry go inc to-do
POOL	2841	0.862254022	1,2,4,8,13,16	new a ta league owing due
POOL	2842	0.862233571	2,4,7,10,13,15,16	yeh tra liu go inc food ooh
POOL	2843	0.862156047	1,2,4,8,13,16	ooh a top league owing due
POOL	2844	0.862152907	2,4,8,13,15,16	one ta league owing food too
POOL	2845	0.862152437	3,6,8,10,13,15,16	wut har ooh oh inc food ooh
POOL	2846	0.862138504	2,6,10,11,16	won sorry go ill to-do
POOL	2847	0.862138292	2,4,8,12,15,16	one ta league owing too ooh
POOL	2848	0.862135992	2,6,10,11,16	wah sorry go if to-do
POOL	2849	0.862135992	2,6,10,11,16	wah sorry go in to-do
POOL	2850	0.862135992	2,6,10,11,16	wah sorry go is to-do
POOL	2851	0.862135992	2,6,10,11,16	wah sorry go it to-do
POOL	2852	0.862096494	2,4,8,12,15,16	one top league owing too too
POOL	2853	0.862089363	3,4,6,7,10,13,16	wut ahh re- ooh go inc o
POOL	2854	0.862066044	3,6,7,10,11,16	wut r new go see to-do
POOL	2855	0.862057571	2,6,10,13,16	wa sorry go inc to-do
POOL	2856	0.862024082	2,4,8,10,13,16	one shah yue oh inc to-do
POOL	2857	0.861958078	1,2,4,8,13,16	new a ta liu owing due
POOL	2858	0.861938606	2,6,7,10,13,15,16	one car one go inc food ooh
POOL	2859	0.861862974	3,4,8,10,13,15,16	wut ahh liu oh inc foo ooh
POOL	2860	0.861860102	1,2,4,8,13,16	ooh a top liu owing due
POOL	2861	0.861856963	2,4,8,13,15,16	one ta liu owing food too
POOL	2862	0.861844222	1,2,4,7,13,15,16	we uhh ta liu goat food ooh
POOL	2863	0.861842347	2,4,8,12,15,16	one ta liu owing too ooh
POOL	2864	0.861821470	2,6,10,11,16	won party go i to-do
POOL	2865	0.861812442	2,6,10,13,16	one party go think to-do
POOL	2866	0.861808415	3,6,7,10,11,16	wut r oooh go a to-do
POOL	2867	0.861807400	2,5,7,10,13,15,16	one car yoo go inc food threw
POOL	2868	0.861800550	2,4,8,12,15,16	one top liu owing too too
POOL	2869	0.861783764	2,4,8,13,15,16	won top league owing food new
POOL	2870	0.861778465	2,6,10,13,16	wah sorry go think to-do
POOL	2871	0.861778371	2,6,10,11,16	well sorry go i to-do
POOL	2872	0.861706009	3,6,7,10,11,16	wut r new go i to-do
POOL	2873	0.861705333	3,6,7,10,11,16	wut r.'s ooh go a to-do
POOL	2874	0.861704141	2,4,8,10,15,16	ya top league oh into new
POOL	2875	0.861692660	2,4,8,10,14,16	waa top roux oh into due
POOL	2876	0.861682169	3,6,7,10,11,16	wut on new go see to-do
POOL	2877	0.861665059	1,2,4,7,13,15,16	were uh ta liu goat food ooh
POOL	2878	0.861619999	2,6,10,13,16	won tawny go inc to-do
POOL	2879	0.861617997	1,2,5,8,10,12,16	ooh a car yoo oh ing too
POOL	2880	0.861613772	2,4,8,12,15,16	one ta league owing too too
POOL	2881	0.861607160	2,4,6,7,10,13,16	up ta re- ooh go inc ou
POOL	2882	0.861584940	2,6,10,11,16	wha sorry go if to-do
POOL	2883	0.861584940	2,6,10,11,16	wha sorry go in to-do
POOL	2884	0.861584940	2,6,10,11,16	wha sorry go is to-do
POOL	2885	0.861584940	2,6,10,11,16	wha sorry go it to-do
POOL	2886	0.861576436	1,2,4,6,10,16	were mum top re- go to-do
POOL	2887	0.861541739	2,4,6,8,10,12,16	one ta re- ooh oh ing twos
POOL	2888	0.861516164	2,6,8,10,13,15,16	one parr fu oh inc food ooh
POOL	2889	0.861511159	1,2,4,7,13,15,16	were uhh ta liu goat food oooh
POOL	2890	0.861487820	2,4,8,13,15,16	won top liu owing food new
POOL	2891	0.861485346	3,6,7,10,11,16	wut r ooh go see to-do
POOL	2892	0.861477499	3,4,7,10,13,15,16	wut ahh liu go ist food ooh
POOL	2893	0.861459740	1,2,4,6,10,12,16	were a ta re- go ing tu
POOL	2894	0.861408596	3,4,6,10,13,15,16	went ahh ne go inc food ooh
POOL	2895	0.861408146	2,6,10,13,16	won sorry go eat to-do
POOL	2896	0.861406537	2,5,8,10,13,15,16	one car yoo oh wheat food ooh
POOL	2897	0.861399107	2,4,8,12,15,16	one top league owing too oooh
POOL	2898	0.861398482	4,6,8,10,13,15,16	wop re- ooh oh inc ou ooh
POOL	2899	0.861377585	1,2,5,8,10,12,16	were uhh car yoo oh ing too
POOL	2900	0.861360711	2,6,10,13,16	why sorry go it to-do
POOL	2901	0.861351034	2,4,8,13,15,16	one top rig owing food new
POOL	2902	0.861350000	1,2,4,6,10,15,16	a a ta re- go inked ooh
POOL	2903	0.861341832	2,4,8,9,13,15,16	one ta yue ooh inc food ooh
POOL	2904	0.861317828	2,4,8,12,15,16	one ta liu owing too too
POOL	2905	0.861301042	2,4,8,13,15,16	won ta league owing food new
POOL	2906	0.861286202	2,6,7,10,12,16	wet car new go in to-do
POOL	2907	0.861270535	1,2,4,7,13,15,16	were uhh ta liu goat food new
POOL	2908	0.861253364	1,2,6,11,16	new a sorry go to-do
POOL	2909	0.861244629	2,4,8,12,15,16	won top league owing too new
POOL	2910	0.861227412	2,6,10,13,16	wha sorry go think to-do
POOL	2911	0.861203066	2,4,8,13,15,16	won top league owing food ooh
POOL	2912	0.861201429	2,4,7,10,13,14,16	one ta liu go inc ooh tube
POOL	2913	0.861186555	1,2,4,7,13,15,16	were uhh top liu goat food ooh
POOL	2914	0.861180813	3,6,7,10,11,16	wut r.'s too go a to-do
POOL	2915	0.861125311	3,6,7,10,11,16	wut r ooh go i to-do
POOL	2916	0.861103162	2,4,8,12,15,16	one top liu owing too oooh
POOL	2917	0.861101471	3,6,7,10,11,16	wut on ooh go see to-do
POOL	2918	0.861057730	1,2,5,8,10,12,16	ooh a car u oh ing too
POOL	2919	0.861029975	2,6,10,12,16	were sorry go ing to-do
POOL	2920	0.861024005	1,2,4,8,12,16	were a top league own to-do
POOL	2921	0.861003183	2,6,10,13,16	why sorry go think to-do
POOL	2922	0.860985075	2,4,7,10,13,16	one top liu go imp to-do
POOL	2923	0.860960826	3,6,7,10,11,16	wut r too go see to-do
POOL	2924	0.860953883	2,4,6,10,13,14,16	one doc re- go pit ooh due
POOL	2925	0.860950773	1,2,4,7,13,15,16	we uh ta liu goat food ooh
POOL	2926	0.860948685	2,4,8,12,15,16	won top liu owing too new
POOL	2927	0.860916384	2,4,8,12,15,16	one ta league owing too oooh
POOL	2928	0.860872676	3,6,7,10,11,16	wut r new go if to-do
POOL	2929	0.860872676	3,6,7,10,11,16	wut r new go in to-do
POOL	2930	0.860872676	3,6,7,10,11,16	wut r new go is to-do
POOL	2931	0.860872676	3,6,7,10,11,16	wut r new go it to-do
POOL	2932	0.860862489	2,4,6,10,13,15,16	one two re- ohh inc food ooh
POOL	2933	0.860855114	2,6,10,13,16	one tawny go think to-do
POOL	2934	0.860847681	1,2,5,8,10,12,16	ooh a tar yoo oh ing too
POOL	2935	0.860821470	2,6,10,13,16	won party go it to-do
POOL	2936	0.860817318	1,2,5,8,10,12,16	were uhh car u oh ing too
POOL	2937	0.860813335	2,4,7,10,13,14,16	lush ta liu go inc ooh due
POOL	2938	0.860811899	2,4,8,12,15,16	one top rig owing too new
POOL	2939	0.860807849	3,6,8,10,12,16	wut r new oh ing to-do
POOL	2940	0.860778371	2,6,10,13,16	well sorry go it to-do
POOL	2941	0.860761907	2,4,8,12,15,16	won ta league owing too new
POOL	2942	0.860741054	3,6,7,10,11,16	wut r.'s new go see to-do
POOL	2943	0.860732569	2,4,8,10,13,14,16	one cough liu oh thing ooh due
POOL	2944	0.860714418	1,2,5,10,12,16	ou a car go ing to-do
POOL	2945	0.860713619	2,4,8,10,12,14,16	one ta liu oh 'dine too due
POOL	2946	0.860663931	2,4,8,12,15,16	won top league owing too ooh
POOL	2947	0.860661552	2,6,10,13,16	were sorry go ink to-do
POOL	2948	0.860657168	3,4,8,10,13,15,16	wut na yew oh inc food ooh
POOL	2949	0.860644203	4,8,10,13,15,16	whatsapp league oh inc food new
POOL	2950	0.860620440	2,4,8,12,15,16	one ta liu owing too oooh
POOL	2951	0.860600791	3,6,7,10,11,16	wut r too go i to-do
POOL	2952	0.860600524	1,2,5,10,12,16	due a car go ing to-do
POOL	2953	0.860567452	2,6,10,12,16	one sorry go king to-do
POOL	2954	0.860530184	2,4,6,10,11,16	one top re- eau a to-do
POOL	2955	0.860513762	2,6,10,12,16	one party go ing to-do
POOL	2956	0.860510713	2,4,6,12,15,16	one top re- growing too new
POOL	2957	0.860509204	3,6,8,10,12,16	wut r ooh oh in to-do
POOL	2958	0.860479784	2,6,10,12,16	wah sorry go ing to-do
POOL	2959	0.860470924	2,6,10,12,16	why sorry go in to-do
POOL	2960	0.860469442	2,4,7,10,13,15,16	one ta liu oak inc food ooh
POOL	2961	0.860465962	2,4,8,12,15,16	won ta liu owing too new
POOL	2962	0.860463942	2,6,10,13,16	won party go think to-do
POOL	2963	0.860447239	2,4,6,8,12,15,16	one ta re- ooh own sued ooh
POOL	2964	0.860423974	3,6,8,10,12,16	wut on new oh ing to-do
POOL	2965	0.860420843	2,6,10,13,16	well sorry go think to-do
POOL	2966	0.860396793	2,6,8,10,15,16	one car knew oh into new
POOL	2967	0.860385985	2,6,10,12,16	were sorry go thing to-do
POOL	2968	0.860376419	1,4,8,10,13,15,16	whew at ru oh inc food ooh
POOL	2969	0.860367986	2,4,8,12,15,16	won top liu owing too ooh
POOL	2970	0.860348258	4,8,10,13,15,16	whatsapp liu oh inc food new
POOL	2971	0.860335997	4,6,8,13,15,16	wut re- new owing food new
POOL	2972	0.860329176	2,4,8,12,15,16	one ta rig owing too new
POOL	2973	0.860301714	2,6,10,13,16	wa sorry go it to-do
POOL	2974	0.860269732	4,6,10,13,16	wut re- go into to-do
POOL	2975	0.860242004	2,4,6,10,13,14,16	yah ta re- go inc ooh dog
POOL	2976	0.860231445	2,6,10,13,16	was sorry go think to-do
POOL	2977	0.860231200	2,4,8,12,15,16	one top rig owing too ooh
POOL	2978	0.860227151	3,6,8,10,12,16	wut r ooh oh ing to-do
POOL	2979	0.860205777	3,4,8,10,13,15,16	walked ahh liu oh inc food ooh
POOL	2980	0.860181208	2,4,8,12,15,16	won ta league owing too ooh
POOL	2981	0.860152109	2,4,6,8,11,16	one pos re- new oh to-do
POOL	2982	0.860145836	2,6,10,13,16	a sorry go think to-do
POOL	2983	0.860145539	2,4,6,10,14,16	one top rae go into due
POOL	2984	0.860145338	2,6,10,13,16	one party go ink to-do
POOL	2985	0.860139411	2,4,8,12,15,16	won top league owing too too
POOL	2986	0.860135730	1,4,8,10,13,15,16	were at meu oh inc food ooh
POOL	2987	0.860133447	1,2,4,8,13,15,16	were uhh ta liu wink food ooh
POOL	2988	0.860129179	2,6,8,10,13,16	ohh car new oh inc to-do
POOL	2989	0.860118855	2,4,6,8,10,15,16	wow ta re- ooh oh inked ooh
POOL	2990	0.860084036	2,6,8,10,11,16	one stars' new oh a to-do
POOL	2991	0.860082706	1,2,4,6,8,13,16	woo a ta re- ooh oat due
POOL	2992	0.860073543	2,6,10,14,16	won sorry go into due
POOL	2993	0.860063504	4,8,10,13,15,16	whatsapp league oh inc food ooh
POOL	2994	0.860060730	2,4,6,10,15,16	one top reel go into new
POOL	2995	0.860027990	2,4,6,12,15,16	one ta re- growing too new
POOL	2996	0.860020174	2,4,8,10,14,16	worth top league oh into due
POOL	2997	0.860016872	2,6,8,10,12,16	one car new oh lynne to-do
POOL	2998	0.859984684	3,6,8,10,12,16	wut r too oh in to-do
POOL	2999	0.859966906	4,6,7,10,12,16	wut long new go in to-do
POOL	3000	0.859931683	2,6,10,12,16	won party go in to-do
POOL	3001	0.859930015	2,4,6,12,15,16	one top re- growing too ooh
POOL	3002	0.859928732	2,6,10,12,16	wha sorry go ing to-do
POOL	3003	0.859927103	1,2,6,11,16	too a sorry go to-do
POOL	3004	0.859925129	1,2,4,6,10,12,16	woo a ta re- go ing could
POOL	3005	0.859920844	2,6,10,15,16	won sorry go into new
POOL	3006	0.859890995	3,4,8,10,13,15,16	wut lock liu oh inc food ooh
POOL	3007	0.859888584	2,6,10,12,16	well sorry go in to-do
POOL	3008	0.859885264	2,4,8,12,15,16	won ta liu owing too ooh
POOL	3009	0.859870495	2,4,6,10,12,16	wen top re- go eng to-do
POOL	3010	0.859869771	2,6,10,12,16	one party go thing to-do
POOL	3011	0.859864142	2,6,10,13,16	won tawny go it to-do
POOL	3012	0.859843467	2,4,8,12,15,16	won top liu owing too too
POOL	3013	0.859843276	3,6,8,10,12,16	wut on ooh oh ing to-do
POOL	3014	0.859839917	2,4,7,10,11,16	one top hugh go a to-do
POOL	3015	0.859835794	2,6,10,12,16	wah sorry go thing to-do
POOL	3016	0.859824797	2,4,8,9,13,15,16	yuh ta liu ooh inc food ooh
POOL	3017	0.859767560	4,8,10,13,15,16	whatsapp liu oh inc food ooh
POOL	3018	0.859764912	3,6,8,10,12,16	wut r.'s new oh in to-do
POOL	3019	0.859755299	4,6,8,13,15,16	wut re- new owing food ooh
POOL	3020	0.859755299	4,6,8,13,15,16	wut re- ooh owing food new
POOL	3021	0.859748478	2,4,8,12,15,16	one ta rig owing too ooh
POOL	3022	0.859706681	2,4,8,12,15,16	one top rig owing too too
POOL	3023	0.859704503	2,6,10,12,16	why sorry go ing to-do
POOL	3024	0.859702631	3,6,8,10,12,16	wut r too oh ing to-do
POOL	3025	0.859693177	1,2,4,8,10,15,16	wu a ta liu oh inked ooh
POOL	3026	0.859656689	2,4,8,12,15,16	won ta league owing too too
POOL	3027	0.859648146	3,6,7,10,13,15,16	wut arn coup go inc food ooh
POOL	3028	0.859556434	2,6,10,12,16	one tawny go ing to-do
POOL	3029	0.859555396	3,4,7,10,13,15,16	wut ahh liu go inc food suit
POOL	3030	0.859554781	2,4,6,7,10,15,16	wang ta re- ooh go inked ooh
POOL	3031	0.859547617	4,6,7,10,13,15,16	wut rip u. go inc food ooh
POOL	3032	0.859522538	3,6,10,13,15,16	wut ari go inc who new
POOL	3033	0.859508975	1,2,4,7,10,15,16	lou a ta liu go inked ooh
POOL	3034	0.859507355	4,6,8,10,13,16	wut re- swag oh inc to-do
POOL	3035	0.859506614	2,6,10,13,16	won tawny go think to-do
POOL	3036	0.859485796	2,6,8,10,11,16	one car ooze oh a to-do
POOL	3037	0.859482860	3,6,8,10,12,16	wut r.'s new oh ing to-do
POOL	3038	0.859468528	4,6,7,10,12,16	wut re- ohh go in to-do
POOL	3039	0.859447292	2,4,6,12,15,16	one ta re- growing too ooh
POOL	3040	0.859441878	2,4,7,10,13,15,16	one tosh liu go ting food ooh
POOL	3041	0.859428311	2,4,8,10,11,15,16	wash ta liu oh a rude ooh
POOL	3042	0.859427224	3,4,6,10,11,16	wut ahh re- goat a to-do
POOL	3043	0.859411927	2,6,10,12,16	wa sorry go in to-do
POOL	3044	0.859405495	2,4,6,12,15,16	one top re- growing too too
POOL	3045	0.859398718	2,4,6,9,13,15,16	one ta re- ghoul inc food ooh
POOL	3046	0.859368641	1,2,4,8,10,16	were a top yew oh to-do
POOL	3047	0.859342515	1,2,4,6,11,16	were a kahn re- go to-do
POOL	3048	0.859320552	1,2,4,8,11,16	were a top roux oh to-do
POOL	3049	0.859318756	3,6,8,10,12,16	wut on too oh ing to-do
POOL	3050	0.859284742	2,6,10,12,16	wha sorry go thing to-do
POOL	3051	0.859273282	4,6,7,10,11,16	wut ne'er new go a to-do
POOL	3052	0.859241461	2,5,8,10,13,15,16	yeah kahn yoo oh inc food ooh
POOL	3053	0.859240346	1,2,4,8,10,16	hou a top league oh to-do
POOL	3054	0.859238029	2,4,6,10,12,16	watt top re- goal in to-do
POOL	3055	0.859230779	4,6,8,13,15,16	wut re- new owing food too
POOL	3056	0.859230779	4,6,8,13,15,16	wut re- too owing food new
POOL	3057	0.859227982	1,2,4,8,11,16	roo a top league oh to-do
POOL	3058	0.859218953	2,6,10,12,16	won sorry go king to-do
POOL	3059	0.859202879	2,6,10,13,16	were party go inc to-do
POOL	3060	0.859190415	2,6,7,10,11,16	wit car new go a to-do
POOL	3061	0.859188010	2,6,10,13,16	one tawny go ink to-do
POOL	3062	0.859182913	2,4,7,10,13,15,16	rum ta rule go inc food ooh
POOL	3063	0.859174600	4,6,8,13,15,16	wut re- ooh owing food ooh
POOL	3064	0.859165262	2,6,10,12,16	won party go ing to-do
POOL	3065	0.859146680	4,6,8,10,13,15,16	wut earle eeg oh inc food ooh
POOL	3066	0.859134131	2,6,10,12,16	one sorry go inn to-do
POOL	3067	0.859122163	2,6,10,12,16	well sorry go ing to-do
POOL	3068	0.859105962	4,6,10,11,16	whatsapp re- go see to-do
POOL	3069	0.859061903	4,6,7,10,13,15,16	yuk you're ooh go inc food ooh
POOL	3070	0.859060513	2,6,10,12,16	why sorry go thing to-do
POOL	3071	0.859046974	3,4,8,10,13,15,16	wut ahh liu oh ight food ooh
POOL	3072	0.859026090	2,6,10,13,16	wah car go into to-do
POOL	3073	0.859016373	2,6,10,13,16	won tar go into to-do
POOL	3074	0.858982411	2,4,6,10,12,16	one top re- goethe in to-do
POOL	3075	0.858974355	2,6,10,12,16	won tawny go in to-do
POOL	3076	0.858960334	2,4,8,10,12,14,16	we doc liu oh ing too due
POOL	3077	0.858932765	2,6,10,12,16	was sorry go ing to-do
POOL	3078	0.858922773	2,4,6,12,15,16	one ta re- growing too too
POOL	3079	0.858912443	2,6,10,12,16	one tawny go thing to-do
POOL	3080	0.858847156	2,6,10,12,16	a sorry go ing to-do
POOL	3081	0.858836421	2,4,7,10,12,16	nah top liu go in to-do
POOL	3082	0.858828227	4,6,10,11,16	whatsapp re- go a to-do
POOL	3083	0.858825082	2,4,6,9,11,16	webb top re- go we to-do
POOL	3084	0.858817563	2,4,8,10,13,14,16	one ta liu oh inc ooh der
POOL	3085	0.858799779	3,4,6,10,12,16	let ahh re- go in to-do
POOL	3086	0.858789648	1,2,4,6,10,16	wii a top reese go to-do
POOL	3087	0.858788184	2,6,7,10,13,15,16	wash car poor go inc food ooh
POOL	3088	0.858768773	2,6,8,10,13,15,16	one tore ooh oh fit food ooh
POOL	3089	0.858722833	1,2,4,6,8,12,16	ooh a ta re- ooh own too
POOL	3090	0.858718351	4,6,8,10,13,16	wut lure new oh inc to-do
POOL	3091	0.858710180	2,4,6,10,14,16	one top re- go undue due
POOL	3092	0.858708108	2,4,6,12,15,16	one top re- growing too oooh
POOL	3093	0.858650081	4,6,8,13,15,16	wut re- ooh owing food too
POOL	3094	0.858650081	4,6,8,13,15,16	wut re- too owing food ooh
POOL	3095	0.858645506	2,6,10,12,16	wa sorry go ing to-do
POOL	3096	0.858616749	4,6,7,10,11,16	what re- new go lee to-do
POOL	3097	0.858609322	4,6,8,10,12,16	wut re- new oh ish to-do
POOL	3098	0.858594583	2,6,10,15,16	won sorry go into too
POOL	3099	0.858553630	2,4,6,12,15,16	won top re- growing too new
POOL	3100	0.858548428	2,4,6,8,10,16	one top re- wigs oh to-do
POOL	3101	0.858547601	2,5,8,10,11,16	one car que oh a to-do
POOL	3102	0.858533392	4,6,8,13,15,16	wut re- new owing food oooh
POOL	3103	0.858533392	4,6,8,13,15,16	wut re- oooh owing food new
POOL	3104	0.858526134	3,4,8,10,12,16	wut ahh yew oh in to-do
POOL	3105	0.858521272	2,6,10,12,16	won party go thing to-do
POOL	3106	0.858501806	2,4,8,10,12,14,16	of ta loo oh ing too due
POOL	3107	0.858478173	2,6,10,12,16	well sorry go thing to-do
POOL	3108	0.858422767	1,2,6,10,12,16	were ash car go in to-do
POOL	3109	0.858370758	4,6,8,10,13,15,16	wac re- ooh oh inc food lieu
POOL	3110	0.858369947	2,4,6,8,11,16	one top re- swag oh to-do
POOL	3111	0.858323114	3,6,10,13,15,16	wut ari go shit food new
POOL	3112	0.858300435	4,6,8,10,12,16	what re- new oh in to-do
POOL	3113	0.858288775	2,6,10,12,16	was sorry go thing to-do
POOL	3114	0.858225385	2,4,6,12,15,16	one ta re- growing too oooh
POOL	3115	0.858208190	2,4,6,8,10,16	woah top re- new oh to-do
POOL	3116	0.858207934	2,6,10,12,16	won tawny go ing to-do
POOL	3117	0.858203166	2,6,10,12,16	a sorry go thing to-do
POOL	3118	0.858200039	4,6,8,10,13,15,16	yacht re- ooh oh end food ooh
POOL	3119	0.858137834	2,4,6,8,11,16	yeh top re- new oh to-do
POOL	3120	0.858125562	4,6,8,13,15,16	wut re- too owing food too
POOL	3121	0.858083153	3,4,8,10,13,15,16	wut ahh liu oh inc food sued
POOL	3122	0.858081562	2,4,6,10,15,16	one top re- go into lose
POOL	3123	0.858070907	2,4,6,12,15,16	won ta re- growing too new
POOL	3124	0.858056526	1,2,6,11,16	ooh a sorry go to-do
POOL	3125	0.858015959	1,2,4,7,11,16	were a ca liu go to-do
POOL	3126	0.858001516	2,6,10,12,16	wa sorry go thing to-do
POOL	3127	0.857972932	2,4,6,12,15,16	won top re- growing too ooh
POOL	3128	0.857958466	2,4,8,10,12,15,16	one ta liu oh ing coon ooh
POOL	3129	0.857952693	4,6,8,13,15,16	wut re- ooh owing food oooh
POOL	3130	0.857952693	4,6,8,13,15,16	wut re- oooh owing food ooh
POOL	3131	0.857922643	1,2,6,10,13,15,16	yer a prix go inc food ooh
POOL	3132	0.857900413	2,6,8,10,12,16	one don new oh in to-do
POOL	3133	0.857881829	2,4,6,8,13,16	one top re- new oat to-do
POOL	3134	0.857821228	1,6,10,11,16	were qatar go see to-do
POOL	3135	0.857785631	2,6,10,12,16	won sorry go inn to-do
POOL	3136	0.857757866	2,6,10,12,16	one sorry go ring to-do
POOL	3137	0.857727237	2,6,8,10,11,15,16	one car ooh oh a noob ooh
POOL	3138	0.857723307	2,4,7,10,11,16	one char liu go eye to-do
POOL	3139	0.857679072	4,6,10,13,16	whatsapp re- go inc to-do
POOL	3140	0.857675484	1,2,4,6,8,12,16	ooh a ta re- oooh own too
POOL	3141	0.857675484	1,2,4,6,8,12,16	oooh a ta re- ooh own too
POOL	3142	0.857641734	2,4,6,10,11,16	one top lee's go il to-do
POOL	3143	0.857613661	2,4,6,9,13,15,16	one ta re- go inc maud ooh
POOL	3144	0.857598635	2,4,8,9,13,15,16	one caught liu ooh inc food ooh
POOL	3145	0.857571228	1,6,10,11,16	new qatar go see to-do
POOL	3146	0.857563944	2,6,10,12,16	won tawny go thing to-do
POOL	3147	0.857539290	4,6,8,13,15,16	wut re- puig owing food new
POOL	3148	0.857515218	4,6,7,10,11,16	wut re- zoom go a to-do
POOL	3149	0.857490209	2,4,6,12,15,16	won ta re- growing too ooh
POOL	3150	0.857475155	2,4,10,11,16	one top lugo see to-do
POOL	3151	0.857473044	2,4,7,10,15,16	ja top liu go into new
POOL	3152	0.857457644	1,2,6,11,16	were uhh sorry go to-do
POOL	3153	0.857448412	2,4,6,12,15,16	won top re- growing too too
POOL	3154	0.857439001	2,4,6,8,13,15,16	one awe re- ooh oat food ooh
POOL	3155	0.857434860	1,2,4,6,8,12,16	new a ta re- ooh own too
POOL	3156	0.857434860	1,2,4,6,8,12,16	ooh a ta re- new own too
POOL	3157	0.857428174	4,6,8,13,15,16	wut re- oooh owing food too
POOL	3158	0.857428174	4,6,8,13,15,16	wut re- too owing food oooh
POOL	3159	0.857418316	2,4,8,12,16	one top league owing to-do
POOL	3160	0.857413063	1,2,4,6,10,16	were a posh re- go to-do
POOL	3161	0.857398077	2,6,7,10,12,16	one car new go vin to-do
POOL	3162	0.857396350	1,2,5,8,10,12,16	were a car yoo oh ing too
POOL	3163	0.857350881	1,2,4,6,8,12,16	ooh a top re- ooh own too
POOL	3164	0.857308893	1,2,4,8,10,16	whew a top roo oh to-do
POOL	3165	0.857293493	1,6,10,11,16	new qatar go a to-do
POOL	3166	0.857207644	1,2,6,11,16	new uhh sorry go to-do
POOL	3167	0.857174920	2,4,8,10,12,16	ya top ru oh in to-do
POOL	3168	0.857154193	3,4,6,10,11,16	wut knot re- go a to-do
POOL	3169	0.857153754	1,4,8,10,13,15,16	were at liu oh kink food ooh
POOL	3170	0.857121373	1,2,4,7,10,12,16	ooh a ta liu go ing tow
POOL	3171	0.857113491	3,6,10,13,15,16	wut ari go inc food zhou
POOL	3172	0.857111992	2,6,8,12,16	one car new owing to-do
POOL	3173	0.857084601	1,2,4,6,11,16	were a top zee go to-do
POOL	3174	0.857062673	1,2,6,8,10,12,16	war a car ooh oh ing too
POOL	3175	0.857059008	4,6,10,11,16	whatnot re- go see to-do
POOL	3176	0.857013462	4,6,8,13,15,16	wut re- dog owing food new
POOL	3177	0.856967019	2,4,5,10,12,16	one top air go ing to-do
POOL	3178	0.856965690	2,4,6,12,15,16	won ta re- growing too too
POOL	3179	0.856958591	4,6,8,13,15,16	wut re- puig owing food ooh
POOL	3180	0.856934039	1,2,5,7,10,13,16	were a car yoo go inc rood
POOL	3181	0.856923216	4,6,10,11,16	whatsapp re- go i to-do
POOL	3182	0.856863376	2,5,8,10,13,15,16	one per yoo oh inc food ooh
POOL	3183	0.856846878	2,4,6,8,10,12,16	y'are ta re- ooh oh ing tuned
POOL	3184	0.856821228	1,6,10,11,16	we qatar go see to-do
POOL	3185	0.856800625	4,6,8,10,15,16	wad re- new oh into new
POOL	3186	0.856781894	3,6,10,11,16	wut ari go see to-do
POOL	3187	0.856781273	4,6,10,11,16	whatnot re- go a to-do
POOL	3188	0.856751024	2,4,6,12,15,16	won top re- growing too oooh
POOL	3189	0.856730786	4,6,8,13,15,16	wut re- oooh owing food oooh
POOL	3190	0.856724006	2,6,10,15,16	won sorry go into ooh
POOL	3191	0.856720009	4,6,7,10,12,16	wut re- new go lin to-do
POOL	3192	0.856673224	2,6,8,10,13,15,16	yuh car ooh oh inc dues ooh
POOL	3193	0.856638494	2,4,8,10,11,16	one top league rowe a to-do
POOL	3194	0.856590238	1,2,6,11,16	oooh a sorry go to-do
POOL	3195	0.856585662	2,5,8,10,11,16	one car new co. a to-do
POOL	3196	0.856539352	2,4,6,10,16	one top early go to-do
POOL	3197	0.856533883	2,4,7,10,14,16	worth top liu go into due
POOL	3198	0.856504159	3,6,10,11,16	wut ari go a to-do
POOL	3199	0.856486745	1,2,4,8,13,16	were a top league owing due
POOL	3200	0.856484297	2,4,5,10,12,16	one ta air go ing to-do
POOL	3201	0.856457644	1,2,6,11,16	we uhh sorry go to-do
POOL	3202	0.856411785	2,4,8,10,13,14,16	we ta liu oh inc boot due
POOL	3203	0.856409366	2,6,10,12,16	won sorry go ring to-do
POOL	3204	0.856380488	1,2,6,8,10,13,16	re- a car ooh oh inc aud
POOL	3205	0.856349585	2,4,8,10,12,14,16	one ta liu pole ing too due
POOL	3206	0.856302293	1,2,5,10,13,15,16	were a car woe inc food ooh
POOL	3207	0.856268302	2,4,6,12,15,16	won ta re- growing too oooh
POOL	3208	0.856244967	1,6,10,11,16	too qatar go see to-do
POOL	3209	0.856240529	1,4,8,10,13,15,16	were at liu beau inc food ooh
POOL	3210	0.856229737	2,4,6,12,15,16	wah top re- growing too new
POOL	3211	0.856206816	1,2,6,11,16	were uh sorry go to-do
POOL	3212	0.856148904	2,6,10,14,16	wah sorry go into due
POOL	3213	0.856126655	2,4,10,11,16	won top lugo see to-do
POOL	3214	0.856104090	2,4,6,12,15,16	one top re- growing dude new
POOL	3215	0.856103041	2,4,8,10,14,16	one top eeg oh into due
POOL	3216	0.856069816	2,4,8,12,16	won top league owing to-do
POOL	3217	0.856048265	2,4,10,13,16	one top lugo inc to-do
POOL	3218	0.856014203	1,2,6,11,16	new a party go to-do
POOL	3219	0.856007044	2,6,10,12,16	wah party go in to-do
POOL	3220	0.855996205	2,6,10,15,16	wah sorry go into new
POOL	3221	0.855979660	4,6,10,13,16	watt re- go into to-do
POOL	3222	0.855970276	3,4,6,10,13,15,16	wac ahh re- go fink food ooh
POOL	3223	0.855967232	1,6,10,11,16	too qatar go a to-do
POOL	3224	0.855956816	1,2,6,11,16	new uh sorry go to-do
POOL	3225	0.855953664	2,5,8,10,12,16	rah car new oh in to-do
POOL	3226	0.855923216	4,6,10,11,16	whatsapp re- go if to-do
POOL	3227	0.855923216	4,6,10,11,16	whatsapp re- go in to-do
POOL	3228	0.855923216	4,6,10,11,16	whatsapp re- go is to-do
POOL	3229	0.855923216	4,6,10,11,16	whatsapp re- go it to-do
POOL	3230	0.855911854	2,6,10,11,16	one teri go see to-do
POOL	3231	0.855907910	2,4,6,11,16	one top re- goa to-do
POOL	3232	0.855885065	4,6,8,10,13,16	wut re- new oh inc tutu
POOL	3233	0.855881383	1,2,6,11,16	too uhh sorry go to-do
POOL	3234	0.855861842	1,4,8,10,13,15,16	were gut ree oh inc food ooh
POOL	3235	0.855855163	2,4,6,10,11,16	qua dar re- go a to-do
POOL	3236	0.855848920	2,4,10,11,16	won top lugo a to-do
POOL	3237	0.855844505	2,6,10,12,16	were sorry go king to-do
POOL	3238	0.855813182	2,4,8,12,16	one top liu owing to-do
POOL	3239	0.855799081	1,4,6,10,13,15,16	were at re- goo inc food ooh
POOL	3240	0.855790814	2,6,10,12,16	were party go ing to-do
POOL	3241	0.855788820	4,6,8,10,11,16	wit re- zoo oh a to-do
POOL	3242	0.855787765	2,4,6,12,15,16	were top re- growing too new
POOL	3243	0.855785731	2,6,8,12,16	one car too owing to-do
POOL	3244	0.855770527	2,4,6,12,15,16	wha top re- growing too new
POOL	3245	0.855763492	2,6,8,12,16	won car new owing to-do
POOL	3246	0.855747015	2,4,6,12,15,16	wah ta re- growing too new
POOL	3247	0.855737548	2,6,8,10,16	one sorry new oh to-do
POOL	3248	0.855724406	3,4,6,10,13,15,16	swat ahh re- go inc loot ooh
POOL	3249	0.855714835	4,6,10,11,16	whatcha re- go see to-do
POOL	3250	0.855712708	4,8,10,11,16	wut ryu oh see to-do
POOL	3251	0.855688592	3,4,6,10,12,16	wut ahh re- go din to-do
POOL	3252	0.855649039	2,4,6,12,15,16	wah top re- growing too ooh
POOL	3253	0.855634292	4,7,10,11,16	wut ryu go see to-do
POOL	3254	0.855632118	4,6,10,13,16	whatnot re- go inc to-do
POOL	3255	0.855621368	2,4,6,12,15,16	one ta re- growing dude new
POOL	3256	0.855597852	2,6,10,14,16	wha sorry go into due
POOL	3257	0.855565688	4,6,10,13,16	whatsapp re- go think to-do
POOL	3258	0.855543523	2,4,6,12,15,16	one top re- growing too ou
POOL	3259	0.855523392	2,4,6,12,15,16	one top re- growing dude ooh
POOL	3260	0.855503040	1,2,4,7,11,16	were a top u.s go to-do
POOL	3261	0.855492972	2,4,8,10,16	one top ryu oh to-do
POOL	3262	0.855486362	2,6,7,10,12,16	one starr new go in to-do
POOL	3263	0.855469404	3,6,10,11,16	want ari go see to-do
POOL	3264	0.855459662	4,6,8,10,11,16	wad re- new oh im to-do
POOL	3265	0.855455991	2,6,10,12,16	wha party go in to-do
POOL	3266	0.855445153	2,6,10,15,16	wha sorry go into new
POOL	3267	0.855439116	2,4,6,12,16	one top re- growing to-do
POOL	3268	0.855437100	4,6,10,11,16	whatcha re- go a to-do
POOL	3269	0.855434973	4,8,10,11,16	wut ryu oh a to-do
POOL	3270	0.855429629	2,4,6,12,15,16	one top re- growing too due
POOL	3271	0.855418824	1,2,4,6,10,16	were a top lore go to-do
POOL	3272	0.855414555	2,4,7,11,16	one top ryu go to-do
POOL	3273	0.855414476	2,4,10,11,16	one top hugo see to-do
POOL	3274	0.855412908	2,4,6,12,15,16	won top re- growing two new
POOL	3275	0.855388481	1,6,10,11,16	new qatar go i to-do
POOL	3276	0.855373623	2,6,10,14,16	why sorry go into due
POOL	3277	0.855360565	4,6,8,10,11,16	wut re- new shown a to-do
POOL	3278	0.855356557	4,7,10,11,16	wut ryu go a to-do
POOL	3279	0.855355004	3,6,10,13,16	wut ari go inc to-do
POOL	3280	0.855347680	2,4,6,12,15,16	one tom re- growing too new
POOL	3281	0.855321034	2,4,8,10,13,16	one top league oh inc dua
POOL	3282	0.855305043	2,4,6,12,15,16	were ta re- growing too new
POOL	3283	0.855304316	2,4,10,13,15,16	one top lugo inc food use
POOL	3284	0.855298416	4,6,8,10,13,16	whet re- aw oh inc to-do
POOL	3285	0.855291989	2,4,5,10,12,16	won top air go in to-do
POOL	3286	0.855287805	2,4,6,12,15,16	wha ta re- growing too new
POOL	3287	0.855261777	2,4,6,12,15,16	one top re- glowing too new
POOL	3288	0.855257718	2,6,10,15,16	won sorry go into oooh
POOL	3289	0.855220924	2,6,10,15,16	why sorry go into new
POOL	3290	0.855206816	1,2,6,11,16	we uh sorry go to-do
POOL	3291	0.855191669	3,6,10,11,16	want ari go a to-do
POOL	3292	0.855190852	2,4,6,10,16	won top early go to-do
POOL	3293	0.855184766	1,2,4,6,11,16	were a top re- wo to-do
POOL	3294	0.855156063	1,2,6,11,16	due a sorry go to-do
POOL	3295	0.855059684	1,2,4,8,10,12,16	won a ta liu oh ing due
POOL	3296	0.855056875	1,2,6,11,16	new a tawny go to-do
POOL	3297	0.855009936	2,4,5,10,12,16	won top air go ing to-do
POOL	3298	0.854974509	2,4,8,10,12,16	one top league ode in to-do
POOL	3299	0.854933219	2,4,5,10,12,16	won top or go ing to-do
POOL	3300	0.854929813	1,2,4,7,11,16	weir a top liu go to-do
POOL	3301	0.854876261	4,6,10,11,16	whatnot re- go i to-do
POOL	3302	0.854834382	2,6,10,14,16	won party go into due
POOL	3303	0.854814110	2,4,8,10,13,16	would top ri oh inc to-do
POOL	3304	0.854809267	2,4,5,10,12,16	won ta air go in to-do
POOL	3305	0.854803100	4,6,10,13,16	wet re- go into to-do
POOL	3306	0.854791283	2,6,10,14,16	well sorry go into due
POOL	3307	0.854699765	2,4,10,13,16	won top lugo inc to-do
POOL	3308	0.854697278	2,4,6,10,13,16	one top nie goat inc to-do
POOL	3309	0.854687942	1,2,6,11,16	too a party go to-do
POOL	3310	0.854681683	2,6,10,15,16	won party go into new
POOL	3311	0.854669944	2,6,10,15,16	wah sorry go into too
POOL	3312	0.854659131	1,2,6,11,16	new of sorry go to-do
POOL	3313	0.854659131	1,2,6,11,16	new up sorry go to-do
POOL	3314	0.854657611	2,4,8,10,12,16	one top lou show in to-do
POOL	3315	0.854655685	2,4,7,10,12,16	one top liu go sync to-do
POOL	3316	0.854638584	2,6,10,15,16	well sorry go into new
POOL	3317	0.854630555	1,2,6,11,16	too uh sorry go to-do
POOL	3318	0.854599147	3,6,10,11,16	wut ari go i to-do
POOL	3319	0.854566510	2,6,7,10,13,15,16	wot car ooh go inc words ooh
POOL	3320	0.854559410	2,4,6,11,16	won top re- goa to-do
POOL	3321	0.854527214	2,4,5,10,12,16	won ta air go ing to-do
POOL	3322	0.854495086	2,4,8,10,12,14,16	one come lu oh ing too due
POOL	3323	0.854471907	2,4,6,10,11,15,16	wow ta re- go a two's ooh
POOL	3324	0.854464683	2,4,8,12,16	won top liu owing to-do
POOL	3325	0.854450497	2,4,5,10,12,16	won ta or go ing to-do
POOL	3326	0.854437231	2,6,8,12,16	won car too owing to-do
POOL	3327	0.854411287	2,6,8,10,16	one sorry too oh to-do
POOL	3328	0.854395888	2,4,10,11,16	one ta lugo see to-do
POOL	3329	0.854393525	2,5,7,10,11,16	y car new go a to-do
POOL	3330	0.854391962	4,8,10,13,15,16	what're league oh inc food new
POOL	3331	0.854389048	2,6,8,10,16	won sorry new oh to-do
POOL	3332	0.854388481	1,6,10,11,16	new qatar go if to-do
POOL	3333	0.854388481	1,6,10,11,16	new qatar go in to-do
POOL	3334	0.854388481	1,6,10,11,16	new qatar go is to-do
POOL	3335	0.854388481	1,6,10,11,16	new qatar go it to-do
POOL	3336	0.854374390	1,6,10,11,16	ooh qatar go see to-do
POOL	3337	0.854360948	2,4,7,10,13,14,16	one ta liu so inc ooh due
POOL	3338	0.854347028	2,4,5,10,12,16	one top air go thing to-do
POOL	3339	0.854339049	2,4,8,12,16	one ta league owing to-do
POOL	3340	0.854337146	1,2,6,11,16	well a sorry go to-do
POOL	3341	0.854314626	2,6,10,14,16	wa sorry go into due
POOL	3342	0.854287945	4,6,10,13,16	whatcha re- go inc to-do
POOL	3343	0.854285818	4,8,10,13,16	wut ryu oh inc to-do
POOL	3344	0.854283206	2,4,7,10,13,14,16	whew on liu go inc ooh due
POOL	3345	0.854267008	4,6,10,12,16	whatsapp re- go ing to-do
POOL	3346	0.854245672	2,4,8,13,15,16	one top yue owing food new
POOL	3347	0.854232998	4,6,10,13,16	wut free go into to-do
POOL	3348	0.854207402	4,7,10,13,16	wut ryu go inc to-do
POOL	3349	0.854183868	1,2,6,11,16	way a sorry go to-do
POOL	3350	0.854176664	1,2,4,6,10,16	were a top re- glow to-do
POOL	3351	0.854161927	2,6,10,15,16	wa sorry go into new
POOL	3352	0.854144472	2,4,8,10,16	won top ryu oh to-do
POOL	3353	0.854129298	2,4,6,8,10,16	one cough re- whig oh to-do
POOL	3354	0.854118892	2,6,10,15,16	wha sorry go into too
POOL	3355	0.854096655	1,6,10,11,16	ooh qatar go a to-do
POOL	3356	0.854090617	2,4,6,12,16	won top re- growing to-do
POOL	3357	0.854066056	2,4,7,11,16	won top ryu go to-do
POOL	3358	0.854065976	2,4,10,11,16	won top hugo see to-do
POOL	3359	0.854062220	1,6,10,11,16	too qatar go i to-do
POOL	3360	0.854042514	3,6,10,13,16	want ari go inc to-do
POOL	3361	0.854040736	2,4,8,9,13,15,16	one ta liu ooh wilt food ooh
POOL	3362	0.854014908	1,2,6,11,16	new us sorry go to-do
POOL	3363	0.854010806	1,2,6,11,16	ooh uhh sorry go to-do
POOL	3364	0.854004364	4,6,10,13,16	wut year go into to-do
POOL	3365	0.853987586	2,4,10,13,16	one top hugo inc to-do
POOL	3366	0.853979464	4,6,10,13,16	wut real go into to-do
POOL	3367	0.853970557	2,4,6,10,13,16	rug spa re- go inc to-do
POOL	3368	0.853952952	2,5,7,10,11,16	one car new go le to-do
POOL	3369	0.853949142	2,4,6,10,13,15,16	war ta re- luo inc food ooh
POOL	3370	0.853943909	2,4,10,11,16	won top lugo i to-do
POOL	3371	0.853934880	2,4,10,13,16	one top lugo think to-do
POOL	3372	0.853934706	3,6,10,11,16	wut ali go see to-do
POOL	3373	0.853915154	2,6,8,12,16	one car ooh owing to-do
POOL	3374	0.853898584	4,6,10,13,16	whatsapp re- go ink to-do
POOL	3375	0.853894663	2,6,10,15,16	why sorry go into too
POOL	3376	0.853877054	2,6,10,14,16	won tawny go into due
POOL	3377	0.853876261	4,6,10,11,16	whatnot re- go if to-do
POOL	3378	0.853876261	4,6,10,11,16	whatnot re- go in to-do
POOL	3379	0.853876261	4,6,10,11,16	whatnot re- go is to-do
POOL	3380	0.853876261	4,6,10,11,16	whatnot re- go it to-do
POOL	3381	0.853864305	2,4,5,10,12,16	one ta air go thing to-do
POOL	3382	0.853800539	2,4,8,12,16	one top rig owing to-do
POOL	3383	0.853788241	2,4,10,11,16	won top hugo a to-do
POOL	3384	0.853762350	2,5,8,10,11,16	weigh car new oh a to-do
POOL	3385	0.853741001	2,4,8,9,11,15,16	one ta liu ooh we rude ooh
POOL	3386	0.853730613	1,2,6,11,16	too a tawny go to-do
POOL	3387	0.853724355	2,6,10,15,16	won tawny go into new
POOL	3388	0.853706857	4,6,7,10,13,15,16	wut re- ooh glows inc food ooh
POOL	3389	0.853669572	1,6,10,11,16	were utley go see to-do
POOL	3390	0.853656971	3,6,10,11,16	wut ali go a to-do
POOL	3391	0.853623017	4,6,10,12,16	whatsapp re- go thing to-do
POOL	3392	0.853599147	3,6,10,11,16	wut ari go if to-do
POOL	3393	0.853599147	3,6,10,11,16	wut ari go in to-do
POOL	3394	0.853599147	3,6,10,11,16	wut ari go is to-do
POOL	3395	0.853599147	3,6,10,11,16	wut ari go it to-do
POOL	3396	0.853557108	2,6,9,11,16	won sorry go we to-do
POOL	3397	0.853546979	2,6,7,10,13,15,16	war car ooh go e.'s food ooh
POOL	3398	0.853540026	2,4,6,10,12,15,16	wang ta re- go ing word ooh
POOL	3399	0.853532088	4,6,10,11,16	whatcha re- go i to-do
POOL	3400	0.853531090	2,4,6,10,16	one top very go to-do
POOL	3401	0.853529962	4,8,10,11,16	wut ryu oh i to-do
POOL	3402	0.853521245	2,4,8,10,15,16	one pop league oh into new
POOL	3403	0.853518733	4,6,10,13,16	whatnot re- go think to-do
POOL	3404	0.853516725	4,6,10,13,16	wot re- go into to-do
POOL	3405	0.853513712	2,6,7,10,13,15,16	one car ooh beaux inc food ooh
POOL	3406	0.853460085	2,4,6,10,16	one ta early go to-do
POOL	3407	0.853451545	4,7,10,11,16	wut ryu go i to-do
POOL	3408	0.853428921	2,5,10,11,16	one car hugo see to-do
POOL	3409	0.853419572	1,6,10,11,16	new utley go see to-do
POOL	3410	0.853364047	3,6,10,11,16	wut sorry go see to-do
POOL	3411	0.853355422	2,6,10,15,16	won party go into too
POOL	3412	0.853354113	4,6,10,11,16	wut re- ago see to-do
POOL	3413	0.853353757	2,4,6,8,13,15,16	we ta re- ooh winged food ooh
POOL	3414	0.853332870	1,2,6,11,16	too of sorry go to-do
POOL	3415	0.853332870	1,2,6,11,16	too up sorry go to-do
POOL	3416	0.853322990	2,5,8,10,13,15,16	one sol cue oh inc food ooh
POOL	3417	0.853312323	2,6,10,15,16	well sorry go into too
POOL	3418	0.853286658	3,6,10,11,16	want ari go i to-do
POOL	3419	0.853275836	4,6,8,10,12,16	wut re- new soul in to-do
POOL	3420	0.853268768	2,4,6,10,15,16	one top pre go into aw
POOL	3421	0.853263634	2,5,7,10,13,15,16	wut car yoo go inc food why
POOL	3422	0.853241619	3,6,10,13,16	wut ari go think to-do
POOL	3423	0.853216251	4,6,10,13,16	wut lee go into to-do
POOL	3424	0.853185754	2,4,6,7,11,16	wei top re- new go to-do
POOL	3425	0.853177636	2,6,8,12,16	one tar new owing to-do
POOL	3426	0.853168364	2,4,7,10,13,16	we top liu go ping to-do
POOL	3427	0.853141837	1,6,10,11,16	new utley go a to-do
POOL	3428	0.853134376	2,4,6,10,16	one top re- ago to-do
POOL	3429	0.853132950	2,4,7,10,13,15,16	ma ta liu go inc foods ooh
POOL	3430	0.853122063	2,4,8,10,11,16	one calm rogue oh a to-do
POOL	3431	0.853086312	3,6,10,11,16	wut sorry go a to-do
POOL	3432	0.853082495	4,6,8,12,16	wut re- new owing to-do
POOL	3433	0.853076378	4,6,10,11,16	wut re- ago a to-do
POOL	3434	0.853075988	3,4,8,10,13,15,16	word ahh liu oh inc food zoo
POOL	3435	0.853069229	4,6,10,11,16	whatsapp free go see to-do
POOL	3436	0.853062787	2,6,8,10,16	won sorry too oh to-do
POOL	3437	0.853062220	1,6,10,11,16	too qatar go if to-do
POOL	3438	0.853062220	1,6,10,11,16	too qatar go in to-do
POOL	3439	0.853062220	1,6,10,11,16	too qatar go is to-do
POOL	3440	0.853062220	1,6,10,11,16	too qatar go it to-do
POOL	3441	0.853047389	2,4,10,11,16	won ta lugo see to-do
POOL	3442	0.853045204	2,6,8,12,16	one tree new owing to-do
POOL	3443	0.852990549	2,4,8,12,16	won ta league owing to-do
POOL	3444	0.852977116	2,6,8,10,13,15,16	o car loo oh inc food ooh
POOL	3445	0.852968998	2,4,10,13,16	one ta lugo inc to-do
POOL	3446	0.852968097	2,4,5,10,12,16	wah top air go in to-do
POOL	3447	0.852968040	3,4,6,10,13,15,16	yacht ahh re- glow inc food ooh
POOL	3448	0.852964871	2,4,6,8,11,16	one tub re- egg oh to-do
POOL	3449	0.852957007	3,6,10,13,15,16	wut ari woah inc food new
POOL	3450	0.852943909	2,4,10,11,16	won top lugo if to-do
POOL	3451	0.852943909	2,4,10,11,16	won top lugo in to-do
POOL	3452	0.852943909	2,4,10,11,16	won top lugo is to-do
POOL	3453	0.852943909	2,4,10,11,16	won top lugo it to-do
POOL	3454	0.852919708	2,4,8,10,14,16	one dock league oh into due
POOL	3455	0.852908197	2,6,10,15,16	one sorry go include new
POOL	3456	0.852908101	1,6,10,11,16	oooh qatar go see to-do
POOL	3457	0.852893489	4,6,8,10,12,16	wut nie new oh been to-do
POOL	3458	0.852840595	4,6,10,11,16	whatsapp year go see to-do
POOL	3459	0.852835666	2,6,10,15,16	wa sorry go into too
POOL	3460	0.852828643	2,4,6,11,16	one ta re- goa to-do
POOL	3461	0.852818969	4,6,10,11,16	wut re- no-go see to-do
POOL	3462	0.852817365	1,2,6,11,16	ooh a party go to-do
POOL	3463	0.852815694	4,6,10,11,16	whatsapp real go see to-do
POOL	3464	0.852799367	2,6,10,15,16	wah sorry go into ooh
POOL	3465	0.852791494	4,6,10,11,16	whatsapp free go a to-do
POOL	3466	0.852769654	2,4,10,11,16	won ta lugo a to-do
POOL	3467	0.852759978	1,2,6,11,16	ooh uh sorry go to-do
POOL	3468	0.852752207	2,4,10,11,16	were top lugo see to-do
POOL	3469	0.852733915	2,4,8,12,16	one ta liu owing to-do
POOL	3470	0.852695368	2,4,8,12,16	were top league owing to-do
POOL	3471	0.852688647	1,2,6,11,16	too us sorry go to-do
POOL	3472	0.852686044	2,4,5,10,12,16	wah top air go ing to-do
POOL	3473	0.852669572	1,6,10,11,16	we utley go see to-do
POOL	3474	0.852660238	2,6,7,10,13,15,16	one r.'s boot go inc food ooh
POOL	3475	0.852641552	2,4,5,10,12,16	won top a go ing to-do
POOL	3476	0.852639086	2,4,10,13,16	won top hugo inc to-do
POOL	3477	0.852636200	2,4,10,12,16	one top lugo ing to-do
POOL	3478	0.852630366	1,6,10,11,16	oooh qatar go a to-do
POOL	3479	0.852625266	2,6,10,15,16	won sorry go into knew
POOL	3480	0.852622216	3,6,10,11,16	want ali go see to-do
POOL	3481	0.852609327	2,4,5,10,12,16	wah top or go ing to-do
POOL	3482	0.852603199	2,4,8,10,12,15,16	wear ta liu oh ing talk ooh
POOL	3483	0.852599232	2,4,6,10,16	one top re- no-go to-do
POOL	3484	0.852586381	2,4,10,13,16	won top lugo think to-do
POOL	3485	0.852566654	2,6,8,12,16	won car ooh owing to-do
POOL	3486	0.852562860	4,6,10,11,16	whatsapp year go a to-do
POOL	3487	0.852546422	3,4,6,10,13,15,16	luck ahh re- go inc food blue
POOL	3488	0.852544518	1,2,6,11,16	oooh uhh sorry go to-do
POOL	3489	0.852541234	4,6,10,11,16	wut re- no-go a to-do
POOL	3490	0.852540710	2,6,8,10,16	one sorry ooh oh to-do
POOL	3491	0.852537959	4,6,10,11,16	whatsapp real go a to-do
POOL	3492	0.852532088	4,6,10,11,16	whatcha re- go if to-do
POOL	3493	0.852532088	4,6,10,11,16	whatcha re- go in to-do
POOL	3494	0.852532088	4,6,10,13,16	whatcha re- go it to-do
POOL	3495	0.852529962	4,8,10,11,16	wut ryu oh if to-do
POOL	3496	0.852529962	4,8,10,11,16	wut ryu oh in to-do
POOL	3497	0.852529962	4,8,10,11,16	wut ryu oh is to-do
POOL	3498	0.852529962	4,8,10,11,16	wut ryu oh it to-do
POOL	3499	0.852516803	2,4,5,10,12,16	one top ur go ing to-do
POOL	3500	0.852511616	1,2,4,8,10,13,16	news' a ta liu oh inc booed
POOL	3501	0.852508887	2,4,5,10,12,16	wha top air go in to-do
POOL	3502	0.852507816	3,6,10,13,16	wut ali go inc to-do
POOL	3503	0.852491822	3,6,10,11,16	watt ari go see to-do
POOL	3504	0.852485375	2,4,5,10,12,16	wah ta air go in to-do
POOL	3505	0.852465030	2,4,5,10,12,16	one top yeah go ing to-do
POOL	3506	0.852452040	2,4,8,12,16	won top rig owing to-do
POOL	3507	0.852451545	4,7,10,11,16	wut ryu go if to-do
POOL	3508	0.852451545	4,7,10,11,16	wut ryu go in to-do
POOL	3509	0.852451545	4,7,10,11,16	wut ryu go is to-do
POOL	3510	0.852451545	4,7,10,11,16	wut ryu go it to-do
POOL	3511	0.852448866	2,6,8,12,16	one car oooh owing to-do
POOL	3512	0.852430504	2,4,8,10,13,15,16	whoa odd liu oh inc food ooh
POOL	3513	0.852429605	2,6,8,12,16	one car dog owing to-do
POOL	3514	0.852413705	2,4,8,10,16	one ta ryu oh to-do
POOL	3515	0.852398094	2,6,10,15,16	won tawny go into too
POOL	3516	0.852389944	2,4,5,10,12,16	won top air go thing to-do
POOL	3517	0.852389757	3,6,10,11,16	wut army go see to-do
POOL	3518	0.852389044	2,6,8,12,16	were car new owing to-do
POOL	3519	0.852359850	2,4,6,12,16	one ta re- growing to-do
POOL	3520	0.852344481	3,6,10,11,16	want ali go a to-do
POOL	3521	0.852339636	2,6,9,11,16	one sorry go way to-do
POOL	3522	0.852335289	2,4,7,11,16	one ta ryu go to-do
POOL	3523	0.852335209	2,4,10,11,16	one ta hugo see to-do
POOL	3524	0.852321799	1,2,6,11,16	were ahh sorry go to-do
POOL	3525	0.852313227	2,4,5,10,12,16	won top or go thing to-do
POOL	3526	0.852297088	4,6,10,13,16	wut re- go inter to-do
POOL	3527	0.852286658	3,6,10,11,16	want ari go if to-do
POOL	3528	0.852286658	3,6,10,11,16	want ari go in to-do
POOL	3529	0.852286658	3,6,10,11,16	want ari go is to-do
POOL	3530	0.852286658	3,6,10,11,16	want ari go it to-do
POOL	3531	0.852269927	2,4,6,9,11,16	one cob re- go we to-do
POOL	3532	0.852267777	2,4,10,13,16	one top lugo ink to-do
POOL	3533	0.852262929	2,4,7,10,12,16	one odd liu go in to-do
POOL	3534	0.852248315	2,6,10,15,16	wha sorry go into ooh
POOL	3535	0.852244072	2,4,5,10,12,16	were top air go ing to-do
POOL	3536	0.852243331	1,2,4,6,11,16	yah a trois re- go to-do
POOL	3537	0.852226834	2,4,5,10,12,16	wha top air go ing to-do
POOL	3538	0.852223384	1,2,4,6,8,12,16	wii a ta re- ooh own too
POOL	3539	0.852220053	4,6,10,12,16	whatnot re- go ing to-do
POOL	3540	0.852218482	1,2,6,11,16	were uhh party go to-do
POOL	3541	0.852214087	3,6,10,11,16	watt ari go a to-do
POOL	3542	0.852203322	2,4,5,10,12,16	wah ta air go ing to-do
POOL	3543	0.852202016	2,4,10,11,16	wah top lugo see to-do
POOL	3544	0.852191643	1,6,10,11,16	ooh qatar go i to-do
POOL	3545	0.852181809	2,4,8,9,13,15,16	one ta liu ooh inc ruled ooh
POOL	3546	0.852174560	4,6,10,13,16	whatcha re- go think to-do
POOL	3547	0.852172434	4,8,10,13,16	wut ryu oh think to-do
POOL	3548	0.852158830	2,4,5,10,12,16	won ta a go ing to-do
POOL	3549	0.852150116	2,4,5,10,12,16	wha top or go ing to-do
POOL	3550	0.852145177	2,4,8,12,16	wah top league owing to-do
POOL	3551	0.852126604	2,4,5,10,12,16	wah ta or go ing to-do
POOL	3552	0.852112022	3,6,10,11,16	wut army go a to-do
POOL	3553	0.852106246	2,4,7,13,15,16	one top liu growing food new
POOL	3554	0.852094017	4,7,10,13,16	wut ryu go think to-do
POOL	3555	0.852093311	1,6,10,11,16	too utley go see to-do
POOL	3556	0.852080421	2,5,10,11,16	won car hugo see to-do
POOL	3557	0.852076747	1,2,6,11,16	were awe sorry go to-do
POOL	3558	0.852071799	1,2,6,11,16	new ahh sorry go to-do
POOL	3559	0.852052482	4,6,10,11,16	whatsapp lee go see to-do
POOL	3560	0.852051558	3,6,10,11,16	want sorry go see to-do
POOL	3561	0.852034081	2,4,5,10,12,16	one ta ur go ing to-do
POOL	3562	0.852026164	2,4,5,10,12,16	wha ta air go in to-do
POOL	3563	0.852024086	2,6,10,15,16	why sorry go into ooh
POOL	3564	0.852013522	2,4,8,10,12,14,16	one ta liu oh ing too beau
POOL	3565	0.852002031	2,5,10,13,16	one car hugo inc to-do
POOL	3566	0.851996280	2,4,6,9,11,16	one top re- woe we to-do
POOL	3567	0.851992210	2,4,10,12,16	one top lugo thing to-do
POOL	3568	0.851982308	2,4,5,10,12,16	one ta yeah go ing to-do
POOL	3569	0.851979495	2,4,6,10,11,16	one top knee glow a to-do
POOL	3570	0.851968482	1,2,6,11,16	new uhh party go to-do
POOL	3571	0.851965523	1,2,6,11,16	were ah sorry go to-do
POOL	3572	0.851937157	3,6,10,13,16	wut sorry go inc to-do
POOL	3573	0.851929130	3,6,10,13,16	want ari go think to-do
POOL	3574	0.851927223	4,6,10,13,16	wut re- ago inc to-do
POOL	3575	0.851924281	2,4,10,11,16	wah top lugo a to-do
POOL	3576	0.851918586	2,5,7,10,11,16	yah car new go sea to-do
POOL	3577	0.851907222	2,4,5,10,12,16	won ta air go thing to-do
POOL	3578	0.851899778	2,5,8,10,12,16	one car new oh yang to-do
POOL	3579	0.851895388	1,6,10,11,16	were tawny go see to-do
POOL	3580	0.851883229	2,4,10,11,16	won top hugo i to-do
POOL	3581	0.851874201	2,4,10,13,16	one top hugo think to-do
POOL	3582	0.851860037	1,2,6,11,16	ooh a tawny go to-do
POOL	3583	0.851851629	4,6,10,13,16	whatnot re- go ink to-do
POOL	3584	0.851851375	2,6,8,12,16	one tar too owing to-do
POOL	3585	0.851846397	2,4,6,8,10,13,16	woe ta re- ooh oh inc o.
POOL	3586	0.851840873	2,4,7,10,13,14,16	whoa ta threw go inc ooh due
POOL	3587	0.851838853	2,6,8,12,16	wah car new owing to-do
POOL	3588	0.851830505	2,4,5,10,12,16	won ta or go thing to-do
POOL	3589	0.851829136	2,6,8,12,16	won tar new owing to-do
POOL	3590	0.851826747	1,2,6,11,16	new awe sorry go to-do
POOL	3591	0.851824532	1,2,6,10,11,15,16	were a car go a rood ooh
POOL	3592	0.851822092	2,4,5,10,12,16	one top raw go ing to-do
POOL	3593	0.851819655	4,6,10,11,16	wut re- go-go see to-do
POOL	3594	0.851815575	1,6,10,11,16	too utley go a to-do
POOL	3595	0.851806932	2,4,10,11,16	one top rio see to-do
POOL	3596	0.851803987	2,4,5,10,12,16	one tom air go ing to-do
POOL	3597	0.851802686	2,5,10,11,16	won car hugo a to-do
POOL	3598	0.851795496	4,6,10,13,16	wut re- go e-ink to-do
POOL	3599	0.851791861	1,2,6,10,13,16	were a car ow inc to-do
POOL	3600	0.851785877	2,4,6,10,16	won top re- ago to-do
POOL	3601	0.851774747	4,6,10,11,16	whatsapp lee go a to-do
POOL	3602	0.851773822	3,6,10,11,16	want sorry go a to-do
POOL	3603	0.851763799	2,4,8,9,13,15,16	one ah ewe ooh inc food ooh
POOL	3604	0.851761349	2,4,5,10,12,16	were ta air go ing to-do
POOL	3605	0.851756234	4,6,8,12,16	wut re- too owing to-do
POOL	3606	0.851751959	3,6,10,11,16	wut ali go i to-do
POOL	3607	0.851747704	1,4,6,11,16	were uh-uh re- go to-do
POOL	3608	0.851744111	2,4,5,10,12,16	wha ta air go ing to-do
POOL	3609	0.851728033	2,6,9,11,16	one sorry go why to-do
POOL	3610	0.851718943	2,6,8,12,16	one tree too owing to-do
POOL	3611	0.851715523	1,2,6,11,16	new ah sorry go to-do
POOL	3612	0.851696704	2,6,8,12,16	won tree new owing to-do
POOL	3613	0.851667394	2,4,5,10,12,16	wha ta or go ing to-do
POOL	3614	0.851650964	2,4,10,11,16	wha top lugo see to-do
POOL	3615	0.851645388	1,6,10,11,16	new tawny go see to-do
POOL	3616	0.851642339	4,6,10,13,16	whatsapp free go inc to-do
POOL	3617	0.851620499	2,4,10,13,16	won ta lugo inc to-do
POOL	3618	0.851599919	2,4,6,10,16	one top re- go-go to-do
POOL	3619	0.851594124	2,4,8,12,16	wha top league owing to-do
POOL	3620	0.851581936	2,6,10,15,16	one sorry go include too
POOL	3621	0.851576063	4,6,10,12,16	whatnot re- go thing to-do
POOL	3622	0.851574515	3,6,10,13,16	wut ari go ink to-do
POOL	3623	0.851571228	1,6,10,11,16	who qatar go see to-do
POOL	3624	0.851559697	2,6,10,15,16	won sorry go include new
POOL	3625	0.851544737	2,4,6,10,12,16	ugh hah re- go in to-do
POOL	3626	0.851541920	4,6,10,11,16	wut re- go-go a to-do
POOL	3627	0.851497704	1,4,6,11,16	new uh-uh re- go to-do
POOL	3628	0.851484845	2,6,10,15,16	won party go into ooh
POOL	3629	0.851480143	2,4,6,11,16	won ta re- goa to-do
POOL	3630	0.851473927	1,6,10,11,16	due qatar go see to-do
POOL	3631	0.851462293	1,2,6,11,16	ooh of sorry go to-do
POOL	3632	0.851462293	1,2,6,11,16	ooh up sorry go to-do
POOL	3633	0.851460216	2,6,10,15,16	won sorry go into ou
POOL	3634	0.851460103	4,6,10,11,16	wut re- lugo see to-do
POOL	3635	0.851442107	1,2,6,10,12,16	weep a car go ting to-do
POOL	3636	0.851441746	2,6,10,15,16	well sorry go into ooh
POOL	3637	0.851426735	2,4,10,11,16	why top lugo see to-do
POOL	3638	0.851422636	4,8,10,11,16	watt ryu oh see to-do
POOL	3639	0.851413705	4,6,10,13,16	whatsapp year go inc to-do
POOL	3640	0.851412703	2,4,6,9,13,15,16	we ta re- gore inc food ooh
POOL	3641	0.851392079	4,6,10,13,16	wut re- no-go inc to-do
POOL	3642	0.851388804	4,6,10,13,16	whatsapp real go inc to-do
POOL	3643	0.851385416	2,4,8,12,16	won ta liu owing to-do
POOL	3644	0.851373229	2,4,10,11,16	wha top lugo a to-do
POOL	3645	0.851369895	2,4,8,12,16	why top league owing to-do
POOL	3646	0.851367653	1,6,10,11,16	new tawny go a to-do
POOL	3647	0.851351076	1,2,6,11,16	oooh a party go to-do
POOL	3648	0.851344220	4,7,10,11,16	watt ryu go see to-do
POOL	3649	0.851333079	2,6,10,15,16	wah sorry go into oooh
POOL	3650	0.851325317	2,4,10,13,16	were top lugo inc to-do
POOL	3651	0.851322003	2,6,7,10,12,16	one car lose go in to-do
POOL	3652	0.851321799	1,2,6,11,16	we ahh sorry go to-do
POOL	3653	0.851315262	3,6,10,11,16	wet ari go see to-do
POOL	3654	0.851293690	1,2,6,11,16	oooh uh sorry go to-do
POOL	3655	0.851291454	4,6,8,10,12,16	wap re- new au in to-do
POOL	3656	0.851287801	2,6,8,12,16	wha car new owing to-do
POOL	3657	0.851287700	2,4,10,12,16	won top lugo ing to-do
POOL	3658	0.851279516	2,4,10,11,16	one tom lugo see to-do
POOL	3659	0.851270730	4,6,10,13,16	whatsapp re- go eat to-do
POOL	3660	0.851261154	1,2,6,11,16	were uhh tawny go to-do
POOL	3661	0.851255943	2,6,8,12,16	one car puig owing to-do
POOL	3662	0.851250733	2,4,6,10,16	won top re- no-go to-do
POOL	3663	0.851240367	2,4,6,11,16	one top re- lugo to-do
POOL	3664	0.851236825	1,6,10,11,16	new utley go i to-do
POOL	3665	0.851222676	2,4,8,12,16	one tom league owing to-do
POOL	3666	0.851218532	1,2,6,8,12,16	pooh a car new own to-do
POOL	3667	0.851218482	1,2,6,11,16	we uhh party go to-do
POOL	3668	0.851211275	2,4,7,10,13,15,16	one dumb lose go inc food ooh
POOL	3669	0.851208084	4,6,8,10,15,16	wut re- twig oh into new
POOL	3670	0.851207644	1,2,6,11,16	who uhh sorry go to-do
POOL	3671	0.851196192	1,6,10,11,16	due qatar go a to-do
POOL	3672	0.851195326	3,6,10,13,16	want ali go inc to-do
POOL	3673	0.851192210	2,6,8,10,16	won sorry ooh oh to-do
POOL	3674	0.851191643	1,6,10,11,16	ooh qatar go if to-do
POOL	3675	0.851191643	1,6,10,11,16	ooh qatar go in to-do
POOL	3676	0.851191643	1,6,10,11,16	ooh qatar go is to-do
POOL	3677	0.851191643	1,6,10,11,16	ooh qatar go it to-do
POOL	3678	0.851184962	2,4,6,11,16	were top re- goa to-do
POOL	3679	0.851182368	4,6,10,11,16	wut re- lugo a to-do
POOL	3680	0.851181300	3,6,10,11,16	wut sorry go i to-do
POOL	3681	0.851171366	4,6,10,11,16	wut re- ago i to-do
POOL	3682	0.851170571	2,6,8,10,13,16	rah car poo oh inc to-do
POOL	3683	0.851149000	2,4,10,11,16	why top lugo a to-do
POOL	3684	0.851146203	2,4,8,10,13,15,16	one tart liu doe inc food ooh
POOL	3685	0.851144901	4,8,10,11,16	watt ryu oh a to-do
POOL	3686	0.851139987	1,2,5,10,13,15,16	way a car ro inc food ooh
POOL	3687	0.851132400	4,8,10,11,16	wut ryu know see to-do
POOL	3688	0.851110343	1,2,6,11,16	due uhh sorry go to-do
POOL	3689	0.851100366	2,6,8,12,16	won car oooh owing to-do
POOL	3690	0.851090235	2,4,8,12,16	were top liu owing to-do
POOL	3691	0.851081106	2,6,8,12,16	won car dog owing to-do
POOL	3692	0.851077268	3,6,10,11,16	want army go see to-do
POOL	3693	0.851076747	1,2,6,11,16	we awe sorry go to-do
POOL	3694	0.851074438	4,6,10,13,16	wut ree go into to-do
POOL	3695	0.851074421	2,6,8,10,16	one sorry oooh oh to-do
POOL	3696	0.851066485	4,7,10,11,16	watt ryu go a to-do
POOL	3697	0.851065205	2,4,8,10,16	won ta ryu oh to-do
POOL	3698	0.851064932	3,6,10,13,16	watt ari go inc to-do
POOL	3699	0.851063572	2,6,8,12,16	why car new owing to-do
POOL	3700	0.851062783	2,6,8,12,16	were car too owing to-do
POOL	3701	0.851055161	2,6,8,10,16	one sorry dog oh to-do
POOL	3702	0.851049858	1,2,6,7,10,14,16	well a car ooh go tu due
POOL	3703	0.851042647	2,5,10,11,16	one car lugo see to-do
POOL	3704	0.851037527	3,6,10,11,16	wet ari go a to-do
POOL	3705	0.851022274	4,6,10,11,16	whatnot free go see to-do
POOL	3706	0.851014691	2,6,8,12,16	one car due owing to-do
POOL	3707	0.851014600	2,6,8,10,16	were sorry new oh to-do
POOL	3708	0.851011350	2,4,6,12,16	won ta re- growing to-do
POOL	3709	0.851011154	1,2,6,11,16	new uhh tawny go to-do
POOL	3710	0.850999354	2,4,10,11,16	one too lugo see to-do
POOL	3711	0.850991136	2,6,9,11,16	won sorry go way to-do
POOL	3712	0.850986789	2,4,7,11,16	won ta ryu go to-do
POOL	3713	0.850986709	2,4,10,11,16	won ta hugo see to-do
POOL	3714	0.850980229	2,6,8,10,13,16	juan ar new oh inc to-do
POOL	3715	0.850967655	1,2,6,11,16	were uh party go to-do
POOL	3716	0.850965523	1,2,6,11,16	we ah sorry go to-do
POOL	3717	0.850965089	2,6,10,15,16	wa sorry go into ooh
POOL	3718	0.850962867	3,6,10,13,16	wut army go inc to-do
POOL	3719	0.850942514	2,4,8,12,16	one too league owing to-do
POOL	3720	0.850919277	2,4,10,13,16	won top lugo ink to-do
POOL	3721	0.850912664	2,4,8,10,16	one top ryu know to-do
POOL	3722	0.850909743	2,6,10,14,16	wah party go into due
POOL	3723	0.850908319	2,4,10,13,16	one ta hugo inc to-do
POOL	3724	0.850895388	1,6,10,11,16	we tawny go see to-do
POOL	3725	0.850886482	4,6,10,11,16	whatsapp free go i to-do
POOL	3726	0.850883229	2,4,10,11,16	won top hugo if to-do
POOL	3727	0.850883229	2,4,10,11,16	won top hugo in to-do
POOL	3728	0.850883229	2,4,10,11,16	won top hugo is to-do
POOL	3729	0.850883229	2,4,10,11,16	won top hugo it to-do
POOL	3730	0.850875880	4,6,10,12,16	whatcha re- go ing to-do
POOL	3731	0.850874344	1,2,6,10,11,16	were a car wo sea to-do
POOL	3732	0.850873753	4,8,10,12,16	wut ryu oh ing to-do
POOL	3733	0.850864642	2,4,10,11,16	won ta lugo i to-do
POOL	3734	0.850855614	2,4,10,13,16	one ta lugo think to-do
POOL	3735	0.850854665	4,8,10,11,16	wut ryu know a to-do
POOL	3736	0.850844395	2,4,10,11,16	well top lugo see to-do
POOL	3737	0.850838485	2,4,8,12,16	one top league showing to-do
POOL	3738	0.850819879	1,2,6,10,12,16	were app car go en to-do
POOL	3739	0.850818630	1,2,6,11,16	new a car goa to-do
POOL	3740	0.850818070	1,2,6,11,16	ooh us sorry go to-do
POOL	3741	0.850799532	3,6,10,11,16	want army go a to-do
POOL	3742	0.850793640	4,6,10,11,16	whatnot year go see to-do
POOL	3743	0.850787555	2,4,8,12,16	well top league owing to-do
POOL	3744	0.850782026	2,6,10,15,16	wha sorry go into oooh
POOL	3745	0.850775126	2,4,10,13,16	wah top lugo inc to-do
POOL	3746	0.850770024	2,4,8,10,16	were top ryu oh to-do
POOL	3747	0.850768740	4,6,10,11,16	whatnot real go see to-do
POOL	3748	0.850757044	2,6,10,15,16	wah party go into new
POOL	3749	0.850753890	4,6,7,10,11,16	wut were new go il to-do
POOL	3750	0.850751959	3,6,10,11,16	wut ali go if to-do
POOL	3751	0.850751959	3,6,10,11,16	wut ali go in to-do
POOL	3752	0.850751959	3,6,10,11,16	wut ali go is to-do
POOL	3753	0.850751959	3,6,10,11,16	wut ali go it to-do
POOL	3754	0.850751766	1,4,6,11,16	were ta-ta re- go to-do
POOL	3755	0.850748395	2,4,6,10,12,16	one ah re- ohh in to-do
POOL	3756	0.850747704	1,4,6,11,16	we uh-uh re- go to-do
POOL	3757	0.850745538	1,2,6,11,16	too ahh sorry go to-do
POOL	3758	0.850744539	4,6,10,11,16	whatnot free go a to-do
POOL	3759	0.850739924	2,4,8,11,16	one top league only to-do
POOL	3760	0.850725355	1,6,10,11,16	oooh qatar go i to-do
POOL	3761	0.850721273	2,4,8,12,16	one ta rig owing to-do
POOL	3762	0.850717655	1,2,6,10,16	new uh party go to-do
POOL	3763	0.850716169	2,4,6,12,16	were top re- growing to-do
POOL	3764	0.850708974	2,4,10,11,16	won ta hugo a to-do
POOL	3765	0.850691608	2,4,7,11,16	were top ryu go to-do
POOL	3766	0.850691528	2,4,10,11,16	were top hugo see to-do
POOL	3767	0.850657848	4,6,10,11,16	whatsapp year go i to-do
POOL	3768	0.850655010	1,6,10,11,16	well qatar go see to-do
POOL	3769	0.850654997	2,4,10,11,16	was top lugo see to-do
POOL	3770	0.850653531	2,5,10,13,16	won car hugo inc to-do
POOL	3771	0.850643710	2,4,10,12,16	won top lugo thing to-do
POOL	3772	0.850642221	1,2,6,10,16	too uhh party go to-do
POOL	3773	0.850636222	4,6,10,11,16	wut re- no-go i to-do
POOL	3774	0.850634771	2,4,6,11,16	wah top re- goa to-do
POOL	3775	0.850625592	4,6,10,13,16	whatsapp lee go inc to-do
POOL	3776	0.850624667	3,6,10,13,16	want sorry go inc to-do
POOL	3777	0.850598158	2,4,8,12,16	was top league owing to-do
POOL	3778	0.850578189	2,6,7,10,13,15,16	wet car ooh go inc food tube
POOL	3779	0.850575521	2,4,10,12,16	one top hugo ing to-do
POOL	3780	0.850569388	2,4,10,11,16	a top lugo see to-do
POOL	3781	0.850566660	2,4,10,11,16	well top lugo a to-do
POOL	3782	0.850557797	2,6,10,15,16	why sorry go into oooh
POOL	3783	0.850544131	2,4,6,11,16	one top re- goalie to-do
POOL	3784	0.850540043	2,4,8,12,16	wah top liu owing to-do
POOL	3785	0.850532162	2,6,8,12,16	one car new showing to-do
POOL	3786	0.850529337	2,6,7,10,11,16	one car new own a to-do
POOL	3787	0.850527517	2,6,10,15,16	won tawny go into ooh
POOL	3788	0.850526842	2,6,8,12,16	one carl new owing to-do
POOL	3789	0.850525701	2,4,10,13,16	won top hugo think to-do
POOL	3790	0.850512592	2,6,8,12,16	wah car too owing to-do
POOL	3791	0.850512548	2,4,8,12,16	a top league owing to-do
POOL	3792	0.850507457	4,6,10,13,16	whatcha re- go ink to-do
POOL	3793	0.850505330	4,8,10,13,16	wut ryu oh ink to-do
POOL	3794	0.850502875	2,6,8,12,16	won tar too owing to-do
POOL	3795	0.850501766	1,4,6,11,16	new ta-ta re- go to-do
POOL	3796	0.850500486	1,2,6,10,16	too awe sorry go to-do
POOL	3797	0.850498386	2,6,8,10,16	one party new oh to-do
POOL	3798	0.850492854	2,4,8,9,13,15,16	one ta liu so inc food ooh
POOL	3799	0.850481232	2,6,8,12,16	well car new owing to-do
POOL	3800	0.850468998	4,8,10,13,15,16	wut ruger oh link food new
POOL	3801	0.850464409	2,6,8,10,16	wah sorry new oh to-do
POOL	3802	0.850458432	2,4,10,11,16	won top rio see to-do
POOL	3803	0.850451535	3,4,8,10,12,16	word ahh league oh in to-do
POOL	3804	0.850439470	3,6,10,11,16	want ali go i to-do
POOL	3805	0.850427020	2,4,7,10,15,16	one tea liu go into new
POOL	3806	0.850426914	4,7,10,13,16	wut ryu go ink to-do
POOL	3807	0.850410555	1,2,6,10,12,16	were eh r. go in to-do
POOL	3808	0.850394431	3,6,10,13,16	wut ali go think to-do
POOL	3809	0.850393748	1,2,6,10,16	oooh a tawny go to-do
POOL	3810	0.850392765	4,6,10,13,16	wut re- go-go inc to-do
POOL	3811	0.850389261	1,2,6,10,16	too ah sorry go to-do
POOL	3812	0.850382863	1,2,4,6,11,16	whip umm top re- go to-do
POOL	3813	0.850380042	2,4,10,13,16	one top rio inc to-do
POOL	3814	0.850379533	2,6,9,11,16	won sorry go why to-do
POOL	3815	0.850370778	2,4,8,9,10,13,16	one ta liu ooh a inc jew
POOL	3816	0.850370443	2,6,8,12,16	won tree too owing to-do
POOL	3817	0.850367738	2,4,10,11,16	wa top lugo see to-do
POOL	3818	0.850358690	2,6,10,14,16	wha party go into due
POOL	3819	0.850349836	1,2,6,12,16	new a car growing to-do
POOL	3820	0.850321183	2,4,6,7,11,16	hwa top pre new go to-do
POOL	3821	0.850310899	2,4,8,12,16	wa top league owing to-do
POOL	3822	0.850309075	3,6,10,11,16	watt ari go i. to-do
POOL	3823	0.850291834	2,6,8,12,16	was car new owing to-do
POOL	3824	0.850291426	1,2,6,10,16	well uhh sorry go to-do
POOL	3825	0.850262026	3,6,10,13,16	want ari go ink to-do
POOL	3826	0.850261154	1,2,6,10,16	we uhh tawny go to-do
POOL	3827	0.850251419	2,4,6,10,16	won top re- go-go to-do
POOL	3828	0.850247122	2,4,10,11,16	one top ego see to-do
POOL	3829	0.850246077	4,8,10,11,16	wet ryu oh see to-do
POOL	3830	0.850233436	2,6,10,15,16	won sorry go include too
POOL	3831	0.850231890	4,6,10,12,16	whatcha re- go thing to-do
POOL	3832	0.850229763	4,8,10,12,16	wut ryu oh thing to-do
POOL	3833	0.850224074	2,4,10,13,16	wha top lugo inc to-do
POOL	3834	0.850219833	2,4,8,10,16	wah top ryu oh to-do
POOL	3835	0.850214013	2,5,10,11,16	one car no-go see to-do
POOL	3836	0.850207097	2,4,10,13,16	one top hugo ink to-do
POOL	3837	0.850206225	2,6,8,12,16	a car new owing to-do
POOL	3838	0.850205991	2,6,10,15,16	wha party go into new
POOL	3839	0.850198836	4,6,8,10,11,15,16	wat re- ooh oh a rood ooh
POOL	3840	0.850181300	3,6,10,13,16	wut sorry go it to-do
POOL	3841	0.850180697	2,4,10,11,16	won top rio a to-do
POOL	3842	0.850171442	1,4,6,11,16	too uh-uh re- go to-do
POOL	3843	0.850171366	4,6,10,13,16	wut re- ago it to-do
POOL	3844	0.850167660	4,7,10,11,16	wet ryu go see to-do
POOL	3845	0.850165978	2,4,6,12,16	wah top re- growing to-do
POOL	3846	0.850141417	2,4,7,11,16	wah top ryu go to-do
POOL	3847	0.850141337	2,4,10,11,16	wah top hugo see to-do
POOL	3848	0.850134461	2,6,10,14,16	why party go into due
POOL	3849	0.850090003	2,4,10,11,16	wa top lugo a to-do
POOL	3850	0.850083719	2,4,6,11,16	wha top re- goa to-do
POOL	3851	0.850069474	2,4,8,12,16	one top league knowing to-do
POOL	3852	0.850055110	2,4,6,10,16	one ta re- ago to-do
POOL	3853	0.850052382	4,6,7,10,12,16	ta re- new go young to-do
POOL	3854	0.850033213	4,6,10,13,16	wut re- lugo inc to-do
POOL	3855	0.850019270	2,4,10,11,16	wah top lugo i to-do
POOL	3856	0.850018557	2,6,10,15,16	won party go into oooh
POOL	3857	0.850004575	2,6,8,12,16	wa car new owing to-do
POOL	3858	0.849999845	2,4,10,13,16	why top lugo inc to-do
POOL	3859	0.849995746	4,8,10,13,16	watt ryu oh inc to-do
POOL	3860	0.849988991	2,4,8,12,16	wha top liu owing to-do
POOL	3861	0.849980798	2,6,8,12,16	one tar ooh owing to-do
POOL	3862	0.849975457	2,6,10,15,16	well sorry go into oooh
POOL	3863	0.849970958	4,8,10,13,16	wut league oh into to-do
POOL	3864	0.849968342	4,8,10,11,16	wet ryu oh a to-do
POOL	3865	0.849964272	1,2,4,7,11,16	were en top liu go to-do
POOL	3866	0.849961540	2,6,8,12,16	wha car too owing to-do
POOL	3867	0.849952414	2,6,10,14,16	wah tawny go into due
POOL	3868	0.849942926	4,6,10,13,16	watt free go into to-do
POOL	3869	0.849940442	2,4,8,10,12,14,16	one ta liu oh ing hoo due
POOL	3870	0.849936127	4,6,10,14,16	whatsapp re- go into due
POOL	3871	0.849931531	2,4,10,12,16	one top hugo thing to-do
POOL	3872	0.849931016	2,4,10,11,16	won tom lugo see to-do
POOL	3873	0.849917330	4,7,10,13,16	watt ryu go inc to-do
POOL	3874	0.849913356	2,6,8,10,16	wha sorry new oh to-do
POOL	3875	0.849908362	2,6,10,14,16	won sorry go into doo
POOL	3876	0.849907444	2,6,8,12,16	won car puig owing to-do
POOL	3877	0.849897675	2,5,10,11,16	won car hugo i to-do
POOL	3878	0.849895162	4,6,8,10,12,16	wut run deux oh in to-do
POOL	3879	0.849891867	2,4,6,11,16	won top re- lugo to-do
POOL	3880	0.849889925	4,7,10,11,16	wet ryu go a to-do
POOL	3881	0.849888646	2,5,10,13,16	one car hugo think to-do
POOL	3882	0.849888372	3,6,10,13,16	wet ari go inc to-do
POOL	3883	0.849886482	4,6,10,13,16	whatsapp free go it to-do
POOL	3884	0.849885657	4,6,8,12,16	wut re- ooh owing to-do
POOL	3885	0.849881499	2,6,8,10,16	one sorry puig oh to-do
POOL	3886	0.849877432	2,5,8,10,13,15,16	wad car yoo oh inc boo ooh
POOL	3887	0.849874177	2,4,8,12,16	won tom league owing to-do
POOL	3888	0.849871176	2,4,6,11,16	one top free goa to-do
POOL	3889	0.849864642	2,4,10,11,16	won ta lugo in. to-do
POOL	3890	0.849864642	2,4,10,11,16	won ta lugo is to-do
POOL	3891	0.849864642	2,4,10,11,16	won ta lugo it to-do
POOL	3892	0.849859490	2,4,6,11,16	why top re- goa to-do
POOL	3893	0.849852626	2,4,10,13,16	one tom lugo inc to-do
POOL	3894	0.849848366	2,6,8,12,16	one tree ooh owing to-do
POOL	3895	0.849831152	3,4,6,10,12,16	wut an re- go in to-do
POOL	3896	0.849823772	3,6,10,13,16	wut sorry go think to-do
POOL	3897	0.849816414	2,6,8,12,16	one car knew owing to-do
POOL	3898	0.849813838	4,6,10,13,16	wut re- ago think to-do
POOL	3899	0.849799716	2,6,10,15,16	wah tawny go into new
POOL	3900	0.849783429	4,6,10,15,16	whatsapp re- go into new
POOL	3901	0.849772483	2,6,8,10,13,15,16	luck taj ooh oh inc food ooh
POOL	3902	0.849764762	2,4,8,12,16	why top liu owing to-do
POOL	3903	0.849763492	2,6,8,12,16	won car who owing to-do
POOL	3904	0.849763150	2,6,8,12,16	one car new knowing to-do
POOL	3905	0.849751766	1,4,6,11,16	we ta-ta re- go to-do
POOL	3906	0.849737311	2,6,8,12,16	why car too owing to-do
POOL	3907	0.849725922	2,6,8,10,16	won sorry oooh oh to-do
POOL	3908	0.849714292	4,6,10,13,16	watt year go into to-do
POOL	3909	0.849712271	2,4,6,11,16	one tom re- goa to-do
POOL	3910	0.849711359	2,6,10,15,16	one sorry go include ooh
POOL	3911	0.849706661	2,6,8,10,16	won sorry dog oh to-do
POOL	3912	0.849705510	4,8,10,13,16	wut ryu know inc to-do
POOL	3913	0.849703597	2,4,8,10,13,16	one ahh league oh feat to-do
POOL	3914	0.849694148	2,5,10,11,16	won car lugo see to-do
POOL	3915	0.849689392	4,6,10,13,16	watt real go into to-do
POOL	3916	0.849689127	2,6,8,10,16	why sorry new oh to-do
POOL	3917	0.849688339	2,6,8,10,16	were sorry too oh to-do
POOL	3918	0.849668780	2,4,8,10,16	wha top ryu oh to-do
POOL	3919	0.849668365	2,6,8,12,16	won car two owing to-do
POOL	3920	0.849666191	2,6,8,12,16	won car due owing to-do
POOL	3921	0.849657848	4,6,10,13,16	whatsapp year go it to-do
POOL	3922	0.849650378	3,6,10,13,16	want army go inc to-do
POOL	3923	0.849642543	2,4,6,11,16	one top year goa to-do
POOL	3924	0.849640247	2,6,8,10,16	one sorry due oh to-do
POOL	3925	0.849639923	2,4,10,13,16	one top lugo eat to-do
POOL	3926	0.849639384	2,4,8,12,16	one top log owing to-do
POOL	3927	0.849638796	4,6,7,10,11,16	wap wrong new go a to-do
POOL	3928	0.849636222	4,6,10,13,16	wut re- no-go it to-do
POOL	3929	0.849632948	4,6,10,13,16	whatsapp real go it to-do
POOL	3930	0.849632468	2,6,9,11,16	wah sorry go we to-do
POOL	3931	0.849624603	2,4,8,9,13,15,16	one ta liu ooh inc food ore
POOL	3932	0.849617642	2,4,6,11,16	one top real goa to-do
POOL	3933	0.849617543	2,4,8,12,16	one tom liu owing to-do
POOL	3934	0.849616101	2,4,8,12,16	were ta league owing to-do
POOL	3935	0.849615757	2,5,10,13,16	one car lugo inc to-do
POOL	3936	0.849614925	2,4,6,12,16	wha top re- growing to-do
POOL	3937	0.849595384	4,6,10,13,16	whatnot free go inc to-do
POOL	3938	0.849594015	2,4,8,12,16	won too league owing to-do
POOL	3939	0.849590364	2,4,7,11,16	wha top ryu go to-do
POOL	3940	0.849580632	3,6,7,10,13,15,16	wut lee ooh go aunt food ooh
POOL	3941	0.849572464	2,4,10,13,16	one too lugo inc to-do
POOL	3942	0.849564164	2,4,8,10,16	won top ryu know to-do
POOL	3943	0.849559819	2,4,10,13,16	won ta hugo inc to-do
POOL	3944	0.849556933	2,4,10,12,16	one ta lugo ing to-do
POOL	3945	0.849552121	2,6,10,14,16	well party go into due
POOL	3946	0.849543257	3,4,8,10,11,16	wut ahh lieu oh inn to-do
POOL	3947	0.849541058	2,6,8,10,16	one tawny new oh to-do
POOL	3948	0.849534903	2,6,7,10,13,15,16	one cree ooh go bent food ooh
POOL	3949	0.849528954	4,6,10,13,16	whatsapp free go think to-do
POOL	3950	0.849523273	2,6,8,10,16	one sorry new owe to-do
POOL	3951	0.849519966	2,4,6,10,16	one ta re- no-go to-do
POOL	3952	0.849512109	2,6,10,14,16	won sorry go into dew
POOL	3953	0.849507114	2,4,10,13,16	won ta lugo think to-do
POOL	3954	0.849498801	2,6,10,15,16	wa sorry go into oooh
POOL	3955	0.849498434	4,8,10,11,16	wut ryu owe see to-do
POOL	3956	0.849494565	2,5,10,11,16	one tar hugo see to-do
POOL	3957	0.849489986	2,4,8,12,16	won top league showing to-do
POOL	3958	0.849488990	2,6,8,12,16	one star new owing to-do
POOL	3959	0.849458867	1,4,6,8,10,12,16	were at re- ooh oh ing toot
POOL	3960	0.849447727	4,6,7,10,13,15,16	what's re- soo go inc food ooh
POOL	3961	0.849444552	2,4,8,10,16	why top ryu oh to-do
POOL	3962	0.849439470	3,6,10,13,16	want ali go it to-do
POOL	3963	0.849433416	2,4,7,10,14,16	one dock liu go into due
POOL	3964	0.849432109	2,4,6,11,16	one too re- goa to-do
POOL	3965	0.849430783	2,6,10,15,16	wah party go into too
POOL	3966	0.849422043	2,6,10,14,16	one sorry go into due
POOL	3967	0.849417505	2,4,10,13,16	well top lugo inc to-do
POOL	3968	0.849416412	2,5,10,11,16	won car lugo a to-do
POOL	3969	0.849402383	2,4,6,12,16	one top free growing to-do
POOL	3970	0.849401362	2,6,10,14,16	wha tawny go into due
POOL	3971	0.849395984	2,4,10,13,15,16	one top lugo inc two new
POOL	3972	0.849391424	2,4,8,11,16	won top league only to-do
POOL	3973	0.849390696	2,4,6,12,16	why top re- growing to-do
POOL	3974	0.849384273	4,7,10,13,16	wut new go into to-do
POOL	3975	0.849383983	2,6,8,12,16	one karl new owing to-do
POOL	3976	0.849372773	2,4,8,12,16	won ta rig owing to-do
POOL	3977	0.849366750	4,6,10,13,16	whatnot year go inc to-do
POOL	3978	0.849366135	2,4,7,11,16	why top ryu go to-do
POOL	3979	0.849360939	2,4,8,10,13,14,16	rung cup liu oh inc ooh due
POOL	3980	0.849337381	2,4,8,12,16	one too liu owing to-do
POOL	3981	0.849309075	3,6,10,13,16	watt ari go it to-do
POOL	3982	0.849303381	2,4,8,12,16	one top league o-ring to-do
POOL	3983	0.849297333	2,4,8,10,16	one tom ryu oh to-do
POOL	3984	0.849281579	4,6,10,12,16	wut re- ago in to-do
POOL	3985	0.849278697	2,4,8,10,16	one top ryu owe to-do
POOL	3986	0.849277150	2,4,6,11,16	well top re- goa to-do
POOL	3987	0.849269344	2,6,10,15,16	one sorry go into new
POOL	3988	0.849264638	2,4,10,13,16	were top hugo inc to-do
POOL	3989	0.849259790	1,6,8,10,13,15,16	were tal ooh oh its food ooh
POOL	3990	0.849257606	2,5,8,10,13,15,16	wear car yoo oh wit food ooh
POOL	3991	0.849248663	2,6,10,15,16	wha tawny go into new
POOL	3992	0.849243477	2,4,6,12,16	one tom re- growing to-do
POOL	3993	0.849239890	4,8,10,11,16	watt ryu oh i to-do
POOL	3994	0.849233352	2,4,8,12,16	one top liu showing to-do
POOL	3995	0.849229278	1,2,6,10,11,16	were a doll go a to-do
POOL	3996	0.849228107	2,4,10,13,16	was top lugo inc to-do
POOL	3997	0.849227021	2,4,10,12,16	won top hugo ing to-do
POOL	3998	0.849220698	4,8,10,11,16	wut ryu owe a to-do
POOL	3999	0.849218916	2,4,7,11,16	one tom ryu go to-do
POOL	4000	0.849211933	2,4,10,13,16	were top lugo think to-do
POOL	4001	0.849207010	3,6,10,13,16	wut army go it to-do
POOL	4002	0.849205901	2,6,8,12,16	one car too showing to-do
POOL	4003	0.849200581	2,6,8,12,16	one carl too owing to-do
POOL	4004	0.849195632	2,4,6,11,16	won top re- goalie to-do
POOL	4005	0.849192206	2,6,8,12,16	were car ooh owing to-do
POOL	4006	0.849188510	2,4,10,13,16	one ta lugo ink to-do
POOL	4007	0.849183662	2,6,8,12,16	won car new showing to-do
POOL	4008	0.849182761	2,4,8,12,16	one car league owing to-do
POOL	4009	0.849182422	2,4,8,12,16	well top liu owing to-do
POOL	4010	0.849178342	2,6,8,12,16	won carl new owing to-do
POOL	4011	0.849177583	1,2,6,8,10,15,16	ore a car ooh oh inked ooh
POOL	4012	0.849177133	2,6,10,14,16	why tawny go into due
POOL	4013	0.849175505	1,4,6,11,16	too ta-ta re- go to-do
POOL	4014	0.849173749	2,4,6,12,16	one top year growing to-do
POOL	4015	0.849172125	2,6,8,10,16	one party too oh to-do
POOL	4016	0.849161473	4,7,10,11,16	watt ryu go i to-do
POOL	4017	0.849154971	2,6,8,12,16	well car too owing to-do
POOL	4018	0.849149887	2,6,8,10,16	won party new oh to-do
POOL	4019	0.849148848	2,4,6,12,16	one top real growing to-do
POOL	4020	0.849142498	2,4,10,13,16	a top lugo inc to-do
POOL	4021	0.849140394	2,4,6,12,16	one top re- glowing to-do
POOL	4022	0.849138148	2,6,8,10,16	wah sorry too oh to-do
POOL	4023	0.849134790	2,4,8,11,16	one top liu only to-do
POOL	4024	0.849087752	2,4,6,11,16	was top re- goa to-do
POOL	4025	0.849081942	3,6,10,13,16	want ali go think to-do
POOL	4026	0.849081537	4,6,10,12,16	whatsapp re- go king to-do
POOL	4027	0.849081416	2,6,9,11,16	wha sorry go we to-do
POOL	4028	0.849077592	2,4,8,12,16	were top rig owing to-do
POOL	4029	0.849075465	2,6,10,14,16	wa party go into due
POOL	4030	0.849065910	2,4,8,12,16	wah ta league owing to-do
POOL	4031	0.849061228	2,6,10,15,16	won tawny go into oooh
POOL	4032	0.849045505	2,4,6,12,16	one top re- owing to-do
POOL	4033	0.849031542	2,4,10,13,16	won top rio inc to-do
POOL	4034	0.849024434	2,6,10,15,16	why tawny go into new
POOL	4035	0.849023575	1,2,6,12,16	too a car growing to-do
POOL	4036	0.849019270	2,4,10,13,16	wah top lugo it to-do
POOL	4037	0.849017170	2,4,8,10,16	one too ryu oh to-do
POOL	4038	0.849002143	2,4,6,11,16	a top re- goa to-do
POOL	4039	0.848996695	4,6,10,12,16	whatsapp free go in to-do
POOL	4040	0.848993024	2,4,8,12,16	was top liu owing to-do
POOL	4041	0.848969287	2,4,7,10,13,15,16	sue ta liu go inc food poor
POOL	4042	0.848965573	2,6,8,12,16	was car too owing to-do
POOL	4043	0.848965428	1,2,4,8,11,16	were eh thom league oh to-do
POOL	4044	0.848963315	2,4,6,12,16	one too re- growing to-do
POOL	4045	0.848959702	4,8,10,11,16	wot ryu oh see to-do
POOL	4046	0.848957666	1,2,4,8,11,16	were a coll league oh to-do
POOL	4047	0.848951547	3,6,10,13,16	watt ari go think to-do
POOL	4048	0.848949654	4,8,10,11,16	wut ryu know i to-do
POOL	4049	0.848946662	3,6,10,13,16	wut ari go eat to-do
POOL	4050	0.848938754	2,4,7,11,16	one too ryu go to-do
POOL	4051	0.848922766	2,6,10,15,16	wa party go into new
POOL	4052	0.848917390	2,6,8,10,16	was sorry new oh to-do
POOL	4053	0.848912943	2,4,10,12,16	one ta lugo thing to-do
POOL	4054	0.848907415	2,4,8,12,16	a top liu owing to-do
POOL	4055	0.848897675	2,5,10,11,16	won car hugo if to-do
POOL	4056	0.848897675	2,5,10,11,16	won car hugo in to-do
POOL	4057	0.848897675	2,5,10,11,16	won car hugo is to-do
POOL	4058	0.848897675	2,5,10,11,16	won car hugo it to-do
POOL	4059	0.848896026	2,4,6,10,11,16	one took re- wo a to-do
POOL	4060	0.848881285	4,7,10,11,16	wot ryu go see to-do
POOL	4061	0.848879964	2,6,8,12,16	a car too owing to-do
POOL	4062	0.848879730	2,6,10,15,16	wha party go into too
POOL	4063	0.848868811	3,6,10,13,16	want sorry go it to-do
POOL	4064	0.848865513	2,5,10,11,16	won car no-go see to-do
POOL	4065	0.848862212	2,4,8,10,16	well top ryu oh to-do
POOL	4066	0.848860485	1,2,5,8,10,14,16	were a car yoo oh ind due
POOL	4067	0.848857187	2,6,9,11,16	why sorry go we to-do
POOL	4068	0.848854430	2,4,6,11,16	one top lee goa to-do
POOL	4069	0.848849482	3,6,10,13,16	wut army go think to-do
POOL	4070	0.848831780	2,6,8,10,16	a sorry new oh to-do
POOL	4071	0.848829447	2,4,8,12,16	one top rue owing to-do
POOL	4072	0.848821731	1,6,10,11,16	were tariq go see to-do
POOL	4073	0.848819187	4,8,10,13,16	wet ryu oh inc to-do
POOL	4074	0.848808356	2,4,6,12,16	well top re- growing to-do
POOL	4075	0.848807189	4,8,10,11,16	whatsapp league oh see to-do
POOL	4076	0.848806280	1,2,4,8,13,15,16	were ca ta liu wink food ooh
POOL	4077	0.848800493	2,4,6,11,16	wa top re- goa to-do
POOL	4078	0.848792423	4,6,8,12,16	watt re- new owing to-do
POOL	4079	0.848791164	3,5,7,10,13,15,16	what aar u go inc food ooh
POOL	4080	0.848787123	2,5,10,13,16	one car no-go inc to-do
POOL	4081	0.848783795	2,4,7,11,16	well top ryu go to-do
POOL	4082	0.848775671	3,4,6,10,13,15,16	wut was re- au inc food ooh
POOL	4083	0.848768061	4,6,10,12,16	whatsapp year go in to-do
POOL	4084	0.848767069	2,6,10,13,15,16	one ari o inc food new
POOL	4085	0.848758143	2,5,7,10,13,15,16	one car yoo grew inc food ooh
POOL	4086	0.848746435	4,6,10,12,16	wut re- no-go in to-do
POOL	4087	0.848743160	4,6,10,12,16	whatsapp real go in to-do
POOL	4088	0.848740770	4,7,10,13,16	wet ryu go inc to-do
POOL	4089	0.848727327	3,6,10,13,16	wut ali go ink to-do
POOL	4090	0.848720974	2,4,8,12,16	won top league knowing to-do
POOL	4091	0.848706610	2,4,6,10,16	won ta re- ago to-do
POOL	4092	0.848705973	2,5,10,11,16	were car hugo see to-do
POOL	4093	0.848705765	2,4,8,12,16	wa top liu owing to-do
POOL	4094	0.848700627	2,6,10,15,16	wah sorry go into knew
POOL	4095	0.848681966	4,8,10,11,16	wot ryu oh a to-do
POOL	4096	0.848678314	2,6,8,12,16	wa car too owing to-do
POOL	4097	0.848677298	3,4,6,10,13,15,16	weep r. re- go inc food ooh
POOL	4098	0.848672814	2,4,8,10,16	was top ryu oh to-do
POOL	4099	0.848672240	2,6,10,13,16	one hari go inc to-do
POOL	4100	0.848642015	2,6,8,12,16	wah car ooh owing to-do
POOL	4101	0.848632298	2,6,8,12,16	won tar ooh owing to-do
POOL	4102	0.848630131	2,6,8,10,16	wa sorry new oh to-do
POOL	4103	0.848618959	2,4,6,12,16	was top re- growing to-do
POOL	4104	0.848615260	2,6,9,11,16	won car goo-goo we to-do
POOL	4105	0.848603550	4,7,10,11,16	wot ryu go a to-do
POOL	4106	0.848601997	3,6,10,13,16	wot ari go inc to-do
POOL	4107	0.848594793	2,6,10,14,16	well tawny go into due
POOL	4108	0.848594397	2,4,7,11,16	was top ryu go to-do
POOL	4109	0.848587778	2,5,10,11,16	won car no-go a to-do
POOL	4110	0.848587205	2,4,8,10,16	a top ryu oh to-do
POOL	4111	0.848587095	2,6,8,10,16	wha sorry too oh to-do
POOL	4112	0.848583031	2,4,10,12,16	won top hugo thing to-do
POOL	4113	0.848548545	1,4,8,10,13,15,16	were nutt liu woah inc food ooh
POOL	4114	0.848540147	2,5,10,13,16	won car hugo think to-do
POOL	4115	0.848533349	2,4,6,12,16	a top re- growing to-do
POOL	4116	0.848532999	2,6,8,10,16	won sorry puig oh to-do
POOL	4117	0.848529454	4,8,10,11,16	whatsapp league oh a to-do
POOL	4118	0.848527401	2,4,8,12,16	wah top rig owing to-do
POOL	4119	0.848522677	2,4,6,11,16	won top free goa to-do
POOL	4120	0.848520652	2,4,6,10,16	one ta re- go-go to-do
POOL	4121	0.848515158	4,6,10,12,16	wut re- ago ing to-do
POOL	4122	0.848514857	2,4,8,12,16	wha ta league owing to-do
POOL	4123	0.848514510	2,6,8,12,16	one tar oooh owing to-do
POOL	4124	0.848511283	3,6,10,13,16	want sorry go think to-do
POOL	4125	0.848508788	2,4,7,11,16	a top ryu go to-do
POOL	4126	0.848500987	2,4,8,12,16	one top yoo owing to-do
POOL	4127	0.848499866	2,6,8,12,16	won tree ooh owing to-do
POOL	4128	0.848473455	2,6,10,15,16	wah tawny go into too
POOL	4129	0.848464341	2,4,8,12,16	one top liu knowing to-do
POOL	4130	0.848457167	4,6,10,15,16	whatsapp re- go into too
POOL	4131	0.848444098	2,5,8,10,11,16	one car ee oh ill to-do
POOL	4132	0.848442094	2,6,10,15,16	well tawny go into new
POOL	4133	0.848441970	2,6,8,10,16	one sorry knew oh to-do
POOL	4134	0.848419369	4,6,8,12,16	wut re- oooh owing to-do
POOL	4135	0.848411429	2,4,6,10,16	were top re- ago to-do
POOL	4136	0.848400108	4,6,8,12,16	wut re- dog owing to-do
POOL	4137	0.848389048	2,6,8,10,16	won sorry who oh to-do
POOL	4138	0.848385636	2,4,6,12,16	one top lee growing to-do
POOL	4139	0.848385555	2,4,8,10,16	wa top ryu oh to-do
POOL	4140	0.848381523	3,6,10,13,16	work ari go inc to-do
POOL	4141	0.848379331	4,8,10,11,16	wut raju oh see to-do
POOL	4142	0.848374350	2,6,10,15,16	one sorry go ensued new
POOL	4143	0.848365825	4,8,10,13,16	wut liu oh into to-do
POOL	4144	0.848363771	2,4,6,11,16	won tom re- goa to-do
POOL	4145	0.848362866	2,6,8,10,16	why sorry too oh to-do
POOL	4146	0.848362859	2,6,10,15,16	won sorry go include ooh
POOL	4147	0.848359193	1,2,4,6,7,12,16	ooh a ta re- ooh go too
POOL	4148	0.848355431	3,4,7,10,11,16	wut ahh liu go u. to-do
POOL	4149	0.848331700	2,4,6,12,16	wa top re- growing to-do
POOL	4150	0.848317946	2,6,9,11,16	won party go we to-do
POOL	4151	0.848317403	3,6,10,13,16	watch ari go inc to-do
POOL	4152	0.848308734	2,4,8,10,12,14,16	war ta liu oh ish too due
POOL	4153	0.848307139	2,4,7,11,16	wa top ryu go to-do
POOL	4154	0.848300866	1,4,6,11,16	ooh uh-uh re- go to-do
POOL	4155	0.848294043	2,4,6,11,16	won top year goa to-do
POOL	4156	0.848293921	2,6,8,10,16	won sorry two oh to-do
POOL	4157	0.848291747	2,6,8,10,16	won sorry due oh to-do
POOL	4158	0.848290884	2,4,8,12,16	won top log owing to-do
POOL	4159	0.848290629	2,4,8,12,16	why ta league owing to-do
POOL	4160	0.848287409	4,7,10,13,16	wut liu go into to-do
POOL	4161	0.848270848	2,4,7,10,12,16	one top sri go in to-do
POOL	4162	0.848269142	2,4,6,11,16	won top real goa to-do
POOL	4163	0.848269043	2,4,8,12,16	won tom liu owing to-do
POOL	4164	0.848268484	4,6,8,10,13,16	what re- new doe inc to-do
POOL	4165	0.848267258	2,5,10,13,16	won car lugo inc to-do
POOL	4166	0.848261567	2,5,10,11,16	one car ego see to-do
POOL	4167	0.848239890	4,8,10,11,16	watt ryu oh if to-do
POOL	4168	0.848239890	4,8,10,11,16	watt ryu oh in to-do
POOL	4169	0.848239890	4,8,10,11,16	watt ryu oh is to-do
POOL	4170	0.848239890	4,8,10,11,16	watt ryu oh it to-do
POOL	4171	0.848230274	4,6,10,12,16	whatsapp free go ing to-do
POOL	4172	0.848222424	4,8,10,11,16	wut ryu own see to-do
POOL	4173	0.848221881	3,4,6,10,12,16	wut ahh re- woke in to-do
POOL	4174	0.848221542	2,5,10,13,16	one car hugo ink to-do
POOL	4175	0.848220504	4,7,10,11,16	whatsapp new go see to-do
POOL	4176	0.848219258	2,4,10,13,15,16	one top lugo it's food new
POOL	4177	0.848217744	3,6,10,13,16	watt ali go inc to-do
POOL	4178	0.848214797	2,6,8,10,16	one tawny too oh to-do
POOL	4179	0.848208434	2,4,10,12,16	won ta lugo ing to-do
POOL	4180	0.848197012	2,6,8,10,16	one sorry too owe to-do
POOL	4181	0.848192558	2,6,8,10,16	won tawny new oh to-do
POOL	4182	0.848185249	2,6,10,15,16	were sorry go include new
POOL	4183	0.848174773	2,6,8,10,16	won sorry new owe to-do
POOL	4184	0.848171466	2,4,6,10,16	won ta re- no-go to-do
POOL	4185	0.848161473	4,7,10,11,16	watt ryu go if to-do
POOL	4186	0.848161473	4,7,10,11,16	watt ryu go in to-do
POOL	4187	0.848161473	4,7,10,11,16	watt ryu go is to-do
POOL	4188	0.848161473	4,7,10,11,16	watt ryu go it to-do
POOL	4189	0.848161100	2,4,6,11,16	one ta re- lugo to-do
POOL	4190	0.848159594	2,4,8,10,16	one top raju oh to-do
POOL	4191	0.848156668	3,6,10,13,16	wut sorry go ink to-do
POOL	4192	0.848155782	2,5,10,11,16	wah car hugo see to-do
POOL	4193	0.848149575	2,6,10,15,16	wha sorry go into knew
POOL	4194	0.848146065	2,5,10,11,16	won tar hugo see to-do
POOL	4195	0.848129482	2,4,10,12,16	wah top lugo in to-do
POOL	4196	0.848118782	1,2,4,6,7,12,16	were uhh ta re- ooh go too
POOL	4197	0.848118136	2,6,10,14,16	wa tawny go into due
POOL	4198	0.848105695	2,4,6,11,16	were ta re- goa to-do
POOL	4199	0.848101595	4,8,10,11,16	wut raju oh a to-do
POOL	4200	0.848087238	3,4,8,10,11,16	wut blah league oh a to-do
POOL	4201	0.848083609	2,4,6,11,16	won too re- goa to-do
POOL	4202	0.848071544	4,8,10,13,16	wut ryu owe inc to-do
POOL	4203	0.848067675	2,5,10,13,16	one tar hugo inc to-do
POOL	4204	0.848063330	4,8,10,11,16	wet ryu oh i to-do
POOL	4205	0.848053883	2,4,6,12,16	won top free growing to-do
POOL	4206	0.848053402	2,4,8,10,11,16	rush tuff league oh a to-do
POOL	4207	0.848045770	3,6,8,10,11,16	wut wii new oh a to-do
POOL	4208	0.848038127	2,4,7,10,13,16	one calm zhou go inc to-do
POOL	4209	0.848032666	4,6,7,10,11,16	ut re- poo go a to-do
POOL	4210	0.848010968	2,4,8,12,16	were ta liu owing to-do
POOL	4211	0.848002687	2,4,8,10,16	one top ryu own to-do
POOL	4212	0.848001640	4,6,10,12,16	whatsapp year go ing to-do
POOL	4213	0.847988881	2,4,8,12,16	won too liu owing to-do
POOL	4214	0.847984914	4,7,10,11,16	wet ryu go i to-do
POOL	4215	0.847980014	4,6,10,12,16	wut re- no-go ing to-do
POOL	4216	0.847979948	4,6,10,12,16	whatsapp lee go in to-do
POOL	4217	0.847976740	4,6,10,12,16	whatsapp real go ing to-do
POOL	4218	0.847976348	2,4,8,12,16	wha top rig owing to-do
POOL	4219	0.847973837	2,4,7,10,13,14,16	ware ta liu go winged ooh due
POOL	4220	0.847965438	2,6,10,15,16	wa tawny go into new
POOL	4221	0.847960402	2,6,8,10,16	one sorry ooh know to-do
POOL	4222	0.847954882	2,4,8,12,16	won top league o-ring to-do
POOL	4223	0.847949654	4,8,10,11,16	wut ryu know if to-do
POOL	4224	0.847949654	4,8,10,11,16	wut ryu know in to-do
POOL	4225	0.847949654	4,8,10,11,16	wut ryu know is to-do
POOL	4226	0.847949654	4,8,10,11,16	wut ryu know it to-do
POOL	4227	0.847948833	2,4,8,10,16	won tom ryu oh to-do
POOL	4228	0.847944689	4,8,10,11,16	wut ryu own a to-do
POOL	4229	0.847942769	4,7,10,11,16	whatsapp new go a to-do
POOL	4230	0.847939639	2,4,8,10,13,15,16	aux ta liu oh inc wit ooh
POOL	4231	0.847930197	2,4,8,10,16	won top ryu owe to-do
POOL	4232	0.847913252	2,4,10,12,16	were top lugo ing to-do
POOL	4233	0.847894978	2,4,6,12,16	won tom re- growing to-do
POOL	4234	0.847889173	4,6,10,14,16	whatnot re- go into due
POOL	4235	0.847882362	4,8,10,13,16	watt ryu oh think to-do
POOL	4236	0.847878047	2,5,10,11,16	wah car hugo a to-do
POOL	4237	0.847877476	4,8,10,13,16	wut ryu oh eat to-do
POOL	4238	0.847877391	2,4,7,10,11,15,16	wow ta liu go a two's ooh
POOL	4239	0.847876285	2,4,6,10,16	were top re- no-go to-do
POOL	4240	0.847871168	4,6,10,12,16	wut re- ago thing to-do
POOL	4241	0.847870417	2,4,7,11,16	won tom ryu go to-do
POOL	4242	0.847868330	2,5,10,11,16	won tar hugo a to-do
POOL	4243	0.847861237	2,4,6,10,16	wah top re- ago to-do
POOL	4244	0.847848359	4,6,8,10,12,16	wac see new oh in to-do
POOL	4245	0.847846723	2,4,6,10,14,16	one top re- go into doomed
POOL	4246	0.847836214	2,4,6,10,12,16	one topped leave go in to-do
POOL	4247	0.847833397	2,4,8,10,16	one ta ryu know to-do
POOL	4248	0.847825249	2,4,6,12,16	won top year growing to-do
POOL	4249	0.847823625	2,6,8,10,16	won party too oh to-do
POOL	4250	0.847820344	1,2,6,10,16	worry a car go to-do
POOL	4251	0.847818854	4,8,10,11,16	wut ryu show see to-do
POOL	4252	0.847817762	2,6,8,10,16	were sorry ooh oh to-do
POOL	4253	0.847804184	2,4,7,10,15,16	one top li go into new
POOL	4254	0.847803945	4,7,10,13,16	watt ryu go think to-do
POOL	4255	0.847800349	2,4,6,12,16	won top real growing to-do
POOL	4256	0.847799060	4,7,10,13,16	wut ryu go eat to-do
POOL	4257	0.847798190	2,6,9,11,16	wa sorry go we to-do
POOL	4258	0.847791894	2,4,6,12,16	won top re- glowing to-do
POOL	4259	0.847786291	2,4,8,11,16	won top liu only to-do
POOL	4260	0.847774591	3,4,6,10,11,16	watts ugh re- go a to-do
POOL	4261	0.847750110	2,4,6,11,16	one top re- goatee to-do
POOL	4262	0.847747121	4,6,10,12,16	wut re- go-go in to-do
POOL	4263	0.847743815	3,5,7,10,13,15,16	what aar u go inc food oooh
POOL	4264	0.847736474	4,6,10,15,16	whatnot re- go into new
POOL	4265	0.847697005	2,4,6,12,16	won top re- owing to-do
POOL	4266	0.847690757	2,4,8,10,16	were ta ryu oh to-do
POOL	4267	0.847675465	4,6,8,10,12,16	ut re- new oh been to-do
POOL	4268	0.847675445	2,6,10,14,16	won sorry go into du
POOL	4269	0.847672355	2,4,6,11,16	one car re- goa to-do
POOL	4270	0.847668671	2,4,8,10,16	won too ryu oh to-do
POOL	4271	0.847660657	2,4,8,11,16	one ta league only to-do
POOL	4272	0.847650664	2,4,8,10,14,16	one thom ru oh into due
POOL	4273	0.847648216	4,6,10,12,16	whatsapp re- go inn to-do
POOL	4274	0.847648044	2,4,6,10,11,16	wan top re- woes a to-do
POOL	4275	0.847636902	2,4,6,12,16	were ta re- growing to-do
POOL	4276	0.847615863	4,6,8,12,16	wet re- new owing to-do
POOL	4277	0.847614815	2,4,6,12,16	won too re- growing to-do
POOL	4278	0.847612341	2,4,7,11,16	were ta ryu go to-do
POOL	4279	0.847604730	2,5,10,11,16	wha car hugo see to-do
POOL	4280	0.847599118	2,4,8,10,16	one top ryu show to-do
POOL	4281	0.847594521	2,4,6,7,11,16	whack top re- poo go to-do
POOL	4282	0.847593419	4,8,10,11,16	wut ruger oh see to-do
POOL	4283	0.847592126	4,8,10,13,16	wut ryu know think to-do
POOL	4284	0.847591129	2,6,8,10,16	was sorry too oh to-do
POOL	4285	0.847590254	2,4,7,11,16	won too ryu go to-do
POOL	4286	0.847586284	4,6,10,12,16	whatsapp free go thing to-do
POOL	4287	0.847578430	2,4,10,12,16	wha top lugo in to-do
POOL	4288	0.847564443	2,4,10,12,16	won ta lugo thing to-do
POOL	4289	0.847555504	2,4,6,11,16	wah ta re- goa to-do
POOL	4290	0.847541119	4,8,10,11,16	wut ryu show a to-do
POOL	4291	0.847532811	4,8,10,13,16	wot ryu oh inc to-do
POOL	4292	0.847527036	4,8,10,13,15,16	whatcha rogue oh inc food new
POOL	4293	0.847523695	3,6,7,10,11,16	wut e'er new go a to-do
POOL	4294	0.847511401	2,5,10,11,16	won car lugo i to-do
POOL	4295	0.847505930	2,4,6,11,16	won top lee goa to-do
POOL	4296	0.847505519	2,6,8,10,16	a sorry too oh to-do
POOL	4297	0.847503191	3,5,7,10,13,15,16	what aar u go inc food new
POOL	4298	0.847502373	2,5,10,13,16	one car lugo think to-do
POOL	4299	0.847496254	2,4,10,12,16	one ta hugo ing to-do
POOL	4300	0.847496099	4,6,8,10,15,16	wut re- new oh into thru
POOL	4301	0.847477713	4,6,8,10,13,16	wut rees zhou oh inc to-do
POOL	4302	0.847466162	4,6,8,12,16	watt re- too owing to-do
POOL	4303	0.847464865	2,4,6,11,16	one ta re- goalie to-do
POOL	4304	0.847459360	3,6,10,15,16	wut ari go into new
POOL	4305	0.847454395	4,7,10,13,16	wot ryu go inc to-do
POOL	4306	0.847450730	2,4,10,12,16	one top lugo king to-do
POOL	4307	0.847438623	2,5,10,13,16	won car no-go inc to-do
POOL	4308	0.847414654	2,4,6,7,13,15,16	one tall re- ooh goat food ooh
POOL	4309	0.847404496	1,2,4,6,7,12,16	we uhh ta re- ooh go too
POOL	4310	0.847400444	2,4,7,12,15,16	one top liu growing too new
POOL	4311	0.847397788	2,6,9,11,16	one car goo-goo way to-do
POOL	4312	0.847393293	2,6,9,11,16	won sorry oh we to-do
POOL	4313	0.847387569	4,6,10,12,16	wut re- lugo in to-do
POOL	4314	0.847381751	2,6,10,14,16	won sorry go into deux
POOL	4315	0.847380501	2,5,10,11,16	why car hugo see to-do
POOL	4316	0.847380299	4,8,10,13,16	whatsapp league oh inc to-do
POOL	4317	0.847378889	1,2,6,10,12,16	were a arr go in to-do
POOL	4318	0.847373683	2,4,8,10,16	one top ruger oh to-do
POOL	4319	0.847363061	2,4,10,12,16	wah top lugo ing to-do
POOL	4320	0.847360618	2,6,9,11,16	won tawny go we to-do
POOL	4321	0.847357650	4,6,10,12,16	whatsapp year go thing to-do
POOL	4322	0.847354201	2,4,10,12,16	why top lugo in to-do
POOL	4323	0.847336024	4,6,10,12,16	wut re- no-go thing to-do
POOL	4324	0.847332749	4,6,10,12,16	whatsapp real go thing to-do
POOL	4325	0.847326994	2,5,10,11,16	wha car hugo a to-do
POOL	4326	0.847326094	2,4,6,10,16	wah top re- no-go to-do
POOL	4327	0.847318619	2,6,9,11,16	one sorry go win to-do
POOL	4328	0.847315687	4,8,10,11,16	wut ryu owe i to-do
POOL	4329	0.847315684	4,8,10,11,16	wut ruger oh a to-do
POOL	4330	0.847311844	1,2,4,6,7,12,16	ooh a ta re- oooh go too
POOL	4331	0.847311844	1,2,4,6,7,12,16	oooh a ta re- ooh go too
POOL	4332	0.847310185	2,4,6,10,16	wha top re- ago to-do
POOL	4333	0.847304929	1,4,6,11,16	ooh ta-ta re- go to-do
POOL	4334	0.847303870	2,6,8,10,16	wa sorry too oh to-do
POOL	4335	0.847301548	2,6,8,10,16	one party ooh oh to-do
POOL	4336	0.847298551	2,6,8,10,16	one sorry new ohh to-do
POOL	4337	0.847279083	2,5,10,13,16	were car hugo inc to-do
POOL	4338	0.847273711	4,8,10,11,16	wut ryu ohh see to-do
POOL	4339	0.847269262	2,4,10,12,16	were top lugo thing to-do
POOL	4340	0.847267571	2,6,8,10,16	wah sorry ooh oh to-do
POOL	4341	0.847257417	2,4,8,10,16	one car ryu oh to-do
POOL	4342	0.847236762	2,6,8,11,16	one car ooh only to-do
POOL	4343	0.847226446	4,6,8,12,16	wut re- puig owing to-do
POOL	4344	0.847225334	1,2,4,6,7,12,16	were uh ta re- ooh go too
POOL	4345	0.847213527	4,6,10,12,16	whatsapp lee go ing to-do
POOL	4346	0.847212694	1,2,4,6,10,14,16	wa a ta re- go to due
POOL	4347	0.847203562	2,4,6,12,16	one car re- growing to-do
POOL	4348	0.847202056	4,8,10,11,16	whatsapp liu oh see to-do
POOL	4349	0.847179001	2,4,7,11,16	one car ryu go to-do
POOL	4350	0.847178411	3,4,6,10,11,16	ruck ahh re- go hee to-do
POOL	4351	0.847172152	2,4,6,10,16	won ta re- go-go to-do
POOL	4352	0.847152998	1,2,6,12,16	ooh a car growing to-do
POOL	4353	0.847140566	2,4,8,10,16	wah ta ryu oh to-do
POOL	4354	0.847129939	1,4,8,10,13,15,16	you at liu oh inc food ooh
POOL	4355	0.847123640	4,7,10,11,16	whatsapp liu go see to-do
POOL	4356	0.847122148	2,4,8,11,16	one top rig only to-do
POOL	4357	0.847109861	2,4,8,11,16	one top league zoe to-do
POOL	4358	0.847108291	2,5,10,11,16	one tar lugo see to-do
POOL	4359	0.847103632	2,6,7,10,11,16	wang car rule go a to-do
POOL	4360	0.847102766	2,5,10,11,16	why car hugo a to-do
POOL	4361	0.847097643	2,4,6,10,16	one top free ago to-do
POOL	4362	0.847097344	2,4,6,10,15,16	wack tonne re- go into new
POOL	4363	0.847093470	2,6,8,10,16	won sorry knew oh to-do
POOL	4364	0.847086711	2,4,6,12,16	wah ta re- growing to-do
POOL	4365	0.847085956	2,4,6,10,16	why top re- ago to-do
POOL	4366	0.847082495	4,6,8,12,16	wut re- who owing to-do
POOL	4367	0.847080047	3,4,8,10,12,16	wut ahh league oh eye to-do
POOL	4368	0.847066497	2,6,9,11,16	wah sorry go way to-do
POOL	4369	0.847063330	4,8,10,11,16	wet ryu oh if to-do
POOL	4370	0.847063330	4,8,10,11,16	wet ryu oh in to-do
POOL	4371	0.847063330	4,8,10,11,16	wet ryu oh is to-do
POOL	4372	0.847063330	4,8,10,13,16	wet ryu oh it to-do
POOL	4373	0.847062150	2,4,7,11,16	wah ta ryu go to-do
POOL	4374	0.847053975	2,4,8,10,16	one top ryu ohh to-do
POOL	4375	0.847045761	4,6,8,12,16	wut free new owing to-do
POOL	4376	0.847037136	2,4,6,12,16	won top lee growing to-do
POOL	4377	0.847034582	4,6,10,12,16	whatnot re- go king to-do
POOL	4378	0.847006251	2,4,8,10,15,16	yuh top lu oh into new
POOL	4379	0.847004452	2,4,6,11,16	wha ta re- goa to-do
POOL	4380	0.846991570	1,2,4,8,13,16	were a top yue owing due
POOL	4381	0.846987368	4,6,8,12,16	wut re- two owing to-do
POOL	4382	0.846985194	4,6,8,12,16	wut re- due owing to-do
POOL	4383	0.846984914	4,7,10,11,16	wet ryu go if to-do
POOL	4384	0.846984914	4,7,10,11,16	wet ryu go in to-do
POOL	4385	0.846984914	4,7,10,11,16	wet ryu go is to-do
POOL	4386	0.846984914	4,7,10,11,16	wet ryu go it to-do
POOL	4387	0.846980700	4,6,10,12,16	wut re- go-go ing to-do
POOL	4388	0.846967977	2,4,10,12,16	one top rio ing to-do
POOL	4389	0.846966950	2,4,6,10,13,16	one trois re- gu inc to-do
POOL	4390	0.846952441	4,8,10,13,16	wut raju oh inc to-do
POOL	4391	0.846949740	4,6,10,12,16	whatnot free go in to-do
POOL	4392	0.846938737	2,4,6,10,16	one tom re- ago to-do
POOL	4393	0.846923984	2,4,7,10,11,16	one top liu gro say to-do
POOL	4394	0.846917721	2,4,7,12,15,16	one ta liu growing too new
POOL	4395	0.846914175	2,4,10,12,16	won ta hugo in to-do
POOL	4396	0.846913068	2,5,10,11,16	won car ego see to-do
POOL	4397	0.846876971	2,4,6,10,16	were top re- go-go to-do
POOL	4398	0.846873850	2,4,8,12,16	one top yew owing to-do
POOL	4399	0.846873043	2,5,10,13,16	won car hugo ink to-do
POOL	4400	0.846872223	1,2,4,6,12,16	new a ta re- growing too
POOL	4401	0.846866297	2,6,8,10,16	won tawny too oh to-do
POOL	4402	0.846865275	2,6,10,14,16	won car ago into due
POOL	4403	0.846857039	2,4,8,10,13,16	webb cod league oh inc to-do
POOL	4404	0.846852264	2,4,10,12,16	one ta hugo thing to-do
POOL	4405	0.846848512	2,6,8,10,16	won sorry too owe to-do
POOL	4406	0.846845905	4,7,10,11,16	whatsapp liu go a to-do
POOL	4407	0.846844108	2,4,6,10,16	one top real ago to-do
POOL	4408	0.846834677	2,5,10,13,16	one car ego inc to-do
POOL	4409	0.846834577	1,4,6,11,16	oooh uh-uh re- go to-do
POOL	4410	0.846819746	2,4,7,12,15,16	one top liu growing too ooh
POOL	4411	0.846817128	4,6,8,12,16	wut year new owing to-do
POOL	4412	0.846812600	2,4,6,11,16	won ta re- lugo to-do
POOL	4413	0.846812009	2,4,10,12,16	wha top lugo ing to-do
POOL	4414	0.846811094	2,4,8,10,16	won top raju oh to-do
POOL	4415	0.846806313	4,6,8,13,15,16	wut earn new owing food new
POOL	4416	0.846804121	2,4,10,15,16	won top lugo into new
POOL	4417	0.846802123	2,4,6,11,16	one da re- goa to-do
POOL	4418	0.846798161	2,5,10,11,16	well car hugo see to-do
POOL	4419	0.846795534	4,8,10,13,16	wut ryu own inc to-do
POOL	4420	0.846793614	4,7,10,13,16	whatsapp new go inc to-do
POOL	4421	0.846792227	4,6,8,12,16	wut real new owing to-do
POOL	4422	0.846791910	2,4,6,11,16	one ta free goa to-do
POOL	4423	0.846786185	2,6,9,11,16	one car goo-goo why to-do
POOL	4424	0.846780223	2,4,6,11,16	why ta re- goa to-do
POOL	4425	0.846775041	2,4,6,10,16	wha top re- no-go to-do
POOL	4426	0.846774247	1,2,4,6,12,16	ooh a top re- growing too
POOL	4427	0.846771861	2,4,10,12,16	well top lugo in to-do
POOL	4428	0.846771686	2,4,6,7,11,16	one top re- new oi to-do
POOL	4429	0.846757836	2,4,6,11,16	one cause re- goa to-do
POOL	4430	0.846728892	2,5,10,13,16	wah car hugo inc to-do
POOL	4431	0.846721106	4,6,10,12,16	whatnot year go in to-do
POOL	4432	0.846719175	2,5,10,13,16	won tar hugo inc to-do
POOL	4433	0.846719071	2,4,10,12,16	wah top lugo thing to-do
POOL	4434	0.846716518	2,6,8,10,16	wha sorry ooh oh to-do
POOL	4435	0.846712617	2,4,6,11,16	one top ree goa to-do
POOL	4436	0.846705802	4,8,10,13,16	wet ryu oh think to-do
POOL	4437	0.846701771	2,6,8,10,16	one sorry new aux to-do
POOL	4438	0.846698538	4,7,10,11,16	wot ryu go i to-do
POOL	4439	0.846696206	4,6,10,12,16	whatnot real go in to-do
POOL	4440	0.846682767	2,5,10,11,16	won car no-go i to-do
POOL	4441	0.846676193	3,4,6,10,11,16	wheat ahh urn go a to-do
POOL	4442	0.846673738	2,5,10,13,16	one car no-go think to-do
POOL	4443	0.846663617	2,6,9,11,16	won sorry goo we to-do
POOL	4444	0.846658575	2,4,6,10,16	one too re- ago to-do
POOL	4445	0.846657132	2,4,8,10,15,16	one caught ewe oh into new
POOL	4446	0.846654188	2,4,8,10,16	won top ryu own to-do
POOL	4447	0.846641236	2,6,9,11,16	one sorry go wee to-do
POOL	4448	0.846635333	2,5,10,11,16	won car ego a to-do
POOL	4449	0.846627386	4,7,10,13,16	wet ryu go think to-do
POOL	4450	0.846621148	4,6,10,12,16	wut re- lugo ing to-do
POOL	4451	0.846611902	2,6,8,10,16	won sorry ooh know to-do
POOL	4452	0.846610974	3,4,8,10,11,16	wut ahh ru co. a to-do
POOL	4453	0.846608763	2,5,10,11,16	was car hugo see to-do
POOL	4454	0.846608515	2,6,9,11,16	one sorry go boy to-do
POOL	4455	0.846589514	2,4,8,10,16	wha ta ryu oh to-do
POOL	4456	0.846587780	2,4,10,12,16	why top lugo ing to-do
POOL	4457	0.846586591	4,6,10,15,16	whatsapp re- go into ooh
POOL	4458	0.846583681	4,8,10,12,16	watt ryu oh ing to-do
POOL	4459	0.846563276	2,4,6,11,16	one ta year goa to-do
POOL	4460	0.846555862	3,5,7,10,13,15,16	what aar u go inc food too
POOL	4461	0.846554116	1,2,6,12,16	were uhh car growing to-do
POOL	4462	0.846542873	4,8,10,14,16	wut ryu oh into due
POOL	4463	0.846538375	2,4,6,11,16	one ta real goa to-do
POOL	4464	0.846535658	2,4,6,12,16	wha ta re- growing to-do
POOL	4465	0.846523154	2,5,10,11,16	a car hugo see to-do
POOL	4466	0.846520426	2,5,10,11,16	well car hugo a to-do
POOL	4467	0.846517419	2,4,6,11,16	were top re- lugo to-do
POOL	4468	0.846515444	2,6,9,11,16	wha sorry go way to-do
POOL	4469	0.846513980	3,4,6,10,13,15,16	wut don re- go unc food ooh
POOL	4470	0.846511401	2,5,10,11,16	won car lugo if to-do
POOL	4471	0.846511401	2,5,10,11,16	won car lugo in to-do
POOL	4472	0.846511401	2,5,10,11,16	won car lugo is to-do
POOL	4473	0.846511401	2,5,10,11,16	won car lugo it to-do
POOL	4474	0.846511097	2,4,7,11,16	wha ta ryu go to-do
POOL	4475	0.846503616	2,4,6,10,16	well top re- ago to-do
POOL	4476	0.846502665	4,6,8,12,16	wut re- new showing to-do
POOL	4477	0.846494113	2,6,8,10,16	one sorry oooh know to-do
POOL	4478	0.846492290	2,6,8,10,16	why sorry ooh oh to-do
POOL	4479	0.846484897	2,4,8,10,16	won ta ryu know to-do
POOL	4480	0.846481805	3,4,8,10,11,16	quad ahh league oh a to-do
POOL	4481	0.846474853	2,6,8,10,16	one sorry dog know to-do
POOL	4482	0.846457195	2,4,8,10,16	one top ryu aux to-do
POOL	4483	0.846454894	2,6,9,11,16	wah sorry go why to-do
POOL	4484	0.846440561	2,4,10,12,16	one tom lugo ing to-do
POOL	4485	0.846415480	1,2,6,12,16	new a tar growing to-do
POOL	4486	0.846410213	4,6,10,15,16	whatnot re- go into too
POOL	4487	0.846404103	4,6,8,11,16	wut re- new only to-do
POOL	4488	0.846403593	2,4,6,10,16	one tom re- no-go to-do
POOL	4489	0.846401610	2,4,6,11,16	won top re- goatee to-do
POOL	4490	0.846392301	4,6,10,15,16	whatcha re- go into new
POOL	4491	0.846391964	4,8,10,13,16	wut ryu show inc to-do
POOL	4492	0.846390174	4,8,10,15,16	wut ryu oh into new
POOL	4493	0.846387675	2,4,7,11,16	one top new go-by to-do
POOL	4494	0.846387185	2,4,8,10,16	one da ryu oh to-do
POOL	4495	0.846385898	2,4,10,12,16	won top rio in to-do
POOL	4496	0.846384473	1,2,4,6,12,16	were uhh top re- growing too
POOL	4497	0.846365285	2,4,8,10,16	why ta ryu oh to-do
POOL	4498	0.846353182	4,8,10,13,16	wut rig oh into to-do
POOL	4499	0.846351474	2,6,8,10,16	were sorry oooh oh to-do
POOL	4500	0.846344220	2,6,8,10,16	one tawny ooh oh to-do
POOL	4501	0.846342898	2,4,8,10,16	one cause ryu oh to-do
POOL	4502	0.846337023	2,4,7,12,15,16	one ta liu growing too ooh
POOL	4503	0.846336710	4,6,10,12,16	wut re- go-go thing to-do
POOL	4504	0.846333329	2,4,6,12,16	one da re- growing to-do
POOL	4505	0.846332213	2,6,8,10,16	were sorry dog oh to-do
POOL	4506	0.846330131	2,6,10,14,16	won car no-go into due
POOL	4507	0.846329488	4,6,8,12,16	wot re- new owing to-do
POOL	4508	0.846326780	2,4,6,10,16	wah top re- go-go to-do
POOL	4509	0.846326435	2,6,8,10,16	one sorry ooh owe to-do
POOL	4510	0.846323987	2,4,10,12,16	one top rio thing to-do
POOL	4511	0.846323855	2,4,6,11,16	won car re- goa to-do
POOL	4512	0.846323116	2,4,6,12,16	one ta free growing to-do
POOL	4513	0.846321504	2,5,10,11,16	wa car hugo see to-do
POOL	4514	0.846319700	2,5,10,11,16	were car lugo see to-do
POOL	4515	0.846315687	4,8,10,13,16	wut ryu owe it to-do
POOL	4516	0.846314218	2,4,6,10,16	was top re- ago to-do
POOL	4517	0.846312157	2,4,8,11,16	won ta league only to-do
POOL	4518	0.846311758	4,7,10,15,16	wut ryu go into new
POOL	4519	0.846311429	2,4,6,12,16	why ta re- growing to-do
POOL	4520	0.846308768	2,4,7,11,16	one da ryu go to-do
POOL	4521	0.846304116	1,2,6,12,16	new uhh car growing to-do
POOL	4522	0.846295226	2,4,7,12,15,16	one top liu growing too too
POOL	4523	0.846295204	2,4,10,12,16	wa top lugo in to-do
POOL	4524	0.846293445	4,8,10,12,16	wut ryu know ing to-do
POOL	4525	0.846291525	1,2,4,6,12,16	ooh a ta re- growing too
POOL	4526	0.846289602	4,6,8,12,16	wet re- too owing to-do
POOL	4527	0.846289042	2,4,6,12,16	one cause re- growing to-do
POOL	4528	0.846286868	2,4,7,11,16	why ta ryu go to-do
POOL	4529	0.846283048	1,2,6,12,16	new a tree growing to-do
POOL	4530	0.846279657	2,5,10,11,16	one tar no-go see to-do
POOL	4531	0.846264481	2,4,7,11,16	one cause ryu go to-do
POOL	4532	0.846250618	2,4,8,10,16	won top ryu show to-do
POOL	4533	0.846245163	2,4,7,10,11,16	owe cob liu go a to-do
POOL	4534	0.846243823	2,4,6,12,16	one top ree growing to-do
POOL	4535	0.846228609	2,4,6,10,16	a top re- ago to-do
POOL	4536	0.846215258	4,8,10,13,16	watt ryu oh ink to-do
POOL	4537	0.846212293	2,6,8,10,16	one sorry ooh go to-do
POOL	4538	0.846207745	3,4,7,10,13,15,16	wut ahh liu ole inc food ooh
POOL	4539	0.846199430	2,4,8,10,16	one ta ryu owe to-do
POOL	4540	0.846197883	2,4,6,11,16	well ta re- goa to-do
POOL	4541	0.846193457	2,5,8,10,12,16	one car ruse oh in to-do
POOL	4542	0.846192947	2,4,10,13,15,16	one tech lugo inc food new
POOL	4543	0.846189716	2,4,8,10,16	were top ryu know to-do
POOL	4544	0.846183319	4,6,10,12,16	whatnot free go ing to-do
POOL	4545	0.846177840	2,5,10,13,16	wha car hugo inc to-do
POOL	4546	0.846175821	2,6,9,11,16	one sorry oh way to-do
POOL	4547	0.846173549	4,7,10,11,16	whatnot new go see to-do
POOL	4548	0.846168019	2,4,10,12,16	wha top lugo thing to-do
POOL	4549	0.846166529	4,8,10,13,16	wut ruger oh inc to-do
POOL	4550	0.846160399	2,4,10,12,16	one too lugo ing to-do
POOL	4551	0.846153873	2,5,10,13,16	won car lugo think to-do
POOL	4552	0.846147754	2,4,10,12,16	won ta hugo ing to-do
POOL	4553	0.846146870	3,6,10,15,16	want ari go into new
POOL	4554	0.846143146	2,6,9,11,16	one tawny go way to-do
POOL	4555	0.846136842	4,7,10,13,16	watt ryu go ink to-do
POOL	4556	0.846133099	3,6,10,15,16	wut ari go into too
POOL	4557	0.846116365	2,4,6,11,16	won ta re- goalie to-do
POOL	4558	0.846106754	2,4,6,11,16	one pa re- goa to-do
POOL	4559	0.846102230	2,4,10,12,16	won top lugo king to-do
POOL	4560	0.846094482	2,4,6,12,16	one ta year growing to-do
POOL	4561	0.846080896	2,4,6,10,16	one top lee ago to-do
POOL	4562	0.846069582	2,4,6,12,16	one ta real growing to-do
POOL	4563	0.846068803	2,4,10,12,16	wah top hugo in to-do
POOL	4564	0.846061127	2,4,6,12,16	one ta re- glowing to-do
POOL	4565	0.846055524	2,4,8,11,16	one ta liu only to-do
POOL	4566	0.846049288	2,6,9,11,16	won car goo-goo way to-do
POOL	4567	0.846043769	2,5,10,11,16	wa car hugo a to-do
POOL	4568	0.846037758	4,7,10,11,16	whatsapp new go i to-do
POOL	4569	0.846037370	2,4,7,10,13,14,16	what ta liu go inc rule due
POOL	4570	0.846029015	4,6,8,12,16	wut lee new owing to-do
POOL	4571	0.846026959	2,4,6,10,16	wa top re- ago to-do
POOL	4572	0.846025183	2,4,8,10,16	won top ruger oh to-do
POOL	4573	0.846017408	2,4,10,12,16	one top lugo inn to-do
POOL	4574	0.846017301	4,6,10,12,16	whatcha re- go is to-do
POOL	4575	0.846008485	2,4,6,11,16	was ta re- goa to-do
POOL	4576	0.846005440	2,4,10,12,16	well top lugo ing to-do
POOL	4577	0.846002030	2,4,6,12,16	one top re- going to-do
POOL	4578	0.845983723	2,6,10,14,16	wah sorry go into doo
POOL	4579	0.845973035	2,5,10,11,16	wah car hugo i to-do
POOL	4580	0.845970119	2,6,9,11,16	won sorry go win to-do
POOL	4581	0.845967228	2,4,6,11,16	wah top re- lugo to-do
POOL	4582	0.845966238	2,4,6,12,16	one ta re- owing to-do
POOL	4583	0.845963318	2,5,10,11,16	won tar hugo i. to-do
POOL	4584	0.845958159	4,8,10,13,16	wut ryu owe think to-do
POOL	4585	0.845954685	4,6,10,12,16	whatnot year go ing to-do
POOL	4586	0.845954290	2,5,10,13,16	one tar hugo think to-do
POOL	4587	0.845953611	2,5,10,13,16	why car hugo inc to-do
POOL	4588	0.845939691	4,8,10,12,16	watt ryu oh thing to-do
POOL	4589	0.845934263	4,6,9,11,16	wut re- goo-goo we to-do
POOL	4590	0.845932993	4,6,10,12,16	whatnot lee go in to-do
POOL	4591	0.845925022	4,8,10,13,16	wut ryu know ink to-do
POOL	4592	0.845922876	2,4,6,11,16	a ta re- goa to-do
POOL	4593	0.845908917	2,4,8,10,16	won car ryu oh to-do
POOL	4594	0.845903841	2,6,9,11,16	wha sorry go why to-do
POOL	4595	0.845901751	1,2,4,6,12,16	were uhh ta re- growing too
POOL	4596	0.845897994	3,4,7,10,11,16	wut palm liu go a to-do
POOL	4597	0.845896959	2,4,8,10,16	one top ryu o to-do
POOL	4598	0.845895814	4,7,10,11,16	whatnot new go a to-do
POOL	4599	0.845885597	2,5,8,10,12,16	one tun new oh in to-do
POOL	4600	0.845866581	2,4,7,12,15,16	one top new growing too new
POOL	4601	0.845855062	2,4,6,12,16	won car re- growing to-do
POOL	4602	0.845846821	4,8,10,13,16	wut ryu ohh inc to-do
POOL	4603	0.845838640	1,4,6,11,16	oooh ta-ta re- go to-do
POOL	4604	0.845835269	2,5,10,13,16	one car lugo ink to-do
POOL	4605	0.845830501	2,4,7,11,16	won car ryu go to-do
POOL	4606	0.845821184	2,4,6,11,16	were top re- goalie to-do
POOL	4607	0.845812504	2,4,7,12,15,16	one ta liu growing too too
POOL	4608	0.845810632	2,6,9,11,16	won sorry go will to-do
POOL	4609	0.845810632	2,6,9,11,16	won sorry go with to-do
POOL	4610	0.845786917	4,6,8,12,16	wut re- knew owing to-do
POOL	4611	0.845782945	2,4,8,10,16	well ta ryu oh to-do
POOL	4612	0.845779075	2,4,6,10,16	was top re- no-go to-do
POOL	4613	0.845776955	4,8,10,13,16	wot ryu oh it to-do
POOL	4614	0.845775727	2,4,6,10,16	wha top re- go-go to-do
POOL	4615	0.845775166	4,8,10,13,16	whatsapp liu oh inc to-do
POOL	4616	0.845775163	2,4,6,11,16	one ta lee goa to-do
POOL	4617	0.845769915	4,6,7,10,12,16	wut earn new go if to-do
POOL	4618	0.845767006	1,2,4,6,12,16	too a ta re- growing too
POOL	4619	0.845758754	2,5,8,10,13,15,16	trois car yoo oh inc food loose
POOL	4620	0.845749143	2,4,6,10,16	won top free ago to-do
POOL	4621	0.845733653	4,6,8,12,16	wut re- new knowing to-do
POOL	4622	0.845729090	2,4,6,12,16	well ta re- growing to-do
POOL	4623	0.845721226	2,4,6,11,16	wa ta re- goa to-do
POOL	4624	0.845719500	4,6,8,12,16	wut free too owing to-do
POOL	4625	0.845718591	2,5,10,13,15,16	wai car hugo inc food new
POOL	4626	0.845718435	3,4,7,10,11,16	wut ahh yo go a to-do
POOL	4627	0.845717359	2,4,10,11,16	one top lugo give to-do
POOL	4628	0.845710970	1,4,6,11,16	were uh-uh free go to-do
POOL	4629	0.845705475	2,4,8,10,16	won top ryu ohh to-do
POOL	4630	0.845704528	2,4,7,11,16	well ta ryu go to-do
POOL	4631	0.845698743	4,6,8,10,11,16	wut re- new lowe boy to-do
POOL	4632	0.845698538	4,7,10,11,16	wot ryu go if to-do
POOL	4633	0.845698538	4,7,10,11,16	wot ryu go in to-do
POOL	4634	0.845698538	4,7,10,11,16	wot ryu go is to-do
POOL	4635	0.845698538	4,7,10,11,16	wot ryu go it to-do
POOL	4636	0.845696750	4,7,10,13,16	whatsapp liu go inc to-do
POOL	4637	0.845693465	2,4,6,10,16	a top re- no-go to-do
POOL	4638	0.845691816	2,4,8,10,16	one pa ryu oh to-do
POOL	4639	0.845688283	4,8,10,12,16	wut ryu oh king to-do
POOL	4640	0.845686710	1,2,6,12,16	oooh a car growing to-do
POOL	4641	0.845682767	2,5,10,13,16	won car no-go it to-do
POOL	4642	0.845681401	2,5,10,13,16	one tar lugo inc to-do
POOL	4643	0.845680887	4,8,10,13,16	watt league oh into to-do
POOL	4644	0.845671010	4,6,8,13,15,16	wut re- lew owing food new
POOL	4645	0.845655678	1,2,4,6,11,16	were a awe re- wo to-do
POOL	4646	0.845650259	2,5,8,10,13,15,16	yah car yoo wrote inc food ooh
POOL	4647	0.845649455	4,8,10,12,16	wut ryu know thing to-do
POOL	4648	0.845639525	2,4,8,10,16	wah top ryu know to-do
POOL	4649	0.845637961	2,4,6,12,16	one pa re- growing to-do
POOL	4650	0.845624443	4,8,10,13,16	whatsapp league oh it to-do
POOL	4651	0.845613400	2,4,7,11,16	one pa ryu go to-do
POOL	4652	0.845610834	2,4,6,8,10,16	juan top re- vu oh to-do
POOL	4653	0.845599806	3,4,6,7,10,13,16	at ahh re- ooh go inc woof
POOL	4654	0.845597838	2,4,7,12,15,16	one top liu growing too oooh
POOL	4655	0.845595585	4,6,8,12,16	watt re- ooh owing to-do
POOL	4656	0.845593689	2,5,10,13,16	one car hugo eat to-do
POOL	4657	0.845593547	2,4,8,10,16	was ta ryu oh to-do
POOL	4658	0.845590237	2,4,6,10,16	won tom re- ago to-do
POOL	4659	0.845587469	2,6,10,14,16	wah sorry go into dew
POOL	4660	0.845577245	4,6,7,10,11,16	wut re- duke go tee to-do
POOL	4661	0.845568152	2,4,7,10,15,16	one top liu go into war
POOL	4662	0.845564218	2,6,9,11,16	one sorry oh why to-do
POOL	4663	0.845554116	1,2,6,12,16	we uhh car growing to-do
POOL	4664	0.845551140	1,2,4,6,12,16	we uhh top re- growing too
POOL	4665	0.845549044	4,6,8,13,15,16	wut re- new sowing food new
POOL	4666	0.845545752	2,4,6,10,16	one top lee no-go to-do
POOL	4667	0.845539692	2,4,6,12,16	was ta re- growing to-do
POOL	4668	0.845531543	2,6,9,11,16	one tawny go why to-do
POOL	4669	0.845530501	2,6,10,14,16	why party go into too
POOL	4670	0.845515131	2,4,7,11,16	was ta ryu go to-do
POOL	4671	0.845507938	2,4,8,10,16	a ta ryu oh to-do
POOL	4672	0.845502034	2,4,8,10,13,15,16	what ta liu oh kent food ooh
POOL	4673	0.845497704	1,4,6,11,16	who uh-uh re- go to-do
POOL	4674	0.845495609	2,4,6,10,16	won top real ago to-do
POOL	4675	0.845491816	2,4,6,10,16	wa top re- no-go to-do
POOL	4676	0.845490867	4,6,8,12,16	wut year too owing to-do
POOL	4677	0.845486178	2,5,10,13,16	won car ego inc to-do
POOL	4678	0.845482336	1,4,6,11,16	were uh-uh year go to-do
POOL	4679	0.845477860	2,4,10,15,16	won top lugo into too
POOL	4680	0.845465966	4,6,8,12,16	wut real too owing to-do
POOL	4681	0.845457436	1,4,6,11,16	were uh-uh real go to-do
POOL	4682	0.845454082	2,4,6,12,16	a ta re- growing to-do
POOL	4683	0.845454011	2,4,6,10,14,16	wat tung re- go into due
POOL	4684	0.845453623	2,4,6,11,16	won da re- goa to-do
POOL	4685	0.845446145	2,6,9,11,16	one sorry goo way to-do
POOL	4686	0.845443410	2,4,6,11,16	won ta free goa to-do
POOL	4687	0.845443361	2,4,7,12,15,16	won top liu growing too new
POOL	4688	0.845438194	4,7,10,12,16	wut ryu go ing to-do
POOL	4689	0.845437686	2,6,9,11,16	won car goo-goo why to-do
POOL	4690	0.845432670	2,6,10,14,16	wha sorry go into doo
POOL	4691	0.845429521	2,4,7,11,16	a ta ryu go to-do
POOL	4692	0.845425900	4,8,10,12,16	wut ryu owe in to-do
POOL	4693	0.845419427	4,8,10,13,16	wot ryu oh think to-do
POOL	4694	0.845416175	2,4,6,11,16	wha top re- lugo to-do
POOL	4695	0.845415438	4,8,10,13,16	watt ryu know inc to-do
POOL	4696	0.845409336	2,4,6,11,16	won cause re- goa to-do
POOL	4697	0.845407122	4,8,10,12,16	wet ryu oh ing to-do
POOL	4698	0.845404279	2,4,6,10,16	one tom re- go-go to-do
POOL	4699	0.845400402	1,4,6,11,16	due uh-uh re- go to-do
POOL	4700	0.845390650	4,8,10,13,16	wut league know into to-do
POOL	4701	0.845383859	2,4,7,12,15,16	one ta new growing too new
POOL	4702	0.845371271	2,5,10,13,16	well car hugo inc to-do
POOL	4703	0.845369863	2,4,6,8,11,16	ya top re- wii oh to-do
POOL	4704	0.845364117	2,4,6,11,16	won top ree goa to-do
POOL	4705	0.845341011	4,7,10,13,16	wot ryu go think to-do
POOL	4706	0.845333345	4,8,10,13,16	whatnot league oh inc to-do
POOL	4707	0.845332162	2,4,6,10,16	were ta re- ago to-do
POOL	4708	0.845330817	2,6,10,14,16	won car go-go into due
POOL	4709	0.845325239	2,5,10,13,16	won car no-go think to-do
POOL	4710	0.845321857	4,6,8,10,11,16	wut re- coup shows' a to-do
POOL	4711	0.845319085	2,4,6,9,11,16	one sa re- waugh we to-do
POOL	4712	0.845310075	2,4,6,10,16	won too re- ago to-do
POOL	4713	0.845306369	2,4,6,12,16	one ta lee growing to-do
POOL	4714	0.845306288	2,4,8,10,16	wa ta ryu oh to-do
POOL	4715	0.845303288	1,2,6,12,16	were uh car growing to-do
POOL	4716	0.845292736	2,6,9,11,16	won sorry go wee to-do
POOL	4717	0.845290811	2,4,7,11,16	one top liu go-by to-do
POOL	4718	0.845285883	2,4,7,12,15,16	one top new growing too ooh
POOL	4719	0.845272840	2,4,10,11,16	uh top lugo see to-do
POOL	4720	0.845270993	2,4,6,11,16	wah top re- goalie to-do
POOL	4721	0.845260016	2,6,9,11,16	won sorry go boy to-do
POOL	4722	0.845258491	2,4,8,10,16	one todd ryu oh to-do
POOL	4723	0.845252433	2,4,6,12,16	wa ta re- growing to-do
POOL	4724	0.845252197	2,6,8,10,12,16	one darn yu oh in to-do
POOL	4725	0.845232219	2,6,9,11,16	wa sorry go way to-do
POOL	4726	0.845227872	2,4,7,11,16	wa ta ryu go to-do
POOL	4727	0.845208442	2,6,10,14,16	why sorry go into doo
POOL	4728	0.845204636	2,4,6,12,16	one todd re- growing to-do
POOL	4729	0.845203633	2,4,6,10,16	one top free lugo to-do
POOL	4730	0.845196584	4,8,10,13,16	wut raju oh it to-do
POOL	4731	0.845191946	2,4,6,10,16	why top re- lugo to-do
POOL	4732	0.845181873	2,5,10,13,16	was car hugo inc to-do
POOL	4733	0.845180075	2,4,7,11,16	one todd ryu go to-do
POOL	4734	0.845177796	1,4,8,12,16	new at league owing to-do
POOL	4735	0.845176404	4,6,8,12,16	wut re- too showing to-do
POOL	4736	0.845165699	2,5,10,13,16	were car hugo think to-do
POOL	4737	0.845136304	3,4,7,10,11,16	web ahh liu go a to-do
POOL	4738	0.845122953	2,4,8,10,12,16	one char league oh ang to-do
POOL	4739	0.845120302	4,6,10,15,16	whatsapp re- go into oooh
POOL	4740	0.845115116	2,4,7,12,15,16	one ta liu growing too oooh
POOL	4741	0.845108696	2,4,8,10,16	won top ryu aux to-do
POOL	4742	0.845100351	2,4,6,7,11,16	one uh rid new go to-do
POOL	4743	0.845096264	2,5,10,13,16	a car hugo inc to-do
POOL	4744	0.845094201	4,7,10,13,16	watt new go into to-do
POOL	4745	0.845094124	2,4,7,10,13,14,16	one tee pugh go inc ooh due
POOL	4746	0.845089219	1,2,6,12,16	too a tar growing to-do
POOL	4747	0.845088472	2,4,8,10,16	wha top ryu know to-do
POOL	4748	0.845086758	4,6,7,10,12,16	yuk re- boo go in to-do
POOL	4749	0.845080327	2,4,8,10,16	one ta raju oh to-do
POOL	4750	0.845077842	4,6,8,11,16	wut re- too only to-do
POOL	4751	0.845076685	4,7,10,11,16	whatnot liu go see to-do
POOL	4752	0.845066040	4,6,10,15,16	whatcha re- go into too
POOL	4753	0.845063913	4,8,10,15,16	wut ryu oh into too
POOL	4754	0.845055094	2,4,6,10,16	won tom re- no-go to-do
POOL	4755	0.845053288	1,2,6,12,16	new uh car growing to-do
POOL	4756	0.845044727	2,4,6,10,16	one tom re- lugo to-do
POOL	4757	0.845039677	4,8,10,13,16	wut ryu own it to-do
POOL	4758	0.845039176	2,4,7,11,16	won top new go-by to-do
POOL	4759	0.845038685	2,4,8,10,16	won da ryu oh to-do
POOL	4760	0.845037758	4,7,10,11,16	whatsapp new go it to-do
POOL	4761	0.845036417	2,6,10,14,16	wha sorry go into dew
POOL	4762	0.845031314	3,5,7,10,13,15,16	what aar u go inc food ou
POOL	4763	0.845022452	2,4,7,11,16	one top new goa to-do
POOL	4764	0.845003227	4,6,8,12,16	wot re- too owing to-do
POOL	4765	0.845002354	4,6,8,10,11,16	wut heir dew oh a to-do
POOL	4766	0.844996237	2,4,6,10,16	one top ernie go to-do
POOL	4767	0.844994398	2,4,8,10,16	won cause ryu oh to-do
POOL	4768	0.844985497	4,7,10,15,16	wut ryu go into too
POOL	4769	0.844984830	2,4,6,12,16	won da re- growing to-do
POOL	4770	0.844977855	1,2,6,12,16	too uhh car growing to-do
POOL	4771	0.844974617	2,4,6,12,16	won ta free growing to-do
POOL	4772	0.844971265	2,6,10,14,16	won car lugo into due
POOL	4773	0.844967561	4,6,8,12,16	wut re- new o-ring to-do
POOL	4774	0.844960638	2,4,7,12,15,16	won ta liu growing too new
POOL	4775	0.844960505	3,6,10,11,16	rut ari go see to-do
POOL	4776	0.844960282	4,7,10,13,16	wet ryu go ink to-do
POOL	4777	0.844960269	2,4,7,11,16	won da ryu go to-do
POOL	4778	0.844956787	1,2,6,12,16	too a tree growing to-do
POOL	4779	0.844955159	2,4,6,12,16	won top we growing to-do
POOL	4780	0.844948161	2,6,10,14,16	well party go into too
POOL	4781	0.844940543	2,4,6,12,16	won cause re- growing to-do
POOL	4782	0.844923420	2,4,8,10,16	one ta ryu own to-do
POOL	4783	0.844915982	2,4,7,11,16	won cause ryu go to-do
POOL	4784	0.844895324	2,4,6,12,16	won top ree growing to-do
POOL	4785	0.844887168	4,8,10,12,16	wot ryu oh in to-do
POOL	4786	0.844864243	2,4,8,10,16	why top ryu know to-do
POOL	4787	0.844862662	2,4,7,12,15,16	won top liu growing too ooh
POOL	4788	0.844850931	2,4,8,10,16	won ta ryu owe to-do
POOL	4789	0.844838537	2,4,6,10,12,16	one top earn gove in to-do
POOL	4790	0.844834542	2,6,9,11,16	one sorry goo why to-do
POOL	4791	0.844827322	2,6,9,11,16	won sorry oh way to-do
POOL	4792	0.844820609	3,6,10,15,16	want ari go into too
POOL	4793	0.844818083	2,6,10,14,16	one sorry go into too
POOL	4794	0.844812188	2,6,10,14,16	why sorry go into dew
POOL	4795	0.844803160	2,4,7,12,15,16	one ta new growing too ooh
POOL	4796	0.844796716	3,6,8,10,13,15,16	wut yarn ooh oh inks food ooh
POOL	4797	0.844794646	2,6,9,11,16	won tawny go way to-do
POOL	4798	0.844794204	4,7,10,12,16	wut ryu go thing to-do
POOL	4799	0.844763132	4,8,10,12,16	wet ryu oh thing to-do
POOL	4800	0.844761363	2,4,7,12,15,16	one top new growing too too
POOL	4801	0.844754172	1,4,8,12,16	new up league owing to-do
POOL	4802	0.844753940	1,4,8,10,11,16	whoo ack league oh a to-do
POOL	4803	0.844746659	4,7,10,13,16	whatnot new go inc to-do
POOL	4804	0.844745983	2,4,6,12,16	won ta year growing to-do
POOL	4805	0.844743442	2,4,10,15,16	won top hugo into new
POOL	4806	0.844734655	4,8,10,12,16	whatsapp league oh in to-do
POOL	4807	0.844721082	2,4,6,12,16	won ta real growing to-do
POOL	4808	0.844719981	2,5,10,13,15,16	one car hugo inc whew new
POOL	4809	0.844715033	1,4,6,11,16	were ta-ta free go to-do
POOL	4810	0.844712628	2,4,6,12,16	won ta re- glowing to-do
POOL	4811	0.844710970	1,4,6,11,16	we uh-uh free go to-do
POOL	4812	0.844702754	4,6,8,12,16	wut lee too owing to-do
POOL	4813	0.844694223	1,4,6,11,16	were uh-uh lee go to-do
POOL	4814	0.844690621	2,6,9,11,16	wah car goo-goo we to-do
POOL	4815	0.844680904	2,6,9,11,16	won tar goo-goo we to-do
POOL	4816	0.844680230	4,7,10,13,16	whatsapp new go think to-do
POOL	4817	0.844679435	2,4,6,12,16	were top free growing to-do
POOL	4818	0.844668316	1,4,8,12,16	new top league owing to-do
POOL	4819	0.844659479	4,8,10,12,16	wut ryu owe ing to-do
POOL	4820	0.844653531	2,4,6,12,16	won top re- going to-do
POOL	4821	0.844649988	2,4,6,8,11,16	one top re- fu toe to-do
POOL	4822	0.844620616	2,6,9,11,16	wa sorry go why to-do
POOL	4823	0.844617739	2,4,6,12,16	won ta re- owing to-do
POOL	4824	0.844612172	3,6,10,15,16	wut ali go into new
POOL	4825	0.844604454	2,5,8,10,11,16	trois car new oh p to-do
POOL	4826	0.844581486	1,4,6,11,16	well uh-uh re- go to-do
POOL	4827	0.844548472	2,6,9,11,16	won tree goo-goo we to-do
POOL	4828	0.844543925	4,7,10,13,15,16	whatcha liu go inc food rue
POOL	4829	0.844539636	4,6,10,15,16	whatnot re- go into ooh
POOL	4830	0.844520530	2,4,6,12,16	were tom re- growing to-do
POOL	4831	0.844507028	3,6,10,11,16	wut ari go eh to-do
POOL	4832	0.844501766	1,4,6,11,16	who ta-ta re- go to-do
POOL	4833	0.844500120	2,5,7,10,13,15,16	one conn yoo go ich food ooh
POOL	4834	0.844495968	2,4,7,11,16	were tom ryu go to-do
POOL	4835	0.844486399	1,4,6,11,16	were ta-ta year go to-do
POOL	4836	0.844482336	1,4,6,11,16	we uh-uh year go to-do
POOL	4837	0.844480429	2,4,6,7,11,16	one la re- news go to-do
POOL	4838	0.844461498	1,4,6,11,16	were ta-ta real go to-do
POOL	4839	0.844457436	1,4,6,11,16	we uh-uh real go to-do
POOL	4840	0.844455421	2,5,8,10,11,16	qua car meu oh a to-do
POOL	4841	0.844450801	2,4,6,12,16	were top year growing to-do
POOL	4842	0.844444223	1,4,6,11,16	new uh-uh lee go to-do
POOL	4843	0.844428208	1,4,6,11,16	way uh-uh re- go to-do
POOL	4844	0.844425901	2,4,6,12,16	were top real growing to-do
POOL	4845	0.844419026	4,6,8,12,16	wet re- ooh owing to-do
POOL	4846	0.844407392	4,6,8,12,16	wut re- too knowing to-do
POOL	4847	0.844404465	1,4,6,11,16	due ta-ta re- go to-do
POOL	4848	0.844393901	3,6,7,10,11,16	wut carr new go we to-do
POOL	4849	0.844393307	2,6,9,11,16	wah party go we to-do
POOL	4850	0.844321433	2,5,8,10,11,16	wan tun new oh a to-do
POOL	4851	0.844319783	2,4,8,10,13,14,16	wash ta liu oh inc ooh rue
POOL	4852	0.844306797	4,8,10,12,16	wut raju oh in to-do
POOL	4853	0.844306145	2,6,8,10,13,16	one car to oh inc to-do
POOL	4854	0.844303288	1,2,6,12,16	we uh car growing to-do
POOL	4855	0.844264900	2,4,7,11,16	won pa ryu go to-do
POOL	4856	0.844262522	3,6,10,15,16	wut ari go into ooh
POOL	4857	0.844254961	4,8,10,12,16	wut ryu oh inn to-do
POOL	4858	0.844252535	1,2,6,12,16	due a car growing to-do
POOL	4859	0.844251632	4,6,8,10,16	whatsapp re- new oh to-do
POOL	4860	0.844248205	1,2,5,10,13,16	whew a car whoa inc to-do
POOL	4861	0.844226933	2,4,8,10,13,14,16	one dah liu glow inc ooh due
POOL	4862	0.844224702	2,4,7,11,16	one ahh ryu go to-do
POOL	4863	0.844215806	2,4,7,11,16	were too ryu go to-do
POOL	4864	0.844215719	2,6,9,11,16	won sorry oh why to-do
POOL	4865	0.844207001	3,6,8,10,13,15,16	wut arse ooh sew inc food ooh
POOL	4866	0.844184278	4,6,10,14,16	wut re- ago into due
POOL	4867	0.844183044	2,6,9,11,16	won tawny go why to-do
POOL	4868	0.844173216	4,6,7,11,16	whatsapp re- new go to-do
POOL	4869	0.844149890	4,8,10,12,16	wut ryu own in to-do
POOL	4870	0.844139568	2,6,9,11,16	wha car goo-goo we to-do
POOL	4871	0.844137547	1,2,4,6,7,12,16	were a ta re- ooh go too
POOL	4872	0.844129297	4,6,8,12,16	watt re- oooh owing to-do
POOL	4873	0.844127799	3,4,6,11,16	one-two ahh re- go to-do
POOL	4874	0.844120747	4,8,10,12,16	wot ryu oh ing to-do
POOL	4875	0.844110036	4,6,8,12,16	watt re- dog owing to-do
POOL	4876	0.844097645	2,6,9,11,16	won sorry goo way to-do
POOL	4877	0.844090407	1,2,5,10,16	new a car hugo to-do
POOL	4878	0.844063330	2,4,8,10,12,14,16	awe ta liu two ing too due
POOL	4879	0.844051114	1,2,6,12,16	new a car glowing to-do
POOL	4880	0.844045964	2,4,8,9,10,12,16	one ta liu ooh a ing tube
POOL	4881	0.844041513	3,6,10,15,16	wut sorry go into new
POOL	4882	0.844036586	2,4,6,10,13,14,16	shoe ta t. go inc ooh due
POOL	4883	0.844031579	4,6,10,15,16	wut re- ago into new
POOL	4884	0.844015488	4,8,10,12,16	wut ryu owe thing to-do
POOL	4885	0.844009695	2,4,7,10,13,16	one don liu go neat to-do
POOL	4886	0.844003833	3,6,10,13,15,16	mat ari go inc food new
POOL	4887	0.843997337	4,7,10,13,16	watt liu go into to-do
POOL	4888	0.843988589	1,4,8,10,11,16	were at meu oh ill to-do
POOL	4889	0.843968234	4,8,10,12,16	whatsapp league oh ing to-do
POOL	4890	0.843959216	1,2,4,8,12,16	were a top league aux to-do
POOL	4891	0.843956225	1,2,6,12,16	new a car owing to-do
POOL	4892	0.843947037	4,6,8,12,16	wut we new owing to-do
POOL	4893	0.843945777	2,4,7,11,16	wah tom ryu go to-do
POOL	4894	0.843942311	2,4,7,11,16	won top liu go-by to-do
POOL	4895	0.843940893	4,7,10,13,16	whatsapp liu go it to-do
POOL	4896	0.843925587	2,4,7,11,16	one top liu goa to-do
POOL	4897	0.843918316	1,4,8,12,16	we top league owing to-do
POOL	4898	0.843917642	4,7,10,13,16	wet new go into to-do
POOL	4899	0.843915340	2,6,9,11,16	why car goo-goo we to-do
POOL	4900	0.843899394	4,6,10,14,16	whatsapp free go into due
POOL	4901	0.843887202	4,6,8,12,16	wut ree new owing to-do
POOL	4902	0.843887087	4,8,9,11,16	wut ryu new we to-do
POOL	4903	0.843882747	3,4,6,11,16	one-two awe re- go to-do
POOL	4904	0.843851534	1,4,8,12,16	too at league owing to-do
POOL	4905	0.843848924	4,6,8,12,16	wut free ooh owing to-do
POOL	4906	0.843842255	2,6,9,11,16	wha party go we to-do
POOL	4907	0.843831575	2,4,7,11,16	won todd ryu go to-do
POOL	4908	0.843823192	2,4,7,10,13,16	wong y'are liu go inc to-do
POOL	4909	0.843813161	2,4,8,9,13,15,16	when ta liu ooh winch food ooh
POOL	4910	0.843812135	3,4,6,10,12,16	wut th'are e'er go in to-do
POOL	4911	0.843807083	2,6,8,10,12,16	o car oof oh in to-do
POOL	4912	0.843771522	3,4,6,11,16	one-two ah re- go to-do
POOL	4913	0.843764686	1,2,6,12,16	new a carl growing to-do
POOL	4914	0.843755603	1,2,6,12,16	new of car growing to-do
POOL	4915	0.843755603	1,2,6,12,16	new up car growing to-do
POOL	4916	0.843746695	4,6,10,15,16	whatsapp free go into new
POOL	4917	0.843746321	4,8,10,12,16	wut ryu show in to-do
POOL	4918	0.843727027	1,2,6,12,16	too uh car growing to-do
POOL	4919	0.843724855	2,4,10,15,16	won ta lugo into new
POOL	4920	0.843715033	1,4,6,11,16	we ta-ta free go to-do
POOL	4921	0.843698286	1,4,6,11,16	were ta-ta lee go to-do
POOL	4922	0.843694223	1,4,6,11,16	we uh-uh lee go to-do
POOL	4923	0.843680394	3,4,7,10,13,15,16	wut yah liu eau inc food ooh
POOL	4924	0.843673952	2,4,7,11,16	won top new goa to-do
POOL	4925	0.843673907	4,7,10,13,16	wot ryu go ink to-do
POOL	4926	0.843670760	4,6,10,14,16	whatsapp year go into due
POOL	4927	0.843670180	2,4,8,12,15,16	one top league owing stood new
POOL	4928	0.843667390	1,4,6,11,16	new at re- goa to-do
POOL	4929	0.843665615	2,4,7,11,16	wah too ryu go to-do
POOL	4930	0.843649795	4,7,10,13,16	whatnot liu go inc to-do
POOL	4931	0.843649134	4,6,10,14,16	wut re- no-go into due
POOL	4932	0.843645859	4,6,10,14,16	whatsapp real go into due
POOL	4933	0.843641300	4,6,8,12,16	wut re- too o-ring to-do
POOL	4934	0.843622062	2,4,6,7,10,12,16	oooh ta re- ooh go ing toad
POOL	4935	0.843620290	4,6,8,12,16	wut year ooh owing to-do
POOL	4936	0.843615135	2,4,7,13,15,16	one top yew growing food new
POOL	4937	0.843614470	3,4,8,10,13,15,16	wut tom liu oh tint food ooh
POOL	4938	0.843612597	2,4,8,10,12,16	wish paw league oh in to-do
POOL	4939	0.843607284	2,4,10,15,16	won top lugo into ooh
POOL	4940	0.843595389	4,6,8,12,16	wut real ooh owing to-do
POOL	4941	0.843585549	1,4,6,11,16	well ta-ta re- go to-do
POOL	4942	0.843583365	4,7,10,13,16	whatsapp liu go think to-do
POOL	4943	0.843572662	1,4,8,12,16	new at liu owing to-do
POOL	4944	0.843544906	1,2,6,7,10,12,16	were a car ooh go ing whoo
POOL	4945	0.843540376	4,8,10,12,16	wut raju oh ing to-do
POOL	4946	0.843520885	4,8,10,12,16	wut ruger oh in to-do
POOL	4947	0.843518764	2,5,8,10,11,16	one starve new oh a to-do
POOL	4948	0.843518061	4,6,10,15,16	whatsapp year go into new
POOL	4949	0.843508988	4,7,10,13,16	watt ryu go eat to-do
POOL	4950	0.843496435	4,6,10,15,16	wut re- no-go into new
POOL	4951	0.843493160	4,6,10,15,16	whatsapp real go into new
POOL	4952	0.843486399	1,4,6,11,16	we ta-ta year go to-do
POOL	4953	0.843486042	2,6,9,11,16	won sorry goo why to-do
POOL	4954	0.843478960	2,5,7,10,11,16	one car loot go a to-do
POOL	4955	0.843476756	4,8,10,12,16	wot ryu oh thing to-do
POOL	4956	0.843468654	2,6,9,11,16	wah sorry oh we to-do
POOL	4957	0.843463432	2,6,9,11,16	one tar goo-goo way to-do
POOL	4958	0.843461498	1,4,6,11,16	we ta-ta real go to-do
POOL	4959	0.843448286	1,4,6,11,16	new ta-ta lee go to-do
POOL	4960	0.843442803	2,4,7,10,11,16	swung top liu go ed to-do
POOL	4961	0.843439954	3,4,6,10,12,16	wut ahh yeah goal in to-do
POOL	4962	0.843435979	2,6,9,11,16	wah tawny go we to-do
POOL	4963	0.843433618	1,2,6,12,16	well a car growing to-do
POOL	4964	0.843432271	1,4,6,11,16	way ta-ta re- go to-do
POOL	4965	0.843427911	1,4,8,12,16	too up league owing to-do
POOL	4966	0.843423427	1,2,4,8,10,16	were a twa ru oh to-do
POOL	4967	0.843419692	4,6,9,11,16	whatsapp re- go we to-do
POOL	4968	0.843417181	2,4,10,15,16	won top hugo into too
POOL	4969	0.843394725	2,4,7,11,16	wha tom ryu go to-do
POOL	4970	0.843383469	4,8,10,12,16	wut ryu own ing to-do
POOL	4971	0.843368291	4,6,9,11,16	wut re- goo-goo way to-do
POOL	4972	0.843347208	1,2,6,10,12,16	boo a car wo in to-do
POOL	4973	0.843346292	3,4,8,10,12,16	wit ahh fugue oh in to-do
POOL	4974	0.843342054	1,4,8,12,16	too top league owing to-do
POOL	4975	0.843333000	2,6,9,11,16	well car goo-goo we to-do
POOL	4976	0.843331000	2,6,9,11,16	one tree goo-goo way to-do
POOL	4977	0.843324244	4,8,10,12,16	whatsapp league oh thing to-do
POOL	4978	0.843308409	2,4,7,11,16	one ta new go-by to-do
POOL	4979	0.843305827	4,6,8,12,16	wut re- ooh showing to-do
POOL	4980	0.843299682	3,6,10,15,16	want ali go into new
POOL	4981	0.843294752	4,7,10,13,16	wah ryu go inc to-do
POOL	4982	0.843285911	3,6,10,15,16	wut ali go into too
POOL	4983	0.843280340	1,2,6,12,16	way a car growing to-do
POOL	4984	0.843243767	1,4,6,11,16	new up re- goa to-do
POOL	4985	0.843232823	2,5,10,12,16	one car hugo ing to-do
POOL	4986	0.843218642	1,2,6,12,16	ooh a tar growing to-do
POOL	4987	0.843207265	4,6,8,11,16	wut re- ooh only to-do
POOL	4988	0.843201178	4,8,10,12,16	wut ryu ohh in to-do
POOL	4989	0.843198596	1,4,6,12,16	new at re- growing to-do
POOL	4990	0.843195463	4,6,10,15,16	whatcha re- go into ooh
POOL	4991	0.843193337	4,8,10,15,16	wut ryu oh into ooh
POOL	4992	0.843170496	2,4,7,11,16	why tom ryu go to-do
POOL	4993	0.843169288	3,6,10,15,16	watt ari go into new
POOL	4994	0.843157910	1,4,6,11,16	new top re- goa to-do
POOL	4995	0.843149039	1,4,8,12,16	new up liu owing to-do
POOL	4996	0.843147976	3,5,7,10,13,15,16	what aar u go inc food due
POOL	4997	0.843141201	2,5,7,10,11,16	one dol new go big to-do
POOL	4998	0.843132650	4,6,8,12,16	wot re- ooh owing to-do
POOL	4999	0.843129522	4,8,10,12,16	whatsapp liu oh in to-do
POOL	5000	0.843117962	1,4,6,11,16	too uh-uh lee go to-do
POOL	5001	0.843114920	4,7,10,15,16	wut ryu go into ooh
POOL	5002	0.843114563	2,4,7,11,16	wha too ryu go to-do
POOL	5003	0.843111380	1,2,6,12,16	new us car growing to-do
POOL	5004	0.843107278	1,2,6,12,16	ooh uhh car growing to-do
POOL	5005	0.843086210	1,2,6,12,16	ooh a tree growing to-do
POOL	5006	0.843073347	4,6,10,15,16	whatnot re- go into oooh
POOL	5007	0.843067223	3,6,10,15,16	wut army go into new
POOL	5008	0.843063182	1,4,8,12,16	new top liu owing to-do
POOL	5009	0.843013126	4,7,10,13,16	whatsapp new go ink to-do
POOL	5010	0.842995944	4,7,10,13,16	wut use go into to-do
POOL	5011	0.842990803	4,7,10,13,16	whatnot new go it to-do
POOL	5012	0.842986798	1,2,6,8,10,12,16	war a car ooh oh ing tu
POOL	5013	0.842986200	2,4,6,10,14,16	one teh re- go into knew
POOL	5014	0.842984471	3,4,6,8,10,12,16	wut ahh re- ooh oh ing wu
POOL	5015	0.842979900	4,8,10,12,16	wut ryu show ing to-do
POOL	5016	0.842952737	4,6,8,12,16	wet re- oooh owing to-do
POOL	5017	0.842950032	3,6,10,15,16	want ari go into ooh
POOL	5018	0.842936374	4,6,8,12,16	watt re- puig owing to-do
POOL	5019	0.842933477	4,6,8,12,16	wet re- dog owing to-do
POOL	5020	0.842925371	4,6,8,10,16	whatsapp re- too oh to-do
POOL	5021	0.842917602	2,6,9,11,16	wha sorry oh we to-do
POOL	5022	0.842898741	2,6,8,13,16	one tarn new owing to-do
POOL	5023	0.842896385	4,8,10,12,16	wut raju oh thing to-do
POOL	5024	0.842890334	2,4,7,11,16	why too ryu go to-do
POOL	5025	0.842882647	4,6,10,14,16	whatsapp lee go into due
POOL	5026	0.842879482	2,4,10,15,16	wah top lugo into new
POOL	5027	0.842879160	3,4,6,10,11,16	wut ross re- go kee to-do
POOL	5028	0.842878696	4,8,10,12,16	wut ryu oh ring to-do
POOL	5029	0.842878201	4,7,10,13,16	wut view go into to-do
POOL	5030	0.842876203	2,4,7,11,16	won ahh ryu go to-do
POOL	5031	0.842868396	4,6,8,10,11,16	ta li boo oh a to-do
POOL	5032	0.842851904	2,4,8,11,16	one top redo oh to-do
POOL	5033	0.842846955	4,6,7,11,16	whatsapp re- too go to-do
POOL	5034	0.842832177	4,6,8,12,16	wut lee ooh owing to-do
POOL	5035	0.842796233	3,6,10,15,16	wut ari go into oooh
POOL	5036	0.842792423	4,6,8,12,16	watt re- who owing to-do
POOL	5037	0.842774973	1,4,6,12,16	new up re- growing to-do
POOL	5038	0.842773629	2,5,7,10,11,16	one com new go a to-do
POOL	5039	0.842769794	4,8,10,12,16	watt ryu know in to-do
POOL	5040	0.842764146	1,2,5,10,16	too a car hugo to-do
POOL	5041	0.842757887	2,5,10,15,16	won car hugo into new
POOL	5042	0.842756688	4,6,9,11,16	wut re- goo-goo why to-do
POOL	5043	0.842755690	4,6,8,12,16	watt free new owing to-do
POOL	5044	0.842754464	4,8,10,12,16	wut ruger oh ing to-do
POOL	5045	0.842745637	1,4,8,12,16	new but league owing to-do
POOL	5046	0.842729948	4,6,10,15,16	whatsapp lee go into new
POOL	5047	0.842729024	3,6,10,15,16	want sorry go into new
POOL	5048	0.842726834	1,2,6,12,16	new a star growing to-do
POOL	5049	0.842724853	1,2,6,12,16	too a car glowing to-do
POOL	5050	0.842721909	2,4,8,10,11,16	when tock yue oh a to-do
POOL	5051	0.842715252	3,6,10,15,16	wut sorry go into too
POOL	5052	0.842705318	4,6,10,15,16	wut re- ago into too
POOL	5053	0.842698286	1,4,6,11,16	we ta-ta lee go to-do
POOL	5054	0.842697296	4,6,8,12,16	watt re- two owing to-do
POOL	5055	0.842695122	4,6,8,12,16	watt re- due owing to-do
POOL	5056	0.842689116	1,4,6,12,16	new top re- growing to-do
POOL	5057	0.842687701	4,8,10,12,16	whatnot league oh in to-do
POOL	5058	0.842649820	4,6,10,14,16	wut re- go-go into due
POOL	5059	0.842644714	4,6,8,13,15,16	wut re- new owing food ohh
POOL	5060	0.842629964	1,2,6,12,16	too a car owing to-do
POOL	5061	0.842621827	1,2,6,12,16	new a karl growing to-do
POOL	5062	0.842620776	4,6,8,12,16	wut we too owing to-do
POOL	5063	0.842619760	1,2,6,12,16	were uhh tar growing to-do
POOL	5064	0.842588833	2,5,10,12,16	one car hugo thing to-do
POOL	5065	0.842588156	2,4,7,11,16	well tom ryu go to-do
POOL	5066	0.842577087	2,4,7,11,16	won top liu goa to-do
POOL	5067	0.842560941	4,6,8,12,16	wut ree too owing to-do
POOL	5068	0.842560826	4,8,9,11,16	wut ryu too we to-do
POOL	5069	0.842560124	4,6,7,11,16	wut re- new go-by to-do
POOL	5070	0.842552410	1,4,6,11,16	were uh-uh ree go to-do
POOL	5071	0.842551541	1,6,10,11,16	were tardy go eye to-do
POOL	5072	0.842536815	4,6,8,12,16	wut re- ooh knowing to-do
POOL	5073	0.842527056	4,6,8,12,16	watt year new owing to-do
POOL	5074	0.842502155	4,6,8,12,16	watt real new owing to-do
POOL	5075	0.842497121	4,6,10,15,16	wut re- go-go into new
POOL	5076	0.842493113	4,8,10,13,15,16	wut yue aww inc food new
POOL	5077	0.842487850	4,6,10,15,16	whatsapp re- go into knew
POOL	5078	0.842487328	1,2,6,12,16	were uhh tree growing to-do
POOL	5079	0.842468045	4,6,7,10,11,16	whet re- new gro a to-do
POOL	5080	0.842461098	2,4,10,11,16	one tosh lugo see to-do
POOL	5081	0.842456651	4,6,7,10,11,16	wut young or go a to-do
POOL	5082	0.842456053	2,4,7,10,16	were car ryu go to-do
POOL	5083	0.842453899	2,4,8,12,16	oh top league owing to-do
POOL	5084	0.842443506	2,5,10,13,15,16	one pair hugo inc food new
POOL	5085	0.842438425	1,2,6,12,16	too a carl growing to-do
POOL	5086	0.842429342	1,2,6,12,16	too of car growing to-do
POOL	5087	0.842429342	1,2,6,12,16	too up car growing to-do
POOL	5088	0.842420434	4,6,10,15,16	whatsapp free go into too
POOL	5089	0.842407910	1,4,6,11,16	we top re- goa to-do
POOL	5090	0.842398758	2,4,7,10,16	was tom ryu go to-do
POOL	5091	0.842398594	2,4,10,15,16	won ta lugo into too
POOL	5092	0.842386585	1,2,6,12,16	new a tarn growing to-do
POOL	5093	0.842382635	4,6,8,12,16	wut free oooh owing to-do
POOL	5094	0.842369760	1,2,6,12,16	new uhh tar growing to-do
POOL	5095	0.842363375	4,6,8,12,16	wut free dog owing to-do
POOL	5096	0.842341129	1,4,6,11,16	too at re- goa to-do
POOL	5097	0.842328430	2,4,10,15,16	wha top lugo into new
POOL	5098	0.842313182	1,4,8,12,16	we top liu owing to-do
POOL	5099	0.842313149	2,4,7,10,16	a tom ryu go to-do
POOL	5100	0.842307994	2,4,7,10,16	well too ryu go to-do
POOL	5101	0.842302410	1,4,6,11,16	new uh-uh ree go to-do
POOL	5102	0.842292064	3,5,7,10,13,15,16	what aar u go inc food knew
POOL	5103	0.842290268	4,6,10,14,16	wut re- lugo into due
POOL	5104	0.842264132	1,4,6,11,16	ooh uh-uh free go to-do
POOL	5105	0.842252801	4,8,10,14,16	watt ryu oh into due
POOL	5106	0.842248918	2,4,7,10,16	one top new ago to-do
POOL	5107	0.842248678	2,4,8,10,13,15,16	ware ta liu waugh inc food ooh
POOL	5108	0.842246401	1,4,8,12,16	too at liu owing to-do
POOL	5109	0.842245249	2,6,8,13,16	one tar dog owing to-do
POOL	5110	0.842237328	1,2,6,12,16	new uhh tree growing to-do
POOL	5111	0.842217914	2,6,8,13,16	won car knew owing to-do
POOL	5112	0.842204688	2,6,8,13,16	were tar new owing to-do
POOL	5113	0.842204677	4,6,8,10,16	whatnot re- new oh to-do
POOL	5114	0.842191800	4,6,10,15,16	whatsapp year go into too
POOL	5115	0.842170174	4,6,10,15,16	wut re- no-go into too
POOL	5116	0.842166899	4,6,10,15,16	whatsapp real go into too
POOL	5117	0.842154523	3,4,8,10,13,15,16	witt ahh liu oh inc watt ooh
POOL	5118	0.842141166	2,4,8,10,13,15,16	wong ta liu oh inc food to
POOL	5119	0.842140995	2,4,10,15,16	won top lugo into oooh
POOL	5120	0.842138294	2,5,10,13,15,16	one car hugo winked food new
POOL	5121	0.842137569	4,6,10,15,16	wut re- lugo into new
POOL	5122	0.842132870	3,4,8,10,12,16	wut ahh league vote in to-do
POOL	5123	0.842132077	2,6,8,13,16	one tree oooh owing to-do
POOL	5124	0.842126261	4,6,7,11,16	whatnot re- new go to-do
POOL	5125	0.842122025	1,4,6,11,16	too ta-ta lee go to-do
POOL	5126	0.842118596	2,4,7,10,16	was too ryu go to-do
POOL	5127	0.842114031	4,6,8,11,16	watt re- new only to-do
POOL	5128	0.842112817	2,6,8,13,16	one tree dog owing to-do
POOL	5129	0.842111499	2,4,7,10,16	wa tom ryu go to-do
POOL	5130	0.842104201	2,4,10,15,16	why top lugo into new
POOL	5131	0.842100102	4,8,10,15,16	watt ryu oh into new
POOL	5132	0.842072256	2,6,8,13,16	were tree new owing to-do
POOL	5133	0.842062528	2,4,8,13,16	one da league owing to-do
POOL	5134	0.842044695	1,4,8,12,16	were cut league owing to-do
POOL	5135	0.842035498	1,4,6,11,16	ooh uh-uh year go to-do
POOL	5136	0.842032987	2,4,7,10,16	a too ryu go to-do
POOL	5137	0.842029393	3,4,8,10,11,16	wut ahh league dope a to-do
POOL	5138	0.842021686	4,7,10,15,16	watt ryu go into new
POOL	5139	0.842010598	1,4,6,11,16	ooh uh-uh real go to-do
POOL	5140	0.841992728	3,6,10,15,16	wet ari go into new
POOL	5141	0.841980958	1,4,8,12,16	ooh at league owing to-do
POOL	5142	0.841973421	3,6,10,15,16	want ali go into too
POOL	5143	0.841962565	4,8,10,14,16	wut ryu know into due
POOL	5144	0.841956205	1,4,6,7,10,12,16	whew at re- ooh go ing tue
POOL	5145	0.841939116	1,4,6,12,16	we top re- growing to-do
POOL	5146	0.841937795	2,4,7,10,11,16	yeh top nee go a to-do
POOL	5147	0.841917506	1,4,6,11,16	too up re- goa to-do
POOL	5148	0.841912729	2,6,8,13,16	one star too owing to-do
POOL	5149	0.841905862	2,4,7,10,16	wah car ryu go to-do
POOL	5150	0.841905767	2,4,7,10,13,15,16	umm ta liu co. inc food ooh
POOL	5151	0.841884323	2,5,10,12,16	won car hugo ing to-do
POOL	5152	0.841872335	1,4,6,12,16	too at re- growing to-do
POOL	5153	0.841856450	1,2,6,12,16	ooh uh car growing to-do
POOL	5154	0.841853178	2,6,8,10,16	one donny new oh to-do
POOL	5155	0.841852439	4,6,10,14,16	whatnot free go into due
POOL	5156	0.841843027	3,6,10,15,16	watt ari go into too
POOL	5157	0.841831649	1,4,6,11,16	too top re- goa to-do
POOL	5158	0.841831337	2,4,7,10,16	wa too ryu go to-do
POOL	5159	0.841822778	1,4,8,12,16	too up liu owing to-do
POOL	5160	0.841809866	4,8,10,15,16	wut ryu know into new
POOL	5161	0.841794695	1,4,8,12,16	new cut league owing to-do
POOL	5162	0.841786490	2,4,6,10,14,16	one top nie goat into due
POOL	5163	0.841785119	1,2,6,12,16	too us car growing to-do
POOL	5164	0.841754734	3,6,10,15,16	want army go into new
POOL	5165	0.841752354	1,2,6,12,16	oooh a tar growing to-do
POOL	5166	0.841740977	4,6,8,11,16	wut re- oooh only to-do
POOL	5167	0.841740962	3,6,10,15,16	wut army go into too
POOL	5168	0.841736921	1,4,8,12,16	too top liu owing to-do
POOL	5169	0.841729175	4,6,10,15,16	whatcha re- go into oooh
POOL	5170	0.841727048	4,8,10,15,16	wut ryu oh into oooh
POOL	5171	0.841722635	4,6,10,11,16	wut re- goa see to-do
POOL	5172	0.841721717	4,6,8,11,16	wut re- dog only to-do
POOL	5173	0.841706127	2,4,7,10,12,16	awe top liu go lean to-do
POOL	5174	0.841704133	1,2,5,10,16	new a car lugo to-do
POOL	5175	0.841699740	4,6,10,15,16	whatnot free go into new
POOL	5176	0.841671973	1,2,5,7,10,13,16	whip a car yoo go inc ju
POOL	5177	0.841664175	2,4,10,15,16	won ta hugo into new
POOL	5178	0.841648632	4,7,10,15,16	wut ryu go into oooh
POOL	5179	0.841644191	4,6,9,11,16	watt re- goo-goo we to-do
POOL	5180	0.841640990	1,2,6,12,16	oooh uhh car growing to-do
POOL	5181	0.841634852	2,4,8,13,16	won top liu showing to-do
POOL	5182	0.841624803	3,4,8,10,12,16	wut i league oh in to-do
POOL	5183	0.841623805	4,6,10,14,16	whatnot year go into due
POOL	5184	0.841619922	1,2,6,12,16	oooh a tree growing to-do
POOL	5185	0.841619760	1,2,6,12,16	we uhh tar growing to-do
POOL	5186	0.841615123	1,2,5,10,13,16	were a car wo inc to-do
POOL	5187	0.841598905	4,6,10,14,16	whatnot real go into due
POOL	5188	0.841589049	1,4,8,12,16	new ta league owing to-do
POOL	5189	0.841585821	2,4,7,10,16	were da ryu go to-do
POOL	5190	0.841584261	2,4,8,13,16	won car league owing to-do
POOL	5191	0.841560019	1,4,8,12,16	new at rig owing to-do
POOL	5192	0.841557335	1,4,8,12,16	ooh up league owing to-do
POOL	5193	0.841556473	1,4,6,11,16	were ta-ta ree go to-do
POOL	5194	0.841553221	2,4,10,15,16	wah top lugo into too
POOL	5195	0.841552410	1,4,6,11,16	we uh-uh ree go to-do
POOL	5196	0.841546604	2,4,10,15,16	won top hugo into ooh
POOL	5197	0.841541534	2,4,7,10,16	were cause ryu go to-do
POOL	5198	0.841521861	2,4,10,15,16	well top lugo into new
POOL	5199	0.841509219	2,4,8,13,16	one ta league showing to-do
POOL	5200	0.841502119	2,4,8,13,16	why top rig owing to-do
POOL	5201	0.841487328	1,2,6,12,16	we uhh tree growing to-do
POOL	5202	0.841483744	3,6,10,15,16	want ari go into oooh
POOL	5203	0.841483289	2,5,8,10,12,16	one conn. rue oh in to-do
POOL	5204	0.841471478	1,4,8,12,16	ooh top league owing to-do
POOL	5205	0.841471106	4,6,10,15,16	whatnot year go into new
POOL	5206	0.841458646	2,4,8,9,11,15,16	ya ta liu ooh we rood ooh
POOL	5207	0.841456390	2,4,8,12,16	one duh league owing to-do
POOL	5208	0.841448712	1,4,6,12,16	too up re- growing to-do
POOL	5209	0.841446206	4,6,10,15,16	whatnot real go into new
POOL	5210	0.841431626	2,5,10,15,16	won car hugo into too
POOL	5211	0.841422281	4,6,10,15,16	whatsapp re- go include new
POOL	5212	0.841419375	1,4,8,12,16	too but league owing to-do
POOL	5213	0.841418271	1,2,6,12,16	were ahh car growing to-do
POOL	5214	0.841415334	3,6,10,15,16	wut ali go into ooh
POOL	5215	0.841403687	4,6,10,15,16	whatsapp lee go into too
POOL	5216	0.841402762	3,6,10,15,16	want sorry go into too
POOL	5217	0.841400573	1,2,6,12,16	too a star growing to-do
POOL	5218	0.841372737	4,6,9,11,16	whatnot re- go we to-do
POOL	5219	0.841368932	1,2,6,12,16	were uh tar growing to-do
POOL	5220	0.841367832	2,4,8,10,14,16	one top league oh unto due
POOL	5221	0.841365731	4,6,8,10,13,16	wut cree new oh et to-do
POOL	5222	0.841362855	1,4,6,12,16	too top re- growing to-do
POOL	5223	0.841362058	3,6,10,15,16	wut ari go into due
POOL	5224	0.841354809	2,4,7,10,16	wha car ryu go to-do
POOL	5225	0.841349752	3,4,6,10,11,16	wut r.'s rae go a to-do
POOL	5226	0.841322800	4,6,10,15,16	whatsapp re- go into ou
POOL	5227	0.841321327	2,4,8,9,13,15,16	ya ta ree ooh inc food ooh
POOL	5228	0.841321115	4,8,9,11,16	wut ryu new way to-do
POOL	5229	0.841306473	1,4,6,11,16	new ta-ta ree go to-do
POOL	5230	0.841295566	1,2,6,12,16	too a karl growing to-do
POOL	5231	0.841271616	1,2,4,6,8,12,16	wii a ta re- ooh own dew
POOL	5232	0.841268195	1,4,6,11,16	ooh ta-ta free go to-do
POOL	5233	0.841242887	2,4,8,10,12,14,16	one ska liu oh sting too due
POOL	5234	0.841240333	2,5,10,12,16	won car hugo thing to-do
POOL	5235	0.841236500	1,2,6,12,16	were uh tree growing to-do
POOL	5236	0.841233862	4,6,7,11,16	wut re- too go-by to-do
POOL	5237	0.841206667	1,2,4,7,13,15,16	were ang ta liu goat food ooh
POOL	5238	0.841194900	4,6,7,11,16	wut re- new goa to-do
POOL	5239	0.841186607	2,4,6,10,12,16	one top re- go in pooh-pooh
POOL	5240	0.841178588	3,6,8,10,11,16	wut maher new oh say to-do
POOL	5241	0.841173219	1,2,6,12,16	were awe car growing to-do
POOL	5242	0.841170860	4,6,10,15,16	wut re- go-go into too
POOL	5243	0.841168271	1,2,6,12,16	new ahh car growing to-do
POOL	5244	0.841160180	2,6,10,15,16	raw ari go into new
POOL	5245	0.841154340	1,2,4,8,11,16	were a tock loo oh to-do
POOL	5246	0.841148122	4,7,10,12,16	watt ryu go ing to-do
POOL	5247	0.841140503	1,4,8,12,16	new but liu owing to-do
POOL	5248	0.841136396	1,4,8,12,16	new up rig owing to-do
POOL	5249	0.841135898	2,4,10,15,16	won top rio into new
POOL	5250	0.841118932	1,2,6,12,16	new uh tar growing to-do
POOL	5251	0.841104946	1,2,4,6,12,16	were a top re- growing too
POOL	5252	0.841092216	2,4,7,10,13,14,16	one tart liu go ight ooh due
POOL	5253	0.841076242	4,8,10,14,16	wet ryu oh into due
POOL	5254	0.841060324	1,2,6,12,16	too a tarn growing to-do
POOL	5255	0.841054794	4,6,8,10,16	whatsapp re- ooh oh to-do
POOL	5256	0.841050539	1,4,8,12,16	new top rig owing to-do
POOL	5257	0.841045204	2,4,10,15,16	wa top lugo into new
POOL	5258	0.841044695	1,4,8,12,16	we cut league owing to-do
POOL	5259	0.841043499	1,2,6,12,16	too uhh tar growing to-do
POOL	5260	0.841002169	2,4,10,15,16	wha top lugo into too
POOL	5261	0.840986500	1,2,6,12,16	new uh tree growing to-do
POOL	5262	0.840976378	4,6,7,11,16	whatsapp re- ooh go to-do
POOL	5263	0.840969230	1,2,4,6,11,15,16	were a ta re- go to ooh
POOL	5264	0.840923543	4,8,10,15,16	wet ryu oh into new
POOL	5265	0.840923219	1,2,6,12,16	new awe car growing to-do
POOL	5266	0.840911067	1,2,6,12,16	too uhh tree growing to-do
POOL	5267	0.840893569	1,2,5,10,16	ooh a car hugo to-do
POOL	5268	0.840878416	4,6,8,10,16	whatnot re- too oh to-do
POOL	5269	0.840875499	1,2,5,10,16	new a car no-go to-do
POOL	5270	0.840870651	2,4,7,10,11,16	one top liu tow a to-do
POOL	5271	0.840854276	1,2,6,12,16	ooh a car glowing to-do
POOL	5272	0.840853720	4,6,9,11,16	whatsapp re- go way to-do
POOL	5273	0.840846549	2,5,10,12,16	one car lugo ing to-do
POOL	5274	0.840845126	4,7,10,15,16	wet ryu go into new
POOL	5275	0.840844675	3,6,10,15,16	wut sorry go into ooh
POOL	5276	0.840839049	1,4,8,12,16	we ta league owing to-do
POOL	5277	0.840835692	4,6,10,14,16	whatnot lee go into due
POOL	5278	0.840834741	4,6,10,15,16	wut re- ago into ooh
POOL	5279	0.840818803	2,4,10,15,16	wah top hugo into new
POOL	5280	0.840811308	4,6,10,15,16	wut re- lugo into too
POOL	5281	0.840800000	4,6,7,11,16	whatnot re- too go to-do
POOL	5282	0.840787770	4,6,8,11,16	watt re- too only to-do
POOL	5283	0.840787045	2,4,6,12,16	love top re- growing to-do
POOL	5284	0.840777940	2,4,10,15,16	why top lugo into too
POOL	5285	0.840773841	4,8,10,15,16	watt ryu oh into too
POOL	5286	0.840766437	1,4,6,12,16	new but re- growing to-do
POOL	5287	0.840759387	1,2,6,12,16	ooh a car owing to-do
POOL	5288	0.840740834	4,6,10,14,16	whatsapp ree go into due
POOL	5289	0.840719610	1,2,6,10,12,16	were ca car o. in to-do
POOL	5290	0.840709512	4,8,9,11,16	wut ryu new why to-do
POOL	5291	0.840706820	2,4,10,15,16	won top lugo into due
POOL	5292	0.840706353	3,6,10,15,16	wot ari go into new
POOL	5293	0.840695425	4,7,10,15,16	watt ryu go into too
POOL	5294	0.840694998	3,6,8,10,12,16	wut three new oh in to-do
POOL	5295	0.840694910	1,2,5,10,13,16	were ugh car rho inc to-do
POOL	5296	0.840690249	4,8,9,11,16	wut ryu ooh we to-do
POOL	5297	0.840682993	4,6,10,15,16	whatnot lee go into new
POOL	5298	0.840666467	3,6,10,15,16	wet ari go into too
POOL	5299	0.840608482	2,4,10,15,16	won tom lugo into new
POOL	5300	0.840588135	4,6,10,15,16	whatsapp ree go into new
POOL	5301	0.840549857	4,6,10,15,16	whatsapp free go into ooh
POOL	5302	0.840548054	4,6,8,11,16	wut re- puig only to-do
POOL	5303	0.840528017	2,4,10,15,16	won ta lugo into ooh
POOL	5304	0.840514669	1,4,8,12,16	oooh at league owing to-do
POOL	5305	0.840504132	4,7,10,12,16	watt ryu go thing to-do
POOL	5306	0.840485879	3,6,10,15,16	work ari go into new
POOL	5307	0.840483605	4,8,10,15,16	wut ryu know into too
POOL	5308	0.840468434	1,4,8,12,16	too cut league owing to-do
POOL	5309	0.840467631	4,6,9,11,16	wet re- goo-goo we to-do
POOL	5310	0.840440896	4,6,10,15,16	whatnot re- go into knew
POOL	5311	0.840439562	1,4,8,12,16	were cut liu owing to-do
POOL	5312	0.840428472	3,6,10,15,16	want army go into too
POOL	5313	0.840421759	3,6,10,15,16	watch ari go into new
POOL	5314	0.840404103	4,6,8,11,16	wut re- who only to-do
POOL	5315	0.840377872	1,2,5,10,16	too a car lugo to-do
POOL	5316	0.840375824	1,4,8,12,16	ooh at liu owing to-do
POOL	5317	0.840373479	4,6,10,15,16	whatnot free go into too
POOL	5318	0.840371614	2,5,10,15,16	won car lugo into new
POOL	5319	0.840355568	4,6,10,15,16	whatcha free go into new
POOL	5320	0.840350841	2,4,8,9,13,15,16	one sa liu ooh wince food ooh
POOL	5321	0.840347073	2,6,7,10,12,16	woe tarp new go in to-do
POOL	5322	0.840337914	2,4,10,15,16	won ta hugo into too
POOL	5323	0.840328598	4,8,10,14,16	wut ryu owe into due
POOL	5324	0.840328320	2,4,10,15,16	won too lugo into new
POOL	5325	0.840322100	3,6,10,15,16	watt ali go into new
POOL	5326	0.840321223	4,6,10,15,16	whatsapp year go into ooh
POOL	5327	0.840311281	2,4,7,10,13,16	ahh top liu go inc uwu
POOL	5328	0.840308976	4,6,8,11,16	wut re- two only to-do
POOL	5329	0.840306802	4,6,8,11,16	wut re- due only to-do
POOL	5330	0.840300539	1,4,8,12,16	we top rig owing to-do
POOL	5331	0.840299597	4,6,10,15,16	wut re- no-go into ooh
POOL	5332	0.840296323	4,6,10,15,16	whatsapp real go into ooh
POOL	5333	0.840295000	4,6,10,15,16	whatcha re- go into due
POOL	5334	0.840294687	1,2,5,10,16	were uhh car hugo to-do
POOL	5335	0.840288756	1,2,4,7,11,16	wow a pla liu go to-do
POOL	5336	0.840267750	2,4,10,15,16	wha top hugo into new
POOL	5337	0.840262788	1,4,8,12,16	too ta league owing to-do
POOL	5338	0.840252724	4,7,10,12,16	wut ryu go king to-do
POOL	5339	0.840242117	4,6,9,11,16	whatsapp re- go why to-do
POOL	5340	0.840233758	1,4,8,12,16	too at rig owing to-do
POOL	5341	0.840214457	4,7,10,15,16	wut ryu go into due
POOL	5342	0.840202559	2,5,10,12,16	one car lugo thing to-do
POOL	5343	0.840195600	2,4,10,15,16	well top lugo into too
POOL	5344	0.840189562	1,4,8,12,16	new cut liu owing to-do
POOL	5345	0.840185699	2,4,6,9,11,16	one top ne au we to-do
POOL	5346	0.840175900	4,8,10,15,16	wut ryu owe into new
POOL	5347	0.840163782	3,6,10,15,16	wut ari go into knew
POOL	5348	0.840156051	1,2,5,10,16	new a tar hugo to-do
POOL	5349	0.840144845	4,6,10,15,16	whatnot year go into too
POOL	5350	0.840126934	4,6,10,15,16	whatcha year go into new
POOL	5351	0.840119945	4,6,10,15,16	whatnot real go into too
POOL	5352	0.840111819	3,4,8,10,11,16	wut don league oh way to-do
POOL	5353	0.840102844	3,6,10,15,16	want ali go into ooh
POOL	5354	0.840102033	4,6,10,15,16	whatcha real go into new
POOL	5355	0.840096020	4,6,10,15,16	whatsapp re- go include too
POOL	5356	0.840091046	1,4,8,12,16	oooh up league owing to-do
POOL	5357	0.840080316	2,4,10,15,16	won top hugo into oooh
POOL	5358	0.840065496	1,4,6,12,16	were cut re- growing to-do
POOL	5359	0.840049569	3,6,10,15,16	want ari go into due
POOL	5360	0.840044687	1,2,5,10,16	new uhh car hugo to-do
POOL	5361	0.840043522	2,4,10,15,16	why top hugo into new
POOL	5362	0.840026438	4,8,9,11,16	wut ryu oh we to-do
POOL	5363	0.840017915	2,5,10,12,16	one car no-go ing to-do
POOL	5364	0.840005189	1,4,8,12,16	oooh top league owing to-do
POOL	5365	0.840001759	1,4,6,12,16	ooh at re- growing to-do
POOL	5366	0.839997940	1,2,4,7,10,12,16	or a ta liu go ing tow
POOL	5367	0.839994854	4,8,9,11,16	wut ryu too way to-do
POOL	5368	0.839983915	1,4,8,12,16	new ta liu owing to-do
POOL	5369	0.839972450	3,6,10,15,16	watt ari go into ooh
POOL	5370	0.839971563	4,7,10,12,16	wet ryu go ing to-do
POOL	5371	0.839952201	1,4,8,12,16	ooh up liu owing to-do
POOL	5372	0.839949045	3,6,10,15,16	wut ali go into oooh
POOL	5373	0.839937514	4,6,7,10,12,16	wut re- new beau in to-do
POOL	5374	0.839897529	4,6,9,11,16	wut free goo-goo we to-do
POOL	5375	0.839894973	3,4,6,11,16	one-two on re- go to-do
POOL	5376	0.839894206	4,6,10,14,16	watt re- ago into due
POOL	5377	0.839873472	2,5,7,10,13,15,16	zoo car yoo go linked food ooh
POOL	5378	0.839870385	3,6,10,15,16	wut army go into ooh
POOL	5379	0.839868639	4,6,7,11,16	wut re- too goa to-do
POOL	5380	0.839866344	1,4,8,12,16	ooh top liu owing to-do
POOL	5381	0.839838569	2,4,7,10,13,16	worm top lose go inc to-do
POOL	5382	0.839815496	1,4,6,12,16	new cut re- growing to-do
POOL	5383	0.839814242	1,4,8,12,16	too but liu owing to-do
POOL	5384	0.839810135	1,4,8,12,16	too up rig owing to-do
POOL	5385	0.839809637	2,4,10,15,16	won top rio into too
POOL	5386	0.839800215	2,4,10,15,16	wah ta lugo into new
POOL	5387	0.839791474	2,4,10,15,16	one top lugo include new
POOL	5388	0.839789866	4,8,10,14,16	wot ryu oh into due
POOL	5389	0.839770946	4,6,10,14,16	whatsapp re- go into doo
POOL	5390	0.839757196	3,4,6,11,16	one-two a re- go to-do
POOL	5391	0.839751441	3,6,10,15,16	watt sorry go into new
POOL	5392	0.839741507	4,6,10,15,16	watt re- ago into new
POOL	5393	0.839728912	4,8,10,13,16	wut luger oh inc to-do
POOL	5394	0.839724278	1,4,8,12,16	too top rig owing to-do
POOL	5395	0.839718943	2,4,10,15,16	wa top lugo into too
POOL	5396	0.839682644	2,4,10,15,16	wah top lugo into ooh
POOL	5397	0.839677379	2,4,6,7,12,16	one top re- new growing too
POOL	5398	0.839671324	4,6,8,10,16	whatsapp re- new know to-do
POOL	5399	0.839668895	4,6,9,11,16	wut year goo-goo we to-do
POOL	5400	0.839660319	2,4,8,10,13,14,16	soo ta liu oh imp ooh due
POOL	5401	0.839652013	4,6,8,10,15,16	wut urn new oh into hou
POOL	5402	0.839651096	4,6,8,11,16	wot re- new only to-do
POOL	5403	0.839643995	4,6,9,11,16	wut real goo-goo we to-do
POOL	5404	0.839637354	4,8,10,14,16	whatsapp league oh into due
POOL	5405	0.839637168	4,8,10,15,16	wot ryu oh into new
POOL	5406	0.839628084	3,4,6,10,11,16	wut ahh lean go m. to-do
POOL	5407	0.839610053	1,2,6,10,11,16	wu a car goo a to-do
POOL	5408	0.839609850	1,4,6,12,16	new ta re- growing to-do
POOL	5409	0.839607157	2,5,8,10,13,15,16	one jar yoo oh neat food ooh
POOL	5410	0.839600424	2,5,6,8,10,12,16	one car yeah ooh oh ing tweed
POOL	5411	0.839597282	4,8,10,15,16	wet ryu oh into too
POOL	5412	0.839597015	4,8,9,11,16	watt ryu new we to-do
POOL	5413	0.839588506	4,6,8,11,16	whatsapp re- oooh oh to-do
POOL	5414	0.839580560	2,4,6,12,16	one star re- growing to-do
POOL	5415	0.839578136	1,4,6,12,16	ooh up re- growing to-do
POOL	5416	0.839576089	2,4,10,15,16	won top ego into new
POOL	5417	0.839571130	3,4,7,10,11,16	wut ahh hue go im to-do
POOL	5418	0.839569246	4,6,8,10,16	whatsapp re- dog oh to-do
POOL	5419	0.839561049	2,5,10,15,16	won car hugo into ooh
POOL	5420	0.839558751	4,7,10,15,16	wot ryu go into new
POOL	5421	0.839549238	1,2,5,10,16	too a car no-go to-do
POOL	5422	0.839548799	1,4,8,12,16	ooh but league owing to-do
POOL	5423	0.839542979	2,5,10,15,16	won car no-go into new
POOL	5424	0.839533110	4,6,10,15,16	whatsapp lee go into ooh
POOL	5425	0.839532186	3,6,10,15,16	want sorry go into ooh
POOL	5426	0.839518865	4,7,10,15,16	wet ryu go into too
POOL	5427	0.839510089	4,6,7,11,16	whatsapp re- oooh go to-do
POOL	5428	0.839508543	2,4,10,15,16	won top lugo into knew
POOL	5429	0.839498050	2,5,10,12,16	won car lugo ing to-do
POOL	5430	0.839492542	2,4,10,15,16	wah top hugo into too
POOL	5431	0.839492279	1,4,6,12,16	ooh top re- growing to-do
POOL	5432	0.839484655	4,8,10,15,16	whatsapp league oh into new
POOL	5433	0.839463139	1,2,6,7,10,12,16	oh a car ooh go ing tweed
POOL	5434	0.839440176	1,4,6,12,16	too but re- growing to-do
POOL	5435	0.839435837	2,5,10,12,16	won car no-go in to-do
POOL	5436	0.839427281	1,2,5,10,16	oooh a car hugo to-do
POOL	5437	0.839403750	3,4,8,10,12,16	wut ahh yew owes in to-do
POOL	5438	0.839398369	1,2,4,8,11,15,16	one a ta liu oh noob ooh
POOL	5439	0.839383251	4,8,9,11,16	wut ryu too why to-do
POOL	5440	0.839380092	3,6,10,15,16	wot ari go into too
POOL	5441	0.839378387	3,6,10,15,16	wut sorry go into oooh
POOL	5442	0.839375327	4,6,10,15,16	whatnot re- go include new
POOL	5443	0.839374693	4,6,10,14,16	whatsapp re- go into dew
POOL	5444	0.839373925	2,5,10,12,16	one car no-go thing to-do
POOL	5445	0.839368453	4,6,10,15,16	wut re- ago into oooh
POOL	5446	0.839363286	4,6,7,11,16	wut re- ooh go-by to-do
POOL	5447	0.839359062	4,6,10,14,16	watt re- no-go into due
POOL	5448	0.839356732	4,6,10,15,16	whatnot lee go into too
POOL	5449	0.839350623	4,6,8,11,16	wut lee new only to-do
POOL	5450	0.839338821	4,6,10,15,16	whatcha lee go into new
POOL	5451	0.839327572	4,7,10,12,16	wet ryu go thing to-do
POOL	5452	0.839300283	4,6,10,15,16	wut re- go-go into ooh
POOL	5453	0.839298467	2,5,10,12,16	one tar hugo ing to-do
POOL	5454	0.839294687	1,2,5,10,16	we uhh car hugo to-do
POOL	5455	0.839282221	2,4,10,15,16	won tom lugo into too
POOL	5456	0.839275846	4,6,10,15,16	whatnot re- go into ou
POOL	5457	0.839261874	4,6,10,15,16	whatsapp ree go into too
POOL	5458	0.839249163	2,4,10,15,16	wha ta lugo into new
POOL	5459	0.839223961	4,8,9,11,16	wut ryu oooh we to-do
POOL	5460	0.839206363	4,6,10,15,16	watt re- no-go into new
POOL	5461	0.839196515	2,4,7,12,16	one top new growing to-do
POOL	5462	0.839194657	2,4,6,7,12,16	one ta re- new growing too
POOL	5463	0.839185869	3,4,8,10,11,16	week ahh ri oh a to-do
POOL	5464	0.839181256	4,6,9,11,16	wot re- goo-goo we to-do
POOL	5465	0.839159618	3,6,10,15,16	work ari go into too
POOL	5466	0.839151360	2,4,7,10,12,16	would top ute go in to-do
POOL	5467	0.839147059	2,4,8,10,14,16	one ca league oh undo due
POOL	5468	0.839145540	3,6,10,15,16	wet ali go into new
POOL	5469	0.839131592	2,4,10,15,16	wha top lugo into ooh
POOL	5470	0.839128499	3,6,8,10,12,16	wut art new oh a. to-do
POOL	5471	0.839108525	4,6,8,11,16	wut re- knew only to-do
POOL	5472	0.839098212	3,6,10,15,16	wut ari go include new
POOL	5473	0.839096681	2,4,6,7,12,16	one top re- ooh growing too
POOL	5474	0.839095498	3,6,10,15,16	watch ari go into too
POOL	5475	0.839094596	4,8,10,15,16	wut ryu oh into knew
POOL	5476	0.839083569	4,6,10,15,16	whatsapp free go into oooh
POOL	5477	0.839078219	4,6,9,11,16	watt re- goo-goo way to-do
POOL	5478	0.839065496	1,4,6,12,16	we cut re- growing to-do
POOL	5479	0.839061728	2,4,10,15,16	won ta lugo into oooh
POOL	5480	0.839056797	4,8,10,15,16	wut raju oh into new
POOL	5481	0.839052589	4,8,10,14,16	wut ryu own into due
POOL	5482	0.839045352	2,5,10,15,16	won car lugo into too
POOL	5483	0.839043859	1,2,5,10,16	were uh car hugo to-do
POOL	5484	0.839024934	2,4,10,15,16	why ta lugo into new
POOL	5485	0.839016180	4,7,10,15,16	wut ryu go into knew
POOL	5486	0.839007840	4,6,8,11,16	whatnot re- ooh oh to-do
POOL	5487	0.839002059	2,4,10,15,16	won too lugo into too
POOL	5488	0.838998732	3,6,10,15,16	wut ari go into ou
POOL	5489	0.838995839	3,6,10,15,16	watt ali go into too
POOL	5490	0.838990885	1,2,4,7,12,16	were add top liu go to-do
POOL	5491	0.838984525	2,4,10,15,16	wa top hugo into new
POOL	5492	0.838956193	1,2,5,8,10,12,16	were a car yoo oh ing taut
POOL	5493	0.838941489	2,4,10,15,16	wha top hugo into too
POOL	5494	0.838940731	4,6,10,15,16	wut re- lugo into ooh
POOL	5495	0.838937851	3,4,8,10,12,16	wut op mew oh in to-do
POOL	5496	0.838929423	4,6,7,11,16	whatnot re- ooh go to-do
POOL	5497	0.838923053	1,2,5,10,16	new a car ego to-do
POOL	5498	0.838917193	4,6,8,11,16	watt re- ooh only to-do
POOL	5499	0.838907363	2,4,10,15,16	why top lugo into ooh
POOL	5500	0.838903265	4,8,10,15,16	watt ryu oh into ooh
POOL	5501	0.838899890	4,8,10,15,16	wut ryu own into new
POOL	5502	0.838897970	4,7,10,15,16	whatsapp new go into new
POOL	5503	0.838895251	2,5,7,10,13,15,16	rue car yoo go inc maud ooh
POOL	5504	0.838880782	4,6,9,11,16	wut lee goo-goo we to-do
POOL	5505	0.838876187	2,5,7,10,11,16	work car new goat a to-do
POOL	5506	0.838859850	1,4,6,12,16	we ta re- growing to-do
POOL	5507	0.838854060	2,5,10,12,16	won car lugo thing to-do
POOL	5508	0.838851292	3,6,10,15,16	want ari go into knew
POOL	5509	0.838849638	4,8,10,15,16	wut ryu owe into too
POOL	5510	0.838833248	2,5,10,15,16	wah car hugo into new
POOL	5511	0.838829790	1,2,5,10,16	too a tar hugo to-do
POOL	5512	0.838824848	4,7,10,15,16	watt ryu go into ooh
POOL	5513	0.838823531	2,5,10,15,16	won tar hugo into new
POOL	5514	0.838819402	4,7,10,12,16	wut ryu go inn to-do
POOL	5515	0.838811745	4,6,7,10,11,16	wut re- new goss a to-do
POOL	5516	0.838806765	4,6,9,11,16	whatnot re- go way to-do
POOL	5517	0.838795890	3,6,10,15,16	wet ari go into ooh
POOL	5518	0.838793859	1,2,5,10,16	new uh car hugo to-do
POOL	5519	0.838790827	4,7,10,12,16	whatsapp new go in to-do
POOL	5520	0.838777151	3,6,10,15,16	watt army go into new
POOL	5521	0.838741522	2,4,7,8,10,12,16	one ta liu egg oh ing tuk
POOL	5522	0.838726105	2,5,10,12,16	wah car hugo in to-do
POOL	5523	0.838718426	1,2,5,10,16	too uhh car hugo to-do
POOL	5524	0.838717646	4,6,10,14,16	wet re- ago into due
POOL	5525	0.838717260	2,4,10,15,16	why top hugo into too
POOL	5526	0.838716388	2,5,10,12,16	won tar hugo in to-do
POOL	5527	0.838693879	4,6,10,14,16	whatnot ree go into due
POOL	5528	0.838685187	4,7,10,12,16	wot ryu go ing to-do
POOL	5529	0.838669416	2,5,10,12,16	won car no-go ing to-do
POOL	5530	0.838668912	3,6,8,10,12,16	wut arr new sew in to-do
POOL	5531	0.838664276	4,6,10,14,16	whatsapp rare go into due
POOL	5532	0.838654477	2,5,10,12,16	one tar hugo thing to-do
POOL	5533	0.838649019	4,8,10,14,16	wut ryu show into due
POOL	5534	0.838646141	2,4,10,15,16	won top hugo into due
POOL	5535	0.838636556	3,6,10,15,16	want ali go into oooh
POOL	5536	0.838613959	2,4,6,7,12,16	one ta re- ooh growing too
POOL	5537	0.838613028	4,8,10,15,16	wut ryu know into ooh
POOL	5538	0.838587884	4,6,10,14,16	whatsapp ri go into due
POOL	5539	0.838577707	4,6,10,11,16	wada you're go see to-do
POOL	5540	0.838574881	3,6,10,15,16	wet sorry go into new
POOL	5541	0.838574835	2,6,7,10,12,16	one turn new go d to-do
POOL	5542	0.838572162	2,4,6,7,12,16	one top re- too growing too
POOL	5543	0.838561853	3,4,6,10,11,16	wut lot re- woke a to-do
POOL	5544	0.838557896	3,6,10,15,16	want army go into ooh
POOL	5545	0.838547803	2,4,10,15,16	won tom hugo into new
POOL	5546	0.838535470	1,4,6,12,16	oooh at re- growing to-do
POOL	5547	0.838532591	2,5,10,13,15,16	with car hugo inc food shoe
POOL	5548	0.838514871	3,6,10,15,16	wut ali go into due
POOL	5549	0.838509875	2,5,10,12,16	were car hugo ing to-do
POOL	5550	0.838507295	1,2,5,10,16	ooh a car lugo to-do
POOL	5551	0.838506161	3,6,10,15,16	watt ari go into oooh
POOL	5552	0.838496321	4,8,10,15,16	wut ryu show into new
POOL	5553	0.838489235	1,4,6,12,16	too cut re- growing to-do
POOL	5554	0.838473954	2,4,10,15,16	wah ta lugo into too
POOL	5555	0.838467337	2,4,10,15,16	won ta hugo into ooh
POOL	5556	0.838466616	4,6,9,11,16	watt re- goo-goo why to-do
POOL	5557	0.838465213	2,4,10,15,16	one top lugo include too
POOL	5558	0.838442974	2,4,10,15,16	won top lugo include new
POOL	5559	0.838442594	2,4,10,15,16	well ta lugo into new
POOL	5560	0.838427726	3,4,6,11,16	wut ahh re- goa to-do
POOL	5561	0.838421366	4,6,7,11,16	wut re- new ago to-do
POOL	5562	0.838420455	4,8,9,11,16	wet ryu new we to-do
POOL	5563	0.838395583	4,6,8,10,16	whatsapp re- puig oh to-do
POOL	5564	0.838359748	4,6,10,14,16	watt re- go-go into due
POOL	5565	0.838347275	4,6,9,11,16	wut re- goo-goo win to-do
POOL	5566	0.838345063	4,6,8,10,16	whatsapp re- too know to-do
POOL	5567	0.838343493	2,4,10,15,16	won top lugo into ou
POOL	5568	0.838325023	2,4,10,15,16	well top lugo into ooh
POOL	5569	0.838324835	4,6,8,11,16	wot re- too only to-do
POOL	5570	0.838319518	3,5,7,10,13,15,16	what aar u go inc food who
POOL	5571	0.838310906	4,8,10,15,16	wot ryu oh into too
POOL	5572	0.838299803	2,5,8,10,12,16	one car new throw in to-do
POOL	5573	0.838283589	1,4,6,12,16	too ta re- growing to-do
POOL	5574	0.838282196	2,5,10,15,16	wha car hugo into new
POOL	5575	0.838270885	4,8,10,15,16	wut ruger oh into new
POOL	5576	0.838270754	4,8,9,11,16	watt ryu too we to-do
POOL	5577	0.838270052	4,6,7,11,16	watt re- new go-by to-do
POOL	5578	0.838267641	2,4,10,15,16	won too hugo into new
POOL	5579	0.838258304	1,4,8,10,11,16	were todd lu oh a to-do
POOL	5580	0.838251632	4,6,8,10,16	whatsapp re- who oh to-do
POOL	5581	0.838251570	3,5,7,10,13,15,16	what aar u go inc food two
POOL	5582	0.838249828	2,4,10,15,16	won top ego into too
POOL	5583	0.838240325	3,4,8,10,12,16	wut r league oh i.'s to-do
POOL	5584	0.838232490	4,7,10,15,16	wot ryu go into too
POOL	5585	0.838227478	1,2,6,11,16	were a polly go to-do
POOL	5586	0.838216718	2,5,10,15,16	won car no-go into too
POOL	5587	0.838216356	2,4,10,15,16	wah top lugo into oooh
POOL	5588	0.838214899	4,6,8,10,16	whatsapp free new oh to-do
POOL	5589	0.838195163	4,6,9,11,16	whatnot re- go why to-do
POOL	5590	0.838187787	4,6,9,11,16	wut re- goo-goo will to-do
POOL	5591	0.838187787	4,6,9,11,16	wut re- goo-goo with to-do
POOL	5592	0.838182674	3,4,6,11,16	wut awe re- goa to-do
POOL	5593	0.838182502	4,6,10,14,16	wet re- no-go into due
POOL	5594	0.838175053	2,5,10,12,16	wha car hugo in to-do
POOL	5595	0.838173216	4,6,7,11,16	whatsapp re- who go to-do
POOL	5596	0.838158394	4,8,10,15,16	whatsapp league oh into too
POOL	5597	0.838156505	4,6,8,10,16	whatsapp re- two oh to-do
POOL	5598	0.838154331	4,6,8,10,16	whatsapp re- due oh to-do
POOL	5599	0.838147544	4,6,10,14,16	wut free ago into due
POOL	5600	0.838136482	4,6,7,11,16	whatsapp free new go to-do
POOL	5601	0.838131232	2,5,8,10,11,16	run cars liu oh a to-do
POOL	5602	0.838124277	4,8,9,11,16	wut ryu ooh way to-do
POOL	5603	0.838111847	1,4,6,12,16	oooh up re- growing to-do
POOL	5604	0.838103876	4,8,10,14,16	wut ryu ohh into due
POOL	5605	0.838102840	2,4,8,9,13,15,16	luck ta liu ooh inc wood ooh
POOL	5606	0.838099651	2,4,7,12,16	one top liu growing to-do
POOL	5607	0.838094761	2,5,10,15,16	won car hugo into oooh
POOL	5608	0.838091065	3,4,6,11,16	one-two ahh free go to-do
POOL	5609	0.838089440	2,4,6,7,12,16	one ta re- too growing too
POOL	5610	0.838078089	4,6,7,11,16	whatsapp re- two go to-do
POOL	5611	0.838075915	4,6,7,11,16	whatsapp re- due go to-do
POOL	5612	0.838071449	3,4,6,11,16	wut ah re- goa to-do
POOL	5613	0.838065470	2,5,10,12,16	one car ego ing to-do
POOL	5614	0.838058856	2,4,8,10,16	one top raju eau to-do
POOL	5615	0.838057967	2,5,10,15,16	why car hugo into new
POOL	5616	0.838056632	2,4,10,15,16	won ta rio into new
POOL	5617	0.838047353	2,5,10,12,16	one car hugo king to-do
POOL	5618	0.838046193	2,4,10,13,15,16	one pod lugo inc food aw
POOL	5619	0.838043859	1,2,5,10,16	we uh car hugo to-do
POOL	5620	0.838041197	4,7,10,12,16	wot ryu go thing to-do
POOL	5621	0.838037357	4,6,8,10,16	whatsapp re- new owe to-do
POOL	5622	0.838032221	4,8,10,14,16	whatsapp liu oh into due
POOL	5623	0.838029027	4,8,10,15,16	wut ryu oh include new
POOL	5624	0.838025990	1,4,6,12,16	oooh top re- growing to-do
POOL	5625	0.838025425	2,5,10,12,16	won car no-go thing to-do
POOL	5626	0.838024406	4,7,10,12,16	whatsapp new go ing to-do
POOL	5627	0.838000196	4,6,10,14,16	watt re- lugo into due
POOL	5628	0.837998062	4,6,7,11,16	wut re- ooh goa to-do
POOL	5629	0.837993106	1,2,5,10,16	due a car hugo to-do
POOL	5630	0.837980217	3,4,6,11,16	one-two y'are re- go to-do
POOL	5631	0.837965937	2,4,10,15,16	wa ta lugo into new
POOL	5632	0.837961364	4,6,8,10,16	whatsapp real new oh to-do
POOL	5633	0.837959684	2,5,10,12,16	wah car hugo ing to-do
POOL	5634	0.837951178	4,8,10,15,16	wut ryu ohh into new
POOL	5635	0.837950824	2,5,10,12,16	why car hugo in to-do
POOL	5636	0.837950611	4,7,10,15,16	wut ryu go include new
POOL	5637	0.837949967	2,5,10,12,16	won tar hugo ing to-do
POOL	5638	0.837929546	4,8,10,15,16	wut ryu oh into ou
POOL	5639	0.837918910	4,6,10,14,16	wut year ago into due
POOL	5640	0.837908413	1,2,5,10,16	were uhh car lugo to-do
POOL	5641	0.837907848	4,6,7,11,16	whatsapp year new go to-do
POOL	5642	0.837901660	4,6,9,11,16	wet re- goo-goo way to-do
POOL	5643	0.837896997	4,6,7,11,16	wut re- oooh go-by to-do
POOL	5644	0.837894010	4,6,10,14,16	wut real ago into due
POOL	5645	0.837882948	4,6,7,11,16	whatsapp real new go to-do
POOL	5646	0.837879522	4,8,10,15,16	whatsapp liu oh into new
POOL	5647	0.837870782	2,4,7,13,15,16	one top liu growing food goo
POOL	5648	0.837866909	4,8,9,11,16	wut ryu law we to-do
POOL	5649	0.837865885	2,5,10,12,16	were car hugo thing to-do
POOL	5650	0.837862431	3,4,6,11,16	one-two ahh year go to-do
POOL	5651	0.837862328	2,5,7,10,11,16	yuh car de- go a to-do
POOL	5652	0.837851130	4,7,10,15,16	wut ryu go into ou
POOL	5653	0.837848016	2,4,7,12,16	won top new growing to-do
POOL	5654	0.837847129	3,6,8,10,11,16	wut barr oop oh a to-do
POOL	5655	0.837846013	3,4,6,11,16	one-two awe free go to-do
POOL	5656	0.837837531	3,4,6,11,16	one-two ahh real go to-do
POOL	5657	0.837823717	2,4,6,10,15,16	one top re- glo into lou
POOL	5658	0.837801106	4,7,10,15,16	whatsapp liu go into new
POOL	5659	0.837793894	3,5,7,10,13,15,16	what aar u go inc food shoe
POOL	5660	0.837789786	4,8,9,11,16	wut ryu due we to-do
POOL	5661	0.837787226	3,5,7,10,13,15,16	what aar u go inc food oh
POOL	5662	0.837778270	2,5,7,10,11,16	one sar loo go a to-do
POOL	5663	0.837775802	2,4,6,12,16	one top earle growing to-do
POOL	5664	0.837769777	1,2,5,10,16	new a tar lugo to-do
POOL	5665	0.837738665	4,6,7,10,12,16	wut ren loo go in to-do
POOL	5666	0.837734788	3,4,6,11,16	one-two ah free go to-do
POOL	5667	0.837730535	4,8,10,15,16	wut raju oh into too
POOL	5668	0.837728532	4,6,7,10,12,16	yuck you're new go in to-do
POOL	5669	0.837726705	4,8,10,15,16	wet ryu oh into ooh
POOL	5670	0.837723992	4,6,10,14,16	whatnot re- go into doo
POOL	5671	0.837720296	2,4,6,7,12,16	won top re- new growing too
POOL	5672	0.837719051	3,5,7,10,13,15,16	what aar u go inc food sue
POOL	5673	0.837693963	4,7,10,12,16	whatsapp liu go in to-do
POOL	5674	0.837689410	2,4,6,7,9,12,16	one ta re- ooh go wing whew
POOL	5675	0.837678661	1,2,5,10,16	ooh a car no-go to-do
POOL	5676	0.837672493	4,8,10,14,16	watt ryu know into due
POOL	5677	0.837669891	4,6,9,11,16	wut re- goo-goo wee to-do
POOL	5678	0.837658413	1,2,5,10,16	new uhh car lugo to-do
POOL	5679	0.837648289	4,7,10,15,16	wet ryu go into ooh
POOL	5680	0.837637171	4,6,9,11,16	wut re- goo-goo boy to-do
POOL	5681	0.837624369	4,6,8,10,16	whatnot re- new know to-do
POOL	5682	0.837617379	3,4,6,11,16	one-two awe year go to-do
POOL	5683	0.837612400	4,6,10,14,16	wut free no-go into due
POOL	5684	0.837596792	1,2,5,10,16	too a car ego to-do
POOL	5685	0.837592479	3,4,6,11,16	one-two awe real go to-do
POOL	5686	0.837590534	2,5,10,15,16	won car ego into new
POOL	5687	0.837590399	4,8,10,14,16	whatnot league oh into due
POOL	5688	0.837573629	4,8,10,15,16	wut ryu own into too
POOL	5689	0.837571709	4,7,10,15,16	whatsapp new go into too
POOL	5690	0.837569600	1,4,6,12,16	ooh but re- growing to-do
POOL	5691	0.837559714	1,4,6,12,16	new us re- growing to-do
POOL	5692	0.837554978	1,2,4,6,11,15,16	wa a ta re- go you'd ooh
POOL	5693	0.837541551	4,6,8,10,16	whatnot re- oooh oh to-do
POOL	5694	0.837538029	4,6,10,14,16	whatsapp re- go into du
POOL	5695	0.837522291	4,6,8,10,16	whatnot re- dog oh to-do
POOL	5696	0.837519794	4,8,10,15,16	watt ryu know into new
POOL	5697	0.837512675	4,8,9,11,16	wut ryu ooh why to-do
POOL	5698	0.837507097	4,8,10,14,16	wut ryu aux into due
POOL	5699	0.837506987	2,5,10,15,16	wah car hugo into too
POOL	5700	0.837506154	3,4,6,11,16	one-two ah year go to-do
POOL	5701	0.837497270	2,5,10,15,16	won tar hugo into too
POOL	5702	0.837496174	1,2,5,10,16	new of car hugo to-do
POOL	5703	0.837496174	1,2,5,10,16	new up car hugo to-do
POOL	5704	0.837483391	2,5,10,12,16	won car ego in to-do
POOL	5705	0.837481254	3,4,6,11,16	one-two ah real go to-do
POOL	5706	0.837475627	2,5,10,15,16	well car hugo into new
POOL	5707	0.837467598	1,2,5,10,16	too uh car hugo to-do
POOL	5708	0.837463135	4,6,7,11,16	whatnot re- oooh go to-do
POOL	5709	0.837460466	4,8,9,11,16	wut ryu oh way to-do
POOL	5710	0.837458286	2,4,8,10,14,16	one top eeg owed into due
POOL	5711	0.837443137	4,7,10,12,16	wut ryu go ring to-do
POOL	5712	0.837437701	4,8,10,15,16	whatnot league oh into new
POOL	5713	0.837436976	4,8,10,15,16	watt ryu oh into oooh
POOL	5714	0.837432389	3,5,7,10,13,15,16	what aar u go inc food zoo
POOL	5715	0.837431271	4,6,10,14,16	wot re- ago into due
POOL	5716	0.837430422	1,2,4,7,11,16	wish oooh top liu go to-do
POOL	5717	0.837425429	2,4,8,10,12,14,16	wet ta liu oh ing too talk
POOL	5718	0.837421479	2,5,10,12,16	one car ego thing to-do
POOL	5719	0.837421323	3,5,7,10,13,15,16	what aar u go inc food aw
POOL	5720	0.837408632	2,5,10,12,16	wha car hugo ing to-do
POOL	5721	0.837383767	4,6,10,14,16	wut year no-go into due
POOL	5722	0.837380416	4,7,10,12,16	whatsapp new go thing to-do
POOL	5723	0.837368484	2,5,10,12,16	well car hugo in to-do
POOL	5724	0.837358866	4,6,10,14,16	wut real no-go into due
POOL	5725	0.837358560	4,7,10,15,16	watt ryu go into oooh
POOL	5726	0.837354398	4,8,10,15,16	wut ryu aux into new
POOL	5727	0.837350901	4,6,8,10,15,16	wut re- wu oh into aux
POOL	5728	0.837338146	2,4,6,8,12,16	one dodd re- new owe to-do
POOL	5729	0.837331558	4,6,9,11,16	wut free goo-goo way to-do
POOL	5730	0.837327738	4,6,10,14,16	whatnot re- go into dew
POOL	5731	0.837320055	1,2,5,10,11,16	wha a car whoa a to-do
POOL	5732	0.837315694	2,5,10,12,16	wah car hugo thing to-do
POOL	5733	0.837315144	1,2,5,10,13,16	wee a car hugo inc joo
POOL	5734	0.837305977	2,5,10,12,16	won tar hugo thing to-do
POOL	5735	0.837290057	4,6,9,11,16	wet re- goo-goo why to-do
POOL	5736	0.837255877	4,6,9,11,16	whatsapp re- oh we to-do
POOL	5737	0.837244335	4,6,10,14,16	whatsapp re- go into deux
POOL	5738	0.837237574	2,4,6,7,12,16	won ta re- new growing too
POOL	5739	0.837198152	4,6,8,10,16	whatsapp lee new oh to-do
POOL	5740	0.837184403	2,5,10,12,16	why car hugo ing to-do
POOL	5741	0.837174776	2,5,10,15,16	won car lugo into ooh
POOL	5742	0.837174189	1,2,5,10,16	well a car hugo to-do
POOL	5743	0.837170059	4,8,10,15,16	wut ryu show into too
POOL	5744	0.837161863	1,4,6,12,16	new at free growing to-do
POOL	5745	0.837149966	4,6,9,11,16	wut re- goo-goo i to-do
POOL	5746	0.837146740	4,8,10,15,16	wut ryu know into oooh
POOL	5747	0.837134080	4,8,9,11,16	wot ryu new we to-do
POOL	5748	0.837119735	4,6,7,11,16	whatsapp lee new go to-do
POOL	5749	0.837115236	3,4,6,11,16	want ahh re- goa to-do
POOL	5750	0.837102924	4,6,9,11,16	wut year goo-goo way to-do
POOL	5751	0.837101295	1,4,6,12,16	due at re- growing to-do
POOL	5752	0.837095105	4,6,7,11,16	wut re- too ago to-do
POOL	5753	0.837094194	4,8,9,11,16	wet ryu too we to-do
POOL	5754	0.837093492	4,6,7,11,16	wet re- new go-by to-do
POOL	5755	0.837079779	1,2,5,10,16	were uhh car no-go to-do
POOL	5756	0.837078023	4,6,9,11,16	wut real goo-goo way to-do
POOL	5757	0.837074318	3,4,6,11,16	one-two ahh lee go to-do
POOL	5758	0.837041007	1,2,5,10,16	oooh a car lugo to-do
POOL	5759	0.837031043	4,8,9,11,16	watt ryu new way to-do
POOL	5760	0.837020911	1,2,5,10,16	way a car hugo to-do
POOL	5761	0.837010263	3,5,7,10,13,15,16	what aar u go inc food coup
POOL	5762	0.836998970	2,5,10,15,16	wa car hugo into new
POOL	5763	0.836988416	4,6,10,13,16	what're re- go shit to-do
POOL	5764	0.836981568	4,8,9,11,16	whatsapp league new we to-do
POOL	5765	0.836979062	4,8,10,15,16	wut ryu owe into ooh
POOL	5766	0.836959213	1,2,5,10,16	ooh a tar hugo to-do
POOL	5767	0.836956054	4,6,8,10,16	whatsapp re- knew oh to-do
POOL	5768	0.836955934	2,5,10,15,16	wha car hugo into too
POOL	5769	0.836946861	4,8,10,14,16	wut ryu o into due
POOL	5770	0.836944624	4,8,10,15,16	wut ruger oh into too
POOL	5771	0.836943791	4,6,7,11,16	watt re- too go-by to-do
POOL	5772	0.836941143	1,2,5,10,16	new a tar no-go to-do
POOL	5773	0.836933229	1,4,6,12,16	new at year growing to-do
POOL	5774	0.836927542	4,7,10,12,16	whatsapp liu go ing to-do
POOL	5775	0.836913072	3,4,6,10,12,16	wut mah re- go aye to-do
POOL	5776	0.836912193	2,5,10,12,16	one tar lugo ing to-do
POOL	5777	0.836908413	1,2,5,10,16	we uhh car lugo to-do
POOL	5778	0.836908328	1,4,6,12,16	new at real growing to-do
POOL	5779	0.836904828	4,6,7,11,16	watt re- new goa to-do
POOL	5780	0.836899874	1,4,6,12,16	new at re- glowing to-do
POOL	5781	0.836891827	2,5,10,12,16	wa car hugo in to-do
POOL	5782	0.836888638	4,6,8,10,16	whatsapp free too oh to-do
POOL	5783	0.836877638	4,6,7,11,16	whatsapp re- knew go to-do
POOL	5784	0.836870184	3,4,6,11,16	want awe re- goa to-do
POOL	5785	0.836851951	1,2,5,10,16	new us car hugo to-do
POOL	5786	0.836851015	4,7,10,15,16	whatnot new go into new
POOL	5787	0.836848863	4,8,9,11,16	wut ryu oh why to-do
POOL	5788	0.836847849	1,2,5,10,16	ooh uhh car hugo to-do
POOL	5789	0.836829779	1,2,5,10,16	new uhh car no-go to-do
POOL	5790	0.836829266	3,4,6,11,16	one-two awe lee go to-do
POOL	5791	0.836823009	3,5,7,10,13,15,16	what aar u go inc food lou
POOL	5792	0.836810221	4,6,7,11,16	whatsapp free too go to-do
POOL	5793	0.836804985	1,4,6,12,16	new at re- owing to-do
POOL	5794	0.836794162	4,8,10,15,16	wut ryu o into new
POOL	5795	0.836770439	3,5,7,10,13,15,16	what aar u go inc food boo
POOL	5796	0.836764642	2,5,10,12,16	wha car hugo thing to-do
POOL	5797	0.836761348	4,6,8,10,16	whatsapp re- new own to-do
POOL	5798	0.836758960	3,4,6,11,16	want ah re- goa to-do
POOL	5799	0.836751151	2,4,7,12,16	won top liu growing to-do
POOL	5800	0.836743873	4,7,10,12,16	whatnot new go in to-do
POOL	5801	0.836738970	4,6,9,11,16	wut ree goo-goo we to-do
POOL	5802	0.836738240	1,4,6,12,16	new up free growing to-do
POOL	5803	0.836732871	4,8,9,11,16	wut ryu saw we to-do
POOL	5804	0.836731706	2,5,10,15,16	why car hugo into too
POOL	5805	0.836719955	4,6,9,11,16	wut free goo-goo why to-do
POOL	5806	0.836718041	3,4,6,11,16	one-two ah lee go to-do
POOL	5807	0.836716970	2,5,10,12,16	won car ego ing to-do
POOL	5808	0.836711096	4,6,8,10,16	whatsapp re- too owe to-do
POOL	5809	0.836702766	4,8,10,15,16	wut ryu oh include too
POOL	5810	0.836689116	1,4,6,12,16	who top re- growing to-do
POOL	5811	0.836677672	1,4,6,12,16	due up re- growing to-do
POOL	5812	0.836660586	2,5,10,15,16	won car hugo into due
POOL	5813	0.836657989	4,8,9,11,16	wut ryu oooh way to-do
POOL	5814	0.836657585	1,2,5,10,16	were uh car lugo to-do
POOL	5815	0.836652383	1,4,6,12,16	new top free growing to-do
POOL	5816	0.836640394	1,4,6,12,16	were top re- glowing to-do
POOL	5817	0.836640122	2,6,8,10,12,16	yer car new tow in to-do
POOL	5818	0.836635103	4,6,8,10,16	whatsapp real too oh to-do
POOL	5819	0.836624916	4,8,10,15,16	wut ryu ohh into too
POOL	5820	0.836624350	4,7,10,15,16	wut ryu go include too
POOL	5821	0.836618658	1,4,6,12,16	ooh cut re- growing to-do
POOL	5822	0.836615284	4,6,9,11,16	wot re- goo-goo way to-do
POOL	5823	0.836599468	3,5,7,10,13,15,16	what aar u go inc food woo
POOL	5824	0.836591815	1,4,6,12,16	due top re- growing to-do
POOL	5825	0.836581587	4,6,7,11,16	whatsapp year too go to-do
POOL	5826	0.836560124	4,6,7,11,16	wut re- who go-by to-do
POOL	5827	0.836556687	4,6,7,11,16	whatsapp real too go to-do
POOL	5828	0.836553261	4,8,10,15,16	whatsapp liu oh into too
POOL	5829	0.836545505	1,4,6,12,16	were top re- owing to-do
POOL	5830	0.836542500	4,6,8,10,12,16	wut re- roo coal in to-do
POOL	5831	0.836531774	4,6,7,11,16	wut re- oooh goa to-do
POOL	5832	0.836526201	4,6,9,11,16	whatsapp re- goo we to-do
POOL	5833	0.836523390	4,6,7,11,16	wut free new go-by to-do
POOL	5834	0.836509606	1,4,6,12,16	new up year growing to-do
POOL	5835	0.836495934	4,8,10,14,16	wet ryu know into due
POOL	5836	0.836493477	1,4,6,12,16	new tom re- growing to-do
POOL	5837	0.836491321	4,6,9,11,16	wut year goo-goo why to-do
POOL	5838	0.836491112	4,6,8,10,12,16	wut re- new oh in pooh-pooh
POOL	5839	0.836484705	1,4,6,12,16	new up real growing to-do
POOL	5840	0.836476251	1,4,6,12,16	new up re- glowing to-do
POOL	5841	0.836474845	4,7,10,15,16	whatsapp liu go into too
POOL	5842	0.836474486	4,6,8,10,16	whatsapp re- ooh know to-do
POOL	5843	0.836467405	1,2,5,10,16	new a star hugo to-do
POOL	5844	0.836466420	4,6,9,11,16	wut real goo-goo why to-do
POOL	5845	0.836465396	1,2,4,7,11,16	were in. top roux go to-do
POOL	5846	0.836464997	4,6,7,11,16	wut re- two go-by to-do
POOL	5847	0.836462822	4,6,7,11,16	wut re- due go-by to-do
POOL	5848	0.836455305	4,8,12,15,16	wut league owing to-do new
POOL	5849	0.836446974	2,5,10,15,16	wah car lugo into new
POOL	5850	0.836443945	2,4,7,10,13,14,16	aux ta liu go inc ooh chu
POOL	5851	0.836443516	1,2,5,10,16	too a tar lugo to-do
POOL	5852	0.836440330	4,8,10,15,16	wot ryu oh into ooh
POOL	5853	0.836437258	2,5,10,15,16	won tar lugo into new
POOL	5854	0.836434984	2,6,8,10,12,16	one darn new note in to-do
POOL	5855	0.836423749	1,4,6,12,16	new top year growing to-do
POOL	5856	0.836419440	4,8,9,11,16	watt ryu new why to-do
POOL	5857	0.836413012	1,4,6,12,16	ooh ta re- growing to-do
POOL	5858	0.836407585	1,2,5,10,16	new uh car lugo to-do
POOL	5859	0.836400177	4,8,9,11,16	watt ryu ooh we to-do
POOL	5860	0.836398848	1,4,6,12,16	new top real growing to-do
POOL	5861	0.836390394	1,4,6,12,16	new top re- glowing to-do
POOL	5862	0.836381362	1,4,6,12,16	new up re- owing to-do
POOL	5863	0.836377692	4,8,10,14,16	wut ryu oh into doo
POOL	5864	0.836366211	4,6,9,11,16	whatsapp lee go we to-do
POOL	5865	0.836361913	4,7,10,15,16	wot ryu go into ooh
POOL	5866	0.836360331	1,2,5,10,16	were uhh tar hugo to-do
POOL	5867	0.836357778	4,6,8,10,16	whatsapp re- new show to-do
POOL	5868	0.836348629	4,6,8,10,16	whatnot re- puig oh to-do
POOL	5869	0.836346626	3,5,7,10,13,15,16	what aar u go inc food soo
POOL	5870	0.836346142	2,5,10,15,16	won car no-go into ooh
POOL	5871	0.836343235	4,8,10,15,16	wet ryu know into new
POOL	5872	0.836343148	2,6,7,10,12,16	one par hugh go in to-do
POOL	5873	0.836332152	1,2,5,10,16	too uhh car lugo to-do
POOL	5874	0.836314811	4,6,9,11,16	wut lee goo-goo way to-do
POOL	5875	0.836300099	4,8,9,11,16	wut ryu new win to-do
POOL	5876	0.836298108	4,6,8,10,16	whatnot re- too know to-do
POOL	5877	0.836295505	1,4,6,12,16	new top re- owing to-do
POOL	5878	0.836294756	4,6,7,11,16	wut year new go-by to-do
POOL	5879	0.836287817	4,8,10,15,16	whatsapp league oh into ooh
POOL	5880	0.836283552	4,7,10,12,16	whatsapp liu go thing to-do
POOL	5881	0.836282379	1,4,6,12,16	well at re- growing to-do
POOL	5882	0.836269856	4,6,7,11,16	wut real new go-by to-do
POOL	5883	0.836264273	2,5,10,15,16	won car ego into too
POOL	5884	0.836262875	2,4,6,8,12,16	one top re- new owing toed
POOL	5885	0.836260416	4,8,10,15,16	wet ryu oh into oooh
POOL	5886	0.836233453	1,4,6,12,16	too us re- growing to-do
POOL	5887	0.836223778	2,4,5,8,10,12,16	one ta or yoo oh ing toe
POOL	5888	0.836212373	1,2,5,10,16	oooh a car no-go to-do
POOL	5889	0.836205067	2,4,8,10,13,14,16	sue ta liu due inc ooh due
POOL	5890	0.836204677	4,6,8,10,16	whatnot re- who oh to-do
POOL	5891	0.836193533	4,8,10,15,16	watt ryu know into too
POOL	5892	0.836182000	4,7,10,15,16	wet ryu go into oooh
POOL	5893	0.836169913	1,2,5,10,16	too of car hugo to-do
POOL	5894	0.836169913	1,2,5,10,16	too up car hugo to-do
POOL	5895	0.836167944	4,6,8,10,16	whatnot free new oh to-do
POOL	5896	0.836149366	2,5,10,15,16	well car hugo into too
POOL	5897	0.836140611	4,8,9,11,16	wut ryu new will to-do
POOL	5898	0.836140611	4,8,9,11,16	wut ryu new with to-do
POOL	5899	0.836126261	4,6,7,11,16	whatnot re- who go to-do
POOL	5900	0.836117249	2,4,7,12,16	one ta new growing to-do
POOL	5901	0.836111439	4,8,10,15,16	whatnot league oh into too
POOL	5902	0.836110331	1,2,5,10,16	new uhh tar hugo to-do
POOL	5903	0.836109551	4,6,8,10,16	whatnot re- two oh to-do
POOL	5904	0.836107376	4,6,8,10,16	whatnot re- due oh to-do
POOL	5905	0.836093528	4,8,10,15,16	whatcha league oh into new
POOL	5906	0.836089528	4,6,7,11,16	whatnot free new go to-do
POOL	5907	0.836079779	1,2,5,10,16	we uhh car no-go to-do
POOL	5908	0.836046386	4,8,9,11,16	wut ryu oooh why to-do
POOL	5909	0.836038526	4,8,10,14,16	watt ryu owe into due
POOL	5910	0.836031134	4,6,7,11,16	whatnot re- two go to-do
POOL	5911	0.836028960	4,6,7,11,16	whatnot re- due go to-do
POOL	5912	0.836028137	4,8,10,15,16	wut ryu aux into too
POOL	5913	0.836019578	4,8,10,14,16	whatsapp rig oh into due
POOL	5914	0.836003681	4,6,9,11,16	wot re- goo-goo why to-do
POOL	5915	0.835990403	4,6,8,10,16	whatnot re- new owe to-do
POOL	5916	0.835985266	4,8,10,14,16	whatnot liu oh into due
POOL	5917	0.835981439	4,8,10,14,16	wut ryu oh into dew
POOL	5918	0.835977452	4,7,10,12,16	whatnot new go ing to-do
POOL	5919	0.835962652	4,7,10,12,16	watt ryu go king to-do
POOL	5920	0.835924385	4,7,10,15,16	watt ryu go into due
POOL	5921	0.835914409	4,6,8,10,16	whatnot real new oh to-do
POOL	5922	0.835895922	2,5,10,15,16	wha car lugo into new
POOL	5923	0.835893439	4,6,10,15,16	wut ernie go into new
POOL	5924	0.835887133	3,5,7,10,13,15,16	what aar u go inc food doo
POOL	5925	0.835885828	4,8,10,15,16	watt ryu owe into new
POOL	5926	0.835871891	4,6,8,10,16	whatsapp lee too oh to-do
POOL	5927	0.835866879	4,8,10,15,16	whatsapp rig oh into new
POOL	5928	0.835860894	4,6,7,11,16	whatnot year new go to-do
POOL	5929	0.835859959	4,8,10,15,16	wut raju oh into ooh
POOL	5930	0.835854484	4,8,9,11,16	wet ryu new way to-do
POOL	5931	0.835835993	4,6,7,11,16	whatnot real new go to-do
POOL	5932	0.835832704	4,6,9,11,16	whatsapp re- go win to-do
POOL	5933	0.835832567	4,8,10,15,16	whatnot liu oh into new
POOL	5934	0.835831121	4,6,7,11,16	wut re- new goalie to-do
POOL	5935	0.835828951	1,2,5,10,16	were uh car no-go to-do
POOL	5936	0.835812635	4,6,8,10,16	whatsapp re- new ohh to-do
POOL	5937	0.835807819	4,8,9,11,16	wot ryu too we to-do
POOL	5938	0.835807117	4,6,7,11,16	wot re- new go-by to-do
POOL	5939	0.835803141	1,2,4,8,12,15,16	were a ta liu own boob ooh
POOL	5940	0.835793474	4,6,7,11,16	whatsapp lee too go to-do
POOL	5941	0.835767231	4,6,7,11,16	wet re- too go-by to-do
POOL	5942	0.835754151	4,7,10,15,16	whatnot liu go into new
POOL	5943	0.835745240	2,5,10,15,16	one car hugo include new
POOL	5944	0.835736366	4,8,9,11,16	watt ryu oh we to-do
POOL	5945	0.835728268	4,6,7,11,16	wet re- new goa to-do
POOL	5946	0.835726216	1,2,5,10,16	ooh a car ego to-do
POOL	5947	0.835712588	4,6,7,11,16	whatsapp re- ou go to-do
POOL	5948	0.835708487	2,5,10,15,16	won car lugo into oooh
POOL	5949	0.835704782	4,8,9,11,16	watt ryu too way to-do
POOL	5950	0.835704548	3,5,7,10,13,15,16	what aar u go inc food rue
POOL	5951	0.835703208	4,6,9,11,16	wut lee goo-goo why to-do
POOL	5952	0.835701132	4,7,10,15,16	whatsapp new go into ooh
POOL	5953	0.835690583	1,2,5,10,13,14,16	were an car roh inc ooh due
POOL	5954	0.835673216	4,6,9,11,16	whatsapp re- go will to-do
POOL	5955	0.835673216	4,6,9,11,16	whatsapp re- go with to-do
POOL	5956	0.835672709	2,5,10,15,16	wa car hugo into too
POOL	5957	0.835671693	2,5,10,15,16	why car lugo into new
POOL	5958	0.835657585	1,2,5,10,16	we uh car lugo to-do
POOL	5959	0.835655307	4,8,9,11,16	whatsapp league too we to-do
POOL	5960	0.835648406	3,5,7,10,13,15,16	what aar u go inc food poo
POOL	5961	0.835647008	4,7,10,12,16	whatnot liu go in to-do
POOL	5962	0.835636410	2,5,10,15,16	wah car hugo into ooh
POOL	5963	0.835630223	4,8,10,14,16	wah ryu oh into due
POOL	5964	0.835626693	2,5,10,15,16	won tar hugo into ooh
POOL	5965	0.835623327	3,4,6,11,16	one-two uhh re- go to-do
POOL	5966	0.835622715	4,8,9,11,16	wut ryu new wee to-do
POOL	5967	0.835618340	2,5,10,15,16	wah car no-go into new
POOL	5968	0.835614882	1,2,5,10,16	too a tar no-go to-do
POOL	5969	0.835608623	2,5,10,15,16	won tar no-go into new
POOL	5970	0.835607457	4,6,9,11,16	watt free goo-goo we to-do
POOL	5971	0.835606832	1,2,5,10,16	due a car lugo to-do
POOL	5972	0.835604094	3,5,7,10,13,15,16	what aar u go inc food dew
POOL	5973	0.835589995	4,8,9,11,16	wut ryu new boy to-do
POOL	5974	0.835588485	2,5,8,10,13,15,16	one carb yoo woke inc food ooh
POOL	5975	0.835576361	2,4,8,10,12,16	yeah top league oh in voodoo
POOL	5976	0.835524754	4,7,10,15,16	whatnot new go into too
POOL	5977	0.835499379	2,6,10,12,16	one tonic go in to-do
POOL	5978	0.835469934	3,5,7,10,13,15,16	what aar u go inc food yoo
POOL	5979	0.835462309	2,5,10,15,16	won car hugo into knew
POOL	5980	0.835435087	4,6,8,10,16	whatsapp re- too own to-do
POOL	5981	0.835406276	3,5,7,10,13,15,16	what aar u go inc food lieu
POOL	5982	0.835399108	4,7,10,15,16	wah ryu go into new
POOL	5983	0.835378824	4,6,9,11,16	watt year goo-goo we to-do
POOL	5984	0.835376434	4,8,9,11,16	whatsapp liu new we to-do
POOL	5985	0.835371162	3,5,7,10,13,15,16	what aar u go inc food sioux
POOL	5986	0.835353923	4,6,9,11,16	watt real goo-goo we to-do
POOL	5987	0.835335293	1,2,5,8,10,12,16	oui a car yoo oh ing tuk
POOL	5988	0.835333461	4,7,10,12,16	whatnot new go thing to-do
POOL	5989	0.835321115	4,8,9,11,16	wut ryu who way to-do
POOL	5990	0.835301365	3,5,7,10,13,15,16	what aar u go inc food goo
POOL	5991	0.835300938	4,8,9,11,16	wut ryu law way to-do
POOL	5992	0.835291965	4,7,10,12,16	wah ryu go in to-do
POOL	5993	0.835242881	4,8,9,11,16	wet ryu new why to-do
POOL	5994	0.835223814	4,8,9,11,16	wut ryu due way to-do
POOL	5995	0.835223617	4,8,9,11,16	wet ryu ooh we to-do
POOL	5996	0.835222270	3,5,7,10,13,15,16	what aar u go inc food hoo
POOL	5997	0.835215856	4,6,8,10,16	whatsapp re- new aux to-do
POOL	5998	0.835209558	4,8,10,14,16	wot ryu know into due
POOL	5999	0.835209221	3,5,7,10,13,15,16	what aar u go inc food zhou
POOL	6000	0.835208923	4,6,9,11,16	whatnot re- oh we to-do
POOL	6001	0.835193905	2,4,10,13,16	one tung lugo inc to-do
POOL	6002	0.835155320	4,6,9,11,16	whatsapp re- go wee to-do
POOL	6003	0.835151197	4,6,8,10,16	whatnot lee new oh to-do
POOL	6004	0.835134885	2,5,10,15,16	won star hugo into new
POOL	6005	0.835129044	4,8,12,15,16	wut league owing to-do too
POOL	6006	0.835123806	1,2,5,10,13,16	were a car hugo inc ou
POOL	6007	0.835122600	4,6,9,11,16	whatsapp re- go boy to-do
POOL	6008	0.835122207	3,5,7,10,13,15,16	what aar u go inc food foo
POOL	6009	0.835120713	2,5,10,15,16	wah car lugo into too
POOL	6010	0.835116174	4,6,8,10,16	whatsapp we new oh to-do
POOL	6011	0.835110996	2,5,10,15,16	won tar lugo into too
POOL	6012	0.835102790	4,8,9,11,16	wut ryu new i to-do
POOL	6013	0.835093179	4,8,9,11,16	watt ryu too why to-do
POOL	6014	0.835089353	2,5,10,15,16	well car lugo into new
POOL	6015	0.835085358	2,5,10,15,16	wha car hugo into ooh
POOL	6016	0.835085255	4,10,13,15,16	wut lugo inc to-do new
POOL	6017	0.835079171	4,8,10,14,16	wha ryu oh into due
POOL	6018	0.835067288	2,5,10,15,16	wha car no-go into new
POOL	6019	0.835057046	4,8,10,14,16	whatsapp league know into due
POOL	6020	0.835056339	4,6,8,10,16	whatsapp ree new oh to-do
POOL	6021	0.835031517	4,6,8,10,16	whatsapp re- too show to-do
POOL	6022	0.835021613	4,6,9,11,16	wah re- goo-goo we to-do
POOL	6023	0.835020384	2,4,7,12,16	one ta liu growing to-do
POOL	6024	0.835018153	3,5,7,10,13,15,16	what aar u go inc food coo
POOL	6025	0.835018061	4,6,8,10,16	whatsapp free ooh oh to-do
POOL	6026	0.835011019	3,5,7,10,13,15,16	what aar u go inc food loo
POOL	6027	0.835008198	4,6,8,10,16	whatsapp re- oooh know to-do
POOL	6028	0.834992340	3,4,6,11,16	one-two ahh we go to-do
POOL	6029	0.834988937	4,6,8,10,16	whatsapp re- dog know to-do
POOL	6030	0.834980130	3,5,7,10,13,15,16	what aar u go inc food pooh
POOL	6031	0.834973838	4,8,9,11,16	wut ryu too win to-do
POOL	6032	0.834934613	4,8,9,11,16	whatnot league new we to-do
POOL	6033	0.834933889	4,8,9,11,16	watt ryu oooh we to-do
POOL	6034	0.834933202	3,5,7,10,13,15,16	what aar u go inc food lew
POOL	6035	0.834932505	3,4,6,11,16	one-two ahh ree go to-do
POOL	6036	0.834909667	3,5,7,10,13,15,16	what aar u go inc food u
POOL	6037	0.834909099	4,6,8,10,16	whatnot re- knew oh to-do
POOL	6038	0.834908186	3,4,6,11,16	one-two la re- go to-do
POOL	6039	0.834898892	2,5,10,15,16	wah tar hugo into new
POOL	6040	0.834895625	4,7,10,15,16	wot ryu go into oooh
POOL	6041	0.834889114	2,5,7,10,11,16	one car zhou go with to-do
POOL	6042	0.834880587	4,7,10,12,16	whatnot liu go ing to-do
POOL	6043	0.834879853	2,5,10,15,16	won car no-go into oooh
POOL	6044	0.834872942	2,4,10,13,16	ja top lugo inc to-do
POOL	6045	0.834867144	4,7,10,13,15,16	wut revue go sync food new
POOL	6046	0.834861967	4,8,10,14,16	wet ryu owe into due
POOL	6047	0.834861129	2,5,10,15,16	why car hugo into ooh
POOL	6048	0.834855258	1,2,6,10,16	were a ollie go to-do
POOL	6049	0.834850172	4,8,12,15,16	wut liu owing to-do new
POOL	6050	0.834848056	4,7,10,15,16	wha ryu go into new
POOL	6051	0.834843059	2,5,10,15,16	why car no-go into new
POOL	6052	0.834841683	4,6,8,10,16	whatnot free too oh to-do
POOL	6053	0.834840520	4,6,8,10,16	whatsapp re- ooh owe to-do
POOL	6054	0.834839891	3,5,7,10,13,15,16	what aar u go inc food tue
POOL	6055	0.834837378	3,5,7,10,13,15,16	what aar u go inc food whew
POOL	6056	0.834826688	3,5,7,10,13,15,16	what aar u go inc food law
POOL	6057	0.834814350	4,8,9,11,16	wut ryu too will to-do
POOL	6058	0.834814350	4,8,9,11,16	wut ryu too with to-do
POOL	6059	0.834813120	3,4,6,11,16	one-two raw re- go to-do
POOL	6060	0.834789427	4,6,8,10,16	whatsapp year ooh oh to-do
POOL	6061	0.834786092	4,7,10,12,16	wet ryu go king to-do
POOL	6062	0.834775334	3,4,6,10,11,16	wut ahh are go a to-do
POOL	6063	0.834768749	2,4,7,12,16	won ta new growing to-do
POOL	6064	0.834764526	4,6,8,10,16	whatsapp real ooh oh to-do
POOL	6065	0.834762517	4,8,10,14,16	watt ryu own into due
POOL	6066	0.834753773	4,7,10,15,16	wut ryu go include ooh
POOL	6067	0.834747825	4,7,10,15,16	wet ryu go into due
POOL	6068	0.834747288	3,4,6,11,16	one-two awe we go to-do
POOL	6069	0.834740913	4,7,10,12,16	wha ryu go in to-do
POOL	6070	0.834726108	4,7,10,15,16	watt ryu go into knew
POOL	6071	0.834721485	4,8,10,14,16	rut ryu oh into due
POOL	6072	0.834714321	3,5,7,10,13,15,16	what aar u go inc food shu
POOL	6073	0.834709512	4,8,9,11,16	wut ryu who why to-do
POOL	6074	0.834689906	4,6,9,11,16	whatsapp re- oh way to-do
POOL	6075	0.834689335	4,8,9,11,16	wut ryu law why to-do
POOL	6076	0.834687453	3,4,6,11,16	one-two awe ree go to-do
POOL	6077	0.834662411	4,6,9,11,16	wut rare goo-goo we to-do
POOL	6078	0.834647774	3,6,10,13,16	worst ari go inc to-do
POOL	6079	0.834636063	3,4,6,11,16	one-two ah we go to-do
POOL	6080	0.834623136	3,5,7,10,13,15,16	what aar u go inc food moo
POOL	6081	0.834621866	3,5,7,10,13,15,16	what aar u go inc food oof
POOL	6082	0.834612696	2,5,10,15,16	wa car lugo into new
POOL	6083	0.834612211	4,8,9,11,16	wut ryu due why to-do
POOL	6084	0.834604268	4,7,10,15,16	whatsapp liu go into ooh
POOL	6085	0.834576229	3,4,6,11,16	one-two ah ree go to-do
POOL	6086	0.834569661	2,5,10,15,16	wha car lugo into too
POOL	6087	0.834568108	4,8,9,11,16	wot ryu new way to-do
POOL	6088	0.834559806	4,8,9,11,16	wet ryu oh we to-do
POOL	6089	0.834540493	3,5,7,10,13,15,16	what aar u go inc food vous
POOL	6090	0.834539513	3,5,7,10,13,15,16	what aar u go inc food zhu
POOL	6091	0.834536283	3,6,8,10,11,16	wut yarn new whoa a to-do
POOL	6092	0.834529330	4,7,10,12,16	watt ryu go inn to-do
POOL	6093	0.834525544	4,7,10,12,16	wah ryu go ing to-do
POOL	6094	0.834504320	3,5,7,10,13,15,16	what aar u go inc food hou
POOL	6095	0.834493723	3,5,7,10,13,15,16	what aar u go inc food roo
POOL	6096	0.834490369	4,7,10,15,16	rut ryu go into new
POOL	6097	0.834476106	4,6,12,15,16	wut re- growing to-do new
POOL	6098	0.834473761	2,4,8,10,12,16	one r league whoa in to-do
POOL	6099	0.834473568	2,4,7,12,16	were top new growing to-do
POOL	6100	0.834462710	2,4,10,12,16	worth top lugo in to-do
POOL	6101	0.834427890	4,7,10,15,16	whatnot liu go into too
POOL	6102	0.834418979	2,5,10,15,16	one car hugo include too
POOL	6103	0.834396740	2,5,10,15,16	won car hugo include new
POOL	6104	0.834393696	2,5,10,15,16	won car ego into ooh
POOL	6105	0.834383226	4,7,10,12,16	rut ryu go in to-do
POOL	6106	0.834372499	3,4,6,11,16	one-two uh re- go to-do
POOL	6107	0.834358947	4,8,10,14,16	watt ryu show into due
POOL	6108	0.834358923	1,2,5,10,13,16	were a cause goh inc to-do
POOL	6109	0.834356052	2,5,10,13,15,16	uh car vigo inc food new
POOL	6110	0.834352526	3,5,7,10,13,15,16	what aar u go inc food gnu
POOL	6111	0.834347840	2,5,10,15,16	wha tar hugo into new
POOL	6112	0.834345432	2,5,10,15,16	why car lugo into too
POOL	6113	0.834333023	4,7,10,15,16	wut ryu go into oh
POOL	6114	0.834307693	3,5,7,10,13,15,16	what aar u go inc food yew
POOL	6115	0.834297259	2,5,10,15,16	won car hugo into ou
POOL	6116	0.834292547	3,6,7,10,13,15,16	tut un ooh go inc food ooh
POOL	6117	0.834292192	3,5,7,10,13,15,16	what aar u go inc food du
POOL	6118	0.834292079	2,5,10,15,16	wah car no-go into too
POOL	6119	0.834282362	2,5,10,15,16	won tar no-go into too
POOL	6120	0.834278789	2,5,10,15,16	well car hugo into ooh
POOL	6121	0.834270178	3,5,7,10,13,15,16	what aar u go inc food oop
POOL	6122	0.834266474	3,5,7,10,13,15,16	what aar u go inc food roux
POOL	6123	0.834234844	4,7,10,15,16	whatsapp new go into oooh
POOL	6124	0.834223339	2,6,7,10,12,16	aux car shoes go in to-do
POOL	6125	0.834194900	3,4,6,11,16	wut on re- goa to-do
POOL	6126	0.834180379	3,4,7,10,11,16	wad ahh liu go ya to-do
POOL	6127	0.834172218	3,5,7,10,13,15,16	what aar u go inc food hsu
POOL	6128	0.834170338	3,5,7,10,13,15,16	what aar u go inc food koo
POOL	6129	0.834144775	4,8,10,14,16	wut ryu oh into du
POOL	6130	0.834137654	3,4,6,11,16	watt ahh re- goa to-do
POOL	6131	0.834095029	4,6,8,11,16	wut re- new ova to-do
POOL	6132	0.834082411	3,5,7,10,13,15,16	what aar u go inc food deux
POOL	6133	0.834072847	4,7,10,15,16	wah ryu go into too
POOL	6134	0.834057123	3,4,6,11,16	wut a re- goa to-do
POOL	6135	0.834056163	2,4,6,10,14,16	one trois re- gu into due
POOL	6136	0.834016661	3,5,7,10,13,15,16	what aar u go inc food saw
POOL	6137	0.834010312	4,10,13,15,16	wut lugo into food new
POOL	6138	0.833972623	4,8,10,14,16	whatnot rig oh into due
POOL	6139	0.833923377	2,4,7,12,16	wah top new growing to-do
POOL	6140	0.833905892	2,4,8,12,16	uh top rogue owing to-do
POOL	6141	0.833892602	3,4,6,11,16	watt awe re- goa to-do
POOL	6142	0.833868872	3,5,7,10,13,15,16	what aar u go inc food shoo
POOL	6143	0.833858239	3,4,6,11,16	one-two on free go to-do
POOL	6144	0.833851081	4,8,10,14,16	wut ryu oh into deux
POOL	6145	0.833843560	3,5,7,10,13,15,16	what aar u go inc food sou
POOL	6146	0.833813804	4,8,10,14,16	watt ryu ohh into due
POOL	6147	0.833795945	4,8,10,14,16	wa ryu oh into due
POOL	6148	0.833781377	3,4,6,11,16	watt ah re- goa to-do
POOL	6149	0.833760183	3,4,6,11,16	wut ahh re- lugo to-do
POOL	6150	0.833758994	4,10,13,15,16	wut lugo inc to-do too
POOL	6151	0.833758525	3,5,7,10,13,15,16	what aar u go inc food ooze
POOL	6152	0.833741889	3,5,7,10,13,15,16	what aar u go inc food ewe
POOL	6153	0.833731951	1,2,5,10,11,16	were a car goh a to-do
POOL	6154	0.833724914	3,5,7,10,13,15,16	what aar u go inc food whoo
POOL	6155	0.833700733	3,5,7,10,13,15,16	what aar u go inc food yue
POOL	6156	0.833671884	2,4,7,12,16	won ta liu growing to-do
POOL	6157	0.833660539	4,7,10,15,16	watt ryu go include new
POOL	6158	0.833654178	4,7,10,15,16	whatnot new go into ooh
POOL	6159	0.833625736	2,6,8,12,16	one thom new owing to-do
POOL	6160	0.833604704	3,4,6,11,16	one-two on real go to-do
POOL	6161	0.833600212	2,4,8,13,16	one top ree owing to-do
POOL	6162	0.833595482	2,6,10,13,16	one cory go lint to-do
POOL	6163	0.833564830	4,7,10,15,16	wa ryu go into new
POOL	6164	0.833561058	4,7,10,15,16	watt ryu go into ou
POOL	6165	0.833549548	4,7,10,15,16	wet ryu go into knew
POOL	6166	0.833523911	4,8,12,15,16	wut liu owing to-do too
POOL	6167	0.833521795	4,7,10,15,16	wha ryu go into too
POOL	6168	0.833515131	3,4,6,11,16	wut awe re- lugo to-do
POOL	6169	0.833508356	3,5,7,10,13,15,16	what aar u go inc food noo
POOL	6170	0.833476386	3,5,7,10,13,15,16	what aar u go inc food xue
POOL	6171	0.833461450	4,7,10,15,16	wot ryu go into due
POOL	6172	0.833460301	2,4,7,10,12,16	one dot liu go d. to-do
POOL	6173	0.833445223	4,8,13,15,16	wut ryu owing food new
POOL	6174	0.833417259	3,5,7,10,13,15,16	what aar u go inc food phu
POOL	6175	0.833416764	4,7,10,15,16	wut ryu go ensued new
POOL	6176	0.833403906	3,4,6,11,16	wut ah re- lugo to-do
POOL	6177	0.833376703	2,4,7,12,16	were top liu growing to-do
POOL	6178	0.833372324	2,4,7,12,16	wha top new growing to-do
POOL	6179	0.833364096	4,6,8,12,16	yuk re- new owing to-do
POOL	6180	0.833348458	3,5,7,10,13,15,16	what aar u go inc food owe
POOL	6181	0.833341884	3,5,7,10,13,15,16	what aar u go inc food use
POOL	6182	0.833333113	3,5,7,10,13,15,16	what aar u go inc food cou
POOL	6183	0.833329398	4,10,13,15,16	wut lugo it to-do new
POOL	6184	0.833287484	4,7,10,15,16	wut ryu go include oooh
POOL	6185	0.833262153	2,4,6,10,14,16	wig top all go into due
POOL	6186	0.833258468	4,8,12,15,16	wut league owing to-do ooh
POOL	6187	0.833254550	1,2,4,7,11,16	were dah top liu au to-do
POOL	6188	0.833190710	2,4,7,10,14,16	raw top liu go undue due
POOL	6189	0.833164108	4,7,10,15,16	rut ryu go into too
POOL	6190	0.833149845	4,6,12,15,16	wut re- growing to-do too
POOL	6191	0.833148095	2,4,7,12,16	why top new growing to-do
POOL	6192	0.833146121	4,7,10,15,16	wut new ago into new
POOL	6193	0.833137979	4,7,10,15,16	whatsapp liu go into oooh
POOL	6194	0.833108396	3,4,7,10,13,15,16	knot ahh loose go inc food ooh
POOL	6195	0.833105921	4,7,10,15,16	wut ryu go intrude new
POOL	6196	0.833079185	3,5,7,10,13,15,16	what aar u go inc food su
POOL	6197	0.833074826	3,5,7,10,13,15,16	what aar u go inc food yu
POOL	6198	0.833063947	3,4,6,11,16	wut ahh re- goalie to-do
POOL	6199	0.833044465	3,4,6,10,12,16	wut got re- quo in to-do
POOL	6200	0.833035934	3,4,6,11,16	one-two ahh your go to-do
POOL	6201	0.833024576	4,10,13,15,16	wut hugo inc to-do new
POOL	6202	0.833022888	2,5,10,13,16	one car russo inc to-do
POOL	6203	0.833000876	2,4,7,12,16	one tom new growing to-do
POOL	6204	0.832988811	3,4,7,10,13,15,16	app cop liu go inc food ooh
POOL	6205	0.832971870	4,10,13,15,16	wut lugo think to-do new
POOL	6206	0.832961094	3,4,6,11,16	wet ahh re- goa to-do
POOL	6207	0.832945704	3,5,7,10,13,15,16	what aar u go inc food fu
POOL	6208	0.832943854	3,4,6,10,12,16	suit mom re- go in to-do
POOL	6209	0.832897793	2,4,7,12,16	one top new glowing to-do
POOL	6210	0.832882410	3,4,6,11,16	want on re- goa to-do
POOL	6211	0.832882053	2,4,7,10,13,14,16	rug ta liu dough inc ooh due
POOL	6212	0.832855947	3,4,6,11,16	one-two ahh rare go to-do
POOL	6213	0.832845136	3,6,10,13,15,16	it ari go lint food new
POOL	6214	0.832841492	3,4,6,11,16	one-two on lee go to-do
POOL	6215	0.832837529	4,8,12,15,16	wut rig owing to-do new
POOL	6216	0.832826512	2,4,7,12,16	wah top liu growing to-do
POOL	6217	0.832818895	3,4,6,11,16	wut awe re- goalie to-do
POOL	6218	0.832808186	2,4,7,12,16	one top use growing to-do
POOL	6219	0.832802904	2,4,7,12,16	one top new owing to-do
POOL	6220	0.832790882	3,4,6,11,16	one-two awe your go to-do
POOL	6221	0.832780366	2,4,7,13,15,16	one top liu growing should new
POOL	6222	0.832738593	1,2,4,6,7,12,16	were a ta re- ooh gogh too
POOL	6223	0.832720714	2,4,7,12,16	one too new growing to-do
POOL	6224	0.832695941	2,6,7,10,12,16	one car new ode in to-do
POOL	6225	0.832690443	2,4,7,12,16	one top view growing to-do
POOL	6226	0.832684051	4,10,13,15,16	wut lugo into food too
POOL	6227	0.832665485	3,5,7,10,13,15,16	what aar u go inc food wu
POOL	6228	0.832565755	2,4,7,12,16	well top new growing to-do
POOL	6229	0.832479986	3,5,7,10,13,15,16	what aar u go inc food tu
POOL	6230	0.832428792	2,5,10,13,15,16	we charm hugo inc food new
POOL	6231	0.832376357	2,4,7,12,16	was top new growing to-do
POOL	6232	0.832344609	2,4,7,10,14,16	one cha liu go anew due
POOL	6233	0.832338287	2,4,10,13,15,16	one top lugo inc pooh moo
POOL	6234	0.832324646	3,5,7,10,13,15,16	what aar u go inc food ut
POOL	6235	0.832290748	2,4,7,12,16	a top new growing to-do
POOL	6236	0.832275459	2,4,7,12,16	wha top liu growing to-do
POOL	6237	0.832223171	3,5,7,10,13,15,16	what aar u go inc food mu
POOL	6238	0.832180799	2,4,8,9,10,12,16	wow ta liu ooh a ing toot
POOL	6239	0.832175553	2,6,10,11,16	wan car duo see to-do
POOL	6240	0.832165234	4,8,12,15,16	watt league owing to-do new
POOL	6241	0.832153857	1,4,8,10,11,16	were at ri oh a to-do
POOL	6242	0.832143037	4,6,8,13,16	wut re- new bowing to-do
POOL	6243	0.832118962	4,8,13,15,16	wut ryu owing food too
POOL	6244	0.832110595	3,4,8,10,11,16	wha ahh league oh eff to-do
POOL	6245	0.832089099	2,4,7,12,16	wa top new growing to-do
POOL	6246	0.832069518	3,5,7,10,13,15,16	what aar u go inc food were
POOL	6247	0.832051231	2,4,7,12,16	why top liu growing to-do
POOL	6248	0.832042794	3,5,7,10,13,15,16	what aar u go inc food lu
POOL	6249	0.832032802	2,4,7,9,10,12,16	y'are ta liu go a ing tuned
POOL	6250	0.832027977	4,6,7,10,12,16	wut knee new gu in to-do
POOL	6251	0.832003137	4,10,13,15,16	wut lugo it to-do too
POOL	6252	0.831999970	2,6,8,12,16	one car new coping to-do
POOL	6253	0.831949633	4,10,13,15,16	wut hugo into food new
POOL	6254	0.831904012	2,4,7,12,16	one tom liu growing to-do
POOL	6255	0.831900937	2,4,7,12,16	one top knew growing to-do
POOL	6256	0.831888417	4,10,13,15,16	wut lugo inc to-do ooh
POOL	6257	0.831861992	2,6,8,12,16	one car we owing to-do
POOL	6258	0.831855323	2,4,8,10,12,16	yeh top league cope in to-do
POOL	6259	0.831825934	3,5,7,10,13,15,16	what aar u go inc food hu
POOL	6260	0.831800928	2,4,7,12,16	one top liu glowing to-do
POOL	6261	0.831792179	4,8,12,15,16	wut league owing to-do oooh
POOL	6262	0.831759371	3,5,7,10,13,15,16	what aar u go inc food ohh
POOL	6263	0.831714499	3,5,7,10,13,15,16	what aar u go inc food nu
POOL	6264	0.831698315	4,10,13,15,16	wut hugo inc to-do too
POOL	6265	0.831697817	2,4,10,13,16	one top lugo ease to-do
POOL	6266	0.831653334	4,8,12,15,16	wut liu owing to-do ooh
POOL	6267	0.831652376	2,4,7,12,16	won tom new growing to-do
POOL	6268	0.831645609	4,10,13,15,16	wut lugo think to-do too
POOL	6269	0.831645335	3,5,7,10,13,15,16	what aar u go inc food ku
POOL	6270	0.831632936	2,4,6,11,16	yeah top re- going to-do
POOL	6271	0.831623849	2,4,7,12,16	one too liu growing to-do
POOL	6272	0.831549293	2,4,7,12,16	won top new glowing to-do
POOL	6273	0.831548260	4,8,12,15,16	wut ryu owing too new
POOL	6274	0.831528694	3,5,7,10,13,15,16	what aar u go inc food ru
POOL	6275	0.831511268	4,8,12,15,16	wut rig owing to-do too
POOL	6276	0.831473096	2,6,10,11,16	one parr hugo see to-do
POOL	6277	0.831468891	2,4,7,12,16	well top liu growing to-do
POOL	6278	0.831459686	2,4,7,12,16	won top use growing to-do
POOL	6279	0.831454404	2,4,7,12,16	won top new owing to-do
POOL	6280	0.831438797	3,6,10,13,15,16	cut ari ohh inc food new
POOL	6281	0.831419653	4,10,13,15,16	whatsapp lugo inc food new
POOL	6282	0.831394301	2,4,7,12,16	were ta new growing to-do
POOL	6283	0.831372214	2,4,7,12,16	won too new growing to-do
POOL	6284	0.831360752	3,6,10,13,15,16	mutt ari go inc ruled new
POOL	6285	0.831355232	3,5,7,10,13,15,16	what aar u go inc food we
POOL	6286	0.831341944	2,4,7,12,16	won top view growing to-do
POOL	6287	0.831333100	3,5,7,10,13,15,16	what aar u go inc food aux
POOL	6288	0.831325509	3,5,7,10,13,15,16	what aar u go inc food pu
POOL	6289	0.831304766	4,10,13,15,16	wut lugo ink to-do new
POOL	6290	0.831279493	2,4,7,12,16	was top liu growing to-do
POOL	6291	0.831279269	4,6,12,15,16	wut re- growing to-do ooh
POOL	6292	0.831268719	4,10,13,15,16	wut hugo it to-do new
POOL	6293	0.831198962	3,5,7,10,13,15,16	what aar u go inc food gu
POOL	6294	0.831193884	2,4,7,12,16	a top liu growing to-do
POOL	6295	0.831191371	3,5,7,10,13,15,16	what aar u go inc food news
POOL	6296	0.831115915	2,4,7,12,16	one top rue growing to-do
POOL	6297	0.831072456	2,4,7,10,15,16	one duh liu go into loop
POOL	6298	0.830992234	2,4,7,12,16	wa top liu growing to-do
POOL	6299	0.830988674	4,8,12,15,16	wet league owing to-do new
POOL	6300	0.830960960	2,4,7,12,16	one car new growing to-do
POOL	6301	0.830946549	3,5,7,10,13,15,16	what aar u go inc food food
POOL	6302	0.830944149	3,5,7,10,13,15,16	what aar u go inc food know
POOL	6303	0.830944145	3,5,7,10,13,15,16	what aar u go inc food xu
POOL	6304	0.830932931	3,5,7,10,13,15,16	what aar u go inc food o
POOL	6305	0.830899794	3,5,7,10,13,15,16	what aar u go inc food true
POOL	6306	0.830879409	2,4,8,12,16	one top league boating to-do
POOL	6307	0.830877414	3,6,10,13,16	wut ari go een to-do
POOL	6308	0.830850193	3,5,7,10,13,15,16	what aar u go inc food room
POOL	6309	0.830844110	2,4,7,12,16	wah ta new growing to-do
POOL	6310	0.830838972	4,8,12,15,16	watt league owing to-do too
POOL	6311	0.830813474	4,10,13,15,16	wut lugo into food ooh
POOL	6312	0.830812553	3,5,7,10,13,15,16	what aar u go inc food vu
POOL	6313	0.830797528	1,2,4,7,11,16	were s op liu go to-do
POOL	6314	0.830795183	4,10,13,15,16	watt lugo inc to-do new
POOL	6315	0.830789374	3,5,7,10,13,15,16	what aar u go inc food qu
POOL	6316	0.830788734	1,2,5,10,11,16	were eh car roh a to-do
POOL	6317	0.830787455	2,4,7,12,16	one top yoo growing to-do
POOL	6318	0.830674567	4,7,10,11,16	whatcha real go see to-do
POOL	6319	0.830630880	2,6,10,12,16	one terri go dean to-do
POOL	6320	0.830623372	4,10,13,15,16	wut hugo into food too
POOL	6321	0.830613666	3,5,7,10,13,15,16	what aar u go inc food move
POOL	6322	0.830605214	2,4,7,9,10,12,16	one ta liu go a ing twos
POOL	6323	0.830595279	2,4,7,10,13,16	one cop liu lo inc to-do
POOL	6324	0.830572413	3,5,7,10,13,15,16	what aar u go inc food eau
POOL	6325	0.830560100	4,8,12,15,16	watt liu owing to-do new
POOL	6326	0.830555512	2,4,7,12,16	won tom liu growing to-do
POOL	6327	0.830552438	2,4,7,12,16	won top knew growing to-do
POOL	6328	0.830532199	2,4,7,10,11,16	one t. shri go a to-do
POOL	6329	0.830479570	1,2,4,7,9,12,16	were a ta liu go wing woo
POOL	6330	0.830455305	4,8,12,15,16	wut league owing to-do who
POOL	6331	0.830452429	2,4,7,12,16	won top liu glowing to-do
POOL	6332	0.830430456	3,5,7,10,13,15,16	what aar u go inc food soon
POOL	6333	0.830422129	4,10,13,15,16	wut lugo inc to-do oooh
POOL	6334	0.830420316	1,2,4,7,9,12,16	well a ta liu go wing deux
POOL	6335	0.830360179	4,8,12,15,16	wut league owing to-do two
POOL	6336	0.830358004	4,8,12,15,16	wut league owing to-do due
POOL	6337	0.830350069	3,5,7,10,13,15,16	what aar u go inc food wee
POOL	6338	0.830273277	4,6,10,11,16	wut re- togo she to-do
POOL	6339	0.830248385	4,8,13,15,16	wut ryu owing food ooh
POOL	6340	0.830221999	4,8,12,15,16	wut ryu owing too too
POOL	6341	0.830214351	2,4,8,12,16	one tot lou owing to-do
POOL	6342	0.830187046	4,8,12,15,16	wut liu owing to-do oooh
POOL	6343	0.830186034	4,6,12,15,16	watt re- growing to-do new
POOL	6344	0.830180088	4,6,10,13,16	wada re- whoa inc to-do
POOL	6345	0.830132560	4,10,13,15,16	wut lugo it to-do ooh
POOL	6346	0.830093392	4,10,13,15,16	whatsapp lugo inc food too
POOL	6347	0.830048865	2,4,7,13,16	one top ryu goat to-do
POOL	6348	0.830036580	2,5,10,13,15,16	one car's hugo inc odd new
POOL	6349	0.829989313	3,6,10,13,16	wut ari goat inc to-do
POOL	6350	0.829981923	3,4,6,8,12,16	wut ahh re- new owing could
POOL	6351	0.829978505	4,10,13,15,16	wut lugo ink to-do too
POOL	6352	0.829942458	4,10,13,15,16	wut hugo it to-do too
POOL	6353	0.829917793	3,6,8,10,13,15,16	what's heir ooh oh inc food ooh
POOL	6354	0.829878861	3,4,8,10,11,16	wut ahh league nov sci to-do
POOL	6355	0.829875475	4,8,12,15,16	wut league showing to-do new
POOL	6356	0.829827738	4,10,13,15,16	wut hugo inc to-do ooh
POOL	6357	0.829812980	4,6,12,15,16	wut re- growing to-do oooh
POOL	6358	0.829791715	3,5,7,10,13,15,16	what aar u go inc food wii
POOL	6359	0.829776955	3,4,8,10,11,16	cut yah mew oh a to-do
POOL	6360	0.829775032	4,10,13,15,16	wut lugo think to-do ooh
POOL	6361	0.829739107	4,6,8,12,16	wut re- new olin to-do
POOL	6362	0.829720240	4,10,13,15,16	watt lugo into food new
POOL	6363	0.829702299	4,8,12,15,16	wot league owing to-do new
POOL	6364	0.829695500	3,5,7,10,13,15,16	what aar u go inc food go
POOL	6365	0.829680476	3,5,7,10,13,15,16	what aar u go inc food view
POOL	6366	0.829663796	4,10,13,15,16	whatsapp lugo it food new
POOL	6367	0.829662413	4,8,12,15,16	wet league owing to-do too
POOL	6368	0.829640691	4,8,12,15,16	wut rig owing to-do ooh
POOL	6369	0.829638438	1,2,6,12,16	ya a car growing to-do
POOL	6370	0.829626735	3,4,7,10,11,16	wut ahh liu chau a to-do
POOL	6371	0.829618623	4,10,13,15,16	wet lugo inc to-do new
POOL	6372	0.829544143	2,5,8,10,12,16	wore r.'s new oh in to-do
POOL	6373	0.829476492	3,5,7,10,13,15,16	what aar u go inc food cool
POOL	6374	0.829473564	2,4,7,8,10,12,16	when ta liu egg oh ing twos
POOL	6375	0.829468922	4,10,13,15,16	watt lugo inc to-do too
POOL	6376	0.829437164	3,5,7,10,13,15,16	what aar u go inc food au
POOL	6377	0.829417032	4,10,13,15,16	wut rio inc to-do new
POOL	6378	0.829404579	2,4,7,13,16	were ta liu growing to-do
POOL	6379	0.829400200	2,4,7,13,16	wha ta new growing to-do
POOL	6380	0.829387480	2,6,9,11,16	one shari go we to-do
POOL	6381	0.829383541	4,8,12,15,16	wet liu owing to-do new
POOL	6382	0.829382493	2,4,7,13,16	won too liu growing to-do
POOL	6383	0.829374942	3,5,7,10,13,15,16	what aar u go inc food blue
POOL	6384	0.829372698	4,10,13,15,16	whatnot lugo inc food new
POOL	6385	0.829358974	4,10,13,15,16	whatsapp hugo inc food new
POOL	6386	0.829347186	4,10,13,15,16	wut lugo into food oooh
POOL	6387	0.829343096	3,4,7,10,13,15,16	mat ahh liu go zing food ooh
POOL	6388	0.829325403	4,10,13,15,16	wut lugo into dude new
POOL	6389	0.829306268	4,10,13,15,16	whatsapp lugo think food new
POOL	6390	0.829296239	3,5,7,10,13,15,16	what aar u go inc food all
POOL	6391	0.829274702	2,6,8,10,16	one curry ooze oh to-do
POOL	6392	0.829244087	4,10,13,15,16	wut hugo ink to-do new
POOL	6393	0.829240435	2,4,8,13,16	we top yu owing to-do
POOL	6394	0.829233839	4,8,12,15,16	watt liu owing to-do too
POOL	6395	0.829220106	4,6,8,12,16	wut heir new owing to-do
POOL	6396	0.829207320	1,4,8,12,16	were nutt league owing to-do
POOL	6397	0.829197871	2,4,7,13,16	one da new growing to-do
POOL	6398	0.829175971	2,4,7,13,16	why ta new growing to-do
POOL	6399	0.829159727	4,8,12,15,16	wut league owing to-do knew
POOL	6400	0.829157785	3,5,7,10,11,13,16	what aar u go ee too due
POOL	6401	0.829155151	4,8,13,15,16	watt ryu owing food new
POOL	6402	0.829153584	2,4,7,13,16	one cause new growing to-do
POOL	6403	0.829143919	3,5,7,10,13,15,16	what aar u go inc food wah
POOL	6404	0.829133842	2,4,7,13,16	one top ryu growing due
POOL	6405	0.829110224	2,4,7,13,16	one top u growing to-do
POOL	6406	0.829106464	4,8,12,15,16	wut league knowing to-do new
POOL	6407	0.829091202	3,5,7,10,13,15,16	what aar u go inc food poor
POOL	6408	0.829085255	4,10,13,15,16	wut lugo inc to-do who
POOL	6409	0.829077183	2,4,7,11,16	one top new ergo to-do
POOL	6410	0.829039326	4,10,13,15,16	watt lugo it to-do new
POOL	6411	0.829033970	3,5,7,10,13,15,16	what aar u go inc food lose
POOL	6412	0.829009475	4,6,12,15,16	wet re- growing to-do new
POOL	6413	0.828971239	2,4,7,13,16	one car liu growing to-do
POOL	6414	0.828968396	4,8,12,15,16	watt league owing to-do ooh
POOL	6415	0.828928306	2,6,8,11,16	one ari whoo oh to-do
POOL	6416	0.828925669	2,4,7,13,16	one ta new glowing to-do
POOL	6417	0.828899564	2,4,6,10,12,16	one tough re- go in pooh-pooh
POOL	6418	0.828874558	2,4,7,13,16	won top rue growing to-do
POOL	6419	0.828865594	3,5,7,10,13,15,16	what aar u go inc food own
POOL	6420	0.828859773	4,6,12,15,16	watt re- growing to-do too
POOL	6421	0.828850172	4,8,12,15,16	wut liu owing to-do who
POOL	6422	0.828782096	4,8,13,15,16	wut ryu owing food oooh
POOL	6423	0.828760313	4,8,13,15,16	wut ryu owing dude new
POOL	6424	0.828755045	4,8,12,15,16	wut liu owing to-do two
POOL	6425	0.828753818	3,5,7,10,13,16	what aar u go inc to-do
POOL	6426	0.828752871	4,8,12,15,16	wut liu owing to-do due
POOL	6427	0.828750310	3,5,7,10,13,15,16	what aar u go inc food wha
POOL	6428	0.828705959	2,4,7,10,14,16	one top liu ohm into due
POOL	6429	0.828696035	2,4,8,10,15,16	one top you oh into new
POOL	6430	0.828695638	2,4,7,13,15,16	one na liu growing food new
POOL	6431	0.828693204	3,4,7,10,11,16	wut top mule go a to-do
POOL	6432	0.828692954	3,5,7,10,11,13,16	what aar u go a too due
POOL	6433	0.828676374	4,8,12,15,16	wut log owing to-do new
POOL	6434	0.828673937	2,5,8,10,11,16	one jar wig oh a to-do
POOL	6435	0.828655929	1,2,4,8,12,16	roo a top league aung to-do
POOL	6436	0.828581953	3,5,7,10,13,15,16	what aar u go inc food or
POOL	6437	0.828577330	3,5,7,10,13,15,16	what aar u go inc food show
POOL	6438	0.828549214	4,8,12,15,16	wut league showing to-do too
POOL	6439	0.828549122	2,4,6,11,16	one ka re- going to-do
POOL	6440	0.828547457	4,8,12,15,16	watt rig owing to-do new
POOL	6441	0.828476106	4,6,12,15,16	wut re- growing to-do who
POOL	6442	0.828462059	2,6,8,10,12,16	one car koo cole in to-do
POOL	6443	0.828439373	4,6,12,15,16	wut free growing to-do new
POOL	6444	0.828416102	3,6,7,10,11,16	wut karl goose go a to-do
POOL	6445	0.828380980	4,6,12,15,16	wut re- growing to-do two
POOL	6446	0.828378805	4,6,12,15,16	wut re- growing to-do due
POOL	6447	0.828376038	4,8,12,15,16	wot league owing to-do too
POOL	6448	0.828371862	1,2,4,8,12,16	wii a top league owing deux
POOL	6449	0.828371762	3,5,7,10,13,15,16	what aar u go inc food u.s
POOL	6450	0.828370729	4,8,13,15,16	wut ryu owing good new
POOL	6451	0.828351422	4,8,12,15,16	wut ryu owing too ooh
POOL	6452	0.828340371	4,8,12,15,16	wut league o-ring to-do new
POOL	6453	0.828306446	2,5,10,13,15,16	one carp hugo inc food owe
POOL	6454	0.828296024	3,5,7,10,13,15,16	what aar u go inc food ore
POOL	6455	0.828288809	3,5,7,10,13,15,16	what aar u go inc food off
POOL	6456	0.828277321	3,5,7,10,13,15,16	what aar u go inc food well
POOL	6457	0.828275256	1,2,5,10,15,16	wha a car whoa into new
POOL	6458	0.828270342	4,8,12,15,16	wut liu showing to-do new
POOL	6459	0.828246848	3,5,7,10,13,15,16	what aar u go inc food rule
POOL	6460	0.828226973	3,5,7,10,13,15,16	what aar u go inc food shaw
POOL	6461	0.828210739	4,6,12,15,16	wut year growing to-do new
POOL	6462	0.828185838	4,6,12,15,16	wut real growing to-do new
POOL	6463	0.828177384	4,6,12,15,16	wut re- glowing to-do new
POOL	6464	0.828175150	2,4,8,10,14,16	what doll league oh into due
POOL	6465	0.828174403	4,8,12,15,16	wut rig owing to-do oooh
POOL	6466	0.828167837	3,5,7,10,13,15,16	what aar u go inc food way
POOL	6467	0.828097165	4,8,12,15,16	wot liu owing to-do new
POOL	6468	0.828082495	4,6,12,15,16	wut re- owing to-do new
POOL	6469	0.828057279	4,8,12,15,16	wet liu owing to-do too
POOL	6470	0.828049739	2,4,7,10,13,14,16	one yah liu roh inc ooh due
POOL	6471	0.828030319	2,4,6,10,16	one top leigh ergo to-do
POOL	6472	0.827994677	4,8,12,15,16	wut league owing to-do ou
POOL	6473	0.827979926	3,5,7,10,13,15,16	what aar u go inc food ow
POOL	6474	0.827978591	4,8,13,15,16	wet ryu owing food new
POOL	6475	0.827930994	3,5,7,10,13,15,16	what aar u go inc food work
POOL	6476	0.827900925	4,6,7,11,16	wut re- outta go to-do
POOL	6477	0.827890787	3,5,7,10,11,13,16	what aar u go ee inc due
POOL	6478	0.827866437	4,8,12,15,16	wut rue owing to-do new
POOL	6479	0.827858808	2,4,7,10,12,15,16	zoo ta liu go ing soothe ooh
POOL	6480	0.827844417	1,4,8,12,16	foo at league owing to-do
POOL	6481	0.827839118	3,5,7,10,13,15,16	what aar u go inc food waugh
POOL	6482	0.827833721	3,5,7,10,13,15,16	what aar u go inc food wa
POOL	6483	0.827828890	4,8,13,15,16	watt ryu owing food too
POOL	6484	0.827819606	2,5,8,10,12,16	one car zoo yo in to-do
POOL	6485	0.827791836	4,8,12,15,16	wet league owing to-do ooh
POOL	6486	0.827780203	4,8,12,15,16	wut league knowing to-do too
POOL	6487	0.827730978	3,5,7,10,13,15,16	what aar u go inc food why
POOL	6488	0.827726577	2,5,7,10,11,16	one car new gloat a to-do
POOL	6489	0.827723100	4,6,12,15,16	wot re- growing to-do new
POOL	6490	0.827683214	4,6,12,15,16	wet re- growing to-do too
POOL	6491	0.827600186	3,5,7,10,13,15,16	what aar u go inc food dude
POOL	6492	0.827554594	4,8,12,15,16	wut liu owing to-do knew
POOL	6493	0.827540244	2,4,10,13,16	one top lugo inc to-dos
POOL	6494	0.827537977	4,8,12,15,16	wut yoo owing to-do new
POOL	6495	0.827502107	4,8,12,15,16	watt league owing to-do oooh
POOL	6496	0.827501330	4,8,12,15,16	wut liu knowing to-do new
POOL	6497	0.827445223	4,8,13,15,16	wut ryu owing food who
POOL	6498	0.827434052	4,8,13,15,16	wut ryu owing dude too
POOL	6499	0.827422626	4,6,12,15,16	wut lee growing to-do new
POOL	6500	0.827402844	1,4,6,12,16	were dutt re- growing to-do
POOL	6501	0.827371206	3,5,7,10,13,15,16	what aar u go inc food ahh
POOL	6502	0.827370898	4,8,12,15,16	wet rig owing to-do new
POOL	6503	0.827369407	3,4,7,10,11,16	white ahh you go a to-do
POOL	6504	0.827367172	1,2,6,11,16	knew a car going to-do
POOL	6505	0.827364583	2,5,10,13,15,16	watt car hugo inc luiz new
POOL	6506	0.827350096	4,8,13,15,16	wut ryu owing food two
POOL	6507	0.827347921	4,8,13,15,16	wut ryu owing food due
POOL	6508	0.827308315	3,5,7,10,13,15,16	what aar u go inc food youth
POOL	6509	0.827298000	4,6,10,15,16	wut re- goo-goo into new
POOL	6510	0.827234323	3,5,7,10,13,15,16	what aar u go inc food shoot
POOL	6511	0.827196169	3,5,7,10,13,15,16	what aar u go inc food awe
POOL	6512	0.827180528	4,6,12,15,16	wut re- growing to-do knew
POOL	6513	0.827168061	3,5,7,10,13,15,16	what aar u go inc food oui
POOL	6514	0.827157935	1,2,5,10,12,16	wah a car wo in to-do
POOL	6515	0.827116722	3,5,7,10,13,15,16	what aar u go inc food ah
POOL	6516	0.827113831	3,5,7,10,13,15,16	what aar u go inc food crew
POOL	6517	0.827113112	4,6,12,15,16	wut free growing to-do too
POOL	6518	0.827107959	2,6,8,13,16	one car wha owing to-do
POOL	6519	0.827096806	3,5,7,10,13,15,16	what aar u go inc food moon
POOL	6520	0.827084303	3,5,7,10,13,15,16	what aar u go inc food suit
POOL	6521	0.827066038	3,5,7,10,13,15,16	what aar u go inc food grew
POOL	6522	0.827044468	4,8,13,15,16	wut ryu owing good too
POOL	6523	0.827043237	3,5,7,10,13,15,16	what aar u go inc food waa
POOL	6524	0.827030766	4,8,9,11,16	wut raju new oi to-do
POOL	6525	0.827029964	3,4,7,10,13,15,16	rad ahh liu go inc food glue
POOL	6526	0.827021907	2,4,7,10,12,16	waugh top liu goode in to-do
POOL	6527	0.827001507	2,4,8,13,16	one hah league owing to-do
POOL	6528	0.826989197	4,6,12,15,16	watt re- growing to-do ooh
POOL	6529	0.826973929	2,4,10,15,16	owe top lugo into new
POOL	6530	0.826963571	3,5,7,10,13,15,16	what aar u go inc food pool
POOL	6531	0.826958705	3,5,7,10,13,15,16	what aar u go inc food route
POOL	6532	0.826955928	3,5,7,10,13,15,16	what aar u go inc food shoes
POOL	6533	0.826951418	4,8,10,13,16	wut league o'er inc to-do
POOL	6534	0.826909460	1,2,5,8,12,16	were a car new owing tube
POOL	6535	0.826900317	2,4,6,7,12,16	one top re- new growing dew
POOL	6536	0.826884478	4,6,12,15,16	wut year growing to-do too
POOL	6537	0.826874521	4,8,13,15,16	wut ryu owing would new
POOL	6538	0.826865392	4,8,13,15,16	wut ryu showing food new
POOL	6539	0.826859577	4,6,12,15,16	wut real growing to-do too
POOL	6540	0.826851123	4,6,12,15,16	wut re- glowing to-do too
POOL	6541	0.826756234	4,6,12,15,16	wut re- owing to-do too
POOL	6542	0.826692216	4,8,13,15,16	wot ryu owing food new
POOL	6543	0.826684712	2,5,7,10,13,15,16	na car yoo oak inc food ooh
POOL	6544	0.826677304	3,6,10,15,16	rudd ari go into new
POOL	6545	0.826652330	4,8,13,15,16	wet ryu owing food too
POOL	6546	0.826624521	4,8,13,15,16	wut ryu owing new new
POOL	6547	0.826577246	2,6,7,10,12,16	one car news glo in to-do
POOL	6548	0.826551534	4,8,13,15,16	wut ryu owing mood new
POOL	6549	0.826545239	2,4,8,13,16	dah top league owing to-do
POOL	6550	0.826539704	4,8,13,15,16	whatsapp league owing food new
POOL	6551	0.826486960	3,5,7,10,13,15,16	what aar u go inc food tool
POOL	6552	0.826456967	3,5,7,10,13,15,16	what aar u go inc food paw
POOL	6553	0.826446591	3,5,7,10,13,15,16	what aar u go inc food roof
POOL	6554	0.826431951	3,5,7,10,13,15,16	what aar u go inc food low
POOL	6555	0.826425585	4,8,10,11,16	whatcha league toe see to-do
POOL	6556	0.826396838	4,6,12,15,16	wot re- growing to-do too
POOL	6557	0.826167187	4,6,10,13,16	wut re- o-o inked to-do
POOL	6558	0.826149645	4,8,13,15,16	wut ryu owing food knew
POOL	6559	0.826142296	2,4,8,10,14,16	one top league or into due
POOL	6560	0.826115863	3,5,7,10,13,15,16	what aar u go inc food drew
POOL	6561	0.826105778	3,5,7,10,13,15,16	what aar u go inc food loose
POOL	6562	0.826096381	4,8,13,15,16	wut ryu knowing food new
POOL	6563	0.826096365	4,6,12,15,16	wut lee growing to-do too
POOL	6564	0.826092875	3,5,7,10,13,15,16	what aar u go inc food threw
POOL	6565	0.826077204	3,5,7,10,13,15,16	what aar u go inc food duke
POOL	6566	0.826064931	3,5,7,10,13,15,16	what aar u go inc food luke
POOL	6567	0.826022486	3,5,7,10,13,15,16	what aar u go inc food mood
POOL	6568	0.826017742	4,8,13,15,16	wut ryu owing word new
POOL	6569	0.826015478	4,6,12,15,16	wut re- growing to-do ou
POOL	6570	0.826007613	3,5,7,10,13,15,16	what aar u go inc food uhh
POOL	6571	0.825958313	4,8,13,15,16	watt ryu owing food ooh
POOL	6572	0.825906338	3,5,7,10,13,15,16	what aar u go inc food orr
POOL	6573	0.825904045	3,5,7,10,13,15,16	what aar u go inc food root
POOL	6574	0.825896582	1,4,6,12,16	law at re- growing to-do
POOL	6575	0.825890621	2,4,6,10,14,16	one it rue go into due
POOL	6576	0.825821862	4,6,8,12,16	yacht leigh new owing to-do
POOL	6577	0.825819518	3,5,7,10,13,15,16	what aar u go inc food a
POOL	6578	0.825812637	4,6,12,15,16	wet re- growing to-do ooh
POOL	6579	0.825739481	3,5,7,10,13,15,16	what aar u go inc food week
POOL	6580	0.825714147	3,5,7,10,13,15,16	what aar u go inc food tube
POOL	6581	0.825666150	3,5,7,10,13,15,16	what aar u go inc food oe
POOL	6582	0.825663872	3,5,7,10,13,15,16	what aar u go inc food thaw
POOL	6583	0.825661947	1,2,6,7,12,16	whoo a car new gong to-do
POOL	6584	0.825636329	3,5,7,10,13,15,16	what aar u go inc food aud
POOL	6585	0.825636271	3,5,7,10,13,15,16	what aar u go inc food boom
POOL	6586	0.825631857	2,5,10,13,15,16	ooh car hugo pinned food new
POOL	6587	0.825603411	3,5,7,10,13,16	what aar u go ink to-do
POOL	6588	0.825585203	4,8,13,15,16	wut ryu owing rude new
POOL	6589	0.825563476	4,8,13,15,16	wut ryu owing dude ooh
POOL	6590	0.825553841	2,4,8,10,16	one pop luger oh to-do
POOL	6591	0.825548260	4,8,13,15,16	wut ryu owing would too
POOL	6592	0.825539131	4,8,13,15,16	wut ryu showing food too
POOL	6593	0.825522908	4,6,12,15,16	watt re- growing to-do oooh
POOL	6594	0.825511173	3,5,7,10,13,15,16	what aar u go inc food daw
POOL	6595	0.825485083	3,5,7,10,13,15,16	what aar u go inc food fool
POOL	6596	0.825482088	3,5,7,10,13,15,16	what aar u go inc food haw
POOL	6597	0.825478508	3,5,7,10,13,15,16	what aar u go inc food loop
POOL	6598	0.825421702	3,5,7,10,13,15,16	what aar u go inc food ong
POOL	6599	0.825399629	3,5,7,10,13,15,16	what aar u go inc food tune
POOL	6600	0.825365955	4,8,13,15,16	wot ryu owing food too
POOL	6601	0.825340648	4,6,12,15,16	wut we growing to-do new
POOL	6602	0.825332250	3,5,7,10,13,15,16	what aar u go inc food rude
POOL	6603	0.825330288	4,8,13,15,16	wut ryu o-ring food new
POOL	6604	0.825298260	4,8,13,15,16	wut ryu owing new too
POOL	6605	0.825280813	4,6,12,15,16	wut ree growing to-do new
POOL	6606	0.825254981	4,7,10,12,16	ta raju go in to-do
POOL	6607	0.825242535	4,6,12,15,16	wut free growing to-do ooh
POOL	6608	0.825225273	4,8,13,15,16	wut ryu owing mood too
POOL	6609	0.825220427	1,2,5,10,13,16	were la car hugo inc ou
POOL	6610	0.825213443	4,8,13,15,16	whatsapp league owing food too
POOL	6611	0.825173891	4,8,13,15,16	wut ryu owing good ooh
POOL	6612	0.825169225	3,5,7,10,13,15,16	what aar u go inc food oss
POOL	6613	0.825167688	3,4,7,10,11,16	wut ahh knee o a to-do
POOL	6614	0.825159549	3,5,7,10,13,15,16	what aar u go inc food aung
POOL	6615	0.825139319	3,5,7,10,13,15,16	what aar u go inc food boot
POOL	6616	0.825122487	3,5,7,10,13,15,16	what aar u go inc food maw
POOL	6617	0.825114165	3,5,7,10,13,15,16	what aar u go inc food uh
POOL	6618	0.825110127	3,5,7,10,13,15,16	what aar u go inc food auth
POOL	6619	0.825095983	3,5,7,10,13,15,16	what aar u go inc food clue
POOL	6620	0.825083750	2,5,8,10,12,16	lung car new oh rin to-do
POOL	6621	0.825081278	3,5,7,10,13,15,16	what aar u go inc food war
POOL	6622	0.825069482	3,5,7,10,11,13,16	what aar u go eh too due
POOL	6623	0.825039020	4,6,12,15,16	wut re- going to-do new
POOL	6624	0.825027921	2,6,8,13,16	one car ugh sowing to-do
POOL	6625	0.825027523	3,5,7,10,13,15,16	what aar u go inc food flew
POOL	6626	0.825013901	4,6,12,15,16	wut year growing to-do ooh
POOL	6627	0.824989000	4,6,12,15,16	wut real growing to-do ooh
POOL	6628	0.824984595	4,8,13,15,16	wut ryu owing food ou
POOL	6629	0.824980546	4,6,12,15,16	wut re- glowing to-do ooh
POOL	6630	0.824976823	3,5,7,10,13,15,16	what aar u go inc food soup
POOL	6631	0.824946342	3,5,7,10,13,15,16	what aar u go inc food oar
POOL	6632	0.824934570	4,8,13,15,16	whatsapp liu owing food new
POOL	6633	0.824921946	4,7,10,13,15,16	wut reuse glo inc food new
POOL	6634	0.824894167	3,5,7,10,13,15,16	what aar u go inc food blew
POOL	6635	0.824888403	3,6,10,11,16	wut ari goo see to-do
POOL	6636	0.824887104	3,5,7,10,13,15,16	what aar u go inc food yaw
POOL	6637	0.824885657	4,6,12,15,16	wut re- owing to-do ooh
POOL	6638	0.824848513	3,5,7,10,13,15,16	what aar u go inc food noon
POOL	6639	0.824845609	4,6,7,10,12,16	wut re- u gao in to-do
POOL	6640	0.824835239	3,5,7,10,13,15,16	what aar u go inc food booth
POOL	6641	0.824781753	4,8,13,15,16	wet ryu owing food ooh
POOL	6642	0.824770120	4,8,13,15,16	wut ryu knowing food too
POOL	6643	0.824748256	3,5,7,10,13,15,16	what aar u go inc food awd
POOL	6644	0.824746800	3,5,7,10,13,15,16	what aar u go inc food tooth
POOL	6645	0.824722697	4,6,8,12,16	wack re- oh owing to-do
POOL	6646	0.824691481	4,8,13,15,16	wut ryu owing word too
POOL	6647	0.824688859	2,4,7,10,14,16	what doll liu go into due
POOL	6648	0.824687152	1,2,5,10,15,16	were a car goh into new
POOL	6649	0.824682389	2,4,7,10,11,16	y top liu noe a to-do
POOL	6650	0.824651434	3,5,7,10,13,15,16	what aar u go inc food ruth
POOL	6651	0.824581397	3,5,7,10,13,15,16	what aar u go inc food win
POOL	6652	0.824536989	3,5,7,10,13,15,16	what aar u go inc food hugh
POOL	6653	0.824526262	4,6,12,15,16	wot re- growing to-do ooh
POOL	6654	0.824497373	3,5,7,10,13,15,16	what aar u go inc food nude
POOL	6655	0.824492749	4,8,13,15,16	whatnot league owing food new
POOL	6656	0.824492024	4,8,13,15,16	watt ryu owing food oooh
POOL	6657	0.824468354	3,5,7,10,13,15,16	what aar u go inc food through
POOL	6658	0.824466393	1,4,6,11,16	were atop re- wo to-do
POOL	6659	0.824435176	2,6,10,12,16	win car goa in to-do
POOL	6660	0.824390403	3,5,7,10,13,15,16	what aar u go inc food flu
POOL	6661	0.824359734	3,5,7,10,13,15,16	what aar u go inc food awed
POOL	6662	0.824346348	4,6,12,15,16	wet re- growing to-do oooh
POOL	6663	0.824225788	4,6,12,15,16	wut lee growing to-do ooh
POOL	6664	0.824221438	3,5,7,10,13,15,16	what aar u go inc food caw
POOL	6665	0.824187001	3,5,7,10,13,15,16	what aar u go inc food sued
POOL	6666	0.824186034	4,6,12,15,16	watt re- growing to-do who
POOL	6667	0.824156630	3,5,7,10,13,15,16	what aar u go inc food tomb
POOL	6668	0.824149301	4,6,12,15,16	watt free growing to-do new
POOL	6669	0.824134254	4,6,8,12,16	wut re- oe owing to-do
POOL	6670	0.824114533	3,5,7,10,13,15,16	what aar u go inc food jew
POOL	6671	0.824090908	4,6,12,15,16	watt re- growing to-do two
POOL	6672	0.824088733	4,6,12,15,16	watt re- growing to-do due
POOL	6673	0.824072485	1,2,6,12,16	were hull car growing to-do
POOL	6674	0.824033360	3,5,7,10,13,15,16	what aar u go inc food goose
POOL	6675	0.824025786	3,5,7,10,13,15,16	what aar u go inc food que
POOL	6676	0.824014387	4,6,12,15,16	wut we growing to-do too
POOL	6677	0.823985426	3,5,7,10,13,15,16	what aar u go inc food thru
POOL	6678	0.823983712	3,5,7,10,13,15,16	what aar u go inc food zoom
POOL	6679	0.823954552	4,6,12,15,16	wut ree growing to-do too
POOL	6680	0.823945949	3,5,7,10,13,15,16	what aar u go inc food doom
POOL	6681	0.823932942	3,5,7,10,13,15,16	what aar u go inc food mm
POOL	6682	0.823920667	4,6,12,15,16	watt year growing to-do new
POOL	6683	0.823913778	3,5,7,10,13,15,16	what aar u go inc food glue
POOL	6684	0.823895766	4,6,12,15,16	watt real growing to-do new
POOL	6685	0.823887312	4,6,12,15,16	watt re- glowing to-do new
POOL	6686	0.823855492	3,5,7,10,13,15,16	what aar u go inc food word
POOL	6687	0.823850396	3,5,7,10,13,15,16	what aar u go inc food queue
POOL	6688	0.823809686	1,2,4,6,12,16	were a top re- growing towed
POOL	6689	0.823801749	3,5,7,10,13,15,16	what aar u go inc food ot
POOL	6690	0.823792423	4,6,12,15,16	watt re- owing to-do new
POOL	6691	0.823776247	4,6,12,15,16	wut free growing to-do oooh
POOL	6692	0.823770945	3,5,7,10,13,15,16	what aar u go inc food cue
POOL	6693	0.823768838	4,6,12,15,16	wut re- goin' to-do new
POOL	6694	0.823728645	3,5,7,10,13,15,16	what aar u go inc food liu
POOL	6695	0.823712759	4,6,12,15,16	wut re- going to-do too
POOL	6696	0.823699862	3,5,7,10,13,15,16	what aar u go inc food oops
POOL	6697	0.823675105	3,5,7,10,13,15,16	what aar u go inc food co
POOL	6698	0.823563457	4,6,12,15,16	wah re- growing to-do new
POOL	6699	0.823547613	4,6,12,15,16	wut year growing to-do oooh
POOL	6700	0.823506333	3,5,7,10,13,15,16	what aar u go inc food chew
POOL	6701	0.823491225	3,5,7,10,13,15,16	what aar u go inc food poop
POOL	6702	0.823488614	3,5,7,10,13,15,16	what aar u go inc food rouge
POOL	6703	0.823485898	2,4,7,10,14,16	one top ye aux into due
POOL	6704	0.823479730	3,5,7,10,13,15,16	what aar u go inc food booze
POOL	6705	0.823274936	3,5,7,10,13,15,16	what aar u go inc food oi
POOL	6706	0.823190671	3,5,7,10,11,13,16	what aar u go ee too too
POOL	6707	0.823172551	3,5,7,10,12,15,16	what aar u go ing dude ooh
POOL	6708	0.823103045	3,5,7,10,13,15,16	what aar u go inc food few
POOL	6709	0.823084843	2,4,5,10,12,16	yuh top air wo in to-do
POOL	6710	0.823053633	2,6,8,10,12,16	one dolly new oh in sued
POOL	6711	0.822912750	1,2,6,11,16	were a car going to-do
POOL	6712	0.822909490	4,6,7,10,12,16	whatcha re- new go in du
POOL	6713	0.822823353	3,5,7,10,11,16	what aar u go ee to-do
POOL	6714	0.822725840	3,5,7,10,11,13,16	what aar u go a too too
POOL	6715	0.822690707	3,5,7,10,13,15,16	what aar u go inc food om
POOL	6716	0.822643286	2,4,6,8,12,16	one trois re- new owing whew
POOL	6717	0.822449564	4,6,8,10,12,16	wut yi new oh in pooh-pooh
POOL	6718	0.822356863	2,4,8,13,16	one caught mew owing to-do
POOL	6719	0.822294606	2,4,7,10,14,16	up top liu go into ad
POOL	6720	0.822271846	3,4,6,11,16	wut ahh re- going to-do
POOL	6721	0.822125202	3,5,7,10,12,15,16	what aar u go ing dude oooh
POOL	6722	0.822028231	3,5,7,10,13,15,16	what aar u go inc food eh
POOL	6723	0.821931955	3,5,7,10,13,15,16	what aar u go inc food er
POOL	6724	0.821923673	3,5,7,10,11,13,16	what aar u go ee inc too
POOL	6725	0.821897254	4,6,8,11,16	wut re- were boa to-do
POOL	6726	0.821896941	3,5,7,10,11,13,16	what aar u go ee too doo
POOL	6727	0.821892833	1,2,6,11,16	were huh car going to-do
POOL	6728	0.821884578	3,5,7,10,12,15,16	what aar u go ing dude new
POOL	6729	0.821878671	4,6,8,11,16	yuk re- new obi to-do
POOL	6730	0.821792606	2,4,7,12,16	with top new growing to-do
POOL	6731	0.821763441	2,4,10,12,16	one tour lugo in to-do
POOL	6732	0.821743935	1,2,5,10,15,16	were eh car roh into new
POOL	6733	0.821635748	3,6,10,15,16	wut ari glow into new
POOL	6734	0.821635580	3,5,7,10,11,16	what aar u go a to-do
POOL	6735	0.821620696	3,4,7,10,11,16	wut yeah liu go the to-do
POOL	6736	0.821613903	3,5,7,10,11,13,16	what aar u go ee too dew
POOL	6737	0.821561470	2,4,8,10,16	one taj ruger d'oh to-do
POOL	6738	0.821520354	2,5,10,13,15,16	one thom hugo ain't food new
POOL	6739	0.821434280	2,6,8,12,16	word car lew owing to-do
POOL	6740	0.821432111	3,5,7,10,11,13,16	what aar u go a too doo
POOL	6741	0.821399609	2,5,8,10,12,16	one car new oh in pooh-pooh
POOL	6742	0.821382047	2,5,10,11,16	yuh car russo see to-do
POOL	6743	0.821374041	1,2,4,7,12,16	were add top liu gong to-do
POOL	6744	0.821241973	2,4,7,12,16	one col new growing to-do
POOL	6745	0.821217829	3,5,7,10,13,15,16	what aar u go inc food oy
POOL	6746	0.821149072	3,5,7,10,11,13,16	what aar u go a too dew
POOL	6747	0.821126995	4,8,12,15,16	yacht league owing to-do new
POOL	6748	0.821088834	4,7,13,15,16	wut ryu growing food new
POOL	6749	0.821046190	3,5,7,10,13,15,16	what aar u go inc food no
POOL	6750	0.821046190	3,5,7,10,13,15,16	what aar u go inc food so
POOL	6751	0.821032324	4,7,10,11,16	wut ill-use go boy to-do
POOL	6752	0.821016077	2,4,8,13,16	one top league owing urdu
POOL	6753	0.820976507	4,6,8,13,16	wut re- log owen to-do
POOL	6754	0.820941406	2,4,10,11,16	rough top lugo uhh to-do
POOL	6755	0.820937248	3,5,7,10,12,15,16	what aar u go ing dude too
POOL	6756	0.820913484	2,6,8,13,16	one stars' sue owing to-do
POOL	6757	0.820873584	1,2,6,11,16	knew a curry wo to-do
POOL	6758	0.820859035	2,5,8,10,12,16	wal car new hole in to-do
POOL	6759	0.820775122	2,4,10,12,16	woe top lugo e'en to-do
POOL	6760	0.820683448	3,5,7,10,13,15,16	what aar u go inc food you'll
POOL	6761	0.820668929	4,6,7,11,16	wut very zhu go to-do
POOL	6762	0.820629943	3,5,7,10,11,13,16	what aar u go ee inc doo
POOL	6763	0.820540192	3,5,7,10,13,15,16	what aar u go inc food ur
POOL	6764	0.820485097	4,7,10,15,16	wada yue go into new
POOL	6765	0.820369112	3,6,10,11,16	wac ami go see to-do
POOL	6766	0.820355176	3,5,7,10,13,15,16	what aar u go inc food sh
POOL	6767	0.820354265	3,6,10,13,15,16	wut ari luo went food new
POOL	6768	0.820346905	3,5,7,10,11,13,16	what aar u go ee inc dew
POOL	6769	0.820302000	3,5,7,10,11,13,16	what aar u go ee too du
POOL	6770	0.820122761	3,5,7,10,13,15,16	what aar u go inc food you've
POOL	6771	0.820092219	3,5,7,10,11,13,16	what aar u go ee too deux
POOL	6772	0.820027475	2,4,10,11,16	one carr lugo eeg to-do
POOL	6773	0.819981475	3,5,7,10,13,15,16	what aar u go inc food ought
POOL	6774	0.819837170	3,5,7,10,11,13,16	what aar u go a too du
POOL	6775	0.819766583	4,6,12,15,16	wok re- growing to-do new
POOL	6776	0.819762573	4,7,13,15,16	wut ryu growing food too
POOL	6777	0.819748114	3,5,7,10,13,15,16	what aar u go inc food whose
POOL	6778	0.819736937	2,4,6,11,16	y'are ka re- going to-do
POOL	6779	0.819721946	4,6,8,10,15,16	what's re- lou oh into new
POOL	6780	0.819707476	3,5,7,10,13,15,16	what aar u go inc food q
POOL	6781	0.819627389	3,5,7,10,11,13,16	what aar u go a too deux
POOL	6782	0.819620245	4,8,12,15,16	wut eeg owing to-do new
POOL	6783	0.819569518	3,5,7,10,13,15,16	what aar u go inc food one
POOL	6784	0.819569518	3,5,7,10,13,15,16	what aar u go inc food was
POOL	6785	0.819569518	3,5,7,10,13,15,16	what aar u go inc food when
POOL	6786	0.819569518	3,5,7,10,13,15,16	what aar u go inc food will
POOL	6787	0.819569518	3,5,7,10,13,15,16	what aar u go inc food with
POOL	6788	0.819569518	3,5,7,10,13,15,16	what aar u go inc food would
POOL	6789	0.819509670	2,4,7,12,16	one top pre growing to-do
POOL	6790	0.819475126	3,6,7,10,11,16	wits ons new go a to-do
POOL	6791	0.819421283	3,4,7,10,11,16	wut ahh liu groan yeah to-do
POOL	6792	0.819420843	4,6,7,11,16	ta re- new goatee to-do
POOL	6793	0.819412700	3,5,7,10,12,15,16	what aar u go ing dude ou
POOL	6794	0.819280707	4,8,10,12,16	yuk redo oh in to-do
POOL	6795	0.819165940	3,5,7,10,11,16	what aar u go eh to-do
POOL	6796	0.819150531	1,2,6,10,16	were a car togo to-do
POOL	6797	0.819102367	3,5,7,10,11,13,16	what aar u go eh too too
POOL	6798	0.819081326	3,6,10,11,16	swot ari go bea to-do
POOL	6799	0.819056891	1,2,4,6,12,16	were duh top re- growing stewed
POOL	6800	0.819035002	3,5,7,10,11,13,16	what aar u go ee inc du
POOL	6801	0.818953739	4,6,8,13,16	wut re- new owing tutu
POOL	6802	0.818936432	4,6,10,11,16	wut rule gogo see to-do
POOL	6803	0.818913968	3,5,7,10,13,15,16	what aar u go inc food where
POOL	6804	0.818830088	2,4,8,10,14,16	one carr league oh into zeus
POOL	6805	0.818825221	3,5,7,10,11,13,16	what aar u go ee inc deux
POOL	6806	0.818657211	2,4,8,11,16	one tal ru bowie to-do
POOL	6807	0.818634453	2,4,6,12,16	wop don re- growing to-do
POOL	6808	0.818628285	3,6,10,11,16	wut volley go kee to-do
POOL	6809	0.818623233	3,6,10,11,16	wut ari wo a.'s to-do
POOL	6810	0.818597337	4,6,7,11,16	wut li new goatee to-do
POOL	6811	0.818578127	3,5,7,10,13,15,16	what aar u go inc food who's
POOL	6812	0.818577142	3,5,7,10,13,15,16	what aar u go inc food whom
POOL	6813	0.818524753	3,4,8,10,12,16	rhett dock league oh in to-do
POOL	6814	0.818422104	2,6,7,10,12,16	one tour new gore in to-do
POOL	6815	0.818415909	1,2,5,8,12,16	yeah a car new owing toot
POOL	6816	0.818375658	3,5,7,10,13,15,16	what aar u go inc food though
POOL	6817	0.818357850	4,6,8,11,16	wut rang new obi to-do
POOL	6818	0.818209304	2,5,10,13,16	wut car egos inc to-do
POOL	6819	0.818035081	4,6,8,13,16	whack re- zoo owing to-do
POOL	6820	0.817891996	4,7,13,15,16	wut ryu growing food ooh
POOL	6821	0.817840761	3,4,6,10,12,16	up ahh re- go in voodoo
POOL	6822	0.817814620	2,4,7,12,15,16	one top liu growing shrewd new
POOL	6823	0.817808638	3,5,7,10,11,13,16	what aar u go eh too doo
POOL	6824	0.817724893	2,4,7,13,16	one tonne new growing to-do
POOL	6825	0.817671318	3,4,7,10,11,16	ooh ross liu go a to-do
POOL	6826	0.817632276	3,6,10,11,16	wut olly woke see to-do
POOL	6827	0.817529363	3,5,7,10,12,15,16	what aar u go ing dude due
POOL	6828	0.817525600	3,5,7,10,11,13,16	what aar u go eh too dew
POOL	6829	0.817382719	3,5,7,10,12,15,16	what aar u go ing toot ooh
POOL	6830	0.817377479	2,6,10,15,16	one pali go into zhu
POOL	6831	0.817304683	1,4,6,12,16	were butt rule growing to-do
POOL	6832	0.817077055	2,6,10,16	won sorry no-go to-do
POOL	6833	0.817037485	2,4,8,12,16	worse tuck league owing to-do
POOL	6834	0.816956358	3,5,7,10,11,13,16	what aar u go ee too food
POOL	6835	0.816935958	3,4,7,10,13,15,16	quad ahh liu rho inc food ooh
POOL	6836	0.816920815	1,4,6,11,16	knew atop re- wo to-do
POOL	6837	0.816890946	3,5,7,10,13,15,16	what aar u go inc food you
POOL	6838	0.816887679	2,6,10,16	one sorry no-go to-do
POOL	6839	0.816838106	2,6,10,12,16	one cars kuo in to-do
POOL	6840	0.816798762	4,7,13,15,16	watt ryu growing food new
POOL	6841	0.816731224	2,6,10,16	won sorry ago to-do
POOL	6842	0.816673450	3,5,7,10,12,15,16	what aar u go ing dude knew
POOL	6843	0.816667408	4,6,9,11,16	wut re- lugo wick to-do
POOL	6844	0.816596888	2,6,11,16	won sorry goa to-do
POOL	6845	0.816572502	2,4,8,12,16	y'are took eeg owing to-do
POOL	6846	0.816541848	2,6,10,16	one sorry ago to-do
POOL	6847	0.816495359	4,6,8,12,16	wut ran pooh owing to-do
POOL	6848	0.816491527	3,5,7,10,11,13,16	what aar u go a too food
POOL	6849	0.816459454	3,5,7,10,13,16	what aar u go inc too-too
POOL	6850	0.816425708	4,7,13,15,16	wut ryu growing food oooh
POOL	6851	0.816419162	1,2,6,11,16	were a curry wo to-do
POOL	6852	0.816407512	2,6,11,16	one sorry goa to-do
POOL	6853	0.816403925	4,7,13,15,16	wut ryu growing dude new
POOL	6854	0.816359277	3,5,7,10,11,13,16	what aar u go ee too woo
POOL	6855	0.816335370	3,5,7,10,12,15,16	what aar u go ing toot oooh
POOL	6856	0.816243783	4,7,13,15,16	wut liu growing to-do new
POOL	6857	0.816213746	2,6,8,12,16	one car o. open to-do
POOL	6858	0.816213697	3,5,7,10,11,13,16	what aar u go eh too du
POOL	6859	0.816178261	2,4,8,12,16	one top greig coen to-do
POOL	6860	0.816176661	3,5,7,10,13,15,16	what aar u go inc food do
POOL	6861	0.816176661	3,5,7,10,13,15,16	what aar u go inc food to
POOL	6862	0.816094746	3,5,7,10,12,15,16	what aar u go ing toot new
POOL	6863	0.816014340	4,7,13,15,16	wut ryu growing good new
POOL	6864	0.816003916	3,5,7,10,11,13,16	what aar u go eh too deux
POOL	6865	0.815981812	2,4,8,12,16	rub top league hoping to-do
POOL	6866	0.815942533	2,4,7,13,15,16	one top liu growing coo poo
POOL	6867	0.815905791	2,4,6,12,16	rub top ni growing to-do
POOL	6868	0.815894446	3,5,7,10,11,13,16	what aar u go a too woo
POOL	6869	0.815827912	2,6,10,16	won sorry go-go to-do
POOL	6870	0.815819685	2,6,7,10,12,16	one tour new go in pseudo
POOL	6871	0.815709551	2,4,7,13,16	one top rune growing to-do
POOL	6872	0.815689360	3,5,7,10,11,13,16	what aar u go ee inc food
POOL	6873	0.815638537	2,6,10,16	one sorry go-go to-do
POOL	6874	0.815622202	4,7,13,15,16	wet ryu growing food new
POOL	6875	0.815576424	2,6,10,11,16	waa tanya woes see to-do
POOL	6876	0.815472501	4,7,13,15,16	watt ryu growing food too
POOL	6877	0.815455038	3,5,7,10,13,16	what aar u gogh inc to-do
POOL	6878	0.815371077	2,6,12,16	won sorry growing to-do
POOL	6879	0.815343796	2,4,7,10,14,16	one carr liu go into zeus
POOL	6880	0.815279672	2,4,10,15,16	one cot lugo into new
POOL	6881	0.815181702	2,6,12,16	one sorry growing to-do
POOL	6882	0.815147417	3,5,7,10,12,15,16	what aar u go ing toot too
POOL	6883	0.815092279	3,5,7,10,11,13,16	what aar u go ee inc woo
POOL	6884	0.815088834	4,7,13,15,16	wut ryu growing food who
POOL	6885	0.815077664	4,7,13,15,16	wut ryu growing dude too
POOL	6886	0.814993707	4,7,13,15,16	wut ryu growing food two
POOL	6887	0.814991533	4,7,13,15,16	wut ryu growing food due
POOL	6888	0.814917522	4,7,13,15,16	wut liu growing to-do too
POOL	6889	0.814886379	3,5,7,10,11,13,16	what aar u go ee too two
POOL	6890	0.814854348	4,8,10,12,16	wut league ago ear to-do
POOL	6891	0.814790112	4,7,13,15,16	wut ryu glowing food new
POOL	6892	0.814688079	4,7,13,15,16	wut ryu growing good too
POOL	6893	0.814638126	2,4,10,12,16	one r lugo see to-do
POOL	6894	0.814597187	3,5,7,10,11,13,16	what aar u go ee too whew
POOL	6895	0.814531933	3,5,7,10,13,16	what aar u go inc voodoo
POOL	6896	0.814518133	4,7,13,15,16	wut ryu growing would new
POOL	6897	0.814412397	3,5,7,10,13,15,16	what aar u go inc food who've
POOL	6898	0.814398167	2,5,7,10,11,16	one car yeah owed a to-do
POOL	6899	0.814370763	1,4,6,12,16	mm gut re- growing to-do
POOL	6900	0.814335827	4,7,13,15,16	wot ryu growing food new
POOL	6901	0.814295941	4,7,13,15,16	wet ryu growing food too
POOL	6902	0.814268133	4,7,13,15,16	wut ryu growing new new
POOL	6903	0.814247050	3,5,7,10,13,16	what aar u go inc doo-doo
POOL	6904	0.814209359	4,6,10,15,16	wut ye togo into new
POOL	6905	0.814195145	4,7,13,15,16	wut ryu growing mood new
POOL	6906	0.814143810	4,7,13,15,16	wut new growing to-do ooh
POOL	6907	0.814132356	3,5,7,10,11,13,16	what aar u go a too whew
POOL	6908	0.814073097	2,4,6,12,16	one coz rim growing to-do
POOL	6909	0.813802037	2,6,10,14,16	wat artie go into due
POOL	6910	0.813793256	4,7,13,15,16	wut ryu growing food knew
POOL	6911	0.813661353	4,7,13,15,16	wut ryu growing word new
POOL	6912	0.813622869	3,5,7,10,12,15,16	what aar u go ing toot ou
POOL	6913	0.813619381	3,5,7,10,11,13,16	what aar u go ee inc two
POOL	6914	0.813609994	3,5,7,10,11,13,16	what aar u go ee too dude
POOL	6915	0.813601924	4,7,13,15,16	watt ryu growing food ooh
POOL	6916	0.813510653	2,6,10,16	why sorry ago to-do
POOL	6917	0.813484723	3,5,7,10,11,13,16	what aar u go ee too whoo
POOL	6918	0.813463851	4,7,13,15,16	wut ryu glowing food too
POOL	6919	0.813406324	3,4,8,10,12,16	wrap ahh league oh rink to-do
POOL	6920	0.813376318	2,6,11,16	why sorry goa to-do
POOL	6921	0.813330189	3,5,7,10,11,13,16	what aar u go ee inc whew
POOL	6922	0.813309047	3,5,7,10,13,16	what aar u go ink too-too
POOL	6923	0.813288783	3,5,7,10,11,13,16	what aar u go ee too boo
POOL	6924	0.813228815	4,7,13,15,16	wut ryu growing rude new
POOL	6925	0.813207087	4,7,13,15,16	wut ryu growing dude ooh
POOL	6926	0.813191872	4,7,13,15,16	wut ryu growing would too
POOL	6927	0.813145164	3,5,7,10,11,13,16	what aar u go a too dude
POOL	6928	0.813046946	4,7,13,15,16	wut liu growing to-do ooh
POOL	6929	0.813043242	3,5,7,10,11,13,16	what aar u go ee too oh
POOL	6930	0.813019892	3,5,7,10,11,13,16	what aar u go a too whoo
POOL	6931	0.813009566	4,7,13,15,16	wot ryu growing food too
POOL	6932	0.812985198	2,6,11,16	well sorry goa to-do
POOL	6933	0.812956270	4,6,7,11,16	wut re- poo gooey to-do
POOL	6934	0.812941872	4,7,13,15,16	wut ryu growing new too
POOL	6935	0.812941872	4,7,13,15,16	wut ryu growing too new
POOL	6936	0.812868884	4,7,13,15,16	wut ryu growing mood too
POOL	6937	0.812868055	3,5,7,10,11,13,16	what aar u go eh too food
POOL	6938	0.812823952	3,5,7,10,11,13,16	what aar u go a too boo
POOL	6939	0.812817502	4,7,13,15,16	wut ryu growing good ooh
POOL	6940	0.812802343	2,4,7,10,12,16	one tuck liu oooh in to-do
POOL	6941	0.812785896	2,4,7,10,14,16	one con liu goat's into due
POOL	6942	0.812712187	1,4,8,12,16	week ka roo owing to-do
POOL	6943	0.812700904	3,5,7,10,12,15,16	what aar u go ing dude who
POOL	6944	0.812677522	4,7,13,15,16	wut new growing to-do oooh
POOL	6945	0.812632956	3,5,7,10,12,15,16	what aar u go ing dude two
POOL	6946	0.812628206	4,7,13,15,16	wut ryu growing food ou
POOL	6947	0.812578411	3,5,7,10,11,13,16	what aar u go a too oh
POOL	6948	0.812578182	4,7,13,15,16	whatsapp liu growing food new
POOL	6949	0.812570594	1,2,4,7,12,16	wii a top liu growing deux
POOL	6950	0.812425365	4,7,13,15,16	wet ryu growing food ooh
POOL	6951	0.812425293	3,5,7,10,11,13,16	what aar u go ee too wu
POOL	6952	0.812391305	2,4,7,12,16	one top new goofing to-do
POOL	6953	0.812354753	3,4,6,11,16	wut odd re- going to-do
POOL	6954	0.812342996	3,5,7,10,11,13,16	what aar u go ee inc dude
POOL	6955	0.812335092	4,7,13,15,16	wut ryu growing word too
POOL	6956	0.812270974	3,5,7,10,11,13,16	what aar u go eh too woo
POOL	6957	0.812244337	3,4,6,11,16	at ahh re- going to-do
POOL	6958	0.812217725	3,5,7,10,11,13,16	what aar u go ee inc whoo
POOL	6959	0.812175281	3,5,7,10,12,15,16	what aar u go ing dude shoe
POOL	6960	0.812168612	3,5,7,10,12,15,16	what aar u go ing dude oh
POOL	6961	0.812164731	2,6,10,16	were sorry no-go to-do
POOL	6962	0.812164513	2,6,10,16	won party ago to-do
POOL	6963	0.812150507	2,6,12,16	why sorry growing to-do
POOL	6964	0.812135636	4,7,13,15,16	watt ryu growing food oooh
POOL	6965	0.812125672	3,5,7,10,11,13,16	what aar u go ee too drew
POOL	6966	0.812113853	4,7,13,15,16	watt ryu growing dude new
POOL	6967	0.812100438	3,5,7,10,12,15,16	what aar u go ing dude sue
POOL	6968	0.812087012	3,5,7,10,11,13,16	what aar u go ee too duke
POOL	6969	0.812032295	3,5,7,10,11,13,16	what aar u go ee too mood
POOL	6970	0.812030177	2,6,11,16	won party goa to-do
POOL	6971	0.812021785	3,5,7,10,11,13,16	what aar u go ee inc boo
POOL	6972	0.811989151	1,2,6,10,12,16	watt a are go in to-do
POOL	6973	0.811975138	2,6,10,16	one party ago to-do
POOL	6974	0.811960463	3,5,7,10,11,13,16	what aar u go a too wu
POOL	6975	0.811953712	4,7,13,15,16	watt liu growing to-do new
POOL	6976	0.811902553	4,7,13,15,16	wut ryu growing rude too
POOL	6977	0.811901136	1,2,4,6,12,16	were a tra re- growing toad
POOL	6978	0.811840802	2,6,11,16	one party goa to-do
POOL	6979	0.811836312	4,6,8,12,16	whack knee boo owing to-do
POOL	6980	0.811818901	2,6,10,16	were sorry ago to-do
POOL	6981	0.811813776	3,5,7,10,12,15,16	what aar u go ing dude zoo
POOL	6982	0.811802709	3,5,7,10,12,15,16	what aar u go ing dude aw
POOL	6983	0.811776244	3,5,7,10,11,13,16	what aar u go ee inc oh
POOL	6984	0.811773597	3,5,7,10,12,15,16	what aar u gogh ing dude ooh
POOL	6985	0.811759387	2,6,12,16	well sorry growing to-do
POOL	6986	0.811740798	4,7,13,15,16	wut ryu growing dude oooh
POOL	6987	0.811739531	3,5,7,10,12,15,16	what aar u go ing toot due
POOL	6988	0.811724268	4,7,13,15,16	watt ryu growing good new
POOL	6989	0.811684565	2,6,11,16	were sorry goa to-do
POOL	6990	0.811677118	2,6,10,11,16	one tariq woke he to-do
POOL	6991	0.811660841	3,5,7,10,11,13,16	what aar u go a too drew
POOL	6992	0.811651748	4,7,13,15,16	wut ryu going food new
POOL	6993	0.811646138	3,5,7,10,11,13,16	what aar u go ee too aud
POOL	6994	0.811642721	4,10,13,15,16	wada lugo inc food were
POOL	6995	0.811622182	3,5,7,10,11,13,16	what aar u go a too duke
POOL	6996	0.811615611	4,7,13,15,16	wut ryu growing too too
POOL	6997	0.811593274	4,7,13,15,16	wut ryu glowing food ooh
POOL	6998	0.811580657	4,7,13,15,16	wut liu growing to-do oooh
POOL	6999	0.811567464	3,5,7,10,11,13,16	what aar u go a too mood
POOL	7000	0.811520982	3,5,7,10,11,13,16	what aar u go ee too daw
POOL	7001	0.811520704	4,6,12,15,16	wut ore growing to-do new
POOL	7002	0.811474700	3,5,7,10,11,13,16	what aar u go ee too tue
POOL	7003	0.811448430	1,4,8,12,16	were at league throwing to-do
POOL	7004	0.811391649	3,5,7,10,12,15,16	what aar u go ing dude coup
POOL	7005	0.811381526	3,5,7,10,13,16	what aar u go ink voodoo
POOL	7006	0.811375922	3,5,7,10,11,13,16	what aar u go ee too d'oh
POOL	7007	0.811364977	1,2,4,10,12,16	were suh top lugo in dew
POOL	7008	0.811351214	4,7,13,15,16	wut ryu growing good oooh
POOL	7009	0.811342058	3,5,7,10,11,13,16	what aar u go ee too rude
POOL	7010	0.811321295	4,7,13,15,16	wut ryu growing would ooh
POOL	7011	0.811306799	2,6,11,16	won sorry goalie to-do
POOL	7012	0.811251921	4,7,13,15,16	whatsapp liu growing food too
POOL	7013	0.811238712	2,6,11,16	won sorry lugo to-do
POOL	7014	0.811223091	2,4,8,12,16	one odd league posing to-do
POOL	7015	0.811204396	3,5,7,10,12,15,16	what aar u go ing dude lou
POOL	7016	0.811181307	3,5,7,10,11,13,16	what aar u go a too aud
POOL	7017	0.811158295	3,5,7,10,11,13,16	what aar u go ee inc wu
POOL	7018	0.811151825	3,5,7,10,12,15,16	what aar u go ing dude boo
POOL	7019	0.811138989	4,7,13,15,16	wot ryu growing food ooh
POOL	7020	0.811117423	2,6,11,16	one sorry goalie to-do
POOL	7021	0.811096643	3,5,7,10,13,16	what aar u go ink doo-doo
POOL	7022	0.811071295	4,7,13,15,16	wut ryu growing new ooh
POOL	7023	0.811056151	3,5,7,10,11,13,16	what aar u go a too daw
POOL	7024	0.811049336	2,6,11,16	one sorry lugo to-do
POOL	7025	0.811009869	3,5,7,10,11,13,16	what aar u go a too tue
POOL	7026	0.810998308	4,7,13,15,16	wut ryu growing mood ooh
POOL	7027	0.810993152	2,4,6,7,12,16	ya top re- new growing taught
POOL	7028	0.810980854	3,5,7,10,12,15,16	what aar u go ing dude woo
POOL	7029	0.810959076	4,7,13,15,16	wet ryu growing food oooh
POOL	7030	0.810937293	4,7,13,15,16	wet ryu growing dude new
POOL	7031	0.810929580	3,4,8,10,12,16	wax ahh league goat in to-do
POOL	7032	0.810915589	2,6,10,16	were sorry go-go to-do
POOL	7033	0.810911092	3,5,7,10,11,13,16	what aar u go a too d'oh
POOL	7034	0.810883619	3,5,7,10,12,15,16	what aar u go ing toot knew
POOL	7035	0.810877228	3,5,7,10,11,13,16	what aar u go a too rude
POOL	7036	0.810858674	3,5,7,10,11,13,16	what aar u go ee inc drew
POOL	7037	0.810846644	4,6,10,14,16	wut roar goo-goo into due
POOL	7038	0.810820014	3,5,7,10,11,13,16	what aar u go ee inc duke
POOL	7039	0.810804367	2,6,12,16	won party growing to-do
POOL	7040	0.810798076	3,5,7,10,11,13,16	what aar u go eh too two
POOL	7041	0.810765297	3,5,7,10,11,13,16	what aar u go ee inc mood
POOL	7042	0.810763652	3,6,10,13,16	mud hottie go inc to-do
POOL	7043	0.810758064	3,5,7,10,11,13,16	what aar u go ee too awd
POOL	7044	0.810751295	2,6,10,16	wah sorry no-go to-do
POOL	7045	0.810737752	1,4,6,12,16	were at brie growing to-do
POOL	7046	0.810728013	3,5,7,10,12,15,16	what aar u go ing dude soo
POOL	7047	0.810726248	3,5,7,10,12,15,16	what aar u gogh ing dude oooh
POOL	7048	0.810709360	3,6,10,15,16	wut ari go into with
POOL	7049	0.810620559	3,4,6,8,12,16	won ahh re- new owing doo
POOL	7050	0.810614991	2,6,12,16	one party growing to-do
POOL	7051	0.810544179	2,6,10,12,16	war dali eau in to-do
POOL	7052	0.810528989	3,5,7,10,11,16	what aar u go ee too-too
POOL	7053	0.810523588	4,6,7,10,12,16	what's re- new own in to-do
POOL	7054	0.810508884	3,5,7,10,11,13,16	what aar u go eh too whew
POOL	7055	0.810507182	3,5,7,10,11,13,16	what aar u go ee too nude
POOL	7056	0.810498943	4,6,8,11,16	what're re- we oh to-do
POOL	7057	0.810485624	3,5,7,10,12,15,16	what aar u gogh ing dude new
POOL	7058	0.810458754	2,6,12,16	were sorry growing to-do
POOL	7059	0.810405464	2,6,10,16	wah sorry ago to-do
POOL	7060	0.810379140	3,5,7,10,11,13,16	what aar u go ee inc aud
POOL	7061	0.810369543	3,5,7,10,11,13,16	what aar u go ee too awed
POOL	7062	0.810304258	2,6,10,16	yeah sorry ago to-do
POOL	7063	0.810293234	3,5,7,10,11,13,16	what aar u go a too awd
POOL	7064	0.810292686	3,5,7,10,12,15,16	what aar u goh ing dude ooh
POOL	7065	0.810271128	2,6,11,16	wah sorry goa to-do
POOL	7066	0.810268519	3,5,7,10,12,15,16	what aar u go ing dude doo
POOL	7067	0.810253984	3,5,7,10,11,13,16	what aar u go ee inc daw
POOL	7068	0.810207702	3,5,7,10,11,13,16	what aar u go ee inc tue
POOL	7069	0.810196810	3,5,7,10,11,13,16	what aar u go ee too sued
POOL	7070	0.810169922	2,6,11,16	yeah sorry goa to-do
POOL	7071	0.810124341	3,5,7,10,11,13,16	what aar u go ee too jew
POOL	7072	0.810108925	3,5,7,10,11,13,16	what aar u go ee inc d'oh
POOL	7073	0.810108605	3,6,10,11,16	wok ari grow high to-do
POOL	7074	0.810085935	3,5,7,10,12,15,16	what aar u go ing dude rue
POOL	7075	0.810075061	3,5,7,10,11,13,16	what aar u go ee inc rude
POOL	7076	0.810067521	2,6,10,16	was sorry no-go to-do
POOL	7077	0.810062480	2,6,10,16	wha sorry no-go to-do
POOL	7078	0.810042351	3,5,7,10,11,13,16	what aar u go a too nude
POOL	7079	0.810029792	3,5,7,10,12,15,16	what aar u go ing dude poo
POOL	7080	0.809985481	3,5,7,10,12,15,16	what aar u go ing dude dew
POOL	7081	0.809955758	3,5,7,10,11,13,16	what aar u go ee too doom
POOL	7082	0.809941788	4,7,10,13,16	wap new goa inc to-do
POOL	7083	0.809904712	3,5,7,10,11,13,16	what aar u go a too awed
POOL	7084	0.809865301	3,5,7,10,11,13,16	what aar u go ee too word
POOL	7085	0.809851321	3,5,7,10,12,15,16	what aar u go ing dude yoo
POOL	7086	0.809800973	3,5,7,10,11,13,16	what aar u go ee too ooh
POOL	7087	0.809787662	3,5,7,10,12,15,16	what aar u go ing dude lieu
POOL	7088	0.809752549	3,5,7,10,12,15,16	what aar u go ing dude sioux
POOL	7089	0.809731979	3,5,7,10,11,13,16	what aar u go a too sued
POOL	7090	0.809721690	2,6,10,16	was sorry ago to-do
POOL	7091	0.809716649	2,6,10,16	wha sorry ago to-do
POOL	7092	0.809682752	3,5,7,10,12,15,16	what aar u go ing dude goo
POOL	7093	0.809659511	3,5,7,10,11,13,16	what aar u go a too jew
POOL	7094	0.809636081	2,6,10,16	a sorry ago to-do
POOL	7095	0.809603657	3,5,7,10,12,15,16	what aar u go ing dude hoo
POOL	7096	0.809590607	3,5,7,10,12,15,16	what aar u go ing dude zhou
POOL	7097	0.809587354	2,6,11,16	was sorry goa to-do
POOL	7098	0.809582313	2,6,11,16	wha sorry goa to-do
POOL	7099	0.809538294	3,5,7,10,12,15,16	what aar u gogh ing dude too
POOL	7100	0.809524573	3,5,7,10,11,16	what aar u gogh ee to-do
POOL	7101	0.809521691	3,5,7,10,11,13,16	what aar u go eh too dude
POOL	7102	0.809503593	3,5,7,10,12,15,16	what aar u go ing dude foo
POOL	7103	0.809502153	2,6,10,16	wah sorry go-go to-do
POOL	7104	0.809501745	2,6,11,16	a sorry goa to-do
POOL	7105	0.809491067	3,5,7,10,11,13,16	what aar u go ee inc awd
POOL	7106	0.809490927	3,5,7,10,11,13,16	what aar u go a too doom
POOL	7107	0.809400470	3,5,7,10,11,13,16	what aar u go a too word
POOL	7108	0.809399539	3,5,7,10,12,15,16	what aar u go ing dude coo
POOL	7109	0.809396419	3,5,7,10,11,13,16	what aar u go eh too whoo
POOL	7110	0.809392405	3,5,7,10,12,15,16	what aar u go ing dude loo
POOL	7111	0.809379698	3,5,7,10,11,13,16	what aar u go ee too zoo
POOL	7112	0.809361516	3,5,7,10,12,15,16	what aar u go ing dude pooh
POOL	7113	0.809341217	3,5,7,10,11,16	what aar u go a too-too
POOL	7114	0.809336142	3,5,7,10,11,13,16	what aar u go a too ooh
POOL	7115	0.809314589	3,5,7,10,12,15,16	what aar u go ing dude lew
POOL	7116	0.809291054	3,5,7,10,12,15,16	what aar u go ing dude u
POOL	7117	0.809288971	1,2,5,8,12,16	were la car new owing tow
POOL	7118	0.809245337	3,5,7,10,12,15,16	what aar u goh ing dude oooh
POOL	7119	0.809240184	3,5,7,10,11,13,16	what aar u go ee inc nude
POOL	7120	0.809221277	3,5,7,10,12,15,16	what aar u go ing dude tue
POOL	7121	0.809218765	3,5,7,10,12,15,16	what aar u go ing dude whew
POOL	7122	0.809208074	3,5,7,10,12,15,16	what aar u go ing dude law
POOL	7123	0.809200480	3,5,7,10,11,13,16	what aar u go eh too boo
POOL	7124	0.809114795	3,5,7,10,11,13,16	what aar u go ee too tu
POOL	7125	0.809102545	3,5,7,10,11,13,16	what aar u go ee inc awed
POOL	7126	0.809095708	3,5,7,10,12,15,16	what aar u go ing dude shu
POOL	7127	0.809094442	3,5,7,10,12,16	what aar u go ing to-do
POOL	7128	0.809045318	2,6,12,16	wah sorry growing to-do
POOL	7129	0.809039044	2,4,7,10,12,16	do -san liu go in to-do
POOL	7130	0.809004713	3,5,7,10,12,15,16	what aar u goh ing dude new
POOL	7131	0.809004523	3,5,7,10,12,15,16	what aar u go ing dude moo
POOL	7132	0.809003252	3,5,7,10,12,15,16	what aar u go ing dude oof
POOL	7133	0.808982336	1,2,4,7,11,16	were a at liu ow to-do
POOL	7134	0.808959454	3,5,7,10,11,13,16	what aar u go ee too ut
POOL	7135	0.808954939	3,5,7,10,11,13,16	what aar u go eh too oh
POOL	7136	0.808944870	4,8,13,15,16	wack ruger owing food new
POOL	7137	0.808944112	2,6,12,16	yeah sorry growing to-do
POOL	7138	0.808929812	3,5,7,10,11,13,16	what aar u go ee inc sued
POOL	7139	0.808921880	3,5,7,10,12,15,16	what aar u go ing dude vous
POOL	7140	0.808920899	3,5,7,10,12,15,16	what aar u go ing dude zhu
POOL	7141	0.808914867	3,5,7,10,11,13,16	what aar u go a too zoo
POOL	7142	0.808885706	3,5,7,10,12,15,16	what aar u go ing dude hou
POOL	7143	0.808875109	3,5,7,10,12,15,16	what aar u go ing dude roo
POOL	7144	0.808857343	3,5,7,10,11,13,16	what aar u go ee inc jew
POOL	7145	0.808818379	2,6,10,16	was sorry go-go to-do
POOL	7146	0.808813337	2,6,10,16	wha sorry go-go to-do
POOL	7147	0.808809607	2,6,11,16	why party goa to-do
POOL	7148	0.808753624	3,5,7,10,11,13,16	what aar u go ee too oooh
POOL	7149	0.808735050	3,5,7,10,11,13,16	what aar u go ee too dues
POOL	7150	0.808733912	3,5,7,10,12,15,16	what aar u go ing dude gnu
POOL	7151	0.808710952	3,5,7,10,11,13,16	what aar u go ee too douche
POOL	7152	0.808689080	3,5,7,10,12,15,16	what aar u go ing dude yew
POOL	7153	0.808688760	3,5,7,10,11,13,16	what aar u go ee inc doom
POOL	7154	0.808673578	3,5,7,10,12,15,16	what aar u go ing dude du
POOL	7155	0.808651564	3,5,7,10,12,15,16	what aar u go ing dude oop
POOL	7156	0.808649964	3,5,7,10,11,13,16	what aar u go a too tu
POOL	7157	0.808647861	3,5,7,10,12,15,16	what aar u go ing dude roux
POOL	7158	0.808604474	3,5,7,10,11,13,16	what aar u go ee too owe
POOL	7159	0.808598303	3,5,7,10,11,13,16	what aar u go ee inc word
POOL	7160	0.808553604	3,5,7,10,12,15,16	what aar u go ing dude hsu
POOL	7161	0.808551724	3,5,7,10,12,15,16	what aar u go ing dude koo
POOL	7162	0.808545139	2,4,10,13,16	eh t lugo inc to-do
POOL	7163	0.808533975	3,5,7,10,11,13,16	what aar u go ee inc ooh
POOL	7164	0.808494624	3,5,7,10,11,13,16	what aar u go a too ut
POOL	7165	0.808475167	4,8,12,15,16	wut league owing to-do doom
POOL	7166	0.808473862	3,5,7,10,11,13,16	what aar u go ee too dune
POOL	7167	0.808463797	3,5,7,10,12,15,16	what aar u go ing dude deux
POOL	7168	0.808418487	2,6,11,16	well party goa to-do
POOL	7169	0.808398047	3,5,7,10,12,15,16	what aar u go ing dude saw
POOL	7170	0.808361544	2,6,12,16	was sorry growing to-do
POOL	7171	0.808356502	2,6,12,16	wha sorry growing to-do
POOL	7172	0.808350391	1,2,5,10,12,16	why a car hugo in twos
POOL	7173	0.808336990	3,5,7,10,11,13,16	what aar u go eh too wu
POOL	7174	0.808299099	3,5,7,10,11,13,16	what aar u go a too two
POOL	7175	0.808288793	3,5,7,10,11,13,16	what aar u go a too oooh
POOL	7176	0.808275935	2,6,12,16	a sorry growing to-do
POOL	7177	0.808270220	3,5,7,10,11,13,16	what aar u go a too dues
POOL	7178	0.808250258	3,5,7,10,12,15,16	what aar u go ing dude shoo
POOL	7179	0.808246121	3,5,7,10,11,13,16	what aar u go a too douche
POOL	7180	0.808231991	3,5,7,10,11,13,16	what aar u go ee too lewd
POOL	7181	0.808224946	3,5,7,10,12,15,16	what aar u go ing dude sou
POOL	7182	0.808139911	3,5,7,10,12,15,16	what aar u go ing dude ooze
POOL	7183	0.808139644	3,5,7,10,11,13,16	what aar u go a too owe
POOL	7184	0.808135743	3,5,7,10,11,13,16	what aar u go ee too jus
POOL	7185	0.808123275	3,5,7,10,12,15,16	what aar u go ing dude ewe
POOL	7186	0.808112700	3,5,7,10,11,13,16	what aar u go ee inc zoo
POOL	7187	0.808108249	3,5,7,10,11,13,16	what aar u go ee too joo
POOL	7188	0.808106306	4,6,10,14,16	wut nee go into purdue
POOL	7189	0.808106300	3,5,7,10,12,15,16	what aar u go ing dude whoo
POOL	7190	0.808086228	2,6,11,16	why sorry goalie to-do
POOL	7191	0.808082119	3,5,7,10,12,15,16	what aar u go ing dude yue
POOL	7192	0.808057384	3,5,7,10,12,15,16	what aar u goh ing dude too
POOL	7193	0.808037368	3,5,7,10,11,13,16	what aar u go eh too drew
POOL	7194	0.808035642	3,4,6,8,12,16	wut lot re- new owing stewed
POOL	7195	0.808018141	2,6,11,16	why sorry lugo to-do
POOL	7196	0.808013746	3,5,7,10,12,15,16	what aar u gogh ing dude ou
POOL	7197	0.808009031	3,5,7,10,11,13,16	what aar u go a too dune
POOL	7198	0.807998709	3,5,7,10,11,13,16	what aar u go eh too duke
POOL	7199	0.807994019	3,5,7,10,11,13,16	what aar u go ee too booed
POOL	7200	0.807943992	3,5,7,10,11,13,16	what aar u go eh too mood
POOL	7201	0.807895027	2,4,7,12,15,16	one tea liu growing tool new
POOL	7202	0.807889742	3,5,7,10,12,15,16	what aar u go ing dude noo
POOL	7203	0.807857773	3,5,7,10,12,15,16	what aar u go ing dude xue
POOL	7204	0.807847797	3,5,7,10,11,13,16	what aar u go ee inc tu
POOL	7205	0.807814272	2,6,11,16	won sorry goatee to-do
POOL	7206	0.807798645	3,5,7,10,12,15,16	what aar u go ing dude phu
POOL	7207	0.807796844	3,5,7,10,11,16	what aar u goh ee to-do
POOL	7208	0.807767160	3,5,7,10,11,13,16	what aar u go a too lewd
POOL	7209	0.807729844	3,5,7,10,12,15,16	what aar u go ing dude owe
POOL	7210	0.807723271	3,5,7,10,12,15,16	what aar u go ing dude use
POOL	7211	0.807714499	3,5,7,10,12,15,16	what aar u go ing dude cou
POOL	7212	0.807695108	2,6,11,16	well sorry goalie to-do
POOL	7213	0.807692456	3,5,7,10,11,13,16	what aar u go ee inc ut
POOL	7214	0.807670912	3,5,7,10,11,13,16	what aar u go a too jus
POOL	7215	0.807643419	3,5,7,10,11,13,16	what aar u go a too joo
POOL	7216	0.807627021	2,6,11,16	well sorry lugo to-do
POOL	7217	0.807624897	2,6,11,16	one sorry goatee to-do
POOL	7218	0.807615579	3,5,7,10,11,13,16	what aar u go ee too deuce
POOL	7219	0.807583796	2,6,12,16	why party growing to-do
POOL	7220	0.807557835	3,5,7,10,11,13,16	what aar u go eh too aud
POOL	7221	0.807529188	3,5,7,10,11,13,16	what aar u go a too booed
POOL	7222	0.807497674	2,6,12,16	won sorry glowing to-do
POOL	7223	0.807486626	3,5,7,10,11,13,16	what aar u go ee inc oooh
POOL	7224	0.807468052	3,5,7,10,11,13,16	what aar u go ee inc dues
POOL	7225	0.807460571	3,5,7,10,12,15,16	what aar u go ing dude su
POOL	7226	0.807456213	3,5,7,10,12,15,16	what aar u go ing dude yu
POOL	7227	0.807443954	3,5,7,10,11,13,16	what aar u go ee inc douche
POOL	7228	0.807432679	3,5,7,10,11,13,16	what aar u go eh too daw
POOL	7229	0.807386397	3,5,7,10,11,13,16	what aar u go eh too tue
POOL	7230	0.807379063	2,6,12,16	won sorry owing to-do
POOL	7231	0.807337476	3,5,7,10,11,13,16	what aar u go ee inc owe
POOL	7232	0.807327090	3,5,7,10,12,15,16	what aar u go ing dude fu
POOL	7233	0.807308299	2,6,12,16	one sorry glowing to-do
POOL	7234	0.807303797	2,4,8,13,16	one top redo owing sued
POOL	7235	0.807287619	3,5,7,10,11,13,16	what aar u go eh too d'oh
POOL	7236	0.807267960	4,6,12,15,16	wut re- growing to-do nude
POOL	7237	0.807253755	3,5,7,10,11,13,16	what aar u go eh too rude
POOL	7238	0.807228196	3,5,7,10,11,13,16	what aar u go ee too dupe
POOL	7239	0.807209000	3,5,7,10,11,13,16	what aar u go ee too wood
POOL	7240	0.807206864	3,5,7,10,11,13,16	what aar u go ee inc dune
POOL	7241	0.807192677	2,6,12,16	well party growing to-do
POOL	7242	0.807189688	2,6,12,16	one sorry owing to-do
POOL	7243	0.807164580	4,8,12,16	wut ryu owing to-do
POOL	7244	0.807150748	3,5,7,10,11,13,16	what aar u go a too deuce
POOL	7245	0.807121043	4,8,11,16	wut ryu only to-do
POOL	7246	0.807117854	2,6,11,16	were party goa to-do
POOL	7247	0.807098401	2,6,9,11,16	yah sari goon we to-do
POOL	7248	0.807055771	2,4,7,12,16	young top new bowing to-do
POOL	7249	0.807046871	3,5,7,10,12,15,16	what aar u go ing dude wu
POOL	7250	0.807015387	3,5,7,10,11,13,16	what aar u go ee too ohh
POOL	7251	0.806964993	3,5,7,10,11,13,16	what aar u go ee inc lewd
POOL	7252	0.806958869	2,5,10,13,16	one car rousseau it's to-do
POOL	7253	0.806936918	3,5,7,10,11,13,16	what aar u go ee too doer
POOL	7254	0.806911073	3,5,7,10,12,15,16	what aar u go ing toot who
POOL	7255	0.806887344	3,5,7,10,11,13,16	what aar u go ee too doon
POOL	7256	0.806871577	3,5,7,10,11,16	what aar u go eh too-too
POOL	7257	0.806868745	3,5,7,10,11,13,16	what aar u go ee inc jus
POOL	7258	0.806861373	3,5,7,10,12,15,16	what aar u go ing dude tu
POOL	7259	0.806843125	3,5,7,10,12,15,16	what aar u go ing toot two
POOL	7260	0.806841251	3,5,7,10,11,13,16	what aar u go ee inc joo
POOL	7261	0.806818253	3,5,7,10,11,13,16	what aar u go ee too dru
POOL	7262	0.806763365	3,5,7,10,11,13,16	what aar u go a too dupe
POOL	7263	0.806762121	3,5,7,10,11,13,16	what aar u go ee too rood
POOL	7264	0.806744169	3,5,7,10,11,13,16	what aar u go a too wood
POOL	7265	0.806740088	2,6,11,16	won party goalie to-do
POOL	7266	0.806727021	3,5,7,10,11,13,16	what aar u go ee inc booed
POOL	7267	0.806706032	3,5,7,10,12,15,16	what aar u go ing dude ut
POOL	7268	0.806672001	2,6,11,16	won party lugo to-do
POOL	7269	0.806669761	3,5,7,10,11,13,16	what aar u go eh too awd
POOL	7270	0.806626858	2,6,10,15,16	one car ergo into doo
POOL	7271	0.806604557	3,5,7,10,12,15,16	what aar u go ing dude mu
POOL	7272	0.806589116	3,5,7,10,11,13,16	what aar u go ee too aux
POOL	7273	0.806576567	4,8,12,15,16	ta league owing to-do doo
POOL	7274	0.806574325	3,5,7,10,12,14,16	what aar u go ing too due
POOL	7275	0.806550712	2,6,11,16	one party goalie to-do
POOL	7276	0.806550556	3,5,7,10,11,13,16	what aar u go a too ohh
POOL	7277	0.806532836	3,5,7,10,12,15,16	what aar u goh ing dude ou
POOL	7278	0.806505284	3,5,7,10,11,13,16	what aar u go ee too coup
POOL	7279	0.806482625	2,6,11,16	one party lugo to-do
POOL	7280	0.806472087	3,5,7,10,11,13,16	what aar u go a too doer
POOL	7281	0.806450904	3,5,7,10,12,15,16	what aar u go ing dude were
POOL	7282	0.806424181	3,5,7,10,12,15,16	what aar u go ing dude lu
POOL	7283	0.806422513	3,5,7,10,11,13,16	what aar u go a too doon
POOL	7284	0.806418878	3,5,7,10,11,13,16	what aar u go eh too nude
POOL	7285	0.806416358	2,6,8,12,16	wot car new zoey to-do
POOL	7286	0.806394475	2,6,11,16	were sorry goalie to-do
POOL	7287	0.806385449	3,5,7,10,12,15,16	what aar u go ing toot shoe
POOL	7288	0.806378781	3,5,7,10,12,15,16	what aar u go ing toot oh
POOL	7289	0.806353422	3,5,7,10,11,13,16	what aar u go a too dru
POOL	7290	0.806348581	3,5,7,10,11,13,16	what aar u go ee inc deuce
POOL	7291	0.806326388	2,6,11,16	were sorry lugo to-do
POOL	7292	0.806316668	4,7,10,13,16	wut new gold inert to-do
POOL	7293	0.806310606	3,5,7,10,12,15,16	what aar u go ing toot sue
POOL	7294	0.806297291	3,5,7,10,11,13,16	what aar u go a too rood
POOL	7295	0.806281239	3,5,7,10,11,13,16	what aar u go eh too awed
POOL	7296	0.806207321	3,5,7,10,12,15,16	what aar u go ing dude hu
POOL	7297	0.806188947	3,5,7,10,11,13,16	what aar u go ee too o
POOL	7298	0.806184584	2,6,10,16	wah party no-go to-do
POOL	7299	0.806140757	3,5,7,10,12,15,16	what aar u go ing dude ohh
POOL	7300	0.806130408	3,5,7,10,12,15,16	what aar u gogh ing dude due
POOL	7301	0.806124285	3,5,7,10,11,13,16	what aar u go a too aux
POOL	7302	0.806108506	3,5,7,10,11,13,16	what aar u go eh too sued
POOL	7303	0.806099876	2,5,8,10,12,16	one starr new oh in pooh-pooh
POOL	7304	0.806095885	3,5,7,10,12,15,16	what aar u go ing dude nu
POOL	7305	0.806088980	3,6,10,11,16	wut hari owe id to-do
POOL	7306	0.806041442	3,5,7,10,11,13,16	what aar u go ee too dough
POOL	7307	0.806041123	3,5,7,10,11,13,16	what aar u go ee too ou
POOL	7308	0.806040454	3,5,7,10,11,13,16	what aar u go a too coup
POOL	7309	0.806036038	3,5,7,10,11,13,16	what aar u go eh too jew
POOL	7310	0.806030102	3,5,7,10,11,13,16	what aar u go ee too owed
POOL	7311	0.806026721	3,5,7,10,12,15,16	what aar u go ing dude ku
POOL	7312	0.806023944	3,5,7,10,12,15,16	what aar u go ing toot zoo
POOL	7313	0.806012878	3,5,7,10,12,15,16	what aar u go ing toot aw
POOL	7314	0.805987046	3,5,7,10,11,13,16	what aar u go ee too doe
POOL	7315	0.805983765	3,5,7,10,12,15,16	what aar u gogh ing toot ooh
POOL	7316	0.805972600	2,5,10,11,16	one on argo see to-do
POOL	7317	0.805961198	3,5,7,10,11,13,16	what aar u go ee inc dupe
POOL	7318	0.805942002	3,5,7,10,11,13,16	what aar u go ee inc wood
POOL	7319	0.805910080	3,5,7,10,12,15,16	what aar u go ing dude ru
POOL	7320	0.805892044	2,6,12,16	were party growing to-do
POOL	7321	0.805867455	3,5,7,10,11,13,16	what aar u go eh too doom
POOL	7322	0.805867161	3,5,7,10,11,16	what aar u gogh eh to-do
POOL	7323	0.805854570	1,4,6,12,16	wit at nee growing to-do
POOL	7324	0.805838753	2,6,10,16	wah party ago to-do
POOL	7325	0.805828429	3,5,7,10,11,13,16	what aar u go ee too eau
POOL	7326	0.805776997	3,5,7,10,11,13,16	what aar u go eh too word
POOL	7327	0.805757758	4,8,12,15,16	wut ru owing to-do doo
POOL	7328	0.805748389	3,5,7,10,11,13,16	what aar u go ee inc ohh
POOL	7329	0.805736618	3,5,7,10,12,15,16	what aar u go ing dude we
POOL	7330	0.805724117	3,5,7,10,11,13,16	what aar u go a too o
POOL	7331	0.805715430	3,5,7,10,13,16	what aar u go inc boo-boo
POOL	7332	0.805714486	3,5,7,10,12,15,16	what aar u go ing dude aux
POOL	7333	0.805712670	3,5,7,10,11,13,16	what aar u go eh too ooh
POOL	7334	0.805706896	3,5,7,10,12,15,16	what aar u go ing dude pu
POOL	7335	0.805705834	3,5,7,10,11,13,16	what aar u go ee too ooze
POOL	7336	0.805704418	2,6,11,16	wah party goa to-do
POOL	7337	0.805674212	3,5,7,10,11,13,16	what aar u go ee too zhou
POOL	7338	0.805669920	3,5,7,10,11,13,16	what aar u go ee inc doer
POOL	7339	0.805654726	2,6,8,10,16	one terri swig eau to-do
POOL	7340	0.805620346	3,5,7,10,11,13,16	what aar u go ee inc doon
POOL	7341	0.805603212	2,6,11,16	yeah party goa to-do
POOL	7342	0.805601818	3,5,7,10,12,15,16	what aar u go ing toot coup
POOL	7343	0.805580348	3,5,7,10,12,15,16	what aar u go ing dude gu
POOL	7344	0.805579327	3,5,7,10,11,13,16	what aar u go ee too would
POOL	7345	0.805576611	3,5,7,10,11,13,16	what aar u go a too dough
POOL	7346	0.805576292	3,5,7,10,11,13,16	what aar u go a too ou
POOL	7347	0.805572757	3,5,7,10,12,15,16	what aar u go ing dude news
POOL	7348	0.805565271	3,5,7,10,11,13,16	what aar u go a too owed
POOL	7349	0.805551255	3,5,7,10,11,13,16	what aar u go ee inc dru
POOL	7350	0.805522215	3,5,7,10,11,13,16	what aar u go a too doe
POOL	7351	0.805498771	1,4,8,12,16	boo at league coding to-do
POOL	7352	0.805495769	2,6,10,16	wha party no-go to-do
POOL	7353	0.805495123	3,5,7,10,11,13,16	what aar u go ee inc rood
POOL	7354	0.805466491	2,4,10,12,16	ware tor lugo in to-do
POOL	7355	0.805423695	3,5,7,10,11,13,16	what aar u go ee too xue
POOL	7356	0.805414564	3,5,7,10,12,15,16	what aar u go ing toot lou
POOL	7357	0.805363598	3,5,7,10,11,13,16	what aar u go a too eau
POOL	7358	0.805361994	3,5,7,10,12,15,16	what aar u go ing toot boo
POOL	7359	0.805327936	3,5,7,10,12,15,16	what aar u go ing dude food
POOL	7360	0.805325535	3,5,7,10,12,15,16	what aar u go ing dude know
POOL	7361	0.805325532	3,5,7,10,12,15,16	what aar u go ing dude xu
POOL	7362	0.805322118	3,5,7,10,11,13,16	what aar u go ee inc aux
POOL	7363	0.805314318	3,5,7,10,12,15,16	what aar u go ing dude o
POOL	7364	0.805301637	3,5,7,10,11,13,16	what aar u go ee too ju
POOL	7365	0.805291395	3,5,7,10,11,13,16	what aar u go eh too zoo
POOL	7366	0.805281180	3,5,7,10,12,15,16	what aar u go ing dude true
POOL	7367	0.805274496	3,5,7,10,12,15,16	what aar u gogh ing dude knew
POOL	7368	0.805241003	3,5,7,10,11,13,16	what aar u go a too ooze
POOL	7369	0.805238286	3,5,7,10,11,13,16	what aar u go ee inc coup
POOL	7370	0.805231579	3,5,7,10,12,15,16	what aar u go ing dude room
POOL	7371	0.805209381	3,5,7,10,11,13,16	what aar u go a too zhou
POOL	7372	0.805193939	3,5,7,10,12,15,16	what aar u go ing dude vu
POOL	7373	0.805191023	3,5,7,10,12,15,16	what aar u go ing toot woo
POOL	7374	0.805170760	3,5,7,10,12,15,16	what aar u go ing dude qu
POOL	7375	0.805158029	3,5,7,10,11,13,16	what aar u go ee too weed
POOL	7376	0.805149938	2,6,10,16	wha party ago to-do
POOL	7377	0.805026492	3,5,7,10,11,13,16	what aar u go eh too tu
POOL	7378	0.805020644	2,6,11,16	was party goa to-do
POOL	7379	0.805015602	2,6,11,16	wha party goa to-do
POOL	7380	0.805004504	3,5,7,10,11,13,16	what aar u go ee too zhu
POOL	7381	0.804995052	3,5,7,10,12,15,16	what aar u go ing dude move
POOL	7382	0.804985326	2,4,6,11,16	one two knee going to-do
POOL	7383	0.804981039	2,6,11,16	wah sorry goalie to-do
POOL	7384	0.804958864	3,5,7,10,11,13,16	what aar u go a too xue
POOL	7385	0.804953799	3,5,7,10,12,15,16	what aar u go ing dude eau
POOL	7386	0.804938181	3,5,7,10,12,15,16	what aar u go ing toot soo
POOL	7387	0.804936416	3,5,7,10,12,15,16	what aar u gogh ing toot oooh
POOL	7388	0.804935442	2,6,10,16	wah party go-go to-do
POOL	7389	0.804935034	2,6,11,16	a party goa to-do
POOL	7390	0.804921949	3,5,7,10,11,13,16	what aar u go ee inc o
POOL	7391	0.804912952	2,6,11,16	wah sorry lugo to-do
POOL	7392	0.804879833	2,6,11,16	yeah sorry goalie to-do
POOL	7393	0.804871151	3,5,7,10,11,13,16	what aar u go eh too ut
POOL	7394	0.804836806	3,5,7,10,11,13,16	what aar u go a too ju
POOL	7395	0.804825648	3,5,7,10,11,13,16	what aar u go ee too waugh
POOL	7396	0.804818539	3,5,7,10,13,16	what aar u go inc du'a'
POOL	7397	0.804811842	3,5,7,10,12,15,16	what aar u go ing dude soon
POOL	7398	0.804811746	2,6,11,16	yeah sorry lugo to-do
POOL	7399	0.804774444	3,5,7,10,11,13,16	what aar u go ee inc dough
POOL	7400	0.804774125	3,5,7,10,11,13,16	what aar u go ee inc ou
POOL	7401	0.804763104	3,5,7,10,11,13,16	what aar u go ee inc owed
POOL	7402	0.804731455	3,5,7,10,12,15,16	what aar u go ing dude wee
POOL	7403	0.804720048	3,5,7,10,11,13,16	what aar u go ee inc doe
POOL	7404	0.804695792	3,5,7,10,12,15,16	what aar u gogh ing toot new
POOL	7405	0.804693198	3,5,7,10,11,13,16	what aar u go a too weed
POOL	7406	0.804693180	3,5,7,10,11,13,16	what aar u go ee too au
POOL	7407	0.804679113	4,6,8,13,16	ta earl woo owing to-do
POOL	7408	0.804665321	3,5,7,10,11,13,16	what aar u go eh too oooh
POOL	7409	0.804649498	3,5,7,10,12,15,16	what aar u goh ing dude due
POOL	7410	0.804646747	3,5,7,10,11,13,16	what aar u go eh too dues
POOL	7411	0.804622649	3,5,7,10,11,13,16	what aar u go eh too douche
POOL	7412	0.804593702	2,6,11,16	why sorry goatee to-do
POOL	7413	0.804561431	3,5,7,10,11,13,16	what aar u go ee inc eau
POOL	7414	0.804539673	3,5,7,10,11,13,16	what aar u go a too zhu
POOL	7415	0.804516171	3,5,7,10,11,13,16	what aar u go eh too owe
POOL	7416	0.804513174	3,5,7,10,11,13,16	what aar u go ee too coo
POOL	7417	0.804502855	3,5,7,10,12,15,16	what aar u goh ing toot ooh
POOL	7418	0.804485177	3,5,7,10,11,13,16	what aar u go ee too ode
POOL	7419	0.804478688	3,5,7,10,12,15,16	what aar u go ing toot doo
POOL	7420	0.804478607	2,6,12,16	wah party growing to-do
POOL	7421	0.804471506	3,6,10,13,16	webb ari go ince to-do
POOL	7422	0.804438836	3,5,7,10,11,13,16	what aar u go ee inc ooze
POOL	7423	0.804407214	3,5,7,10,11,13,16	what aar u go ee inc zhou
POOL	7424	0.804385558	3,5,7,10,11,13,16	what aar u go eh too dune
POOL	7425	0.804377401	2,6,12,16	yeah party growing to-do
POOL	7426	0.804360817	3,5,7,10,11,13,16	what aar u go a too waugh
POOL	7427	0.804312329	3,5,7,10,11,13,16	what aar u go ee inc would
POOL	7428	0.804297265	2,6,11,16	was sorry goalie to-do
POOL	7429	0.804296103	3,5,7,10,12,15,16	what aar u go ing toot rue
POOL	7430	0.804292223	2,6,11,16	wha sorry goalie to-do
POOL	7431	0.804277104	2,6,12,16	why sorry glowing to-do
POOL	7432	0.804246627	2,6,10,16	wha party go-go to-do
POOL	7433	0.804239961	3,5,7,10,12,15,16	what aar u go ing toot poo
POOL	7434	0.804239473	1,4,6,11,16	were at knee going to-do
POOL	7435	0.804229178	2,6,11,16	was sorry lugo to-do
POOL	7436	0.804228350	3,5,7,10,11,13,16	what aar u go a too au
POOL	7437	0.804224136	2,6,11,16	wha sorry lugo to-do
POOL	7438	0.804211656	2,6,11,16	a sorry goalie to-do
POOL	7439	0.804202582	2,6,11,16	well sorry goatee to-do
POOL	7440	0.804195649	3,5,7,10,12,15,16	what aar u go ing toot dew
POOL	7441	0.804185665	4,6,12,15,16	wac lea growing to-do new
POOL	7442	0.804173101	3,5,7,10,12,15,16	what aar u go ing dude wii
POOL	7443	0.804158493	2,6,12,16	why sorry owing to-do
POOL	7444	0.804156697	3,5,7,10,11,13,16	what aar u go ee inc xue
POOL	7445	0.804143687	3,5,7,10,11,13,16	what aar u go eh too lewd
POOL	7446	0.804143569	2,6,11,16	a sorry lugo to-do
POOL	7447	0.804139432	3,5,7,10,11,16	what aar u goh eh to-do
POOL	7448	0.804076886	3,5,7,10,12,15,16	what aar u go ing dude go
POOL	7449	0.804061862	3,5,7,10,12,15,16	what aar u go ing dude view
POOL	7450	0.804061489	3,5,7,10,12,15,16	what aar u go ing toot yoo
POOL	7451	0.804048343	3,5,7,10,11,13,16	what aar u go a too coo
POOL	7452	0.804047440	3,5,7,10,11,13,16	what aar u go eh too jus
POOL	7453	0.804034639	3,5,7,10,11,13,16	what aar u go ee inc ju
POOL	7454	0.804020346	3,5,7,10,11,13,16	what aar u go a too ode
POOL	7455	0.804019946	3,5,7,10,11,13,16	what aar u go eh too joo
POOL	7456	0.804014660	4,6,10,16	whatsapp re- no-go to-do
POOL	7457	0.803997831	3,5,7,10,12,15,16	what aar u go ing toot lieu
POOL	7458	0.803962717	3,5,7,10,12,15,16	what aar u go ing toot sioux
POOL	7459	0.803959021	3,5,7,10,13,16	what aar u go inc tutu
POOL	7460	0.803905716	3,5,7,10,11,13,16	what aar u go eh too booed
POOL	7461	0.803892920	3,5,7,10,12,15,16	what aar u go ing toot goo
POOL	7462	0.803891031	3,5,7,10,11,13,16	what aar u go ee inc weed
POOL	7463	0.803885984	2,6,12,16	well sorry glowing to-do
POOL	7464	0.803882876	4,6,10,14,16	wut re- gu into to-do
POOL	7465	0.803857879	3,5,7,10,12,15,16	what aar u go ing dude cool
POOL	7466	0.803818551	3,5,7,10,12,15,16	what aar u go ing dude au
POOL	7467	0.803813825	3,5,7,10,12,15,16	what aar u go ing toot hoo
POOL	7468	0.803800776	3,5,7,10,12,15,16	what aar u go ing toot zhou
POOL	7469	0.803794833	2,6,12,16	was party growing to-do
POOL	7470	0.803793586	3,5,7,10,12,15,16	what aar u goh ing dude knew
POOL	7471	0.803789792	2,6,12,16	wha party growing to-do
POOL	7472	0.803767373	2,6,12,16	well sorry owing to-do
POOL	7473	0.803756328	3,5,7,10,12,15,16	what aar u go ing dude blue
POOL	7474	0.803748463	3,5,7,10,12,15,16	what aar u gogh ing toot too
POOL	7475	0.803737506	3,5,7,10,11,13,16	what aar u go ee inc zhu
POOL	7476	0.803713762	3,5,7,10,12,15,16	what aar u go ing toot foo
POOL	7477	0.803709224	2,6,12,16	a party growing to-do
POOL	7478	0.803684307	4,6,8,13,16	wut reid wags owing to-do
POOL	7479	0.803677625	3,5,7,10,12,15,16	what aar u go ing dude all
POOL	7480	0.803668829	4,6,10,16	whatsapp re- ago to-do
POOL	7481	0.803665359	3,5,7,10,11,13,16	what aar u go ee too koo
POOL	7482	0.803609708	3,5,7,10,12,15,16	what aar u go ing toot coo
POOL	7483	0.803602574	3,5,7,10,12,15,16	what aar u go ing toot loo
POOL	7484	0.803571685	3,5,7,10,12,15,16	what aar u go ing toot pooh
POOL	7485	0.803558650	3,5,7,10,11,13,16	what aar u go ee inc waugh
POOL	7486	0.803534493	4,6,11,16	whatsapp re- goa to-do
POOL	7487	0.803527275	3,5,7,10,11,13,16	what aar u go eh too deuce
POOL	7488	0.803525306	3,5,7,10,12,15,16	what aar u go ing dude wah
POOL	7489	0.803524757	3,5,7,10,12,15,16	what aar u go ing toot lew
POOL	7490	0.803519518	2,6,11,16	why party goalie to-do
POOL	7491	0.803507030	4,8,12,16	watt ryu owing to-do
POOL	7492	0.803501222	3,5,7,10,12,15,16	what aar u go ing toot u
POOL	7493	0.803492073	4,8,10,16	whatsapp ryu oh to-do
POOL	7494	0.803472589	3,5,7,10,12,15,16	what aar u go ing dude poor
POOL	7495	0.803463492	4,8,11,16	watt ryu only to-do
POOL	7496	0.803455506	3,5,7,10,12,15,16	what aar u goh ing toot oooh
POOL	7497	0.803451431	2,6,11,16	why party lugo to-do
POOL	7498	0.803431446	3,5,7,10,12,15,16	what aar u go ing toot tue
POOL	7499	0.803428933	3,5,7,10,12,15,16	what aar u go ing toot whew
POOL	7500	0.803426182	3,5,7,10,11,13,16	what aar u go ee inc au
POOL	7501	0.803418243	3,5,7,10,12,15,16	what aar u go ing toot law
POOL	7502	0.803415356	3,5,7,10,12,15,16	what aar u go ing dude lose
POOL	7503	0.803393580	4,8,13,15,16	wada league owing food soo
POOL	7504	0.803333891	4,8,12,15,16	wut fugue rolling to-do new
POOL	7505	0.803322426	4,8,12,16	wet ryu owing to-do
POOL	7506	0.803305876	3,5,7,10,12,15,16	what aar u go ing toot shu
POOL	7507	0.803295685	2,6,12,16	won sorry goin' to-do
POOL	7508	0.803278889	4,8,11,16	wet ryu only to-do
POOL	7509	0.803247561	2,6,11,16	won party goatee to-do
POOL	7510	0.803246980	3,5,7,10,12,15,16	what aar u go ing dude own
POOL	7511	0.803246176	3,5,7,10,11,13,16	what aar u go ee inc coo
POOL	7512	0.803241833	3,5,7,10,11,13,16	what aar u go ee too wed
POOL	7513	0.803235942	3,5,7,10,11,13,16	what aar u go ee too ow
POOL	7514	0.803220182	4,8,12,16	whatsapp league owing to-do
POOL	7515	0.803218179	3,5,7,10,11,13,16	what aar u go ee inc ode
POOL	7516	0.803214882	3,5,7,10,12,15,16	what aar u goh ing toot new
POOL	7517	0.803214691	3,5,7,10,12,15,16	what aar u go ing toot moo
POOL	7518	0.803213421	3,5,7,10,12,15,16	what aar u go ing toot oof
POOL	7519	0.803200529	3,5,7,10,11,13,16	what aar u go a too koo
POOL	7520	0.803181120	1,2,6,12,16	were but tea growing to-do
POOL	7521	0.803176644	4,8,11,16	whatsapp league only to-do
POOL	7522	0.803160675	3,5,7,10,13,16	what aar u gogh inc too-too
POOL	7523	0.803157803	3,6,10,15,16	wut artie au into new
POOL	7524	0.803154885	3,5,7,10,11,13,16	what aar u go ee too womb
POOL	7525	0.803139893	3,5,7,10,11,13,16	what aar u go eh too dupe
POOL	7526	0.803132048	3,5,7,10,12,15,16	what aar u go ing toot vous
POOL	7527	0.803131697	3,5,7,10,12,15,16	what aar u go ing dude wha
POOL	7528	0.803131068	3,5,7,10,12,15,16	what aar u go ing toot zhu
POOL	7529	0.803120697	3,5,7,10,11,13,16	what aar u go eh too wood
POOL	7530	0.803106310	2,6,12,16	one sorry goin' to-do
POOL	7531	0.803095875	3,5,7,10,12,15,16	what aar u go ing toot hou
POOL	7532	0.803085278	3,5,7,10,12,15,16	what aar u go ing toot roo
POOL	7533	0.803060311	2,6,11,16	well party lugo to-do
POOL	7534	0.803058186	2,6,11,16	one party goatee to-do
POOL	7535	0.803040381	4,7,10,11,16	yuck yu ego see to-do
POOL	7536	0.802963340	3,5,7,10,12,15,16	what aar u go ing dude or
POOL	7537	0.802958717	3,5,7,10,12,15,16	what aar u go ing dude show
POOL	7538	0.802944081	3,5,7,10,12,15,16	what aar u go ing toot gnu
POOL	7539	0.802930964	2,6,12,16	won party glowing to-do
POOL	7540	0.802927084	3,5,7,10,11,13,16	what aar u go eh too ohh
POOL	7541	0.802913800	3,5,7,10,13,16	what aar u go inc to-dos
POOL	7542	0.802901949	2,6,11,16	were sorry goatee to-do
POOL	7543	0.802899248	3,5,7,10,12,15,16	what aar u go ing toot yew
POOL	7544	0.802891454	3,5,7,10,11,13,16	what aar u go ee too xu
POOL	7545	0.802883747	3,5,7,10,12,15,16	what aar u go ing toot du
POOL	7546	0.802867215	3,5,7,10,13,16	what aar u go inc hutu
POOL	7547	0.802867012	2,6,12,16	won tully growing to-do
POOL	7548	0.802861733	3,5,7,10,12,15,16	what aar u go ing toot oop
POOL	7549	0.802858029	3,5,7,10,12,15,16	what aar u go ing toot roux
POOL	7550	0.802848615	3,5,7,10,11,13,16	what aar u go eh too doer
POOL	7551	0.802842843	2,6,11,16	won sorry goa too-too
POOL	7552	0.802828135	3,5,7,10,11,13,16	what aar u go ee too cou
POOL	7553	0.802812352	2,6,12,16	won party owing to-do
POOL	7554	0.802799040	3,5,7,10,11,13,16	what aar u go eh too doon
POOL	7555	0.802777002	3,5,7,10,11,13,16	what aar u go a too wed
POOL	7556	0.802771112	3,5,7,10,11,13,16	what aar u go a too ow
POOL	7557	0.802765518	4,6,10,16	whatsapp re- go-go to-do
POOL	7558	0.802763773	3,5,7,10,12,15,16	what aar u go ing toot hsu
POOL	7559	0.802761893	3,5,7,10,12,15,16	what aar u go ing toot koo
POOL	7560	0.802753148	3,5,7,10,12,15,16	what aar u go ing dude u.s
POOL	7561	0.802741588	2,6,12,16	one party glowing to-do
POOL	7562	0.802729950	3,5,7,10,11,13,16	what aar u go eh too dru
POOL	7563	0.802690055	3,5,7,10,11,13,16	what aar u go a too womb
POOL	7564	0.802677410	3,5,7,10,12,15,16	what aar u go ing dude ore
POOL	7565	0.802673966	3,5,7,10,12,15,16	what aar u go ing toot deux
POOL	7566	0.802673818	3,5,7,10,11,13,16	what aar u go eh too rood
POOL	7567	0.802670195	3,5,7,10,12,15,16	what aar u go ing dude off
POOL	7568	0.802658708	3,5,7,10,12,15,16	what aar u go ing dude well
POOL	7569	0.802653467	2,6,11,16	one sorry goa too-too
POOL	7570	0.802628234	3,5,7,10,12,15,16	what aar u go ing dude rule
POOL	7571	0.802622977	2,6,12,16	one party owing to-do
POOL	7572	0.802608359	3,5,7,10,12,15,16	what aar u go ing dude shaw
POOL	7573	0.802608216	3,5,7,10,12,15,16	what aar u go ing toot saw
POOL	7574	0.802585351	2,6,12,16	were sorry glowing to-do
POOL	7575	0.802565023	3,5,7,10,13,16	what aar u go ink boo-boo
POOL	7576	0.802549224	3,5,7,10,12,15,16	what aar u go ing dude way
POOL	7577	0.802500813	3,5,7,10,11,13,16	what aar u go eh too aux
POOL	7578	0.802466740	2,6,12,16	were sorry owing to-do
POOL	7579	0.802460427	3,5,7,10,12,15,16	what aar u go ing toot shoo
POOL	7580	0.802435115	3,5,7,10,12,15,16	what aar u go ing toot sou
POOL	7581	0.802426623	3,5,7,10,11,13,16	what aar u go a too xu
POOL	7582	0.802416981	3,5,7,10,11,13,16	what aar u go eh too coup
POOL	7583	0.802398361	3,5,7,10,11,13,16	what aar u go ee inc koo
POOL	7584	0.802363304	3,5,7,10,11,13,16	what aar u go a too cou
POOL	7585	0.802361312	3,5,7,10,12,15,16	what aar u go ing dude ow
POOL	7586	0.802350080	3,5,7,10,12,15,16	what aar u go ing toot ooze
POOL	7587	0.802333444	3,5,7,10,12,15,16	what aar u go ing toot ewe
POOL	7588	0.802316469	3,5,7,10,12,15,16	what aar u go ing toot whoo
POOL	7589	0.802312380	3,5,7,10,12,15,16	what aar u go ing dude work
POOL	7590	0.802308683	4,6,12,16	whatsapp re- growing to-do
POOL	7591	0.802292288	3,5,7,10,12,15,16	what aar u go ing toot yue
POOL	7592	0.802267552	3,5,7,10,12,15,16	what aar u goh ing toot too
POOL	7593	0.802223915	3,5,7,10,12,15,16	what aar u gogh ing toot ou
POOL	7594	0.802220504	3,5,7,10,12,15,16	what aar u go ing dude waugh
POOL	7595	0.802215107	3,5,7,10,12,15,16	what aar u go ing dude wa
POOL	7596	0.802186469	3,5,7,10,11,13,16	what aar u go ee too do
POOL	7597	0.802148363	2,6,10,14,16	new dolly luo into due
POOL	7598	0.802119154	3,5,7,10,13,16	what aar u go inc dewey
POOL	7599	0.802112364	3,5,7,10,12,15,16	what aar u go ing dude why
POOL	7600	0.802100644	3,5,7,10,11,13,16	what aar u go eh too o
POOL	7601	0.802099911	3,5,7,10,12,15,16	what aar u go ing toot noo
POOL	7602	0.802067941	3,5,7,10,12,15,16	what aar u go ing toot xue
POOL	7603	0.802064792	4,8,12,16	wut ryu showing to-do
POOL	7604	0.802008814	3,5,7,10,12,15,16	what aar u go ing toot phu
POOL	7605	0.801996546	3,5,7,10,11,13,16	what aar u go ee too whoop
POOL	7606	0.801981572	3,5,7,10,12,15,16	what aar u go ing dude dude
POOL	7607	0.801974835	3,5,7,10,11,13,16	what aar u go ee inc wed
POOL	7608	0.801968944	3,5,7,10,11,13,16	what aar u go ee inc ow
POOL	7609	0.801953139	3,5,7,10,11,13,16	what aar u go eh too dough
POOL	7610	0.801952820	3,5,7,10,11,13,16	what aar u go eh too ou
POOL	7611	0.801941799	3,5,7,10,11,13,16	what aar u go eh too owed
POOL	7612	0.801940013	3,5,7,10,12,15,16	what aar u go ing toot owe
POOL	7613	0.801933440	3,5,7,10,12,15,16	what aar u go ing toot use
POOL	7614	0.801924668	3,5,7,10,12,15,16	what aar u go ing toot cou
POOL	7615	0.801924459	3,4,6,11,16	lot odd re- going to-do
POOL	7616	0.801898742	3,5,7,10,11,13,16	what aar u go eh too doe
POOL	7617	0.801887887	3,5,7,10,11,13,16	what aar u go ee inc womb
POOL	7618	0.801827765	2,6,11,16	were party goalie to-do
POOL	7619	0.801827258	3,6,10,13,16	wut ari woes linked to-do
POOL	7620	0.801799648	3,5,7,10,11,13,16	what aar u go ee too woof
POOL	7621	0.801752592	3,5,7,10,12,15,16	what aar u go ing dude ahh
POOL	7622	0.801747862	4,6,12,15,16	wut nee growing to-do rue
POOL	7623	0.801740126	3,5,7,10,11,13,16	what aar u go eh too eau
POOL	7624	0.801689701	3,5,7,10,12,15,16	what aar u go ing dude youth
POOL	7625	0.801670740	3,5,7,10,12,15,16	what aar u go ing toot su
POOL	7626	0.801668132	3,5,7,10,13,16	what aar u go ink du'a'
POOL	7627	0.801666381	3,5,7,10,12,15,16	what aar u go ing toot yu
POOL	7628	0.801644727	3,5,7,10,11,13,16	what aar u go ee too wad
POOL	7629	0.801624456	3,5,7,10,11,13,16	what aar u go ee inc xu
POOL	7630	0.801617530	3,5,7,10,11,13,16	what aar u go eh too ooze
POOL	7631	0.801617032	2,6,12,16	won sorry growing too-too
POOL	7632	0.801615709	3,5,7,10,12,15,16	what aar u go ing dude shoot
POOL	7633	0.801612525	2,4,7,12,16	woah tock new growing to-do
POOL	7634	0.801585909	3,5,7,10,11,13,16	what aar u go eh too zhou
POOL	7635	0.801577555	3,5,7,10,12,15,16	what aar u go ing dude awe
POOL	7636	0.801561137	3,5,7,10,11,13,16	what aar u go ee inc cou
POOL	7637	0.801549448	3,5,7,10,12,15,16	what aar u go ing dude oui
POOL	7638	0.801543619	3,5,7,10,13,16	what aar u go inc urdu
POOL	7639	0.801537259	3,5,7,10,12,15,16	what aar u go ing toot fu
POOL	7640	0.801531715	3,5,7,10,11,13,16	what aar u go a too whoop
POOL	7641	0.801498109	3,5,7,10,12,15,16	what aar u go ing dude ah
POOL	7642	0.801495217	3,5,7,10,12,15,16	what aar u go ing dude crew
POOL	7643	0.801491023	3,5,7,10,11,13,16	what aar u go eh too would
POOL	7644	0.801478192	3,5,7,10,12,15,16	what aar u go ing dude moon
POOL	7645	0.801465689	3,5,7,10,12,15,16	what aar u go ing dude suit
POOL	7646	0.801455966	4,6,10,16	whatnot re- no-go to-do
POOL	7647	0.801447425	3,5,7,10,12,15,16	what aar u go ing dude grew
POOL	7648	0.801427657	2,6,12,16	one sorry growing too-too
POOL	7649	0.801424623	3,5,7,10,12,15,16	what aar u go ing dude waa
POOL	7650	0.801388024	3,5,7,10,13,16	what aar u go inc ado
POOL	7651	0.801380328	1,2,6,10,15,16	were a car go into to
POOL	7652	0.801344957	3,5,7,10,12,15,16	what aar u go ing dude pool
POOL	7653	0.801340091	3,5,7,10,12,15,16	what aar u go ing dude route
POOL	7654	0.801337315	3,5,7,10,12,15,16	what aar u go ing dude shoes
POOL	7655	0.801335392	3,5,7,10,11,13,16	what aar u go eh too xue
POOL	7656	0.801334818	3,5,7,10,11,13,16	what aar u go a too woof
POOL	7657	0.801301950	3,5,7,10,12,15,16	what aar u gogh ing dude who
POOL	7658	0.801289239	2,6,8,12,16	one par new owing boo-boo
POOL	7659	0.801257040	3,5,7,10,12,15,16	what aar u go ing toot wu
POOL	7660	0.801234002	3,5,7,10,12,15,16	what aar u gogh ing dude two
POOL	7661	0.801233153	3,5,7,10,13,16	what aar u gogh inc voodoo
POOL	7662	0.801213334	3,5,7,10,11,13,16	what aar u go eh too ju
POOL	7663	0.801179897	3,5,7,10,11,13,16	what aar u go a too wad
POOL	7664	0.801171915	2,6,12,16	wah sorry glowing to-do
POOL	7665	0.801140356	3,5,7,10,11,13,16	what aar u go ee too ku
POOL	7666	0.801110135	4,6,10,16	whatnot re- ago to-do
POOL	7667	0.801103528	4,8,12,16	wut ryu knowing to-do
POOL	7668	0.801071541	3,5,7,10,12,15,16	what aar u go ing toot tu
POOL	7669	0.801070709	2,6,12,16	yeah sorry glowing to-do
POOL	7670	0.801069725	3,5,7,10,11,13,16	what aar u go eh too weed
POOL	7671	0.801053304	2,6,12,16	wah sorry owing to-do
POOL	7672	0.800975800	4,6,11,16	whatnot re- goa to-do
POOL	7673	0.800952098	2,6,12,16	yeah sorry owing to-do
POOL	7674	0.800948271	3,5,7,10,13,16	what aar u gogh inc doo-doo
POOL	7675	0.800933380	4,8,10,16	whatnot ryu oh to-do
POOL	7676	0.800922166	3,5,7,10,11,13,16	what aar u go ee too oe
POOL	7677	0.800919471	3,5,7,10,11,13,16	what aar u go ee inc do
POOL	7678	0.800916201	3,5,7,10,12,15,16	what aar u go ing toot ut
POOL	7679	0.800916200	3,5,7,10,11,13,16	what aar u go eh too zhu
POOL	7680	0.800891688	4,8,10,16	whatsapp ryu know to-do
POOL	7681	0.800890700	3,5,7,10,11,13,16	what aar u go ee too whoosh
POOL	7682	0.800868346	3,5,7,10,12,15,16	what aar u go ing dude tool
POOL	7683	0.800838353	3,5,7,10,12,15,16	what aar u go ing dude paw
POOL	7684	0.800827977	3,5,7,10,12,15,16	what aar u go ing dude roof
POOL	7685	0.800814726	3,5,7,10,12,15,16	what aar u go ing toot mu
POOL	7686	0.800813337	3,5,7,10,12,15,16	what aar u go ing dude low
POOL	7687	0.800808614	3,5,7,10,13,16	what aar u go ink tutu
POOL	7688	0.800776327	3,5,7,10,12,15,16	what aar u gogh ing dude shoe
POOL	7689	0.800769658	3,5,7,10,12,15,16	what aar u gogh ing dude oh
POOL	7690	0.800743005	3,5,7,10,12,15,16	what aar u goh ing toot ou
POOL	7691	0.800737345	3,5,7,10,11,13,16	what aar u go eh too waugh
POOL	7692	0.800736607	3,5,7,10,11,13,16	what aar u go ee too wid
POOL	7693	0.800732417	3,4,6,11,16	wut nah knee going to-do
POOL	7694	0.800729548	3,5,7,10,11,13,16	what aar u go ee inc whoop
POOL	7695	0.800701484	3,5,7,10,12,15,16	what aar u gogh ing dude sue
POOL	7696	0.800675526	3,5,7,10,11,13,16	what aar u go a too ku
POOL	7697	0.800661488	4,8,12,16	whatnot league owing to-do
POOL	7698	0.800661073	3,5,7,10,12,15,16	what aar u go ing toot were
POOL	7699	0.800634349	3,5,7,10,12,15,16	what aar u go ing toot lu
POOL	7700	0.800619374	3,5,7,10,11,13,16	what aar u go ee too woot
POOL	7701	0.800617951	4,8,11,16	whatnot league only to-do
POOL	7702	0.800607210	3,5,7,10,12,14,16	what aar u go ing too too
POOL	7703	0.800604877	3,5,7,10,11,13,16	what aar u go eh too au
POOL	7704	0.800532650	3,5,7,10,11,13,16	what aar u go ee inc woof
POOL	7705	0.800497249	3,5,7,10,12,15,16	what aar u go ing dude drew
POOL	7706	0.800488141	2,6,12,16	was sorry glowing to-do
POOL	7707	0.800487164	3,5,7,10,12,15,16	what aar u go ing dude loose
POOL	7708	0.800483099	2,6,12,16	wha sorry glowing to-do
POOL	7709	0.800474262	3,5,7,10,12,15,16	what aar u go ing dude threw
POOL	7710	0.800458590	3,5,7,10,12,15,16	what aar u go ing dude duke
POOL	7711	0.800457335	3,5,7,10,11,13,16	what aar u go a too oe
POOL	7712	0.800449720	2,6,12,16	won sorry going to-do
POOL	7713	0.800446317	3,5,7,10,12,15,16	what aar u go ing dude luke
POOL	7714	0.800436558	3,5,7,10,11,13,16	what aar u go ee too ot
POOL	7715	0.800428361	4,8,12,16	wot ryu owing to-do
POOL	7716	0.800425870	3,5,7,10,11,13,16	what aar u go a too whoosh
POOL	7717	0.800424871	3,5,7,10,11,13,16	what aar u go eh too coo
POOL	7718	0.800417489	3,5,7,10,12,15,16	what aar u go ing toot hu
POOL	7719	0.800414822	3,5,7,10,12,15,16	what aar u gogh ing dude zoo
POOL	7720	0.800403872	3,5,7,10,12,15,16	what aar u go ing dude mood
POOL	7721	0.800403755	3,5,7,10,12,15,16	what aar u gogh ing dude aw
POOL	7722	0.800402532	2,6,12,16	a sorry glowing to-do
POOL	7723	0.800396874	3,5,7,10,11,13,16	what aar u go eh too ode
POOL	7724	0.800388999	3,5,7,10,12,15,16	what aar u go ing dude uhh
POOL	7725	0.800384824	4,8,11,16	wot ryu only to-do
POOL	7726	0.800377729	3,5,7,10,11,13,16	what aar u go ee inc wad
POOL	7727	0.800369530	2,6,12,16	was sorry owing to-do
POOL	7728	0.800364488	2,6,12,16	wha sorry owing to-do
POOL	7729	0.800350926	3,5,7,10,12,15,16	what aar u go ing toot ohh
POOL	7730	0.800340577	3,5,7,10,12,15,16	what aar u gogh ing toot due
POOL	7731	0.800312726	3,5,7,10,13,16	what aar u go inc adieu
POOL	7732	0.800306054	3,5,7,10,12,15,16	what aar u go ing toot nu
POOL	7733	0.800287724	3,5,7,10,12,15,16	what aar u go ing dude orr
POOL	7734	0.800285431	3,5,7,10,12,15,16	what aar u go ing dude root
POOL	7735	0.800284395	3,5,7,10,11,13,16	what aar u go ee too qu
POOL	7736	0.800283921	2,6,12,16	a sorry owing to-do
POOL	7737	0.800271776	3,5,7,10,11,13,16	what aar u go a too wid
POOL	7738	0.800260345	2,6,12,16	one sorry going to-do
POOL	7739	0.800236890	3,5,7,10,12,15,16	what aar u go ing toot ku
POOL	7740	0.800221654	3,5,7,10,11,13,16	what aar u go ee too who'd
POOL	7741	0.800206824	4,6,10,16	whatnot re- go-go to-do
POOL	7742	0.800200904	3,5,7,10,12,15,16	what aar u go ing dude a
POOL	7743	0.800154543	3,5,7,10,11,13,16	what aar u go a too woot
POOL	7744	0.800145912	4,8,12,16	wut ryu o-ring to-do
POOL	7745	0.800120868	3,5,7,10,12,15,16	what aar u go ing dude week
POOL	7746	0.800120249	3,5,7,10,12,15,16	what aar u go ing toot ru
POOL	7747	0.800095534	3,5,7,10,12,15,16	what aar u go ing dude tube
POOL	7748	0.800075115	2,6,12,16	why sorry goin' to-do
POOL	7749	0.800047536	3,5,7,10,12,15,16	what aar u go ing dude oe
POOL	7750	0.800045258	3,5,7,10,12,15,16	what aar u go ing dude thaw
POOL	7751	0.800017715	3,5,7,10,12,15,16	what aar u go ing dude aud
POOL	7752	0.800017657	3,5,7,10,12,15,16	what aar u go ing dude boom
POOL	7753	0.799992695	3,5,7,10,12,15,16	what aar u gogh ing dude coup
POOL	7754	0.799990950	3,5,7,10,13,16	what aar u go inc dewar
POOL	7755	0.799971727	3,5,7,10,11,13,16	what aar u go a too ot
POOL	7756	0.799946787	3,5,7,10,12,15,16	what aar u go ing toot we
POOL	7757	0.799924655	3,5,7,10,12,15,16	what aar u go ing toot aux
POOL	7758	0.799917064	3,5,7,10,12,15,16	what aar u go ing toot pu
POOL	7759	0.799892559	3,5,7,10,12,15,16	what aar u go ing dude daw
POOL	7760	0.799873358	3,5,7,10,11,13,16	what aar u go ee inc ku
POOL	7761	0.799866470	3,5,7,10,12,15,16	what aar u go ing dude fool
POOL	7762	0.799863474	3,5,7,10,12,15,16	what aar u go ing dude haw
POOL	7763	0.799859894	3,5,7,10,12,15,16	what aar u go ing dude loop
POOL	7764	0.799821039	3,5,7,10,12,15,16	what aar u goh ing dude who
POOL	7765	0.799819565	3,5,7,10,11,13,16	what aar u go a too qu
POOL	7766	0.799805442	3,5,7,10,12,15,16	what aar u gogh ing dude lou
POOL	7767	0.799803607	3,5,7,10,13,16	what aar u go inc dewy
POOL	7768	0.799803088	3,5,7,10,12,15,16	what aar u go ing dude ong
POOL	7769	0.799790517	3,5,7,10,12,15,16	what aar u go ing toot gu
POOL	7770	0.799782926	3,5,7,10,12,15,16	what aar u go ing toot news
POOL	7771	0.799781016	3,5,7,10,12,15,16	what aar u go ing dude tune
POOL	7772	0.799763393	3,5,7,10,13,16	what aar u go ink to-dos
POOL	7773	0.799753092	3,5,7,10,12,15,16	what aar u goh ing dude two
POOL	7774	0.799752871	3,5,7,10,12,15,16	what aar u gogh ing dude boo
POOL	7775	0.799749989	4,6,12,16	whatnot re- growing to-do
POOL	7776	0.799716808	3,5,7,10,13,16	what aar u go ink hutu
POOL	7777	0.799713636	3,5,7,10,12,15,16	what aar u go ing dude rude
POOL	7778	0.799710393	2,6,12,16	why party glowing to-do
POOL	7779	0.799693565	4,7,10,11,16	wut new gallo p to-do
POOL	7780	0.799683995	2,6,12,16	well sorry goin' to-do
POOL	7781	0.799676147	3,5,7,10,13,16	what aar u go inc uwu
POOL	7782	0.799655168	3,5,7,10,11,13,16	what aar u go ee inc oe
POOL	7783	0.799651265	4,8,12,16	whatsapp liu owing to-do
POOL	7784	0.799623702	3,5,7,10,11,13,16	what aar u go ee inc whoosh
POOL	7785	0.799607727	4,8,11,16	whatsapp liu only to-do
POOL	7786	0.799591782	2,6,12,16	why party owing to-do
POOL	7787	0.799581900	3,5,7,10,12,15,16	what aar u gogh ing dude woo
POOL	7788	0.799577056	3,5,7,10,11,13,16	what aar u go eh too koo
POOL	7789	0.799550612	3,5,7,10,12,15,16	what aar u go ing dude oss
POOL	7790	0.799540936	3,5,7,10,12,15,16	what aar u go ing dude aung
POOL	7791	0.799538104	3,5,7,10,12,15,16	what aar u go ing toot food
POOL	7792	0.799535704	3,5,7,10,12,15,16	what aar u go ing toot know
POOL	7793	0.799535700	3,5,7,10,12,15,16	what aar u go ing toot xu
POOL	7794	0.799524486	3,5,7,10,12,15,16	what aar u go ing toot o
POOL	7795	0.799520705	3,5,7,10,12,15,16	what aar u go ing dude boot
POOL	7796	0.799503873	3,5,7,10,12,15,16	what aar u go ing dude maw
POOL	7797	0.799495551	3,5,7,10,12,15,16	what aar u go ing dude uh
POOL	7798	0.799491514	3,5,7,10,12,15,16	what aar u go ing dude auth
POOL	7799	0.799491349	3,5,7,10,12,15,16	what aar u go ing toot true
POOL	7800	0.799488760	4,6,11,16	whatsapp year goa to-do
POOL	7801	0.799484665	3,5,7,10,12,15,16	what aar u gogh ing toot knew
POOL	7802	0.799477370	3,5,7,10,12,15,16	what aar u go ing dude clue
POOL	7803	0.799469609	3,5,7,10,11,13,16	what aar u go ee inc wid
POOL	7804	0.799462664	3,5,7,10,12,15,16	what aar u go ing dude war
POOL	7805	0.799441748	3,5,7,10,12,15,16	what aar u go ing toot room
POOL	7806	0.799408909	3,5,7,10,12,15,16	what aar u go ing dude flew
POOL	7807	0.799404108	3,5,7,10,12,15,16	what aar u go ing toot vu
POOL	7808	0.799380929	3,5,7,10,12,15,16	what aar u go ing toot qu
POOL	7809	0.799358210	3,5,7,10,12,15,16	what aar u go ing dude soup
POOL	7810	0.799352376	3,5,7,10,11,13,16	what aar u go ee inc woot
POOL	7811	0.799345069	4,7,10,13,16	wut eerie so inc to-do
POOL	7812	0.799329059	3,5,7,10,12,15,16	what aar u gogh ing dude soo
POOL	7813	0.799327728	3,5,7,10,12,15,16	what aar u go ing dude oar
POOL	7814	0.799319274	2,6,12,16	well party glowing to-do
POOL	7815	0.799313481	3,5,7,10,12,14,16	what aar u go ing too doo
POOL	7816	0.799295416	3,5,7,10,12,15,16	what aar u goh ing dude shoe
POOL	7817	0.799288747	3,5,7,10,12,15,16	what aar u goh ing dude oh
POOL	7818	0.799275553	3,5,7,10,12,15,16	what aar u go ing dude blew
POOL	7819	0.799268490	3,5,7,10,12,15,16	what aar u go ing dude yaw
POOL	7820	0.799247912	4,6,10,16	whatsapp free ago to-do
POOL	7821	0.799229899	3,5,7,10,12,15,16	what aar u go ing dude noon
POOL	7822	0.799220573	3,5,7,10,12,15,16	what aar u goh ing dude sue
POOL	7823	0.799216626	3,5,7,10,12,15,16	what aar u go ing dude booth
POOL	7824	0.799205221	3,5,7,10,12,15,16	what aar u go ing toot move
POOL	7825	0.799200662	2,6,12,16	well party owing to-do
POOL	7826	0.799169560	3,5,7,10,11,13,16	what aar u go ee inc ot
POOL	7827	0.799163968	3,5,7,10,12,15,16	what aar u go ing toot eau
POOL	7828	0.799153530	3,5,7,10,11,13,16	what aar u go eh too wed
POOL	7829	0.799147639	3,5,7,10,11,13,16	what aar u go eh too ow
POOL	7830	0.799129642	3,5,7,10,12,15,16	what aar u go ing dude awd
POOL	7831	0.799128186	3,5,7,10,12,15,16	what aar u go ing dude tooth
POOL	7832	0.799120083	3,6,10,15,16	wut ari woke into u
POOL	7833	0.799113576	4,6,11,16	whatsapp free goa to-do
POOL	7834	0.799066582	3,5,7,10,11,13,16	what aar u go eh too womb
POOL	7835	0.799032820	3,5,7,10,12,15,16	what aar u go ing dude ruth
POOL	7836	0.799030443	3,5,7,10,12,14,16	what aar u go ing too dew
POOL	7837	0.799022011	3,5,7,10,12,15,16	what aar u go ing toot soon
POOL	7838	0.799017397	3,5,7,10,11,13,16	what aar u go ee inc qu
POOL	7839	0.798992047	3,5,7,10,11,13,16	what aar u go a too would
POOL	7840	0.798976682	3,5,7,10,13,16	what aar u go inc utah
POOL	7841	0.798968747	3,5,7,10,13,16	what aar u go ink dewey
POOL	7842	0.798962783	3,5,7,10,12,15,16	what aar u go ing dude win
POOL	7843	0.798954656	3,5,7,10,11,13,16	what aar u go ee inc who'd
POOL	7844	0.798941624	3,5,7,10,12,15,16	what aar u go ing toot wee
POOL	7845	0.798941585	3,5,7,10,11,16	what aar u go ee doo-doo
POOL	7846	0.798933911	3,5,7,10,12,15,16	what aar u goh ing dude zoo
POOL	7847	0.798930994	4,6,10,16	whatsapp real ago to-do
POOL	7848	0.798922845	3,5,7,10,12,15,16	what aar u goh ing dude aw
POOL	7849	0.798918375	3,5,7,10,12,15,16	what aar u go ing dude hugh
POOL	7850	0.798878759	3,5,7,10,12,15,16	what aar u go ing dude nude
POOL	7851	0.798869565	3,5,7,10,12,15,16	what aar u gogh ing dude doo
POOL	7852	0.798859667	3,5,7,10,12,15,16	what aar u goh ing toot due
POOL	7853	0.798849741	3,5,7,10,12,15,16	what aar u go ing dude through
POOL	7854	0.798803151	3,5,7,10,11,13,16	what aar u go eh too xu
POOL	7855	0.798796658	4,6,11,16	whatsapp real goa to-do
POOL	7856	0.798771790	3,5,7,10,12,15,16	what aar u go ing dude flu
POOL	7857	0.798741120	3,5,7,10,12,15,16	what aar u go ing dude awed
POOL	7858	0.798739831	3,5,7,10,11,13,16	what aar u go eh too cou
POOL	7859	0.798728975	2,6,12,16	won party goin' to-do
POOL	7860	0.798706553	4,8,10,16	whatsapp ryu go to-do
POOL	7861	0.798686981	3,5,7,10,12,15,16	what aar u gogh ing dude rue
POOL	7862	0.798630838	3,5,7,10,12,15,16	what aar u gogh ing dude poo
POOL	7863	0.798602824	3,5,7,10,12,15,16	what aar u go ing dude caw
POOL	7864	0.798597010	3,5,7,10,13,16	what aar u go inc pseudo
POOL	7865	0.798586527	3,5,7,10,12,15,16	what aar u gogh ing dude dew
POOL	7866	0.798568387	3,5,7,10,12,15,16	what aar u go ing dude sued
POOL	7867	0.798539599	2,6,12,16	one party goin' to-do
POOL	7868	0.798538016	3,5,7,10,12,15,16	what aar u go ing dude tomb
POOL	7869	0.798511785	3,5,7,10,12,15,16	what aar u goh ing dude coup
POOL	7870	0.798495919	3,5,7,10,12,15,16	what aar u go ing dude jew
POOL	7871	0.798472339	1,2,5,10,12,16	were a car hugo in tuk
POOL	7872	0.798452367	3,5,7,10,12,15,16	what aar u gogh ing dude yoo
POOL	7873	0.798414746	3,5,7,10,12,15,16	what aar u go ing dude goose
POOL	7874	0.798407242	4,8,12,16	watt ryu showing to-do
POOL	7875	0.798407172	3,5,7,10,12,15,16	what aar u go ing dude que
POOL	7876	0.798396462	2,6,12,16	why sorry growing too-too
POOL	7877	0.798393212	3,5,7,10,13,16	what aar u go ink urdu
POOL	7878	0.798388708	3,5,7,10,12,15,16	what aar u gogh ing dude lieu
POOL	7879	0.798383270	3,5,7,10,12,15,16	what aar u go ing toot wii
POOL	7880	0.798366812	3,5,7,10,12,15,16	what aar u go ing dude thru
POOL	7881	0.798365098	3,5,7,10,12,15,16	what aar u go ing dude zoom
POOL	7882	0.798353595	3,5,7,10,12,15,16	what aar u gogh ing dude sioux
POOL	7883	0.798332995	4,8,10,16	whatnot ryu know to-do
POOL	7884	0.798327336	3,5,7,10,12,15,16	what aar u go ing dude doom
POOL	7885	0.798324531	3,5,7,10,12,15,16	what aar u goh ing dude lou
POOL	7886	0.798314328	3,5,7,10,12,15,16	what aar u go ing dude mm
POOL	7887	0.798295164	3,5,7,10,12,15,16	what aar u go ing dude glue
POOL	7888	0.798287055	3,5,7,10,12,15,16	what aar u go ing toot go
POOL	7889	0.798283798	3,5,7,10,12,15,16	what aar u gogh ing dude goo
POOL	7890	0.798272031	3,5,7,10,12,15,16	what aar u go ing toot view
POOL	7891	0.798271960	3,5,7,10,12,15,16	what aar u goh ing dude boo
POOL	7892	0.798270033	3,5,7,10,12,14,16	what aar u go ing two due
POOL	7893	0.798265860	2,4,5,10,12,16	one top air hugo in could
POOL	7894	0.798262950	4,6,12,16	whatsapp year growing to-do
POOL	7895	0.798244404	4,6,11,16	whatsapp re- goalie to-do
POOL	7896	0.798237617	3,5,7,10,13,16	what aar u go ink ado
POOL	7897	0.798236878	3,5,7,10,12,15,16	what aar u go ing dude word
POOL	7898	0.798231782	3,5,7,10,12,15,16	what aar u go ing dude queue
POOL	7899	0.798222639	4,8,12,16	wet ryu showing to-do
POOL	7900	0.798204703	3,5,7,10,12,15,16	what aar u gogh ing dude hoo
POOL	7901	0.798191653	3,5,7,10,12,15,16	what aar u gogh ing dude zhou
POOL	7902	0.798183135	3,5,7,10,12,15,16	what aar u go ing dude ot
POOL	7903	0.798176317	4,6,11,16	whatsapp re- lugo to-do
POOL	7904	0.798152331	3,5,7,10,12,15,16	what aar u go ing dude cue
POOL	7905	0.798140946	3,5,7,10,13,15,16	what aar u go inc food what
POOL	7906	0.798120394	4,8,12,16	whatsapp league showing to-do
POOL	7907	0.798110031	3,5,7,10,12,15,16	what aar u go ing dude liu
POOL	7908	0.798104639	3,5,7,10,12,15,16	what aar u gogh ing dude foo
POOL	7909	0.798100990	3,5,7,10,12,15,16	what aar u goh ing dude woo
POOL	7910	0.798098166	3,5,7,10,11,13,16	what aar u go eh too do
POOL	7911	0.798081248	3,5,7,10,12,15,16	what aar u go ing dude oops
POOL	7912	0.798068047	3,5,7,10,12,15,16	what aar u go ing toot cool
POOL	7913	0.798056491	3,5,7,10,12,15,16	what aar u go ing dude co
POOL	7914	0.798028719	3,5,7,10,12,15,16	what aar u go ing toot au
POOL	7915	0.798028556	3,5,7,10,11,16	what aar u go ee tutu
POOL	7916	0.798018069	2,4,6,12,16	waa top re- growing pooh-pooh
POOL	7917	0.798003755	3,5,7,10,12,15,16	what aar u goh ing toot knew
POOL	7918	0.798000585	3,5,7,10,12,15,16	what aar u gogh ing dude coo
POOL	7919	0.797993451	3,5,7,10,12,15,16	what aar u gogh ing dude loo
POOL	7920	0.797966497	3,5,7,10,12,15,16	what aar u go ing toot blue
POOL	7921	0.797962562	3,5,7,10,12,15,16	what aar u gogh ing dude pooh
POOL	7922	0.797950926	3,5,7,10,11,13,16	what aar u go ee too do's
POOL	7923	0.797922182	2,4,7,12,16	one top youth goatee to-do
POOL	7924	0.797915635	3,5,7,10,12,15,16	what aar u gogh ing dude lew
POOL	7925	0.797908242	3,5,7,10,11,13,16	what aar u go eh too whoop
POOL	7926	0.797892100	3,5,7,10,12,15,16	what aar u gogh ing dude u
POOL	7927	0.797887794	3,5,7,10,12,15,16	what aar u go ing toot all
POOL	7928	0.797887766	4,6,12,16	whatsapp free growing to-do
POOL	7929	0.797887720	3,5,7,10,12,15,16	what aar u go ing dude chew
POOL	7930	0.797872611	3,5,7,10,12,15,16	what aar u go ing dude poop
POOL	7931	0.797870001	3,5,7,10,12,15,16	what aar u go ing dude rouge
POOL	7932	0.797861116	3,5,7,10,12,15,16	what aar u go ing dude booze
POOL	7933	0.797848148	3,5,7,10,12,15,16	what aar u goh ing dude soo
POOL	7934	0.797822323	3,5,7,10,12,15,16	what aar u gogh ing dude tue
POOL	7935	0.797819811	3,5,7,10,12,15,16	what aar u gogh ing dude whew
POOL	7936	0.797809120	3,5,7,10,12,15,16	what aar u gogh ing dude law
POOL	7937	0.797760461	4,8,12,16	whatsapp rig owing to-do
POOL	7938	0.797753813	3,5,7,10,11,16	what aar u go a doo-doo
POOL	7939	0.797735474	3,5,7,10,12,15,16	what aar u go ing toot wah
POOL	7940	0.797718540	3,5,7,10,12,14,16	what aar u go ing too du
POOL	7941	0.797716924	4,8,11,16	whatsapp rig only to-do
POOL	7942	0.797711345	3,5,7,10,11,13,16	what aar u go eh too woof
POOL	7943	0.797696754	3,5,7,10,12,15,16	what aar u gogh ing dude shu
POOL	7944	0.797682758	3,5,7,10,12,15,16	what aar u go ing toot poor
POOL	7945	0.797656322	3,5,7,10,12,15,16	what aar u go ing dude oi
POOL	7946	0.797625525	3,5,7,10,12,15,16	what aar u go ing toot lose
POOL	7947	0.797605568	3,5,7,10,12,15,16	what aar u gogh ing dude moo
POOL	7948	0.797604298	3,5,7,10,12,15,16	what aar u gogh ing dude oof
POOL	7949	0.797570848	4,6,12,16	whatsapp real growing to-do
POOL	7950	0.797556424	3,5,7,10,11,13,16	what aar u go eh too wad
POOL	7951	0.797522926	3,5,7,10,12,15,16	what aar u gogh ing dude vous
POOL	7952	0.797521945	3,5,7,10,12,15,16	what aar u gogh ing dude zhu
POOL	7953	0.797508759	3,5,7,10,12,14,16	what aar u go ing too deux
POOL	7954	0.797486752	3,5,7,10,12,15,16	what aar u gogh ing dude hou
POOL	7955	0.797484431	3,5,7,10,12,15,16	what aar u go ing dude few
POOL	7956	0.797476155	3,5,7,10,12,15,16	what aar u gogh ing dude roo
POOL	7957	0.797466992	2,5,10,15,16	uhh r. argo into new
POOL	7958	0.797457149	3,5,7,10,12,15,16	what aar u go ing toot own
POOL	7959	0.797445978	4,8,12,16	watt ryu knowing to-do
POOL	7960	0.797388654	3,5,7,10,12,15,16	what aar u goh ing dude doo
POOL	7961	0.797382465	2,5,7,10,11,16	you ark new go a to-do
POOL	7962	0.797341865	3,5,7,10,12,15,16	what aar u go ing toot wha
POOL	7963	0.797334958	3,5,7,10,12,15,16	what aar u gogh ing dude gnu
POOL	7964	0.797333889	3,5,7,10,13,16	what aar u go inc aww
POOL	7965	0.797290126	3,5,7,10,12,15,16	what aar u gogh ing dude yew
POOL	7966	0.797274624	3,5,7,10,12,15,16	what aar u gogh ing dude du
POOL	7967	0.797261374	4,8,12,16	wet ryu knowing to-do
POOL	7968	0.797254218	4,8,10,16	whatsapp ryu own to-do
POOL	7969	0.797252610	3,5,7,10,12,15,16	what aar u gogh ing dude oop
POOL	7970	0.797248906	3,5,7,10,12,15,16	what aar u gogh ing dude roux
POOL	7971	0.797230210	3,5,7,10,11,16	what aar u gogh ee too-too
POOL	7972	0.797206070	3,5,7,10,12,15,16	what aar u goh ing dude rue
POOL	7973	0.797177879	3,6,10,15,16	wut marquis go into loose
POOL	7974	0.797173508	3,5,7,10,12,15,16	what aar u go ing toot or
POOL	7975	0.797168885	3,5,7,10,12,15,16	what aar u go ing toot show
POOL	7976	0.797162319	3,5,7,10,13,16	what aar u go ink adieu
POOL	7977	0.797159129	4,8,12,16	whatsapp league knowing to-do
POOL	7978	0.797154650	3,5,7,10,12,15,16	what aar u gogh ing dude hsu
POOL	7979	0.797152770	3,5,7,10,12,15,16	what aar u gogh ing dude koo
POOL	7980	0.797149927	3,5,7,10,12,15,16	what aar u goh ing dude poo
POOL	7981	0.797105616	3,5,7,10,12,15,16	what aar u goh ing dude dew
POOL	7982	0.797092571	4,8,12,16	whatnot liu owing to-do
POOL	7983	0.797072093	3,5,7,10,12,15,16	what aar u go ing dude om
POOL	7984	0.797064843	3,5,7,10,12,15,16	what aar u gogh ing dude deux
POOL	7985	0.797052053	3,5,7,10,11,13,16	what aar u go eh too ku
POOL	7986	0.797049034	4,8,11,16	whatnot liu only to-do
POOL	7987	0.797046516	3,5,7,10,13,15,16	what aar u go inc food you'd
POOL	7988	0.796999093	3,5,7,10,12,15,16	what aar u gogh ing dude saw
POOL	7989	0.796983335	3,5,7,10,11,16	what aar u go ee to-dos
POOL	7990	0.796971456	3,5,7,10,12,15,16	what aar u goh ing dude yoo
POOL	7991	0.796963317	3,5,7,10,12,15,16	what aar u go ing toot u.s
POOL	7992	0.796930067	4,6,11,16	whatnot year goa to-do
POOL	7993	0.796907798	3,5,7,10,12,15,16	what aar u goh ing dude lieu
POOL	7994	0.796887579	3,5,7,10,12,15,16	what aar u go ing toot ore
POOL	7995	0.796880364	3,5,7,10,12,15,16	what aar u go ing toot off
POOL	7996	0.796872684	3,5,7,10,12,15,16	what aar u goh ing dude sioux
POOL	7997	0.796868876	3,5,7,10,12,15,16	what aar u go ing toot well
POOL	7998	0.796851304	3,5,7,10,12,15,16	what aar u gogh ing dude shoo
POOL	7999	0.796840783	3,5,7,10,11,16	what aar u go a tutu
POOL	8000	0.796840543	3,5,7,10,13,16	what aar u go ink dewar
POOL	8001	0.796838403	3,5,7,10,12,15,16	what aar u go ing toot rule
POOL	8002	0.796833863	3,5,7,10,11,13,16	what aar u go eh too oe
POOL	8003	0.796825992	3,5,7,10,12,15,16	what aar u gogh ing dude sou
POOL	8004	0.796818528	3,5,7,10,12,15,16	what aar u go ing toot shaw
POOL	8005	0.796802887	3,5,7,10,12,15,16	what aar u goh ing dude goo
POOL	8006	0.796802397	3,5,7,10,11,13,16	what aar u go eh too whoosh
POOL	8007	0.796801436	1,2,6,12,16	whew a car growing voodoo
POOL	8008	0.796800079	3,5,7,10,12,16	what aar u go ing too-too
POOL	8009	0.796760309	4,6,10,16	whatsapp lee no-go to-do
POOL	8010	0.796759392	3,5,7,10,12,15,16	what aar u go ing toot way
POOL	8011	0.796749756	4,8,10,16	whatsapp ryu show to-do
POOL	8012	0.796740957	3,5,7,10,12,15,16	what aar u gogh ing dude ooze
POOL	8013	0.796724321	3,5,7,10,12,15,16	what aar u gogh ing dude ewe
POOL	8014	0.796723792	3,5,7,10,12,15,16	what aar u goh ing dude hoo
POOL	8015	0.796723506	1,2,4,10,12,16	were a sha lugo in tue
POOL	8016	0.796710742	3,5,7,10,12,15,16	what aar u goh ing dude zhou
POOL	8017	0.796707346	3,5,7,10,12,15,16	what aar u gogh ing dude whoo
POOL	8018	0.796689219	4,6,10,16	whatnot free ago to-do
POOL	8019	0.796683928	3,5,7,10,11,13,16	what aar u go ee inc do's
POOL	8020	0.796683165	3,5,7,10,12,15,16	what aar u gogh ing dude yue
POOL	8021	0.796648768	4,8,12,16	wah ryu owing to-do
POOL	8022	0.796648303	3,5,7,10,11,13,16	what aar u go eh too wid
POOL	8023	0.796623728	3,5,7,10,12,15,16	what aar u goh ing dude foo
POOL	8024	0.796616283	3,5,7,10,11,13,16	what aar u go ee too ought
POOL	8025	0.796605231	4,8,11,16	wah ryu only to-do
POOL	8026	0.796554883	4,6,11,16	whatnot free goa to-do
POOL	8027	0.796531071	3,5,7,10,11,13,16	what aar u go eh too woot
POOL	8028	0.796519674	3,5,7,10,12,15,16	what aar u goh ing dude coo
POOL	8029	0.796512541	3,5,7,10,12,15,16	what aar u goh ing dude loo
POOL	8030	0.796490788	3,5,7,10,12,15,16	what aar u gogh ing dude noo
POOL	8031	0.796488362	4,8,12,16	watt ryu o-ring to-do
POOL	8032	0.796481651	3,5,7,10,12,15,16	what aar u goh ing dude pooh
POOL	8033	0.796458818	3,5,7,10,12,15,16	what aar u gogh ing dude xue
POOL	8034	0.796434724	3,5,7,10,12,15,16	what aar u goh ing dude lew
POOL	8035	0.796414478	4,6,10,16	whatsapp lee ago to-do
POOL	8036	0.796411189	3,5,7,10,12,15,16	what aar u goh ing dude u
POOL	8037	0.796409617	3,5,7,10,12,15,16	what aar u go ing dude eh
POOL	8038	0.796399691	3,5,7,10,12,15,16	what aar u gogh ing dude phu
POOL	8039	0.796372300	4,6,10,16	whatnot real ago to-do
POOL	8040	0.796348254	3,5,7,10,11,13,16	what aar u go eh too ot
POOL	8041	0.796341413	3,5,7,10,12,15,16	what aar u goh ing dude tue
POOL	8042	0.796338900	3,5,7,10,12,15,16	what aar u goh ing dude whew
POOL	8043	0.796315545	3,5,7,10,12,15,16	what aar u gogh ing dude cou
POOL	8044	0.796313341	3,5,7,10,12,15,16	what aar u go ing dude er
POOL	8045	0.796303759	4,8,12,16	wet ryu o-ring to-do
POOL	8046	0.796280143	4,6,11,16	whatsapp lee goa to-do
POOL	8047	0.796237965	4,6,11,16	whatnot real goa to-do
POOL	8048	0.796215843	3,5,7,10,12,15,16	what aar u goh ing dude shu
POOL	8049	0.796201514	4,8,12,16	whatsapp league o-ring to-do
POOL	8050	0.796196092	3,5,7,10,11,13,16	what aar u go eh too qu
POOL	8051	0.796147859	4,8,10,16	whatnot ryu go to-do
POOL	8052	0.796133351	3,5,7,10,11,13,16	what aar u go eh too who'd
POOL	8053	0.796124658	3,5,7,10,12,15,16	what aar u goh ing dude moo
POOL	8054	0.796123387	3,5,7,10,12,15,16	what aar u goh ing dude oof
POOL	8055	0.796061617	3,5,7,10,12,15,16	what aar u gogh ing dude su
POOL	8056	0.796057259	3,5,7,10,12,15,16	what aar u gogh ing dude yu
POOL	8057	0.796042015	3,5,7,10,12,15,16	what aar u goh ing dude vous
POOL	8058	0.796041034	3,5,7,10,12,15,16	what aar u goh ing dude zhu
POOL	8059	0.796005842	3,5,7,10,12,15,16	what aar u goh ing dude hou
POOL	8060	0.795995244	3,5,7,10,12,15,16	what aar u goh ing dude roo
POOL	8061	0.795981574	2,4,10,12,16	waa top lugo in pooh-pooh
POOL	8062	0.795959952	4,8,12,16	wha ryu owing to-do
POOL	8063	0.795928136	3,5,7,10,12,15,16	what aar u gogh ing dude fu
POOL	8064	0.795916415	4,8,11,16	wha ryu only to-do
POOL	8065	0.795854048	3,5,7,10,12,15,16	what aar u goh ing dude gnu
POOL	8066	0.795809215	3,5,7,10,12,15,16	what aar u goh ing dude yew
POOL	8067	0.795795663	3,5,7,10,12,16	what aar u gogh ing to-do
POOL	8068	0.795795563	3,5,7,10,11,16	what aar u go a to-dos
POOL	8069	0.795793713	3,5,7,10,12,15,16	what aar u goh ing dude du
POOL	8070	0.795771699	3,5,7,10,12,15,16	what aar u goh ing dude oop
POOL	8071	0.795767996	3,5,7,10,12,15,16	what aar u goh ing dude roux
POOL	8072	0.795724230	4,8,10,16	whatsapp ryu owe to-do
POOL	8073	0.795704257	4,6,12,16	whatnot year growing to-do
POOL	8074	0.795685710	4,6,11,16	whatnot re- goalie to-do
POOL	8075	0.795673739	3,5,7,10,12,15,16	what aar u goh ing dude hsu
POOL	8076	0.795671859	3,5,7,10,12,15,16	what aar u goh ing dude koo
POOL	8077	0.795647917	3,5,7,10,12,15,16	what aar u gogh ing dude wu
POOL	8078	0.795617623	4,6,11,16	whatnot re- lugo to-do
POOL	8079	0.795599215	3,5,7,10,12,15,16	what aar u go ing dude oy
POOL	8080	0.795599190	3,5,7,10,11,13,16	what aar u go a too do
POOL	8081	0.795583932	3,5,7,10,12,15,16	what aar u goh ing dude deux
POOL	8082	0.795561700	4,8,12,16	whatnot league showing to-do
POOL	8083	0.795521775	4,8,9,11,16	what're league ou is to-do
POOL	8084	0.795512119	3,5,7,10,12,15,16	what aar u gogh ing toot who
POOL	8085	0.795511167	4,6,10,16	whatsapp lee go-go to-do
POOL	8086	0.795462419	3,5,7,10,12,15,16	what aar u gogh ing dude tu
POOL	8087	0.795444171	3,5,7,10,12,15,16	what aar u gogh ing toot two
POOL	8088	0.795434719	4,8,12,16	rut ryu owing to-do
POOL	8089	0.795427576	3,5,7,10,12,15,16	what aar u go ing dude no
POOL	8090	0.795427576	3,5,7,10,12,15,16	what aar u go ing dude so
POOL	8091	0.795391182	4,8,11,16	rut ryu only to-do
POOL	8092	0.795370393	3,5,7,10,12,15,16	what aar u goh ing dude shoo
POOL	8093	0.795349285	3,5,7,10,11,13,16	what aar u go ee inc ought
POOL	8094	0.795345081	3,5,7,10,12,15,16	what aar u goh ing dude sou
POOL	8095	0.795329072	4,6,12,16	whatnot free growing to-do
POOL	8096	0.795328573	4,8,12,16	wot ryu showing to-do
POOL	8097	0.795307078	3,5,7,10,12,15,16	what aar u gogh ing dude ut
POOL	8098	0.795284173	3,5,7,10,11,16	what aar u go eh doo-doo
POOL	8099	0.795267748	2,4,7,12,16	one dumb leigh growing to-do
POOL	8100	0.795260046	3,5,7,10,12,15,16	what aar u goh ing dude ooze
POOL	8101	0.795243410	3,5,7,10,12,15,16	what aar u goh ing dude ewe
POOL	8102	0.795238930	4,8,12,16	wut ryu owning to-do
POOL	8103	0.795226435	3,5,7,10,12,15,16	what aar u goh ing dude whoo
POOL	8104	0.795205603	3,5,7,10,12,15,16	what aar u gogh ing dude mu
POOL	8105	0.795202255	3,5,7,10,12,15,16	what aar u goh ing dude yue
POOL	8106	0.795201768	4,8,12,16	whatnot rig owing to-do
POOL	8107	0.795158231	4,8,11,16	whatnot rig only to-do
POOL	8108	0.795064834	3,5,7,10,12,15,16	what aar u go ing dude you'll
POOL	8109	0.795054332	4,6,12,16	whatsapp lee growing to-do
POOL	8110	0.795054091	4,8,12,16	wut ryu boeing to-do
POOL	8111	0.795025227	3,5,7,10,12,15,16	what aar u gogh ing dude lu
POOL	8112	0.795012154	4,6,12,16	whatnot real growing to-do
POOL	8113	0.795009877	3,5,7,10,12,15,16	what aar u goh ing dude noo
POOL	8114	0.794986495	3,5,7,10,12,15,16	what aar u gogh ing toot shoe
POOL	8115	0.794977908	3,5,7,10,12,15,16	what aar u goh ing dude xue
POOL	8116	0.794921579	3,5,7,10,12,15,16	what aar u go ing dude ur
POOL	8117	0.794918780	3,5,7,10,12,15,16	what aar u goh ing dude phu
POOL	8118	0.794911652	3,5,7,10,12,15,16	what aar u gogh ing toot sue
POOL	8119	0.794858354	3,5,7,10,12,14,16	what aar u go ing tue due
POOL	8120	0.794834635	3,5,7,10,12,15,16	what aar u goh ing dude cou
POOL	8121	0.794808367	3,5,7,10,12,15,16	what aar u gogh ing dude hu
POOL	8122	0.794751877	4,6,11,16	whatsapp re- goatee to-do
POOL	8123	0.794736562	3,5,7,10,12,15,16	what aar u go ing dude sh
POOL	8124	0.794717564	1,2,6,12,16	do um car growing to-do
POOL	8125	0.794696931	3,5,7,10,12,15,16	what aar u gogh ing dude nu
POOL	8126	0.794695524	4,8,10,16	whatnot ryu own to-do
POOL	8127	0.794627767	3,5,7,10,12,15,16	what aar u gogh ing dude ku
POOL	8128	0.794624990	3,5,7,10,12,15,16	what aar u gogh ing toot zoo
POOL	8129	0.794613924	3,5,7,10,12,15,16	what aar u gogh ing toot aw
POOL	8130	0.794600436	4,8,12,16	whatnot league knowing to-do
POOL	8131	0.794580706	3,5,7,10,12,15,16	what aar u goh ing dude su
POOL	8132	0.794576348	3,5,7,10,12,15,16	what aar u goh ing dude yu
POOL	8133	0.794551477	4,8,12,16	whatsapp liu showing to-do
POOL	8134	0.794511126	3,5,7,10,12,15,16	what aar u gogh ing dude ru
POOL	8135	0.794504148	3,5,7,10,12,15,16	what aar u go ing dude you've
POOL	8136	0.794447225	3,5,7,10,12,15,16	what aar u goh ing dude fu
POOL	8137	0.794443765	4,8,12,16	wut ryu sewing to-do
POOL	8138	0.794435280	4,6,12,16	whatsapp re- glowing to-do
POOL	8139	0.794371144	3,5,7,10,11,16	what aar u go eh tutu
POOL	8140	0.794367309	4,8,12,16	wot ryu knowing to-do
POOL	8141	0.794362861	3,5,7,10,12,15,16	what aar u go ing dude ought
POOL	8142	0.794355921	4,8,12,16	wa ryu owing to-do
POOL	8143	0.794316668	4,6,12,16	whatsapp re- owing to-do
POOL	8144	0.794312383	4,8,11,16	wa ryu only to-do
POOL	8145	0.794307942	3,5,7,10,12,15,16	what aar u gogh ing dude pu
POOL	8146	0.794202864	3,5,7,10,12,15,16	what aar u gogh ing toot coup
POOL	8147	0.794201616	4,6,10,16	whatnot lee no-go to-do
POOL	8148	0.794198671	4,6,11,16	whatsapp year goalie to-do
POOL	8149	0.794191062	4,8,10,16	whatnot ryu show to-do
POOL	8150	0.794189837	4,8,12,16	whatsapp log owing to-do
POOL	8151	0.794181394	3,5,7,10,12,15,16	what aar u gogh ing dude gu
POOL	8152	0.794167006	3,5,7,10,12,15,16	what aar u goh ing dude wu
POOL	8153	0.794130584	4,6,11,16	whatsapp year lugo to-do
POOL	8154	0.794129500	3,5,7,10,12,15,16	what aar u go ing dude whose
POOL	8155	0.794088862	3,5,7,10,12,15,16	what aar u go ing dude q
POOL	8156	0.794067934	3,5,7,10,12,16	what aar u goh ing to-do
POOL	8157	0.794031208	3,5,7,10,12,15,16	what aar u goh ing toot who
POOL	8158	0.794015610	3,5,7,10,12,15,16	what aar u gogh ing toot lou
POOL	8159	0.793981508	3,5,7,10,12,15,16	what aar u goh ing dude tu
POOL	8160	0.793963260	3,5,7,10,12,15,16	what aar u goh ing toot two
POOL	8161	0.793963039	3,5,7,10,12,15,16	what aar u gogh ing toot boo
POOL	8162	0.793950904	3,5,7,10,12,15,16	what aar u go ing dude one
POOL	8163	0.793950904	3,5,7,10,12,15,16	what aar u go ing dude was
POOL	8164	0.793950904	3,5,7,10,12,15,16	what aar u go ing dude when
POOL	8165	0.793950904	3,5,7,10,12,15,16	what aar u go ing dude will
POOL	8166	0.793950904	3,5,7,10,12,15,16	what aar u go ing dude with
POOL	8167	0.793950904	3,5,7,10,12,15,16	what aar u go ing dude would
POOL	8168	0.793926578	3,5,7,10,12,15,16	what aar u gogh ing dude xu
POOL	8169	0.793862623	3,5,7,10,11,13,16	what aar u go eh too do's
POOL	8170	0.793855785	4,6,10,16	whatnot lee ago to-do
POOL	8171	0.793826167	3,5,7,10,12,15,16	what aar u goh ing dude ut
POOL	8172	0.793823487	4,6,11,16	whatsapp free goalie to-do
POOL	8173	0.793794985	3,5,7,10,12,15,16	what aar u gogh ing dude vu
POOL	8174	0.793792069	3,5,7,10,12,15,16	what aar u gogh ing toot woo
POOL	8175	0.793771806	3,5,7,10,12,15,16	what aar u gogh ing dude qu
POOL	8176	0.793755400	4,6,11,16	whatsapp free lugo to-do
POOL	8177	0.793724692	3,5,7,10,12,15,16	what aar u goh ing dude mu
POOL	8178	0.793721449	4,6,11,16	whatnot lee goa to-do
POOL	8179	0.793642820	4,8,12,16	whatnot league o-ring to-do
POOL	8180	0.793634374	3,5,7,10,11,13,16	what aar u go a too who'd
POOL	8181	0.793590213	4,8,12,16	whatsapp liu knowing to-do
POOL	8182	0.793544316	3,5,7,10,12,15,16	what aar u goh ing dude lu
POOL	8183	0.793539227	3,5,7,10,12,15,16	what aar u gogh ing toot soo
POOL	8184	0.793506569	4,6,11,16	whatsapp real goalie to-do
POOL	8185	0.793505585	3,5,7,10,12,15,16	what aar u goh ing toot shoe
POOL	8186	0.793438482	4,6,11,16	whatsapp real lugo to-do
POOL	8187	0.793430742	3,5,7,10,12,15,16	what aar u goh ing toot sue
POOL	8188	0.793421381	4,6,10,16	whatsapp we ago to-do
POOL	8189	0.793410535	4,8,12,16	wut ryu owing too-too
POOL	8190	0.793409693	4,8,12,16	wot ryu o-ring to-do
POOL	8191	0.793366998	4,8,11,16	wut ryu only too-too
POOL	8192	0.793327456	3,5,7,10,12,15,16	what aar u goh ing dude hu
POOL	8193	0.793325923	3,5,7,10,11,16	what aar u go eh to-dos
POOL	8194	0.793295354	3,5,7,10,12,15,16	what aar u go ing dude where
POOL	8195	0.793287045	4,6,11,16	whatsapp we goa to-do
POOL	8196	0.793216021	3,5,7,10,12,15,16	what aar u goh ing dude nu
POOL	8197	0.793165536	4,8,10,16	whatnot ryu owe to-do
POOL	8198	0.793146857	3,5,7,10,12,15,16	what aar u goh ing dude ku
POOL	8199	0.793144080	3,5,7,10,12,15,16	what aar u goh ing toot zoo
POOL	8200	0.793133013	3,5,7,10,12,15,16	what aar u goh ing toot aw
POOL	8201	0.793079734	3,5,7,10,12,15,16	what aar u gogh ing toot doo
POOL	8202	0.793030215	3,5,7,10,12,15,16	what aar u goh ing dude ru
POOL	8203	0.792995342	4,8,10,16	whatsapp ryu low to-do
POOL	8204	0.792984906	4,8,12,16	wut ryu rowing to-do
POOL	8205	0.792959513	3,5,7,10,12,15,16	what aar u go ing dude who's
POOL	8206	0.792958528	3,5,7,10,12,15,16	what aar u go ing dude whom
POOL	8207	0.792952474	4,6,10,16	whatnot lee go-go to-do
POOL	8208	0.792943327	4,8,10,16	whatsapp ryu ohh to-do
POOL	8209	0.792897149	3,5,7,10,12,15,16	what aar u gogh ing toot rue
POOL	8210	0.792841007	3,5,7,10,12,15,16	what aar u gogh ing toot poo
POOL	8211	0.792827031	3,5,7,10,12,15,16	what aar u goh ing dude pu
POOL	8212	0.792811469	3,5,7,10,11,13,16	what aar u go ee too to
POOL	8213	0.792796695	3,5,7,10,12,15,16	what aar u gogh ing toot dew
POOL	8214	0.792757044	3,5,7,10,12,15,16	what aar u go ing dude though
POOL	8215	0.792721953	3,5,7,10,12,15,16	what aar u goh ing toot coup
POOL	8216	0.792700484	3,5,7,10,12,15,16	what aar u goh ing dude gu
POOL	8217	0.792662535	3,5,7,10,12,15,16	what aar u gogh ing toot yoo
POOL	8218	0.792660674	4,8,12,16	whatsapp rig showing to-do
POOL	8219	0.792656429	4,8,12,16	wut ryu towing to-do
POOL	8220	0.792632597	4,8,12,16	whatsapp liu o-ring to-do
POOL	8221	0.792598877	3,5,7,10,12,15,16	what aar u gogh ing toot lieu
POOL	8222	0.792582384	4,6,11,16	whatsapp see goa to-do
POOL	8223	0.792563763	3,5,7,10,12,15,16	what aar u gogh ing toot sioux
POOL	8224	0.792534700	3,5,7,10,12,15,16	what aar u goh ing toot lou
POOL	8225	0.792527980	3,5,7,10,11,13,16	what aar u go eh too ought
POOL	8226	0.792520543	4,6,10,16	whatsapp ree no-go to-do
POOL	8227	0.792498449	3,5,7,10,12,14,16	what aar u go ing tu due
POOL	8228	0.792495639	4,6,12,16	whatnot lee growing to-do
POOL	8229	0.792493966	3,5,7,10,12,15,16	what aar u gogh ing toot goo
POOL	8230	0.792484096	4,8,12,16	whatsapp rue owing to-do
POOL	8231	0.792482129	3,5,7,10,12,15,16	what aar u goh ing toot boo
POOL	8232	0.792445667	3,5,7,10,12,15,16	what aar u goh ing dude xu
POOL	8233	0.792440558	4,8,11,16	whatsapp rue only to-do
POOL	8234	0.792414871	3,5,7,10,12,15,16	what aar u gogh ing toot hoo
POOL	8235	0.792401822	3,5,7,10,12,15,16	what aar u gogh ing toot zhou
POOL	8236	0.792314808	3,5,7,10,12,15,16	what aar u gogh ing toot foo
POOL	8237	0.792314074	3,5,7,10,12,15,16	what aar u goh ing dude vu
POOL	8238	0.792311158	3,5,7,10,12,15,16	what aar u goh ing toot woo
POOL	8239	0.792302918	3,5,7,10,12,14,16	what aar u go ing two too
POOL	8240	0.792302918	3,5,7,10,12,14,16	what aar u go ing too two
POOL	8241	0.792290895	3,5,7,10,12,15,16	what aar u goh ing dude qu
POOL	8242	0.792253253	4,6,10,16	whatsapp rare ago to-do
POOL	8243	0.792210754	3,5,7,10,12,15,16	what aar u gogh ing toot coo
POOL	8244	0.792203620	3,5,7,10,12,15,16	what aar u gogh ing toot loo
POOL	8245	0.792197353	4,8,10,16	whatsapp ryu aux to-do
POOL	8246	0.792193184	4,6,11,16	whatnot re- goatee to-do
POOL	8247	0.792174712	4,6,10,16	whatsapp ree ago to-do
POOL	8248	0.792172731	3,5,7,10,12,15,16	what aar u gogh ing toot pooh
POOL	8249	0.792125803	3,5,7,10,12,15,16	what aar u gogh ing toot lew
POOL	8250	0.792118917	4,6,11,16	whatsapp rare goa to-do
POOL	8251	0.792102268	3,5,7,10,12,15,16	what aar u gogh ing toot u
POOL	8252	0.792073521	4,8,12,16	whatsapp yoo owing to-do
POOL	8253	0.792061235	4,6,12,16	whatsapp we growing to-do
POOL	8254	0.792058317	3,5,7,10,12,15,16	what aar u goh ing toot soo
POOL	8255	0.792040377	4,6,11,16	whatsapp ree goa to-do
POOL	8256	0.792032492	3,5,7,10,12,15,16	what aar u gogh ing toot tue
POOL	8257	0.792029983	4,8,11,16	whatsapp yoo only to-do
POOL	8258	0.792029979	3,5,7,10,12,15,16	what aar u gogh ing toot whew
POOL	8259	0.792015950	4,6,10,16	whatsapp pre ago to-do
POOL	8260	0.791992784	4,8,12,16	whatnot liu showing to-do
POOL	8261	0.791906922	3,5,7,10,12,15,16	what aar u gogh ing toot shu
POOL	8262	0.791881614	4,6,11,16	whatsapp pre goa to-do
POOL	8263	0.791876586	4,6,12,16	whatnot re- glowing to-do
POOL	8264	0.791815737	3,5,7,10,12,15,16	what aar u gogh ing toot moo
POOL	8265	0.791814467	3,5,7,10,12,15,16	what aar u gogh ing toot oof
POOL	8266	0.791757975	4,6,12,16	whatnot re- owing to-do
POOL	8267	0.791733094	3,5,7,10,12,15,16	what aar u gogh ing toot vous
POOL	8268	0.791732114	3,5,7,10,12,15,16	what aar u gogh ing toot zhu
POOL	8269	0.791699409	4,8,12,16	whatsapp rig knowing to-do
POOL	8270	0.791696921	3,5,7,10,12,15,16	what aar u gogh ing toot hou
POOL	8271	0.791686324	3,5,7,10,12,15,16	what aar u gogh ing toot roo
POOL	8272	0.791639978	4,6,11,16	whatnot year goalie to-do
POOL	8273	0.791631143	4,8,12,16	whatnot log owing to-do
POOL	8274	0.791598823	3,5,7,10,12,15,16	what aar u goh ing toot doo
POOL	8275	0.791571891	4,6,11,16	whatnot year lugo to-do
POOL	8276	0.791545127	3,5,7,10,12,15,16	what aar u gogh ing toot gnu
POOL	8277	0.791544471	3,5,7,10,11,13,16	what aar u go ee inc to
POOL	8278	0.791500294	3,5,7,10,12,15,16	what aar u gogh ing toot yew
POOL	8279	0.791497058	4,8,10,16	whatsapp ryu o to-do
POOL	8280	0.791484793	3,5,7,10,12,15,16	what aar u gogh ing toot du
POOL	8281	0.791462779	3,5,7,10,12,15,16	what aar u gogh ing toot oop
POOL	8282	0.791459075	3,5,7,10,12,15,16	what aar u gogh ing toot roux
POOL	8283	0.791416239	3,5,7,10,12,15,16	what aar u goh ing toot rue
POOL	8284	0.791364819	3,5,7,10,12,15,16	what aar u gogh ing toot hsu
POOL	8285	0.791363647	3,5,7,10,11,13,16	what aar u go a too do's
POOL	8286	0.791362939	3,5,7,10,12,15,16	what aar u gogh ing toot koo
POOL	8287	0.791360096	3,5,7,10,12,15,16	what aar u goh ing toot poo
POOL	8288	0.791356573	4,6,12,16	whatsapp see growing to-do
POOL	8289	0.791343706	4,8,10,12,16	what're lew oe in to-do
POOL	8290	0.791315785	3,5,7,10,12,15,16	what aar u goh ing toot dew
POOL	8291	0.791275012	3,5,7,10,12,15,16	what aar u gogh ing toot deux
POOL	8292	0.791272333	3,5,7,10,12,15,16	what aar u go ing dude you
POOL	8293	0.791271401	4,6,10,16	whatsapp ree go-go to-do
POOL	8294	0.791264793	4,6,11,16	whatnot free goalie to-do
POOL	8295	0.791242040	3,5,7,10,12,14,16	what aar u go ing too new
POOL	8296	0.791196706	4,6,11,16	whatnot free lugo to-do
POOL	8297	0.791181625	3,5,7,10,12,15,16	what aar u goh ing toot yoo
POOL	8298	0.791117967	3,5,7,10,12,15,16	what aar u goh ing toot lieu
POOL	8299	0.791082853	3,5,7,10,12,15,16	what aar u goh ing toot sioux
POOL	8300	0.791061473	3,5,7,10,12,15,16	what aar u gogh ing toot shoo
POOL	8301	0.791049516	4,8,11,16	whatsapp u only to-do
POOL	8302	0.791036161	3,5,7,10,12,15,16	what aar u gogh ing toot sou
POOL	8303	0.791026534	3,5,7,10,12,14,16	what aar u go ing too dude
POOL	8304	0.791013056	3,5,7,10,12,15,16	what aar u goh ing toot goo
POOL	8305	0.791009189	3,5,7,10,12,14,16	what aar u go ing two doo
POOL	8306	0.790990053	4,6,11,16	whatsapp lee goalie to-do
POOL	8307	0.790951126	3,5,7,10,12,15,16	what aar u gogh ing toot ooze
POOL	8308	0.790947875	4,6,11,16	whatnot real goalie to-do
POOL	8309	0.790934490	3,5,7,10,12,15,16	what aar u gogh ing toot ewe
POOL	8310	0.790933961	3,5,7,10,12,15,16	what aar u goh ing toot hoo
POOL	8311	0.790921966	4,6,11,16	whatsapp lee lugo to-do
POOL	8312	0.790920911	3,5,7,10,12,15,16	what aar u goh ing toot zhou
POOL	8313	0.790917515	3,5,7,10,12,15,16	what aar u gogh ing toot whoo
POOL	8314	0.790893334	3,5,7,10,12,15,16	what aar u gogh ing toot yue
POOL	8315	0.790893107	4,6,12,16	whatsapp rare growing to-do
POOL	8316	0.790879788	4,6,11,16	whatnot real lugo to-do
POOL	8317	0.790862688	4,6,10,16	whatnot we ago to-do
POOL	8318	0.790833897	3,5,7,10,12,15,16	what aar u goh ing toot foo
POOL	8319	0.790814566	4,6,12,16	whatsapp ree growing to-do
POOL	8320	0.790752964	3,5,7,10,11,16	what aar u go ee voodoo
POOL	8321	0.790729843	3,5,7,10,12,15,16	what aar u goh ing toot coo
POOL	8322	0.790728352	4,6,11,16	whatnot we goa to-do
POOL	8323	0.790726151	3,5,7,10,12,14,16	what aar u go ing two dew
POOL	8324	0.790722710	3,5,7,10,12,15,16	what aar u goh ing toot loo
POOL	8325	0.790706144	4,6,11,16	whatsapp year goatee to-do
POOL	8326	0.790705323	3,5,7,10,12,14,16	what aar u go ing too boo
POOL	8327	0.790700957	3,5,7,10,12,15,16	what aar u gogh ing toot noo
POOL	8328	0.790691820	3,5,7,10,12,15,16	what aar u goh ing toot pooh
POOL	8329	0.790668987	3,5,7,10,12,15,16	what aar u gogh ing toot xue
POOL	8330	0.790655804	4,6,12,16	whatsapp pre growing to-do
POOL	8331	0.790644893	3,5,7,10,12,15,16	what aar u goh ing toot lew
POOL	8332	0.790621358	3,5,7,10,12,15,16	what aar u goh ing toot u
POOL	8333	0.790609860	3,5,7,10,12,15,16	what aar u gogh ing toot phu
POOL	8334	0.790558047	3,5,7,10,12,15,16	what aar u go ing dude do
POOL	8335	0.790558047	3,5,7,10,12,15,16	what aar u go ing dude to
POOL	8336	0.790551581	3,5,7,10,12,15,16	what aar u goh ing toot tue
POOL	8337	0.790549069	3,5,7,10,12,15,16	what aar u goh ing toot whew
POOL	8338	0.790525714	3,5,7,10,12,15,16	what aar u gogh ing toot cou
POOL	8339	0.790436649	4,8,10,16	whatnot ryu low to-do
POOL	8340	0.790426012	3,5,7,10,12,15,16	what aar u goh ing toot shu
POOL	8341	0.790389547	4,6,12,16	whatsapp year glowing to-do
POOL	8342	0.790384634	4,8,10,16	whatnot ryu ohh to-do
POOL	8343	0.790334827	3,5,7,10,12,15,16	what aar u goh ing toot moo
POOL	8344	0.790333556	3,5,7,10,12,15,16	what aar u goh ing toot oof
POOL	8345	0.790330960	4,6,11,16	whatsapp free goatee to-do
POOL	8346	0.790271786	3,5,7,10,12,15,16	what aar u gogh ing toot su
POOL	8347	0.790270936	4,6,12,16	whatsapp year owing to-do
POOL	8348	0.790267427	3,5,7,10,12,15,16	what aar u gogh ing toot yu
POOL	8349	0.790252184	3,5,7,10,12,15,16	what aar u goh ing toot vous
POOL	8350	0.790251203	3,5,7,10,12,15,16	what aar u goh ing toot zhu
POOL	8351	0.790233291	4,6,12,16	whatsapp re- goin' to-do
POOL	8352	0.790216011	3,5,7,10,12,15,16	what aar u goh ing toot hou
POOL	8353	0.790205413	3,5,7,10,12,15,16	what aar u goh ing toot roo
POOL	8354	0.790138305	3,5,7,10,12,15,16	what aar u gogh ing toot fu
POOL	8355	0.790127685	4,7,10,15,16	what're new o into new
POOL	8356	0.790064216	3,5,7,10,12,15,16	what aar u goh ing toot gnu
POOL	8357	0.790029004	3,5,7,10,11,13,16	what aar u go a too ought
POOL	8358	0.790023690	4,6,11,16	whatnot see goa to-do
POOL	8359	0.790019384	3,5,7,10,12,15,16	what aar u goh ing toot yew
POOL	8360	0.790014363	4,6,12,16	whatsapp free glowing to-do
POOL	8361	0.790014042	4,6,11,16	whatsapp real goatee to-do
POOL	8362	0.790003882	3,5,7,10,12,15,16	what aar u goh ing toot du
POOL	8363	0.789981868	3,5,7,10,12,15,16	what aar u goh ing toot oop
POOL	8364	0.789978165	3,5,7,10,12,15,16	what aar u goh ing toot roux
POOL	8365	0.789961850	4,6,10,16	whatnot ree no-go to-do
POOL	8366	0.789895752	4,6,12,16	whatsapp free owing to-do
POOL	8367	0.789883908	3,5,7,10,12,15,16	what aar u goh ing toot hsu
POOL	8368	0.789882028	3,5,7,10,12,15,16	what aar u goh ing toot koo
POOL	8369	0.789881865	4,8,11,16	whatnot rue only to-do
POOL	8370	0.789858086	3,5,7,10,12,15,16	what aar u gogh ing toot wu
POOL	8371	0.789794101	3,5,7,10,12,15,16	what aar u goh ing toot deux
POOL	8372	0.789780448	4,6,11,16	whatsapp re- goa too-too
POOL	8373	0.789769433	4,6,8,12,16	wut rule new owing pooh-pooh
POOL	8374	0.789738028	4,8,11,16	whatsapp ryu oh too-too
POOL	8375	0.789709447	4,8,11,16	watt ryu only too-too
POOL	8376	0.789697445	4,6,12,16	whatsapp real glowing to-do
POOL	8377	0.789694559	4,6,10,16	whatnot rare ago to-do
POOL	8378	0.789672587	3,5,7,10,12,15,16	what aar u gogh ing toot tu
POOL	8379	0.789638659	4,8,10,16	whatnot ryu aux to-do
POOL	8380	0.789616019	4,6,10,16	whatnot ree ago to-do
POOL	8381	0.789580562	3,5,7,10,12,15,16	what aar u goh ing toot shoo
POOL	8382	0.789578833	4,6,12,16	whatsapp real owing to-do
POOL	8383	0.789565191	3,5,7,10,11,16	what aar u go a voodoo
POOL	8384	0.789560224	4,6,11,16	whatnot rare goa to-do
POOL	8385	0.789555250	3,5,7,10,12,15,16	what aar u goh ing toot sou
POOL	8386	0.789542211	3,5,7,10,12,14,16	what aar u go ing too drew
POOL	8387	0.789517247	3,5,7,10,12,15,16	what aar u gogh ing toot ut
POOL	8388	0.789503552	3,5,7,10,12,14,16	what aar u go ing too duke
POOL	8389	0.789502541	4,6,12,16	whatnot we growing to-do
POOL	8390	0.789481683	4,6,11,16	whatnot ree goa to-do
POOL	8391	0.789471290	4,8,11,16	whatnot yoo only to-do
POOL	8392	0.789470215	3,5,7,10,12,15,16	what aar u goh ing toot ooze
POOL	8393	0.789457256	4,6,10,16	whatnot pre ago to-do
POOL	8394	0.789453579	3,5,7,10,12,15,16	what aar u goh ing toot ewe
POOL	8395	0.789436604	3,5,7,10,12,15,16	what aar u goh ing toot whoo
POOL	8396	0.789415772	3,5,7,10,12,15,16	what aar u gogh ing toot mu
POOL	8397	0.789414248	3,5,7,10,12,14,16	what aar u go ing two du
POOL	8398	0.789412424	3,5,7,10,12,15,16	what aar u goh ing toot yue
POOL	8399	0.789322921	4,6,11,16	whatnot pre goa to-do
POOL	8400	0.789235395	3,5,7,10,12,15,16	what aar u gogh ing toot lu
POOL	8401	0.789220046	3,5,7,10,12,15,16	what aar u goh ing toot noo
POOL	8402	0.789204467	3,5,7,10,12,14,16	what aar u go ing two deux
POOL	8403	0.789188077	3,5,7,10,12,15,16	what aar u goh ing toot xue
POOL	8404	0.789128949	3,5,7,10,12,15,16	what aar u goh ing toot phu
POOL	8405	0.789044804	3,5,7,10,12,15,16	what aar u goh ing toot cou
POOL	8406	0.789018535	3,5,7,10,12,15,16	what aar u gogh ing toot hu
POOL	8407	0.788938364	4,8,10,16	whatnot ryu o to-do
POOL	8408	0.788937522	3,5,7,10,12,14,16	what aar u go ing too daw
POOL	8409	0.788907100	3,5,7,10,12,15,16	what aar u gogh ing toot nu
POOL	8410	0.788891239	3,5,7,10,12,14,16	what aar u go ing too tue
POOL	8411	0.788891239	3,5,7,10,12,14,16	what aar u go ing tue too
POOL	8412	0.788837936	3,5,7,10,12,15,16	what aar u gogh ing toot ku
POOL	8413	0.788797880	4,6,12,16	whatnot see growing to-do
POOL	8414	0.788793783	3,5,7,10,12,15,16	what aar u go ing dude who've
POOL	8415	0.788792462	3,5,7,10,12,14,16	what aar u go ing too d'oh
POOL	8416	0.788790875	3,5,7,10,12,15,16	what aar u goh ing toot su
POOL	8417	0.788786517	3,5,7,10,12,15,16	what aar u goh ing toot yu
POOL	8418	0.788723166	3,5,7,10,11,13,16	what aar u go eh too to
POOL	8419	0.788721295	3,5,7,10,12,15,16	what aar u gogh ing toot ru
POOL	8420	0.788712708	4,6,10,16	whatnot ree go-go to-do
POOL	8421	0.788657394	3,5,7,10,12,15,16	what aar u goh ing toot fu
POOL	8422	0.788554638	4,6,12,16	whatsapp re- growing too-too
POOL	8423	0.788518110	3,5,7,10,12,15,16	what aar u gogh ing toot pu
POOL	8424	0.788431360	4,6,11,16	whatnot lee goalie to-do
POOL	8425	0.788391563	3,5,7,10,12,15,16	what aar u gogh ing toot gu
POOL	8426	0.788377175	3,5,7,10,12,15,16	what aar u goh ing toot wu
POOL	8427	0.788363273	4,6,11,16	whatnot lee lugo to-do
POOL	8428	0.788334413	4,6,12,16	whatnot rare growing to-do
POOL	8429	0.788255873	4,6,12,16	whatnot ree growing to-do
POOL	8430	0.788191677	3,5,7,10,12,15,16	what aar u goh ing toot tu
POOL	8431	0.788147451	4,6,11,16	whatnot year goatee to-do
POOL	8432	0.788136746	3,5,7,10,12,15,16	what aar u gogh ing toot xu
POOL	8433	0.788097110	4,6,12,16	whatnot pre growing to-do
POOL	8434	0.788036336	3,5,7,10,12,15,16	what aar u goh ing toot ut
POOL	8435	0.788009951	4,8,13,16	watt ryu owning to-do
POOL	8436	0.788005154	3,5,7,10,12,15,16	what aar u gogh ing toot vu
POOL	8437	0.787996956	4,6,11,16	whatsapp we goalie to-do
POOL	8438	0.787981975	3,5,7,10,12,15,16	what aar u gogh ing toot qu
POOL	8439	0.787977552	4,8,13,16	wah ryu showing to-do
POOL	8440	0.787934861	3,5,7,10,12,15,16	what aar u goh ing toot mu
POOL	8441	0.787928869	4,6,11,16	whatsapp we lugo to-do
POOL	8442	0.787830853	4,6,12,16	whatnot year glowing to-do
POOL	8443	0.787772267	4,6,11,16	whatnot free goatee to-do
POOL	8444	0.787754485	3,5,7,10,12,15,16	what aar u goh ing toot lu
POOL	8445	0.787712242	4,6,12,16	whatnot year owing to-do
POOL	8446	0.787674597	4,6,12,16	whatnot re- goin' to-do
POOL	8447	0.787605122	2,5,10,12,16	when e-car goh in to-do
POOL	8448	0.787597510	3,5,7,10,12,14,16	what aar u go ing tue doo
POOL	8449	0.787540881	3,5,7,10,12,14,16	what aar u go ing too jew
POOL	8450	0.787537625	3,5,7,10,12,15,16	what aar u goh ing toot hu
POOL	8451	0.787497527	4,6,11,16	whatsapp lee goatee to-do
POOL	8452	0.787455669	4,6,12,16	whatnot free glowing to-do
POOL	8453	0.787455349	4,6,11,16	whatnot real goatee to-do
POOL	8454	0.787426189	3,5,7,10,12,15,16	what aar u goh ing toot nu
POOL	8455	0.787387325	4,6,12,16	whatsapp re- going to-do
POOL	8456	0.787372298	3,5,7,10,12,14,16	what aar u go ing too doom
POOL	8457	0.787357025	3,5,7,10,12,15,16	what aar u goh ing toot ku
POOL	8458	0.787337058	4,6,12,16	whatnot free owing to-do
POOL	8459	0.787314472	3,5,7,10,12,14,16	what aar u go ing tue dew
POOL	8460	0.787240384	3,5,7,10,12,15,16	what aar u goh ing toot ru
POOL	8461	0.787224207	4,6,11,16	whatsapp see lugo to-do
POOL	8462	0.787221755	4,6,11,16	whatnot re- goa too-too
POOL	8463	0.787217513	3,5,7,10,12,14,16	what aar u go ing too ooh
POOL	8464	0.787180929	4,6,12,16	whatsapp lee glowing to-do
POOL	8465	0.787138751	4,6,12,16	whatnot real glowing to-do
POOL	8466	0.787095551	3,5,7,10,11,16	what aar u go eh voodoo
POOL	8467	0.787062318	4,6,12,16	whatsapp lee owing to-do
POOL	8468	0.787037200	3,5,7,10,12,15,16	what aar u goh ing toot pu
POOL	8469	0.787020140	4,6,12,16	whatnot real owing to-do
POOL	8470	0.786910652	3,5,7,10,12,15,16	what aar u goh ing toot gu
POOL	8471	0.786828828	4,6,11,16	whatsapp rare goalie to-do
POOL	8472	0.786796238	3,5,7,10,12,14,16	what aar u go ing too zoo
POOL	8473	0.786760741	4,6,11,16	whatsapp rare lugo to-do
POOL	8474	0.786750287	4,6,11,16	whatsapp ree goalie to-do
POOL	8475	0.786655836	3,5,7,10,12,15,16	what aar u goh ing toot xu
POOL	8476	0.786531335	3,5,7,10,12,14,16	what aar u go ing too tu
POOL	8477	0.786531335	3,5,7,10,12,14,16	what aar u go ing tu too
POOL	8478	0.786524243	3,5,7,10,12,15,16	what aar u goh ing toot vu
POOL	8479	0.786501064	3,5,7,10,12,15,16	what aar u goh ing toot qu
POOL	8480	0.786348023	4,6,7,11,16	wut rid lieu goalies to-do
POOL	8481	0.786224190	3,5,7,10,11,13,16	what aar u go a too to
POOL	8482	0.786187558	4,6,12,16	whatsapp year goin' to-do
POOL	8483	0.786170164	3,5,7,10,12,14,16	what aar u go ing too oooh
POOL	8484	0.786151590	3,5,7,10,12,14,16	what aar u go ing too dues
POOL	8485	0.786127492	3,5,7,10,12,14,16	what aar u go ing too douche
POOL	8486	0.786030913	3,5,7,10,12,14,16	what aar u go ing too knew
POOL	8487	0.786002569	3,5,7,10,12,14,16	what aar u go ing tue du
POOL	8488	0.785995944	4,6,12,16	whatnot re- growing too-too
POOL	8489	0.785890401	3,5,7,10,12,14,16	what aar u go ing too dune
POOL	8490	0.785812374	4,6,12,16	whatsapp free goin' to-do
POOL	8491	0.785792788	3,5,7,10,12,14,16	what aar u go ing tue deux
POOL	8492	0.785552283	3,5,7,10,12,14,16	what aar u go ing too jus
POOL	8493	0.785524789	3,5,7,10,12,14,16	what aar u go ing too joo
POOL	8494	0.785495456	4,6,12,16	whatsapp real goin' to-do
POOL	8495	0.785483327	3,5,7,10,12,14,16	what aar u go ing too d'or
POOL	8496	0.785482501	3,5,7,10,12,15,16	what aar u go ing toot you
POOL	8497	0.785237605	3,5,7,10,12,14,16	what aar u go ing tu doo
POOL	8498	0.785212675	3,5,7,10,12,16	what aar u go ing doo-doo
POOL	8499	0.785032118	3,5,7,10,12,14,16	what aar u go ing too deuce
POOL	8500	0.784954567	3,5,7,10,12,14,16	what aar u go ing tu dew
POOL	8501	0.784951142	3,5,7,10,12,14,16	what aar u go ing too true
POOL	8502	0.784828632	4,6,12,16	whatnot re- going to-do
POOL	8503	0.784768216	3,5,7,10,12,15,16	what aar u go ing toot do
POOL	8504	0.784768216	3,5,7,10,12,15,16	what aar u go ing toot to
POOL	8505	0.784644736	3,5,7,10,12,14,16	what aar u go ing too dupe
POOL	8506	0.784622236	4,6,12,16	whatnot lee glowing to-do
POOL	8507	0.784508905	4,6,12,16	whatsapp year growing too-too
POOL	8508	0.784503625	4,6,12,16	whatnot lee owing to-do
POOL	8509	0.784353457	3,5,7,10,12,14,16	what aar u go ing too doer
POOL	8510	0.784303883	3,5,7,10,12,14,16	what aar u go ing too doon
POOL	8511	0.784299646	3,5,7,10,12,16	what aar u go ing tutu
POOL	8512	0.784234793	3,5,7,10,12,14,16	what aar u go ing too dru
POOL	8513	0.784187832	4,6,12,16	whatsapp we glowing to-do
POOL	8514	0.784133721	4,6,12,16	whatsapp free growing too-too
POOL	8515	0.784069221	4,6,12,16	whatsapp we owing to-do
POOL	8516	0.783983335	2,4,8,10,12,16	a a you know in to-do
POOL	8517	0.783921824	3,5,7,10,12,14,16	what aar u go ing too coup
POOL	8518	0.783816803	4,6,12,16	whatsapp real growing too-too
POOL	8519	0.783642664	3,5,7,10,12,14,16	what aar u go ing tu du
POOL	8520	0.783634979	4,6,12,16	wok really growing to-do
POOL	8521	0.783628864	4,6,12,16	whatnot year goin' to-do
POOL	8522	0.783578327	3,5,7,10,12,14,16	what aar u go ing too dog
POOL	8523	0.783543816	2,6,10,16	waa carry duo to-do
POOL	8524	0.783501299	3,5,7,10,12,16	what aar u gogh ing too-too
POOL	8525	0.783483170	4,6,12,16	whatsapp see glowing to-do
POOL	8526	0.783461146	3,5,7,10,12,14,16	what aar u go ing too door
POOL	8527	0.783457982	3,5,7,10,12,14,16	what aar u go ing too dough
POOL	8528	0.783457662	3,5,7,10,12,14,16	what aar u go ing too ou
POOL	8529	0.783432883	3,5,7,10,12,14,16	what aar u go ing tu deux
POOL	8530	0.783403585	3,5,7,10,12,14,16	what aar u go ing too doe
POOL	8531	0.783364559	4,6,12,16	whatsapp see owing to-do
POOL	8532	0.783341592	4,6,12,16	whatsapp year going to-do
POOL	8533	0.783309826	3,5,7,10,12,14,16	what aar u go ing too blue
POOL	8534	0.783254425	3,5,7,10,12,16	what aar u go ing to-dos
POOL	8535	0.783090752	3,5,7,10,12,14,16	what aar u go ing too zhou
POOL	8536	0.783056325	3,5,7,10,11,13,16	what aar u go ee too you'd
POOL	8537	0.782937748	3,5,7,10,12,14,16	what aar u go ing two new
POOL	8538	0.782840235	3,5,7,10,12,14,16	what aar u go ing too xue
POOL	8539	0.782722242	3,5,7,10,12,14,16	what aar u go ing two dude
POOL	8540	0.782718177	3,5,7,10,12,14,16	what aar u go ing too ju
POOL	8541	0.782421043	3,5,7,10,12,14,16	what aar u go ing too zhu
POOL	8542	0.782401031	3,5,7,10,12,14,16	what aar u go ing two boo
POOL	8543	0.782132304	4,6,11,16	wut early going to-do
POOL	8544	0.782004173	3,5,7,10,12,14,16	what aar u go ing too draw
POOL	8545	0.781929714	3,5,7,10,12,14,16	what aar u go ing too coo
POOL	8546	0.781789327	3,5,7,10,11,13,16	what aar u go ee inc you'd
POOL	8547	0.781773570	3,5,7,10,12,16	what aar u goh ing too-too
POOL	8548	0.781237919	3,5,7,10,12,14,16	what aar u go ing two drew
POOL	8549	0.781199260	3,5,7,10,12,14,16	what aar u go ing two duke
POOL	8550	0.781081899	3,5,7,10,12,14,16	what aar u go ing too koo
POOL	8551	0.780658724	2,5,10,12,16	one car russo in todos
POOL	8552	0.780633230	3,5,7,10,12,14,16	what aar u go ing two daw
POOL	8553	0.780586948	3,5,7,10,12,14,16	what aar u go ing tue two
POOL	8554	0.780586948	3,5,7,10,12,14,16	what aar u go ing two tue
POOL	8555	0.780538308	3,5,7,10,12,14,16	what aar u go ing too tool
POOL	8556	0.780496802	1,2,6,12,16	were a poly growing stewed
POOL	8557	0.780488170	3,5,7,10,12,14,16	what aar u go ing two d'oh
POOL	8558	0.780413413	1,2,5,10,12,16	were dah car hugo in two's
POOL	8559	0.780307994	3,5,7,10,12,14,16	what aar u go ing too xu
POOL	8560	0.780244674	3,5,7,10,12,14,16	what aar u go ing too cou
POOL	8561	0.780208290	3,5,7,10,12,14,16	what aar u go ing too poo
POOL	8562	0.779873379	3,5,7,10,12,15,16	what aar u gogh ing dude you
POOL	8563	0.779822877	3,5,7,10,12,14,16	what aar u go ing too dawn
POOL	8564	0.779765496	3,5,7,10,12,14,16	what aar u go ing too tube
POOL	8565	0.779735584	2,4,8,10,14,16	a a you know into due
POOL	8566	0.779603009	3,5,7,10,12,14,16	what aar u go ing too do
POOL	8567	0.779571155	3,5,7,10,12,14,16	what aar u go ing too boom
POOL	8568	0.779540014	3,5,7,10,12,14,16	what aar u go ing too pooh
POOL	8569	0.779526069	3,5,7,10,12,14,16	what aar u go ing tue new
POOL	8570	0.779450978	3,5,7,10,12,14,16	what aar u go ing too tune
POOL	8571	0.779310563	3,5,7,10,12,14,16	what aar u go ing tue dude
POOL	8572	0.779236589	3,5,7,10,12,14,16	what aar u go ing two jew
POOL	8573	0.779159093	3,5,7,10,12,15,16	what aar u gogh ing dude do
POOL	8574	0.779159093	3,5,7,10,12,15,16	what aar u gogh ing dude to
POOL	8575	0.779074203	3,5,7,10,12,14,16	what aar u go ing too boot
POOL	8576	0.779068006	3,5,7,10,12,14,16	what aar u go ing two doom
POOL	8577	0.778989352	3,5,7,10,12,14,16	what aar u go ing tue boo
POOL	8578	0.778968022	3,5,7,10,11,13,16	what aar u go eh too you'd
POOL	8579	0.778913221	3,5,7,10,12,14,16	what aar u go ing two ooh
POOL	8580	0.778846801	3,5,7,10,12,14,16	what aar u go ing too jaw
POOL	8581	0.778829051	3,5,7,10,12,14,16	what aar u go ing too blew
POOL	8582	0.778798149	3,5,7,10,12,14,16	what aar u go ing too tooth
POOL	8583	0.778770124	3,5,7,10,12,14,16	what aar u go ing too booth
POOL	8584	0.778556896	3,5,7,10,12,14,16	what aar u go ing too ku
POOL	8585	0.778491946	3,5,7,10,12,14,16	what aar u go ing two zoo
POOL	8586	0.778392468	3,5,7,10,12,15,16	what aar u goh ing dude you
POOL	8587	0.778292783	3,5,7,10,12,14,16	what aar u go ing too dong
POOL	8588	0.778227043	3,5,7,10,12,14,16	what aar u go ing tu two
POOL	8589	0.778227043	3,5,7,10,12,14,16	what aar u go ing two tu
POOL	8590	0.778207979	3,5,7,10,12,14,16	what aar u go ing too tomb
POOL	8591	0.778091374	3,5,7,10,12,14,16	what aar u go ing too gnu
POOL	8592	0.777991914	3,5,7,10,12,14,16	what aar u go ing too dos
POOL	8593	0.777975071	3,5,7,10,12,14,16	what aar u go ing too vous
POOL	8594	0.777876178	3,5,7,10,12,14,16	what aar u go ing two two
POOL	8595	0.777865872	3,5,7,10,12,14,16	what aar u go ing two oooh
POOL	8596	0.777847298	3,5,7,10,12,14,16	what aar u go ing two dues
POOL	8597	0.777826240	3,5,7,10,12,14,16	what aar u go ing tue drew
POOL	8598	0.777823200	3,5,7,10,12,14,16	what aar u go ing two douche
POOL	8599	0.777787581	3,5,7,10,12,14,16	what aar u go ing tue duke
POOL	8600	0.777726621	3,5,7,10,12,14,16	what aar u go ing two knew
POOL	8601	0.777707900	3,5,7,10,12,14,16	what aar u go ing too sue
POOL	8602	0.777700935	3,5,7,10,12,14,16	what aar u go ing too qu
POOL	8603	0.777678182	3,5,7,10,12,15,16	what aar u goh ing dude do
POOL	8604	0.777678182	3,5,7,10,12,15,16	what aar u goh ing dude to
POOL	8605	0.777655657	4,8,12,16	whit redo owing to-do
POOL	8606	0.777586109	3,5,7,10,12,14,16	what aar u go ing two dune
POOL	8607	0.777557682	3,5,7,10,12,14,16	what aar u go ing too chew
POOL	8608	0.777554030	3,5,7,10,12,14,16	what aar u go ing too da
POOL	8609	0.777414614	3,5,7,10,12,14,16	what aar u go ing too booze
POOL	8610	0.777384992	3,5,7,10,12,14,16	what aar u go ing too brew
POOL	8611	0.777367817	3,5,7,10,12,14,16	what aar u go ing too duh
POOL	8612	0.777247991	3,5,7,10,12,14,16	what aar u go ing two jus
POOL	8613	0.777247204	3,5,7,10,12,14,16	what aar u go ing too noo
POOL	8614	0.777221551	3,5,7,10,12,14,16	what aar u go ing tue daw
POOL	8615	0.777220497	3,5,7,10,12,14,16	what aar u go ing two joo
POOL	8616	0.777179035	3,5,7,10,12,14,16	what aar u go ing two d'or
POOL	8617	0.777175269	3,5,7,10,12,14,16	what aar u go ing tue tue
POOL	8618	0.777166164	3,5,7,10,12,14,16	what aar u go ing tu new
POOL	8619	0.777102561	3,5,7,10,12,14,16	what aar u go ing too chu
POOL	8620	0.777076491	3,5,7,10,12,14,16	what aar u go ing tue d'oh
POOL	8621	0.777026064	3,5,7,10,12,14,16	what aar u go ing too stew
POOL	8622	0.776972918	3,5,7,10,12,14,16	what aar u go ing too dawg
POOL	8623	0.776950658	3,5,7,10,12,14,16	what aar u go ing tu dude
POOL	8624	0.776852626	3,5,7,10,12,14,16	what aar u go ing too boon
POOL	8625	0.776842973	3,5,7,10,12,14,16	what aar u go ing too doi
POOL	8626	0.776769382	3,5,7,10,12,14,16	what aar u go ing too boone
POOL	8627	0.776745145	3,5,7,10,12,14,16	what aar u go ing too boob
POOL	8628	0.776727827	3,5,7,10,12,14,16	what aar u go ing two deuce
POOL	8629	0.776646850	3,5,7,10,12,14,16	what aar u go ing two true
POOL	8630	0.776629447	3,5,7,10,12,14,16	what aar u go ing tu boo
POOL	8631	0.776519238	3,5,7,10,12,14,16	what aar u go ing too choo
POOL	8632	0.776506798	3,5,7,10,12,14,16	what aar u go ing too doth
POOL	8633	0.776469045	3,5,7,10,11,13,16	what aar u go a too you'd
POOL	8634	0.776341133	3,5,7,10,12,14,16	what aar u go ing too stu
POOL	8635	0.776340444	3,5,7,10,12,14,16	what aar u go ing two dupe
POOL	8636	0.776335475	3,5,7,10,12,14,16	what aar u go ing too soo
POOL	8637	0.776300425	3,5,7,10,12,14,16	what aar u go ing too shoe
POOL	8638	0.776195123	3,5,7,10,12,14,16	what aar u go ing to due
POOL	8639	0.776183080	3,5,7,10,12,14,16	what aar u go ing too dawes
POOL	8640	0.776140965	2,6,12,16	with dory growing to-do
POOL	8641	0.776097112	3,5,7,10,12,14,16	what aar u go ing too dah
POOL	8642	0.776088059	3,5,7,10,12,14,16	what aar u go ing too dow
POOL	8643	0.776049166	3,5,7,10,12,14,16	what aar u go ing two doer
POOL	8644	0.775999591	3,5,7,10,12,14,16	what aar u go ing two doon
POOL	8645	0.775930501	3,5,7,10,12,14,16	what aar u go ing two dru
POOL	8646	0.775919094	3,5,7,10,12,14,16	what aar u go ing too booed
POOL	8647	0.775885394	3,5,7,10,12,14,16	what aar u go ing too pu
POOL	8648	0.775861777	3,5,7,10,12,14,16	what aar u go ing too toon
POOL	8649	0.775861703	3,5,7,10,12,14,16	what aar u go ing too toot
POOL	8650	0.775847671	3,5,7,10,12,14,16	what aar u go ing too aw
POOL	8651	0.775824910	3,5,7,10,12,14,16	what aar u go ing tue jew
POOL	8652	0.775767982	3,5,7,10,12,14,16	what aar u go ing too boos
POOL	8653	0.775756111	3,5,7,10,12,14,16	what aar u go ing too chou
POOL	8654	0.775656327	3,5,7,10,12,14,16	what aar u go ing tue doom
POOL	8655	0.775617532	3,5,7,10,12,14,16	what aar u go ing two coup
POOL	8656	0.775584132	3,5,7,10,12,14,16	what aar u go ing too chiu
POOL	8657	0.775501542	3,5,7,10,12,14,16	what aar u go ing tue ooh
POOL	8658	0.775495033	3,5,7,10,12,14,16	what aar u go ing too bleu
POOL	8659	0.775468783	3,5,7,10,12,14,16	what aar u go ing too boop
POOL	8660	0.775466335	3,5,7,10,12,14,16	what aar u go ing tu drew
POOL	8661	0.775453347	3,5,7,10,12,14,16	what aar u go ing too nu
POOL	8662	0.775427676	3,5,7,10,12,14,16	what aar u go ing tu duke
POOL	8663	0.775360011	3,5,7,10,12,14,16	what aar u go ing too sioux
POOL	8664	0.775274035	3,5,7,10,12,14,16	what aar u go ing two dog
POOL	8665	0.775206694	3,5,7,10,12,14,16	what aar u go ing too twos
POOL	8666	0.775189474	3,5,7,10,12,14,16	what aar u go ing too dore
POOL	8667	0.775156854	3,5,7,10,12,14,16	what aar u go ing two door
POOL	8668	0.775153690	3,5,7,10,12,14,16	what aar u go ing two dough
POOL	8669	0.775153371	3,5,7,10,12,14,16	what aar u go ing two ou
POOL	8670	0.775099293	3,5,7,10,12,14,16	what aar u go ing two doe
POOL	8671	0.775080267	3,5,7,10,12,14,16	what aar u go ing tue zoo
POOL	8672	0.775029897	3,5,7,10,12,14,16	what aar u go ing too touche
POOL	8673	0.775005534	3,5,7,10,12,14,16	what aar u go ing two blue
POOL	8674	0.774986378	3,5,7,10,12,14,16	what aar u go ing too tsu
POOL	8675	0.774962397	3,5,7,10,12,14,16	what aar u go ing too tuk
POOL	8676	0.774891385	3,5,7,10,12,14,16	what aar u go ing too tulle
POOL	8677	0.774861646	3,5,7,10,12,14,16	what aar u go ing tu daw
POOL	8678	0.774815364	3,5,7,10,12,14,16	what aar u go ing tu tue
POOL	8679	0.774815364	3,5,7,10,12,14,16	what aar u go ing tue tu
POOL	8680	0.774804875	3,5,7,10,12,14,16	what aar u go ing too qiu
POOL	8681	0.774786460	3,5,7,10,12,14,16	what aar u go ing two zhou
POOL	8682	0.774716586	3,5,7,10,12,14,16	what aar u go ing tu d'oh
POOL	8683	0.774535943	3,5,7,10,12,14,16	what aar u go ing two xue
POOL	8684	0.774454193	3,5,7,10,12,14,16	what aar u go ing tue oooh
POOL	8685	0.774435619	3,5,7,10,12,14,16	what aar u go ing tue dues
POOL	8686	0.774413885	3,5,7,10,12,14,16	what aar u go ing two ju
POOL	8687	0.774411521	3,5,7,10,12,14,16	what aar u go ing tue douche
POOL	8688	0.774402676	3,5,7,10,12,14,16	what aar u go ing too dao
POOL	8689	0.774314942	3,5,7,10,12,14,16	what aar u go ing tue knew
POOL	8690	0.774247131	3,5,7,10,12,14,16	what aar u go ing too vu
POOL	8691	0.774174430	3,5,7,10,12,14,16	what aar u go ing tue dune
POOL	8692	0.774116751	3,5,7,10,12,14,16	what aar u go ing two zhu
POOL	8693	0.774083547	3,5,7,10,12,15,16	what aar u gogh ing toot you
POOL	8694	0.773836312	3,5,7,10,12,14,16	what aar u go ing tue jus
POOL	8695	0.773832408	3,5,7,10,12,14,16	what aar u go ing too sou
POOL	8696	0.773808818	3,5,7,10,12,14,16	what aar u go ing tue joo
POOL	8697	0.773767356	3,5,7,10,12,14,16	what aar u go ing tue d'or
POOL	8698	0.773699882	3,5,7,10,12,14,16	what aar u go ing two draw
POOL	8699	0.773625422	3,5,7,10,12,14,16	what aar u go ing two coo
POOL	8700	0.773465005	3,5,7,10,12,14,16	what aar u go ing tu jew
POOL	8701	0.773369262	3,5,7,10,12,15,16	what aar u gogh ing toot do
POOL	8702	0.773369262	3,5,7,10,12,15,16	what aar u gogh ing toot to
POOL	8703	0.773316147	3,5,7,10,12,14,16	what aar u go ing tue deuce
POOL	8704	0.773296422	3,5,7,10,12,14,16	what aar u go ing tu doom
POOL	8705	0.773235171	3,5,7,10,12,14,16	what aar u go ing tue true
POOL	8706	0.773220852	3,5,7,10,12,14,16	what aar u go ing too shu
POOL	8707	0.773141637	3,5,7,10,12,14,16	what aar u go ing tu ooh
POOL	8708	0.773068033	3,5,7,10,12,14,16	what aar u go ing too su
POOL	8709	0.772928765	3,5,7,10,12,14,16	what aar u go ing tue dupe
POOL	8710	0.772777607	3,5,7,10,12,14,16	what aar u go ing two koo
POOL	8711	0.772720362	3,5,7,10,12,14,16	what aar u go ing tu zoo
POOL	8712	0.772678748	3,5,7,10,12,14,16	what aar u go ing too hsu
POOL	8713	0.772637487	3,5,7,10,12,14,16	what aar u go ing tue doer
POOL	8714	0.772602637	3,5,7,10,12,15,16	what aar u goh ing toot you
POOL	8715	0.772587912	3,5,7,10,12,14,16	what aar u go ing tue doon
POOL	8716	0.772522333	3,5,7,10,12,15,16	what aar u go ing dude what
POOL	8717	0.772518822	3,5,7,10,12,14,16	what aar u go ing tue dru
POOL	8718	0.772455459	3,5,7,10,12,14,16	what aar u go ing tu tu
POOL	8719	0.772375402	3,5,7,10,12,14,16	what aar u go ing too shoo
POOL	8720	0.772234017	3,5,7,10,12,14,16	what aar u go ing two tool
POOL	8721	0.772205853	3,5,7,10,12,14,16	what aar u go ing tue coup
POOL	8722	0.772094288	3,5,7,10,12,14,16	what aar u go ing tu oooh
POOL	8723	0.772075714	3,5,7,10,12,14,16	what aar u go ing tu dues
POOL	8724	0.772051616	3,5,7,10,12,14,16	what aar u go ing tu douche
POOL	8725	0.772003702	3,5,7,10,12,14,16	what aar u go ing two xu
POOL	8726	0.771955037	3,5,7,10,12,14,16	what aar u go ing tu knew
POOL	8727	0.771940382	3,5,7,10,12,14,16	what aar u go ing two cou
POOL	8728	0.771913895	3,5,7,10,12,16	what aar u gogh ing doo-doo
POOL	8729	0.771903998	3,5,7,10,12,14,16	what aar u go ing two poo
POOL	8730	0.771888351	3,5,7,10,12,15,16	what aar u goh ing toot do
POOL	8731	0.771888351	3,5,7,10,12,15,16	what aar u goh ing toot to
POOL	8732	0.771862356	3,5,7,10,12,14,16	what aar u go ing tue dog
POOL	8733	0.771814526	3,5,7,10,12,14,16	what aar u go ing tu dune
POOL	8734	0.771745175	3,5,7,10,12,14,16	what aar u go ing tue door
POOL	8735	0.771742011	3,5,7,10,12,14,16	what aar u go ing tue dough
POOL	8736	0.771741692	3,5,7,10,12,14,16	what aar u go ing tue ou
POOL	8737	0.771687614	3,5,7,10,12,14,16	what aar u go ing tue doe
POOL	8738	0.771593855	3,5,7,10,12,14,16	what aar u go ing tue blue
POOL	8739	0.771518585	3,5,7,10,12,14,16	what aar u go ing two dawn
POOL	8740	0.771476407	3,5,7,10,12,14,16	what aar u go ing tu jus
POOL	8741	0.771461204	3,5,7,10,12,14,16	what aar u go ing two tube
POOL	8742	0.771448913	3,5,7,10,12,14,16	what aar u go ing tu joo
POOL	8743	0.771427903	3,5,7,10,12,15,16	what aar u go ing dude you'd
POOL	8744	0.771407452	3,5,7,10,12,14,16	what aar u go ing tu d'or
POOL	8745	0.771374781	3,5,7,10,12,14,16	what aar u go ing tue zhou
POOL	8746	0.771266863	3,5,7,10,12,14,16	what aar u go ing two boom
POOL	8747	0.771264600	2,4,8,10,14,16	a a you know into doo
POOL	8748	0.771235722	3,5,7,10,12,14,16	what aar u go ing two pooh
POOL	8749	0.771146686	3,5,7,10,12,14,16	what aar u go ing two tune
POOL	8750	0.771124264	3,5,7,10,12,14,16	what aar u go ing tue xue
POOL	8751	0.771002206	3,5,7,10,12,14,16	what aar u go ing tue ju
POOL	8752	0.771000866	3,5,7,10,12,16	what aar u gogh ing tutu
POOL	8753	0.770956243	3,5,7,10,12,14,16	what aar u go ing tu deuce
POOL	8754	0.770934389	2,4,8,10,14,16	a a you know into dew
POOL	8755	0.770875267	3,5,7,10,12,14,16	what aar u go ing tu true
POOL	8756	0.770769911	3,5,7,10,12,14,16	what aar u go ing two boot
POOL	8757	0.770705072	3,5,7,10,12,14,16	what aar u go ing tue zhu
POOL	8758	0.770573119	1,2,4,10,12,16	were a top lugo in do
POOL	8759	0.770568860	3,5,7,10,12,14,16	what aar u go ing tu dupe
POOL	8760	0.770542509	3,5,7,10,12,14,16	what aar u go ing two jaw
POOL	8761	0.770524759	3,5,7,10,12,14,16	what aar u go ing two blew
POOL	8762	0.770493857	3,5,7,10,12,14,16	what aar u go ing two tooth
POOL	8763	0.770465832	3,5,7,10,12,14,16	what aar u go ing two booth
POOL	8764	0.770288202	3,5,7,10,12,14,16	what aar u go ing tue draw
POOL	8765	0.770277582	3,5,7,10,12,14,16	what aar u go ing tu doer
POOL	8766	0.770252604	3,5,7,10,12,14,16	what aar u go ing two ku
POOL	8767	0.770228009	3,5,7,10,12,14,16	what aar u go ing to too
POOL	8768	0.770228009	3,5,7,10,12,14,16	what aar u go ing too to
POOL	8769	0.770228008	3,5,7,10,12,14,16	what aar u go ing tu doon
POOL	8770	0.770213743	3,5,7,10,12,14,16	what aar u go ing tue coo
POOL	8771	0.770186166	3,5,7,10,12,16	what aar u goh ing doo-doo
POOL	8772	0.770158917	3,5,7,10,12,14,16	what aar u go ing tu dru
POOL	8773	0.769988491	3,5,7,10,12,14,16	what aar u go ing two dong
POOL	8774	0.769955646	3,5,7,10,12,16	what aar u gogh ing to-dos
POOL	8775	0.769903687	3,5,7,10,12,14,16	what aar u go ing two tomb
POOL	8776	0.769845948	3,5,7,10,12,14,16	what aar u go ing tu coup
POOL	8777	0.769787082	3,5,7,10,12,14,16	what aar u go ing two gnu
POOL	8778	0.769687622	3,5,7,10,12,14,16	what aar u go ing two dos
POOL	8779	0.769670779	3,5,7,10,12,14,16	what aar u go ing two vous
POOL	8780	0.769502451	3,5,7,10,12,14,16	what aar u go ing tu dog
POOL	8781	0.769403835	2,4,8,10,14,16	a a you know into du
POOL	8782	0.769403608	3,5,7,10,12,14,16	what aar u go ing two sue
POOL	8783	0.769396643	3,5,7,10,12,14,16	what aar u go ing two qu
POOL	8784	0.769385270	3,5,7,10,12,14,16	what aar u go ing tu door
POOL	8785	0.769382106	3,5,7,10,12,14,16	what aar u go ing tu dough
POOL	8786	0.769381787	3,5,7,10,12,14,16	what aar u go ing tu ou
POOL	8787	0.769365928	3,5,7,10,12,14,16	what aar u go ing tue koo
POOL	8788	0.769327710	3,5,7,10,12,14,16	what aar u go ing tu doe
POOL	8789	0.769273137	3,5,7,10,12,16	what aar u goh ing tutu
POOL	8790	0.769253390	3,5,7,10,12,14,16	what aar u go ing two chew
POOL	8791	0.769249738	3,5,7,10,12,14,16	what aar u go ing two da
POOL	8792	0.769233950	3,5,7,10,12,14,16	what aar u go ing tu blue
POOL	8793	0.769159091	2,4,8,10,14,16	a a you know into deux
POOL	8794	0.769110322	3,5,7,10,12,14,16	what aar u go ing two booze
POOL	8795	0.769080700	3,5,7,10,12,14,16	what aar u go ing two brew
POOL	8796	0.769063525	3,5,7,10,12,14,16	what aar u go ing two duh
POOL	8797	0.769014876	3,5,7,10,12,14,16	what aar u go ing tu zhou
POOL	8798	0.768942912	3,5,7,10,12,14,16	what aar u go ing two noo
POOL	8799	0.768934280	3,5,7,10,12,14,16	what aar u go ing to doo
POOL	8800	0.768899401	4,6,11,16	wat early going to-do
POOL	8801	0.768857027	1,4,8,12,16	a at you owing to-do
POOL	8802	0.768822338	3,5,7,10,12,14,16	what aar u go ing tue tool
POOL	8803	0.768798269	3,5,7,10,12,14,16	what aar u go ing two chu
POOL	8804	0.768764359	3,5,7,10,12,14,16	what aar u go ing tu xue
POOL	8805	0.768721773	3,5,7,10,12,14,16	what aar u go ing two stew
POOL	8806	0.768668626	3,5,7,10,12,14,16	what aar u go ing two dawg
POOL	8807	0.768651241	3,5,7,10,12,14,16	what aar u go ing to dew
POOL	8808	0.768642301	3,5,7,10,12,14,16	what aar u go ing tu ju
POOL	8809	0.768592023	3,5,7,10,12,14,16	what aar u go ing tue xu
POOL	8810	0.768548334	3,5,7,10,12,14,16	what aar u go ing two boon
POOL	8811	0.768538681	3,5,7,10,12,14,16	what aar u go ing two doi
POOL	8812	0.768528703	3,5,7,10,12,14,16	what aar u go ing tue cou
POOL	8813	0.768492319	3,5,7,10,12,14,16	what aar u go ing tue poo
POOL	8814	0.768465090	3,5,7,10,12,14,16	what aar u go ing two boone
POOL	8815	0.768440853	3,5,7,10,12,14,16	what aar u go ing two boob
POOL	8816	0.768345168	3,5,7,10,12,14,16	what aar u go ing tu zhu
POOL	8817	0.768227916	3,5,7,10,12,16	what aar u goh ing to-dos
POOL	8818	0.768214946	3,5,7,10,12,14,16	what aar u go ing two choo
POOL	8819	0.768202506	3,5,7,10,12,14,16	what aar u go ing two doth
POOL	8820	0.768106906	3,5,7,10,12,14,16	what aar u go ing tue dawn
POOL	8821	0.768049525	3,5,7,10,12,14,16	what aar u go ing tue tube
POOL	8822	0.768036841	3,5,7,10,12,14,16	what aar u go ing two stu
POOL	8823	0.768031183	3,5,7,10,12,14,16	what aar u go ing two soo
POOL	8824	0.767996133	3,5,7,10,12,14,16	what aar u go ing two shoe
POOL	8825	0.767928298	3,5,7,10,12,14,16	what aar u go ing tu draw
POOL	8826	0.767887038	3,5,7,10,12,14,16	what aar u go ing tue do
POOL	8827	0.767878788	3,5,7,10,12,14,16	what aar u go ing two dawes
POOL	8828	0.767855184	3,5,7,10,12,14,16	what aar u go ing tue boom
POOL	8829	0.767853838	3,5,7,10,12,14,16	what aar u go ing tu coo
POOL	8830	0.767824043	3,5,7,10,12,14,16	what aar u go ing tue pooh
POOL	8831	0.767792820	3,5,7,10,12,14,16	what aar u go ing two dah
POOL	8832	0.767783767	3,5,7,10,12,14,16	what aar u go ing two dow
POOL	8833	0.767735007	3,5,7,10,12,14,16	what aar u go ing tue tune
POOL	8834	0.767614803	3,5,7,10,12,14,16	what aar u go ing two booed
POOL	8835	0.767581102	3,5,7,10,12,14,16	what aar u go ing two pu
POOL	8836	0.767557485	3,5,7,10,12,14,16	what aar u go ing two toon
POOL	8837	0.767557411	3,5,7,10,12,14,16	what aar u go ing two toot
POOL	8838	0.767543380	3,5,7,10,12,14,16	what aar u go ing two aw
POOL	8839	0.767463691	3,5,7,10,12,14,16	what aar u go ing two boos
POOL	8840	0.767451819	3,5,7,10,12,14,16	what aar u go ing two chou
POOL	8841	0.767358232	3,5,7,10,12,14,16	what aar u go ing tue boot
POOL	8842	0.767339339	3,5,7,10,12,14,16	what aar u go ing to du
POOL	8843	0.767279841	3,5,7,10,12,14,16	what aar u go ing two chiu
POOL	8844	0.767190741	3,5,7,10,12,14,16	what aar u go ing two bleu
POOL	8845	0.767189591	3,5,7,10,12,16	what aar u go ing boo-boo
POOL	8846	0.767164491	3,5,7,10,12,14,16	what aar u go ing two boop
POOL	8847	0.767149056	3,5,7,10,12,14,16	what aar u go ing two nu
POOL	8848	0.767130830	3,5,7,10,12,14,16	what aar u go ing tue jaw
POOL	8849	0.767129558	3,5,7,10,12,14,16	what aar u go ing to deux
POOL	8850	0.767113080	3,5,7,10,12,14,16	what aar u go ing tue blew
POOL	8851	0.767082178	3,5,7,10,12,14,16	what aar u go ing tue tooth
POOL	8852	0.767055719	3,5,7,10,12,14,16	what aar u go ing two sioux
POOL	8853	0.767054153	3,5,7,10,12,14,16	what aar u go ing tue booth
POOL	8854	0.767006023	3,5,7,10,12,14,16	what aar u go ing tu koo
POOL	8855	0.766902402	3,5,7,10,12,14,16	what aar u go ing two twos
POOL	8856	0.766885182	3,5,7,10,12,14,16	what aar u go ing two dore
POOL	8857	0.766840925	3,5,7,10,12,14,16	what aar u go ing tue ku
POOL	8858	0.766725605	3,5,7,10,12,14,16	what aar u go ing two touche
POOL	8859	0.766682086	3,5,7,10,12,14,16	what aar u go ing two tsu
POOL	8860	0.766658105	3,5,7,10,12,14,16	what aar u go ing two tuk
POOL	8861	0.766587094	3,5,7,10,12,14,16	what aar u go ing two tulle
POOL	8862	0.766576812	3,5,7,10,12,14,16	what aar u go ing tue dong
POOL	8863	0.766500583	3,5,7,10,12,14,16	what aar u go ing two qiu
POOL	8864	0.766492008	3,5,7,10,12,14,16	what aar u go ing tue tomb
POOL	8865	0.766462433	3,5,7,10,12,14,16	what aar u go ing tu tool
POOL	8866	0.766375403	3,5,7,10,12,14,16	what aar u go ing tue gnu
POOL	8867	0.766275943	3,5,7,10,12,14,16	what aar u go ing tue dos
POOL	8868	0.766259100	3,5,7,10,12,14,16	what aar u go ing tue vous
POOL	8869	0.766232118	3,5,7,10,12,14,16	what aar u go ing tu xu
POOL	8870	0.766168798	3,5,7,10,12,14,16	what aar u go ing tu cou
POOL	8871	0.766132414	3,5,7,10,12,14,16	what aar u go ing tu poo
POOL	8872	0.766098384	3,5,7,10,12,14,16	what aar u go ing two dao
POOL	8873	0.765991929	3,5,7,10,12,14,16	what aar u go ing tue sue
POOL	8874	0.765984964	3,5,7,10,12,14,16	what aar u go ing tue qu
POOL	8875	0.765942839	3,5,7,10,12,14,16	what aar u go ing two vu
POOL	8876	0.765841711	3,5,7,10,12,14,16	what aar u go ing tue chew
POOL	8877	0.765838059	3,5,7,10,12,14,16	what aar u go ing tue da
POOL	8878	0.765747002	3,5,7,10,12,14,16	what aar u go ing tu dawn
POOL	8879	0.765698643	3,5,7,10,12,14,16	what aar u go ing tue booze
POOL	8880	0.765689620	3,5,7,10,12,14,16	what aar u go ing tu tube
POOL	8881	0.765669021	3,5,7,10,12,14,16	what aar u go ing tue brew
POOL	8882	0.765651846	3,5,7,10,12,14,16	what aar u go ing tue duh
POOL	8883	0.765531233	3,5,7,10,12,14,16	what aar u go ing tue noo
POOL	8884	0.765528116	3,5,7,10,12,14,16	what aar u go ing two sou
POOL	8885	0.765527133	3,5,7,10,12,14,16	what aar u go ing tu do
POOL	8886	0.765495279	3,5,7,10,12,14,16	what aar u go ing tu boom
POOL	8887	0.765464138	3,5,7,10,12,14,16	what aar u go ing tu pooh
POOL	8888	0.765386590	3,5,7,10,12,14,16	what aar u go ing tue chu
POOL	8889	0.765375102	3,5,7,10,12,14,16	what aar u go ing tu tune
POOL	8890	0.765310093	3,5,7,10,12,14,16	what aar u go ing tue stew
POOL	8891	0.765256947	3,5,7,10,12,14,16	what aar u go ing tue dawg
POOL	8892	0.765235396	3,5,7,10,12,16	what aar u go ing pooh-pooh
POOL	8893	0.765176268	3,5,7,10,12,14,16	what aar u go ing two do
POOL	8894	0.765136655	3,5,7,10,12,14,16	what aar u go ing tue boon
POOL	8895	0.765127002	3,5,7,10,12,14,16	what aar u go ing tue doi
POOL	8896	0.765053411	3,5,7,10,12,14,16	what aar u go ing tue boone
POOL	8897	0.765029174	3,5,7,10,12,14,16	what aar u go ing tue boob
POOL	8898	0.764998327	3,5,7,10,12,14,16	what aar u go ing tu boot
POOL	8899	0.764916560	3,5,7,10,12,14,16	what aar u go ing two shu
POOL	8900	0.764875135	3,5,7,10,12,16	what aar u go ing pseudo
POOL	8901	0.764803267	3,5,7,10,12,14,16	what aar u go ing tue choo
POOL	8902	0.764790827	3,5,7,10,12,14,16	what aar u go ing tue doth
POOL	8903	0.764770925	3,5,7,10,12,14,16	what aar u go ing tu jaw
POOL	8904	0.764763741	3,5,7,10,12,14,16	what aar u go ing two su
POOL	8905	0.764753175	3,5,7,10,12,14,16	what aar u go ing tu blew
POOL	8906	0.764722273	3,5,7,10,12,14,16	what aar u go ing tu tooth
POOL	8907	0.764694248	3,5,7,10,12,14,16	what aar u go ing tu booth
POOL	8908	0.764625162	3,5,7,10,12,14,16	what aar u go ing tue stu
POOL	8909	0.764619504	3,5,7,10,12,14,16	what aar u go ing tue soo
POOL	8910	0.764584454	3,5,7,10,12,14,16	what aar u go ing tue shoe
POOL	8911	0.764481020	3,5,7,10,12,14,16	what aar u go ing tu ku
POOL	8912	0.764467109	3,5,7,10,12,14,16	what aar u go ing tue dawes
POOL	8913	0.764381141	3,5,7,10,12,14,16	what aar u go ing tue dah
POOL	8914	0.764374456	3,5,7,10,12,14,16	what aar u go ing two hsu
POOL	8915	0.764372088	3,5,7,10,12,14,16	what aar u go ing tue dow
POOL	8916	0.764216907	3,5,7,10,12,14,16	what aar u go ing tu dong
POOL	8917	0.764203124	3,5,7,10,12,14,16	what aar u go ing tue booed
POOL	8918	0.764169423	3,5,7,10,12,14,16	what aar u go ing tue pu
POOL	8919	0.764145806	3,5,7,10,12,14,16	what aar u go ing tue toon
POOL	8920	0.764145732	3,5,7,10,12,14,16	what aar u go ing tue toot
POOL	8921	0.764132103	3,5,7,10,12,14,16	what aar u go ing tu tomb
POOL	8922	0.764131701	3,5,7,10,12,14,16	what aar u go ing tue aw
POOL	8923	0.764071111	3,5,7,10,12,14,16	what aar u go ing two shoo
POOL	8924	0.764052011	3,5,7,10,12,14,16	what aar u go ing tue boos
POOL	8925	0.764040140	3,5,7,10,12,14,16	what aar u go ing tue chou
POOL	8926	0.764015499	3,5,7,10,12,14,16	what aar u go ing tu gnu
POOL	8927	0.763916038	3,5,7,10,12,14,16	what aar u go ing tu dos
POOL	8928	0.763899195	3,5,7,10,12,14,16	what aar u go ing tu vous
POOL	8929	0.763868162	3,5,7,10,12,14,16	what aar u go ing tue chiu
POOL	8930	0.763779062	3,5,7,10,12,14,16	what aar u go ing tue bleu
POOL	8931	0.763752812	3,5,7,10,12,14,16	what aar u go ing tue boop
POOL	8932	0.763737377	3,5,7,10,12,14,16	what aar u go ing tue nu
POOL	8933	0.763644040	3,5,7,10,12,14,16	what aar u go ing tue sioux
POOL	8934	0.763632024	3,5,7,10,12,14,16	what aar u go ing tu sue
POOL	8935	0.763625059	3,5,7,10,12,14,16	what aar u go ing tu qu
POOL	8936	0.763490723	3,5,7,10,12,14,16	what aar u go ing tue twos
POOL	8937	0.763481806	3,5,7,10,12,14,16	what aar u go ing tu chew
POOL	8938	0.763478154	3,5,7,10,12,14,16	what aar u go ing tu da
POOL	8939	0.763473503	3,5,7,10,12,14,16	what aar u go ing tue dore
POOL	8940	0.763338738	3,5,7,10,12,14,16	what aar u go ing tu booze
POOL	8941	0.763313926	3,5,7,10,12,14,16	what aar u go ing tue touche
POOL	8942	0.763309116	3,5,7,10,12,14,16	what aar u go ing tu brew
POOL	8943	0.763291942	3,5,7,10,12,14,16	what aar u go ing tu duh
POOL	8944	0.763270407	3,5,7,10,12,14,16	what aar u go ing tue tsu
POOL	8945	0.763246426	3,5,7,10,12,14,16	what aar u go ing tue tuk
POOL	8946	0.763175415	3,5,7,10,12,14,16	what aar u go ing tue tulle
POOL	8947	0.763171328	3,5,7,10,12,14,16	what aar u go ing tu noo
POOL	8948	0.763088904	3,5,7,10,12,14,16	what aar u go ing tue qiu
POOL	8949	0.763026685	3,5,7,10,12,14,16	what aar u go ing tu chu
POOL	8950	0.762950189	3,5,7,10,12,14,16	what aar u go ing tu stew
POOL	8951	0.762897042	3,5,7,10,12,14,16	what aar u go ing tu dawg
POOL	8952	0.762776750	3,5,7,10,12,14,16	what aar u go ing tu boon
POOL	8953	0.762767097	3,5,7,10,12,14,16	what aar u go ing tu doi
POOL	8954	0.762693506	3,5,7,10,12,14,16	what aar u go ing tu boone
POOL	8955	0.762686705	3,5,7,10,12,14,16	what aar u go ing tue dao
POOL	8956	0.762669269	3,5,7,10,12,14,16	what aar u go ing tu boob
POOL	8957	0.762531160	3,5,7,10,12,14,16	what aar u go ing tue vu
POOL	8958	0.762443362	3,5,7,10,12,14,16	what aar u go ing tu choo
POOL	8959	0.762430922	3,5,7,10,12,14,16	what aar u go ing tu doth
POOL	8960	0.762265257	3,5,7,10,12,14,16	what aar u go ing tu stu
POOL	8961	0.762259599	3,5,7,10,12,14,16	what aar u go ing tu soo
POOL	8962	0.762224549	3,5,7,10,12,14,16	what aar u go ing tu shoe
POOL	8963	0.762116437	3,5,7,10,12,14,16	what aar u go ing tue sou
POOL	8964	0.762107204	3,5,7,10,12,14,16	what aar u go ing tu dawes
POOL	8965	0.762069702	4,7,10,12,16	what's yew goa in to-do
POOL	8966	0.762021236	3,5,7,10,12,14,16	what aar u go ing tu dah
POOL	8967	0.762012183	3,5,7,10,12,14,16	what aar u go ing tu dow
POOL	8968	0.761843219	3,5,7,10,12,14,16	what aar u go ing tu booed
POOL	8969	0.761809518	3,5,7,10,12,14,16	what aar u go ing tu pu
POOL	8970	0.761785901	3,5,7,10,12,14,16	what aar u go ing tu toon
POOL	8971	0.761785827	3,5,7,10,12,14,16	what aar u go ing tu toot
POOL	8972	0.761771796	3,5,7,10,12,14,16	what aar u go ing tu aw
POOL	8973	0.761692107	3,5,7,10,12,14,16	what aar u go ing tu boos
POOL	8974	0.761680235	3,5,7,10,12,14,16	what aar u go ing tu chou
POOL	8975	0.761508257	3,5,7,10,12,14,16	what aar u go ing tu chiu
POOL	8976	0.761504881	3,5,7,10,12,14,16	what aar u go ing tue shu
POOL	8977	0.761419157	3,5,7,10,12,14,16	what aar u go ing tu bleu
POOL	8978	0.761392907	3,5,7,10,12,14,16	what aar u go ing tu boop
POOL	8979	0.761377472	3,5,7,10,12,14,16	what aar u go ing tu nu
POOL	8980	0.761352062	3,5,7,10,12,14,16	what aar u go ing tue su
POOL	8981	0.761284135	3,5,7,10,12,14,16	what aar u go ing tu sioux
POOL	8982	0.761130818	3,5,7,10,12,14,16	what aar u go ing tu twos
POOL	8983	0.761113599	3,5,7,10,12,14,16	what aar u go ing tu dore
POOL	8984	0.760962777	3,5,7,10,12,14,16	what aar u go ing tue hsu
POOL	8985	0.760954021	3,5,7,10,12,14,16	what aar u go ing tu touche
POOL	8986	0.760910503	3,5,7,10,12,14,16	what aar u go ing tu tsu
POOL	8987	0.760886521	3,5,7,10,12,14,16	what aar u go ing tu tuk
POOL	8988	0.760862838	3,5,7,10,12,14,16	what aar u go ing to new
POOL	8989	0.760815510	3,5,7,10,12,14,16	what aar u go ing tu tulle
POOL	8990	0.760728999	3,5,7,10,12,14,16	what aar u go ing tu qiu
POOL	8991	0.760659432	3,5,7,10,12,14,16	what aar u go ing tue shoo
POOL	8992	0.760647333	3,5,7,10,12,14,16	what aar u go ing to dude
POOL	8993	0.760326800	3,5,7,10,12,14,16	what aar u go ing tu dao
POOL	8994	0.760326121	3,5,7,10,12,14,16	what aar u go ing to boo
POOL	8995	0.760171255	3,5,7,10,12,14,16	what aar u go ing tu vu
POOL	8996	0.759756532	3,5,7,10,12,14,16	what aar u go ing tu sou
POOL	8997	0.759163010	3,5,7,10,12,14,16	what aar u go ing to drew
POOL	8998	0.759144976	3,5,7,10,12,14,16	what aar u go ing tu shu
POOL	8999	0.759124351	3,5,7,10,12,14,16	what aar u go ing to duke
POOL	9000	0.758992157	3,5,7,10,12,14,16	what aar u go ing tu su
POOL	9001	0.758602872	3,5,7,10,12,14,16	what aar u go ing tu hsu
POOL	9002	0.758558320	3,5,7,10,12,14,16	what aar u go ing to daw
POOL	9003	0.758512038	3,5,7,10,12,14,16	what aar u go ing to tue
POOL	9004	0.758512038	3,5,7,10,12,14,16	what aar u go ing tue to
POOL	9005	0.758413261	3,5,7,10,12,14,16	what aar u go ing to d'oh
POOL	9006	0.758299527	3,5,7,10,12,14,16	what aar u go ing tu shoo
POOL	9007	0.757161680	3,5,7,10,12,14,16	what aar u go ing to jew
POOL	9008	0.756993097	3,5,7,10,12,14,16	what aar u go ing to doom
POOL	9009	0.756838311	3,5,7,10,12,14,16	what aar u go ing to ooh
POOL	9010	0.756417036	3,5,7,10,12,14,16	what aar u go ing to zoo
POOL	9011	0.756152133	3,5,7,10,12,14,16	what aar u go ing to tu
POOL	9012	0.756152133	3,5,7,10,12,14,16	what aar u go ing tu to
POOL	9013	0.755801268	3,5,7,10,12,14,16	what aar u go ing to two
POOL	9014	0.755801268	3,5,7,10,12,14,16	what aar u go ing two to
POOL	9015	0.755790962	3,5,7,10,12,14,16	what aar u go ing to oooh
POOL	9016	0.755772389	3,5,7,10,12,14,16	what aar u go ing to dues
POOL	9017	0.755748290	3,5,7,10,12,14,16	what aar u go ing to douche
POOL	9018	0.755651711	3,5,7,10,12,14,16	what aar u go ing to knew
POOL	9019	0.755511200	3,5,7,10,12,14,16	what aar u go ing to dune
POOL	9020	0.755173081	3,5,7,10,12,14,16	what aar u go ing to jus
POOL	9021	0.755145588	3,5,7,10,12,14,16	what aar u go ing to joo
POOL	9022	0.755104126	3,5,7,10,12,14,16	what aar u go ing to d'or
POOL	9023	0.754652917	3,5,7,10,12,14,16	what aar u go ing to deuce
POOL	9024	0.754571941	3,5,7,10,12,14,16	what aar u go ing to true
POOL	9025	0.754265534	3,5,7,10,12,14,16	what aar u go ing to dupe
POOL	9026	0.753974256	3,5,7,10,12,14,16	what aar u go ing to doer
POOL	9027	0.753924682	3,5,7,10,12,14,16	what aar u go ing to doon
POOL	9028	0.753855591	3,5,7,10,12,14,16	what aar u go ing to dru
POOL	9029	0.753542623	3,5,7,10,12,14,16	what aar u go ing to coup
POOL	9030	0.753241923	3,5,8,10,11,16	what are new a a to-do
POOL	9031	0.753199126	3,5,7,10,12,14,16	what aar u go ing to dog
POOL	9032	0.753081945	3,5,7,10,12,14,16	what aar u go ing to door
POOL	9033	0.753078780	3,5,7,10,12,14,16	what aar u go ing to dough
POOL	9034	0.753078461	3,5,7,10,12,14,16	what aar u go ing to ou
POOL	9035	0.753024384	3,5,7,10,12,14,16	what aar u go ing to doe
POOL	9036	0.752930625	3,5,7,10,12,14,16	what aar u go ing to blue
POOL	9037	0.752711550	3,5,7,10,12,14,16	what aar u go ing to zhou
POOL	9038	0.752461033	3,5,7,10,12,14,16	what aar u go ing to xue
POOL	9039	0.752338975	3,5,7,10,12,14,16	what aar u go ing to ju
POOL	9040	0.752041842	3,5,7,10,12,14,16	what aar u go ing to zhu
POOL	9041	0.751624972	3,5,7,10,12,14,16	what aar u go ing to draw
POOL	9042	0.751550512	3,5,7,10,12,14,16	what aar u go ing to coo
POOL	9043	0.751311794	2,4,8,10,12,14,16	a a you know in to due
POOL	9044	0.750702698	3,5,7,10,12,14,16	what aar u go ing to koo
POOL	9045	0.750389788	3,5,7,10,12,14,16	what aar u go ing to june
POOL	9046	0.750159107	3,5,7,10,12,14,16	what aar u go ing to tool
POOL	9047	0.749928792	3,5,7,10,12,14,16	what aar u go ing to xu
POOL	9048	0.749865473	3,5,7,10,12,14,16	what aar u go ing to cou
POOL	9049	0.749829089	3,5,7,10,12,14,16	what aar u go ing to poo
POOL	9050	0.749679099	3,5,7,10,12,14,16	what aar u go ing to add
POOL	9051	0.749443676	3,5,7,10,12,14,16	what aar u go ing to dawn
POOL	9052	0.749386294	3,5,7,10,12,14,16	what aar u go ing to tube
POOL	9053	0.749191954	3,5,7,10,12,14,16	what aar u go ing to boom
POOL	9054	0.749160813	3,5,7,10,12,14,16	what aar u go ing to pooh
POOL	9055	0.749071776	3,5,7,10,12,14,16	what aar u go ing to tune
POOL	9056	0.748695002	3,5,7,10,12,14,16	what aar u go ing to boot
POOL	9057	0.748467599	3,5,7,10,12,14,16	what aar u go ing to jaw
POOL	9058	0.748449850	3,5,7,10,12,14,16	what aar u go ing to blew
POOL	9059	0.748425702	3,5,7,10,12,14,16	what aar u go ing to de
POOL	9060	0.748418947	3,5,7,10,12,14,16	what aar u go ing to tooth
POOL	9061	0.748390922	3,5,7,10,12,14,16	what aar u go ing to booth
POOL	9062	0.748177695	3,5,7,10,12,14,16	what aar u go ing to ku
POOL	9063	0.747913581	3,5,7,10,12,14,16	what aar u go ing to dong
POOL	9064	0.747828777	3,5,7,10,12,14,16	what aar u go ing to tomb
POOL	9065	0.747712173	3,5,7,10,12,14,16	what aar u go ing to gnu
POOL	9066	0.747612713	3,5,7,10,12,14,16	what aar u go ing to dos
POOL	9067	0.747595870	3,5,7,10,12,14,16	what aar u go ing to vous
POOL	9068	0.747328698	3,5,7,10,12,14,16	what aar u go ing to sue
POOL	9069	0.747321734	3,5,7,10,12,14,16	what aar u go ing to qu
POOL	9070	0.747178480	3,5,7,10,12,14,16	what aar u go ing to chew
POOL	9071	0.747174829	3,5,7,10,12,14,16	what aar u go ing to da
POOL	9072	0.747035413	3,5,7,10,12,14,16	what aar u go ing to booze
POOL	9073	0.747005790	3,5,7,10,12,14,16	what aar u go ing to brew
POOL	9074	0.746988616	3,5,7,10,12,14,16	what aar u go ing to duh
POOL	9075	0.746868003	3,5,7,10,12,14,16	what aar u go ing to noo
POOL	9076	0.746723359	3,5,7,10,12,14,16	what aar u go ing to chu
POOL	9077	0.746696462	3,5,7,10,12,14,16	what aar u go ing to jews
POOL	9078	0.746646863	3,5,7,10,12,14,16	what aar u go ing to stew
POOL	9079	0.746593717	3,5,7,10,12,14,16	what aar u go ing to dawg
POOL	9080	0.746490147	3,5,7,10,12,14,16	what aar u go ing to odd
POOL	9081	0.746473425	3,5,7,10,12,14,16	what aar u go ing to boon
POOL	9082	0.746463772	3,5,7,10,12,14,16	what aar u go ing to doi
POOL	9083	0.746390180	3,5,7,10,12,14,16	what aar u go ing to boone
POOL	9084	0.746365944	3,5,7,10,12,14,16	what aar u go ing to boob
POOL	9085	0.746275483	3,5,7,10,12,14,16	what aar u go ing to juice
POOL	9086	0.746140036	3,5,7,10,12,14,16	what aar u go ing to choo
POOL	9087	0.746127597	3,5,7,10,12,14,16	what aar u go ing to doth
POOL	9088	0.746008852	3,5,7,10,12,14,16	what aar u go ing to cool
POOL	9089	0.745961932	3,5,7,10,12,14,16	what aar u go ing to stu
POOL	9090	0.745956274	3,5,7,10,12,14,16	what aar u go ing to soo
POOL	9091	0.745921224	3,5,7,10,12,14,16	what aar u go ing to shoe
POOL	9092	0.745834373	3,5,7,10,12,14,16	what aar u go ing to oh
POOL	9093	0.745803879	3,5,7,10,12,14,16	what aar u go ing to dawes
POOL	9094	0.745717911	3,5,7,10,12,14,16	what aar u go ing to dah
POOL	9095	0.745708858	3,5,7,10,12,14,16	what aar u go ing to dow
POOL	9096	0.745650002	2,4,8,10,12,16	a a you no in to-do
POOL	9097	0.745650002	2,4,8,10,12,16	a a you so in to-do
POOL	9098	0.745577370	3,5,7,10,12,14,16	what aar u go ing to der
POOL	9099	0.745539893	3,5,7,10,12,14,16	what aar u go ing to booed
POOL	9100	0.745506192	3,5,7,10,12,14,16	what aar u go ing to pu
POOL	9101	0.745482575	3,5,7,10,12,14,16	what aar u go ing to toon
POOL	9102	0.745482501	3,5,7,10,12,14,16	what aar u go ing to toot
POOL	9103	0.745468470	3,5,7,10,12,14,16	what aar u go ing to aw
POOL	9104	0.745388781	3,5,7,10,12,14,16	what aar u go ing to boos
POOL	9105	0.745376910	3,5,7,10,12,14,16	what aar u go ing to chou
POOL	9106	0.745285828	3,5,7,10,12,14,16	what aar u go ing to ed
POOL	9107	0.745204931	3,5,7,10,12,14,16	what aar u go ing to chiu
POOL	9108	0.745143957	3,5,7,10,12,14,16	what aar u go ing to ad
POOL	9109	0.745134976	3,5,7,10,12,14,16	what aar u go ing to d
POOL	9110	0.745115831	3,5,7,10,12,14,16	what aar u go ing to bleu
POOL	9111	0.745089582	3,5,7,10,12,14,16	what aar u go ing to boop
POOL	9112	0.745074146	3,5,7,10,12,14,16	what aar u go ing to nu
POOL	9113	0.744980809	3,5,7,10,12,14,16	what aar u go ing to sioux
POOL	9114	0.744870156	3,5,7,10,12,14,16	what aar u go ing to lou
POOL	9115	0.744827493	3,5,7,10,12,14,16	what aar u go ing to twos
POOL	9116	0.744810273	3,5,7,10,12,14,16	what aar u go ing to dore
POOL	9117	0.744723706	4,8,12,16	wada league owing trudeau
POOL	9118	0.744650695	3,5,7,10,12,14,16	what aar u go ing to touche
POOL	9119	0.744607177	3,5,7,10,12,14,16	what aar u go ing to tsu
POOL	9120	0.744584206	3,5,7,10,12,14,16	what aar u go ing to dee
POOL	9121	0.744583196	3,5,7,10,12,14,16	what aar u go ing to tuk
POOL	9122	0.744512184	3,5,7,10,12,14,16	what aar u go ing to tulle
POOL	9123	0.744425674	3,5,7,10,12,14,16	what aar u go ing to qiu
POOL	9124	0.744379827	3,5,7,10,12,14,16	what aar u go ing to doomed
POOL	9125	0.744256840	3,5,7,10,12,14,16	what aar u go ing to id
POOL	9126	0.744197124	3,5,8,10,15,16	what are new a into new
POOL	9127	0.744134798	3,5,7,10,12,14,16	what aar u go ing to boy
POOL	9128	0.744050950	2,4,8,10,12,14,16	a a you know in to doo
POOL	9129	0.744023474	3,5,7,10,12,14,16	what aar u go ing to dao
POOL	9130	0.743958888	3,5,7,10,12,14,16	what aar u go ing to joe
POOL	9131	0.743867929	3,5,7,10,12,14,16	what aar u go ing to vu
POOL	9132	0.743767912	2,4,8,10,12,14,16	a a you know in to dew
POOL	9133	0.743646191	3,5,7,10,12,14,16	what aar u go ing to crew
POOL	9134	0.743616426	3,5,8,10,15,16	what are new a into ooh
POOL	9135	0.743531087	3,5,7,10,12,14,16	what aar u go ing to jude
POOL	9136	0.743453423	3,5,7,10,12,14,16	what aar u go ing to lieu
POOL	9137	0.743453207	3,5,7,10,12,14,16	what aar u go ing to sou
POOL	9138	0.743348512	3,5,7,10,12,14,16	what aar u go ing to goo
POOL	9139	0.743346036	3,5,7,10,12,14,16	what aar u go ing to ball
POOL	9140	0.743301755	3,5,7,10,12,14,16	what aar u go ing to dea
POOL	9141	0.743269417	3,5,7,10,12,14,16	what aar u go ing to hoo
POOL	9142	0.743248181	3,5,7,10,12,14,16	what aar u go ing to dunes
POOL	9143	0.743169354	3,5,7,10,12,14,16	what aar u go ing to foo
POOL	9144	0.743101359	3,5,7,10,12,14,16	what aar u go ing to do
POOL	9145	0.743091906	3,5,8,10,15,16	what are new a into too
POOL	9146	0.743058166	3,5,7,10,12,14,16	what aar u go ing to loo
POOL	9147	0.742980349	3,5,7,10,12,14,16	what aar u go ing to lew
POOL	9148	0.742900299	3,5,7,10,12,14,16	what aar u go ing to joon
POOL	9149	0.742883780	3,5,7,10,12,14,16	what aar u go ing to di
POOL	9150	0.742877467	3,5,7,10,12,14,16	what aar u go ing to dukes
POOL	9151	0.742841651	3,5,7,10,12,14,16	what aar u go ing to shu
POOL	9152	0.742774928	3,5,7,10,12,14,16	what aar u go ing to beau
POOL	9153	0.742706755	3,5,7,10,12,14,16	what aar u go ing to aud
POOL	9154	0.742688832	3,5,7,10,12,14,16	what aar u go ing to su
POOL	9155	0.742670283	3,5,7,10,12,14,16	what aar u go ing to moo
POOL	9156	0.742669013	3,5,7,10,12,14,16	what aar u go ing to oof
POOL	9157	0.742551467	3,5,7,10,12,14,16	what aar u go ing to hou
POOL	9158	0.742501637	3,5,7,10,12,14,16	what aar u go ing to duped
POOL	9159	0.742456009	2,4,8,10,12,14,16	a a you know in to du
POOL	9160	0.742402009	3,5,7,10,12,14,16	what aar u go ing to drool
POOL	9161	0.742394519	3,5,8,10,15,16	what are new a into oooh
POOL	9162	0.742299547	3,5,7,10,12,14,16	what aar u go ing to hsu
POOL	9163	0.742270421	3,5,7,10,12,14,16	what aar u go ing to jour
POOL	9164	0.742246228	2,4,8,10,12,14,16	a a you know in to deux
POOL	9165	0.742147511	3,5,7,10,12,14,16	what aar u go ing to juve
POOL	9166	0.741996201	3,5,7,10,12,14,16	what aar u go ing to shoo
POOL	9167	0.741928065	3,5,7,10,12,14,16	what aar u go ing to boss'
POOL	9168	0.741853402	3,5,7,10,12,14,16	what aar u go ing to juke
POOL	9169	0.741818682	3,5,7,10,12,14,16	what aar u go ing to awd
POOL	9170	0.741789036	3,5,7,10,12,14,16	what aar u go ing to ewe
POOL	9171	0.741784651	3,5,7,10,12,14,16	what aar u go ing to jute
POOL	9172	0.741677721	3,5,8,10,15,16	what are new all into new
POOL	9173	0.741430160	3,5,7,10,12,14,16	what aar u go ing to awed
POOL	9174	0.741289400	3,5,7,10,12,14,16	what aar u go ing to druze
POOL	9175	0.741097023	3,5,8,10,15,16	what are new all into ooh
POOL	9176	0.741030605	3,5,7,10,12,14,16	what aar u go ing to boe
POOL	9177	0.740992851	3,5,7,10,12,14,16	what aar u go ing to fu
POOL	9178	0.740947559	3,5,8,10,11,16	what are new a a too-too
POOL	9179	0.740753798	3,5,7,10,12,14,16	what aar u go ing to caw
POOL	9180	0.740604642	3,5,7,10,12,14,16	what aar u go ing to beaux
POOL	9181	0.740572503	3,5,8,10,15,16	what are new all into too
POOL	9182	0.740493027	3,5,7,10,12,14,16	what aar u go ing to bowe
POOL	9183	0.740411644	3,5,7,10,12,14,16	what aar u go ing to bo
POOL	9184	0.740270318	3,5,7,10,12,14,16	what aar u go ing to mu
POOL	9185	0.740089941	3,5,7,10,12,14,16	what aar u go ing to lu
POOL	9186	0.739875115	3,5,8,10,15,16	what are new all into oooh
POOL	9187	0.739873081	3,5,7,10,12,14,16	what aar u go ing to hu
POOL	9188	0.739246109	3,5,7,10,12,14,16	what aar u go ing to gu
POOL	9189	0.739229934	3,5,8,10,15,16	what are new a into ou
POOL	9190	0.739205490	3,5,7,10,12,14,16	what aar u go ing to od
POOL	9191	0.739116040	3,5,8,10,15,16	what are new a into due
POOL	9192	0.739011529	4,8,11,16	what's riga obi to-do
POOL	9193	0.738980078	3,5,7,10,12,14,16	what aar u go ing to o
POOL	9194	0.738117476	3,5,8,10,15,16	what are new a into knew
POOL	9195	0.736751574	3,5,8,10,11,16	what are new a an to-do
POOL	9196	0.736751574	3,5,8,10,11,16	what are new a as to-do
POOL	9197	0.736710531	3,5,8,10,15,16	what are new all into ou
POOL	9198	0.736596636	3,5,8,10,15,16	what are new all into due
POOL	9199	0.735598072	3,5,8,10,15,16	what are new all into knew
POOL	9200	0.735199041	3,5,7,12,16	what aar u going to-do
POOL	9201	0.734919777	1,2,4,6,10,12,16	knew a ta re- go ing to-do
POOL	9202	0.734356277	3,5,7,12,16	what aar yew going to-do
POOL	9203	0.734326552	4,6,10,13,15,16	ta re- go inc food new
POOL	9204	0.733726359	3,5,7,10,12,14,16	what aar u go ing to to
POOL	9205	0.733538338	3,5,8,10,15,16	what are new a into oh
POOL	9206	0.732869611	3,5,8,10,15,16	what are new a into shoe
POOL	9207	0.732782294	3,5,8,10,15,16	what are new a into sue
POOL	9208	0.732447855	3,5,8,10,15,16	what are new a into zoo
POOL	9209	0.731955374	3,5,8,10,15,16	what are new a into coup
POOL	9210	0.731855491	3,5,8,10,15,16	what are new a into aw
POOL	9211	0.731736912	3,5,8,10,15,16	what are new a into lou
POOL	9212	0.731675579	3,5,8,10,15,16	what are new a into boo
POOL	9213	0.731476113	3,5,8,10,15,16	what are new a into woo
POOL	9214	0.731399855	2,6,10,13,15,16	rush car go inc food new
POOL	9215	0.731395424	2,4,6,10,13,16	one top re- go inc doon
POOL	9216	0.731181131	3,5,8,10,15,16	what are new a into soo
POOL	9217	0.731018935	3,5,8,10,15,16	what are new all into oh
POOL	9218	0.730645055	3,5,8,10,15,16	what are new a into doo
POOL	9219	0.730432041	3,5,8,10,15,16	what are new a into rue
POOL	9220	0.730366540	3,5,8,10,15,16	what are new a into poo
POOL	9221	0.730350207	3,5,8,10,15,16	what are new all into shoe
POOL	9222	0.730314844	3,5,8,10,15,16	what are new a into dew
POOL	9223	0.730262891	3,5,8,10,15,16	what are new all into sue
POOL	9224	0.730158324	3,5,8,10,15,16	what are new a into yoo
POOL	9225	0.730084056	3,5,8,10,15,16	what are new a into lieu
POOL	9226	0.730043090	3,5,8,10,15,16	what are new a into sioux
POOL	9227	0.730006905	2,6,10,13,16	one car go shit to-do
POOL	9228	0.729961660	3,5,8,10,15,16	what are new a into goo
POOL	9229	0.729940695	4,7,10,13,15,16	wut liu go inc too new
POOL	9230	0.729928452	3,5,8,10,15,16	what are new all into zoo
POOL	9231	0.729869383	3,5,8,10,15,16	what are new a into hoo
POOL	9232	0.729854158	3,5,8,10,15,16	what are new a into zhou
POOL	9233	0.729752642	3,5,8,10,15,16	what are new a into foo
POOL	9234	0.729631245	3,5,8,10,15,16	what are new a into coo
POOL	9235	0.729622923	3,5,8,10,15,16	what are new a into loo
POOL	9236	0.729586885	3,5,8,10,15,16	what are new a into pooh
POOL	9237	0.729532137	3,5,8,10,15,16	what are new a into lew
POOL	9238	0.729504679	3,5,8,10,15,16	what are new a into u
POOL	9239	0.729435971	3,5,8,10,15,16	what are new all into coup
POOL	9240	0.729423274	3,5,8,10,15,16	what are new a into tue
POOL	9241	0.729420342	3,5,8,10,15,16	what are new a into whew
POOL	9242	0.729360155	3,5,8,10,11,16	what are new a a doo-doo
POOL	9243	0.729336088	3,5,8,10,15,16	what are new all into aw
POOL	9244	0.729300158	1,2,4,6,10,13,16	week a ta re- go inc to-do
POOL	9245	0.729276776	3,5,8,10,15,16	what are new a into shu
POOL	9246	0.729217508	3,5,8,10,15,16	what are new all into lou
POOL	9247	0.729170393	3,5,8,10,15,16	what are new a into moo
POOL	9248	0.729168910	3,5,8,10,15,16	what are new a into oof
POOL	9249	0.729156176	3,5,8,10,15,16	what are new all into boo
POOL	9250	0.729117304	2,4,6,10,13,16	one tough re- go inc woo
POOL	9251	0.729073976	3,5,8,10,15,16	what are new a into vous
POOL	9252	0.729072832	3,5,8,10,15,16	what are new a into zhu
POOL	9253	0.729031774	3,5,8,10,15,16	what are new a into hou
POOL	9254	0.729019410	3,5,8,10,15,16	what are new a into roo
POOL	9255	0.728956710	3,5,8,10,15,16	what are new all into woo
POOL	9256	0.728854681	3,5,8,10,15,16	what are new a into gnu
POOL	9257	0.728802376	3,5,8,10,15,16	what are new a into yew
POOL	9258	0.728784291	3,5,8,10,15,16	what are new a into du
POOL	9259	0.728773383	2,6,10,13,15,16	one car go inc id new
POOL	9260	0.728758608	3,5,8,10,15,16	what are new a into oop
POOL	9261	0.728754287	3,5,8,10,15,16	what are new a into roux
POOL	9262	0.728661728	3,5,8,10,15,16	what are new all into soo
POOL	9263	0.728644321	3,5,8,10,15,16	what are new a into hsu
POOL	9264	0.728642128	3,5,8,10,15,16	what are new a into koo
POOL	9265	0.728539546	3,5,8,10,15,16	what are new a into deux
POOL	9266	0.728447126	3,5,8,10,11,16	what are new a a tutu
POOL	9267	0.728359776	3,5,8,10,15,16	what are new a into owe
POOL	9268	0.728315352	2,4,6,8,10,12,16	yeah ta re- ooh oh ing to-do
POOL	9269	0.728290418	3,5,8,10,15,16	what are new a into shoo
POOL	9270	0.728260887	3,5,8,10,15,16	what are new a into sou
POOL	9271	0.728161680	3,5,8,10,15,16	what are new a into ooze
POOL	9272	0.728142271	3,5,8,10,15,16	what are new a into ewe
POOL	9273	0.728125652	3,5,8,10,15,16	what are new all into doo
POOL	9274	0.728122467	3,5,8,10,15,16	what are new a into whoo
POOL	9275	0.728094256	3,5,8,10,15,16	what are new a into yue
POOL	9276	0.727912637	3,5,8,10,15,16	what are new all into rue
POOL	9277	0.727869816	3,5,8,10,15,16	what are new a into noo
POOL	9278	0.727847137	3,5,8,10,15,16	what are new all into poo
POOL	9279	0.727832518	3,5,8,10,15,16	what are new a into xue
POOL	9280	0.727795441	3,5,8,10,15,16	what are new all into dew
POOL	9281	0.727763536	3,5,8,10,15,16	what are new a into phu
POOL	9282	0.727665366	3,5,8,10,15,16	what are new a into cou
POOL	9283	0.727638921	3,5,8,10,15,16	what are new all into yoo
POOL	9284	0.727622774	4,6,10,13,15,16	wut re- go inc hoot new
POOL	9285	0.727564653	3,5,8,10,15,16	what are new all into lieu
POOL	9286	0.727523687	3,5,8,10,15,16	what are new all into sioux
POOL	9287	0.727442257	3,5,8,10,15,16	what are new all into goo
POOL	9288	0.727401906	3,5,8,10,11,16	what are new a a to-dos
POOL	9289	0.727369116	3,5,8,10,15,16	what are new a into su
POOL	9290	0.727364032	3,5,8,10,15,16	what are new a into yu
POOL	9291	0.727349980	3,5,8,10,15,16	what are new all into hoo
POOL	9292	0.727334755	3,5,8,10,15,16	what are new all into zhou
POOL	9293	0.727233239	3,5,8,10,15,16	what are new all into foo
POOL	9294	0.727213388	3,5,8,10,15,16	what are new a into fu
POOL	9295	0.727111842	3,5,8,10,15,16	what are new all into coo
POOL	9296	0.727103520	3,5,8,10,15,16	what are new all into loo
POOL	9297	0.727067482	3,5,8,10,15,16	what are new all into pooh
POOL	9298	0.727012734	3,5,8,10,15,16	what are new all into lew
POOL	9299	0.726985276	3,5,8,10,15,16	what are new all into u
POOL	9300	0.726974390	1,2,4,8,10,12,16	woo a ta liu oh ing to-do
POOL	9301	0.726903870	3,5,8,10,15,16	what are new all into tue
POOL	9302	0.726900939	3,5,8,10,15,16	what are new all into whew
POOL	9303	0.726886466	3,5,8,10,15,16	what are new a into wu
POOL	9304	0.726757372	3,5,8,10,15,16	what are new all into shu
POOL	9305	0.726670051	3,5,8,10,15,16	what are new a into tu
POOL	9306	0.726650990	3,5,8,10,15,16	what are new all into moo
POOL	9307	0.726649507	3,5,8,10,15,16	what are new all into oof
POOL	9308	0.726600712	2,6,10,13,15,16	one car go inc food root
POOL	9309	0.726554573	3,5,8,10,15,16	what are new all into vous
POOL	9310	0.726553429	3,5,8,10,15,16	what are new all into zhu
POOL	9311	0.726512371	3,5,8,10,15,16	what are new all into hou
POOL	9312	0.726505841	3,5,8,10,15,16	what are new a into ohh
POOL	9313	0.726500007	3,5,8,10,15,16	what are new all into roo
POOL	9314	0.726488821	3,5,8,10,15,16	what are new a into ut
POOL	9315	0.726370433	3,5,8,10,15,16	what are new a into mu
POOL	9316	0.726362448	2,6,10,11,16	one car go bea to-do
POOL	9317	0.726335278	3,5,8,10,15,16	what are new all into gnu
POOL	9318	0.726311290	4,6,10,13,15,16	wut re- go ince food new
POOL	9319	0.726282973	3,5,8,10,15,16	what are new all into yew
POOL	9320	0.726264888	3,5,8,10,15,16	what are new all into du
POOL	9321	0.726239205	3,5,8,10,15,16	what are new all into oop
POOL	9322	0.726234884	3,5,8,10,15,16	what are new all into roux
POOL	9323	0.726192200	2,4,6,8,10,12,16	one tra re- ooh oh ing to-do
POOL	9324	0.726159994	3,5,8,10,15,16	what are new a into lu
POOL	9325	0.726124918	3,5,8,10,15,16	what are new all into hsu
POOL	9326	0.726122725	3,5,8,10,15,16	what are new all into koo
POOL	9327	0.726030269	4,8,10,13,15,16	wut lou oh inc food new
POOL	9328	0.726020143	3,5,8,10,15,16	what are new all into deux
POOL	9329	0.726008524	3,5,8,10,15,16	what are new a into aux
POOL	9330	0.725906991	3,5,8,10,15,16	what are new a into hu
POOL	9331	0.725840372	3,5,8,10,15,16	what are new all into owe
POOL	9332	0.725776983	3,5,8,10,15,16	what are new a into nu
POOL	9333	0.725771015	3,5,8,10,15,16	what are new all into shoo
POOL	9334	0.725741484	3,5,8,10,15,16	what are new all into sou
POOL	9335	0.725696291	3,5,8,10,15,16	what are new a into ku
POOL	9336	0.725642276	3,5,8,10,15,16	what are new all into ooze
POOL	9337	0.725622868	3,5,8,10,15,16	what are new all into ewe
POOL	9338	0.725603064	3,5,8,10,15,16	what are new all into whoo
POOL	9339	0.725574853	3,5,8,10,15,16	what are new all into yue
POOL	9340	0.725560210	3,5,8,10,15,16	what are new a into ru
POOL	9341	0.725541661	3,5,8,10,15,16	what are new a into o
POOL	9342	0.725499284	3,5,8,10,11,15,16	what are new a a to ooh
POOL	9343	0.725350412	3,5,8,10,15,16	what are new all into noo
POOL	9344	0.725323162	3,5,8,10,15,16	what are new a into pu
POOL	9345	0.725313115	3,5,8,10,15,16	what are new all into xue
POOL	9346	0.725244133	3,5,8,10,15,16	what are new all into phu
POOL	9347	0.725226814	3,5,8,10,15,16	what are new a into wee
POOL	9348	0.725175523	3,5,8,10,15,16	what are new a into gu
POOL	9349	0.725145963	3,5,8,10,15,16	what are new all into cou
POOL	9350	0.725121056	3,5,8,10,15,16	what are new a into eau
POOL	9351	0.724982580	4,7,10,13,15,16	wut liu go inc food poo
POOL	9352	0.724888216	4,6,10,13,15,16	wut re- go inc food drew
POOL	9353	0.724878237	3,5,8,10,15,16	what are new a into xu
POOL	9354	0.724849713	3,5,8,10,15,16	what are new all into su
POOL	9355	0.724844628	3,5,8,10,15,16	what are new all into yu
POOL	9356	0.724724712	3,5,8,10,15,16	what are new a into vu
POOL	9357	0.724697670	3,5,8,10,15,16	what are new a into qu
POOL	9358	0.724693985	3,5,8,10,15,16	what are new all into fu
POOL	9359	0.724575401	3,5,8,10,15,16	what are new a into wii
POOL	9360	0.724535357	4,6,10,13,15,16	wut re- goat inc food new
POOL	9361	0.724456295	4,7,10,13,15,16	wit liu go inc food new
POOL	9362	0.724451935	3,5,8,10,11,15,16	what are new a a to oooh
POOL	9363	0.724436023	2,6,10,11,16	wad car go see to-do
POOL	9364	0.724417915	4,6,10,13,16	wit re- go inc to-do
POOL	9365	0.724367063	3,5,8,10,15,16	what are new all into wu
POOL	9366	0.724345140	2,4,6,8,10,12,16	one ta re- yoo oh ing to-do
POOL	9367	0.724263955	4,6,10,11,16	yacht re- go see to-do
POOL	9368	0.724150648	3,5,8,10,15,16	what are new all into tu
POOL	9369	0.723986437	3,5,8,10,15,16	what are new all into ohh
POOL	9370	0.723969417	3,5,8,10,15,16	what are new all into ut
POOL	9371	0.723851030	3,5,8,10,15,16	what are new all into mu
POOL	9372	0.723819640	3,5,8,10,15,16	what are new a into wah
POOL	9373	0.723796599	3,5,8,10,15,16	what are new a into au
POOL	9374	0.723687722	2,6,10,13,15,16	uh car go inc food moo
POOL	9375	0.723653139	2,6,10,13,15,16	one car goethe inc food new
POOL	9376	0.723640591	3,5,8,10,15,16	what are new all into lu
POOL	9377	0.723489121	3,5,8,10,15,16	what are new all into aux
POOL	9378	0.723387588	3,5,8,10,15,16	what are new all into hu
POOL	9379	0.723368143	1,2,4,6,10,12,16	were a duh re- go ing to-do
POOL	9380	0.723360429	3,5,8,10,15,16	what are new a into wha
POOL	9381	0.723348403	4,6,10,11,16	wut re- go boy to-do
POOL	9382	0.723257580	3,5,8,10,15,16	what are new all into nu
POOL	9383	0.723176888	3,5,8,10,15,16	what are new all into ku
POOL	9384	0.723040807	3,5,8,10,15,16	what are new all into ru
POOL	9385	0.723029215	1,2,6,11,16	wha a car go to-do
POOL	9386	0.723022258	3,5,8,10,15,16	what are new all into o
POOL	9387	0.722803759	3,5,8,10,15,16	what are new all into pu
POOL	9388	0.722707411	3,5,8,10,15,16	what are new all into wee
POOL	9389	0.722656120	3,5,8,10,15,16	what are new all into gu
POOL	9390	0.722601653	3,5,8,10,15,16	what are new all into eau
POOL	9391	0.722453756	2,6,8,10,13,16	one car new oh inc douche
POOL	9392	0.722358834	3,5,8,10,15,16	what are new all into xu
POOL	9393	0.722350588	2,4,6,8,10,12,16	one ta earle ooh oh ing to-do
POOL	9394	0.722320805	3,5,7,12,16	what aar u going too-too
POOL	9395	0.722297372	3,5,8,10,15,16	what are new a into waugh
POOL	9396	0.722291075	3,5,8,10,15,16	what are new a into wa
POOL	9397	0.722221215	2,4,6,8,10,13,16	juan ta re- ooh oh inc to-do
POOL	9398	0.722205309	3,5,8,10,15,16	what are new all into vu
POOL	9399	0.722178267	3,5,8,10,15,16	what are new all into qu
POOL	9400	0.722096488	3,5,8,10,15,16	what are new a into ow
POOL	9401	0.722055998	3,5,8,10,15,16	what are new all into wii
POOL	9402	0.722022492	2,4,6,8,10,13,16	one ta re- shu oh inc to-do
POOL	9403	0.721904155	1,2,4,8,10,13,16	oh a ta liu oh inc to-do
POOL	9404	0.721820871	1,2,4,6,10,12,16	were at ta re- go ing to-do
POOL	9405	0.721739433	3,5,8,10,11,15,16	what are new a a to ou
POOL	9406	0.721514472	3,5,8,10,15,16	what are new a into oui
POOL	9407	0.721483335	2,4,8,10,14,16	a a you know into do
POOL	9408	0.721478041	3,5,7,12,16	what aar yew going too-too
POOL	9409	0.721476424	1,2,4,7,10,13,16	coup a ta liu go inc to-do
POOL	9410	0.721371504	2,4,6,7,10,13,16	too ta re- ooh go inc to-do
POOL	9411	0.721368844	3,5,8,10,15,16	what are new a into waa
POOL	9412	0.721339529	1,2,4,6,10,12,16	were a ta reid go ing to-do
POOL	9413	0.721300237	3,5,8,10,15,16	what are new all into wah
POOL	9414	0.721277196	3,5,8,10,15,16	what are new all into au
POOL	9415	0.721026347	2,4,6,7,10,13,16	one carr re- ooh go inc to-do
POOL	9416	0.720841026	3,5,8,10,15,16	what are new all into wha
POOL	9417	0.720824954	2,4,6,7,10,12,16	one talk re- ooh go ing to-do
POOL	9418	0.720740759	1,2,6,10,13,16	were a car go inc oooh
POOL	9419	0.720725752	2,4,6,10,14,16	yeah top re- go ing due
POOL	9420	0.720600888	2,4,6,7,10,12,16	oh ta re- ooh go ing to-do
POOL	9421	0.720508375	4,6,10,11,16	wut reap go see to-do
POOL	9422	0.720418914	1,2,4,7,10,12,16	sue a ta liu go ing to-do
POOL	9423	0.720371897	1,2,4,6,10,13,16	were a khan re- go inc to-do
POOL	9424	0.720056880	2,4,6,7,10,13,16	one ta rees ooh go inc to-do
POOL	9425	0.720021249	4,8,10,13,15,16	wut yu oh inc sued new
POOL	9426	0.719818083	1,2,4,8,10,12,16	were a ta fugue oh ing to-do
POOL	9427	0.719777969	3,5,8,10,15,16	what are new all into waugh
POOL	9428	0.719771672	3,5,8,10,15,16	what are new all into wa
POOL	9429	0.719577085	3,5,8,10,15,16	what are new all into ow
POOL	9430	0.719564713	2,4,6,8,10,13,16	one ta prix ooh oh inc to-do
POOL	9431	0.719522613	2,4,6,11,16	wop top re- go to-do
POOL	9432	0.719397082	3,5,8,10,15,16	what are new a into oe
POOL	9433	0.719342468	2,4,6,11,16	one dock re- go to-do
POOL	9434	0.719112283	2,4,6,8,10,12,16	one ta re- ooh oh pin to-do
POOL	9435	0.718995069	3,5,8,10,15,16	what are new all into oui
POOL	9436	0.718929018	1,2,4,6,10,12,16	were a ta re- go year to-do
POOL	9437	0.718925623	2,4,6,7,10,12,16	one ta reese ooh go ing to-do
POOL	9438	0.718849440	3,5,8,10,15,16	what are new all into waa
POOL	9439	0.718592718	2,4,6,11,16	one top raw go to-do
POOL	9440	0.718587696	4,6,10,13,15,16	wut rid go inc food aw
POOL	9441	0.718575400	1,2,6,8,10,12,16	zoo a car ooh oh ing to-do
POOL	9442	0.718404566	1,2,4,6,10,14,16	y'are a ta re- go into due
POOL	9443	0.718341710	4,8,10,13,15,16	wut league oh inc words' new
POOL	9444	0.717781521	4,8,10,13,15,16	wut league oh feet food new
POOL	9445	0.717535962	1,2,4,6,10,13,16	were but ta re- go inc to-do
POOL	9446	0.717443417	2,4,6,7,10,13,16	one ta re- shaw go inc to-do
POOL	9447	0.717377103	2,4,7,10,13,16	one top liu go inc wad
POOL	9448	0.717309529	1,2,6,11,16	were eh car go to-do
POOL	9449	0.717179092	2,6,10,13,16	ma car go inc to-do
POOL	9450	0.717104357	4,6,8,10,13,16	wok re- new oh inc deux
POOL	9451	0.716924038	2,4,8,10,12,14,16	a a you no in to due
POOL	9452	0.716880229	2,4,6,8,10,14,16	wad ta re- ooh oh into due
POOL	9453	0.716877679	3,5,8,10,15,16	what are new all into oe
POOL	9454	0.716825088	2,4,6,7,10,12,16	one ta re- blue go ing to-do
POOL	9455	0.716799909	2,6,10,13,15,16	one parr go inc moot new
POOL	9456	0.716781239	2,6,10,13,16	love carr go inc to-do
POOL	9457	0.716756514	4,7,10,11,16	wut law go see to-do
POOL	9458	0.716713163	4,7,10,11,16	wut new go id to-do
POOL	9459	0.716565493	2,6,10,12,16	umm car go in to-do
POOL	9460	0.716430421	2,4,6,10,16	y. top re- go to-do
POOL	9461	0.716316891	2,4,6,10,16	one ta'if re- go to-do
POOL	9462	0.716262268	2,4,6,7,10,14,16	one cause re- ooh go into due
POOL	9463	0.716247554	4,8,10,13,15,16	wut league oh inc food route
POOL	9464	0.715816429	1,2,4,8,10,12,16	were a tough liu oh ing to-do
POOL	9465	0.715752834	2,4,6,7,10,13,16	one ta re- ooh go unc to-do
POOL	9466	0.715708570	2,4,6,8,10,13,16	one ta re- ooh oh ince to-do
POOL	9467	0.715682676	1,4,6,11,16	were ahh re- go to-do
POOL	9468	0.715465592	1,2,4,6,10,13,16	were a ta re- go lit to-do
POOL	9469	0.715302340	1,2,4,7,10,13,16	were son ta liu go inc to-do
POOL	9470	0.715266793	1,2,4,8,10,13,16	were raw ta liu oh inc to-do
POOL	9471	0.715241795	2,4,6,8,10,13,16	one it re- ooh oh inc to-do
POOL	9472	0.715200338	2,4,6,8,10,15,16	wow ta re- ooh oh into ooh
POOL	9473	0.714987071	2,4,7,11,16	up top new go to-do
POOL	9474	0.714971130	2,6,8,10,13,16	one taj new oh inc deux
POOL	9475	0.714805532	3,6,10,11,16	wut free go see to-do
POOL	9476	0.714636264	2,4,6,7,10,15,16	wang ta re- ooh go into ooh
POOL	9477	0.714390403	4,7,10,13,15,16	ta liu go inc should new
POOL	9478	0.714368716	2,6,10,13,15,16	watt car woe inc food new
POOL	9479	0.714281000	4,8,10,13,15,16	wut lou oh inc food zoo
POOL	9480	0.714183304	1,2,4,7,10,12,16	were th'are ta liu go ing to-do
POOL	9481	0.714108843	2,6,10,11,16	one car gove see to-do
POOL	9482	0.714079970	2,5,10,11,16	one car go lee to-do
POOL	9483	0.713907578	4,7,10,13,15,16	wut wii go inc food new
POOL	9484	0.713834830	1,2,4,6,10,12,16	were a ta re- aux ing to-do
POOL	9485	0.713798331	4,6,10,13,16	wut r. go inc to-do
POOL	9486	0.713779337	4,8,10,11,16	wut league oh b to-do
POOL	9487	0.713765095	2,4,7,10,14,16	one top liu go inked due
POOL	9488	0.713697412	2,5,10,13,15,16	one car woe inc food new
POOL	9489	0.713535865	2,6,10,11,16	one car whoa why to-do
POOL	9490	0.713457642	1,2,4,8,10,13,16	well a ta rogue oh inc to-do
POOL	9491	0.713374739	4,8,10,11,16	wut lew oh see to-do
POOL	9492	0.713318081	1,2,4,8,10,12,16	were as ta liu oh ing to-do
POOL	9493	0.713286589	1,2,4,8,10,12,16	were ugh ta liu show ing to-do
POOL	9494	0.713266076	2,4,6,10,14,16	one tal re- go tu due
POOL	9495	0.713187042	2,6,10,14,16	whoa car go into due
POOL	9496	0.713086632	2,6,10,12,16	run torn go in to-do
POOL	9497	0.713067321	4,6,10,12,16	wut writ go in to-do
POOL	9498	0.713015206	2,4,8,10,16	one top mew oh to-do
POOL	9499	0.712769382	2,6,10,12,16	one car go mein to-do
POOL	9500	0.712755049	4,8,10,11,16	wut roux oh she to-do
POOL	9501	0.712742925	1,2,4,6,10,14,16	were r. ta re- go into due
POOL	9502	0.712712983	2,4,8,10,12,14,16	one ta raju oh ing too due
POOL	9503	0.712581166	1,2,6,8,10,12,16	were al. car ooh oh ing to-do
POOL	9504	0.712570394	4,7,10,13,16	wok new go inc to-do
POOL	9505	0.712568735	2,4,6,8,10,14,16	one ta re- whoo oh into due
POOL	9506	0.712506568	1,2,6,7,10,12,16	were a car coup go ing to-do
POOL	9507	0.712454508	1,2,6,10,16	were r car go to-do
POOL	9508	0.712436915	2,4,6,7,10,14,16	one ta re- coo go into due
POOL	9509	0.712220538	2,4,6,7,10,14,16	one ta nee ooh go into due
POOL	9510	0.712153854	1,2,4,8,10,13,16	were a ta ree oh inc to-do
POOL	9511	0.712067249	2,4,6,10,16	uhh top rule go to-do
POOL	9512	0.712010206	1,2,6,8,10,12,16	were a char ooh oh ing to-do
POOL	9513	0.711985188	1,2,4,8,10,13,16	were a con liu oh inc to-do
POOL	9514	0.711946751	1,2,4,7,10,13,16	were a pot liu go inc to-do
POOL	9515	0.711728266	2,6,8,11,16	one char new oh to-do
POOL	9516	0.711519899	2,4,7,11,16	one top meu go to-do
POOL	9517	0.711464249	4,6,10,13,15,16	wut re- wo end food new
POOL	9518	0.711238764	2,5,6,8,10,12,16	one car yeah ugh oh ing to-do
POOL	9519	0.711224195	1,2,6,8,10,13,16	weed a car ooh oh inc to-do
POOL	9520	0.711221167	1,2,6,8,10,12,16	were a car gah oh ing to-do
POOL	9521	0.711112078	2,4,6,10,12,16	y'are top re- go in tue
POOL	9522	0.711065553	4,8,10,13,16	wop league oh inc to-do
POOL	9523	0.711041073	4,7,10,13,15,16	yuck yue go inc food new
POOL	9524	0.711040041	1,2,4,7,10,14,16	were ugh ta liu go into due
POOL	9525	0.710868660	1,2,4,7,10,12,16	were a took liu go ing to-do
POOL	9526	0.710863977	1,2,4,8,10,14,16	boo a ta liu oh into due
POOL	9527	0.710749472	4,8,10,11,16	yuck league oh see to-do
POOL	9528	0.710690222	2,4,7,10,11,15,16	one ta liu go she to-do ooh
POOL	9529	0.710688679	2,4,6,8,10,12,16	one cha re- ooh toe ing to-do
POOL	9530	0.710659768	2,6,8,11,16	bois car new oh to-do
POOL	9531	0.710565298	2,4,7,10,16	wee top new go to-do
POOL	9532	0.710533289	2,4,6,8,10,14,16	one doc re- ooh oh into due
POOL	9533	0.710522366	2,6,9,11,16	oooh car go we to-do
POOL	9534	0.710449564	1,2,4,8,10,12,16	were a ta liu oh sin to-do
POOL	9535	0.710448285	4,7,10,13,15,16	wut liu go sinned food new
POOL	9536	0.710382663	2,4,7,10,16	one tell new go to-do
POOL	9537	0.710289738	4,6,9,11,16	ta re- go we to-do
POOL	9538	0.710270161	2,4,6,8,10,13,16	one twa re- hoo oh inc to-do
POOL	9539	0.710230912	2,6,10,11,16	wen cars' go see to-do
POOL	9540	0.710226472	2,4,6,10,12,15,16	one pos re- go ing to-do ooh
POOL	9541	0.710028412	4,6,8,10,16	wok re- new oh to-do
POOL	9542	0.710025339	4,6,10,12,16	wut re- go il to-do
POOL	9543	0.710017617	4,6,10,11,16	yuk re- go year to-do
POOL	9544	0.710007141	1,2,4,7,10,13,16	were a ta brew go inc to-do
POOL	9545	0.710006300	2,4,6,10,11,15,16	word ta re- go a to-do ooh
POOL	9546	0.709898680	4,6,10,14,16	wut reece go into due
POOL	9547	0.709839632	4,8,10,14,16	wut roo oh into due
POOL	9548	0.709674157	2,4,6,10,13,16	one top very go inc to-do
POOL	9549	0.709663195	2,4,8,10,12,14,16	a a you no in to doo
POOL	9550	0.709644830	1,2,6,10,13,15,16	were a carly go inc food ooh
POOL	9551	0.709642954	2,4,8,10,13,15,16	one ta liu oh inuit food ooh
POOL	9552	0.709478310	1,2,6,7,10,12,16	wong a car ooh go ing to-do
POOL	9553	0.709409625	4,6,8,11,16	yacht re- new oh to-do
POOL	9554	0.709395456	2,4,6,10,13,14,16	yeah ta re- go inter ooh due
POOL	9555	0.709380157	2,4,8,10,12,14,16	a a you no in to dew
POOL	9556	0.709320933	2,5,10,11,16	one d'or go see to-do
POOL	9557	0.709314723	2,4,6,10,12,15,16	one ta re- wo ing to-do ooh
POOL	9558	0.709277542	3,4,6,8,10,12,16	wut ahh re- ooh oh a to-do
POOL	9559	0.709238308	4,7,10,11,16	wap new go see to-do
POOL	9560	0.709200497	2,4,6,10,12,15,16	ca ta re- go ing to-do ooh
POOL	9561	0.709110146	2,4,6,8,10,15,16	one ta re- moo oh into ooh
POOL	9562	0.709040201	2,6,10,15,16	wong car go into new
POOL	9563	0.709014793	2,4,6,7,10,12,16	one ta re- ooh go i'm to-do
POOL	9564	0.708977830	1,2,6,7,10,12,16	were a car ooh go ning to-do
POOL	9565	0.708976453	4,6,10,13,16	wut re- go inc hutu
POOL	9566	0.708962797	4,6,10,14,16	ut re- go into due
POOL	9567	0.708945641	4,6,10,13,16	wut re- go yank to-do
POOL	9568	0.708910669	2,4,6,10,16	one top re- goad to-do
POOL	9569	0.708839895	4,8,10,12,16	wack league oh in to-do
POOL	9570	0.708699426	2,4,7,10,16	one top cue go to-do
POOL	9571	0.708662750	2,4,8,9,10,12,16	one ta liu ooh au ing to-do
POOL	9572	0.708652211	1,2,4,8,10,15,16	wu a ta liu oh into ooh
POOL	9573	0.708601433	2,6,10,15,16	one car go into sue
POOL	9574	0.708468009	1,2,4,7,10,15,16	lou a ta liu go into ooh
POOL	9575	0.708464131	2,4,6,8,10,12,16	one r. re- log oh ing to-do
POOL	9576	0.708415920	3,5,7,12,16	what aar u going doo-doo
POOL	9577	0.708409151	4,6,10,12,16	wut re- ohh in to-do
POOL	9578	0.708386949	2,6,8,10,16	one car fu oh to-do
POOL	9579	0.708349701	2,6,8,11,16	one car ohh oh to-do
POOL	9580	0.708231639	2,4,6,10,12,15,16	one ta leaf go ing to-do ooh
POOL	9581	0.708145980	2,4,6,7,10,12,16	one tod reel ooh go ing to-do
POOL	9582	0.708097520	2,4,6,7,10,15,16	one pot re- ooh go into ooh
POOL	9583	0.708068254	2,4,8,10,12,14,16	a a you no in to du
POOL	9584	0.708052511	1,2,4,6,10,13,16	wah a ta re- gove inc to-do
POOL	9585	0.708007231	1,4,6,7,10,12,16	were ack re- ooh go ing to-do
POOL	9586	0.707969713	2,6,10,11,16	o. car go ing to-do
POOL	9587	0.707858473	2,4,8,10,12,14,16	a a you no in to deux
POOL	9588	0.707767036	1,4,6,7,10,12,16	web at re- ooh go ing to-do
POOL	9589	0.707713862	2,4,6,10,13,16	rum top re- go inc ode
POOL	9590	0.707712666	4,6,7,11,16	whit re- new go to-do
POOL	9591	0.707618973	2,4,8,10,16	one ska league oh to-do
POOL	9592	0.707612351	4,6,8,10,13,15,16	wut erie ooh oh inc food ooh
POOL	9593	0.707607326	2,4,8,11,16	one cob league oh to-do
POOL	9594	0.707573156	3,5,7,12,16	what aar yew going doo-doo
POOL	9595	0.707531031	4,8,10,13,15,16	wop league oh inc food dew
POOL	9596	0.707483053	4,7,10,13,16	wut leigh go inc to-do
POOL	9597	0.707481262	1,2,5,6,10,12,16	ohh a car yeah go ing to-do
POOL	9598	0.707422759	1,4,6,11,16	e'er at re- go to-do
POOL	9599	0.707388936	1,2,5,7,10,13,16	ear a car yoo go inc to-do
POOL	9600	0.707342646	1,2,4,8,10,13,16	were a ta liu oh ist to-do
POOL	9601	0.707329337	1,2,4,8,10,12,16	were a ta liu old ing to-do
POOL	9602	0.707320285	3,5,7,12,16	what aar u going tutu
POOL	9603	0.707243578	1,2,4,7,10,13,16	were a ta liu go knit to-do
POOL	9604	0.707074621	4,6,8,10,16	wut earle new oh to-do
POOL	9605	0.707030871	3,4,6,8,10,12,16	wut ahh re- ooh dough ing to-do
POOL	9606	0.706988446	1,2,4,7,10,12,16	were umm tosh liu go ing to-do
POOL	9607	0.706976411	4,6,8,11,16	wut girl new oh to-do
POOL	9608	0.706866263	2,4,8,11,16	one top rogue low to-do
POOL	9609	0.706865616	1,6,8,10,13,15,16	were atoll ooh oh inc food ooh
POOL	9610	0.706831584	2,4,8,10,16	woah top league oh to-do
POOL	9611	0.706820988	1,4,6,8,10,12,16	were at re- sioux oh ing to-do
POOL	9612	0.706809766	2,4,8,11,16	un top league oh to-do
POOL	9613	0.706750128	4,7,10,11,16	wad new go she to-do
POOL	9614	0.706711800	2,4,6,8,10,15,16	one ta rid ooh oh into ooh
POOL	9615	0.706701742	1,2,4,6,10,12,16	weak a -san re- go ing to-do
POOL	9616	0.706697124	3,5,8,10,15,16	what are new a into who
POOL	9617	0.706691020	3,5,7,12,16	what aar u going to-dos
POOL	9618	0.706645491	4,6,9,11,16	wut nie go we to-do
POOL	9619	0.706644394	2,4,6,7,10,13,16	uhh ta re- ooh go tit to-do
POOL	9620	0.706617852	3,5,8,10,15,16	what are new a into two
POOL	9621	0.706602998	2,4,6,9,10,12,16	one ta re- go out ing to-do
POOL	9622	0.706597018	1,2,4,7,10,12,16	were a ta liu go eye to-do
POOL	9623	0.706576201	2,4,6,8,12,15,16	one ta re- ooh owing sued ooh
POOL	9624	0.706477521	3,5,7,12,16	what aar yew going tutu
POOL	9625	0.706223974	2,4,6,10,13,15,16	una ta re- go inc ut ooh
POOL	9626	0.706200451	2,5,10,13,16	win car go inc to-do
POOL	9627	0.706143462	3,6,10,13,16	wut earl go inc to-do
POOL	9628	0.706073482	4,6,10,12,16	wac pre go in to-do
POOL	9629	0.705959554	1,2,4,5,10,13,16	new a ta air hugo inc due
POOL	9630	0.705882241	2,4,6,10,16	one tock prix go to-do
POOL	9631	0.705848257	3,5,7,12,16	what aar yew going to-dos
POOL	9632	0.705777565	2,4,6,9,10,12,16	one ta re- waugh a ing to-do
POOL	9633	0.705741133	3,6,10,13,15,16	wac air go inc food new
POOL	9634	0.705591496	4,6,10,13,16	witt re go inc to-do
POOL	9635	0.705581006	2,4,8,13,16	one top league oat to-do
POOL	9636	0.705556619	2,6,10,11,16	one star's go shit to-do
POOL	9637	0.705549319	4,6,10,13,16	wut re- quo inc to-do
POOL	9638	0.705546864	1,2,6,8,10,13,16	were a t. ooh oh inc to-do
POOL	9639	0.705505881	1,2,6,8,10,13,16	were ed car ooh oh inc to-do
POOL	9640	0.705487035	2,4,6,7,10,14,16	soo ta re- ooh go into due
POOL	9641	0.705448347	4,6,8,10,16	wut re- whoo oh to-do
POOL	9642	0.705422328	2,4,6,7,10,12,16	one tough re- room go ing to-do
POOL	9643	0.705414494	4,6,8,11,16	wut re- yue oh to-do
POOL	9644	0.705388554	2,6,10,12,16	ya car go with to-do
POOL	9645	0.705331539	2,4,5,8,10,12,16	one ta or rue oh ing to-do
POOL	9646	0.705112353	2,4,8,10,13,15,16	ooh ta raju oh inc food ooh
POOL	9647	0.705089419	1,4,6,8,10,12,16	ware at re- ooh oh ing to-do
POOL	9648	0.705068819	2,4,6,10,12,15,16	one ta re- go feng to-do ooh
POOL	9649	0.705041096	2,4,6,10,12,15,16	y'are xia re- go ing to-do ooh
POOL	9650	0.704935540	1,2,6,8,10,12,16	were a car ooh oh din to-do
POOL	9651	0.704883498	1,2,4,6,10,13,16	ear app ta re- go inc to-do
POOL	9652	0.704787539	1,2,4,8,10,14,16	were cut ta liu oh into due
POOL	9653	0.704771527	2,4,8,10,11,15,16	one ta liu oh vee to-do ooh
POOL	9654	0.704737567	2,4,8,11,16	one top league ooh to-do
POOL	9655	0.704718755	2,4,7,10,12,15,16	way ta liu go ing to-do ooh
POOL	9656	0.704633876	2,4,6,10,12,15,16	one ta re- go ing to-do queue
POOL	9657	0.704622133	2,4,6,10,11,15,16	one cot re- go a to-do ooh
POOL	9658	0.704587601	1,2,4,5,10,13,16	new a top air hugo inc due
POOL	9659	0.704563121	2,4,6,7,10,15,16	one ta re- way go into ooh
POOL	9660	0.704558541	4,6,10,14,16	wut re- wo into due
POOL	9661	0.704558017	2,6,10,13,16	one car gu inc to-do
POOL	9662	0.704551233	4,6,10,12,16	wap re- go been to-do
POOL	9663	0.704550344	1,2,6,7,10,12,16	were cuz car ooh go ing to-do
POOL	9664	0.704470123	4,8,10,11,16	wok league oh why to-do
POOL	9665	0.704406314	2,5,6,8,10,12,16	one car mi ooh oh ing to-do
POOL	9666	0.704388496	2,4,7,10,12,15,16	one khan liu go ing to-do ooh
POOL	9667	0.704386003	2,4,8,10,12,15,16	one ta lu oh ing to-do ooh
POOL	9668	0.704348957	1,2,4,6,10,12,16	gnu tough ta re- go ing to-do
POOL	9669	0.704324773	4,7,10,13,16	wut new go ping to-do
POOL	9670	0.704305749	1,2,5,8,10,12,16	watt a car yoo oh ing to-do
POOL	9671	0.704302512	1,4,6,8,10,12,16	were at re- ooh oh mean to-do
POOL	9672	0.704275552	4,6,9,11,16	wut re- go owe to-do
POOL	9673	0.704186585	1,2,4,6,10,15,16	a a ta re- go into ooh
POOL	9674	0.704177721	3,5,8,10,15,16	what are new all into who
POOL	9675	0.704144204	4,6,10,13,15,16	witt re- goethe inc food new
POOL	9676	0.704119299	2,4,6,9,10,12,16	one ta rear go a ing to-do
POOL	9677	0.704103248	4,8,10,14,16	wad league oh into due
POOL	9678	0.704098448	3,5,8,10,15,16	what are new all into two
POOL	9679	0.704094586	4,6,10,13,15,16	what's re- go inc food shoe
POOL	9680	0.704077952	4,6,7,10,12,16	wut re- new go in chewed
POOL	9681	0.704055963	4,7,10,15,16	yacht new go into new
POOL	9682	0.703913434	1,2,6,8,10,13,16	sioux a car cog oh inc to-do
POOL	9683	0.703904597	4,8,10,11,16	wut league code see to-do
POOL	9684	0.703846745	1,2,5,8,10,12,16	were a car yoo oh ease to-do
POOL	9685	0.703835736	1,2,5,6,10,12,16	were a car v. go ing to-do
POOL	9686	0.703803539	4,6,8,10,11,15,16	wut re- ooh oh wee to-do ooh
POOL	9687	0.703744878	2,6,8,10,11,15,16	one car ooh oh leigh to-do ooh
POOL	9688	0.703681411	1,4,6,8,10,12,16	work thom re- ooh oh ing to-do
POOL	9689	0.703576007	1,2,4,7,10,13,16	webb a ta ru go inc to-do
POOL	9690	0.703561467	1,2,4,6,10,14,16	were a saw re- go into due
POOL	9691	0.703532221	3,4,6,7,10,13,16	wut ahh he ooh go inc to-do
POOL	9692	0.703506437	2,4,6,7,10,13,16	one tough lean ooh go inc to-do
POOL	9693	0.703432957	2,5,10,11,16	one car roh see to-do
POOL	9694	0.703249992	4,8,10,13,16	wat league oh link to-do
POOL	9695	0.703241287	4,6,8,10,11,15,16	wat re- ooh oh a to-do ooh
POOL	9696	0.703134674	4,6,8,10,11,15,16	wut re- oof oh a to-do ooh
POOL	9697	0.703126937	2,5,8,10,13,15,16	one car krueger oh inc food ooh
POOL	9698	0.703024106	4,8,10,15,16	whit league oh into new
POOL	9699	0.702995188	2,5,10,13,16	one conn go inc to-do
POOL	9700	0.702841875	2,4,6,7,10,15,16	one ta re- ooh go into roof
POOL	9701	0.702827804	2,6,10,14,16	one coll go into due
POOL	9702	0.702740751	2,4,6,7,10,12,16	o. ta re- oh go ing to-do
POOL	9703	0.702733857	2,4,6,8,10,15,16	one ta re- ooh oh into rule
POOL	9704	0.702700532	1,2,4,8,10,13,16	were a ta liu shows' inc to-do
POOL	9705	0.702679800	2,4,7,10,11,15,16	one ta liu go a to-do foo
POOL	9706	0.702537944	1,2,6,8,10,13,16	were a car wags oh inc to-do
POOL	9707	0.702523575	1,2,4,6,10,14,16	were a ta cree go into due
POOL	9708	0.702445465	1,2,4,8,10,13,16	were um ta meu oh inc to-do
POOL	9709	0.702408886	1,2,4,8,10,15,16	were ass ta liu oh into ooh
POOL	9710	0.702387661	4,6,8,10,11,15,16	wut roar ooh oh a to-do ooh
POOL	9711	0.702378102	1,2,5,10,13,15,16	u a car hugo inc food ooh
POOL	9712	0.702352311	1,2,4,7,10,15,16	were oh ta liu go into ooh
POOL	9713	0.702335589	2,4,8,10,12,15,16	one tea liu oh ing to-do ooh
POOL	9714	0.702327176	2,6,10,15,16	one car whoa into new
POOL	9715	0.702318926	2,6,7,10,13,15,16	one car ooh go incur food ooh
POOL	9716	0.702262846	2,4,8,9,10,12,16	one ta yue ooh a ing to-do
POOL	9717	0.702222366	2,4,8,10,11,15,16	wall ta liu oh a to-do ooh
POOL	9718	0.702212053	2,4,6,8,12,16	raw top re- new owing to-do
POOL	9719	0.702195198	1,4,6,10,13,15,16	war atoll re- go inc food ooh
POOL	9720	0.702190346	2,4,7,10,12,15,16	one ta woo go ing to-do ooh
POOL	9721	0.702176637	1,2,6,7,10,14,16	o. a car ooh go into due
POOL	9722	0.702055379	1,4,6,8,10,12,16	were at re- ooh tow ing to-do
POOL	9723	0.702044586	4,6,10,15,16	wut re- go into cue
POOL	9724	0.702043829	2,5,10,13,16	one car go tink to-do
POOL	9725	0.702024344	2,4,6,8,13,15,16	one ta re- phu owing food ooh
POOL	9726	0.701921910	1,2,5,8,10,12,16	were a car yoo toe ing to-do
POOL	9727	0.701902659	4,6,9,11,16	wut re- gah we to-do
POOL	9728	0.701822765	2,4,7,10,13,16	one pot liu go inc ow
POOL	9729	0.701813465	1,2,4,7,10,14,16	uhh a ta liu go into due
POOL	9730	0.701767120	4,8,10,12,16	wut league oh wings' to-do
POOL	9731	0.701735527	4,6,10,14,16	wad lea go into due
POOL	9732	0.701712768	4,8,10,13,16	wut lieu low inc to-do
POOL	9733	0.701698730	4,7,10,12,16	witt new go in to-do
POOL	9734	0.701686744	4,7,10,13,15,16	wut roos go inc tube new
POOL	9735	0.701686336	2,4,6,11,16	one top pre wo to-do
POOL	9736	0.701632495	1,2,4,6,11,15,16	with a ta re- go to-do ooh
POOL	9737	0.701537437	1,2,4,6,11,15,16	were air ta re- go to-do ooh
POOL	9738	0.701524634	2,4,6,10,11,15,16	one conn. re- go aye to-do ooh
POOL	9739	0.701521660	1,2,4,8,10,12,16	one a ta meu oh ing to-do
POOL	9740	0.701499456	2,4,6,8,12,16	one sa re- new owing to-do
POOL	9741	0.701420299	4,6,7,11,16	wut rang new go to-do
POOL	9742	0.701409322	4,8,9,11,16	wut mew new we to-do
POOL	9743	0.701384237	1,2,5,7,10,13,16	were ups car yoo go inc to-do
POOL	9744	0.701362154	1,2,4,6,10,15,16	were a cock re- go into ooh
POOL	9745	0.701350353	2,4,8,10,12,15,16	rub ta liu oh ing to-do ooh
POOL	9746	0.701321771	2,4,6,7,10,13,16	one ta re- ooh sho inc to-do
POOL	9747	0.701307762	3,4,6,7,10,13,16	wut cock re- ooh go inc to-do
POOL	9748	0.701287781	4,8,10,13,16	wut league oh winked to-do
POOL	9749	0.701118115	2,4,8,10,11,15,16	one ta lieu oh a to-do ooh
POOL	9750	0.701092801	2,4,6,11,16	yun pop re- go to-do
POOL	9751	0.701064392	2,4,7,11,16	one on new go to-do
POOL	9752	0.701062113	3,6,8,10,13,15,16	wut ari gi oh inc food ooh
POOL	9753	0.701041862	2,4,6,8,10,12,16	yeh ta re- rogue oh ing to-do
POOL	9754	0.701029848	2,4,5,8,10,12,16	one ta poor yoo oh ing to-do
POOL	9755	0.700930658	1,2,6,8,10,13,16	yoo a car ooh co. inc to-do
POOL	9756	0.700919939	2,6,10,15,16	ah car go into lieu
POOL	9757	0.700871041	1,4,6,10,13,15,16	were at re- go inca food ooh
POOL	9758	0.700842715	2,4,8,10,13,14,16	yuh ta redo oh inc ooh due
POOL	9759	0.700747988	4,8,9,11,16	wut league awe we to-do
POOL	9760	0.700746864	2,4,7,8,10,12,16	one ta liu gaulle oh ing to-do
POOL	9761	0.700735901	2,6,9,11,16	one car aux we to-do
POOL	9762	0.700618439	2,4,6,8,13,15,16	one ta re- ooh owen food ooh
POOL	9763	0.700592928	2,4,7,10,11,15,16	eh ta liu go a to-do ooh
POOL	9764	0.700511613	1,2,4,6,10,14,16	were a ta re- go anew due
POOL	9765	0.700487184	3,4,6,7,10,13,16	putt ahh re- ooh go inc to-do
POOL	9766	0.700454393	2,4,6,8,10,14,16	one ta re- ooh zone into due
POOL	9767	0.700447124	3,5,8,10,15,16	what are new a into were
POOL	9768	0.700370940	2,4,8,9,10,13,16	uhh ta liu ooh ohh inc to-do
POOL	9769	0.700370058	1,2,4,5,10,13,16	new a top new hugo inc due
POOL	9770	0.700359574	2,4,6,7,10,12,16	one ta re- ooh roe ing to-do
POOL	9771	0.700254050	2,6,10,14,16	one car go untrue due
POOL	9772	0.700249905	4,8,10,15,16	wut ri oh into new
POOL	9773	0.700246154	1,4,8,10,13,15,16	were dada liu oh inc food ooh
POOL	9774	0.700241127	2,4,6,7,11,16	one top early new go to-do
POOL	9775	0.700203357	3,4,6,10,12,16	wut ahh re- go in towed
POOL	9776	0.700152207	1,2,4,6,8,13,16	woo a ta re- ooh oat to-do
POOL	9777	0.700088992	1,2,4,6,10,13,16	wong a ta re- go ain to-do
POOL	9778	0.700084744	1,2,4,8,12,16	waugh a top league owing to-do
POOL	9779	0.700063179	2,4,8,9,10,12,16	one ta liu go a ing to-do
POOL	9780	0.700013376	4,6,8,13,15,16	wut re- org wink food new
POOL	9781	0.700011630	4,7,10,13,16	wut yew go ent to-do
POOL	9782	0.700011016	2,4,6,8,12,16	one top re- pooh owing to-do
POOL	9783	0.699994340	2,4,6,8,13,15,16	will ta re- ooh owing food ooh
POOL	9784	0.699992439	1,2,4,5,10,13,16	new a ta air hugo inc too
POOL	9785	0.699916319	2,4,6,8,13,15,16	one saw re- ooh owing food ooh
POOL	9786	0.699912936	2,4,7,10,12,15,16	one ta liu go ins to-do ooh
POOL	9787	0.699910316	2,4,6,10,12,15,16	young ta league go ing to-do ooh
POOL	9788	0.699874153	1,2,4,8,10,15,16	whew a ta ru oh into ooh
POOL	9789	0.699863548	4,8,10,11,16	wat loo oh see to-do
POOL	9790	0.699861065	1,2,4,8,13,15,16	won a ta liu owing food ooh
POOL	9791	0.699850682	2,4,8,10,12,14,16	a a you know in to do
POOL	9792	0.699802984	1,2,6,7,10,12,16	lew a r.'s ooh go ing to-do
POOL	9793	0.699793008	1,2,4,7,10,14,16	were a tod liu go into due
POOL	9794	0.699739831	4,6,8,10,13,16	wut rye new oh inc ut
POOL	9795	0.699615215	2,4,6,7,10,14,16	yup sha re- ooh go into due
POOL	9796	0.699613791	3,5,8,10,15,16	what are new a into we
POOL	9797	0.699577407	4,7,10,15,16	wut row go into new
POOL	9798	0.699576157	1,2,4,6,10,15,16	wood nah ta re- go into ooh
POOL	9799	0.699572357	2,4,8,10,14,16	up top league oh ent due
POOL	9800	0.699483806	1,2,4,6,10,15,16	were a ta reap go into ooh
POOL	9801	0.699471152	4,8,10,13,16	wut lew oh end to-do
POOL	9802	0.699458479	2,4,6,7,10,14,16	one ta re- ooh go into dawn
POOL	9803	0.699422945	1,2,6,8,10,12,16	were a car ooh grow ing to-do
POOL	9804	0.699415849	3,4,6,8,10,12,16	wut nod re- ooh oh ing to-do
POOL	9805	0.699367057	1,2,5,8,10,12,16	were sung car yoo oh ing to-do
POOL	9806	0.699331700	1,2,6,8,10,12,16	were ass car yew oh ing to-do
POOL	9807	0.699250402	2,4,6,7,10,13,16	ohh pot re- ooh go inc to-do
POOL	9808	0.699197340	1,2,4,6,10,12,16	wool a ta re- go il to-do
POOL	9809	0.699190772	2,4,6,8,10,12,16	rub kos re- ooh oh ing to-do
POOL	9810	0.699147543	2,4,6,7,10,13,16	one ton re- tooth go inc to-do
POOL	9811	0.699085022	2,4,6,10,11,15,16	up ta re- go king to-do ooh
POOL	9812	0.699076884	2,4,6,8,10,13,16	yum cod re- ooh oh inc to-do
POOL	9813	0.699043471	1,4,6,7,10,12,16	work at ni ooh go ing to-do
POOL	9814	0.699029134	1,2,6,7,10,12,16	were a car ooh au ing to-do
POOL	9815	0.699024015	1,2,4,6,10,14,16	wang won ta re- go into due
POOL	9816	0.698971753	1,2,4,7,10,13,16	were add ta leigh go inc to-do
POOL	9817	0.698957569	4,6,8,10,16	wut re- new note to-do
POOL	9818	0.698913740	3,6,7,10,13,15,16	rot ari ooh go inc food ooh
POOL	9819	0.698902875	1,6,8,10,13,15,16	were atoll ugh oh inc food ooh
POOL	9820	0.698879891	1,2,4,8,10,14,16	were a ta mew oh into due
POOL	9821	0.698878427	2,4,6,8,13,15,16	one ta cree ooh owing food ooh
POOL	9822	0.698867267	1,2,4,8,10,12,16	ohh a spa liu oh ing to-do
POOL	9823	0.698835184	1,2,4,8,10,13,16	aux love ta liu oh inc to-do
POOL	9824	0.698737167	2,5,6,8,10,12,16	rug car yeah ooh oh ing to-do
POOL	9825	0.698698710	1,2,4,5,10,13,16	new a ta air hugo inc doo
POOL	9826	0.698687866	2,4,8,10,12,16	one top league oh in towed
POOL	9827	0.698649482	2,4,6,10,11,15,16	one ta re- go a to-do nude
POOL	9828	0.698620487	1,2,4,5,10,13,16	new a top air hugo inc too
POOL	9829	0.698620112	3,6,7,10,13,15,16	wut ari aux go inc food ooh
POOL	9830	0.698604062	2,4,8,9,10,13,16	one ta liu ooh thou inc to-do
POOL	9831	0.698592353	1,2,4,6,10,15,16	were one ta re- go into ooh
POOL	9832	0.698549612	4,8,10,11,16	wut roo tow see to-do
POOL	9833	0.698523378	3,4,6,7,10,13,16	wut ahh re- ooh go ins to-do
POOL	9834	0.698516735	1,2,5,6,10,12,16	woo run car yeah go ing to-do
POOL	9835	0.698456164	4,7,10,13,15,16	wut clue go inc food news'
POOL	9836	0.698449087	3,6,8,10,11,16	wut ari new oh ee to-do
POOL	9837	0.698421474	1,4,6,8,10,12,16	were app re- yue oh ing to-do
POOL	9838	0.698415672	1,2,4,5,10,13,16	new a ta air hugo inc dew
POOL	9839	0.698370703	4,7,10,11,16	wut new gro see to-do
POOL	9840	0.698344476	1,6,10,11,16	were atari go mea to-do
POOL	9841	0.698316276	2,4,8,10,12,15,16	one tough rogue oh ing to-do ooh
POOL	9842	0.698244758	3,6,10,15,16	wut rear go into new
POOL	9843	0.698244286	2,6,8,10,11,15,16	up car ooh oh a to-do ooh
POOL	9844	0.698236225	1,6,10,11,16	food atari go see to-do
POOL	9845	0.698212068	2,4,7,8,10,12,16	one tell liu egg oh ing to-do
POOL	9846	0.698203936	2,4,6,8,12,16	one top reid new owing to-do
POOL	9847	0.698158495	4,10,13,15,16	wit lugo inc food new
POOL	9848	0.698147491	2,6,10,14,16	awe car whoa into due
POOL	9849	0.698136617	1,2,6,8,10,15,16	ore a car ooh oh into ooh
POOL	9850	0.698123615	2,4,6,8,10,15,16	one ta re- ooh vote into ooh
POOL	9851	0.698094071	1,2,6,8,10,12,16	wen a car ooh oh ain to-do
POOL	9852	0.698041764	4,6,7,10,13,15,16	whatcha re- ooh go sink food ooh
POOL	9853	0.698027916	4,6,10,15,16	yuck re- go into sue
POOL	9854	0.697950894	2,4,8,10,13,16	one tod league oh inc do's
POOL	9855	0.697927721	3,5,8,10,15,16	what are new all into were
POOL	9856	0.697907574	4,7,10,13,16	yuck ewe go inc to-do
POOL	9857	0.697838747	4,6,8,10,11,15,16	wut re- ooh hoe a to-do ooh
POOL	9858	0.697746922	2,4,6,7,9,12,16	one tour re- ooh go wing to-do
POOL	9859	0.697723699	2,4,8,10,12,15,16	one ta liu oh wings' to-do ooh
POOL	9860	0.697693753	1,2,4,6,12,16	oh a top re- growing to-do
POOL	9861	0.697686717	3,4,6,11,16	wut dot re- go to-do
POOL	9862	0.697599741	4,8,10,15,16	wut yu eau into new
POOL	9863	0.697564017	3,6,7,10,13,15,16	wut ari ooh go inc zoo ooh
POOL	9864	0.697530037	3,4,6,11,16	wut ahh r go to-do
POOL	9865	0.697469373	1,4,6,11,16	wish hutt re- go to-do
POOL	9866	0.697417534	1,2,4,8,11,15,16	were a ta roux oh to-do ooh
POOL	9867	0.697389425	4,7,10,13,15,16	wut liu ga inc food new
POOL	9868	0.697352796	1,2,4,6,10,12,16	e'er a ta all go ing to-do
POOL	9869	0.697348900	1,2,5,6,10,12,16	wa a start yeah go ing to-do
POOL	9870	0.697326758	1,2,4,5,10,13,16	new a top air hugo inc doo
POOL	9871	0.697301908	2,6,8,10,11,16	one cali new oh inn to-do
POOL	9872	0.697266816	2,4,6,8,10,13,16	nah ta rhys ooh oh inc to-do
POOL	9873	0.697230973	2,4,6,8,13,15,16	when ta re- ooh owing oooh ooh
POOL	9874	0.697213125	2,6,10,12,16	one car gro in to-do
POOL	9875	0.697211055	2,6,10,15,16	uh car owe into new
POOL	9876	0.697158166	3,6,10,13,16	wut ari go inc ooh
POOL	9877	0.697138253	2,4,7,8,10,12,16	wed ta liu egg oh ing to-do
POOL	9878	0.697131745	2,4,6,8,10,14,16	one ta re- ooh oh into talk
POOL	9879	0.697127017	3,4,6,11,16	knot ahh re- go to-do
POOL	9880	0.697119946	1,2,4,7,9,12,16	use a ta liu go wing to-do
POOL	9881	0.697103769	1,2,4,5,10,13,16	new a ta air hugo inc du
POOL	9882	0.697094387	3,5,8,10,15,16	what are new all into we
POOL	9883	0.697057624	1,2,4,7,10,13,16	were at eat liu go inc to-do
POOL	9884	0.697043720	1,2,4,5,10,13,16	new a top air hugo inc dew
POOL	9885	0.697001448	3,4,6,11,16	up ahh li go to-do
POOL	9886	0.696970991	1,4,6,8,10,12,16	were at your ooh oh ing to-do
POOL	9887	0.696967210	2,6,8,10,11,15,16	one car gah oh a to-do ooh
POOL	9888	0.696949037	1,2,5,8,10,14,16	o a car yoo oh into due
POOL	9889	0.696940108	1,2,4,7,10,13,16	wat a ta liu go east to-do
POOL	9890	0.696927236	4,8,10,12,16	ta league oh see to-do
POOL	9891	0.696915318	4,6,10,14,16	wut re- go into joe
POOL	9892	0.696902832	3,4,6,8,10,12,16	muck ahh re- ooh oh ing to-do
POOL	9893	0.696893988	1,2,4,5,10,13,16	new a ta air hugo inc deux
POOL	9894	0.696857344	3,6,10,13,15,16	wut artery go inc food new
POOL	9895	0.696837832	2,4,6,7,9,12,16	woah ta re- ooh go wing to-do
POOL	9896	0.696805740	2,4,6,10,13,16	one top re- goo-goo inc to-do
POOL	9897	0.696689294	2,4,6,7,10,14,16	wish ta wee ooh go into due
POOL	9898	0.696674365	2,4,5,8,10,12,16	whew ta or yoo oh ing to-do
POOL	9899	0.696665474	2,4,6,8,10,12,16	wed ta ear ooh oh ing to-do
POOL	9900	0.696641926	1,2,4,6,11,15,16	were a ta roy go to-do ooh
POOL	9901	0.696626906	2,5,8,10,13,15,16	one car yoo oh inc food eu
POOL	9902	0.696558063	2,4,6,8,10,14,16	one com re- yu oh into due
POOL	9903	0.696552920	2,5,10,11,16	wei car go see to-do
POOL	9904	0.696505880	1,2,4,8,10,12,16	re- mah ta liu oh ing to-do
POOL	9905	0.696504948	2,4,6,8,10,14,16	ma ta re- coo oh into due
POOL	9906	0.696461073	2,4,6,11,16	one chalk ni go to-do
POOL	9907	0.696459571	1,2,4,6,10,14,16	were love dod re- go into due
POOL	9908	0.696448672	2,4,6,7,10,14,16	yeh ta re- use go into due
POOL	9909	0.696439767	1,2,5,10,13,15,16	were sha car hugo inc food ooh
POOL	9910	0.696411187	2,4,6,9,10,12,16	lou ta re- go a ing to-do
POOL	9911	0.696395222	2,4,8,10,12,15,16	one ta liu oh ing to-do jew
POOL	9912	0.696348839	4,8,10,12,16	wut league load in to-do
POOL	9913	0.696320525	1,6,8,10,13,15,16	woo starry ooh oh inc food ooh
POOL	9914	0.696301724	2,4,8,10,11,15,16	one doll liu oh a to-do ooh
POOL	9915	0.696298186	2,4,6,8,10,15,16	one on re- ooh oh into ooh
POOL	9916	0.696203481	2,4,7,10,12,15,16	one ta liu go ing tutti ooh
POOL	9917	0.696197670	2,5,6,8,10,12,16	one chart yeah ooh oh ing to-do
POOL	9918	0.696195649	3,6,7,10,13,15,16	wut ari ooh go pit food ooh
POOL	9919	0.696191777	1,2,5,7,10,13,16	were a car hughes go inc to-do
POOL	9920	0.696191445	1,2,4,6,10,15,16	were a ta re- go into ore
POOL	9921	0.696177345	2,6,10,12,16	one car ohh ang to-do
POOL	9922	0.696165631	3,6,10,13,15,16	wut ree glo inc food new
POOL	9923	0.696141092	1,4,6,10,13,15,16	were qatar re- grow inc food ooh
POOL	9924	0.696078339	1,2,4,8,11,15,16	coo a ta liu oh to-do ooh
POOL	9925	0.696044019	1,2,6,7,10,14,16	were e'er car ooh go into due
POOL	9926	0.696027515	2,6,10,11,16	uh car au eye to-do
POOL	9927	0.695841520	4,6,10,16	whatsapp re- go to-do
POOL	9928	0.695835957	3,4,6,8,10,12,16	wut ahh b. ooh oh ing to-do
POOL	9929	0.695736911	1,2,5,10,13,14,16	wear a car hugo inc ooh due
POOL	9930	0.695731817	1,2,4,5,10,13,16	new a top air hugo inc du
POOL	9931	0.695731516	1,2,4,7,10,14,16	re- a tot liu go into due
POOL	9932	0.695628805	4,7,10,15,16	wut new go into pool
POOL	9933	0.695537243	1,4,6,8,10,12,16	were putt bree ooh oh ing to-do
POOL	9934	0.695522036	1,2,4,5,10,13,16	new a top air hugo inc deux
POOL	9935	0.695503274	1,4,6,7,10,12,16	were at re- loop go ing to-do
POOL	9936	0.695492019	1,2,4,6,10,14,16	wan a tug re- go into due
POOL	9937	0.695434920	1,4,6,7,10,12,16	were dutt yeah ooh go ing to-do
POOL	9938	0.695431545	2,4,6,10,16	watt top re- ohh to-do
POOL	9939	0.695431054	2,4,6,10,11,15,16	one ta re- goo a to-do ooh
POOL	9940	0.695427360	1,2,4,8,10,14,16	were a tuck liu oh into due
POOL	9941	0.695424944	4,6,8,10,12,16	whet re- new oh in doo
POOL	9942	0.695407046	1,2,4,6,10,13,16	food a ta re- go inc dewy
POOL	9943	0.695354499	1,2,5,7,10,13,16	were a mar yoo go inc to-do
POOL	9944	0.695346093	1,2,6,10,11,15,16	wii a car go a todo ooh
POOL	9945	0.695346003	2,4,6,7,10,12,16	yacht ta re- ooh go think to-do
POOL	9946	0.695345989	2,4,6,10,16	doo tosh re- go to-do
POOL	9947	0.695338305	1,2,5,10,16	ore a car go to-do
POOL	9948	0.695276855	3,6,8,10,11,16	wut ari org oh a to-do
POOL	9949	0.695274355	2,4,8,9,10,12,16	one ta liu ooh a xing to-do
POOL	9950	0.695203311	4,6,10,13,15,16	wut roar go inc you new
POOL	9951	0.695162473	1,2,4,6,10,14,16	sue a ta re- glo into due
POOL	9952	0.695056863	1,2,5,6,10,12,16	were a john yeah go ing to-do
POOL	9953	0.695022251	3,6,10,13,15,16	wut vol go inc feud new
POOL	9954	0.695019938	1,2,5,6,10,12,16	were is car yeah go ing to-do
POOL	9955	0.695008539	1,2,6,8,10,12,16	wang a car were oh ing to-do
POOL	9956	0.695002947	4,6,10,12,16	yuck re- woe in to-do
POOL	9957	0.694937389	3,6,8,10,13,15,16	wight ari ooh oh inc food ooh
POOL	9958	0.694934966	2,4,7,9,10,12,16	one ta liu go owed ing to-do
POOL	9959	0.694887707	4,6,8,10,11,15,16	ta re- ooh oh inn to-do ooh
POOL	9960	0.694863722	1,2,5,6,10,12,16	when a car r go ing to-do
POOL	9961	0.694763959	2,4,6,10,11,16	one top re- ego e.'s to-do
POOL	9962	0.694710911	3,6,10,13,15,16	wut earn go ming food new
POOL	9963	0.694677751	4,8,10,13,16	whet league doe inc to-do
POOL	9964	0.694662932	4,8,10,12,16	wut eeg oh mean to-do
POOL	9965	0.694658546	3,4,8,10,12,16	wut ahh league oh in toe
POOL	9966	0.694637341	2,6,8,10,13,15,16	one shari ooh whoa inc food ooh
POOL	9967	0.694634644	1,2,4,8,10,14,16	were a ta liu oh isu due
POOL	9968	0.694595303	2,4,6,7,10,14,16	one ta re- ooh gu into due
POOL	9969	0.694536061	2,4,8,11,16	young tar rogue oh to-do
POOL	9970	0.694502046	1,2,5,7,10,15,16	wheel a car yoo go into ooh
POOL	9971	0.694447494	4,6,8,10,16	wac lea new oh to-do
POOL	9972	0.694400208	1,2,4,6,7,12,16	were a ta re- ooh gogh to-do
POOL	9973	0.694383461	2,4,7,10,11,15,16	one hah liu go a to-do ooh
POOL	9974	0.694379693	1,2,4,7,10,14,16	tue on ta liu go into due
POOL	9975	0.694370226	1,2,6,11,16	zhou a kohn go to-do
POOL	9976	0.694362421	1,2,4,8,13,15,16	were a ta liu bowing food ooh
POOL	9977	0.694353051	3,6,7,10,13,15,16	wut ari ooh go inc food grew
POOL	9978	0.694328648	1,4,8,10,13,15,16	were at liu oh inc issued ooh
POOL	9979	0.694293981	2,6,10,13,16	du'a' car go inc wu
POOL	9980	0.694286821	1,2,6,8,10,15,16	wish a car whig oh into ooh
POOL	9981	0.694275230	1,2,4,8,12,16	were um top league owing to-do
POOL	9982	0.694244151	2,4,8,10,12,15,16	yah ta liu oh ink to-do ooh
POOL	9983	0.694146101	2,4,8,13,16	one awe league oat to-do
POOL	9984	0.694122683	1,2,4,8,13,15,16	were shah ta liu owing food ooh
POOL	9985	0.694091594	2,4,6,8,10,13,16	bruh ta re- wa oh inc to-do
POOL	9986	0.694087299	1,2,6,7,10,12,16	sioux da car ooh go ing to-do
POOL	9987	0.694066174	2,5,10,11,16	one car woah year to-do
POOL	9988	0.694039519	1,2,4,6,10,14,16	wig a ta reece go into due
POOL	9989	0.694012759	4,7,10,12,16	wut wee go in to-do
POOL	9990	0.694006715	2,4,6,8,13,15,16	one ta re- ooh owing food tune
POOL	9991	0.694004594	2,4,6,8,10,14,16	eh conn re- ooh oh into due
POOL	9992	0.693946288	2,4,6,8,13,16	one top re- aw owing to-do
POOL	9993	0.693907519	2,4,6,8,13,15,16	y'are ta re- hou owing food ooh
POOL	9994	0.693896923	2,4,8,10,16	uh top yue so to-do
POOL	9995	0.693877669	1,2,4,8,10,15,16	mm um ta liu oh into ooh
POOL	9996	0.693872574	1,2,4,6,11,15,16	were a ta re- wo to-do ooh
POOL	9997	0.693872036	2,4,6,10,16	one com re- eau to-do
POOL	9998	0.693859052	3,6,8,10,13,15,16	wut ari ooh oh ease food ooh
POOL	9999	0.693833144	4,6,8,10,16	yuck re- whig oh to-do
POOL	10000	0.693811519	2,4,8,10,11,15,16	raw ta liu oh shi to-do ooh
POOL	10001	0.693802114	2,4,6,10,12,15,16	new ta re- go lin to-do ooh
POOL	10002	0.693758127	1,2,4,5,10,13,16	new a ta air hugo inc food
POOL	10003	0.693751497	2,4,6,8,10,15,16	one ta sri shu oh into ooh
POOL	10004	0.693679606	2,6,10,14,16	one car eau into due
POOL	10005	0.693621991	4,7,10,13,15,16	yuk liu o inc food new
POOL	10006	0.693618509	1,4,6,7,10,12,16	were at re- ooh go sings to-do
POOL	10007	0.693599684	1,2,5,7,10,13,16	well naw car yoo go inc to-do
POOL	10008	0.693555868	2,4,6,7,9,12,16	one ta re- flew go wing to-do
POOL	10009	0.693511097	2,4,6,7,10,15,16	worse eat re- ooh go into ooh
POOL	10010	0.693509181	2,4,6,10,13,15,16	wai ta alley go inc food ooh
POOL	10011	0.693481751	2,6,7,10,12,16	one car new go in woo
POOL	10012	0.693448669	1,2,5,6,10,12,16	were a car yeah go sync to-do
POOL	10013	0.693429023	1,2,6,8,12,16	pooh a car new owing to-do
POOL	10014	0.693365598	4,6,8,10,13,15,16	what're re- ooh o.'s inc food ooh
POOL	10015	0.693297544	1,2,4,7,10,15,16	soon a ta yue go into ooh
POOL	10016	0.693293603	2,5,6,8,10,12,16	waugh car wee ooh oh ing to-do
POOL	10017	0.693282826	4,6,10,16	whatnot re- go to-do
POOL	10018	0.693197278	1,2,6,7,10,12,16	zhu a car why go ing to-do
POOL	10019	0.693161046	1,2,4,5,10,13,16	new a ta air hugo inc woo
POOL	10020	0.693143307	1,2,4,7,10,13,16	were a ta liu yo inc to-do
POOL	10021	0.693132779	3,5,7,12,16	what aar u going voodoo
POOL	10022	0.693094400	1,2,4,6,10,14,16	were odd ta leak go into due
POOL	10023	0.693090615	1,2,4,8,10,13,16	yer a ta liu oh winged to-do
POOL	10024	0.693068679	2,4,7,9,10,12,16	whoa ta liu go a ing to-do
POOL	10025	0.693064675	2,4,6,8,10,15,16	webb tub re- ooh oh into ooh
POOL	10026	0.693063454	2,4,7,11,16	whack top route go to-do
POOL	10027	0.693012871	1,2,4,8,10,14,16	wha a ta liu oh eu due
POOL	10028	0.693003074	1,2,6,10,11,16	were a ali go aye to-do
POOL	10029	0.693002097	1,2,5,7,10,13,16	were a car yoo go scent to-do
POOL	10030	0.692996238	1,2,4,8,10,14,16	r a tra liu oh into due
POOL	10031	0.692990372	1,2,4,7,10,15,16	were a doc liu go into ooh
POOL	10032	0.692908424	1,2,6,10,13,16	were a cary go inc to-do
POOL	10033	0.692879641	1,2,4,8,10,15,16	were a ta greig oh into ooh
POOL	10034	0.692857102	3,6,8,10,13,15,16	us ari ooh oh inc word ooh
POOL	10035	0.692776104	2,4,6,9,10,12,16	y ta re- go show ing to-do
POOL	10036	0.692761686	4,8,10,15,16	ta league oh into shoe
POOL	10037	0.692756986	2,4,6,7,10,12,16	duh chalk re- ooh go ing to-do
POOL	10038	0.692711434	4,8,10,14,16	wut league rose into due
POOL	10039	0.692684814	2,4,8,9,10,12,16	one ah ewe ooh a ing to-do
POOL	10040	0.692672386	1,2,6,8,10,15,16	were pub car ooh oh into ooh
POOL	10041	0.692618683	2,4,8,10,12,15,16	one ta liu bro ing to-do ooh
POOL	10042	0.692613055	4,8,10,15,16	wut league oh into flu
POOL	10043	0.692609123	2,4,7,10,12,16	one top liu go in tweed
POOL	10044	0.692597997	2,5,10,12,16	duh car go in to-do
POOL	10045	0.692584050	4,8,10,12,16	wut mew o.'s in to-do
POOL	10046	0.692564890	2,5,8,10,13,15,16	one car yoo leo inc food ooh
POOL	10047	0.692527691	4,7,10,13,15,16	what's liu go bit food new
POOL	10048	0.692497284	4,7,10,12,16	wut new go mein to-do
POOL	10049	0.692478280	1,2,5,8,10,12,16	were a maher yoo oh ing to-do
POOL	10050	0.692473959	4,8,10,13,16	whatcha league oh inc woo
POOL	10051	0.692463275	3,6,8,10,13,15,16	wut airy knew oh inc food ooh
POOL	10052	0.692413472	1,2,6,10,13,16	shoe a olly go inc to-do
POOL	10053	0.692410252	2,4,6,7,10,13,16	wit ta re- way go inc to-do
POOL	10054	0.692402193	2,4,6,8,10,14,16	wash ta re- ooh oh undo due
POOL	10055	0.692328926	1,2,5,6,10,12,16	wii a car yeah goethe ing to-do
POOL	10056	0.692298957	2,4,6,9,10,12,16	wack ta rare go a ing to-do
POOL	10057	0.692264169	1,2,4,8,11,15,16	were a ta liu oh todo ooh
POOL	10058	0.692168784	4,6,10,15,16	wac re- grow into new
POOL	10059	0.692153285	1,2,4,7,10,12,16	weigh a tops liu go ing to-do
POOL	10060	0.692148018	4,6,10,11,16	wack re- woah why to-do
POOL	10061	0.692111086	1,2,4,6,10,15,16	ya a ta reese go into ooh
POOL	10062	0.692108644	2,4,7,8,10,12,16	one ta liu egg oh sting to-do
POOL	10063	0.692069813	2,4,8,9,10,13,16	with ta liu ooh a inc to-do
POOL	10064	0.692064279	1,4,6,7,10,12,16	one at re- zhu go ing to-do
POOL	10065	0.692054091	2,6,10,13,16	one aar go inc urdu
POOL	10066	0.692045134	1,2,6,7,10,14,16	waugh suck car ooh go into due
POOL	10067	0.691991492	1,2,4,8,11,15,16	oui a ta ewe oh to-do ooh
POOL	10068	0.691965587	2,4,7,10,12,16	yuh top liu go in towed
POOL	10069	0.691942877	4,8,10,15,16	wut ru oh into shoe
POOL	10070	0.691940799	2,4,7,8,10,12,16	yeah star liu egg oh ing to-do
POOL	10071	0.691921868	2,4,8,9,10,13,16	one cobb liu ooh a inc to-do
POOL	10072	0.691903866	2,4,8,10,11,15,16	wan ta lew oh a to-do ooh
POOL	10073	0.691880009	1,2,4,7,10,14,16	ohh a ta u.s go into due
POOL	10074	0.691807384	2,4,8,9,10,12,16	worm ta liu ooh a ing to-do
POOL	10075	0.691798111	3,4,8,10,11,16	wut ahh redo oh a to-do
POOL	10076	0.691795787	4,6,10,16	whatsapp year go to-do
POOL	10077	0.691772161	2,5,10,12,16	yeah d'or go in to-do
POOL	10078	0.691754941	1,4,6,8,10,12,16	wet at re- mu oh ing to-do
POOL	10079	0.691748264	1,2,5,8,10,14,16	were a car loo oh into due
POOL	10080	0.691710022	1,2,5,10,13,16	were duh car hugo inc to-do
POOL	10081	0.691709175	2,4,6,7,10,14,16	run ta re- ooh go unto due
POOL	10082	0.691688148	1,2,4,5,10,13,16	new a ta air hugo inc two
POOL	10083	0.691677686	2,4,7,11,16	awe top new grow to-do
POOL	10084	0.691675177	1,2,4,6,12,16	were done top re- growing to-do
POOL	10085	0.691671821	3,4,6,10,12,16	wut ahh eerie go in to-do
POOL	10086	0.691658961	4,7,10,12,16	whack new go e.'s to-do
POOL	10087	0.691642353	1,2,6,10,12,16	were a car go ian to-do
POOL	10088	0.691634146	4,7,10,13,16	ut new go inch to-do
POOL	10089	0.691575343	1,2,5,10,13,15,16	were a car hugo inc jude ooh
POOL	10090	0.691559336	2,4,6,7,10,15,16	rudd ta y'are ooh go into ooh
POOL	10091	0.691521834	1,2,4,7,10,12,16	were a ta liu grew ing to-do
POOL	10092	0.691479103	2,4,6,10,11,15,16	yuh ta re- woke a to-do ooh
POOL	10093	0.691409373	1,2,5,7,10,13,16	sue a car flew go inc to-do
POOL	10094	0.691398956	1,2,4,5,10,13,16	new a ta air hugo inc whew
POOL	10095	0.691380509	1,2,6,8,13,15,16	were a car ooh bowing food ooh
POOL	10096	0.691353518	3,6,10,13,15,16	wut reed go inc food loop
POOL	10097	0.691335985	1,2,4,8,10,14,16	were y'are sta liu oh into due
POOL	10098	0.691327337	2,4,5,8,10,12,16	one tung or yoo oh ing to-do
POOL	10099	0.691325080	2,5,8,10,12,16	y'are car new oh in tue
POOL	10100	0.691317166	1,2,4,8,10,12,16	saw a ta liu oh wings to-do
POOL	10101	0.691276380	1,2,6,8,13,15,16	were a car moo owing food ooh
POOL	10102	0.691268288	1,2,5,8,10,12,16	web a car rag oh ing to-do
POOL	10103	0.691262315	2,6,10,14,16	waa car go isu due
POOL	10104	0.691133662	2,4,6,8,10,14,16	one sha flee ooh oh into due
POOL	10105	0.691091678	2,4,6,8,10,15,16	y ta wreath ooh oh into ooh
POOL	10106	0.691052264	4,6,8,10,11,15,16	wut you're ooh oh c to-do ooh
POOL	10107	0.691045844	1,2,4,7,10,15,16	were a ta knee go into ooh
POOL	10108	0.691041836	1,2,4,8,13,15,16	were a cut liu owing food ooh
POOL	10109	0.690980365	1,2,6,8,10,15,16	soo a car ooh oe into ooh
POOL	10110	0.690952021	2,6,8,10,12,16	one car ruger oh in to-do
POOL	10111	0.690946445	1,2,4,7,10,14,16	were a ta liu go metoo due
POOL	10112	0.690915646	4,6,10,14,16	wac re- go into doom
POOL	10113	0.690914925	4,6,10,11,16	wut yah go le to-do
POOL	10114	0.690860768	1,2,5,8,10,14,16	were tongue car yoo oh into due
POOL	10115	0.690859104	1,4,6,7,10,12,16	wish at re- ooh go n to-do
POOL	10116	0.690839356	2,4,8,9,11,15,16	trois ta liu ooh we to-do ooh
POOL	10117	0.690824526	2,4,7,10,11,15,16	one ta urn go a to-do ooh
POOL	10118	0.690788351	2,6,8,10,11,16	one party new au a to-do
POOL	10119	0.690764314	1,2,4,6,10,13,16	were i. ta re- quo inc to-do
POOL	10120	0.690755243	3,4,6,7,10,13,16	wut boss yi ooh go inc to-do
POOL	10121	0.690748902	2,4,6,10,12,15,16	yah ta re- goethe ing to-do ooh
POOL	10122	0.690682647	1,2,4,6,10,14,16	were a ta re- go into oh
POOL	10123	0.690676880	2,4,7,10,11,15,16	wed ta liu go a to-do aw
POOL	10124	0.690647232	2,4,6,8,10,12,16	eh ta re- ooh oh sheen to-do
POOL	10125	0.690637328	1,2,5,10,13,15,16	were a tree hugo inc food ooh
POOL	10126	0.690623647	1,2,5,8,10,12,16	pooh a call yoo oh ing to-do
POOL	10127	0.690591501	4,8,13,15,16	wut league owing root new
POOL	10128	0.690551167	2,4,6,7,10,15,16	one tot re- loop go into ooh
POOL	10129	0.690549380	2,5,6,8,10,12,16	well ter yeah ooh oh ing to-do
POOL	10130	0.690542158	2,4,6,7,10,12,16	ohh ta ren ooh go ing to-do
POOL	10131	0.690512345	4,6,8,10,11,15,16	wa re- ooh co. a to-do ooh
POOL	10132	0.690500058	1,2,4,6,10,15,16	were eh ta re- go into rude
POOL	10133	0.690411763	1,2,4,5,10,13,16	new a ta air hugo inc dude
POOL	10134	0.690383613	2,4,8,10,12,15,16	wad ta liu oh ing to-do pooh
POOL	10135	0.690379525	1,2,6,7,10,12,16	ear a car ooh go give to-do
POOL	10136	0.690339400	3,5,7,10,13,16	what aar u go inc due
POOL	10137	0.690326761	2,4,6,10,12,15,16	qua ta re- go ing to-do route
POOL	10138	0.690316195	1,2,4,5,10,13,16	new a top air hugo inc two
POOL	10139	0.690293357	3,4,6,11,16	wut op rid go to-do
POOL	10140	0.690286491	1,2,4,5,10,13,16	new a ta air hugo inc whoo
POOL	10141	0.690263749	4,8,9,11,16	wit league o we to-do
POOL	10142	0.690257008	3,4,8,10,13,15,16	wut ahh liu auto inc food ooh
POOL	10143	0.690134666	1,2,4,8,11,15,16	were na ta liu oh to-do ooh
POOL	10144	0.690090552	1,2,4,5,10,13,16	new a ta air hugo inc boo
POOL	10145	0.690079194	1,2,4,7,10,12,16	were a ta liu go ing voodoo
POOL	10146	0.690029175	2,4,7,10,16	nah com new go to-do
POOL	10147	0.690023492	1,4,6,10,13,15,16	were nada re- go dink food ooh
POOL	10148	0.690010895	2,4,6,8,13,15,16	wow ta re- ooh owing food dew
POOL	10149	0.689971012	1,2,4,6,10,15,16	were a ta re- ow into ooh
POOL	10150	0.689954463	4,6,10,13,16	wut urn go en to-do
POOL	10151	0.689945641	4,6,7,11,16	yuk re new go to-do
POOL	10152	0.689845011	1,2,4,5,10,13,16	new a ta air hugo inc oh
POOL	10153	0.689814077	2,4,7,10,13,15,16	rung ta liu go inca food ooh
POOL	10154	0.689778681	4,6,10,12,16	wut earle go ching to-do
POOL	10155	0.689775358	1,2,6,7,10,14,16	were a car ooh go induce due
POOL	10156	0.689772874	3,4,8,10,13,15,16	went ahh redo oh inc food ooh
POOL	10157	0.689746550	2,4,7,9,10,12,16	wan ta liu go go ing to-do
POOL	10158	0.689637145	1,2,4,8,13,15,16	wii a ta ri owing food ooh
POOL	10159	0.689544151	1,2,4,8,11,16	oh a top raju oh to-do
POOL	10160	0.689530276	2,4,8,10,12,15,16	raw ta you oh ing to-do ooh
POOL	10161	0.689524173	1,2,5,6,10,12,16	worth a car yeah go fin to-do
POOL	10162	0.689518119	1,4,6,11,16	were at re- wo to-do
POOL	10163	0.689504407	2,4,6,7,9,12,16	uh conn. re- ooh go wing to-do
POOL	10164	0.689468638	1,2,5,8,10,12,16	lieu shah car yoo oh ing to-do
POOL	10165	0.689424568	4,8,10,11,16	yuck ewe oh re- to-do
POOL	10166	0.689393459	1,2,4,7,10,13,16	true heh ta liu go inc to-do
POOL	10167	0.689353290	2,4,6,8,10,14,16	run ta re- ooh oh into doomed
POOL	10168	0.689349051	1,2,5,10,13,15,16	were a car hugo eek food ooh
POOL	10169	0.689348871	2,4,6,8,10,15,16	one r re- coup oh into ooh
POOL	10170	0.689331083	1,2,5,10,13,14,16	were s car hugo inc ooh due
POOL	10171	0.689324916	3,6,8,10,13,15,16	wut ari ooh bone inc food ooh
POOL	10172	0.689316824	1,2,4,7,10,12,16	news butt ta liu go ing to-do
POOL	10173	0.689312083	1,2,5,10,13,15,16	way a car hugo dint food ooh
POOL	10174	0.689249312	4,6,10,13,16	wut rear oe inc to-do
POOL	10175	0.689227062	1,2,4,5,10,13,16	new a ta air hugo inc wu
POOL	10176	0.689221433	1,2,4,8,10,14,16	wah a ta liu oh into add
POOL	10177	0.689173325	2,4,7,10,12,15,16	one tongue liu go mean to-do ooh
POOL	10178	0.689134645	2,4,6,8,10,13,16	whip ta re- ooh oh ming to-do
POOL	10179	0.689132796	4,6,7,10,13,15,16	whet re- ooh ergo inc food ooh
POOL	10180	0.689130987	2,4,7,11,16	one uh gnu go to-do
POOL	10181	0.689123029	4,6,9,11,16	whit re- glue we to-do
POOL	10182	0.689081642	1,2,4,8,13,15,16	were a ta liu owing tuned ooh
POOL	10183	0.689054609	2,4,6,8,10,15,16	un ta re- wah oh into ooh
POOL	10184	0.689039933	2,5,10,12,16	one car go sting to-do
POOL	10185	0.688974963	1,2,4,7,9,12,16	waugh a con liu go wing to-do
POOL	10186	0.688939693	4,6,7,11,16	wut re- new gi to-do
POOL	10187	0.688931529	4,8,10,13,16	ut meu oh inc to-do
POOL	10188	0.688927440	1,2,4,5,10,13,16	new a ta air hugo inc drew
POOL	10189	0.688888781	1,2,4,5,10,13,16	new a ta air hugo inc duke
POOL	10190	0.688846708	4,8,13,15,16	wut league owing food food
POOL	10191	0.688834065	1,2,4,8,12,16	were a pop league owing to-do
POOL	10192	0.688834064	1,2,4,5,10,13,16	new a ta air hugo inc mood
POOL	10193	0.688807120	1,2,6,8,13,15,16	were a car ooh owing u.s ooh
POOL	10194	0.688780542	4,8,10,13,16	wut redo oh inc dude
POOL	10195	0.688776102	2,4,6,7,9,12,16	one ta re- ooh oop wing to-do
POOL	10196	0.688724863	1,2,4,8,10,12,16	were a ta liu oh ing boo-boo
POOL	10197	0.688718600	1,2,4,5,10,13,16	new a top air hugo inc boo
POOL	10198	0.688629219	2,4,6,8,12,16	one top re- new moaning to-do
POOL	10199	0.688558035	1,4,6,8,10,12,16	oof at ron ooh oh ing to-do
POOL	10200	0.688543904	3,4,6,7,10,13,16	wut shock re- zhou go inc to-do
POOL	10201	0.688536514	4,6,9,11,16	wut wrong gauze we to-do
POOL	10202	0.688529522	3,4,6,10,13,15,16	wut mom rhea go inc food ooh
POOL	10203	0.688520735	1,2,5,7,10,15,16	were oooh car yoo go into ooh
POOL	10204	0.688486091	2,4,6,7,10,15,16	one ta re- ooh groan into ooh
POOL	10205	0.688483654	4,6,10,11,16	wut tree aux tea to-do
POOL	10206	0.688474952	4,8,10,16	wut ryu oh to-do
POOL	10207	0.688472222	1,2,6,8,10,15,16	whew buck car ooh oh into ooh
POOL	10208	0.688447907	1,2,4,5,10,13,16	new a ta air hugo inc aud
POOL	10209	0.688444069	1,6,8,10,13,15,16	were ari ooh so inc food ooh
POOL	10210	0.688414736	1,2,4,7,10,15,16	were a ta liu go into crew
POOL	10211	0.688395028	4,6,8,10,11,15,16	wut nie oof oh a to-do ooh
POOL	10212	0.688364790	2,4,8,9,10,12,16	ya ta ree ooh a ing to-do
POOL	10213	0.688327808	1,2,4,7,9,12,16	were a odd liu go wing to-do
POOL	10214	0.688322751	1,2,4,5,10,13,16	new a ta air hugo inc daw
POOL	10215	0.688300080	3,4,6,10,11,16	outta ahh re- go a to-do
POOL	10216	0.688280493	1,2,5,10,16	wee a dark go to-do
POOL	10217	0.688276469	1,2,4,5,10,13,16	new a ta air hugo inc tue
POOL	10218	0.688274576	1,2,4,7,10,12,16	yah a ta reef go ing to-do
POOL	10219	0.688255691	4,6,10,14,16	wop re- goat into due
POOL	10220	0.688248300	1,2,5,6,10,12,16	were thus car eel go ing to-do
POOL	10221	0.688211246	1,2,6,8,10,12,16	were a car ooh oh ing tudor
POOL	10222	0.688177691	1,2,4,5,10,13,16	new a ta air hugo inc d'oh
POOL	10223	0.688163612	1,2,4,8,12,16	were a top eeg owing to-do
POOL	10224	0.688143827	1,2,4,5,10,13,16	new a ta air hugo inc rude
POOL	10225	0.688140955	1,2,5,10,13,15,16	were a car hugo inc food blew
POOL	10226	0.688133276	2,4,6,7,10,15,16	wing ta re- well go into ooh
POOL	10227	0.688126888	2,6,10,14,16	one car go into sioux
POOL	10228	0.688077421	2,4,6,10,13,14,16	hua tore re- go inc ooh due
POOL	10229	0.688002699	4,10,13,15,16	wut lugo inc goo new
POOL	10230	0.687984790	2,4,7,9,10,12,16	one cob liu go a ing to-do
POOL	10231	0.687969961	1,2,4,8,10,15,16	were a ta liu oh into show
POOL	10232	0.687921990	2,5,10,13,16	one d'or whoa inc to-do
POOL	10233	0.687878402	1,2,4,6,10,15,16	whoa a ta re- go into shaw
POOL	10234	0.687853197	1,2,4,8,10,15,16	wet a tongue liu oh into ooh
POOL	10235	0.687846835	4,8,10,11,16	wut lieu oe ee to-do
POOL	10236	0.687833712	2,4,6,10,13,15,16	worry ta re- go beet food ooh
POOL	10237	0.687814579	2,4,8,9,10,12,16	one op liu ooh a ing to-do
POOL	10238	0.687730475	4,6,8,12,16	whit re- new win to-do
POOL	10239	0.687681825	2,4,8,9,11,15,16	one ta liu ooh weir to-do ooh
POOL	10240	0.687639271	1,4,8,10,13,15,16	when aca liu oh inc food ooh
POOL	10241	0.687603604	2,4,7,8,10,12,16	yah ta liu geek oh ing to-do
POOL	10242	0.687584102	2,4,8,10,12,16	one tra league oh in twos
POOL	10243	0.687559833	1,2,4,5,10,13,16	new a ta air hugo inc awd
POOL	10244	0.687549194	2,6,7,10,12,16	we car new go in du
POOL	10245	0.687524925	2,5,6,8,10,12,16	walk car yeah hoo oh ing to-do
POOL	10246	0.687521266	1,2,4,5,10,14,16	new a top air hugo too due
POOL	10247	0.687518068	3,4,6,10,12,16	wut da re- go in twos
POOL	10248	0.687507528	1,2,5,10,13,14,16	were a car russo inc ooh due
POOL	10249	0.687488005	2,6,7,10,11,16	one artie new go a to-do
POOL	10250	0.687486409	1,2,6,8,12,16	were ad car new owing to-do
POOL	10251	0.687451268	1,2,5,8,10,12,16	were yup car few oh ing to-do
POOL	10252	0.687400578	1,2,4,6,8,12,16	wii a ta re- ooh owing dew
POOL	10253	0.687396022	1,2,5,8,10,14,16	work dumb car yoo oh into due
POOL	10254	0.687338980	1,2,4,7,10,15,16	woah a ta liu go into pooh
POOL	10255	0.687320275	2,4,6,8,10,12,16	woe ta re- ooh woke ing to-do
POOL	10256	0.687308950	1,2,4,5,10,13,16	new a ta air hugo inc nude
POOL	10257	0.687193323	4,8,10,14,16	wut league oh into boone
POOL	10258	0.687188993	3,5,7,10,13,16	what aar u go ink due
POOL	10259	0.687176536	3,4,7,10,13,15,16	wut bah liu go e-ink food ooh
POOL	10260	0.687173031	3,4,6,7,10,13,16	wack ahh lean ooh go inc to-do
POOL	10261	0.687171311	1,2,4,5,10,13,16	new a ta air hugo inc awed
POOL	10262	0.687152604	1,6,10,11,16	were atari gove see to-do
POOL	10263	0.687099370	2,4,6,10,12,15,16	one spa re- go il to-do ooh
POOL	10264	0.687081023	2,4,5,8,10,12,16	wop ta or lew oh ing to-do
POOL	10265	0.687075954	1,2,4,5,10,13,16	new a top air hugo inc aud
POOL	10266	0.687034655	2,4,8,9,10,12,16	one chalk liu ooh ah ing to-do
POOL	10267	0.687033557	4,6,8,10,13,16	wut re- new oh eater to-do
POOL	10268	0.687030984	1,2,6,7,10,12,16	were tha t ooh go ing to-do
POOL	10269	0.687020486	2,6,7,10,11,16	ah teri new go a to-do
POOL	10270	0.687017742	4,8,9,11,16	wut yew or we to-do
POOL	10271	0.686998864	2,4,6,9,10,12,16	one ta re- go a a. to-do
POOL	10272	0.686998578	1,2,4,5,10,13,16	new a ta air hugo inc sued
POOL	10273	0.686990283	4,6,8,10,16	wut re- wag a to-do
POOL	10274	0.686987628	1,2,6,8,10,12,16	news' hull car ooh oh ing to-do
POOL	10275	0.686950798	1,2,4,5,10,13,16	new a top air hugo inc daw
POOL	10276	0.686937513	2,4,6,8,10,13,16	dah ta re- ooh soul inc to-do
POOL	10277	0.686926110	1,2,4,5,10,13,16	new a ta air hugo inc jew
POOL	10278	0.686921528	2,4,7,10,16	rum top rare go to-do
POOL	10279	0.686883490	2,6,10,14,16	would car go into blue
POOL	10280	0.686881028	2,4,8,10,11,15,16	one ta liu mode a to-do ooh
POOL	10281	0.686866930	4,10,13,15,16	wut lugo ich food new
POOL	10282	0.686847683	4,6,8,10,11,16	wut re- boogie oh leigh to-do
POOL	10283	0.686832513	1,2,5,10,13,15,16	were ugh car argo inc food ooh
POOL	10284	0.686830567	2,4,6,7,13,15,16	one tall re- ooh growing food ooh
POOL	10285	0.686817455	1,2,4,8,10,12,16	were rub chalk liu oh ing to-do
POOL	10286	0.686777927	1,2,4,8,10,12,16	food a ta liu rome ing to-do
POOL	10287	0.686757527	1,2,4,5,10,13,16	new a ta air hugo inc doom
POOL	10288	0.686716046	1,2,4,7,10,14,16	waugh a ta liu go metoo due
POOL	10289	0.686699667	1,2,4,10,12,16	were a top lugo bing to-do
POOL	10290	0.686689516	2,4,8,9,11,15,16	one ta liu aung we to-do ooh
POOL	10291	0.686684869	2,4,8,9,10,13,16	one ta liu ooh a writ to-do
POOL	10292	0.686673493	3,6,10,13,16	wut lee go wheat to-do
POOL	10293	0.686667069	1,2,4,5,10,13,16	new a ta air hugo inc word
POOL	10294	0.686628800	2,5,10,12,16	too car go a.'s to-do
POOL	10295	0.686602742	1,2,4,5,10,13,16	new a ta air hugo inc ooh
POOL	10296	0.686596200	4,7,10,13,16	wut new mo inc to-do
POOL	10297	0.686579627	1,6,10,11,16	were atari whoa why to-do
POOL	10298	0.686519037	2,6,10,14,16	one car go ensue tue
POOL	10299	0.686474968	3,4,6,7,10,13,16	but palm re- ooh go inc to-do
POOL	10300	0.686472290	3,6,8,10,13,15,16	whack ari ug oh inc food ooh
POOL	10301	0.686447363	2,4,7,10,11,15,16	wear dar liu go a to-do ooh
POOL	10302	0.686421960	1,2,5,7,10,13,16	sioux a car yoo go rent to-do
POOL	10303	0.686391075	1,4,6,8,10,12,16	were tosh re- ooh throw ing to-do
POOL	10304	0.686347476	3,4,6,7,10,13,16	wut ahh re- ooh goose inc to-do
POOL	10305	0.686332253	2,5,8,10,13,15,16	work car siu oh inc food ooh
POOL	10306	0.686331941	1,2,4,5,10,14,16	new a top air lugo too due
POOL	10307	0.686323310	1,2,4,6,12,16	were a tongue re- growing to-do
POOL	10308	0.686286409	2,4,7,8,10,12,16	run ta ooh egg oh ing to-do
POOL	10309	0.686280724	1,2,4,5,10,16	new a top air hugo to-do
POOL	10310	0.686266346	2,4,6,7,13,15,16	un ta re- ooh growing food ooh
POOL	10311	0.686208949	1,2,4,6,11,16	wee a top re- going to-do
POOL	10312	0.686199882	3,6,8,10,13,15,16	wheat ari ooh oh inc food doo
POOL	10313	0.686187881	1,2,4,5,10,13,16	new a top air hugo inc awd
POOL	10314	0.686181467	1,2,4,5,10,13,16	new a ta air hugo inc zoo
POOL	10315	0.686149579	2,4,8,10,11,15,16	uhh ta liu aw a to-do ooh
POOL	10316	0.686100818	2,4,5,8,10,12,16	one ta or yoo oh kings' to-do
POOL	10317	0.685969968	1,2,4,8,10,14,16	were a ta liu slow into due
POOL	10318	0.685926082	2,4,6,7,10,12,16	one ton re- ooh woah ing to-do
POOL	10319	0.685921195	1,2,4,8,10,14,16	or a ta loo oh into due
POOL	10320	0.685918961	1,2,4,6,10,15,16	were y'are ta re- woke into ooh
POOL	10321	0.685917189	1,2,4,8,11,15,16	were a ta liu coe to-do ooh
POOL	10322	0.685916564	1,2,4,5,10,13,16	new a ta air hugo inc tu
POOL	10323	0.685874567	4,8,10,16	wut ryu know to-do
POOL	10324	0.685858457	2,4,6,7,13,15,16	one ta re- ooh growing tue ooh
POOL	10325	0.685799359	1,2,4,5,10,13,16	new a top air hugo inc awed
POOL	10326	0.685798002	1,2,4,5,10,16	new a ta air hugo to-do
POOL	10327	0.685782169	1,2,4,6,7,12,16	zoo a ta re- ooh goh to-do
POOL	10328	0.685761223	1,2,4,5,10,13,16	new a ta air hugo inc ut
POOL	10329	0.685740846	2,4,8,9,10,15,16	one ta liu ooh cow into ooh
POOL	10330	0.685728031	1,2,4,8,13,15,16	were a ta liu owing food threw
POOL	10331	0.685689838	1,4,6,7,10,12,16	were at all ooh go ing to-do
POOL	10332	0.685555393	1,2,4,5,10,13,16	new a ta air hugo inc oooh
POOL	10333	0.685543510	1,2,4,7,10,12,16	weir a ta liu go winged to-do
POOL	10334	0.685536819	1,2,4,5,10,13,16	new a ta air hugo inc dues
POOL	10335	0.685517664	2,4,8,9,11,15,16	one ta lu ooh we to-do ooh
POOL	10336	0.685512721	1,2,4,5,10,13,16	new a ta air hugo inc douche
POOL	10337	0.685491886	4,6,10,12,16	wut re- gu eng to-do
POOL	10338	0.685467783	1,2,5,8,10,12,16	wet a car yoo oh lynne to-do
POOL	10339	0.685460839	4,6,10,15,16	what ring go into new
POOL	10340	0.685406243	1,2,4,5,10,13,16	new a ta air hugo inc owe
POOL	10341	0.685405987	1,2,4,8,13,16	were a top yue owing to-do
POOL	10342	0.685389558	2,4,6,8,12,16	one top re goo owing to-do
POOL	10343	0.685369870	3,4,6,8,10,12,16	luck umm re- ooh oh ing to-do
POOL	10344	0.685360671	3,5,7,10,11,13,15,16	what aar u go ee too food ooh
POOL	10345	0.685359587	2,4,8,9,10,15,16	qua ta liu ooh a into ooh
POOL	10346	0.685341955	2,4,6,7,13,15,16	one ta lean ooh growing food ooh
POOL	10347	0.685334048	1,2,4,8,12,16	woo a top lu owing to-do
POOL	10348	0.685303828	1,4,8,10,13,15,16	were accra liu oh ant food ooh
POOL	10349	0.685275630	1,2,4,5,10,13,16	new a ta air hugo inc dune
POOL	10350	0.685272715	2,5,7,10,13,15,16	one e-car loose go inc food ooh
POOL	10351	0.685227510	1,2,4,5,10,13,16	new a ta air hugo ain due
POOL	10352	0.685199044	2,4,6,8,10,15,16	o ta re- ooh oh into suit
POOL	10353	0.685186830	2,5,7,10,13,15,16	una car crew go inc food ooh
POOL	10354	0.685150190	4,8,10,12,16	wut you oh in to-do
POOL	10355	0.685147862	2,4,6,7,9,12,16	of ta girl ooh go wing to-do
POOL	10356	0.685147730	1,2,5,7,10,13,16	week a can yoo go inc to-do
POOL	10357	0.685103225	3,5,7,10,11,13,15,16	what aar u go a too food ooh
POOL	10358	0.685033759	1,2,4,5,10,13,16	new a ta air hugo inc lewd
POOL	10359	0.685011374	4,6,10,15,16	wut re- ohh into vous
POOL	10360	0.685010832	1,2,6,8,12,16	wii a car shoo owing to-do
POOL	10361	0.684937512	1,2,4,5,10,13,16	new a ta air hugo inc jus
POOL	10362	0.684923625	1,2,5,10,11,16	whew a car hugo knee to-do
POOL	10363	0.684922074	3,5,7,10,11,13,15,16	what aar u go ee inc food ooh
POOL	10364	0.684913495	4,10,13,15,16	wut lugo inc food ruth
POOL	10365	0.684910018	1,2,4,5,10,13,16	new a ta air hugo inc joo
POOL	10366	0.684880230	2,4,6,10,12,15,16	one palm all go ing to-do ooh
POOL	10367	0.684869147	2,6,8,10,11,16	one ari gnu oh a to-do
POOL	10368	0.684864697	1,2,5,8,12,16	worse a car new owing to-do
POOL	10369	0.684845349	4,8,10,14,16	wap loo oh into due
POOL	10370	0.684817402	4,8,10,16	watt ryu oh to-do
POOL	10371	0.684814815	2,5,10,11,16	wut car roe eat to-do
POOL	10372	0.684812808	1,2,4,5,10,13,16	new a ta air hugo ain't due
POOL	10373	0.684795788	1,2,4,5,10,13,16	new a ta air hugo inc booed
POOL	10374	0.684764279	2,4,7,10,16	one tue hue go to-do
POOL	10375	0.684749513	1,2,4,7,10,14,16	were a ta liu go into poo
POOL	10376	0.684646457	1,2,4,7,9,12,16	were a ta flew go wing to-do
POOL	10377	0.684635151	1,2,4,7,9,12,16	were in. ta liu go wing to-do
POOL	10378	0.684632798	4,8,10,16	wet ryu oh to-do
POOL	10379	0.684592671	1,2,4,5,10,16	new a top air lugo to-do
POOL	10380	0.684589221	1,2,6,8,12,16	were a ar new owing to-do
POOL	10381	0.684562191	2,4,7,10,12,15,16	one ta liu owes ing to-do ooh
POOL	10382	0.684538022	1,2,4,8,10,14,16	ware a ta liu roe into due
POOL	10383	0.684530553	4,8,10,16	whatsapp league oh to-do
POOL	10384	0.684494053	1,2,6,7,10,14,16	were s car dew go into due
POOL	10385	0.684485521	1,2,5,10,13,15,16	war a car hugo inc food shaw
POOL	10386	0.684474844	2,4,8,9,11,15,16	one sta liu ooh we to-do ooh
POOL	10387	0.684417348	1,2,4,5,10,13,16	new a ta air hugo inc deuce
POOL	10388	0.684410007	4,6,8,10,13,16	wat re- new oh e-ink to-do
POOL	10389	0.684394043	4,7,10,15,16	yuk new go into saw
POOL	10390	0.684380432	1,2,4,5,10,13,16	new a ta air hugo and due
POOL	10391	0.684368836	4,6,10,13,16	whit me woe inc to-do
POOL	10392	0.684283765	1,2,4,7,10,15,16	were done ta liu go into show
POOL	10393	0.684248860	1,2,4,5,10,15,16	new a ta air hugo inked ooh
POOL	10394	0.684221474	1,2,6,8,12,16	were a car ug owing to-do
POOL	10395	0.684206152	3,4,6,11,16	wut ahh pre wo to-do
POOL	10396	0.684186795	3,5,7,10,11,13,15,16	what aar u go a too food oooh
POOL	10397	0.684177711	1,2,6,7,10,14,16	were a car booth go into due
POOL	10398	0.684029965	1,2,4,5,10,13,16	new a ta air hugo inc dupe
POOL	10399	0.684010769	1,2,4,5,10,13,16	new a ta air hugo inc wood
POOL	10400	0.683903788	2,4,8,10,12,15,16	one cup liu oh ill to-do ooh
POOL	10401	0.683894952	2,4,6,10,14,16	one top re- goo-goo into due
POOL	10402	0.683884888	2,4,8,12,15,16	one top lieu owing to-do new
POOL	10403	0.683880573	4,6,10,14,16	wut knee go metoo due
POOL	10404	0.683828329	3,6,8,10,12,16	wut ari ewe oh in to-do
POOL	10405	0.683817156	1,2,4,5,10,13,16	new a ta air hugo inc ohh
POOL	10406	0.683767022	4,6,10,14,16	wok yee whoa into due
POOL	10407	0.683738687	1,2,4,5,10,13,16	new a ta air hugo inc doer
POOL	10408	0.683729483	2,4,8,10,11,16	one top raju oak a to-do
POOL	10409	0.683729392	1,2,4,8,10,15,16	were a ta liu goes into ooh
POOL	10410	0.683727939	2,4,6,9,10,12,16	one starr re- go huh ing to-do
POOL	10411	0.683698910	2,4,8,10,12,16	one cha riga oh in to-do
POOL	10412	0.683691445	2,4,6,7,10,13,16	one talk re- ooh glue inc to-do
POOL	10413	0.683689432	4,8,10,16	wut ryu go to-do
POOL	10414	0.683689112	1,2,4,5,10,13,16	new a ta air hugo inc doon
POOL	10415	0.683673277	4,6,8,10,13,16	wut re- new duo inc to-do
POOL	10416	0.683669868	1,2,4,7,10,15,16	wore sung ta liu go into ooh
POOL	10417	0.683635614	4,7,10,11,16	wok new au see to-do
POOL	10418	0.683635271	4,6,8,11,16	wack re- wig co. to-do
POOL	10419	0.683625468	2,4,7,9,10,12,16	waugh ta liu gall a ing to-do
POOL	10420	0.683620022	1,2,4,5,10,13,16	new a ta air hugo inc dru
POOL	10421	0.683578780	1,2,6,8,10,15,16	were a car oui oh into ooh
POOL	10422	0.683563890	1,2,4,5,10,13,16	new a ta air hugo inc rood
POOL	10423	0.683557432	4,6,10,13,16	wut re- kuo inc boo
POOL	10424	0.683555434	2,4,6,7,10,15,16	one ta reel mm go into ooh
POOL	10425	0.683528261	3,4,6,7,10,13,16	us ahh re- tooth go inc to-do
POOL	10426	0.683527902	2,6,8,10,12,16	una carr new oh in to-do
POOL	10427	0.683523046	1,2,4,8,10,15,16	were duh ta liu oh into threw
POOL	10428	0.683455762	4,6,8,10,16	wut leap u. oh to-do
POOL	10429	0.683390885	1,2,4,5,10,13,16	new a ta air hugo inc aux
POOL	10430	0.683360975	1,2,4,6,12,16	were a top wii growing to-do
POOL	10431	0.683322415	1,2,6,7,10,14,16	air a car war go into due
POOL	10432	0.683309970	2,6,8,10,13,16	one bari koo oh inc to-do
POOL	10433	0.683307053	1,2,4,5,10,13,16	new a ta air hugo inc coup
POOL	10434	0.683304165	1,2,5,8,10,14,16	yew a car rog oh into due
POOL	10435	0.683254684	2,5,7,10,13,15,16	worry ar yoo go inc food ooh
POOL	10436	0.683217248	1,2,5,10,13,14,16	were a da hugo inc ooh due
POOL	10437	0.683201511	1,2,4,5,10,15,16	new a ta air hugo inked oooh
POOL	10438	0.683177892	2,4,7,11,16	one top rude aux to-do
POOL	10439	0.683162193	2,4,7,10,13,15,16	one cause liu egos inc food ooh
POOL	10440	0.683143408	4,6,8,11,16	wut heir whew oh to-do
POOL	10441	0.683099389	2,5,10,15,16	one conn. go into new
POOL	10442	0.683062630	4,6,8,10,12,16	wada re- woo oh in to-do
POOL	10443	0.683054909	2,4,6,7,10,15,16	boo ta re- ooh go into route
POOL	10444	0.683008642	1,2,5,10,13,16	were a card hugo inc to-do
POOL	10445	0.683006217	2,4,8,9,10,13,16	would ta meu ooh a inc to-do
POOL	10446	0.682990716	1,2,4,5,10,13,16	new a ta air hugo inc o
POOL	10447	0.682960887	1,2,4,5,10,15,16	new a ta air hugo inked new
POOL	10448	0.682926104	1,2,4,5,10,14,16	new a ta air hugo too too
POOL	10449	0.682920751	2,4,6,7,13,15,16	one ta re- tooth growing food ooh
POOL	10450	0.682906755	2,4,7,10,11,15,16	who ta liu go el to-do ooh
POOL	10451	0.682860153	3,6,8,10,12,16	whit ari new oh in to-do
POOL	10452	0.682852701	1,2,4,7,9,12,16	were a ta liu go gwynn to-do
POOL	10453	0.682843211	1,2,4,5,10,13,16	new a ta air hugo inc dough
POOL	10454	0.682842892	1,2,4,5,10,13,16	new a ta air hugo inc ou
POOL	10455	0.682831871	1,2,4,5,10,13,16	new a ta air hugo inc owed
POOL	10456	0.682812502	2,4,6,9,10,12,16	one eat re- gauze a ing to-do
POOL	10457	0.682788814	1,2,4,5,10,13,16	new a ta air hugo inc doe
POOL	10458	0.682759487	4,6,10,12,16	wut reed luo in to-do
POOL	10459	0.682754384	4,8,10,14,16	wat league oh into door
POOL	10460	0.682728476	2,4,6,10,16	one tod reed wo to-do
POOL	10461	0.682694073	1,2,4,6,10,15,16	were dug ta rea go into ooh
POOL	10462	0.682630198	1,2,4,5,10,13,16	new a ta air hugo inc eau
POOL	10463	0.682529673	1,2,4,5,10,13,16	new a ta air hugo ang due
POOL	10464	0.682526047	2,4,7,8,10,12,16	one cup liu shh oh ing to-do
POOL	10465	0.682517115	2,4,8,12,15,16	one top league owing to-do vous
POOL	10466	0.682507602	1,2,4,5,10,13,16	new a ta air hugo inc ooze
POOL	10467	0.682475981	1,2,4,5,10,13,16	new a ta air hugo inc zhou
POOL	10468	0.682461036	2,4,8,10,13,16	one top lu uh-oh inc to-do
POOL	10469	0.682444874	1,2,5,10,12,16	waugh a car hugo in to-do
POOL	10470	0.682441167	2,4,6,7,10,15,16	one ah all ooh go into ooh
POOL	10471	0.682413749	3,5,7,10,11,13,15,16	what aar u go a too food new
POOL	10472	0.682384578	2,4,6,12,15,16	one top tree growing to-do new
POOL	10473	0.682381095	1,2,4,5,10,13,16	new a ta air hugo inc would
POOL	10474	0.682354336	1,2,4,8,10,14,16	were a ta liu oh into cool
POOL	10475	0.682353016	1,2,5,8,10,14,16	whew a car yoo oh hindu due
POOL	10476	0.682318675	1,2,5,10,16	yeah a car rho to-do
POOL	10477	0.682265703	1,2,5,10,13,14,16	were a car hugo ight ooh due
POOL	10478	0.682237096	4,8,10,16	wut ryu own to-do
POOL	10479	0.682225464	1,2,4,5,10,13,16	new a ta air hugo inc xue
POOL	10480	0.682217017	4,8,10,16	watt ryu know to-do
POOL	10481	0.682143259	1,2,5,10,11,16	du a car hugo a to-do
POOL	10482	0.682103406	1,2,4,5,10,13,16	new a ta air hugo inc ju
POOL	10483	0.682032413	4,8,10,16	wet ryu know to-do
POOL	10484	0.682024347	2,4,6,7,13,15,16	one ta re- ooh growing food queue
POOL	10485	0.682013558	1,2,4,5,10,15,16	new a ta air hugo inked too
POOL	10486	0.681995872	3,6,8,10,11,16	twat ari new oh eye to-do
POOL	10487	0.681995815	4,6,9,11,16	wit re- o oy to-do
POOL	10488	0.681971860	4,8,10,16	whatnot league oh to-do
POOL	10489	0.681971544	2,4,7,9,10,12,16	one ta liu go a king's to-do
POOL	10490	0.681959797	1,2,4,5,10,13,16	new a ta air hugo inc weed
POOL	10491	0.681950121	1,2,5,10,13,14,16	were a car hugo inc booth due
POOL	10492	0.681932103	1,2,4,8,12,15,16	were a ta liu owing boob ooh
POOL	10493	0.681930168	4,8,10,16	whatsapp league know to-do
POOL	10494	0.681915532	1,2,5,8,10,12,16	mm a car yoo rose ing to-do
POOL	10495	0.681868416	3,5,7,10,13,16	what aar u go inc doo
POOL	10496	0.681847719	1,2,4,5,10,13,16	new a ta air hugo ait due
POOL	10497	0.681845294	2,4,6,7,10,14,16	rung ta re- ooh go into vous
POOL	10498	0.681836337	2,6,12,16	when car growing to-do
POOL	10499	0.681810464	2,4,5,8,10,12,16	one tub gear yoo oh ing to-do
POOL	10500	0.681806272	1,2,4,5,10,13,16	new a ta air hugo inc zhu
POOL	10501	0.681765227	2,5,10,15,16	one car go into u.s
POOL	10502	0.681738733	4,8,10,16	wot ryu oh to-do
POOL	10503	0.681732635	4,8,10,16	wut ryu show to-do
POOL	10504	0.681697124	3,5,8,10,15,16	what are new a into you
POOL	10505	0.681687218	4,6,8,10,15,16	whatcha re- new oh into oh
POOL	10506	0.681673891	2,5,10,12,16	one car whoa things' to-do
POOL	10507	0.681627417	1,2,4,5,10,13,16	new a ta air hugo inc waugh
POOL	10508	0.681594734	2,4,6,8,12,16	ca top pre new owing to-do
POOL	10509	0.681584836	3,5,7,10,11,13,15,16	what aar u go a too food too
POOL	10510	0.681581844	2,4,7,10,11,15,16	wad ta reed go a to-do ooh
POOL	10511	0.681557177	2,6,8,10,12,16	one dali new oh link to-do
POOL	10512	0.681550398	2,4,8,9,10,15,16	y'are ta liu ooh a into boo
POOL	10513	0.681540724	2,4,6,7,12,15,16	one ta re- ooh growing word ooh
POOL	10514	0.681538205	3,5,7,10,13,16	what aar u go inc dew
POOL	10515	0.681519437	1,2,5,7,10,13,16	were a car yoo goat's inc to-do
POOL	10516	0.681494949	1,2,4,5,10,13,16	new a ta air hugo inc au
POOL	10517	0.681484831	1,2,5,10,13,15,16	a a car hugo inc shoes ooh
POOL	10518	0.681481092	1,6,10,11,16	uhh atari go thing to-do
POOL	10519	0.681476972	1,4,8,10,11,16	were aha league oh a to-do
POOL	10520	0.681359491	4,6,8,12,16	wut re- new owing toe
POOL	10521	0.681314943	1,2,4,5,10,13,16	new a ta air hugo inc coo
POOL	10522	0.681286946	1,2,4,5,10,13,16	new a ta air hugo inc ode
POOL	10523	0.681260046	2,4,6,8,10,14,16	one col re- ooh dome into due
POOL	10524	0.681241299	2,4,6,7,10,14,16	one ter re- low go into due
POOL	10525	0.681095417	4,6,10,14,16	whit re- go induce due
POOL	10526	0.681085344	1,2,4,8,10,15,16	ahh a ta liu oh into wii
POOL	10527	0.681075941	2,4,7,9,10,12,16	bois ta liu go a im to-do
POOL	10528	0.681031641	1,2,4,8,13,15,16	well a ta liu going food ooh
POOL	10529	0.681002060	3,6,7,10,13,15,16	wut ari ooh goats inc food ooh
POOL	10530	0.680961637	4,8,10,16	whatsapp liu oh to-do
POOL	10531	0.680958296	2,4,5,8,10,12,16	one ta or yoo nov ing to-do
POOL	10532	0.680954619	1,2,5,7,10,15,16	way a sure yoo go into ooh
POOL	10533	0.680870864	1,2,6,7,10,12,16	were heir car win go ing to-do
POOL	10534	0.680870730	4,8,10,16	wut raju oh to-do
POOL	10535	0.680863791	3,5,8,10,15,16	what are new a into do
POOL	10536	0.680863791	3,5,8,10,15,16	what are new a into to
POOL	10537	0.680851346	3,6,7,10,11,16	wut ari new go heh to-do
POOL	10538	0.680845893	2,4,7,10,12,15,16	rue ta liu go ing to-do we
POOL	10539	0.680843897	1,2,4,7,10,13,16	were run ta liu gao inc to-do
POOL	10540	0.680843228	2,6,8,12,16	one car new owing towed
POOL	10541	0.680731828	2,6,10,14,16	one r. wo into due
POOL	10542	0.680707109	4,8,10,16	wut ryu owe to-do
POOL	10543	0.680697135	1,2,4,7,10,14,16	were a ta liu goals into due
POOL	10544	0.680695728	1,2,5,10,13,15,16	err a sar hugo inc food ooh
POOL	10545	0.680670039	2,4,8,9,10,12,16	qua -san liu ooh a ing to-do
POOL	10546	0.680622580	1,2,4,7,13,15,16	were ang ta liu growing food ooh
POOL	10547	0.680587015	4,10,13,15,16	wut lugo inc thought coup
POOL	10548	0.680489010	1,2,4,5,10,15,16	new a ta air hugo inked ou
POOL	10549	0.680484244	2,4,6,8,10,15,16	one toss rin ooh oh into ooh
POOL	10550	0.680478397	1,2,4,8,10,14,16	were an ta lu oh into due
POOL	10551	0.680467128	1,2,4,5,10,13,16	new a ta air hugo inc koo
POOL	10552	0.680464976	2,4,6,8,10,16	one top rai doo oh to-do
POOL	10553	0.680453909	1,2,5,6,10,12,16	were wah dart yeah go ing to-do
POOL	10554	0.680444908	1,2,4,5,10,14,16	new a ta air hugo eat due
POOL	10555	0.680383385	2,4,6,12,15,16	one top re- growing to-do coo
POOL	10556	0.680372891	1,2,5,10,13,16	were a car hugo went to-do
POOL	10557	0.680334195	1,2,5,10,13,15,16	wed come car hugo inc food ooh
POOL	10558	0.680309894	4,10,13,15,16	witt lugo inc weed new
POOL	10559	0.680268423	1,2,4,7,10,14,16	were cum palm liu go into due
POOL	10560	0.680261921	2,4,6,10,13,16	one ter ellie go inc to-do
POOL	10561	0.680239836	2,4,6,8,11,16	one top rees boogie oh to-do
POOL	10562	0.680205738	4,8,10,15,16	wut league ode into tue
POOL	10563	0.680181687	2,4,8,10,12,15,16	one sta liu oooh ing to-do ooh
POOL	10564	0.680157470	2,4,7,10,14,16	one top revue go into due
POOL	10565	0.680145649	2,5,6,8,10,12,16	love car yeah ooh oh inns' to-do
POOL	10566	0.680043602	1,2,4,5,10,13,16	new a ta air hugo inc wed
POOL	10567	0.680038314	1,2,4,7,9,12,16	were a ta liu hou wing to-do
POOL	10568	0.680037711	1,2,4,5,10,13,16	new a ta air hugo inc ow
POOL	10569	0.680031881	4,8,10,16	watt ryu go to-do
POOL	10570	0.680007651	3,5,7,10,13,16	what aar u go inc du
POOL	10571	0.679997448	1,2,5,10,11,16	were a car hugo e'er to-do
POOL	10572	0.679996155	2,5,6,8,10,12,16	one turn yeah cou oh ing to-do
POOL	10573	0.679956654	1,2,4,5,10,13,16	new a ta air hugo inc womb
POOL	10574	0.679873703	1,2,6,10,13,16	were a dolly wo inc to-do
POOL	10575	0.679847278	4,8,10,16	wet ryu go to-do
POOL	10576	0.679802047	3,4,8,10,13,15,16	wut duh liu aww inc food ooh
POOL	10577	0.679762907	3,5,7,10,13,16	what aar u go inc deux
POOL	10578	0.679757773	2,5,10,11,16	one tore rowe sea to-do
POOL	10579	0.679745033	4,8,10,16	whatsapp league go to-do
POOL	10580	0.679741330	4,6,7,11,16	wack earl woo go to-do
POOL	10581	0.679693223	1,2,4,5,10,13,16	new a ta air hugo inc xu
POOL	10582	0.679680424	1,2,4,8,13,15,16	were um ska liu owing food ooh
POOL	10583	0.679673547	4,8,10,14,16	ut league toe into due
POOL	10584	0.679643319	3,6,8,10,12,16	wut ari new oh lynn to-do
POOL	10585	0.679629903	1,2,4,5,10,13,16	new a ta air hugo inc cou
POOL	10586	0.679485680	3,5,7,10,11,13,15,16	what aar u go a too dude new
POOL	10587	0.679456560	2,4,8,9,11,15,16	yah ta liu ooh we to-do oof
POOL	10588	0.679396520	2,4,6,7,12,16	one top re- new grossing to-do
POOL	10589	0.679362903	1,2,5,10,13,14,16	y'are a car hugo inc ooh d'oh
POOL	10590	0.679352368	2,4,8,9,10,12,16	one ya liu o a ing to-do
POOL	10591	0.679284482	2,4,6,8,10,14,16	wei ta re- ooh nose into due
POOL	10592	0.679177721	3,5,8,10,15,16	what are new all into you
POOL	10593	0.679177463	2,4,7,10,13,16	one top liu lago inc to-do
POOL	10594	0.679170328	2,4,7,9,10,12,16	one tung liu go y'are ing to-do
POOL	10595	0.679156412	2,4,6,9,10,12,16	one ta re- go a ing tudor
POOL	10596	0.679143526	4,7,10,13,15,16	wut liu noh dint food new
POOL	10597	0.679121377	1,2,5,7,10,15,16	were shut car yoo go into shoe
POOL	10598	0.679112121	4,8,10,12,16	wit league oh in todos
POOL	10599	0.679105890	1,2,4,8,12,15,16	wish a ta liu owing rude ooh
POOL	10600	0.679069028	1,2,4,8,13,15,16	yah a dah liu owing food ooh
POOL	10601	0.679012420	1,2,6,7,12,16	wall a car new growing to-do
POOL	10602	0.678988238	1,2,4,5,10,13,16	new a ta air hugo inc do
POOL	10603	0.678963725	4,8,10,14,16	wut ree oh into dues
POOL	10604	0.678957523	1,2,5,8,12,16	were bus car new owing to-do
POOL	10605	0.678955238	4,8,13,15,16	wut you owing food new
POOL	10606	0.678873140	3,6,8,10,11,16	wished ari new oh a to-do
POOL	10607	0.678868483	1,2,4,8,10,14,16	were app ta liu zone into due
POOL	10608	0.678849463	2,4,7,9,10,12,16	one ta liu lew a ing to-do
POOL	10609	0.678845694	1,2,4,5,10,13,16	new a ta air hugo ain't too
POOL	10610	0.678810468	3,4,6,7,10,13,16	wa ahh re- ooh go dent to-do
POOL	10611	0.678798314	1,2,4,5,10,13,16	new a ta air hugo inc whoop
POOL	10612	0.678769958	1,2,5,8,10,14,16	were a pair yoo oh into due
POOL	10613	0.678726765	2,4,8,9,10,12,16	ca ta liu ooh umm ing to-do
POOL	10614	0.678721905	2,6,10,15,16	one aria go into new
POOL	10615	0.678718009	3,5,7,10,13,16	what aar u go ink doo
POOL	10616	0.678707023	3,4,6,8,12,16	wut ahh re- vu owing to-do
POOL	10617	0.678676089	4,7,10,15,16	wut new ode into new
POOL	10618	0.678666198	1,2,5,7,10,13,16	were ang car yoo aux inc to-do
POOL	10619	0.678658220	2,4,8,9,10,12,16	worth ta liu tho a ing to-do
POOL	10620	0.678656767	3,5,7,10,11,13,15,16	what aar u go a too dude too
POOL	10621	0.678655522	1,2,4,8,10,15,16	were a sa lu oh into ooh
POOL	10622	0.678621536	3,6,7,10,11,16	wut ari rude go a to-do
POOL	10623	0.678605672	1,2,4,5,10,15,16	new a ta air hugo inked due
POOL	10624	0.678602935	3,5,7,10,11,13,15,16	what aar u go a too food due
POOL	10625	0.678601417	1,2,4,5,10,13,16	new a ta air hugo inc woof
POOL	10626	0.678575922	1,2,4,7,13,15,16	week a ta liu growing shoot ooh
POOL	10627	0.678561922	2,4,7,10,12,15,16	knew posh liu go ing to-do ooh
POOL	10628	0.678532981	2,4,8,10,16	run awe you oh to-do
POOL	10629	0.678446496	1,2,4,5,10,13,16	new a ta air hugo inc wad
POOL	10630	0.678403710	1,2,4,7,13,15,16	were a raw liu growing food ooh
POOL	10631	0.678387798	3,5,7,10,13,16	what aar u go ink dew
POOL	10632	0.678367066	1,2,4,10,12,16	weave a top lugo in to-do
POOL	10633	0.678347909	4,7,10,11,16	wap through go me to-do
POOL	10634	0.678344630	2,4,8,10,12,15,16	run ta liu dome ing to-do ooh
POOL	10635	0.678344387	3,5,8,10,15,16	what are new all into do
POOL	10636	0.678344387	3,5,8,10,15,16	what are new all into to
POOL	10637	0.678324227	1,2,5,7,10,13,16	were gun cha yoo go inc to-do
POOL	10638	0.678318167	3,4,7,10,13,15,16	wut up airy go inc food ooh
POOL	10639	0.678268504	3,4,6,8,10,12,16	wut par heir ooh oh ing to-do
POOL	10640	0.678187735	3,5,7,10,13,16	what aar u go inc food
POOL	10641	0.678166800	3,4,6,8,10,12,16	wes ahh re- ooh oh teen to-do
POOL	10642	0.678142887	3,4,6,8,10,12,16	wut cod re- swig oh ing to-do
POOL	10643	0.678129061	1,2,4,8,12,16	were an top fugue owing to-do
POOL	10644	0.678120838	1,2,5,10,13,14,16	week a car vigo inc ooh due
POOL	10645	0.678074317	2,4,6,8,12,15,16	wall ta re- ooh owing toothed ooh
POOL	10646	0.678047319	1,2,4,7,10,14,16	were rub ta pew go into due
POOL	10647	0.678033404	3,6,8,10,12,16	wut arr new oh in whoo
POOL	10648	0.678016481	1,2,6,7,10,14,16	was a tur ooh go into due
POOL	10649	0.677985400	2,4,6,7,13,15,16	y'are does re- ooh growing food ooh
POOL	10650	0.677966667	1,2,4,5,10,13,16	new a ta air hugo ain doo
POOL	10651	0.677944115	3,6,7,10,11,16	y'ad ari new go a to-do
POOL	10652	0.677942125	1,2,4,5,10,13,16	new a ta air hugo inc ku
POOL	10653	0.677925030	3,4,6,8,12,16	swot ahh re- new owing to-do
POOL	10654	0.677903388	2,6,10,14,16	one parr go into dawn
POOL	10655	0.677854012	3,5,7,10,11,13,15,16	what aar u go a too food knew
POOL	10656	0.677828044	2,4,6,10,12,16	one terra re- go his to-do
POOL	10657	0.677822310	4,7,10,12,16	wit new aux in to-do
POOL	10658	0.677800078	2,4,8,11,16	one ka you oh to-do
POOL	10659	0.677772943	4,7,10,12,16	wut thru go dean to-do
POOL	10660	0.677749760	1,2,4,5,10,15,16	new a ta air hugo inked knew
POOL	10661	0.677723935	1,2,4,5,10,13,16	new a ta air hugo inc oe
POOL	10662	0.677692469	1,2,4,5,10,13,16	new a ta air hugo inc whoosh
POOL	10663	0.677683628	1,2,4,5,10,13,16	new a ta air hugo ain dew
POOL	10664	0.677643671	4,8,13,15,16	wut eeg owing booed new
POOL	10665	0.677616286	1,2,4,5,10,13,16	new a top air hugo inc do
POOL	10666	0.677578196	2,5,10,12,16	one car wo in to-do
POOL	10667	0.677560525	1,2,4,7,10,12,16	were but ta liu gu ing to-do
POOL	10668	0.677551965	1,2,4,5,10,13,16	new a ta air hugo ain't doo
POOL	10669	0.677538375	1,2,4,5,10,13,16	new a ta air hugo inc wid
POOL	10670	0.677506514	2,4,8,9,10,15,16	yuh ta ree ooh a into ooh
POOL	10671	0.677421143	1,2,4,5,10,13,16	new a ta air hugo inc woot
POOL	10672	0.677381691	3,6,7,10,13,15,16	wut hari ooh au inc food ooh
POOL	10673	0.677361227	1,2,4,7,9,12,16	air a ta liu o wing to-do
POOL	10674	0.677341279	3,4,6,8,12,16	wut tom re- new owing to-do
POOL	10675	0.677338346	2,4,7,10,12,16	one twa liu go in wu
POOL	10676	0.677334020	1,2,5,10,16	were dah taj go to-do
POOL	10677	0.677332007	3,4,8,10,11,16	wut up raju oh a to-do
POOL	10678	0.677305799	4,8,9,11,16	witt roo ohh we to-do
POOL	10679	0.677282988	2,6,10,16	woah tory go to-do
POOL	10680	0.677268927	1,2,4,5,10,13,16	new a ta air hugo ain't dew
POOL	10681	0.677268906	1,2,4,7,13,15,16	were a ta liu growing hoo ooh
POOL	10682	0.677253618	2,4,6,7,13,15,16	one palm re- boo growing food ooh
POOL	10683	0.677247900	1,2,5,7,10,15,16	were a car hughes' go into ooh
POOL	10684	0.677246955	2,5,6,8,10,12,16	one barr for ooh oh ing to-do
POOL	10685	0.677238327	1,2,4,5,10,13,16	new a ta air hugo inc ot
POOL	10686	0.677238213	1,2,4,7,12,16	ear a top liu growing to-do
POOL	10687	0.677171330	1,4,6,7,10,12,16	were at re- ooh go ing pooh-pooh
POOL	10688	0.677162523	2,4,6,7,12,16	duh top re- new growing to-do
POOL	10689	0.677144918	4,6,8,13,15,16	wut re- new owing outta new
POOL	10690	0.677134394	2,6,11,16	wee torrey go to-do
POOL	10691	0.677119588	1,2,4,5,10,13,16	new a ta air hugo and doo
POOL	10692	0.677086164	1,2,4,5,10,13,16	new a ta air hugo inc qu
POOL	10693	0.677040620	3,5,7,10,13,16	what aar u gogh inc due
POOL	10694	0.677023423	1,2,4,5,10,13,16	new a ta air hugo inc who'd
POOL	10695	0.676967406	1,2,4,8,12,16	were a tosh lieu owing to-do
POOL	10696	0.676900331	4,8,13,15,16	witt league owing booed new
POOL	10697	0.676857244	3,5,7,10,13,16	what aar u go ink du
POOL	10698	0.676854244	1,2,4,5,10,12,16	well a ta or woah ing to-do
POOL	10699	0.676836550	1,2,4,5,10,13,16	new a ta air hugo and dew
POOL	10700	0.676767396	1,2,5,10,13,14,16	were r. cause hugo inc ooh due
POOL	10701	0.676745969	1,2,4,7,11,16	why a top liu owing to-do
POOL	10702	0.676696639	2,5,10,12,16	one tel go in to-do
POOL	10703	0.676686155	2,4,6,7,9,12,16	one conn r ooh go wing to-do
POOL	10704	0.676681559	1,2,4,8,13,16	oui a top mew owing to-do
POOL	10705	0.676648670	1,2,4,8,13,15,16	weigh la ta liu owing food ooh
POOL	10706	0.676635360	1,2,5,10,12,16	were um car hugo in to-do
POOL	10707	0.676612500	3,5,7,10,13,16	what aar u go ink deux
POOL	10708	0.676611157	1,4,6,7,10,12,16	were duh re- ooh globe ing to-do
POOL	10709	0.676609418	2,5,10,12,16	one tonne go shing to-do
POOL	10710	0.676464018	1,2,4,7,10,15,16	worm a ta liu gro into ooh
POOL	10711	0.676455596	1,2,5,6,10,12,16	were a car yeah go ing pseudo
POOL	10712	0.676371725	1,2,4,5,10,13,16	new a ta air hugo ain du
POOL	10713	0.676361314	1,2,5,8,10,12,16	were pub mar yoo oh ing to-do
POOL	10714	0.676350116	2,4,7,8,10,12,16	one sta zhu egg oh ing to-do
POOL	10715	0.676323786	1,2,5,7,10,15,16	were a kun yoo go into ooh
POOL	10716	0.676301776	4,7,10,12,16	wut new bo in to-do
POOL	10717	0.676184720	1,2,4,8,13,16	were a cha roux owing to-do
POOL	10718	0.676161945	1,2,4,5,10,13,16	new a ta air hugo ain deux
POOL	10719	0.676129065	2,6,7,10,13,15,16	awe car ooh ngo inc food ooh
POOL	10720	0.676062092	3,5,7,10,13,15,16	what aar u go inc to-do ooh
POOL	10721	0.676041319	1,2,5,10,16	were a pore go to-do
POOL	10722	0.676041000	2,4,5,8,10,12,16	one -san or yule oh ing to-do
POOL	10723	0.676015286	4,7,10,15,16	wut reese go into doo
POOL	10724	0.676010359	3,4,8,10,13,15,16	washed ahh liu oh indy food ooh
POOL	10725	0.675957024	1,2,4,5,10,13,16	new a ta air hugo ain't du
POOL	10726	0.675832455	2,5,8,10,12,16	raw car yogi oh in to-do
POOL	10727	0.675792338	4,6,7,10,13,15,16	wut ryu ooh ghost inc food ooh
POOL	10728	0.675747243	1,2,4,5,10,13,16	new a ta air hugo ain't deux
POOL	10729	0.675720907	1,2,5,10,12,16	were a car hugo then to-do
POOL	10730	0.675700137	1,2,5,10,11,16	were dumb car hugo a to-do
POOL	10731	0.675655947	2,4,6,12,16	one top re- growing taut
POOL	10732	0.675610379	1,2,5,7,10,15,16	were a car yoo go into doom
POOL	10733	0.675553663	2,5,6,8,10,12,16	bois car yeah ooh bowl ing to-do
POOL	10734	0.675529859	4,6,10,14,16	wut re- owe eu due
POOL	10735	0.675524647	1,2,4,5,10,13,16	new a ta air hugo and du
POOL	10736	0.675497469	2,6,11,16	won car going to-do
POOL	10737	0.675484807	2,5,10,15,16	wai car go into foo
POOL	10738	0.675443989	1,2,4,6,11,16	were a top leigh going to-do
POOL	10739	0.675430614	1,2,5,10,15,16	were umm car hugo into new
POOL	10740	0.675400200	1,2,6,8,12,16	were um ta new owing to-do
POOL	10741	0.675345863	4,8,9,11,16	wut loo shoe oui to-do
POOL	10742	0.675314866	1,2,4,5,10,13,16	new a ta air hugo and deux
POOL	10743	0.675268829	1,2,4,5,10,13,16	new a ta air hugo ang doo
POOL	10744	0.675246422	1,2,5,10,16	were umm car ro to-do
POOL	10745	0.675205197	1,2,4,6,7,12,16	were a ta re- ooh growing toe
POOL	10746	0.675193517	2,4,6,8,12,16	one et reel new owing to-do
POOL	10747	0.675143841	2,4,7,10,11,15,16	one ta liu gall a to-do ooh
POOL	10748	0.675139810	1,2,4,7,10,15,16	were a pop row go into ooh
POOL	10749	0.675127596	2,4,7,8,10,12,16	wear ta liu egg throw ing to-do
POOL	10750	0.675089876	3,4,8,10,12,16	week ahh league oh in tu
POOL	10751	0.675025790	2,4,8,9,10,15,16	one ta liu oss a into ooh
POOL	10752	0.675022478	4,8,12,16	wut yew owing to-do
POOL	10753	0.674995499	2,5,10,13,15,16	one car hugo inc food eu
POOL	10754	0.674985791	1,2,4,5,10,13,16	new a ta air hugo ang dew
POOL	10755	0.674920181	2,4,6,7,10,13,16	yacht ta re- ooh groan inc to-do
POOL	10756	0.674900262	3,4,6,8,12,16	wut ahh re- new blowing to-do
POOL	10757	0.674871848	2,4,6,8,12,16	rug top re- ku owing to-do
POOL	10758	0.674774119	3,5,7,10,13,15,16	what aar u go inc to-do new
POOL	10759	0.674752695	1,2,4,5,10,13,16	new a ta air hugo inc do's
POOL	10760	0.674657866	1,2,4,8,10,15,16	were a a liu oh into ooh
POOL	10761	0.674625613	4,8,12,16	whet league owing to-do
POOL	10762	0.674621812	1,2,4,5,10,14,16	new a ta air hugo too two
POOL	10763	0.674594523	2,4,6,7,11,16	one top re- moo owing to-do
POOL	10764	0.674586875	1,2,4,5,10,13,16	new a ta air hugo ait doo
POOL	10765	0.674559102	3,6,8,10,12,16	wut ari new code in to-do
POOL	10766	0.674505712	2,4,6,7,13,15,16	one spa re- ooh growing food u.
POOL	10767	0.674477794	1,2,4,5,10,14,16	new a ta air hugo eat too
POOL	10768	0.674448813	2,4,7,11,16	o comm u. go to-do
POOL	10769	0.674442895	1,2,6,10,12,16	ahh utter car go in to-do
POOL	10770	0.674436743	1,2,5,7,10,15,16	doo a car yoo go into rude
POOL	10771	0.674360523	1,2,4,7,13,15,16	were a ta clue growing food ooh
POOL	10772	0.674351027	3,6,8,10,13,15,16	wack ari ooh oh dent food ooh
POOL	10773	0.674350589	1,2,4,5,10,12,16	were a ta or rho ing to-do
POOL	10774	0.674309654	1,2,4,7,9,12,16	were pa cob liu go wing to-do
POOL	10775	0.674303837	1,2,4,5,10,13,16	new a ta air hugo ait dew
POOL	10776	0.674230665	2,4,6,7,9,12,16	one uh re- zoom go wing to-do
POOL	10777	0.674217960	2,4,6,7,11,16	one top reid new ego to-do
POOL	10778	0.674178642	3,4,6,11,16	at ahh pre wo to-do
POOL	10779	0.674148024	3,4,8,10,13,15,16	wit ahh liu ios inc food ooh
POOL	10780	0.674095513	1,2,4,7,9,12,16	poo a ta liu go n. to-do
POOL	10781	0.674081211	1,2,5,10,13,15,16	were le car hugo writ food ooh
POOL	10782	0.674058658	4,6,12,16	wat re- growing to-do
POOL	10783	0.674018741	2,4,8,9,10,15,16	one ta ri ooh a into ooh
POOL	10784	0.673988102	1,2,4,7,10,14,16	wash a ta liu co into due
POOL	10785	0.673973786	3,6,10,13,16	wap ari go inc doe
POOL	10786	0.673943859	3,4,6,8,10,12,16	worst ahh re- ooh mode ing to-do
POOL	10787	0.673931376	4,8,13,15,16	wut meu owing food soo
POOL	10788	0.673922717	2,4,5,8,10,12,16	lush ta work yoo oh ing to-do
POOL	10789	0.673918825	2,6,8,12,16	one prix new oe to-do
POOL	10790	0.673914062	1,2,5,10,11,16	were al. car hugo c to-do
POOL	10791	0.673777214	1,2,4,5,10,15,16	new a ta air hugo inked who
POOL	10792	0.673718587	1,2,4,10,12,16	were ohh top lugo in to-do
POOL	10793	0.673709266	1,2,4,5,10,15,16	new a ta air hugo inked two
POOL	10794	0.673699394	1,2,4,7,13,15,16	were a ta liu growing food nude
POOL	10795	0.673673888	1,2,4,5,10,13,16	new a ta air hugo ang du
POOL	10796	0.673667090	2,4,7,10,12,15,16	one tock liu no ing to-do ooh
POOL	10797	0.673619744	1,2,5,10,13,14,16	air a car hugo inc liu due
POOL	10798	0.673583078	4,8,12,15,16	wut yu owing put new
POOL	10799	0.673536336	2,4,8,10,12,14,16	one kahn liu arrow ing too due
POOL	10800	0.673464107	1,2,4,5,10,13,16	new a ta air hugo ang deux
POOL	10801	0.673450434	1,2,6,10,11,16	were a car goa a to-do
POOL	10802	0.673441442	2,5,10,11,16	woo car go the to-do
POOL	10803	0.673418052	1,2,4,5,10,13,16	new a ta air hugo inc ought
POOL	10804	0.673414352	4,8,10,14,16	yuck ru ow into due
POOL	10805	0.673404899	3,5,7,10,11,13,15,16	what aar u go a too food oh
POOL	10806	0.673398743	1,2,4,5,10,13,16	new a top new hugo inc do
POOL	10807	0.673395588	4,8,12,15,16	wut league owing kuhn new
POOL	10808	0.673363168	1,2,4,7,10,13,16	wool a are liu go inc to-do
POOL	10809	0.673347365	4,8,10,15,16	wack lou oe into new
POOL	10810	0.673311975	1,2,6,7,12,16	were r. car new growing to-do
POOL	10811	0.673304929	1,2,5,8,10,14,16	were a car yoo toll into due
POOL	10812	0.673251590	1,2,4,5,10,15,16	new a ta air hugo inked shoe
POOL	10813	0.673221796	3,6,8,10,11,16	let ari goo oh a to-do
POOL	10814	0.673184065	1,2,4,5,10,14,16	new a ta air hugo eat doo
POOL	10815	0.673176747	1,2,4,5,10,15,16	new a ta air hugo inked sue
POOL	10816	0.673168469	1,2,4,7,12,15,16	were a ta liu growing toyed ooh
POOL	10817	0.673106258	4,6,12,16	wut ri growing to-do
POOL	10818	0.672991934	1,2,4,5,10,13,16	new a ta air hugo ait du
POOL	10819	0.672975049	3,6,8,10,13,15,16	but ari ooh cope inc food ooh
POOL	10820	0.672950707	2,4,6,8,10,13,16	one are rang ooh oh inc to-do
POOL	10821	0.672947058	2,4,6,7,13,15,16	young ta lore ooh growing food ooh
POOL	10822	0.672901027	1,2,4,5,10,14,16	new a ta air hugo eat dew
POOL	10823	0.672890085	1,2,4,5,10,15,16	new a ta air hugo inked zoo
POOL	10824	0.672879019	1,2,4,5,10,15,16	new a ta air hugo inked aw
POOL	10825	0.672839342	2,4,8,9,10,15,16	one palm liu ooh a into ooh
POOL	10826	0.672782153	1,2,4,5,10,13,16	new a ta air hugo ait deux
POOL	10827	0.672670823	2,6,10,14,16	one car glow into dune
POOL	10828	0.672656081	2,5,10,13,16	one conn. go inc ado
POOL	10829	0.672634391	4,6,12,15,16	wut re- growing claude new
POOL	10830	0.672630966	2,4,6,7,12,16	raw sha re- new growing to-do
POOL	10831	0.672599419	3,5,7,10,11,13,14,16	what aar u go ee too ooh due
POOL	10832	0.672521979	2,4,8,10,12,15,16	wei chop liu oh ing to-do ooh
POOL	10833	0.672467959	1,2,4,5,10,15,16	new a ta air hugo inked coup
POOL	10834	0.672462075	1,2,5,10,13,14,16	were luck car hugo tint ooh due
POOL	10835	0.672433442	4,6,7,10,11,16	wada earn aw go a to-do
POOL	10836	0.672429002	1,2,4,5,10,13,16	new a ta air hugo ain woo
POOL	10837	0.672420885	4,8,11,16	wut league goa to-do
POOL	10838	0.672417176	2,4,7,12,16	one tot new goh to-do
POOL	10839	0.672368041	2,4,6,7,10,14,16	one et were ooh go into due
POOL	10840	0.672356259	4,6,8,12,16	wut re- ag wynn to-do
POOL	10841	0.672355120	2,4,6,7,13,15,16	one ta writ hou growing food ooh
POOL	10842	0.672338392	1,2,4,5,10,14,16	new a ta air hugo ent due
POOL	10843	0.672293936	1,2,4,5,10,14,16	new a ta air hugo inc new
POOL	10844	0.672280705	1,2,4,5,10,15,16	new a ta air hugo inked lou
POOL	10845	0.672267116	1,2,4,6,12,16	were owe tot re- growing to-do
POOL	10846	0.672262352	4,8,10,15,16	whit lieu oh into aw
POOL	10847	0.672228134	1,2,4,5,10,15,16	new a ta air hugo inked boo
POOL	10848	0.672088119	2,4,5,8,10,12,16	lung tonne or yoo oh ing to-do
POOL	10849	0.672079773	2,4,10,13,16	woo top lugo inc doh
POOL	10850	0.672057164	1,2,4,5,10,15,16	new a ta air hugo inked woo
POOL	10851	0.672048179	2,4,8,10,12,14,16	wot ta liu oh ing issue due
POOL	10852	0.672014300	1,2,4,5,10,13,16	new a ta air hugo ain't woo
POOL	10853	0.671911124	1,2,5,10,11,16	womb ca car hugo a to-do
POOL	10854	0.671896690	2,4,8,10,15,16	ahh shah ruger oh into new
POOL	10855	0.671891043	2,6,8,13,16	one car hu owing wu
POOL	10856	0.671851808	2,4,6,8,13,16	whack top re- gnu owing to-do
POOL	10857	0.671828337	1,2,6,8,13,15,16	are a car ooh owing food ooh
POOL	10858	0.671804322	1,2,4,5,10,15,16	new a ta air hugo inked soo
POOL	10859	0.671798449	3,4,6,10,12,16	white ahh re- o-o in to-do
POOL	10860	0.671798283	4,8,13,16	wit league owing to-do
POOL	10861	0.671782787	1,2,4,7,10,15,16	were dah ta liu goats into ooh
POOL	10862	0.671682989	3,5,7,10,11,13,14,16	what aar u go ee too oooh due
POOL	10863	0.671663063	2,4,8,10,11,15,16	one tal you oh a to-do ooh
POOL	10864	0.671653712	2,4,8,10,14,16	one top league oh into doin'
POOL	10865	0.671635247	2,5,10,12,16	would car rowe in to-do
POOL	10866	0.671598143	1,2,6,8,12,16	were son car wee owing to-do
POOL	10867	0.671589124	1,2,4,5,10,14,16	new a ta air hugo eat du
POOL	10868	0.671576497	1,2,5,8,12,16	lou a car few owing to-do
POOL	10869	0.671572924	4,8,10,14,16	yuck league oh eu due
POOL	10870	0.671535378	2,4,7,9,10,12,16	one tug hugh go a ing to-do
POOL	10871	0.671462588	3,5,7,10,11,15,16	what aar u go ee to-do ooh
POOL	10872	0.671452825	1,2,5,10,13,16	tue a conn hugo inc to-do
POOL	10873	0.671418191	1,2,5,10,13,16	use odd car hugo inc to-do
POOL	10874	0.671406002	2,4,6,7,12,16	one tar re- new boeing to-do
POOL	10875	0.671394415	3,5,7,10,11,13,15,16	what aar u go a too food u
POOL	10876	0.671387917	1,4,8,12,16	were at roux o.'s to-do
POOL	10877	0.671379343	1,2,4,5,10,14,16	new a ta air hugo eat deux
POOL	10878	0.671366409	4,7,10,11,16	ut new goethe ill to-do
POOL	10879	0.671344828	1,2,4,5,10,15,16	new a ta air hugo inked doo
POOL	10880	0.671267017	2,4,8,9,10,12,16	un ta liu ooh a sings to-do
POOL	10881	0.671217186	1,2,4,7,12,16	were ups top liu growing to-do
POOL	10882	0.671165788	2,4,6,7,13,15,16	one dot re- ooh growing who ooh
POOL	10883	0.671162244	1,2,4,5,10,15,16	new a ta air hugo inked rue
POOL	10884	0.671140727	1,2,5,8,10,14,16	wish a car yoo dose into due
POOL	10885	0.671106101	1,2,4,5,10,15,16	new a ta air hugo inked poo
POOL	10886	0.671061790	1,2,4,5,10,15,16	new a ta air hugo inked dew
POOL	10887	0.670933508	1,2,4,7,13,15,16	sue a ta liu growing food or
POOL	10888	0.670927630	1,2,4,5,10,15,16	new a ta air hugo inked yoo
POOL	10889	0.670918803	4,8,10,15,16	wut greig tho into sue
POOL	10890	0.670863972	1,2,4,5,10,15,16	new a ta air hugo inked lieu
POOL	10891	0.670828858	1,2,4,5,10,15,16	new a ta air hugo inked sioux
POOL	10892	0.670815180	2,4,8,12,15,16	coup top league owing to-do new
POOL	10893	0.670777151	2,4,6,8,12,16	wag tech re- new owing to-do
POOL	10894	0.670774419	1,2,5,10,16	were a cause goh to-do
POOL	10895	0.670766179	1,2,4,7,11,16	were a top liu zoë to-do
POOL	10896	0.670759061	1,2,4,5,10,15,16	new a ta air hugo inked goo
POOL	10897	0.670745523	2,4,8,12,16	one tosh league owing dew
POOL	10898	0.670694999	3,5,7,10,11,13,15,16	what aar u go a too food who
POOL	10899	0.670679966	1,2,4,5,10,15,16	new a ta air hugo inked hoo
POOL	10900	0.670666917	1,2,4,5,10,15,16	new a ta air hugo inked zhou
POOL	10901	0.670666912	1,2,4,5,10,13,16	new a ta air hugo ain whew
POOL	10902	0.670661937	2,4,8,9,11,15,16	raw ta you ooh we to-do ooh
POOL	10903	0.670635544	3,5,7,10,11,13,15,16	what aar u go a too food two
POOL	10904	0.670622088	1,2,6,10,12,16	were a car ergo in to-do
POOL	10905	0.670579903	1,2,4,5,10,15,16	new a ta air hugo inked foo
POOL	10906	0.670578923	1,2,5,8,12,16	were a car sieg owing to-do
POOL	10907	0.670550803	1,4,6,8,10,12,16	will at re- ooh oh ing voodoo
POOL	10908	0.670536645	1,2,4,8,11,16	were a top lu opie to-do
POOL	10909	0.670522618	1,2,6,7,10,14,16	owe a car ooh go into zeus
POOL	10910	0.670496204	1,2,5,8,12,16	were a arm new owing to-do
POOL	10911	0.670476830	3,5,7,10,11,13,15,16	what aar u go a too dude oh
POOL	10912	0.670475848	1,2,4,5,10,15,16	new a ta air hugo inked coo
POOL	10913	0.670468715	1,2,4,5,10,15,16	new a ta air hugo inked loo
POOL	10914	0.670437826	1,2,4,5,10,15,16	new a ta air hugo inked pooh
POOL	10915	0.670430345	1,2,4,8,12,16	were nut took league owing to-do
POOL	10916	0.670423619	1,2,4,10,12,16	lou dumb top lugo in to-do
POOL	10917	0.670415239	3,5,7,10,11,15,16	what aar u go ee to-do oooh
POOL	10918	0.670397650	2,4,6,7,11,16	raw top re- new okey to-do
POOL	10919	0.670390898	1,2,4,5,10,15,16	new a ta air hugo inked lew
POOL	10920	0.670367363	1,2,4,5,10,15,16	new a ta air hugo inked u
POOL	10921	0.670320611	1,6,10,11,16	wah atari au eye to-do
POOL	10922	0.670297587	1,2,4,5,10,15,16	new a ta air hugo inked tue
POOL	10923	0.670295074	1,2,4,5,10,15,16	new a ta air hugo inked whew
POOL	10924	0.670283554	3,6,7,10,11,16	wut ari ore go year to-do
POOL	10925	0.670265428	1,2,4,5,10,12,16	new a ta air hugo thing two
POOL	10926	0.670252210	1,2,4,5,10,13,16	new a ta air hugo ain't whew
POOL	10927	0.670219001	2,4,6,7,13,15,16	new ta re- ooh growing brood ooh
POOL	10928	0.670193898	3,5,7,10,11,13,15,16	what aar u go a too food law
POOL	10929	0.670172017	1,2,4,5,10,15,16	new a ta air hugo inked shu
POOL	10930	0.670155667	4,6,9,11,16	wut reed au koi to-do
POOL	10931	0.670134096	1,2,5,8,10,12,16	were gut car yoo coke ing to-do
POOL	10932	0.670094601	2,6,10,16	won pre ego to-do
POOL	10933	0.670080832	1,2,4,5,10,15,16	new a ta air hugo inked moo
POOL	10934	0.670079561	1,2,4,5,10,15,16	new a ta air hugo inked oof
POOL	10935	0.669998189	1,2,4,5,10,15,16	new a ta air hugo inked vous
POOL	10936	0.669997208	1,2,4,5,10,15,16	new a ta air hugo inked zhu
POOL	10937	0.669974859	1,2,6,8,12,16	were a car new okey to-do
POOL	10938	0.669962016	1,2,4,5,10,15,16	new a ta air hugo inked hou
POOL	10939	0.669951418	1,2,4,5,10,15,16	new a ta air hugo inked roo
POOL	10940	0.669950765	2,4,6,8,13,15,16	weigh ta ya ooh owing food ooh
POOL	10941	0.669857710	2,4,5,10,12,16	ware top air hugo in to-do
POOL	10942	0.669852333	2,4,7,10,12,15,16	na ta liu go id to-do ooh
POOL	10943	0.669846631	2,4,6,7,9,12,16	wop ta re- ooh go e's to-do
POOL	10944	0.669842473	4,7,13,15,16	wut zhou growing food new
POOL	10945	0.669810222	1,2,4,5,10,15,16	new a ta air hugo inked gnu
POOL	10946	0.669787705	2,5,10,13,16	raw tore ro inc to-do
POOL	10947	0.669765389	1,2,4,5,10,15,16	new a ta air hugo inked yew
POOL	10948	0.669749887	1,2,4,5,10,15,16	new a ta air hugo inked du
POOL	10949	0.669727874	1,2,4,5,10,15,16	new a ta air hugo inked oop
POOL	10950	0.669724406	4,8,13,15,16	what's league owing food new
POOL	10951	0.669724170	1,2,4,5,10,15,16	new a ta air hugo inked roux
POOL	10952	0.669709785	3,5,7,10,11,15,16	what aar u go a to-do new
POOL	10953	0.669660148	4,8,10,14,16	wut league row untrue due
POOL	10954	0.669652497	3,5,7,10,11,13,14,16	what aar u go a too new due
POOL	10955	0.669629913	1,2,4,5,10,15,16	new a ta air hugo inked hsu
POOL	10956	0.669628034	1,2,4,5,10,15,16	new a ta air hugo inked koo
POOL	10957	0.669613238	1,2,4,5,10,13,16	new a ta air hugo inc to
POOL	10958	0.669554448	1,2,4,5,10,13,16	new a ta air hugo ain whoo
POOL	10959	0.669540106	1,2,4,5,10,15,16	new a ta air hugo inked deux
POOL	10960	0.669517589	3,4,6,10,11,16	wut ahh re- oo ai to-do
POOL	10961	0.669485197	4,6,7,10,12,16	wut knee new go in do
POOL	10962	0.669485125	3,5,7,10,11,13,15,16	what aar u go a too food saw
POOL	10963	0.669478054	2,5,10,15,16	one car whoa into zoo
POOL	10964	0.669419557	3,6,8,10,12,16	wut arty noo oh in to-do
POOL	10965	0.669369878	2,4,6,7,10,15,16	worm ta re- ooh koh into ooh
POOL	10966	0.669349062	1,2,6,8,12,16	ah al car new owing to-do
POOL	10967	0.669326567	1,2,4,5,10,15,16	new a ta air hugo inked shoo
POOL	10968	0.669314707	1,2,4,6,12,16	wood a chalk re- growing to-do
POOL	10969	0.669310175	4,7,10,13,16	wac roux no inc to-do
POOL	10970	0.669301255	1,2,4,5,10,15,16	new a ta air hugo inked sou
POOL	10971	0.669297317	2,4,7,8,10,12,16	one tea liu egg pose ing to-do
POOL	10972	0.669288154	4,8,10,16	wut league lower to-do
POOL	10973	0.669216221	1,2,4,5,10,15,16	new a ta air hugo inked ooze
POOL	10974	0.669199585	1,2,4,5,10,15,16	new a ta air hugo inked ewe
POOL	10975	0.669182610	1,2,4,5,10,15,16	new a ta air hugo inked whoo
POOL	10976	0.669162347	1,2,4,10,12,16	hoo a top lugo yong to-do
POOL	10977	0.669158429	1,2,4,5,10,15,16	new a ta air hugo inked yue
POOL	10978	0.669139746	1,2,4,5,10,13,16	new a ta air hugo ain't whoo
POOL	10979	0.669047651	1,2,5,7,10,15,16	were a dull u.'s go into ooh
POOL	10980	0.668966051	1,2,4,5,10,15,16	new a ta air hugo inked noo
POOL	10981	0.668965315	1,2,5,8,10,14,16	were lung car sieg oh into due
POOL	10982	0.668943807	1,2,4,5,10,13,16	new a ta air hugo ain't boo
POOL	10983	0.668936791	2,4,6,8,13,16	one odd re- gi owing to-do
POOL	10984	0.668934082	1,2,4,5,10,15,16	new a ta air hugo inked xue
POOL	10985	0.668933363	1,2,4,7,10,15,16	were eng a liu go into ooh
POOL	10986	0.668931632	1,2,5,10,16	wii a r. woah to-do
POOL	10987	0.668882097	2,6,8,12,16	yah car new owing toe
POOL	10988	0.668874955	1,2,4,5,10,15,16	new a ta air hugo inked phu
POOL	10989	0.668823584	3,5,7,10,11,13,14,16	what aar u go a too too due
POOL	10990	0.668798776	4,6,11,16	wut re- going to-do
POOL	10991	0.668790809	1,2,4,5,10,15,16	new a ta air hugo inked cou
POOL	10992	0.668762455	3,5,7,10,11,15,16	what aar u go a to-do too
POOL	10993	0.668762455	3,5,7,10,11,13,16	what aar u go a too to-do
POOL	10994	0.668749494	4,6,10,16	wut re- goo-goo to-do
POOL	10995	0.668575757	3,4,6,10,11,16	wut ahh rid togo a to-do
POOL	10996	0.668569636	3,5,7,10,13,16	what aar u gogh inc doo
POOL	10997	0.668550161	3,4,8,10,11,16	wut shop league uh-oh a to-do
POOL	10998	0.668541431	2,4,8,10,12,16	y top league oh suing to-do
POOL	10999	0.668536880	1,2,4,5,10,15,16	new a ta air hugo inked su
POOL	11000	0.668532522	1,2,4,5,10,15,16	new a ta air hugo inked yu
POOL	11001	0.668495019	1,2,4,5,10,13,16	new a ta air hugo ain wu
POOL	11002	0.668475222	1,2,4,7,12,16	work a doll liu growing to-do
POOL	11003	0.668460105	3,5,7,10,11,13,15,16	what aar u go a too food use
POOL	11004	0.668403399	1,2,4,5,10,15,16	new a ta air hugo inked fu
POOL	11005	0.668358406	2,4,6,7,13,15,16	ahh ta re- noon growing food ooh
POOL	11006	0.668254864	1,2,6,12,16	were a car growing toot
POOL	11007	0.668241286	1,2,4,5,10,13,16	new a top air hugo inc to
POOL	11008	0.668239425	3,5,7,10,13,16	what aar u gogh inc dew
POOL	11009	0.668205711	2,4,6,7,9,12,16	one kos re- ooh uh wing to-do
POOL	11010	0.668167420	2,4,7,10,14,16	one top liu go into doin'
POOL	11011	0.668123180	1,2,4,5,10,15,16	new a ta air hugo inked wu
POOL	11012	0.668080317	1,2,4,5,10,13,16	new a ta air hugo ain't wu
POOL	11013	0.668063690	4,10,13,15,16	whack lugo inc booed poo
POOL	11014	0.668026957	1,2,5,10,12,16	saw a car hugo een to-do
POOL	11015	0.667937682	1,2,4,5,10,15,16	new a ta air hugo inked tu
POOL	11016	0.667926451	4,7,10,11,16	wut lea yo see to-do
POOL	11017	0.667828572	3,4,6,7,10,13,16	wheat ahh re- ooh glue inc to-do
POOL	11018	0.667827340	2,4,10,13,16	one tug lugo inc ku
POOL	11019	0.667782341	1,2,4,5,10,15,16	new a ta air hugo inked ut
POOL	11020	0.667766930	3,5,7,10,11,13,15,16	what aar u go a too dude who
POOL	11021	0.667707476	3,5,7,10,11,13,15,16	what aar u go a too dude two
POOL	11022	0.667705160	2,4,6,7,12,16	new top rid new growing to-do
POOL	11023	0.667680866	1,2,4,5,10,15,16	new a ta air hugo inked mu
POOL	11024	0.667647701	1,2,4,8,12,16	vous tub top league owing to-do
POOL	11025	0.667637804	2,6,10,12,16	one dolly go in towed
POOL	11026	0.667634995	3,5,7,10,11,13,15,16	what aar u go a too old new
POOL	11027	0.667633525	1,2,6,7,10,14,16	y'are a car ooh ope into due
POOL	11028	0.667609086	4,10,13,15,16	wit lugo pink food rue
POOL	11029	0.667507926	4,8,10,14,16	wut league yo into sue
POOL	11030	0.667500490	1,2,4,5,10,15,16	new a ta air hugo inked lu
POOL	11031	0.667470528	2,5,7,10,13,15,16	one cars yoo grower inc food ooh
POOL	11032	0.667470506	1,2,4,7,11,16	were a dod rio go to-do
POOL	11033	0.667425765	3,4,7,10,13,15,16	witty ahh liu go inc chewed ooh
POOL	11034	0.667407391	3,5,7,10,11,13,15,16	what aar u go a too food o
POOL	11035	0.667406223	3,6,7,10,11,16	rut ari root go a to-do
POOL	11036	0.667390677	2,5,6,8,10,12,16	one pour yeah ooh toes ing to-do
POOL	11037	0.667301161	1,2,4,5,10,13,16	new a ta air hugo ain't aud
POOL	11038	0.667283630	1,2,4,5,10,15,16	new a ta air hugo inked hu
POOL	11039	0.667265830	3,5,7,10,11,13,15,16	what aar u go a too dude law
POOL	11040	0.667241219	1,2,5,7,10,15,16	were ma torn yoo go into ooh
POOL	11041	0.667195263	3,4,6,8,12,16	wut un re- we owing to-do
POOL	11042	0.667176005	1,2,4,5,10,13,16	new a ta air hugo ain't daw
POOL	11043	0.667172195	1,2,4,5,10,15,16	new a ta air hugo inked nu
POOL	11044	0.667164846	1,2,4,10,12,16	were a posh lugo think to-do
POOL	11045	0.667164253	4,6,7,10,11,16	wut airy new d'oh a to-do
POOL	11046	0.667147508	3,6,7,10,13,15,16	shoot ari boom go inc food ooh
POOL	11047	0.667129723	1,2,4,5,10,13,16	new a ta air hugo ain't tue
POOL	11048	0.667104881	2,4,7,10,11,15,16	trois ta liu glowed a to-do ooh
POOL	11049	0.667103031	1,2,4,5,10,15,16	new a ta air hugo inked ku
POOL	11050	0.667096045	1,2,5,8,10,14,16	one a son yoo oh into due
POOL	11051	0.667082808	1,2,4,5,10,14,16	new a ta air hugo inc knew
POOL	11052	0.667033278	1,2,4,7,12,16	were a shop liu growing to-do
POOL	11053	0.666998277	2,6,8,12,16	one car sue owing toad
POOL	11054	0.666986389	1,2,4,5,10,15,16	new a ta air hugo inked ru
POOL	11055	0.666926507	2,4,7,11,16	one cha mew ghee to-do
POOL	11056	0.666884690	1,2,5,7,10,15,16	a a car clue go into ooh
POOL	11057	0.666860218	1,2,5,8,10,14,16	were a car yoo oh into toy
POOL	11058	0.666836679	4,7,10,15,16	yacht u. go into or
POOL	11059	0.666827354	1,2,5,7,10,15,16	were le car doo go into ooh
POOL	11060	0.666806082	3,5,7,10,11,13,15,16	what aar u go a too old too
POOL	11061	0.666783205	1,2,4,5,10,15,16	new a ta air hugo inked pu
POOL	11062	0.666708872	3,5,7,10,13,16	what aar u gogh inc du
POOL	11063	0.666656658	1,2,4,5,10,15,16	new a ta air hugo inked gu
POOL	11064	0.666578405	3,5,7,10,11,13,15,16	what aar u go a too food news
POOL	11065	0.666562925	4,10,13,15,16	wut lugo sit food oops
POOL	11066	0.666535223	1,2,4,5,10,14,16	new a ta air hugo inc d'or
POOL	11067	0.666464127	3,5,7,10,13,16	what aar u gogh inc deux
POOL	11068	0.666414217	1,2,4,7,9,12,16	was a ta we go wing to-do
POOL	11069	0.666413088	1,2,4,5,10,13,16	new a ta air hugo ain't awd
POOL	11070	0.666407729	1,2,5,8,10,14,16	were wha pull yoo oh into due
POOL	11071	0.666401841	1,2,4,5,10,15,16	new a ta air hugo inked xu
POOL	11072	0.666375988	2,4,6,7,12,16	wear top re- news growing to-do
POOL	11073	0.666371277	1,2,4,5,10,14,16	new a ta air hugo ent too
POOL	11074	0.666364187	3,5,7,10,11,13,15,16	what aar u go a too food food
POOL	11075	0.666352536	2,4,5,10,12,16	one top beer hugo in to-do
POOL	11076	0.666340996	1,2,5,10,13,16	do a car hugo inc to-do
POOL	11077	0.666339124	1,2,5,8,10,14,16	u. a car yoo oh into foo
POOL	11078	0.666323276	3,5,7,10,11,13,15,16	what aar u go a too food true
POOL	11079	0.666295690	4,8,13,16	wut lew owing to-do
POOL	11080	0.666279875	3,5,7,10,11,13,15,16	what aar u go a too food room
POOL	11081	0.666270249	1,2,4,5,10,15,16	new a ta air hugo inked vu
POOL	11082	0.666247069	1,2,4,5,10,15,16	new a ta air hugo inked qu
POOL	11083	0.666181331	1,2,4,6,12,16	loo nut top re- growing to-do
POOL	11084	0.666173502	1,2,4,5,10,14,16	new a ta air hugo eat two
POOL	11085	0.666110825	3,5,7,10,11,13,15,16	what aar u go a too world new
POOL	11086	0.666100189	3,6,7,10,13,15,16	ya ari ooh go inc wide ooh
POOL	11087	0.666072914	3,5,7,10,11,13,15,16	what aar u go a too food move
POOL	11088	0.666024566	1,2,4,5,10,13,16	new a ta air hugo ain't awed
POOL	11089	0.666003038	1,2,4,5,10,14,16	new a ta air hugo inc true
POOL	11090	0.665912605	3,5,7,10,11,13,15,16	what aar u go a too food soon
POOL	11091	0.665901537	1,2,6,7,12,16	were a car rule growing to-do
POOL	11092	0.665854706	3,5,7,10,11,13,15,16	what aar u go a too food know
POOL	11093	0.665753134	2,4,6,7,10,14,16	one dumb re- ooh boe into due
POOL	11094	0.665745563	1,2,5,10,13,14,16	wei ed car hugo inc ooh due
POOL	11095	0.665708150	2,5,10,12,16	one ton roh in to-do
POOL	11096	0.665671756	3,6,10,15,16	wut rare grow into zoo
POOL	11097	0.665614974	1,2,5,8,12,16	were pa car whew owing to-do
POOL	11098	0.665590446	3,5,7,10,13,15,16	what aar u go inc to-do who
POOL	11099	0.665532037	3,5,7,10,11,13,15,16	what aar u go a too dude use
POOL	11100	0.665522498	3,5,7,10,13,15,16	what aar u go inc to-do two
POOL	11101	0.665434259	2,4,6,7,13,15,16	wang ta re- ooh growing food mm
POOL	11102	0.665407422	2,4,7,12,16	one top new growing deux
POOL	11103	0.665377972	2,4,7,10,12,16	one top liu goatee in to-do
POOL	11104	0.665354569	3,5,7,10,11,15,16	what aar u go a to-do due
POOL	11105	0.665351518	3,6,7,10,11,16	not ari new go yer to-do
POOL	11106	0.665345012	3,4,6,10,12,16	wrought ahh rai go in to-do
POOL	11107	0.665281911	3,5,7,10,11,13,15,16	what aar u go a too world too
POOL	11108	0.665256373	3,5,7,10,11,13,15,16	what aar u go a too food view
POOL	11109	0.665128613	2,4,5,10,12,16	one top air hugo zinc to-do
POOL	11110	0.665126284	2,5,6,8,10,12,16	young car yeah ooh oh ing pooh-pooh
POOL	11111	0.665077887	3,5,7,10,11,13,15,16	what aar u go a too food cool
POOL	11112	0.665077548	1,2,4,5,10,14,16	new a ta air hugo ent doo
POOL	11113	0.664989030	3,5,7,10,11,13,15,16	what aar u go a too food blue
POOL	11114	0.664935607	1,2,4,10,12,16	poo a tall lugo in to-do
POOL	11115	0.664930926	1,2,4,7,12,16	oh a top liu bowing to-do
POOL	11116	0.664916178	2,4,6,7,12,15,16	coup ta re- ooh growing stewed ooh
POOL	11117	0.664897118	1,2,4,5,10,14,16	new a ta air hugo eat dude
POOL	11118	0.664887227	4,6,10,12,16	what ring glow in to-do
POOL	11119	0.664794510	1,2,4,5,10,14,16	new a ta air hugo ent dew
POOL	11120	0.664775546	1,2,4,7,13,15,16	were yah ta liu growing maud ooh
POOL	11121	0.664769818	1,2,4,5,10,13,16	new a ta air hugo ain't tu
POOL	11122	0.664762138	3,5,7,10,11,13,15,16	what aar u go a too food go
POOL	11123	0.664740758	3,5,7,10,11,13,15,16	what aar u go a too food poor
POOL	11124	0.664690680	3,5,7,10,11,13,15,16	what aar u go a too food lose
POOL	11125	0.664686459	3,4,6,8,12,16	wut op rim new owing to-do
POOL	11126	0.664679284	1,2,4,5,10,12,16	new a ta air hugo thing could
POOL	11127	0.664630223	1,2,4,5,10,14,16	new a ta air hugo inc dog
POOL	11128	0.664614478	1,2,4,5,10,13,16	new a ta air hugo ain't ut
POOL	11129	0.664575907	1,2,4,5,10,14,16	new a ta air hugo eat boo
POOL	11130	0.664513042	1,2,4,5,10,14,16	new a ta air hugo inc door
POOL	11131	0.664498657	3,5,7,10,11,15,16	what aar u go a to-do knew
POOL	11132	0.664489892	1,2,5,10,15,16	yoo raw car hugo into new
POOL	11133	0.664488472	3,4,6,8,10,12,16	what're ahh re- ooh oh ing taut
POOL	11134	0.664487023	2,4,7,9,10,12,16	one bah liu eeg a ing to-do
POOL	11135	0.664444999	3,5,7,10,11,13,15,16	what aar u go a too food were
POOL	11136	0.664418953	1,2,4,5,10,13,16	new a ta air hugo ain't two
POOL	11137	0.664361722	1,2,4,5,10,14,16	new a ta air hugo inc blue
POOL	11138	0.664199113	1,2,5,10,11,16	were suh conn. hugo a to-do
POOL	11139	0.664113020	2,4,7,10,12,16	one tub curfew go in to-do
POOL	11140	0.664111248	3,5,7,10,11,13,15,16	what aar u go a too food u.s
POOL	11141	0.664035971	3,5,7,10,11,13,15,16	what aar u go a too food own
POOL	11142	0.664001948	3,5,7,10,11,13,15,16	what aar u go a too food rule
POOL	11143	0.663941432	1,2,5,8,12,16	yah i. car new owing to-do
POOL	11144	0.663918075	2,4,8,9,10,15,16	one ta ri eau a into ooh
POOL	11145	0.663892234	1,2,4,7,9,12,16	were s ta liu lew wing to-do
POOL	11146	0.663870055	2,5,8,10,12,16	one done new oh winger to-do
POOL	11147	0.663824182	3,5,7,10,11,13,15,16	what aar u go a too old due
POOL	11148	0.663819999	3,5,7,10,11,13,15,16	what aar u go a too food we
POOL	11149	0.663807903	4,6,8,11,16	wut earle ug roe to-do
POOL	11150	0.663783740	3,5,7,10,11,13,15,16	what aar u go a too food show
POOL	11151	0.663781090	4,6,8,12,16	witt re- new owing toe
POOL	11152	0.663722287	2,6,11,16	won cars' going to-do
POOL	11153	0.663650337	3,5,7,10,11,13,15,16	what aar u go a too dude news
POOL	11154	0.663583963	3,6,7,10,13,15,16	op ari ooh go ish food ooh
POOL	11155	0.663482607	1,2,4,5,10,14,16	new a ta air hugo ent du
POOL	11156	0.663412795	1,2,4,5,10,14,16	new a ta air hugo eat drew
POOL	11157	0.663374136	1,2,4,5,10,14,16	new a ta air hugo eat duke
POOL	11158	0.663367528	1,2,5,8,12,16	were dah sure new owing to-do
POOL	11159	0.663350098	1,2,4,7,12,16	were a top rowe growing to-do
POOL	11160	0.663272826	1,2,4,5,10,14,16	new a ta air hugo ent deux
POOL	11161	0.663259397	3,5,7,10,11,13,14,16	what aar u go a too new too
POOL	11162	0.663247362	3,5,7,10,11,13,15,16	what aar u go a too food well
POOL	11163	0.663191666	4,6,7,11,16	witt re- soo o. to-do
POOL	11164	0.663166990	1,2,5,10,11,16	were a karl hugo p to-do
POOL	11165	0.663164842	3,5,7,10,12,15,16	what aar u go ing to-do ooh
POOL	11166	0.663164440	2,4,8,12,15,16	one two greig owing to-do new
POOL	11167	0.663151564	3,5,7,10,11,13,15,16	what aar u go a too food way
POOL	11168	0.663138259	2,6,7,10,12,16	zoo car new go singer to-do
POOL	11169	0.663107918	4,6,7,11,16	what's re- were go to-do
POOL	11170	0.663081839	3,4,6,8,12,16	wut ahh rye loo owing to-do
POOL	11171	0.663075259	3,5,7,10,11,13,15,16	what aar u go a too old knew
POOL	11172	0.663056069	1,2,4,5,10,14,16	new a ta air hugo inc draw
POOL	11173	0.662986900	2,4,7,10,15,16	one top liu grower into new
POOL	11174	0.662970504	2,4,8,12,16	one top ri owing stewed
POOL	11175	0.662944326	3,5,7,10,11,13,15,16	what aar u go a too food work
POOL	11176	0.662926638	3,5,7,10,11,13,15,16	what aar u go a too dude know
POOL	11177	0.662875242	1,2,5,10,16	were a car iago to-do
POOL	11178	0.662814585	2,4,7,10,14,16	one sha neo go into due
POOL	11179	0.662808105	1,2,4,5,10,14,16	new a ta air hugo eat daw
POOL	11180	0.662778625	2,4,7,10,14,16	zoo top u-ey go into due
POOL	11181	0.662774073	1,2,5,8,12,16	wig a care new owing to-do
POOL	11182	0.662769312	3,5,7,10,11,13,15,16	what aar u go a too food why
POOL	11183	0.662761823	1,2,4,5,10,14,16	new a ta air hugo eat tue
POOL	11184	0.662751209	3,4,6,8,12,16	wack ahh re- eau owing to-do
POOL	11185	0.662710289	2,4,5,10,12,16	one dod air hugo in to-do
POOL	11186	0.662707240	3,6,8,10,12,16	rap ari new oh wing to-do
POOL	11187	0.662666091	3,6,10,13,16	wut ari go git whoosh
POOL	11188	0.662641222	2,5,10,15,16	one car iago into new
POOL	11189	0.662558396	1,2,4,7,9,12,16	what raw ta liu go wing to-do
POOL	11190	0.662552854	1,2,5,7,10,15,16	were a car yoo gloat into ooh
POOL	11191	0.662481140	2,4,7,9,10,12,16	lush starr liu go a ing to-do
POOL	11192	0.662471335	2,4,10,12,16	one top lugo eating to-do
POOL	11193	0.662453891	2,4,6,7,9,12,16	run ta re- ooh go wing pseudo
POOL	11194	0.662440692	1,2,5,7,10,15,16	war a car yoo doh into ooh
POOL	11195	0.662430484	3,5,7,10,11,13,14,16	what aar u go a too too too
POOL	11196	0.662392728	4,6,12,15,16	wut re- growing would foo
POOL	11197	0.662357418	1,2,5,7,10,15,16	to thus car yoo go into ooh
POOL	11198	0.662300011	3,5,7,10,11,13,15,16	what aar u go a too world due
POOL	11199	0.662247350	2,6,8,12,16	hua car new owing to-do
POOL	11200	0.662222111	1,4,6,12,16	were nut re- growing tuned
POOL	11201	0.662147274	2,4,6,9,10,12,16	one do re- go a ing to-do
POOL	11202	0.662117957	4,6,8,13,16	wut re- aux owing xue
POOL	11203	0.662117493	3,5,7,10,12,15,16	what aar u go ing to-do oooh
POOL	11204	0.662117198	1,2,4,7,12,16	were a top liu gluing to-do
POOL	11205	0.662070214	3,4,8,10,12,16	wut all league oh in taut
POOL	11206	0.662002799	1,2,5,10,11,16	wen a starr hugo a to-do
POOL	11207	0.661983462	3,6,8,10,11,16	wut ari new coat with to-do
POOL	11208	0.661958928	4,6,7,10,11,16	wut re- new gopher wii to-do
POOL	11209	0.661921903	1,2,4,5,10,14,16	new a ta air hugo too do
POOL	11210	0.661917497	1,2,6,10,11,16	were a dani wo a to-do
POOL	11211	0.661910442	1,2,4,8,13,15,16	do a ta liu owing maud ooh
POOL	11212	0.661906533	3,5,7,10,11,13,15,16	what aar u go a too food low
POOL	11213	0.661903686	3,5,7,10,11,13,14,16	what aar u go a too new du
POOL	11214	0.661834070	3,5,7,10,11,13,15,16	what aar u go a too dude go
POOL	11215	0.661714473	2,4,6,8,12,16	uh top re- new owing boo-boo
POOL	11216	0.661671720	3,5,7,10,11,13,15,16	what aar u go a too food all
POOL	11217	0.661646768	2,4,7,12,15,16	one top liu growling to-do new
POOL	11218	0.661619451	2,4,10,12,16	one top lugo in taut
POOL	11219	0.661611263	2,6,10,14,16	one starry go to due
POOL	11220	0.661590204	1,2,4,5,10,14,16	new a ta air hugo inc tool
POOL	11221	0.661551088	3,5,7,10,11,13,15,16	what aar u go a too world knew
POOL	11222	0.661516930	3,5,7,10,11,13,15,16	what aar u go a too dude were
POOL	11223	0.661472384	2,4,7,12,15,16	one posh liu growing to-do new
POOL	11224	0.661443881	3,6,7,10,13,15,16	yah ari ooh go inc food co
POOL	11225	0.661436111	1,2,5,8,10,14,16	were in car yoo dough into due
POOL	11226	0.661427912	2,6,8,13,16	one bari new owing to-do
POOL	11227	0.661411465	1,2,4,5,10,14,16	new a ta air hugo eat jew
POOL	11228	0.661404884	2,4,6,12,15,16	one pos re- growing to-do sioux
POOL	11229	0.661384156	2,4,8,12,15,16	knew top league owing todo new
POOL	11230	0.661301342	4,8,10,16	wada lou oh to-do
POOL	11231	0.661270309	2,4,5,10,12,16	wood top air hugo an to-do
POOL	11232	0.661260186	1,2,4,5,10,14,16	new a ta air hugo inc poo
POOL	11233	0.661242882	1,2,4,5,10,14,16	new a ta air hugo eat doom
POOL	11234	0.661224005	2,4,5,10,12,16	one top air vigo in to-do
POOL	11235	0.661161909	4,7,10,15,16	whack lieu goethe into new
POOL	11236	0.661107902	3,5,7,10,11,13,15,16	what aar u go a too dude own
POOL	11237	0.661088097	1,2,4,5,10,14,16	new a ta air hugo eat ooh
POOL	11238	0.661074772	3,5,7,10,11,13,14,16	what aar u go a too too du
POOL	11239	0.661046720	3,5,7,10,11,13,15,16	what aar u go a too food or
POOL	11240	0.661026752	3,5,7,10,11,13,15,16	what aar u go a too food week
POOL	11241	0.661008975	3,5,7,10,12,14,15,16	what aar u go ing too due ooh
POOL	11242	0.660991816	2,6,10,13,16	one tanya goa inc to-do
POOL	11243	0.660891930	3,5,7,10,11,13,15,16	what aar u go a too dude we
POOL	11244	0.660874773	1,2,4,5,10,14,16	new a ta air hugo inc dawn
POOL	11245	0.660855672	3,5,7,10,11,13,15,16	what aar u go a too dude show
POOL	11246	0.660817391	1,2,4,5,10,14,16	new a ta air hugo inc tube
POOL	11247	0.660790218	3,5,7,10,11,13,15,16	what aar u go a too food off
POOL	11248	0.660672797	3,4,6,10,12,16	wacky ahh re- go vin to-do
POOL	11249	0.660667582	1,2,4,7,10,14,16	were tub ta liu groan into due
POOL	11250	0.660666822	1,2,4,5,10,14,16	new a ta air hugo eat zoo
POOL	11251	0.660623051	1,2,4,5,10,14,16	new a ta air hugo inc boom
POOL	11252	0.660591910	1,2,4,5,10,14,16	new a ta air hugo inc pooh
POOL	11253	0.660568620	4,8,10,15,16	what's league eau into new
POOL	11254	0.660549951	1,2,4,5,10,14,16	new a top air hugo too do
POOL	11255	0.660502874	1,2,4,5,10,14,16	new a ta air hugo inc tune
POOL	11256	0.660450824	3,5,7,10,11,13,15,16	what aar u go a too food war
POOL	11257	0.660401919	1,2,4,5,10,14,16	new a ta air hugo eat tu
POOL	11258	0.660362317	4,7,10,12,16	wut blue woe in to-do
POOL	11259	0.660319294	3,5,7,10,11,13,15,16	what aar u go a too dude well
POOL	11260	0.660298352	3,6,8,10,12,16	wut ari new oh in tudor
POOL	11261	0.660283453	2,4,7,12,15,16	rum top liu growing to-do new
POOL	11262	0.660223496	3,5,7,10,11,13,15,16	what aar u go a too dude way
POOL	11263	0.660179803	1,4,8,12,16	were ah league owing tow
POOL	11264	0.660168175	1,2,5,10,12,16	were a tear hugo in to-do
POOL	11265	0.660155607	1,2,5,8,12,16	wear a car new glowing to-do
POOL	11266	0.660126099	1,2,4,5,10,14,16	new a ta air hugo inc boot
POOL	11267	0.660092544	3,5,7,10,12,14,15,16	what aar u go ing too due oooh
POOL	11268	0.660057113	4,8,12,15,16	wut league echoing to-do new
POOL	11269	0.660040748	1,2,4,5,10,14,16	new a ta air hugo eat oooh
POOL	11270	0.660022174	1,2,4,5,10,14,16	new a ta air hugo eat dues
POOL	11271	0.660016258	3,5,7,10,11,13,15,16	what aar u go a too dude work
POOL	11272	0.660013429	3,5,7,10,11,13,15,16	what aar u go a too food win
POOL	11273	0.659998075	1,2,4,5,10,14,16	new a ta air hugo eat douche
POOL	11274	0.659993819	3,5,7,10,11,15,16	what aar u go a to-do oh
POOL	11275	0.659898696	1,2,4,5,10,14,16	new a ta air hugo inc jaw
POOL	11276	0.659880947	1,2,4,5,10,14,16	new a ta air hugo inc blew
POOL	11277	0.659858094	1,2,4,5,10,13,16	new a ta air hugo inc you'd
POOL	11278	0.659850044	1,2,4,5,10,14,16	new a ta air hugo inc tooth
POOL	11279	0.659841244	3,5,7,10,11,13,15,16	what aar u go a too dude why
POOL	11280	0.659822020	1,2,4,5,10,14,16	new a ta air hugo inc booth
POOL	11281	0.659760985	1,2,4,5,10,14,16	new a ta air hugo eat dune
POOL	11282	0.659682453	3,5,7,10,12,14,15,16	what aar u go ing too add ooh
POOL	11283	0.659652669	1,2,4,7,13,15,16	do a cause liu growing food ooh
POOL	11284	0.659623398	3,6,8,10,11,16	wut ari nu boat a to-do
POOL	11285	0.659494293	3,5,7,10,11,13,15,16	what aar u go a too food co
POOL	11286	0.659422867	1,2,4,5,10,14,16	new a ta air hugo eat jus
POOL	11287	0.659404992	3,5,7,10,12,15,16	what aar u go ing to-do ou
POOL	11288	0.659395373	1,2,4,5,10,14,16	new a ta air hugo eat joo
POOL	11289	0.659378262	3,5,7,10,11,13,15,16	what aar u go a too food word
POOL	11290	0.659360626	1,2,4,5,10,14,16	new a top air lugo too do
POOL	11291	0.659344678	1,2,4,5,10,14,16	new a ta air hugo inc dong
POOL	11292	0.659340478	2,4,8,10,12,14,16	a a you no in to do
POOL	11293	0.659340446	3,5,7,10,13,15,16	what aar u go inc to-do were
POOL	11294	0.659310514	1,2,6,10,12,16	were a kali gro in to-do
POOL	11295	0.659291996	2,4,8,10,14,16	one con league duo into due
POOL	11296	0.659277032	2,4,5,8,10,12,16	watt ta or yoo oh ing trudeau
POOL	11297	0.659259874	1,2,4,5,10,14,16	new a ta air hugo inc tomb
POOL	11298	0.659143270	1,2,4,5,10,14,16	new a ta air hugo inc gnu
POOL	11299	0.659139212	2,4,6,7,12,16	one comm re- route growing to-do
POOL	11300	0.659087177	2,4,5,10,12,16	way top tear hugo in to-do
POOL	11301	0.659050687	3,6,10,13,16	wut ari luo inc lewd
POOL	11302	0.659026967	1,2,4,5,10,14,16	new a ta air hugo inc vous
POOL	11303	0.659015188	1,2,4,8,12,16	were a top league owing pseudo
POOL	11304	0.659004600	3,6,8,10,12,16	witch ari coo oh in to-do
POOL	11305	0.658969258	4,8,12,16	wut league phoning to-do
POOL	11306	0.658902702	1,2,4,5,10,14,16	new a ta air hugo eat deuce
POOL	11307	0.658899746	1,2,5,10,15,16	were a car hugo into oof
POOL	11308	0.658819260	4,6,8,13,16	wada re- new owing to-do
POOL	11309	0.658766023	3,5,7,10,12,14,15,16	what aar u go ing too add oooh
POOL	11310	0.658759796	1,2,4,5,10,14,16	new a ta air hugo inc sue
POOL	11311	0.658743652	3,5,7,10,11,13,15,16	what aar u go a too dude all
POOL	11312	0.658626160	3,5,7,10,13,15,16	what aar u go inc to-do we
POOL	11313	0.658626145	3,5,7,10,11,13,15,16	what aar u go a too old oh
POOL	11314	0.658609577	1,2,4,5,10,14,16	new a ta air hugo inc chew
POOL	11315	0.658605926	1,2,4,5,10,14,16	new a ta air hugo inc da
POOL	11316	0.658562578	1,2,6,10,12,16	were a car go in two's
POOL	11317	0.658515320	1,2,4,5,10,14,16	new a ta air hugo eat dupe
POOL	11318	0.658510690	1,2,5,10,12,16	were come car argo in to-do
POOL	11319	0.658507515	1,2,5,10,15,16	were a tart hugo into new
POOL	11320	0.658483560	1,2,5,10,11,16	were a term hugo a to-do
POOL	11321	0.658466510	1,2,4,5,10,14,16	new a ta air hugo inc booze
POOL	11322	0.658452782	1,2,6,7,12,16	wit a r.'s new growing to-do
POOL	11323	0.658446434	2,4,6,7,12,16	yah top re- new goofing to-do
POOL	11324	0.658436887	1,2,4,5,10,14,16	new a ta air hugo inc brew
POOL	11325	0.658419713	1,2,4,5,10,14,16	new a ta air hugo inc duh
POOL	11326	0.658341164	1,2,5,10,12,16	vous tub car hugo in to-do
POOL	11327	0.658299100	1,2,4,5,10,14,16	new a ta air hugo inc noo
POOL	11328	0.658274220	1,2,5,10,13,16	were duck carp hugo inc to-do
POOL	11329	0.658256195	1,2,4,5,10,13,16	new a ta air hugo ain do
POOL	11330	0.658234826	3,4,8,10,11,16	witt ahh league ego a to-do
POOL	11331	0.658224041	1,2,4,5,10,14,16	new a ta air hugo eat doer
POOL	11332	0.658215076	3,5,7,10,13,15,16	what aar u go inc to-do know
POOL	11333	0.658194999	3,5,7,10,11,13,15,16	what aar u go a too food a
POOL	11334	0.658174467	1,2,4,5,10,14,16	new a ta air hugo eat doon
POOL	11335	0.658154456	1,2,4,5,10,14,16	new a ta air hugo inc chu
POOL	11336	0.658118652	3,5,7,10,11,13,15,16	what aar u go a too dude or
POOL	11337	0.658105376	1,2,4,5,10,14,16	new a ta air hugo eat dru
POOL	11338	0.658098684	3,5,7,10,11,13,15,16	what aar u go a too dude week
POOL	11339	0.658087640	4,6,7,10,11,16	wut re- awe goin' a to-do
POOL	11340	0.658077960	1,2,4,5,10,14,16	new a ta air hugo inc stew
POOL	11341	0.658066986	1,2,4,5,10,14,16	new a ta air hugo ent two
POOL	11342	0.658024814	1,2,4,5,10,14,16	new a ta air hugo inc dawg
POOL	11343	0.657904522	1,2,4,5,10,14,16	new a ta air hugo inc boon
POOL	11344	0.657894869	1,2,4,5,10,14,16	new a ta air hugo inc doi
POOL	11345	0.657862150	3,5,7,10,11,13,15,16	what aar u go a too dude off
POOL	11346	0.657822010	2,4,7,12,15,16	one top earle growing to-do new
POOL	11347	0.657821277	1,2,4,5,10,14,16	new a ta air hugo inc boone
POOL	11348	0.657797041	1,2,4,5,10,14,16	new a ta air hugo inc boob
POOL	11349	0.657793893	4,6,10,12,16	wut re- o-o in could
POOL	11350	0.657723780	3,5,7,10,11,13,15,16	what aar u go a too world aw
POOL	11351	0.657719106	3,5,7,10,12,14,15,16	what aar u go ing too due ou
POOL	11352	0.657615190	3,5,7,10,11,13,15,16	what aar u go a too world shoe
POOL	11353	0.657571134	1,2,4,5,10,14,16	new a ta air hugo inc choo
POOL	11354	0.657558694	1,2,4,5,10,14,16	new a ta air hugo inc doth
POOL	11355	0.657549702	3,5,7,10,11,13,15,16	what aar u go a too world sue
POOL	11356	0.657522756	3,5,7,10,11,13,15,16	what aar u go a too dude war
POOL	11357	0.657393029	1,2,4,5,10,14,16	new a ta air hugo inc stu
POOL	11358	0.657387371	1,2,4,5,10,14,16	new a ta air hugo inc soo
POOL	11359	0.657370650	2,4,5,10,12,16	wut dumb air hugo in to-do
POOL	11360	0.657328246	1,2,4,5,10,14,16	new a ta air hugo eat ou
POOL	11361	0.657298873	3,5,7,10,11,13,15,16	what aar u go a too world zoo
POOL	11362	0.657234976	1,2,4,5,10,14,16	new a ta air hugo inc dawes
POOL	11363	0.657149008	1,2,4,5,10,14,16	new a ta air hugo inc dah
POOL	11364	0.657139955	1,2,4,5,10,14,16	new a ta air hugo inc dow
POOL	11365	0.657116260	3,5,7,10,11,15,16	what aar u go a to-do u
POOL	11366	0.657101974	3,5,7,10,11,13,15,16	what aar u go a too world oh
POOL	11367	0.657096839	4,7,13,15,16	wut lou growing coo new
POOL	11368	0.657087151	3,5,7,10,13,16	what aar u go inc do
POOL	11369	0.657033281	3,5,7,10,11,15,16	what aar u go a to-do law
POOL	11370	0.657012731	3,5,7,10,11,13,15,16	what aar u go a too food through
POOL	11371	0.656966428	3,5,7,10,13,15,16	what aar u go inc to-do go
POOL	11372	0.656937290	1,2,4,5,10,14,16	new a ta air hugo inc pu
POOL	11373	0.656915249	1,2,4,5,10,12,16	were a ta or hugo ing dew
POOL	11374	0.656913673	1,2,4,5,10,14,16	new a ta air hugo inc toon
POOL	11375	0.656913599	1,2,4,5,10,14,16	new a ta air hugo inc toot
POOL	11376	0.656899567	1,2,4,5,10,14,16	new a ta air hugo inc aw
POOL	11377	0.656889980	2,4,7,10,12,16	one top leo gro in to-do
POOL	11378	0.656885144	3,5,7,10,11,13,16	what aar u go a too too-too
POOL	11379	0.656850732	1,2,6,8,10,12,16	yeh a car ooh you ing to-do
POOL	11380	0.656819878	1,2,4,5,10,14,16	new a ta air hugo inc boos
POOL	11381	0.656808007	1,2,4,5,10,14,16	new a ta air hugo inc chou
POOL	11382	0.656790601	1,2,4,5,10,14,16	new a ta air hugo ent dude
POOL	11383	0.656767580	4,7,10,12,16	wut mew go in pooh-pooh
POOL	11384	0.656744698	1,2,4,7,13,15,16	weir ohh ta liu growing food ooh
POOL	11385	0.656731124	2,4,7,12,16	one ka new growing doo
POOL	11386	0.656710818	1,2,4,5,10,14,16	new a ta air hugo eat xue
POOL	11387	0.656646146	3,4,6,8,12,16	wrap sa re- new owing to-do
POOL	11388	0.656636028	1,2,4,5,10,14,16	new a ta air hugo inc chiu
POOL	11389	0.656624521	4,6,8,13,16	wut ryu new owing to-do
POOL	11390	0.656615662	3,5,7,10,11,13,15,16	what aar u go a too old u
POOL	11391	0.656588760	1,2,4,5,10,14,16	new a ta air hugo eat ju
POOL	11392	0.656567167	3,5,7,10,13,15,16	what aar u go inc to-do all
POOL	11393	0.656546928	1,2,4,5,10,14,16	new a ta air hugo inc bleu
POOL	11394	0.656520679	1,2,4,5,10,14,16	new a ta air hugo inc boop
POOL	11395	0.656505243	1,2,4,5,10,14,16	new a ta air hugo inc nu
POOL	11396	0.656469390	1,2,4,5,10,14,16	new a ta air hugo ent boo
POOL	11397	0.656465287	3,5,7,10,11,13,14,16	what aar u go a too ooh new
POOL	11398	0.656411906	1,2,4,5,10,14,16	new a ta air hugo inc sioux
POOL	11399	0.656406537	3,6,7,10,11,16	wut ari show gove a to-do
POOL	11400	0.656392584	3,5,7,10,12,14,15,16	what aar u go ing too add ou
POOL	11401	0.656258590	1,2,4,5,10,14,16	new a ta air hugo inc twos
POOL	11402	0.656241370	1,2,4,5,10,14,16	new a ta air hugo inc dore
POOL	11403	0.656234707	2,4,7,12,15,16	one top liu growing to-do cue
POOL	11404	0.656223254	3,5,7,10,11,15,16	what aar u go a to-do saw
POOL	11405	0.656209939	1,2,5,10,15,16	foo a door hugo into new
POOL	11406	0.656081793	1,2,4,5,10,14,16	new a ta air hugo inc touche
POOL	11407	0.656061528	4,8,10,12,16	what's league dough in to-do
POOL	11408	0.656038274	1,2,4,5,10,14,16	new a ta air hugo inc tsu
POOL	11409	0.656014293	1,2,4,5,10,14,16	new a ta air hugo inc tuk
POOL	11410	0.656011043	1,2,4,7,12,15,16	womb a ta liu growing lewd ooh
POOL	11411	0.655943281	1,2,4,5,10,14,16	new a ta air hugo inc tulle
POOL	11412	0.655916245	3,5,7,10,11,13,15,16	what aar u go a too old who
POOL	11413	0.655856791	3,5,7,10,11,13,15,16	what aar u go a too old two
POOL	11414	0.655856771	1,2,4,5,10,14,16	new a ta air hugo inc qiu
POOL	11415	0.655852881	3,5,7,10,13,15,16	what aar u go inc to-do or
POOL	11416	0.655818085	3,5,7,10,11,13,15,16	what aar u go a too food few
POOL	11417	0.655602778	1,2,4,10,12,16	were tough toss lugo in to-do
POOL	11418	0.655558357	1,2,4,5,10,13,16	new a ta air hugo ang do
POOL	11419	0.655548478	3,5,7,10,11,15,16	what aar u go a to-do use
POOL	11420	0.655548249	3,5,7,10,13,15,16	what aar u go inc to-do well
POOL	11421	0.655468299	4,8,13,16	wat league sowing to-do
POOL	11422	0.655454571	1,2,4,5,10,14,16	new a ta air hugo inc dao
POOL	11423	0.655438765	3,5,7,10,13,15,16	what aar u go inc to-do way
POOL	11424	0.655415145	3,5,7,10,11,13,15,16	what aar u go a too old law
POOL	11425	0.655355260	1,2,5,10,12,16	were a car vigo in to-do
POOL	11426	0.655342074	2,4,5,10,12,16	one top y'are egos in to-do
POOL	11427	0.655306278	1,2,4,5,10,14,16	new a ta air hugo ent drew
POOL	11428	0.655299026	1,2,4,5,10,14,16	new a ta air hugo inc vu
POOL	11429	0.655267619	1,2,4,5,10,14,16	new a ta air hugo ent duke
POOL	11430	0.655266930	3,5,7,10,11,13,15,16	what aar u go a too dude a
POOL	11431	0.655209528	4,6,8,12,16	wut re- foo owing whoo
POOL	11432	0.655103680	2,6,11,16	wa cars' going to-do
POOL	11433	0.655091491	3,5,7,10,11,13,15,16	what aar u go a too world u
POOL	11434	0.654999582	3,5,7,10,11,13,14,16	what aar u go a too ooh two
POOL	11435	0.654982860	4,7,10,12,16	wut new ode kings to-do
POOL	11436	0.654950172	1,2,4,5,10,12,16	shoe a ta or hugo ing du
POOL	11437	0.654884304	1,2,4,5,10,14,16	new a ta air hugo inc sou
POOL	11438	0.654876403	1,2,4,5,10,13,16	new a ta air hugo ait do
POOL	11439	0.654870931	2,4,5,10,12,16	one stock read hugo in to-do
POOL	11440	0.654819539	3,5,7,10,16	what aar u go to-do
POOL	11441	0.654706371	3,5,7,10,11,13,15,16	what aar u go a too old saw
POOL	11442	0.654701589	1,2,4,5,10,14,16	new a ta air hugo ent daw
POOL	11443	0.654691051	1,2,4,7,12,16	were cup dod liu growing to-do
POOL	11444	0.654677788	2,4,5,10,12,16	one tonne air hugo bring to-do
POOL	11445	0.654655307	1,2,4,5,10,14,16	new a ta air hugo ent tue
POOL	11446	0.654615875	3,5,7,10,12,14,15,16	what aar u go ing too too ooh
POOL	11447	0.654580688	3,5,7,10,11,13,14,16	what aar u go a too new boo
POOL	11448	0.654565808	4,6,8,13,16	wut re- ogre owing to-do
POOL	11449	0.654551200	3,5,7,10,11,13,15,16	what aar u go a too world du
POOL	11450	0.654485680	3,5,7,10,11,13,14,16	what aar u go a too new dude
POOL	11451	0.654403662	3,5,7,10,11,15,16	what aar u go a to-do who
POOL	11452	0.654393537	4,6,10,11,16	what're re- doggo see to-do
POOL	11453	0.654392075	3,5,7,10,11,13,15,16	what aar u go a too world who
POOL	11454	0.654343045	1,2,6,12,16	wii a dani growing to-do
POOL	11455	0.654335714	3,5,7,10,11,15,16	what aar u go a to-do two
POOL	11456	0.654332620	3,5,7,10,11,13,15,16	what aar u go a too world two
POOL	11457	0.654178578	1,2,4,5,10,14,16	new a ta air hugo eat xu
POOL	11458	0.654119929	1,2,4,5,10,14,16	new a ta air hugo inc su
POOL	11459	0.654102559	1,2,5,10,15,16	gnu a car hugo into blue
POOL	11460	0.654084662	3,5,7,10,11,13,15,16	what aar u go a too dude through
POOL	11461	0.653936744	3,5,7,10,13,16	what aar u go ink do
POOL	11462	0.653890974	3,5,7,10,11,13,15,16	what aar u go a too world law
POOL	11463	0.653886572	3,4,6,8,12,16	whipped ahh wee new owing to-do
POOL	11464	0.653864782	1,2,5,8,12,16	were a air kyu owing to-do
POOL	11465	0.653782227	3,4,6,8,12,16	wap ahh re- new slowing to-do
POOL	11466	0.653775810	3,5,7,10,11,13,14,16	what aar u go a too new new
POOL	11467	0.653700938	3,5,7,10,11,13,15,16	what aar u go a too food you'll
POOL	11468	0.653699444	3,5,7,10,12,14,15,16	what aar u go ing too too oooh
POOL	11469	0.653681352	3,5,7,10,11,13,15,16	what aar u go a too old use
POOL	11470	0.653656767	3,5,7,10,11,13,14,16	what aar u go a too too dude
POOL	11471	0.653626131	4,8,13,16	wad lou owing to-do
POOL	11472	0.653510956	3,5,7,10,11,13,15,16	what aar u go a too food no
POOL	11473	0.653510956	3,5,7,10,11,13,15,16	what aar u go a too food so
POOL	11474	0.653509506	1,2,6,7,12,16	were a car new goings to-do
POOL	11475	0.653503426	4,8,12,15,16	wut league owing stew grew
POOL	11476	0.653418316	2,4,8,12,16	one top league owing do
POOL	11477	0.653397964	3,5,7,10,11,15,16	what aar u go a to-do news
POOL	11478	0.653304948	1,2,4,5,10,14,16	new a ta air hugo ent jew
POOL	11479	0.653241995	1,2,4,5,8,12,16	were a ta or yoo owing stewed
POOL	11480	0.653218053	3,5,7,10,11,13,15,16	what aar u go a too world owe
POOL	11481	0.653210337	3,5,7,10,11,13,15,16	what aar u go a too food you've
POOL	11482	0.653205730	1,2,5,8,12,16	were a car new doing to-do
POOL	11483	0.653186898	3,5,7,10,11,13,14,16	what aar u go a too new drew
POOL	11484	0.653182200	3,5,7,10,11,13,15,16	what aar u go a too world saw
POOL	11485	0.653153143	3,5,7,10,11,15,16	what aar u go a to-do food
POOL	11486	0.653153071	3,5,7,10,11,13,14,16	what aar u go a too new duke
POOL	11487	0.653150742	3,5,7,10,11,15,16	what aar u go a to-do know
POOL	11488	0.653139524	3,5,7,10,11,15,16	what aar u go a to-do o
POOL	11489	0.653136365	1,2,4,5,10,14,16	new a ta air hugo ent doom
POOL	11490	0.653106387	3,5,7,10,11,15,16	what aar u go a to-do true
POOL	11491	0.653093455	3,5,7,10,11,13,14,16	what aar u go a too know due
POOL	11492	0.653090446	3,5,7,10,13,15,16	what aar u go inc to-do a
POOL	11493	0.653056786	3,5,7,10,11,15,16	what aar u go a to-do room
POOL	11494	0.652981580	1,2,4,5,10,14,16	new a ta air hugo ent ooh
POOL	11495	0.652946897	3,5,7,10,11,13,14,16	what aar u go a too too new
POOL	11496	0.652890016	3,5,7,10,11,13,15,16	what aar u go a too dude few
POOL	11497	0.652882520	3,5,7,10,11,13,15,16	what aar u go a too food whose
POOL	11498	0.652820259	3,5,7,10,11,15,16	what aar u go a to-do move
POOL	11499	0.652819844	2,5,7,10,11,16	y kart you-all go a to-do
POOL	11500	0.652818514	2,5,8,10,12,16	one starr new owen in to-do
POOL	11501	0.652637049	3,5,7,10,11,15,16	what aar u go a to-do soon
POOL	11502	0.652628638	3,5,7,10,11,13,15,16	what aar u go a too old o
POOL	11503	0.652546903	1,2,4,5,10,14,16	new a ta air hugo too to
POOL	11504	0.652455531	1,2,6,7,12,16	were one car new goshen to-do
POOL	11505	0.652357985	3,5,7,10,11,13,14,16	what aar u go a too too drew
POOL	11506	0.652348642	1,2,4,5,10,15,16	new a ta air hugo inked you
POOL	11507	0.652324158	3,5,7,10,11,13,14,16	what aar u go a too too duke
POOL	11508	0.652310106	3,5,7,10,11,13,14,16	what aar u go a too new two
POOL	11509	0.652295402	1,2,4,5,10,14,16	new a ta air hugo ent tu
POOL	11510	0.652157181	3,5,7,10,11,13,15,16	what aar u go a too world use
POOL	11511	0.652045634	1,4,8,12,16	were qatar ewe owing to-do
POOL	11512	0.652023487	3,5,7,10,11,13,14,16	what aar u go a too new d'oh
POOL	11513	0.652000887	3,5,7,10,11,13,14,16	what aar u go a too go due
POOL	11514	0.651944999	3,5,7,10,11,13,15,16	what aar u go a too food one
POOL	11515	0.651944999	3,5,7,10,11,13,15,16	what aar u go a too food was
POOL	11516	0.651944999	3,5,7,10,11,13,15,16	what aar u go a too food when
POOL	11517	0.651944999	3,5,7,10,11,13,15,16	what aar u go a too food will
POOL	11518	0.651944999	3,5,7,10,11,13,15,16	what aar u go a too food with
POOL	11519	0.651944999	3,5,7,10,11,13,15,16	what aar u go a too food would
POOL	11520	0.651944999	3,5,7,10,11,13,15,16	what aar u go a too food you
POOL	11521	0.651934231	1,2,4,5,10,14,16	new a ta air hugo ent oooh
POOL	11522	0.651915657	1,2,4,5,10,14,16	new a ta air hugo ent dues
POOL	11523	0.651902093	3,5,7,10,11,15,16	what aar u go a to-do go
POOL	11524	0.651891559	1,2,4,5,10,14,16	new a ta air hugo ent douche
POOL	11525	0.651887069	3,5,7,10,11,15,16	what aar u go a to-do view
POOL	11526	0.651858781	3,5,7,10,11,13,15,16	what aar u go a too food who's
POOL	11527	0.651857920	3,5,7,10,11,13,15,16	what aar u go a too food whom
POOL	11528	0.651800137	3,6,8,10,12,16	russ allah new oh in to-do
POOL	11529	0.651799652	3,5,7,10,11,13,15,16	what aar u go a too old news
POOL	11530	0.651795001	3,5,7,10,12,15,16	what aar u go ing to-do aw
POOL	11531	0.651765888	3,5,7,10,12,15,16	what aar u gogh ing to-do ooh
POOL	11532	0.651727723	1,4,8,12,16	were at ruger owing to-do
POOL	11533	0.651719044	1,2,4,5,10,13,16	new a ta air hugo ain't do
POOL	11534	0.651683086	3,5,7,10,11,15,16	what aar u go a to-do cool
POOL	11535	0.651654468	1,2,4,5,10,14,16	new a ta air hugo ent dune
POOL	11536	0.651634357	1,2,4,5,10,15,16	new a ta air hugo inked do
POOL	11537	0.651634357	1,2,4,5,10,15,16	new a ta air hugo inked to
POOL	11538	0.651585434	3,5,7,10,11,13,15,16	what aar u go a too old food
POOL	11539	0.651581535	3,5,7,10,11,15,16	what aar u go a to-do blue
POOL	11540	0.651544523	3,5,7,10,11,13,15,16	what aar u go a too old true
POOL	11541	0.651501122	3,5,7,10,11,13,15,16	what aar u go a too old room
POOL	11542	0.651481193	3,5,7,10,11,13,14,16	what aar u go a too too two
POOL	11543	0.651479660	2,4,7,12,15,16	rah top liu growing to-do woo
POOL	11544	0.651443981	3,6,7,10,13,15,16	weed ari ooh gow inc food ooh
POOL	11545	0.651435734	3,5,7,10,11,13,14,16	what aar u go a too new jew
POOL	11546	0.651371393	3,5,7,10,11,13,15,16	what aar u go a too food where
POOL	11547	0.651326006	3,5,7,10,12,14,15,16	what aar u go ing too too ou
POOL	11548	0.651319999	3,5,7,10,11,13,15,16	what aar u go a too food do
POOL	11549	0.651319999	3,5,7,10,11,13,15,16	what aar u go a too food to
POOL	11550	0.651316350	1,2,4,5,10,14,16	new a ta air hugo ent jus
POOL	11551	0.651297796	3,5,7,10,11,15,16	what aar u go a to-do poor
POOL	11552	0.651294161	3,5,7,10,11,13,15,16	what aar u go a too old move
POOL	11553	0.651288856	1,2,4,5,10,14,16	new a ta air hugo ent joo
POOL	11554	0.651288224	3,5,7,10,11,13,14,16	what aar u go a too new doom
POOL	11555	0.651286667	1,2,4,5,10,13,16	new a ta air hugo and do
POOL	11556	0.651267417	2,4,5,10,12,16	one tosh air argo in to-do
POOL	11557	0.651240563	3,5,7,10,11,15,16	what aar u go a to-do lose
POOL	11558	0.651194574	3,5,7,10,11,13,14,16	what aar u go a too too d'oh
POOL	11559	0.651174241	3,5,7,10,11,13,15,16	what aar u go a too food though
POOL	11560	0.651152787	3,5,7,10,11,13,14,16	what aar u go a too new ooh
POOL	11561	0.651133852	3,5,7,10,11,13,15,16	what aar u go a too old soon
POOL	11562	0.651129563	2,4,7,12,15,16	one doc loo growing to-do new
POOL	11563	0.651104467	3,5,7,10,11,13,15,16	what aar u go a too world o
POOL	11564	0.651075953	3,5,7,10,11,13,15,16	what aar u go a too old know
POOL	11565	0.651072187	3,5,7,10,11,15,16	what aar u go a to-do own
POOL	11566	0.651038030	2,4,8,12,15,16	one are league owing to-do new
POOL	11567	0.650943006	3,5,7,10,11,13,14,16	what aar u go a too new tu
POOL	11568	0.650896297	1,2,5,8,12,16	were mah car new wooing to-do
POOL	11569	0.650796185	1,2,4,5,10,14,16	new a ta air hugo ent deuce
POOL	11570	0.650786837	2,4,6,12,15,16	one to re- growing to-do new
POOL	11571	0.650783923	3,5,7,10,11,15,16	what aar u go a to-do show
POOL	11572	0.650718539	3,5,7,10,12,15,16	what aar u gogh ing to-do oooh
POOL	11573	0.650588859	3,5,7,10,11,13,14,16	what aar u go a too new zoo
POOL	11574	0.650582888	3,5,7,10,11,13,15,16	what aar u go a too dude no
POOL	11575	0.650582888	3,5,7,10,11,13,15,16	what aar u go a too dude so
POOL	11576	0.650578355	3,5,7,10,11,15,16	what aar u go a to-do u.s
POOL	11577	0.650483915	3,5,7,10,11,15,16	what aar u go a to-do well
POOL	11578	0.650477619	3,5,7,10,11,13,15,16	what aar u go a too old view
POOL	11579	0.650453441	3,5,7,10,11,15,16	what aar u go a to-do rule
POOL	11580	0.650408803	1,2,4,5,10,14,16	new a ta air hugo ent dupe
POOL	11581	0.650374430	3,5,7,10,11,15,16	what aar u go a to-do way
POOL	11582	0.650299134	3,5,7,10,11,13,15,16	what aar u go a too old cool
POOL	11583	0.650275481	3,5,7,10,11,13,15,16	what aar u go a too world news
POOL	11584	0.650235473	1,2,5,10,12,16	were nut dark hugo in to-do
POOL	11585	0.650231100	2,4,7,12,15,16	uhh topped liu growing to-do new
POOL	11586	0.650210277	3,5,7,10,11,13,15,16	what aar u go a too old blue
POOL	11587	0.650170462	1,2,5,7,10,15,16	were sha car yoo gong into ooh
POOL	11588	0.650137587	3,5,7,10,11,15,16	what aar u go a to-do work
POOL	11589	0.650117525	1,2,4,5,10,14,16	new a ta air hugo ent doer
POOL	11590	0.650067950	1,2,4,5,10,14,16	new a ta air hugo ent doon
POOL	11591	0.650061263	3,5,7,10,11,13,15,16	what aar u go a too world food
POOL	11592	0.650020352	3,5,7,10,11,13,15,16	what aar u go a too world true
POOL	11593	0.649998860	1,2,4,5,10,14,16	new a ta air hugo ent dru
POOL	11594	0.649983385	3,5,7,10,11,13,15,16	what aar u go a too old go
POOL	11595	0.649976951	3,5,7,10,11,13,15,16	what aar u go a too world room
POOL	11596	0.649962005	3,5,7,10,11,13,15,16	what aar u go a too old poor
POOL	11597	0.649937571	3,5,7,10,11,15,16	what aar u go a to-do why
POOL	11598	0.649932454	3,5,7,10,12,14,15,16	what aar u go ing too due aw
POOL	11599	0.649911926	3,5,7,10,11,13,15,16	what aar u go a too old lose
POOL	11600	0.649806779	3,5,7,10,11,15,16	what aar u go a to-do dude
POOL	11601	0.649769990	3,5,7,10,11,13,15,16	what aar u go a too world move
POOL	11602	0.649759945	3,5,7,10,11,13,14,16	what aar u go a too too zoo
POOL	11603	0.649730732	2,6,8,12,16	one carly shoo owing to-do
POOL	11604	0.649666245	3,5,7,10,11,13,15,16	what aar u go a too old were
POOL	11605	0.649630312	3,5,7,10,12,14,15,16	what aar u go ing too good new
POOL	11606	0.649609681	3,5,7,10,11,13,15,16	what aar u go a too world soon
POOL	11607	0.649514908	3,5,7,10,11,15,16	what aar u go a to-do youth
POOL	11608	0.649440916	3,5,7,10,11,15,16	what aar u go a to-do shoot
POOL	11609	0.649389067	1,4,8,12,16	were at rogue owing tue
POOL	11610	0.649332494	3,5,7,10,11,13,15,16	what aar u go a too old u.s
POOL	11611	0.649323316	3,5,7,10,11,15,16	what aar u go a to-do ah
POOL	11612	0.649320424	3,5,7,10,11,15,16	what aar u go a to-do crew
POOL	11613	0.649303399	3,5,7,10,11,15,16	what aar u go a to-do moon
POOL	11614	0.649290896	3,5,7,10,11,15,16	what aar u go a to-do suit
POOL	11615	0.649272632	3,5,7,10,11,15,16	what aar u go a to-do grew
POOL	11616	0.649257217	3,5,7,10,11,13,15,16	what aar u go a too old own
POOL	11617	0.649238050	1,2,4,5,10,14,16	new a ta air hugo eat do's
POOL	11618	0.649223195	3,5,7,10,11,13,15,16	what aar u go a too old rule
POOL	11619	0.649221730	1,2,4,5,10,14,16	new a ta air hugo ent ou
POOL	11620	0.649216074	3,5,7,10,11,13,14,16	what aar u go a too new knew
POOL	11621	0.649170164	3,5,7,10,11,15,16	what aar u go a to-do pool
POOL	11622	0.649165298	3,5,7,10,11,15,16	what aar u go a to-do route
POOL	11623	0.649162521	3,5,7,10,11,15,16	what aar u go a to-do shoes
POOL	11624	0.649132737	3,4,7,10,11,16	wit ahh liu gopher a to-do
POOL	11625	0.649041245	3,5,7,10,11,13,15,16	what aar u go a too old we
POOL	11626	0.649016930	3,5,7,10,11,13,15,16	what aar u go a too dude one
POOL	11627	0.649016930	3,5,7,10,11,13,15,16	what aar u go a too dude was
POOL	11628	0.649016930	3,5,7,10,11,13,15,16	what aar u go a too dude when
POOL	11629	0.649016930	3,5,7,10,11,13,15,16	what aar u go a too dude will
POOL	11630	0.649016930	3,5,7,10,11,13,15,16	what aar u go a too dude with
POOL	11631	0.649016930	3,5,7,10,11,13,15,16	what aar u go a too dude would
POOL	11632	0.649016930	3,5,7,10,11,13,15,16	what aar u go a too dude you
POOL	11633	0.649004987	3,5,7,10,11,13,15,16	what aar u go a too old show
POOL	11634	0.648953449	3,5,7,10,11,13,15,16	what aar u go a too world view
POOL	11635	0.648831420	1,2,4,10,12,16	were a two lugo in to-do
POOL	11636	0.648774963	3,5,7,10,11,13,15,16	what aar u go a too world cool
POOL	11637	0.648711984	1,6,10,11,16	were tariq duo eye to-do
POOL	11638	0.648686106	3,5,7,10,11,13,15,16	what aar u go a too world blue
POOL	11639	0.648657365	3,5,7,10,11,13,15,16	what aar u go a too old dude
POOL	11640	0.648643477	3,5,7,10,11,13,15,16	what aar u go a too old ah
POOL	11641	0.648638544	3,5,7,10,11,15,16	what aar u go a to-do low
POOL	11642	0.648605932	3,5,7,10,12,14,15,16	what aar u go ing too add aw
POOL	11643	0.648579127	2,4,7,12,15,16	one tal liu owen to-do new
POOL	11644	0.648551957	4,8,12,15,16	what's league owing put new
POOL	11645	0.648507465	3,5,7,10,11,13,14,16	what aar u go a too new d'or
POOL	11646	0.648482244	1,2,4,5,10,14,16	new a ta air hugo ent ju
POOL	11647	0.648443324	3,5,7,10,11,13,15,16	what aar u go a too dude where
POOL	11648	0.648437834	3,5,7,10,11,13,15,16	what aar u go a too world poor
POOL	11649	0.648401978	3,5,7,10,11,13,15,16	what aar u go a too old youth
POOL	11650	0.648391930	3,5,7,10,11,13,15,16	what aar u go a too dude do
POOL	11651	0.648391930	3,5,7,10,11,13,15,16	what aar u go a too dude to
POOL	11652	0.648387756	3,5,7,10,11,13,15,16	what aar u go a too world lose
POOL	11653	0.648387161	3,5,7,10,11,13,14,16	what aar u go a too too knew
POOL	11654	0.648337235	3,5,7,10,11,13,15,16	what aar u go a too old shoot
POOL	11655	0.648317117	3,5,7,10,13,15,16	what aar u go inc to-do no
POOL	11656	0.648317117	3,5,7,10,13,15,16	what aar u go inc to-do so
POOL	11657	0.648257367	2,4,6,7,11,16	one duh re- new goings to-do
POOL	11658	0.648246172	3,5,7,10,11,13,15,16	what aar u go a too dude though
POOL	11659	0.648231805	3,5,7,10,11,13,15,16	what aar u go a too old crew
POOL	11660	0.648216908	3,5,7,10,11,13,15,16	what aar u go a too old moon
POOL	11661	0.648205968	3,5,7,10,11,13,15,16	what aar u go a too old suit
POOL	11662	0.648190519	1,2,4,5,10,12,16	new a ta air hugo thing do
POOL	11663	0.648190519	1,2,4,5,10,12,16	new a ta air hugo thing to
POOL	11664	0.648189987	3,5,7,10,11,13,15,16	what aar u go a too old grew
POOL	11665	0.648153662	3,5,7,10,11,15,16	what aar u go a to-do were
POOL	11666	0.648142075	3,5,7,10,11,13,15,16	what aar u go a too world were
POOL	11667	0.648118788	3,5,7,10,11,13,15,16	what aar u go a too world wa
POOL	11668	0.648100328	3,5,7,10,11,13,15,16	what aar u go a too old pool
POOL	11669	0.648096069	3,5,7,10,11,13,15,16	what aar u go a too old route
POOL	11670	0.648093640	3,5,7,10,11,13,15,16	what aar u go a too old shoes
POOL	11671	0.648086127	1,2,5,10,12,16	were em car hugo with to-do
POOL	11672	0.648080434	3,6,7,10,11,16	wood ari new noh a to-do
POOL	11673	0.648034498	1,2,5,10,11,16	were a r egos a to-do
POOL	11674	0.648006038	3,5,7,10,12,15,16	what aar u gogh ing to-do ou
POOL	11675	0.647997838	3,5,7,10,11,13,14,16	what aar u go a too new true
POOL	11676	0.647946074	3,5,7,10,11,15,16	what aar u go a to-do week
POOL	11677	0.647880321	3,4,6,8,12,16	wut lock re- new honing to-do
POOL	11678	0.647862918	3,5,7,10,11,13,14,16	what aar u go a too new ou
POOL	11679	0.647808324	3,5,7,10,11,13,15,16	what aar u go a too world u.s
POOL	11680	0.647767211	3,5,7,10,11,13,14,16	what aar u go a too new coup
POOL	11681	0.647699024	3,5,7,10,11,13,15,16	what aar u go a too world rule
POOL	11682	0.647683293	3,5,7,10,11,13,15,16	what aar u go a too old tool
POOL	11683	0.647678552	3,5,7,10,11,13,14,16	what aar u go a too too d'or
POOL	11684	0.647647970	3,5,7,10,11,13,15,16	what aar u go a too old roof
POOL	11685	0.647633627	1,2,5,10,13,14,16	what a d'y'all hugo inc ooh due
POOL	11686	0.647517075	3,5,7,10,11,13,15,16	what aar u go a too world we
POOL	11687	0.647439376	3,5,7,10,11,15,16	what aar u go a to-do we
POOL	11688	0.647375381	2,6,8,12,16	war ta'iz new owing to-do
POOL	11689	0.647358583	3,5,7,10,11,13,15,16	what aar u go a too old drew
POOL	11690	0.647355817	3,5,7,10,11,13,14,16	what aar u go a too new dough
POOL	11691	0.647349758	3,5,7,10,11,13,15,16	what aar u go a too old loose
POOL	11692	0.647338469	3,5,7,10,11,13,15,16	what aar u go a too old threw
POOL	11693	0.647324756	3,5,7,10,11,13,15,16	what aar u go a too old duke
POOL	11694	0.647314018	3,5,7,10,11,13,15,16	what aar u go a too old luke
POOL	11695	0.647308220	3,5,7,10,11,13,14,16	what aar u go a too new doe
POOL	11696	0.647287871	3,5,7,10,11,15,16	what aar u go a to-do war
POOL	11697	0.647280424	4,8,12,16	witt league bowling to-do
POOL	11698	0.647276878	3,5,7,10,11,13,15,16	what aar u go a too old mood
POOL	11699	0.647184071	1,2,6,7,12,16	were at car fool growing to-do
POOL	11700	0.647173243	3,5,7,10,11,13,15,16	what aar u go a too old root
POOL	11701	0.647168924	3,5,7,10,11,13,14,16	what aar u go a too too true
POOL	11702	0.647133195	3,5,7,10,11,13,15,16	what aar u go a too world dude
POOL	11703	0.647127780	3,5,7,10,11,13,15,16	what aar u go a too old low
POOL	11704	0.647119307	3,5,7,10,11,13,15,16	what aar u go a too world ah
POOL	11705	0.647007082	3,5,7,10,11,13,15,16	what aar u go a too old tube
POOL	11706	0.646999184	2,4,7,12,15,16	ah top liu towing to-do new
POOL	11707	0.646926654	1,2,4,8,12,16	wing a are league owing to-do
POOL	11708	0.646925772	4,6,9,11,16	what's leigh waugh we to-do
POOL	11709	0.646892967	3,5,7,10,11,13,15,16	what aar u go a too old all
POOL	11710	0.646877808	3,5,7,10,11,13,15,16	what aar u go a too world youth
POOL	11711	0.646840589	3,5,7,10,11,13,14,16	what aar u go a too new dog
POOL	11712	0.646840446	3,5,7,10,13,15,16	what aar u go inc to-do one
POOL	11713	0.646840446	3,5,7,10,13,15,16	what aar u go inc to-do was
POOL	11714	0.646840446	3,5,7,10,13,15,16	what aar u go inc to-do when
POOL	11715	0.646840446	3,5,7,10,13,15,16	what aar u go inc to-do will
POOL	11716	0.646840446	3,5,7,10,13,15,16	what aar u go inc to-do with
POOL	11717	0.646840446	3,5,7,10,13,15,16	what aar u go inc to-do would
POOL	11718	0.646813064	3,5,7,10,11,13,15,16	what aar u go a too world shoot
POOL	11719	0.646787990	3,5,7,10,11,15,16	what aar u go a to-do win
POOL	11720	0.646738056	3,5,7,10,11,13,14,16	what aar u go a too new door
POOL	11721	0.646707634	3,5,7,10,11,13,15,16	what aar u go a too world crew
POOL	11722	0.646700355	3,5,7,10,11,13,14,16	what aar u go a too know too
POOL	11723	0.646692737	3,5,7,10,11,13,15,16	what aar u go a too world moon
POOL	11724	0.646681797	3,5,7,10,11,13,15,16	what aar u go a too world suit
POOL	11725	0.646665816	3,5,7,10,11,13,15,16	what aar u go a too world grew
POOL	11726	0.646629600	2,6,13,15,16	'twas 'pon going food ooh
POOL	11727	0.646576157	3,5,7,10,11,13,15,16	what aar u go a too world pool
POOL	11728	0.646571899	3,5,7,10,11,13,15,16	what aar u go a too world route
POOL	11729	0.646569469	3,5,7,10,11,13,15,16	what aar u go a too world shoes
POOL	11730	0.646547128	3,5,7,10,11,13,14,16	what aar u go a too new blue
POOL	11731	0.646445395	1,2,5,10,12,16	wing a un hugo in to-do
POOL	11732	0.646267967	3,5,7,10,11,13,15,16	what aar u go a too old or
POOL	11733	0.646184896	3,5,7,10,13,15,16	what aar u go inc to-do where
POOL	11734	0.646159122	3,5,7,10,11,13,15,16	what aar u go a too world tool
POOL	11735	0.646139535	3,5,7,10,11,15,16	what aar u go a to-do mm
POOL	11736	0.646123799	3,5,7,10,11,13,15,16	what aar u go a too world roof
POOL	11737	0.646062085	3,5,7,10,11,15,16	what aar u go a to-do word
POOL	11738	0.646011676	3,5,7,10,11,13,14,16	what aar u go a too too dog
POOL	11739	0.646011465	3,5,7,10,11,13,15,16	what aar u go a too old off
POOL	11740	0.645909143	3,5,7,10,11,13,14,16	what aar u go a too too door
POOL	11741	0.645881698	3,5,7,10,11,15,16	what aar u go a to-do co
POOL	11742	0.645838152	4,6,8,12,16	wut re- new sowing do
POOL	11743	0.645834412	3,5,7,10,11,13,15,16	what aar u go a too world drew
POOL	11744	0.645825587	3,5,7,10,11,13,15,16	what aar u go a too world loose
POOL	11745	0.645814298	3,5,7,10,11,13,15,16	what aar u go a too world threw
POOL	11746	0.645800585	3,5,7,10,11,13,15,16	what aar u go a too world duke
POOL	11747	0.645789847	3,5,7,10,11,13,15,16	what aar u go a too world luke
POOL	11748	0.645752707	3,5,7,10,11,13,15,16	what aar u go a too world mood
POOL	11749	0.645736770	2,4,7,12,15,16	one coz liu growing to-do room
POOL	11750	0.645718215	3,5,7,10,11,13,14,16	what aar u go a too too blue
POOL	11751	0.645680025	3,5,7,10,12,16	what aar u go ing due
POOL	11752	0.645668718	4,8,10,14,16	wut redo uh-oh into due
POOL	11753	0.645649072	3,5,7,10,11,13,15,16	what aar u go a too world root
POOL	11754	0.645635348	3,6,8,10,11,16	wut ari new you a to-do
POOL	11755	0.645607787	3,5,7,10,11,13,14,16	what aar u go a too go too
POOL	11756	0.645563408	2,4,10,13,16	one top lugo inky todo
POOL	11757	0.645482911	3,5,7,10,11,13,15,16	what aar u go a too world tube
POOL	11758	0.645463205	3,5,7,10,11,13,14,16	what aar u go a too new draw
POOL	11759	0.645448527	3,5,7,10,11,13,15,16	what aar u go a too old mm
POOL	11760	0.645414769	3,5,7,10,11,13,15,16	what aar u go a too world boom
POOL	11761	0.645384539	1,2,6,12,16	were a tummy growing to-do
POOL	11762	0.645380383	3,5,7,10,11,15,16	what aar u go a to-do all
POOL	11763	0.645368796	3,5,7,10,11,13,15,16	what aar u go a too world all
POOL	11764	0.645347005	3,5,7,10,11,13,15,16	what aar u go a too world uh
POOL	11765	0.645344643	3,5,7,10,11,13,14,16	what aar u go a too know du
POOL	11766	0.645282480	3,5,7,10,11,13,15,16	what aar u go a too world fool
POOL	11767	0.645276727	3,5,7,10,11,13,15,16	what aar u go a too world loop
POOL	11768	0.645249269	3,5,7,10,12,16	what aar u go ing dude
POOL	11769	0.645207708	3,5,7,10,11,13,15,16	what aar u go a too world tune
POOL	11770	0.645163312	2,6,13,15,16	'twas 'pon going food oooh
POOL	11771	0.645148751	3,5,7,10,11,13,15,16	what aar u go a too world rude
POOL	11772	0.645100889	2,4,6,7,12,16	one top he clue growing to-do
POOL	11773	0.645100149	1,4,8,12,16	moo qatar league owing to-do
POOL	11774	0.645059037	3,5,7,10,11,13,14,16	what aar u go a too ooh do
POOL	11775	0.644979936	3,5,7,10,11,13,15,16	what aar u go a too world boot
POOL	11776	0.644942017	3,5,7,10,11,13,15,16	what aar u go a too world clue
POOL	11777	0.644882115	3,5,7,10,11,13,15,16	what aar u go a too world flew
POOL	11778	0.644837752	3,5,7,10,11,13,15,16	what aar u go a too world soup
POOL	11779	0.644765428	3,5,7,10,11,13,15,16	what aar u go a too world blew
POOL	11780	0.644743796	3,5,7,10,11,13,15,16	what aar u go a too world or
POOL	11781	0.644715539	3,5,7,10,11,13,15,16	what aar u go a too old co
POOL	11782	0.644666098	3,5,7,10,11,15,16	what aar u go a to-do or
POOL	11783	0.644634292	3,5,7,10,11,13,14,16	what aar u go a too too draw
POOL	11784	0.644631708	1,2,6,7,10,14,16	were a car ooh go into you
POOL	11785	0.644487294	3,5,7,10,11,13,15,16	what aar u go a too world off
POOL	11786	0.644427053	2,6,9,11,16	one poly lugo we to-do
POOL	11787	0.644372953	3,5,7,10,11,15,16	what aar u go a to-do off
POOL	11788	0.644252075	3,5,7,10,11,13,14,16	what aar u go a too go du
POOL	11789	0.644161874	3,5,7,10,13,15,16	what aar u go inc to-do you
POOL	11790	0.644136608	3,5,7,10,11,13,14,16	what aar u go a too new tool
POOL	11791	0.643947829	3,5,7,10,11,13,14,16	what aar u go a too new june
POOL	11792	0.643924356	3,5,7,10,11,13,15,16	what aar u go a too world mm
POOL	11793	0.643788371	3,5,7,10,13,16	what aar u gogh inc do
POOL	11794	0.643554571	3,5,7,10,11,13,14,16	what aar u go a too new dawn
POOL	11795	0.643460397	3,5,7,10,11,13,14,16	what aar u go a too new tube
POOL	11796	0.643447588	3,5,7,10,13,15,16	what aar u go inc to-do do
POOL	11797	0.643447588	3,5,7,10,13,15,16	what aar u go inc to-do to
POOL	11798	0.643416245	3,5,7,10,11,13,15,16	what aar u go a too old a
POOL	11799	0.643325976	3,5,7,10,11,13,14,16	what aar u go a too new add
POOL	11800	0.643307695	3,5,7,10,11,13,14,16	what aar u go a too too tool
POOL	11801	0.643275791	3,5,7,10,11,13,14,16	what aar u go a too new boom
POOL	11802	0.643213920	1,2,4,7,12,16	were a top liu growing pseudo
POOL	11803	0.643185194	3,5,7,10,11,13,14,16	what aar u go a too new tune
POOL	11804	0.643136542	3,6,8,10,12,16	swap ari new seoul in to-do
POOL	11805	0.643118915	3,5,7,10,11,13,14,16	what aar u go a too too june
POOL	11806	0.643118136	2,4,10,12,16	one tock lugo e.'s wu
POOL	11807	0.643066894	1,2,6,7,12,16	were a car new growing trudeau
POOL	11808	0.643066125	3,5,7,10,11,13,14,16	what aar u go a too new d'aw
POOL	11809	0.642932427	3,5,7,10,12,16	what aar u go ing tube
POOL	11810	0.642904313	3,4,7,10,11,16	wut art liu gui a to-do
POOL	11811	0.642899235	1,2,4,7,12,16	you sun top liu growing to-do
POOL	11812	0.642840958	3,5,7,10,11,13,14,16	what aar u go a too new boot
POOL	11813	0.642725658	3,5,7,10,11,13,14,16	what aar u go a too too dawn
POOL	11814	0.642700504	3,5,7,10,11,13,14,16	what aar u go a too new jaw
POOL	11815	0.642669499	1,4,8,12,16	were at league owing could
POOL	11816	0.642631484	3,5,7,10,11,13,14,16	what aar u go a too too tube
POOL	11817	0.642626450	3,5,7,10,11,13,14,16	what aar u go a too new blew
POOL	11818	0.642613968	3,5,7,10,11,13,14,16	what aar u go a too new tooth
POOL	11819	0.642599062	3,5,7,10,12,14,15,16	what aar u go ing too good who
POOL	11820	0.642574888	3,5,7,10,11,13,14,16	what aar u go a too new booth
POOL	11821	0.642539607	3,5,7,10,12,14,15,16	what aar u go ing too good two
POOL	11822	0.642497063	3,5,7,10,11,13,14,16	what aar u go a too too add
POOL	11823	0.642478110	2,4,7,10,14,16	doo top liu goers into due
POOL	11824	0.642446877	3,5,7,10,11,13,14,16	what aar u go a too too boom
POOL	11825	0.642369560	3,5,7,10,11,13,14,16	what aar u go a too new do
POOL	11826	0.642356281	3,5,7,10,11,13,14,16	what aar u go a too too tune
POOL	11827	0.642344044	1,2,4,5,10,13,16	new a ta air hugo ain't to
POOL	11828	0.642257734	3,5,7,10,11,13,15,16	what aar u go a too world eh
POOL	11829	0.642237212	3,5,7,10,11,13,14,16	what aar u go a too too d'aw
POOL	11830	0.642233977	3,5,7,10,11,13,15,16	what aar u go a too old through
POOL	11831	0.642229254	3,5,7,10,11,13,14,16	what aar u go a too new de
POOL	11832	0.642215738	3,5,7,10,11,13,14,16	what aar u go a too new dong
POOL	11833	0.642207257	1,2,4,7,12,16	were a tour rhys growing to-do
POOL	11834	0.642173492	3,5,7,10,11,13,15,16	what aar u go a too world er
POOL	11835	0.642097569	3,5,7,10,11,13,14,16	what aar u go a too new tomb
POOL	11836	0.642037445	1,2,6,11,16	were ugh tory going to-do
POOL	11837	0.642012044	3,5,7,10,11,13,14,16	what aar u go a too too boot
POOL	11838	0.641944691	2,6,13,15,16	'twas 'pon going dude ooh
POOL	11839	0.641903662	3,5,7,10,11,15,16	what aar u go a to-do a
POOL	11840	0.641892075	3,5,7,10,11,13,15,16	what aar u go a too world a
POOL	11841	0.641844626	1,2,5,10,15,16	to a car hugo into new
POOL	11842	0.641797536	3,5,7,10,11,13,14,16	what aar u go a too too blew
POOL	11843	0.641785055	3,5,7,10,11,13,14,16	what aar u go a too too tooth
POOL	11844	0.641751245	3,5,7,10,11,13,15,16	what aar u go a too old q
POOL	11845	0.641745975	3,5,7,10,11,13,14,16	what aar u go a too too booth
POOL	11846	0.641543882	3,5,7,10,11,13,14,16	what aar u go a too new da
POOL	11847	0.641540647	3,5,7,10,11,13,14,16	what aar u go a too too do
POOL	11848	0.641498185	4,8,12,16	wit ewe voting to-do
POOL	11849	0.641464688	3,5,7,10,11,13,14,16	what aar u go a too new sue
POOL	11850	0.641400340	3,5,7,10,11,13,14,16	what aar u go a too too de
POOL	11851	0.641365810	2,6,13,15,16	'twas 'pon going food ou
POOL	11852	0.641131533	1,2,4,5,10,14,16	new a ta air hugo ent do's
POOL	11853	0.641120490	4,6,12,15,16	wut reece growing toothed boo
POOL	11854	0.641040289	3,6,10,13,16	not ari ergo inc to-do
POOL	11855	0.641039331	3,5,7,10,11,13,15,16	what aar u go a too old few
POOL	11856	0.640915502	3,6,7,10,11,16	wut holly new gaul a to-do
POOL	11857	0.640716169	3,5,7,10,11,13,14,16	what aar u go a too new jews
POOL	11858	0.640714968	3,5,7,10,11,13,14,16	what aar u go a too too da
POOL	11859	0.640709806	3,5,7,10,11,13,15,16	what aar u go a too world through
POOL	11860	0.640635775	3,5,7,10,11,13,14,16	what aar u go a too too sue
POOL	11861	0.640552498	3,5,7,10,11,15,16	what aar u go a to-do through
POOL	11862	0.640535643	3,5,7,10,11,13,14,16	what aar u go a too new odd
POOL	11863	0.640478403	2,6,13,15,16	'twas 'pon going dude oooh
POOL	11864	0.640418737	4,8,13,16	yacht fugue bowing to-do
POOL	11865	0.640396047	3,5,7,10,12,15,16	what aar u gogh ing to-do aw
POOL	11866	0.640347812	3,5,7,10,11,13,14,16	what aar u go a too new juice
POOL	11867	0.640263816	3,5,7,10,11,13,14,16	what aar u go a too new soo
POOL	11868	0.640227074	3,5,7,10,11,13,15,16	what aar u go a too world q
POOL	11869	0.640096440	2,6,7,10,12,16	what car new argo in to-do
POOL	11870	0.640076266	3,5,7,10,11,13,14,16	what aar u go a too new aw
POOL	11871	0.640047858	3,5,7,10,11,13,14,16	what aar u go a too new shoe
POOL	11872	0.639887256	3,5,7,10,11,13,14,16	what aar u go a too too jews
POOL	11873	0.639736963	3,5,7,10,11,13,14,16	what aar u go a too new der
POOL	11874	0.639735912	2,6,13,15,16	'twas 'pon going mood ooh
POOL	11875	0.639706730	3,5,7,10,11,13,14,16	what aar u go a too too odd
POOL	11876	0.639612662	3,5,7,10,11,13,14,16	what aar u go a too new cool
POOL	11877	0.639524747	4,8,12,16	wut league owing boo-boo
POOL	11878	0.639518899	3,5,7,10,11,13,14,16	what aar u go a too too juice
POOL	11879	0.639515160	3,5,7,10,11,13,15,16	what aar u go a too world few
POOL	11880	0.639481864	3,5,7,10,11,13,14,16	what aar u go a too new ed
POOL	11881	0.639454460	3,5,7,10,11,13,14,16	what aar u go a too new oh
POOL	11882	0.639434037	3,5,7,10,11,13,14,16	what aar u go a too ooh who
POOL	11883	0.639357726	3,5,7,10,11,13,14,16	what aar u go a too new ad
POOL	11884	0.639349869	3,5,7,10,11,13,14,16	what aar u go a too new d
POOL	11885	0.639327690	3,6,10,11,16	which ari kuo see to-do
POOL	11886	0.639247353	3,5,7,10,11,13,14,16	what aar u go a too too aw
POOL	11887	0.639218945	3,5,7,10,11,13,14,16	what aar u go a too too shoe
POOL	11888	0.639187189	3,5,7,10,11,15,16	what aar u go a to-do few
POOL	11889	0.639118151	3,5,7,10,11,13,14,16	what aar u go a too new lou
POOL	11890	0.639099876	3,5,7,10,11,13,14,16	what aar u go a too new talk
POOL	11891	0.638922553	3,5,7,10,11,13,14,16	what aar u go a too new woo
POOL	11892	0.638922184	3,5,7,10,11,13,15,16	what aar u go a too old you'll
POOL	11893	0.638908049	3,5,7,10,11,13,14,16	what aar u go a too too der
POOL	11894	0.638867944	3,5,7,10,11,13,14,16	what aar u go a too new dee
POOL	11895	0.638861004	3,5,7,10,16	what aar u gogh to-do
POOL	11896	0.638783748	3,5,7,10,11,13,14,16	what aar u go a too too cool
POOL	11897	0.638742548	3,5,7,10,11,13,15,16	what aar u go a too old ought
POOL	11898	0.638732203	3,5,7,10,11,13,15,16	what aar u go a too old no
POOL	11899	0.638732203	3,5,7,10,11,13,15,16	what aar u go a too old so
POOL	11900	0.638689113	3,5,7,10,11,13,14,16	what aar u go a too new doomed
POOL	11901	0.638652950	3,5,7,10,11,13,14,16	what aar u go a too too ed
POOL	11902	0.638625547	3,5,7,10,11,13,14,16	what aar u go a too too oh
POOL	11903	0.638586890	3,4,8,10,12,16	wut the league aww in to-do
POOL	11904	0.638581499	3,5,7,10,11,13,14,16	what aar u go a too new id
POOL	11905	0.638528813	3,5,7,10,11,13,14,16	what aar u go a too too ad
POOL	11906	0.638522912	3,5,7,10,11,13,14,16	what aar u go a too new toe
POOL	11907	0.638520955	3,5,7,10,11,13,14,16	what aar u go a too too d
POOL	11908	0.638494466	3,5,7,10,12,16	what aar u go ing toot
POOL	11909	0.638431583	3,5,7,10,11,13,15,16	what aar u go a too old you've
POOL	11910	0.638270963	3,5,7,10,11,13,14,16	what aar u go a too too talk
POOL	11911	0.638269623	2,6,13,15,16	'twas 'pon going mood oooh
POOL	11912	0.638103767	3,5,7,10,11,13,15,16	what aar u go a too old whose
POOL	11913	0.638021645	3,5,7,10,11,13,14,16	what aar u go a too know boo
POOL	11914	0.637926638	3,5,7,10,11,13,14,16	what aar u go a too know dude
POOL	11915	0.637826817	2,4,10,12,16	up cha lugo in toed
POOL	11916	0.637813411	3,5,7,10,11,13,14,16	what aar u go a too new joe
POOL	11917	0.637804603	2,6,13,15,16	'twas 'pon going aud ooh
POOL	11918	0.637752586	3,5,7,10,11,13,14,16	what aar u go a too too id
POOL	11919	0.637722870	3,5,7,10,11,13,14,16	what aar u go a too new boy
POOL	11920	0.637693999	3,5,7,10,11,13,14,16	what aar u go a too too toe
POOL	11921	0.637604551	3,5,7,10,11,13,14,16	what aar u go a too new tow
POOL	11922	0.637545333	3,5,7,10,11,13,14,16	what aar u go a too new crew
POOL	11923	0.637443977	3,5,7,10,11,13,14,16	what aar u go a too new u
POOL	11924	0.637404805	3,5,7,10,11,13,14,16	what aar u go a too new su
POOL	11925	0.637398014	3,5,7,10,11,13,15,16	what aar u go a too world you'll
POOL	11926	0.637380072	3,5,7,10,11,13,14,16	what aar u go a too new di
POOL	11927	0.637258766	3,5,7,10,11,13,14,16	what aar u go a too new zoom
POOL	11928	0.637218377	3,5,7,10,11,13,15,16	what aar u go a too world ought
POOL	11929	0.637216768	3,5,7,10,11,13,14,16	what aar u go a too know new
POOL	11930	0.637209041	3,5,7,10,12,16	what aar u go ing doo
POOL	11931	0.637166245	3,5,7,10,11,13,15,16	what aar u go a too old you
POOL	11932	0.637130334	3,5,7,10,11,15,16	what aar u go a to-do no
POOL	11933	0.637130334	3,5,7,10,11,15,16	what aar u go a to-do so
POOL	11934	0.637080028	3,5,7,10,11,13,15,16	what aar u go a too old who's
POOL	11935	0.637079166	3,5,7,10,11,13,15,16	what aar u go a too old whom
POOL	11936	0.637032703	3,5,7,10,11,13,14,16	what aar u go a too new ball
POOL	11937	0.636984498	3,5,7,10,11,13,14,16	what aar u go a too too joe
POOL	11938	0.636929077	3,5,7,10,11,13,14,16	what aar u go a too go boo
POOL	11939	0.636907413	3,5,7,10,11,13,15,16	what aar u go a too world you've
POOL	11940	0.636893957	3,5,7,10,11,13,14,16	what aar u go a too too boy
POOL	11941	0.636878829	3,5,7,10,12,16	what aar u go ing dew
POOL	11942	0.636834070	3,5,7,10,11,13,14,16	what aar u go a too go dude
POOL	11943	0.636767592	3,5,7,10,11,15,16	what aar u go a to-do you'll
POOL	11944	0.636744560	3,5,7,10,11,13,14,16	what aar u go a too new who
POOL	11945	0.636716420	3,5,7,10,11,13,14,16	what aar u go a too too crew
POOL	11946	0.636680901	2,6,13,15,16	'twas 'pon going dude ou
POOL	11947	0.636627855	3,5,7,10,11,13,14,16	what aar u go a too know drew
POOL	11948	0.636615064	3,5,7,10,11,13,14,16	what aar u go a too too u
POOL	11949	0.636594029	3,5,7,10,11,13,14,16	what aar u go a too know duke
POOL	11950	0.636579596	3,5,7,10,11,13,15,16	what aar u go a too world whose
POOL	11951	0.636561301	2,6,13,15,16	'twas 'pon going awd ooh
POOL	11952	0.636551159	3,5,7,10,11,13,14,16	what aar u go a too too di
POOL	11953	0.636541245	3,5,7,10,11,13,15,16	what aar u go a too old do
POOL	11954	0.636541245	3,5,7,10,11,13,15,16	what aar u go a too old to
POOL	11955	0.636395487	3,5,7,10,11,13,15,16	what aar u go a too old though
POOL	11956	0.636349062	3,5,7,10,12,14,15,16	what aar u go ing too good were
POOL	11957	0.636338315	2,6,13,15,16	'twas 'pon going aud oooh
POOL	11958	0.636212390	1,4,8,12,16	were qatar league loathing to-do
POOL	11959	0.636206905	3,5,7,10,11,15,16	what aar u go a to-do you've
POOL	11960	0.636203790	3,5,7,10,11,13,14,16	what aar u go a too too ball
POOL	11961	0.636124200	3,5,7,10,11,13,14,16	what aar u go a too go new
POOL	11962	0.636017370	2,6,13,15,16	'twas 'pon going awed ooh
POOL	11963	0.636012582	3,5,7,10,12,16	what aar u go ing chewed
POOL	11964	0.635915647	3,5,7,10,11,13,14,16	what aar u go a too too who
POOL	11965	0.635838491	3,5,7,10,11,13,14,16	what aar u go a too new yu
POOL	11966	0.635832258	3,5,7,10,11,15,16	what aar u go a to-do whose
POOL	11967	0.635791978	3,5,7,10,11,13,14,16	what aar u go a too new boss'
POOL	11968	0.635751063	3,5,7,10,11,13,14,16	what aar u go a too know two
POOL	11969	0.635725509	3,5,7,10,11,13,14,16	what aar u go a too new fu
POOL	11970	0.635724062	3,5,7,10,12,14,15,16	what aar u go ing too good we
POOL	11971	0.635684037	3,5,7,10,11,13,14,16	what aar u go a too ooh to
POOL	11972	0.635679656	2,4,10,12,16	one top lugo mean do
POOL	11973	0.635653662	3,5,7,10,11,15,16	what aar u go a to-do one
POOL	11974	0.635653662	3,5,7,10,11,15,16	what aar u go a to-do was
POOL	11975	0.635653662	3,5,7,10,11,15,16	what aar u go a to-do when
POOL	11976	0.635653662	3,5,7,10,11,15,16	what aar u go a to-do will
POOL	11977	0.635653662	3,5,7,10,11,15,16	what aar u go a to-do with
POOL	11978	0.635653662	3,5,7,10,11,15,16	what aar u go a to-do would
POOL	11979	0.635642075	3,5,7,10,11,13,15,16	what aar u go a too world you
POOL	11980	0.635559808	3,5,7,10,11,13,14,16	what aar u go a too new taught
POOL	11981	0.635555857	3,5,7,10,11,13,15,16	what aar u go a too world who's
POOL	11982	0.635554996	3,5,7,10,11,13,15,16	what aar u go a too world whom
POOL	11983	0.635535288	3,5,7,10,11,13,14,16	what aar u go a too go drew
POOL	11984	0.635501461	3,5,7,10,11,13,14,16	what aar u go a too go duke
POOL	11985	0.635480317	3,5,7,10,11,13,14,16	what aar u go a too new wu
POOL	11986	0.635464445	3,5,7,10,11,13,14,16	what aar u go a too know d'oh
POOL	11987	0.635348276	3,5,7,10,12,16	what aar u go ing du
POOL	11988	0.635182083	3,5,7,10,11,13,14,16	what aar u go a too new ut
POOL	11989	0.635103532	3,5,7,10,12,16	what aar u go ing deux
POOL	11990	0.635095012	2,6,13,15,16	'twas 'pon going awd oooh
POOL	11991	0.635085639	3,5,7,10,11,13,14,16	what aar u go a too new bo
POOL	11992	0.635017075	3,5,7,10,11,13,15,16	what aar u go a too world do
POOL	11993	0.635017075	3,5,7,10,11,13,15,16	what aar u go a too world to
POOL	11994	0.634998112	3,5,7,10,11,15,16	what aar u go a to-do where
POOL	11995	0.634971458	3,5,7,10,11,13,14,16	what aar u go a too new tall
POOL	11996	0.634963065	3,5,7,10,11,13,14,16	what aar u go a too too boss'
POOL	11997	0.634876691	3,5,7,10,11,13,14,16	what aar u go a too know jew
POOL	11998	0.634730895	3,5,7,10,11,13,14,16	what aar u go a too too taught
POOL	11999	0.634729181	3,5,7,10,11,13,14,16	what aar u go a too know doom
POOL	12000	0.634662271	3,5,7,10,11,15,16	what aar u go a to-do who's
POOL	12001	0.634661286	3,5,7,10,11,15,16	what aar u go a to-do whom
POOL	12002	0.634658496	3,5,7,10,11,13,14,16	what aar u go a too go two
POOL	12003	0.634593744	3,5,7,10,11,13,14,16	what aar u go a too know ooh
POOL	12004	0.634551081	2,6,13,15,16	'twas 'pon going awed oooh
POOL	12005	0.634501082	4,8,10,16	what redo o.'s to-do
POOL	12006	0.634472121	2,6,13,15,16	'twas 'pon going mood ou
POOL	12007	0.634459802	3,5,7,10,11,15,16	what aar u go a to-do though
POOL	12008	0.634415486	2,6,13,15,16	'twas 'pon going lewd ooh
POOL	12009	0.634383963	3,5,7,10,11,13,14,16	what aar u go a too know tu
POOL	12010	0.634371877	3,5,7,10,11,13,14,16	what aar u go a too go d'oh
POOL	12011	0.634322144	3,5,7,10,12,16	what aar u go ing stewed
POOL	12012	0.634251787	3,5,7,10,11,13,14,16	what aar u go a too new toy
POOL	12013	0.634193290	4,8,12,15,16	what're lou owing to-do new
POOL	12014	0.634142545	3,5,7,10,11,13,14,16	what aar u go a too too tall
POOL	12015	0.634105116	3,5,7,10,12,14,15,16	what aar u go ing to add ooh
POOL	12016	0.634082325	2,6,13,15,16	'twas 'pon going booed ooh
POOL	12017	0.634029816	3,5,7,10,11,13,14,16	what aar u go a too know zoo
POOL	12018	0.633793527	3,6,10,15,16	whack ari o-o into new
POOL	12019	0.633784124	3,5,7,10,11,13,14,16	what aar u go a too go jew
POOL	12020	0.633575783	3,5,7,10,12,14,15,16	what aar u go ing too good all
POOL	12021	0.633456953	3,5,7,10,11,13,14,16	what aar u go a too new o
POOL	12022	0.633422874	3,5,7,10,11,13,14,16	what aar u go a too too toy
POOL	12023	0.633194999	3,5,7,10,11,13,15,16	what aar u go a too food what
POOL	12024	0.633188686	3,5,7,10,12,14,15,16	what aar u go ing to add oooh
POOL	12025	0.633184037	3,5,7,10,11,13,14,16	what aar u go a too ooh were
POOL	12026	0.633071269	3,5,7,10,12,14,15,16	what aar u go ing too good know
POOL	12027	0.632994560	3,5,7,10,11,13,14,16	what aar u go a too new to
POOL	12028	0.632975091	3,5,7,10,11,15,16	what aar u go a to-do you
POOL	12029	0.632950783	3,5,7,10,12,14,15,16	what aar u go ing too good or
POOL	12030	0.632949197	2,6,13,15,16	'twas 'pon going lewd oooh
POOL	12031	0.632937248	3,5,7,10,11,13,14,16	what aar u go a too go zoo
POOL	12032	0.632657031	3,5,7,10,11,13,14,16	what aar u go a too know knew
POOL	12033	0.632628039	3,5,7,10,11,13,14,16	what aar u go a too too o
POOL	12034	0.632616037	2,6,13,15,16	'twas 'pon going booed oooh
POOL	12035	0.632559037	3,5,7,10,11,13,14,16	what aar u go a too ooh we
POOL	12036	0.632540813	2,6,13,15,16	'twas 'pon going aud ou
POOL	12037	0.632260805	3,5,7,10,11,15,16	what aar u go a to-do do
POOL	12038	0.632260805	3,5,7,10,11,15,16	what aar u go a to-do to
POOL	12039	0.632165647	3,5,7,10,11,13,14,16	what aar u go a too too to
POOL	12040	0.631978701	3,5,7,10,12,14,15,16	what aar u go ing too good go
POOL	12041	0.631950489	3,5,7,10,12,16	what aar u gogh ing dude
POOL	12042	0.631948422	3,5,7,10,11,13,14,16	what aar u go a too know d'or
POOL	12043	0.631620671	1,2,5,10,16	wee uh-uh car russo to-do
POOL	12044	0.631564464	3,5,7,10,11,13,14,16	what aar u go a too go knew
POOL	12045	0.631514757	2,6,12,16	won tardy growing doo
POOL	12046	0.631438795	3,5,7,10,11,13,14,16	what aar u go a too know true
POOL	12047	0.631303875	3,5,7,10,11,13,14,16	what aar u go a too know ou
POOL	12048	0.631297510	2,6,13,15,16	'twas 'pon going awd ou
POOL	12049	0.631208168	3,5,7,10,11,13,14,16	what aar u go a too know coup
POOL	12050	0.631064772	3,5,7,10,11,13,14,16	what aar u go a too new q
POOL	12051	0.630925801	2,4,5,8,10,12,16	one bah or yoo to ing to-do
POOL	12052	0.630855854	3,5,7,10,11,13,14,16	what aar u go a too go d'or
POOL	12053	0.630815248	3,5,7,10,12,14,15,16	what aar u go ing to add ou
POOL	12054	0.630796774	3,5,7,10,11,13,14,16	what aar u go a too know dough
POOL	12055	0.630753580	2,6,13,15,16	'twas 'pon going awed ou
POOL	12056	0.630749177	3,5,7,10,11,13,14,16	what aar u go a too know doe
POOL	12057	0.630494560	3,5,7,10,11,13,14,16	what aar u go a too new were
POOL	12058	0.630463925	3,5,7,10,12,14,15,16	what aar u go ing too good well
POOL	12059	0.630368127	3,5,7,10,12,14,15,16	what aar u go ing too good way
POOL	12060	0.630346227	3,5,7,10,11,13,14,16	what aar u go a too go true
POOL	12061	0.630281547	3,5,7,10,11,13,14,16	what aar u go a too know dog
POOL	12062	0.630266930	3,5,7,10,11,13,15,16	what aar u go a too dude what
POOL	12063	0.630235859	3,5,7,10,11,13,14,16	what aar u go a too too q
POOL	12064	0.630222760	3,5,7,10,12,16	what aar u goh ing dude
POOL	12065	0.630179013	3,5,7,10,11,13,14,16	what aar u go a too know door
POOL	12066	0.630136867	3,5,7,10,12,14,15,16	what aar u go ing to ad ooh
POOL	12067	0.630115600	3,5,7,10,11,13,14,16	what aar u go a too go coup
POOL	12068	0.630099062	3,5,7,10,12,14,15,16	what aar u go ing too good a
POOL	12069	0.629988085	3,5,7,10,11,13,14,16	what aar u go a too know blue
POOL	12070	0.629938477	2,4,7,12,16	wen top argue growing to-do
POOL	12071	0.629869560	3,5,7,10,11,13,14,16	what aar u go a too new we
POOL	12072	0.629704206	3,5,7,10,11,13,14,16	what aar u go a too go dough
POOL	12073	0.629665647	3,5,7,10,11,13,14,16	what aar u go a too too were
POOL	12074	0.629633647	3,5,7,10,12,16	what aar u gogh ing tube
POOL	12075	0.629220437	3,5,7,10,12,14,15,16	what aar u go ing to ad oooh
POOL	12076	0.629188979	3,5,7,10,11,13,14,16	what aar u go a too go dog
POOL	12077	0.629151695	2,6,13,15,16	'twas 'pon going lewd ou
POOL	12078	0.629086446	3,5,7,10,11,13,14,16	what aar u go a too go door
POOL	12079	0.629040647	3,5,7,10,11,13,14,16	what aar u go a too too we
POOL	12080	0.628904162	3,5,7,10,11,13,14,16	what aar u go a too know draw
POOL	12081	0.628895518	3,5,7,10,11,13,14,16	what aar u go a too go blue
POOL	12082	0.628818535	2,6,13,15,16	'twas 'pon going booed ou
POOL	12083	0.627905918	3,5,7,10,12,16	what aar u goh ing tube
POOL	12084	0.627811595	3,5,7,10,11,13,14,16	what aar u go a too go draw
POOL	12085	0.627783114	1,2,4,5,8,12,16	soo a ta or yoo owing do
POOL	12086	0.627577565	3,5,7,10,11,13,14,16	what aar u go a too know tool
POOL	12087	0.627388786	3,5,7,10,11,13,14,16	what aar u go a too know june
POOL	12088	0.627090597	3,6,10,11,16	wat ozzie ergo see to-do
POOL	12089	0.626995528	3,5,7,10,11,13,14,16	what aar u go a too know dawn
POOL	12090	0.626901354	3,5,7,10,11,13,14,16	what aar u go a too know tube
POOL	12091	0.626846998	3,5,7,10,12,14,15,16	what aar u go ing to ad ou
POOL	12092	0.626766933	3,5,7,10,11,13,14,16	what aar u go a too know add
POOL	12093	0.626716748	3,5,7,10,11,13,14,16	what aar u go a too know boom
POOL	12094	0.626626151	3,5,7,10,11,13,14,16	what aar u go a too know tune
POOL	12095	0.626507082	3,5,7,10,11,13,14,16	what aar u go a too know d'aw
POOL	12096	0.626484998	3,5,7,10,11,13,14,16	what aar u go a too go tool
POOL	12097	0.626296218	3,5,7,10,11,13,14,16	what aar u go a too go june
POOL	12098	0.626281915	3,5,7,10,11,13,14,16	what aar u go a too know boot
POOL	12099	0.626141461	3,5,7,10,11,13,14,16	what aar u go a too know jaw
POOL	12100	0.626067407	3,5,7,10,11,13,14,16	what aar u go a too know blew
POOL	12101	0.626054925	3,5,7,10,11,13,14,16	what aar u go a too know tooth
POOL	12102	0.626015846	3,5,7,10,11,13,14,16	what aar u go a too know booth
POOL	12103	0.625902961	3,5,7,10,11,13,14,16	what aar u go a too go dawn
POOL	12104	0.625810518	3,5,7,10,11,13,14,16	what aar u go a too know do
POOL	12105	0.625808787	3,5,7,10,11,13,14,16	what aar u go a too go tube
POOL	12106	0.625674365	3,5,7,10,11,13,14,16	what aar u go a too go add
POOL	12107	0.625670211	3,5,7,10,11,13,14,16	what aar u go a too know de
POOL	12108	0.625656695	3,5,7,10,11,13,14,16	what aar u go a too know dong
POOL	12109	0.625624180	3,5,7,10,11,13,14,16	what aar u go a too go boom
POOL	12110	0.625538527	3,5,7,10,11,13,14,16	what aar u go a too know tomb
POOL	12111	0.625533583	3,5,7,10,11,13,14,16	what aar u go a too go tune
POOL	12112	0.625415019	3,5,7,10,12,14,15,16	what aar u go ing too good no
POOL	12113	0.625415019	3,5,7,10,12,14,15,16	what aar u go ing too good so
POOL	12114	0.625414515	3,5,7,10,11,13,14,16	what aar u go a too go d'aw
POOL	12115	0.625411874	3,5,7,10,13,15,16	what aar u go inc to-do what
POOL	12116	0.625195686	3,5,7,10,12,16	what aar u gogh ing toot
POOL	12117	0.625189347	3,5,7,10,11,13,14,16	what aar u go a too go boot
POOL	12118	0.625048893	3,5,7,10,11,13,14,16	what aar u go a too go jaw
POOL	12119	0.624984839	3,5,7,10,11,13,14,16	what aar u go a too know da
POOL	12120	0.624974839	3,5,7,10,11,13,14,16	what aar u go a too go blew
POOL	12121	0.624962358	3,5,7,10,11,13,14,16	what aar u go a too go tooth
POOL	12122	0.624923278	3,5,7,10,11,13,14,16	what aar u go a too go booth
POOL	12123	0.624905645	3,5,7,10,11,13,14,16	what aar u go a too know sue
POOL	12124	0.624717950	3,5,7,10,11,13,14,16	what aar u go a too go do
POOL	12125	0.624577643	3,5,7,10,11,13,14,16	what aar u go a too go de
POOL	12126	0.624445959	3,5,7,10,11,13,14,16	what aar u go a too go tomb
POOL	12127	0.624342158	3,5,7,10,12,14,16	what aar u go ing too du'a'
POOL	12128	0.624157126	3,5,7,10,11,13,14,16	what aar u go a too know jews
POOL	12129	0.623976600	3,5,7,10,11,13,14,16	what aar u go a too know odd
POOL	12130	0.623892271	3,5,7,10,11,13,14,16	what aar u go a too go da
POOL	12131	0.623849062	3,5,7,10,12,14,15,16	what aar u go ing too good one
POOL	12132	0.623849062	3,5,7,10,12,14,15,16	what aar u go ing too good was
POOL	12133	0.623849062	3,5,7,10,12,14,15,16	what aar u go ing too good when
POOL	12134	0.623849062	3,5,7,10,12,14,15,16	what aar u go ing too good will
POOL	12135	0.623849062	3,5,7,10,12,14,15,16	what aar u go ing too good with
POOL	12136	0.623849062	3,5,7,10,12,14,15,16	what aar u go ing too good would
POOL	12137	0.623849062	3,5,7,10,12,14,15,16	what aar u go ing too good you
POOL	12138	0.623813078	3,5,7,10,11,13,14,16	what aar u go a too go sue
POOL	12139	0.623788769	3,5,7,10,11,13,14,16	what aar u go a too know juice
POOL	12140	0.623704773	3,5,7,10,11,13,14,16	what aar u go a too know soo
POOL	12141	0.623517223	3,5,7,10,11,13,14,16	what aar u go a too know aw
POOL	12142	0.623488815	3,5,7,10,11,13,14,16	what aar u go a too know shoe
POOL	12143	0.623467957	3,5,7,10,12,16	what aar u goh ing toot
POOL	12144	0.623275455	3,5,7,10,12,14,15,16	what aar u go ing too good where
POOL	12145	0.623224062	3,5,7,10,12,14,15,16	what aar u go ing too good do
POOL	12146	0.623224062	3,5,7,10,12,14,15,16	what aar u go ing too good to
POOL	12147	0.623177920	3,5,7,10,11,13,14,16	what aar u go a too know der
POOL	12148	0.623064559	3,5,7,10,11,13,14,16	what aar u go a too go jews
POOL	12149	0.623053619	3,5,7,10,11,13,14,16	what aar u go a too know cool
POOL	12150	0.623028595	3,5,7,10,12,14,15,16	what aar u go ing to add aw
POOL	12151	0.622922821	3,5,7,10,11,13,14,16	what aar u go a too know ed
POOL	12152	0.622895418	3,5,7,10,11,13,14,16	what aar u go a too know oh
POOL	12153	0.622884033	3,5,7,10,11,13,14,16	what aar u go a too go odd
POOL	12154	0.622798684	3,5,7,10,11,13,14,16	what aar u go a too know ad
POOL	12155	0.622790826	3,5,7,10,11,13,14,16	what aar u go a too know d
POOL	12156	0.622696201	3,5,7,10,11,13,14,16	what aar u go a too go juice
POOL	12157	0.622559109	3,5,7,10,11,13,14,16	what aar u go a too know lou
POOL	12158	0.622424655	3,5,7,10,11,13,14,16	what aar u go a too go aw
POOL	12159	0.622396247	3,5,7,10,11,13,14,16	what aar u go a too go shoe
POOL	12160	0.622363510	3,5,7,10,11,13,14,16	what aar u go a too know woo
POOL	12161	0.622308902	3,5,7,10,11,13,14,16	what aar u go a too know dee
POOL	12162	0.622130070	3,5,7,10,11,13,14,16	what aar u go a too know doomed
POOL	12163	0.622085352	3,5,7,10,11,13,14,16	what aar u go a too go der
POOL	12164	0.622028400	3,5,7,10,12,14,16	what aar u go ing too dewey
POOL	12165	0.622022457	3,5,7,10,11,13,14,16	what aar u go a too know id
POOL	12166	0.621963869	3,5,7,10,11,13,14,16	what aar u go a too know toe
POOL	12167	0.621961051	3,5,7,10,11,13,14,16	what aar u go a too go cool
POOL	12168	0.621830253	3,5,7,10,11,13,14,16	what aar u go a too go ed
POOL	12169	0.621802850	3,5,7,10,11,13,14,16	what aar u go a too go oh
POOL	12170	0.621706116	3,5,7,10,11,13,14,16	what aar u go a too go ad
POOL	12171	0.621698258	3,5,7,10,11,13,14,16	what aar u go a too go d
POOL	12172	0.621535083	3,5,7,10,12,14,16	what aar u go ing too urdu
POOL	12173	0.621466541	3,5,7,10,11,13,14,16	what aar u go a too go lou
POOL	12174	0.621401716	3,5,7,10,12,14,16	what aar u go ing too ado
POOL	12175	0.621270942	3,5,7,10,11,13,14,16	what aar u go a too go woo
POOL	12176	0.621254368	3,5,7,10,11,13,14,16	what aar u go a too know joe
POOL	12177	0.621045508	3,5,7,10,11,13,14,16	what aar u go a too know tow
POOL	12178	0.620986290	3,5,7,10,11,13,14,16	what aar u go a too know crew
POOL	12179	0.620929889	3,5,7,10,11,13,14,16	what aar u go a too go id
POOL	12180	0.620884934	3,5,7,10,11,13,14,16	what aar u go a too know u
POOL	12181	0.620871302	3,5,7,10,11,13,14,16	what aar u go a too go toe
POOL	12182	0.620861966	1,2,6,12,16	sioux mum ollie growing to-do
POOL	12183	0.620845762	3,5,7,10,11,13,14,16	what aar u go a too know su
POOL	12184	0.620821029	3,5,7,10,11,13,14,16	what aar u go a too know di
POOL	12185	0.620808801	4,8,12,16	wut mew owing boo-boo
POOL	12186	0.620739412	2,6,13,16	'twas 'pon going to-do
POOL	12187	0.620699723	3,5,7,10,11,13,14,16	what aar u go a too know zoom
POOL	12188	0.620684037	3,5,7,10,11,13,14,16	what aar u go a too ooh you
POOL	12189	0.620480032	3,5,7,10,12,14,16	what aar u go ing too adieu
POOL	12190	0.620204224	3,5,7,10,12,14,16	what aar u go ing too dewar
POOL	12191	0.620185518	3,5,7,10,11,13,14,16	what aar u go a too know who
POOL	12192	0.620161801	3,5,7,10,11,13,14,16	what aar u go a too go joe
POOL	12193	0.620043645	3,5,7,10,12,14,16	what aar u go ing too dewy
POOL	12194	0.619959810	2,6,10,15,16	one tania goer into sioux
POOL	12195	0.619893722	3,5,7,10,11,13,14,16	what aar u go a too go crew
POOL	12196	0.619792367	3,5,7,10,11,13,14,16	what aar u go a too go u
POOL	12197	0.619753194	3,5,7,10,11,13,14,16	what aar u go a too go su
POOL	12198	0.619728461	3,5,7,10,11,13,14,16	what aar u go a too go di
POOL	12199	0.619279448	3,5,7,10,11,13,14,16	what aar u go a too know yu
POOL	12200	0.619166466	3,5,7,10,11,13,14,16	what aar u go a too know fu
POOL	12201	0.619092950	3,5,7,10,11,13,14,16	what aar u go a too go who
POOL	12202	0.619060346	3,5,7,10,12,14,15,16	what aar u go ing to ad aw
POOL	12203	0.618921274	3,5,7,10,11,13,14,16	what aar u go a too know wu
POOL	12204	0.618676229	2,4,6,13,14,16	'twas 'pon airy going ooh due
POOL	12205	0.618623040	3,5,7,10,11,13,14,16	what aar u go a too know ut
POOL	12206	0.618526597	3,5,7,10,11,13,14,16	what aar u go a too know bo
POOL	12207	0.618266078	3,5,7,10,12,14,15,16	what aar u go ing to ad coup
POOL	12208	0.618239869	3,5,7,10,11,13,15,16	what aar u go a too old you'd
POOL	12209	0.618186881	3,5,7,10,11,13,14,16	what aar u go a too go yu
POOL	12210	0.618073898	3,5,7,10,11,13,14,16	what aar u go a too go fu
POOL	12211	0.618056232	3,5,7,10,12,14,15,16	what aar u go ing to ad boo
POOL	12212	0.617994560	3,5,7,10,11,13,14,16	what aar u go a too new you
POOL	12213	0.617454322	2,4,6,13,14,16	'twas 'pon airy going oooh due
POOL	12214	0.617434029	3,5,7,10,11,13,14,16	what aar u go a too go bo
POOL	12215	0.617165647	3,5,7,10,11,13,14,16	what aar u go a too too you
POOL	12216	0.617035681	3,5,7,10,12,14,15,16	what aar u go ing to ad dew
POOL	12217	0.616939157	1,2,5,10,12,16	were a on egos in to-do
POOL	12218	0.616912586	3,5,7,10,12,14,16	what aar u go ing tui due
POOL	12219	0.616897910	3,5,7,10,11,13,14,16	what aar u go a too know o
POOL	12220	0.616715698	3,5,7,10,11,13,15,16	what aar u go a too world you'd
POOL	12221	0.616522982	3,5,7,10,12,14,15,16	what aar u go ing to ad coo
POOL	12222	0.616435518	3,5,7,10,11,13,14,16	what aar u go a too know to
POOL	12223	0.616288826	2,4,7,12,16	one top raju growing tudor
POOL	12224	0.616037866	3,5,7,10,12,14,16	what aar u go ing two du'a'
POOL	12225	0.615820456	2,6,8,12,16	wat carla pu owing to-do
POOL	12226	0.615805342	3,5,7,10,11,13,14,16	what aar u go a too go o
POOL	12227	0.615704207	3,5,7,10,12,14,15,16	what aar u go ing to ad deux
POOL	12228	0.615448596	1,4,6,12,16	were at re- growing do
POOL	12229	0.615342950	3,5,7,10,11,13,14,16	what aar u go a too go to
POOL	12230	0.615048572	3,5,7,10,12,14,15,16	what aar u go ing to ad cou
POOL	12231	0.614505730	3,5,7,10,11,13,14,16	what aar u go a too know q
POOL	12232	0.614289737	2,4,6,13,14,16	'twas 'pon airy going ou due
POOL	12233	0.614225091	3,5,7,10,11,15,16	what aar u go a to-do what
POOL	12234	0.614196596	3,5,7,10,12,14,16	what aar u go ing too abu
POOL	12235	0.613724108	3,5,7,10,12,14,16	what aar u go ing two dewey
POOL	12236	0.613413162	3,5,7,10,11,13,14,16	what aar u go a too go q
POOL	12237	0.613230791	3,5,7,10,12,14,16	what aar u go ing two urdu
POOL	12238	0.613130660	3,5,7,10,11,15,16	what aar u go a to-do you'd
POOL	12239	0.613097425	3,5,7,10,12,14,16	what aar u go ing two ado
POOL	12240	0.612626187	3,5,7,10,12,14,16	what aar u go ing tue du'a'
POOL	12241	0.612427776	3,5,7,10,12,16	what aar u go ing do
POOL	12242	0.612427776	3,5,7,10,12,16	what aar u go ing to
POOL	12243	0.612175740	3,5,7,10,12,14,16	what aar u go ing two adieu
POOL	12244	0.611899933	3,5,7,10,12,14,16	what aar u go ing two dewar
POOL	12245	0.611739353	3,5,7,10,12,14,16	what aar u go ing two dewy
POOL	12246	0.611405291	3,5,7,10,12,14,16	what aar u go ing too buoy
POOL	12247	0.610945472	3,5,7,10,12,14,16	what aar u go ing too tui
POOL	12248	0.610945472	3,5,7,10,12,14,16	what aar u go ing tui too
POOL	12249	0.610907447	3,5,8,10,11,15,16	what are new a a to-do ooh
POOL	12250	0.610803014	3,5,7,10,12,14,16	what aar u go ing too abou
POOL	12251	0.610769781	3,5,8,10,11,13,15,16	what are new a a not aud ooh
POOL	12252	0.610312429	3,5,7,10,12,14,16	what aar u go ing tue dewey
POOL	12253	0.610266282	3,5,7,10,12,14,16	what aar u go ing tu du'a'
POOL	12254	0.610205244	2,4,6,13,14,16	'twas 'pon airy going ooh doo
POOL	12255	0.609992717	3,5,8,10,11,13,15,16	what are new a a not awd ooh
POOL	12256	0.609875033	2,4,6,13,14,16	'twas 'pon airy going ooh dew
POOL	12257	0.609860098	3,5,8,10,11,15,16	what are new a a to-do oooh
POOL	12258	0.609853351	3,5,8,10,11,13,15,16	what are new a a not aud oooh
POOL	12259	0.609819112	3,5,7,10,12,14,16	what aar u go ing tue urdu
POOL	12260	0.609685745	3,5,7,10,12,14,16	what aar u go ing tue ado
POOL	12261	0.609651743	3,5,7,10,12,14,16	what aar u go ing tui doo
POOL	12262	0.609368705	3,5,7,10,12,14,16	what aar u go ing tui dew
POOL	12263	0.609076286	3,5,8,10,11,13,15,16	what are new a a not awd oooh
POOL	12264	0.608983337	2,4,6,13,14,16	'twas 'pon airy going oooh doo
POOL	12265	0.608764061	3,5,7,10,12,14,16	what aar u go ing tue adieu
POOL	12266	0.608653126	2,4,6,13,14,16	'twas 'pon airy going oooh dew
POOL	12267	0.608488254	3,5,7,10,12,14,16	what aar u go ing tue dewar
POOL	12268	0.608344480	2,4,6,13,14,16	'twas 'pon airy going ooh du
POOL	12269	0.608327674	3,5,7,10,12,14,16	what aar u go ing tue dewy
POOL	12270	0.608099735	2,4,6,13,14,16	'twas 'pon airy going ooh deux
POOL	12271	0.608056802	3,5,7,10,12,14,16	what aar u go ing tui du
POOL	12272	0.607952524	3,5,7,10,12,14,16	what aar u go ing tu dewey
POOL	12273	0.607847021	3,5,7,10,12,14,16	what aar u go ing tui deux
POOL	12274	0.607479912	3,5,8,10,11,13,15,16	what are new a a not aud ou
POOL	12275	0.607459208	3,5,7,10,12,14,16	what aar u go ing tu urdu
POOL	12276	0.607325841	3,5,7,10,12,14,16	what aar u go ing tu ado
POOL	12277	0.607220382	3,5,8,10,11,13,14,16	what are new a a not ooh due
POOL	12278	0.607147597	3,5,8,10,11,15,16	what are new a a to-do ou
POOL	12279	0.607122573	2,4,6,13,14,16	'twas 'pon airy going oooh du
POOL	12280	0.606877828	2,4,6,13,14,16	'twas 'pon airy going oooh deux
POOL	12281	0.606702848	3,5,8,10,11,13,15,16	what are new a a not awd ou
POOL	12282	0.606404156	3,5,7,10,12,14,16	what aar u go ing tu adieu
POOL	12283	0.606303952	3,5,8,10,11,13,14,16	what are new a a not oooh due
POOL	12284	0.606128349	3,5,7,10,12,14,16	what aar u go ing tu dewar
POOL	12285	0.605967769	3,5,7,10,12,14,16	what aar u go ing tu dewy
POOL	12286	0.605892304	3,5,7,10,12,14,16	what aar u go ing two abu
POOL	12287	0.605818753	2,4,6,13,14,16	'twas 'pon airy going ou doo
POOL	12288	0.605513632	3,5,7,10,12,14,16	what aar u gogh ing tui due
POOL	12289	0.605488541	2,4,6,13,14,16	'twas 'pon airy going ou dew
POOL	12290	0.605165867	3,5,7,12,15,16	what aar u going to-do new
POOL	12291	0.605099062	3,5,7,10,12,14,15,16	what aar u go ing too good what
POOL	12292	0.604585169	3,5,7,12,15,16	what aar u going to-do ooh
POOL	12293	0.604060650	3,5,7,12,15,16	what aar u going to-do too
POOL	12294	0.603957988	2,4,6,13,14,16	'twas 'pon airy going ou du
POOL	12295	0.603713244	2,4,6,13,14,16	'twas 'pon airy going ou deux
POOL	12296	0.603363262	3,5,7,12,15,16	what aar u going to-do oooh
POOL	12297	0.603100999	3,5,7,10,12,14,16	what aar u go ing two buoy
POOL	12298	0.602641180	3,5,7,10,12,14,16	what aar u go ing tui two
POOL	12299	0.602641180	3,5,7,10,12,14,16	what aar u go ing two tui
POOL	12300	0.602498723	3,5,7,10,12,14,16	what aar u go ing two abou
POOL	12301	0.602480625	3,5,7,10,12,14,16	what aar u go ing tue abu
POOL	12302	0.601435518	3,5,7,10,11,13,14,16	what aar u go a too know you
POOL	12303	0.601043585	3,5,7,10,12,14,16	what aar u go ing tui boo
POOL	12304	0.600867144	3,5,8,10,11,13,14,16	what are new a a not ooh doo
POOL	12305	0.600827282	3,5,8,10,11,13,14,16	what are new a a not ooh too
POOL	12306	0.600619485	3,5,8,10,11,13,14,16	what are new a a not ooh dew
POOL	12307	0.600342950	3,5,7,10,11,13,14,16	what aar u go a too go you
POOL	12308	0.600198677	3,5,7,12,15,16	what aar u going to-do ou
POOL	12309	0.600120720	3,5,7,10,12,14,16	what aar u go ing tu abu
POOL	12310	0.599950714	3,5,8,10,11,13,14,16	what are new a a not oooh doo
POOL	12311	0.599910852	3,5,8,10,11,13,14,16	what are new a a not oooh too
POOL	12312	0.599703055	3,5,8,10,11,13,14,16	what are new a a not oooh dew
POOL	12313	0.599689320	3,5,7,10,12,14,16	what aar u go ing tue buoy
POOL	12314	0.599546518	3,5,7,10,12,14,16	what aar u gogh ing tui too
POOL	12315	0.599471570	3,5,8,10,11,13,14,16	what are new a a not ooh du
POOL	12316	0.599406585	2,6,13,16	'twas 'pon going voodoo
POOL	12317	0.599288012	3,5,8,10,11,13,14,16	what are new a a not ooh deux
POOL	12318	0.599275783	3,5,7,10,12,14,16	what aar u go ing tui daw
POOL	12319	0.599229501	3,5,7,10,12,14,16	what aar u go ing tue tui
POOL	12320	0.599229501	3,5,7,10,12,14,16	what aar u go ing tui tue
POOL	12321	0.599087044	3,5,7,10,12,14,16	what aar u go ing tue abou
POOL	12322	0.598979261	2,6,13,16	'twas 'pon going doo-doo
POOL	12323	0.598555140	3,5,8,10,11,13,14,16	what are new a a not oooh du
POOL	12324	0.598371582	3,5,8,10,11,13,14,16	what are new a a not oooh deux
POOL	12325	0.598252789	3,5,7,10,12,14,16	what aar u gogh ing tui doo
POOL	12326	0.597969751	3,5,7,10,12,14,16	what aar u gogh ing tui dew
POOL	12327	0.597329416	3,5,7,10,12,14,16	what aar u go ing tu buoy
POOL	12328	0.596869596	3,5,7,10,12,14,16	what aar u go ing tu tui
POOL	12329	0.596869596	3,5,7,10,12,14,16	what aar u go ing tui tu
POOL	12330	0.596727139	3,5,7,10,12,14,16	what aar u go ing tu abou
POOL	12331	0.596657848	3,5,7,10,12,14,16	what aar u gogh ing tui du
POOL	12332	0.596448067	3,5,7,10,12,14,16	what aar u gogh ing tui deux
POOL	12333	0.596143861	3,5,8,10,11,13,14,16	what are new a a not aw due
POOL	12334	0.595313102	3,5,8,10,16	what are new a to-do
POOL	12335	0.593962956	3,5,7,10,12,14,16	what aar u go ing to du'a'
POOL	12336	0.592871504	3,5,7,12,15,16	what aar u going too-too new
POOL	12337	0.592824234	3,5,7,12,15,16	what aar u going to-do aw
POOL	12338	0.592793698	3,5,8,10,16	what are new all to-do
POOL	12339	0.592665867	3,5,7,12,15,16	what aar u going to-do who
POOL	12340	0.592586595	3,5,7,12,15,16	what aar u going to-do two
POOL	12341	0.592290806	3,5,7,12,15,16	what aar u going too-too ooh
POOL	12342	0.592148572	3,5,8,10,11,13,14,16	what are new a a not ooh boo
POOL	12343	0.591766286	3,5,7,12,15,16	what aar u going too-too too
POOL	12344	0.591649198	3,5,7,10,12,14,16	what aar u go ing to dewey
POOL	12345	0.591242226	3,5,7,10,12,14,16	what aar u gogh ing tui two
POOL	12346	0.591232142	3,5,8,10,11,13,14,16	what are new a a not oooh boo
POOL	12347	0.591155882	3,5,7,10,12,14,16	what aar u go ing to urdu
POOL	12348	0.591068899	3,5,7,12,15,16	what aar u going too-too oooh
POOL	12349	0.591022515	3,5,7,10,12,14,16	what aar u go ing to ado
POOL	12350	0.590727676	3,5,7,12,15,16	what aar u going to-do use
POOL	12351	0.590660269	3,5,8,10,11,13,14,16	what are new a a not ooh daw
POOL	12352	0.590575807	3,5,8,10,11,13,14,16	what are new a a not ooh tue
POOL	12353	0.590100831	3,5,7,10,12,14,16	what aar u go ing to adieu
POOL	12354	0.589941271	3,5,7,10,12,14,16	what aar u go ing tui do
POOL	12355	0.589825023	3,5,7,10,12,14,16	what aar u go ing to dewar
POOL	12356	0.589790623	3,5,8,10,11,13,14,16	what are new a a not aw doo
POOL	12357	0.589743839	3,5,8,10,11,13,14,16	what are new a a not oooh daw
POOL	12358	0.589664443	3,5,7,10,12,14,16	what aar u go ing to dewy
POOL	12359	0.589659377	3,5,8,10,11,13,14,16	what are new a a not oooh tue
POOL	12360	0.589644630	3,5,7,10,12,14,16	what aar u gogh ing tui boo
POOL	12361	0.589542964	3,5,8,10,11,13,14,16	what are new a a not aw dew
POOL	12362	0.588606825	3,5,7,12,15,16	what aar u going to-do know
POOL	12363	0.588510891	3,5,8,10,11,13,14,16	what are new a a not ooh tu
POOL	12364	0.588395049	3,5,8,10,11,13,14,16	what are new a a not aw du
POOL	12365	0.588211491	3,5,8,10,11,13,14,16	what are new a a not aw deux
POOL	12366	0.587904314	3,5,7,12,15,16	what aar u going too-too ou
POOL	12367	0.587876829	3,5,7,10,12,14,16	what aar u gogh ing tui daw
POOL	12368	0.587830547	3,5,7,10,12,14,16	what aar u gogh ing tui tue
POOL	12369	0.587594460	3,5,8,10,11,13,14,16	what are new a a not oooh tu
POOL	12370	0.587150068	3,5,7,12,15,16	what aar u going to-do go
POOL	12371	0.586415867	3,5,7,12,15,16	what aar u going to-do were
POOL	12372	0.586181844	3,5,7,12,15,16	what aar u going to-do own
POOL	12373	0.585860686	3,5,7,12,15,16	what aar u going to-do well
POOL	12374	0.585845536	3,5,7,12,15,16	what aar u going to-do show
POOL	12375	0.585732954	3,5,7,12,15,16	what aar u going to-do way
POOL	12376	0.585582534	3,5,7,12,15,16	what aar u going to-do we
POOL	12377	0.585470642	3,5,7,10,12,14,16	what aar u gogh ing tui tu
POOL	12378	0.585456637	3,5,7,12,15,16	what aar u going to-do work
POOL	12379	0.585223285	3,5,7,12,15,16	what aar u going to-do why
POOL	12380	0.583817394	3,5,7,10,12,14,16	what aar u go ing to abu
POOL	12381	0.583642588	3,5,7,12,15,16	what aar u going to-do all
POOL	12382	0.582899872	3,5,7,12,15,16	what aar u going to-do week
POOL	12383	0.582809255	3,5,7,12,15,16	what aar u going to-do or
POOL	12384	0.582467253	3,5,7,12,15,16	what aar u going to-do off
POOL	12385	0.581801459	2,6,10,13,16	one car go inc lewd
POOL	12386	0.581026090	3,5,7,10,12,14,16	what aar u go ing to buoy
POOL	12387	0.580566271	3,5,7,10,12,14,16	what aar u go ing to tui
POOL	12388	0.580566271	3,5,7,10,12,14,16	what aar u go ing tui to
POOL	12389	0.580423813	3,5,7,10,12,14,16	what aar u go ing to abou
POOL	12390	0.580371504	3,5,7,12,15,16	what aar u going too-too who
POOL	12391	0.580292232	3,5,7,12,15,16	what aar u going too-too two
POOL	12392	0.580224590	3,5,7,8,12,16	what aar ewe egg lowering dude
POOL	12393	0.580165867	3,5,7,12,15,16	what aar u going to-do a
POOL	12394	0.578876909	3,5,7,8,12,16	what aar ewe egg echoing dude
POOL	12395	0.578589510	3,5,7,12,15,16	what aar u going to-do through
POOL	12396	0.578542317	3,5,7,10,12,14,16	what aar u gogh ing tui do
POOL	12397	0.576996648	3,5,7,12,15,16	what aar u going to-do few
POOL	12398	0.576312461	3,5,7,12,15,16	what aar u going too-too know
POOL	12399	0.575815491	3,5,8,10,11,13,14,16	what are new a a not ooh two
POOL	12400	0.575273491	3,5,7,12,15,16	what aar u going to-do no
POOL	12401	0.575273491	3,5,7,12,15,16	what aar u going to-do so
POOL	12402	0.574899061	3,5,8,10,11,13,14,16	what are new a a not oooh two
POOL	12403	0.574855704	3,5,7,12,15,16	what aar u going too-too go
POOL	12404	0.574121504	3,5,7,12,15,16	what aar u going too-too were
POOL	12405	0.573915867	3,5,7,12,15,16	what aar u going to-do one
POOL	12406	0.573915867	3,5,7,12,15,16	what aar u going to-do was
POOL	12407	0.573915867	3,5,7,12,15,16	what aar u going to-do when
POOL	12408	0.573915867	3,5,7,12,15,16	what aar u going to-do will
POOL	12409	0.573915867	3,5,7,12,15,16	what aar u going to-do with
POOL	12410	0.573915867	3,5,7,12,15,16	what aar u going to-do would
POOL	12411	0.573583717	2,6,11,16	up car go to-do
POOL	12412	0.573566322	3,5,7,12,15,16	what aar u going too-too well
POOL	12413	0.573438591	3,5,7,12,15,16	what aar u going too-too way
POOL	12414	0.573288171	3,5,7,12,15,16	what aar u going too-too we
POOL	12415	0.573162274	3,5,7,12,15,16	what aar u going too-too work
POOL	12416	0.573151059	3,5,7,12,15,16	what aar u going to-do where
POOL	12417	0.572959833	3,5,7,12,16	what aar u going dude
POOL	12418	0.572928922	3,5,7,12,15,16	what aar u going too-too why
POOL	12419	0.572157871	3,5,7,12,15,16	what aar u going to-do though
POOL	12420	0.572117069	3,5,7,12,16	what aar yew going dude
POOL	12421	0.571348225	3,5,7,12,15,16	what aar u going too-too all
POOL	12422	0.571240599	4,7,10,13,16	wut new go inc rude
POOL	12423	0.570862307	4,8,10,13,16	wut league oh inc aud
POOL	12424	0.570514892	3,5,7,12,15,16	what aar u going too-too or
POOL	12425	0.570359076	2,6,11,16	won tom go to-do
POOL	12426	0.570287427	4,6,10,14,16	wut re- go inked due
POOL	12427	0.570202915	3,5,7,12,16	what aar u going tube
POOL	12428	0.570172890	3,5,7,12,15,16	what aar u going too-too off
POOL	12429	0.569360152	3,5,7,12,16	what aar yew going tube
POOL	12430	0.569167317	3,5,7,10,12,14,16	what aar u gogh ing tui to
POOL	12431	0.567871504	3,5,7,12,15,16	what aar u going too-too a
POOL	12432	0.567665867	3,5,7,12,15,16	what aar u going to-do you
POOL	12433	0.567591495	4,6,10,16	wat re- go to-do
POOL	12434	0.567255059	2,6,10,16	rah car go to-do
POOL	12435	0.566941630	2,6,10,16	won tongue go to-do
POOL	12436	0.566832534	3,5,7,12,15,16	what aar u going to-do do
POOL	12437	0.566832534	3,5,7,12,15,16	what aar u going to-do to
POOL	12438	0.565874945	3,5,8,10,11,13,14,16	what are new a a not ooh do
POOL	12439	0.565714449	4,6,10,13,16	yuk re- go inc oh
POOL	12440	0.564958515	3,5,8,10,11,13,14,16	what are new a a not oooh do
POOL	12441	0.564854069	3,5,7,12,16	what aar u going toot
POOL	12442	0.564671234	4,6,11,16	wut young go to-do
POOL	12443	0.564120527	2,6,10,16	won car whoa to-do
POOL	12444	0.564011306	3,5,7,12,16	what aar yew going toot
POOL	12445	0.563900992	4,6,11,16	wop re- go to-do
POOL	12446	0.562979128	3,5,7,12,15,16	what aar u going too-too no
POOL	12447	0.562979128	3,5,7,12,15,16	what aar u going too-too so
POOL	12448	0.562773298	1,2,4,6,10,13,16	new a ta area go inc due
POOL	12449	0.562699362	3,5,8,10,16	what are new do to-do
POOL	12450	0.561920058	1,2,4,6,10,13,16	ooh uhh ta area go inc due
POOL	12451	0.561621504	3,5,7,12,15,16	what aar u going too-too one
POOL	12452	0.561621504	3,5,7,12,15,16	what aar u going too-too was
POOL	12453	0.561621504	3,5,7,12,15,16	what aar u going too-too when
POOL	12454	0.561621504	3,5,7,12,15,16	what aar u going too-too will
POOL	12455	0.561621504	3,5,7,12,15,16	what aar u going too-too with
POOL	12456	0.561621504	3,5,7,12,15,16	what aar u going too-too would
POOL	12457	0.561438697	4,8,13,15,16	wut league oat food new
POOL	12458	0.560856696	3,5,7,12,15,16	what aar u going too-too where
POOL	12459	0.560336455	4,6,10,16	wut shri go to-do
POOL	12460	0.559366165	1,2,4,6,8,12,16	wah a ta re- ooh owing to-do
POOL	12461	0.559350100	1,6,8,10,13,15,16	a atari ooh oh inc food ooh
POOL	12462	0.558683828	3,5,7,12,16	what aar u going woo
POOL	12463	0.558485462	4,7,10,13,16	whet new go inc whoo
POOL	12464	0.558115082	1,2,3,4,8,10,13,16	new a too ahh ryu oh inc due
POOL	12465	0.557783980	4,8,10,14,16	wut league oh ind due
POOL	12466	0.557351127	1,6,8,10,13,15,16	were atari du oh inc food ooh
POOL	12467	0.557291007	4,6,10,13,16	wut re- go ying rude
POOL	12468	0.556537593	4,6,10,12,16	wut re- go in whew
POOL	12469	0.556499945	3,5,8,10,11,13,14,16	what are new a a not ooh to
POOL	12470	0.555952943	1,2,4,6,10,13,16	ooh uhh ta area go inc too
POOL	12471	0.555890493	2,6,10,12,16	one car go in dew
POOL	12472	0.555697808	1,2,4,6,10,12,16	ooh a ta area go ing to-do
POOL	12473	0.555583515	3,5,8,10,11,13,14,16	what are new a a not oooh to
POOL	12474	0.555512455	1,2,4,6,10,13,16	new a ta area go inc doo
POOL	12475	0.555451851	1,2,4,5,10,13,15,16	new a ta air hugo inc food ooh
POOL	12476	0.555371504	3,5,7,12,15,16	what aar u going too-too you
POOL	12477	0.555342692	4,8,11,16	wut ewe oh to-do
POOL	12478	0.555229416	1,2,4,6,10,13,16	new a ta area go inc dew
POOL	12479	0.554798424	3,5,8,10,11,13,14,16	what are new a a not aw do
POOL	12480	0.554659214	1,2,4,6,10,13,16	ooh uhh ta area go inc doo
POOL	12481	0.554538171	3,5,7,12,15,16	what aar u going too-too do
POOL	12482	0.554538171	3,5,7,12,15,16	what aar u going too-too to
POOL	12483	0.554535421	1,2,4,5,10,13,15,16	new a ta air hugo inc food oooh
POOL	12484	0.554409835	1,2,4,6,10,12,16	new a ta area go ing to-do
POOL	12485	0.554376176	1,2,4,6,10,13,16	ooh uhh ta area go inc dew
POOL	12486	0.554158501	1,2,4,6,10,13,16	were a ta ari go inc to-do
POOL	12487	0.553917514	1,2,4,6,10,13,16	new a ta area go inc du
POOL	12488	0.553771101	1,2,4,6,10,13,16	ooh uhh ta area go inc two
POOL	12489	0.553707733	1,2,4,6,10,13,16	new a ta area go inc deux
POOL	12490	0.553602691	1,6,8,10,13,15,16	were atari ooh oh inc laude ooh
POOL	12491	0.553536711	4,8,10,16	wad league oh to-do
POOL	12492	0.553288588	1,2,4,6,10,12,16	ooh uhh ta area go in to-do
POOL	12493	0.553089010	4,8,11,16	wack league oh to-do
POOL	12494	0.553064273	1,2,4,6,10,13,16	ooh uhh ta area go inc du
POOL	12495	0.553047673	1,2,4,6,10,11,16	ooh uhh ta area go a to-do
POOL	12496	0.553037883	1,2,4,6,10,12,16	new a top area go ing to-do
POOL	12497	0.552854492	1,2,4,6,10,13,16	ooh uhh ta area go inc deux
POOL	12498	0.552842799	1,2,4,6,10,13,16	new a ta area go inc to-do
POOL	12499	0.552762375	1,2,4,5,10,13,15,16	new a ta air hugo inc food new
POOL	12500	0.552693364	1,2,4,6,8,12,16	were y'are ta re- ooh owing to-do
POOL	12501	0.552688893	1,2,4,5,10,13,15,16	new a top air hugo inc food ooh
POOL	12502	0.552642376	1,6,8,10,13,15,16	were atari ooh oh cinque food ooh
POOL	12503	0.552546054	1,2,4,6,10,11,16	ooh a ta area go see to-do
POOL	12504	0.552492338	4,8,10,12,16	wut league oh in tue
POOL	12505	0.552161982	1,2,4,5,10,13,15,16	new a ta air hugo inc food ou
POOL	12506	0.551989558	1,2,4,6,10,13,16	ooh uhh ta area go inc to-do
POOL	12507	0.551933461	1,2,4,5,10,13,15,16	new a ta air hugo inc food too
POOL	12508	0.551812931	2,6,10,13,16	one car ow inc doom
POOL	12509	0.551772462	1,2,4,5,10,13,15,16	new a top air hugo inc food oooh
POOL	12510	0.551761844	1,2,3,4,8,10,13,16	new a too ahh ryu oh inc doo
POOL	12511	0.551721982	1,2,3,4,8,10,13,16	new a too ahh ryu oh inc too
POOL	12512	0.551522860	2,6,10,16	we car woe to-do
POOL	12513	0.551514186	1,2,3,4,8,10,13,16	new a too ahh ryu oh inc dew
POOL	12514	0.551373173	4,8,13,15,16	wut league wink aud new
POOL	12515	0.551326963	1,2,4,5,10,13,14,16	new a ta air hugo inc ooh due
POOL	12516	0.550782779	2,5,10,13,16	wear car go inc tue
POOL	12517	0.550628663	1,2,4,6,10,12,16	new uhh top area go in to-do
POOL	12518	0.550468755	4,7,10,13,16	wut row go inc aud
POOL	12519	0.550404841	1,2,4,6,10,11,16	ooh uhh ta area go see to-do
POOL	12520	0.550366271	1,2,3,4,8,10,13,16	new a too ahh ryu oh inc du
POOL	12521	0.550293258	1,6,8,10,13,15,16	were atari ooh oh inc food shoot
POOL	12522	0.550182712	1,2,3,4,8,10,13,16	new a too ahh ryu oh inc deux
POOL	12523	0.549718631	1,2,4,6,10,13,16	ooh uhh ta area go inc food
POOL	12524	0.549595997	4,8,13,15,16	wut roux wink food new
POOL	12525	0.549531268	1,2,4,6,10,11,16	ooh a ta area go ee to-do
POOL	12526	0.549425895	1,2,3,4,8,10,13,16	new a too ahh ryu oh inc to-do
POOL	12527	0.549419499	1,2,3,4,7,10,13,16	new a too ahh ryu go inc to-do
POOL	12528	0.549399024	1,2,4,5,10,13,15,16	new a top air hugo inc food ou
POOL	12529	0.549305530	4,6,10,12,16	wut re- go ming doo
POOL	12530	0.549121549	1,2,4,6,10,13,16	ooh uhh ta area go inc woo
POOL	12531	0.548951561	1,2,4,5,10,13,15,16	new a ta air hugo inc food due
POOL	12532	0.548915867	3,5,7,12,15,16	what aar u going to-do what
POOL	12533	0.548637487	1,2,4,5,10,13,14,16	new a ta air hugo inc new due
POOL	12534	0.548480729	1,2,4,6,8,12,16	were a ta re- pooh owing to-do
POOL	12535	0.548447980	1,6,8,10,13,15,16	were atari ooh new inc food ooh
POOL	12536	0.548437857	4,6,10,13,16	wut raw go inc ot
POOL	12537	0.548387948	2,4,6,10,11,15,16	one ta re- go issue to-do ooh
POOL	12538	0.548202638	1,2,4,5,10,13,15,16	new a ta air hugo inc food knew
POOL	12539	0.548137123	2,6,11,16	wa car wo to-do
POOL	12540	0.548120286	1,2,4,6,8,12,16	were a calm re- ooh owing to-do
POOL	12541	0.547897992	1,4,6,8,10,12,16	were etta re- ooh oh ing to-do
POOL	12542	0.547554126	4,7,10,12,16	wut new go in toe
POOL	12543	0.547404117	3,4,6,8,10,12,16	wut ahh re- boogie oh ing to-do
POOL	12544	0.547359460	1,2,4,6,10,13,16	ooh uhh ta area go inc whew
POOL	12545	0.547263047	4,6,8,13,16	wut re- new oat whew
POOL	12546	0.547164669	4,6,10,14,16	wut re- go ind d'or
POOL	12547	0.547107355	1,2,4,6,10,13,14,16	new a ta area go inc aw due
POOL	12548	0.547063807	2,5,10,13,16	one car roh inc drew
POOL	12549	0.546900050	1,2,3,4,8,10,11,16	new a too ahh ryu oh see to-do
POOL	12550	0.546746893	1,2,3,4,8,10,11,16	new a too awe ryu oh see to-do
POOL	12551	0.546684890	2,4,6,8,10,13,16	one ta re- ooh lower inc to-do
POOL	12552	0.546609564	2,6,10,14,16	one car aux inked due
POOL	12553	0.546514987	4,6,11,16	yuk you're go to-do
POOL	12554	0.546447388	4,8,10,14,16	wut ewe oh ind due
POOL	12555	0.546372267	1,2,4,6,10,13,16	ooh uhh ta area go inc dude
POOL	12556	0.546370628	1,2,3,4,7,10,12,16	new a too ahh ryu go ing to-do
POOL	12557	0.546275091	1,2,4,6,8,12,16	were a ta leave ooh owing to-do
POOL	12558	0.546246995	1,2,4,6,10,13,16	ooh uhh ta area go inc whoo
POOL	12559	0.546217471	1,2,3,4,7,10,12,16	new a too awe ryu go ing to-do
POOL	12560	0.546135138	1,2,3,4,8,10,13,16	new a too ahh ryu oh inc woo
POOL	12561	0.546103241	1,2,4,6,10,13,14,16	new a ta area go inc boo due
POOL	12562	0.546051056	1,2,4,6,10,13,16	ooh uhh ta area go inc boo
POOL	12563	0.546029055	1,2,4,5,10,13,16	new a ta air hugo inc to-do
POOL	12564	0.545876334	1,2,3,4,8,10,13,16	new a too ahh ryu oh inc food
POOL	12565	0.545874528	1,2,4,5,10,13,14,16	new a top air hugo inc new due
POOL	12566	0.545873786	1,2,4,6,10,13,16	were a ta re- goer inc to-do
POOL	12567	0.545824612	1,2,3,4,8,10,11,16	new a too ahh ryu oh ee to-do
POOL	12568	0.545805515	1,2,4,6,10,13,16	ooh uhh ta area go inc oh
POOL	12569	0.545731125	1,2,4,5,10,13,15,16	new a ta air hugo inc food who
POOL	12570	0.545671670	1,2,4,5,10,13,15,16	new a ta air hugo inc food two
POOL	12571	0.545671455	1,2,3,4,8,10,11,16	new a too awe ryu oh ee to-do
POOL	12572	0.545460191	1,2,3,4,8,10,13,16	new a too ahh ryu oh inc two
POOL	12573	0.545458339	1,2,4,6,10,16	ooh a ta area go to-do
POOL	12574	0.545453795	1,2,3,4,7,10,13,16	new a too ahh ryu go inc two
POOL	12575	0.545286922	2,4,6,8,10,14,16	one ta airy ooh oh into due
POOL	12576	0.545187566	1,2,4,6,10,13,16	ooh uhh ta area go inc wu
POOL	12577	0.544973725	1,2,4,5,10,13,14,16	new a ta air hugo inc ooh doo
POOL	12578	0.544933863	1,2,4,5,10,13,14,16	new a ta air hugo inc ooh too
POOL	12579	0.544923395	1,2,3,4,8,10,12,16	new a too ahh ryu oh thing to-do
POOL	12580	0.544887944	1,2,4,6,10,13,16	ooh uhh ta area go inc drew
POOL	12581	0.544849285	1,2,4,6,10,13,16	ooh uhh ta area go inc duke
POOL	12582	0.544794568	1,2,4,6,10,13,16	ooh uhh ta area go inc mood
POOL	12583	0.544770237	1,2,3,4,8,10,12,16	new a too awe ryu oh thing to-do
POOL	12584	0.544726066	1,2,4,5,10,13,14,16	new a ta air hugo inc ooh dew
POOL	12585	0.544719961	2,4,6,8,10,12,16	one ta re- ooh over ing to-do
POOL	12586	0.544657102	1,2,4,5,10,13,16	new a top air hugo inc to-do
POOL	12587	0.544593309	1,2,3,4,8,10,13,16	new a too ahh ryu oh inc whew
POOL	12588	0.544569991	1,2,4,6,10,13,14,16	new a ta area go inc coo due
POOL	12589	0.544464048	1,2,4,6,10,13,16	ooh uhh ta area go inc would
POOL	12590	0.544444337	1,2,4,5,10,11,16	new a ta air hugo see to-do
POOL	12591	0.544408410	1,2,4,6,10,13,16	ooh uhh ta area go inc aud
POOL	12592	0.544375330	1,2,4,5,10,13,15,16	new a ta air hugo inc food aw
POOL	12593	0.544361155	1,2,4,6,10,14,16	ooh a ta area go too too
POOL	12594	0.544283255	1,2,4,6,10,13,16	ooh uhh ta area go inc daw
POOL	12595	0.544278057	1,2,4,7,10,12,16	were a ta eu go ing to-do
POOL	12596	0.544266740	1,2,4,5,10,13,15,16	new a ta air hugo inc food shoe
POOL	12597	0.544266265	1,2,4,6,10,12,16	were ca ta re- doggo ing to-do
POOL	12598	0.544236972	1,2,4,6,10,13,16	ooh uhh ta area go inc tue
POOL	12599	0.544201252	1,2,4,5,10,13,15,16	new a ta air hugo inc food sue
POOL	12600	0.544138195	1,2,4,6,10,13,16	ooh uhh ta area go inc d'oh
POOL	12601	0.544104331	1,2,4,6,10,13,16	ooh uhh ta area go inc rude
POOL	12602	0.543950423	1,2,4,5,10,13,15,16	new a ta air hugo inc food zoo
POOL	12603	0.543860268	4,7,10,13,16	wut new go knit dune
POOL	12604	0.543753524	1,2,4,5,10,13,15,16	new a ta air hugo inc food oh
POOL	12605	0.543619903	1,2,3,4,8,10,13,16	new a too ahh ryu oh inc whoo
POOL	12606	0.543581062	1,2,4,5,10,13,15,16	new a ta air hugo inc food coup
POOL	12607	0.543578151	1,2,4,5,10,13,14,16	new a ta air hugo inc ooh du
POOL	12608	0.543520337	1,2,4,6,10,13,16	ooh uhh ta area go inc awd
POOL	12609	0.543417215	1,2,4,5,10,13,15,16	new a ta air hugo inc food lou
POOL	12610	0.543394593	1,2,4,5,10,13,14,16	new a ta air hugo inc ooh deux
POOL	12611	0.543371216	1,2,4,5,10,13,15,16	new a ta air hugo inc food boo
POOL	12612	0.543269454	1,2,4,6,10,13,16	ooh uhh ta area go inc nude
POOL	12613	0.543221617	1,2,4,5,10,13,15,16	new a ta air hugo inc food woo
POOL	12614	0.543188139	2,6,10,12,16	one car go ng taut
POOL	12615	0.543184553	4,8,10,13,16	wut league oh ding coup
POOL	12616	0.543131815	1,2,4,6,10,13,16	ooh uhh ta area go inc awed
POOL	12617	0.543095581	1,2,4,6,10,13,14,16	new a ta area go inc cou due
POOL	12618	0.543075352	1,2,5,8,10,12,16	were a car eu oh ing to-do
POOL	12619	0.543072385	1,2,4,5,10,11,16	new a top air hugo see to-do
POOL	12620	0.543043273	1,2,3,4,8,10,13,16	new a too ahh ryu oh inc boo
POOL	12621	0.543036876	1,2,3,4,7,10,13,16	new a too ahh ryu go inc boo
POOL	12622	0.543000380	1,2,4,5,10,13,15,16	new a ta air hugo inc food soo
POOL	12623	0.542959082	1,2,4,6,10,13,16	ooh uhh ta area go inc sued
POOL	12624	0.542948265	1,2,3,4,8,10,13,16	new a too ahh ryu oh inc dude
POOL	12625	0.542895038	2,4,6,7,10,15,16	one ta ryu ooh go into ooh
POOL	12626	0.542886614	1,2,4,6,10,13,16	ooh uhh ta area go inc jew
POOL	12627	0.542718031	1,2,4,6,10,13,16	ooh uhh ta area go inc doom
POOL	12628	0.542692902	1,2,3,4,8,10,13,16	new a too ahh ryu oh inc wu
POOL	12629	0.542627573	1,2,4,6,10,13,16	ooh uhh ta area go inc word
POOL	12630	0.542598323	1,2,4,5,10,13,15,16	new a ta air hugo inc food doo
POOL	12631	0.542563246	1,2,4,6,10,13,16	ooh uhh ta area go inc ooh
POOL	12632	0.542532523	1,2,4,6,10,12,16	new a ta area go ing too-too
POOL	12633	0.542438562	1,2,4,5,10,13,15,16	new a ta air hugo inc food rue
POOL	12634	0.542404533	1,2,4,6,10,16	ooh uhh ta area go to-do
POOL	12635	0.542389437	1,2,4,5,10,13,15,16	new a ta air hugo inc food poo
POOL	12636	0.542354932	4,6,10,12,16	ut re- go in sued
POOL	12637	0.542350665	1,2,4,5,10,13,15,16	new a ta air hugo inc food dew
POOL	12638	0.542284248	1,2,4,5,10,13,14,16	new a ta air hugo inc new doo
POOL	12639	0.542244387	1,2,4,5,10,13,14,16	new a ta air hugo inc new too
POOL	12640	0.542233275	1,2,4,5,10,13,15,16	new a ta air hugo inc food yoo
POOL	12641	0.542224639	2,4,6,8,12,15,16	one ta re- ooh owing to-do soo
POOL	12642	0.542177574	1,2,4,5,10,13,15,16	new a ta air hugo inc food lieu
POOL	12643	0.542163253	1,2,3,4,8,10,13,16	new a too ahh ryu oh inc oh
POOL	12644	0.542146849	1,2,4,5,10,13,15,16	new a ta air hugo inc food sioux
POOL	12645	0.542146561	3,6,10,13,16	wut rear go inc coo
POOL	12646	0.542141971	1,2,4,6,10,13,16	ooh uhh ta area go inc zoo
POOL	12647	0.542085777	1,2,4,5,10,13,15,16	new a ta air hugo inc food goo
POOL	12648	0.542047169	1,2,4,6,8,13,16	were a ta re- dawg owing to-do
POOL	12649	0.542036590	1,2,4,5,10,13,14,16	new a ta air hugo inc new dew
POOL	12650	0.542016569	1,2,4,5,10,13,15,16	new a ta air hugo inc food hoo
POOL	12651	0.542005150	1,2,4,5,10,13,15,16	new a ta air hugo inc food zhou
POOL	12652	0.541929013	1,2,4,5,10,13,15,16	new a ta air hugo inc food foo
POOL	12653	0.541919445	1,2,4,6,8,10,12,16	new a ta area new oh in to-do
POOL	12654	0.541883060	1,2,4,5,10,11,16	new a top air lugo see to-do
POOL	12655	0.541877068	1,2,4,6,10,13,16	ooh uhh ta area go inc tu
POOL	12656	0.541837966	1,2,4,5,10,13,15,16	new a ta air hugo inc food coo
POOL	12657	0.541831724	1,2,4,5,10,13,15,16	new a ta air hugo inc food loo
POOL	12658	0.541804696	1,2,4,5,10,13,15,16	new a ta air hugo inc food pooh
POOL	12659	0.541763634	1,2,4,5,10,13,15,16	new a ta air hugo inc food lew
POOL	12660	0.541743041	1,2,4,5,10,13,15,16	new a ta air hugo inc food u
POOL	12661	0.541724470	1,2,4,6,10,13,16	were umm ta area go inc to-do
POOL	12662	0.541721727	1,2,4,6,10,13,16	ooh uhh ta area go inc ut
POOL	12663	0.541681987	1,2,4,5,10,13,15,16	new a ta air hugo inc food tue
POOL	12664	0.541679788	1,2,4,5,10,13,15,16	new a ta air hugo inc food whew
POOL	12665	0.541664481	1,2,3,4,8,10,13,16	new a too ahh ryu oh inc aud
POOL	12666	0.541658084	1,2,3,4,7,10,13,16	new a too ahh ryu go inc aud
POOL	12667	0.541649483	1,2,3,4,8,10,13,16	new a too ahh ryu oh inc drew
POOL	12668	0.541615656	1,2,3,4,8,10,13,16	new a too ahh ryu oh inc duke
POOL	12669	0.541612372	1,2,4,5,10,13,15,16	new a top air hugo inc food aw
POOL	12670	0.541572113	1,2,4,5,10,13,15,16	new a ta air hugo inc food shu
POOL	12671	0.541567778	1,2,3,4,8,10,13,16	new a too ahh ryu oh inc mood
POOL	12672	0.541554970	1,2,3,4,8,10,13,16	new a too ahh ryu oh inc daw
POOL	12673	0.541515897	1,2,4,6,10,13,16	ooh uhh ta area go inc oooh
POOL	12674	0.541497323	1,2,4,6,10,13,16	ooh uhh ta area go inc dues
POOL	12675	0.541492326	1,2,4,5,10,13,15,16	new a ta air hugo inc food moo
POOL	12676	0.541491214	1,2,4,5,10,13,15,16	new a ta air hugo inc food oof
POOL	12677	0.541473225	1,2,4,6,10,13,16	ooh uhh ta area go inc douche
POOL	12678	0.541470508	1,2,3,4,8,10,13,16	new a too ahh ryu oh inc tue
POOL	12679	0.541468516	1,4,6,7,10,12,16	yeah tata re- ooh go ing to-do
POOL	12680	0.541429551	1,2,4,5,10,11,16	new a ta air hugo ee to-do
POOL	12681	0.541420014	1,2,4,5,10,13,15,16	new a ta air hugo inc food vous
POOL	12682	0.541419156	1,2,4,5,10,13,15,16	new a ta air hugo inc food zhu
POOL	12683	0.541388362	1,2,4,5,10,13,15,16	new a ta air hugo inc food hou
POOL	12684	0.541379089	1,2,4,5,10,13,15,16	new a ta air hugo inc food roo
POOL	12685	0.541366747	1,2,4,6,10,13,16	ooh uhh ta area go inc owe
POOL	12686	0.541345099	1,2,4,6,7,10,16	new a ta area ooh go to-do
POOL	12687	0.541320608	2,6,10,12,16	up car go in tue
POOL	12688	0.541301513	1,2,4,6,7,12,16	air a ta re- ooh growing to-do
POOL	12689	0.541266478	1,2,3,4,8,10,16	new a too ahh ryu oh to-do
POOL	12690	0.541255542	1,2,4,5,10,13,15,16	new a ta air hugo inc food gnu
POOL	12691	0.541236134	1,2,4,6,10,13,16	ooh uhh ta area go inc dune
POOL	12692	0.541216314	1,2,4,5,10,13,15,16	new a ta air hugo inc food yew
POOL	12693	0.541202750	1,2,4,5,10,13,15,16	new a ta air hugo inc food du
POOL	12694	0.541183488	1,2,4,5,10,13,15,16	new a ta air hugo inc food oop
POOL	12695	0.541180247	1,2,4,5,10,13,15,16	new a ta air hugo inc food roux
POOL	12696	0.541170361	1,2,4,6,10,11,16	ooh uhh ta area go a too-too
POOL	12697	0.541160571	1,2,4,6,10,12,16	new a top area go ing too-too
POOL	12698	0.541106964	4,8,10,12,16	wut league oh eng toe
POOL	12699	0.541097772	1,2,4,5,10,13,15,16	new a ta air hugo inc food hsu
POOL	12700	0.541096128	1,2,4,5,10,13,15,16	new a ta air hugo inc food koo
POOL	12701	0.541091441	1,2,3,4,8,10,16	new a too awe ryu oh to-do
POOL	12702	0.541071191	1,2,4,6,10,13,16	ooh uhh ta area go inc do
POOL	12703	0.541019191	1,2,4,5,10,13,15,16	new a ta air hugo inc food deux
POOL	12704	0.540994263	1,2,4,6,10,13,16	ooh uhh ta area go inc lewd
POOL	12705	0.540964720	1,2,4,5,10,11,16	new a ta air hugo a to-do
POOL	12706	0.540963821	1,2,3,4,8,10,13,16	new a too ahh ryu oh inc rude
POOL	12707	0.540898016	1,2,4,6,10,13,16	ooh uhh ta area go inc jus
POOL	12708	0.540888675	1,2,4,5,10,13,14,16	new a ta air hugo inc new du
POOL	12709	0.540887417	1,2,3,4,8,10,13,16	new a too ahh ryu oh inc awd
POOL	12710	0.540881020	1,2,3,4,7,10,13,16	new a too ahh ryu go inc awd
POOL	12711	0.540870522	1,2,4,6,10,13,16	ooh uhh ta area go inc joo
POOL	12712	0.540838189	1,2,4,6,10,13,14,16	new a ta area go inc aux due
POOL	12713	0.540832345	1,2,4,5,10,13,15,16	new a ta air hugo inc food shoo
POOL	12714	0.540810197	1,2,4,5,10,13,15,16	new a ta air hugo inc food sou
POOL	12715	0.540756292	1,2,4,6,10,13,16	ooh uhh ta area go inc booed
POOL	12716	0.540754117	1,2,4,6,10,13,14,16	new a ta area go inc aw doo
POOL	12717	0.540735791	1,2,4,5,10,13,15,16	new a ta air hugo inc food ooze
POOL	12718	0.540724798	1,2,4,6,8,10,16	ooh a ta area ooh oh to-do
POOL	12719	0.540721235	1,2,4,5,10,13,15,16	new a ta air hugo inc food ewe
POOL	12720	0.540706382	1,2,4,5,10,13,15,16	new a ta air hugo inc food whoo
POOL	12721	0.540705117	1,2,4,5,10,13,14,16	new a ta air hugo inc new deux
POOL	12722	0.540685224	1,2,4,5,10,13,15,16	new a ta air hugo inc food yue
POOL	12723	0.540652612	1,2,4,6,10,13,16	new a ta area go inc voodoo
POOL	12724	0.540547460	1,2,3,4,8,10,13,16	new a too ahh ryu oh inc awed
POOL	12725	0.540542524	1,2,4,5,10,13,15,16	new a ta air hugo inc food law
POOL	12726	0.540541064	1,2,3,4,7,10,13,16	new a too ahh ryu go inc awed
POOL	12727	0.540516893	1,2,4,5,10,13,15,16	new a ta air hugo inc food noo
POOL	12728	0.540506458	1,2,4,6,10,13,14,16	new a ta area go inc aw dew
POOL	12729	0.540488920	1,2,4,5,10,13,15,16	new a ta air hugo inc food xue
POOL	12730	0.540486072	1,2,3,4,8,10,13,16	new a too ahh ryu oh inc d'oh
POOL	12731	0.540479676	1,2,3,4,7,10,13,16	new a too ahh ryu go inc d'oh
POOL	12732	0.540439559	1,2,4,5,10,13,16	new a top new hugo inc to-do
POOL	12733	0.540437184	1,2,4,5,10,13,15,16	new a ta air hugo inc food phu
POOL	12734	0.540408427	1,2,4,6,10,13,16	new a ta area go inc doo-doo
POOL	12735	0.540377851	1,2,4,6,10,13,16	ooh uhh ta area go inc deuce
POOL	12736	0.540364538	1,2,6,10,13,15,16	zoo a car ooooh inc food ooh
POOL	12737	0.540363556	1,2,4,5,10,13,15,16	new a ta air hugo inc food cou
POOL	12738	0.540233304	1,2,3,4,8,10,13,16	new a too ahh ryu oh inc nude
POOL	12739	0.540231335	1,2,4,5,10,12,16	new a ta air hugo thing to-do
POOL	12740	0.540141369	1,2,4,5,10,13,15,16	new a ta air hugo inc food su
POOL	12741	0.540137555	1,2,4,5,10,13,15,16	new a ta air hugo inc food yu
POOL	12742	0.540112247	1,2,4,6,10,13,16	ooh uhh ta area go inc too-too
POOL	12743	0.540047972	4,8,13,16	wut league winged to-do
POOL	12744	0.540024573	1,2,4,5,10,13,15,16	new a ta air hugo inc food fu
POOL	12745	0.539990469	1,2,4,6,10,13,16	ooh uhh ta area go inc dupe
POOL	12746	0.539971273	1,2,4,6,10,13,16	ooh uhh ta area go inc wood
POOL	12747	0.539961729	1,2,3,4,8,10,13,16	new a too ahh ryu oh inc sued
POOL	12748	0.539898319	1,2,3,4,8,10,13,16	new a too ahh ryu oh inc jew
POOL	12749	0.539869603	1,2,4,5,10,13,15,16	new a ta air hugo inc food owe
POOL	12750	0.539867085	1,2,4,6,10,13,16	weigh a ta worry go inc to-do
POOL	12751	0.539841419	1,2,3,4,7,10,16	new a too ahh ryu go to-do
POOL	12752	0.539833750	1,2,4,5,10,13,15,16	new a ta air hugo inc food saw
POOL	12753	0.539827048	2,5,10,13,16	one car go dink doer
POOL	12754	0.539799372	1,2,4,6,10,13,16	ooh uhh ta area go inc voodoo
POOL	12755	0.539779381	1,2,4,5,10,13,15,16	new a ta air hugo inc food wu
POOL	12756	0.539777660	1,2,4,6,10,13,16	ooh uhh ta area go inc ohh
POOL	12757	0.539750809	1,2,3,4,8,10,13,16	new a too ahh ryu oh inc doom
POOL	12758	0.539750003	1,2,4,6,10,13,14,16	new a ta area go inc boo doo
POOL	12759	0.539699190	1,2,4,6,10,13,16	ooh uhh ta area go inc doer
POOL	12760	0.539677347	1,6,8,10,13,15,16	saw atari boo oh inc food ooh
POOL	12761	0.539666382	1,2,3,4,7,10,16	new a too awe ryu go to-do
POOL	12762	0.539649616	1,2,4,6,10,13,16	ooh uhh ta area go inc doon
POOL	12763	0.539617070	1,2,4,5,10,13,15,16	new a ta air hugo inc food tu
POOL	12764	0.539615372	1,2,3,4,8,10,13,16	new a too ahh ryu oh inc ooh
POOL	12765	0.539580526	1,2,4,6,10,13,16	ooh uhh ta area go inc dru
POOL	12766	0.539566930	4,6,10,12,16	wut run go in wu
POOL	12767	0.539555186	1,2,4,6,10,13,16	ooh uhh ta area go inc doo-doo
POOL	12768	0.539524394	1,2,4,6,10,13,16	ooh uhh ta area go inc rood
POOL	12769	0.539502344	1,2,4,6,10,13,14,16	new a ta area go inc boo dew
POOL	12770	0.539481428	1,2,4,5,10,13,14,16	new a top air hugo inc new too
POOL	12771	0.539481147	1,2,4,5,10,13,15,16	new a ta air hugo inc food ut
POOL	12772	0.539481125	1,2,4,5,10,13,15,16	new a ta air hugo inc food were
POOL	12773	0.539417543	1,2,4,6,10,12,16	new a ta area go ing dude
POOL	12774	0.539405591	1,2,3,4,8,10,13,16	new a too ahh ryu oh inc tu
POOL	12775	0.539392356	1,2,4,5,10,13,15,16	new a ta air hugo inc food mu
POOL	12776	0.539358543	1,2,4,6,10,13,14,16	new a ta area go inc aw du
POOL	12777	0.539351389	1,2,4,6,10,13,16	ooh uhh ta area go inc aux
POOL	12778	0.539269668	1,2,3,4,8,10,13,16	new a too ahh ryu oh inc ut
POOL	12779	0.539267557	1,2,4,6,10,13,16	ooh uhh ta area go inc coup
POOL	12780	0.539234527	1,2,4,5,10,13,15,16	new a ta air hugo inc food lu
POOL	12781	0.539179245	1,2,4,6,10,13,14,16	new a ta area go inc au due
POOL	12782	0.539174985	1,2,4,6,10,13,14,16	new a ta area go inc aw deux
POOL	12783	0.539106376	1,2,4,6,10,13,16	ooh uhh ta area go inc who'd
POOL	12784	0.539051444	1,2,3,4,8,10,13,16	new a too ahh ryu oh inc zoo
POOL	12785	0.539044775	1,2,4,5,10,13,15,16	new a ta air hugo inc food hu
POOL	12786	0.539014882	1,2,3,4,6,10,12,16	new a too ahh early go thing to-do
POOL	12787	0.538951220	1,2,4,6,10,13,16	ooh uhh ta area go inc o
POOL	12788	0.538947269	1,2,4,5,10,13,15,16	new a ta air hugo inc food nu
POOL	12789	0.538886750	1,2,4,5,10,13,15,16	new a ta air hugo inc food ku
POOL	12790	0.538861725	1,2,3,4,6,10,12,16	new a too awe early go thing to-do
POOL	12791	0.538859383	1,2,4,5,10,12,16	new a top air hugo thing to-do
POOL	12792	0.538856125	1,2,4,5,10,13,15,16	new a ta air hugo inc food we
POOL	12793	0.538803715	1,2,4,6,10,13,16	ooh uhh ta area go inc dough
POOL	12794	0.538803396	1,2,4,6,10,13,16	ooh uhh ta area go inc ou
POOL	12795	0.538792375	1,2,4,6,10,13,16	ooh uhh ta area go inc owed
POOL	12796	0.538784689	1,2,4,5,10,13,15,16	new a ta air hugo inc food ru
POOL	12797	0.538759482	1,2,3,4,8,10,13,16	new a too ahh ryu oh inc voodoo
POOL	12798	0.538751352	1,2,4,6,10,12,16	new uhh top area go in too-too
POOL	12799	0.538749318	1,2,4,6,10,13,16	ooh uhh ta area go inc doe
POOL	12800	0.538743564	2,4,6,10,11,15,16	one ta murray go a to-do ooh
POOL	12801	0.538698941	1,2,3,4,8,10,13,16	new a too ahh ryu oh inc oooh
POOL	12802	0.538682689	1,2,3,4,8,10,13,16	new a too ahh ryu oh inc dues
POOL	12803	0.538673261	1,2,4,5,10,12,16	new a top new hugo ing to-do
POOL	12804	0.538672072	1,2,4,5,10,13,14,16	new a ta air hugo inc ooh two
POOL	12805	0.538661603	1,2,3,4,8,10,13,16	new a too ahh ryu oh inc douche
POOL	12806	0.538622040	1,2,4,6,8,13,16	true a ta re- ooh owing to-do
POOL	12807	0.538606903	1,2,4,5,10,13,15,16	new a ta air hugo inc food pu
POOL	12808	0.538601953	1,2,6,7,10,12,16	were a qatari ooh go ing to-do
POOL	12809	0.538590702	1,2,4,6,10,13,16	ooh uhh ta area go inc eau
POOL	12810	0.538545820	1,2,3,4,8,10,13,16	new a too ahh ryu oh inc doo-doo
POOL	12811	0.538527529	1,2,4,6,10,11,16	ooh uhh ta area go see too-too
POOL	12812	0.538496174	1,2,4,5,10,13,15,16	new a ta air hugo inc food gu
POOL	12813	0.538479151	1,2,4,5,10,13,15,16	new a ta air hugo inc food ohh
POOL	12814	0.538468106	1,2,4,6,10,13,16	ooh uhh ta area go inc ooze
POOL	12815	0.538454149	1,2,3,4,8,10,13,16	new a too ahh ryu oh inc dune
POOL	12816	0.538436485	1,2,4,6,10,13,16	ooh uhh ta area go inc zhou
POOL	12817	0.538369659	1,2,4,7,10,12,16	were um ta rio go ing to-do
POOL	12818	0.538354429	1,2,4,6,10,13,14,16	new a ta area go inc boo du
POOL	12819	0.538279331	1,2,3,4,8,10,13,16	new a too ahh ryu oh inc owe
POOL	12820	0.538273209	1,2,4,5,10,13,15,16	new a ta air hugo inc food xu
POOL	12821	0.538242512	1,2,3,4,8,10,13,16	new a too ahh ryu oh inc lewd
POOL	12822	0.538216752	1,2,4,6,10,13,14,16	new a ta area go inc coo doo
POOL	12823	0.538185968	1,2,4,6,10,13,16	ooh uhh ta area go inc xue
POOL	12824	0.538170871	1,2,4,6,10,13,14,16	new a ta area go inc boo deux
POOL	12825	0.538158295	1,2,3,4,8,10,13,16	new a too ahh ryu oh inc jus
POOL	12826	0.538158066	1,2,4,5,10,13,15,16	new a ta air hugo inc food vu
POOL	12827	0.538137784	1,2,4,5,10,13,15,16	new a ta air hugo inc food qu
POOL	12828	0.538134239	1,2,3,4,8,10,13,16	new a too ahh ryu oh inc joo
POOL	12829	0.538106164	1,2,4,5,10,13,15,16	new a ta air hugo inc food aux
POOL	12830	0.538063910	1,2,4,6,10,13,16	ooh uhh ta area go inc ju
POOL	12831	0.538034287	1,2,3,4,8,10,13,16	new a too ahh ryu oh inc booed
POOL	12832	0.538027890	1,2,3,4,7,10,13,16	new a too ahh ryu go inc booed
POOL	12833	0.537969094	1,2,4,6,10,13,14,16	new a ta area go inc coo dew
POOL	12834	0.537941935	1,2,4,6,8,10,12,16	new a ta area new oh e'en to-do
POOL	12835	0.537920301	1,2,4,6,10,13,16	ooh uhh ta area go inc weed
POOL	12836	0.537861373	1,2,3,4,8,10,13,16	new a too ahh ryu oh inc too-too
POOL	12837	0.537831518	1,2,4,6,8,13,16	were a ta re- ooh sowing to-do
POOL	12838	0.537766776	1,2,4,6,10,13,16	ooh uhh ta area go inc zhu
POOL	12839	0.537756017	1,2,4,5,10,13,15,16	new a ta air hugo inc food o
POOL	12840	0.537703152	1,2,3,4,8,10,13,16	new a too ahh ryu oh inc deuce
POOL	12841	0.537653957	1,2,4,6,10,11,16	ooh a ta area go ee too-too
POOL	12842	0.537587921	1,2,4,6,10,13,16	ooh uhh ta area go inc waugh
POOL	12843	0.537455453	1,2,4,6,10,13,16	ooh uhh ta area go inc au
POOL	12844	0.537440563	1,2,4,5,10,13,15,16	new a ta air hugo inc food eau
POOL	12845	0.537415041	1,2,4,6,10,12,16	new a ta area go ing tube
POOL	12846	0.537364192	1,2,3,4,8,10,13,16	new a too ahh ryu oh inc dupe
POOL	12847	0.537275447	1,2,4,6,10,13,16	ooh uhh ta area go inc coo
POOL	12848	0.537247450	1,2,4,6,10,13,16	ooh uhh ta area go inc ode
POOL	12849	0.537109323	1,2,3,4,8,10,13,16	new a too ahh ryu oh inc doer
POOL	12850	0.537069869	1,2,4,6,10,12,16	coup a ta re- goo-goo ing to-do
POOL	12851	0.537065946	1,2,3,4,8,10,13,16	new a too ahh ryu oh inc doon
POOL	12852	0.537014198	2,4,6,10,13,16	uh top re- ooooh inc to-do
POOL	12853	0.537005492	1,2,3,4,8,10,13,16	new a too ahh ryu oh inc dru
POOL	12854	0.536972142	1,2,4,5,10,13,15,16	new a ta air hugo inc food wee
POOL	12855	0.536956376	1,2,3,4,8,10,13,16	new a too ahh ryu oh inc rood
POOL	12856	0.536888880	1,2,3,4,8,10,13,16	new a too ahh ryu oh inc ohh
POOL	12857	0.536869304	3,4,6,7,10,13,16	wut ahh re- outta go inc to-do
POOL	12858	0.536835648	1,2,4,6,10,13,16	ooh uhh ta area go inc do's
POOL	12859	0.536824134	4,6,11,16	wat re- wo to-do
POOL	12860	0.536821179	1,2,4,6,10,13,14,16	new a ta area go inc coo du
POOL	12861	0.536820890	1,2,4,8,12,15,16	were a ta fugue owing to-do ooh
POOL	12862	0.536742343	1,2,4,6,10,13,14,16	new a ta area go inc cou doo
POOL	12863	0.536707846	1,2,4,5,10,13,15,16	new a ta air hugo inc food all
POOL	12864	0.536637621	1,2,4,6,10,13,14,16	new a ta area go inc coo deux
POOL	12865	0.536621504	3,5,7,12,15,16	what aar u going too-too what
POOL	12866	0.536555934	1,2,4,6,8,12,16	were a ta re- ooh doping to-do
POOL	12867	0.536515892	1,2,3,4,8,10,13,16	new a too ahh ryu oh inc aux
POOL	12868	0.536509496	1,2,3,4,7,10,13,16	new a too ahh ryu go inc aux
POOL	12869	0.536494684	1,2,4,6,10,13,14,16	new a ta area go inc cou dew
POOL	12870	0.536483582	1,2,4,5,10,13,15,16	new a ta air hugo inc food wii
POOL	12871	0.536447221	1,2,4,5,10,13,15,16	new a ta air hugo inc food au
POOL	12872	0.536427632	1,2,4,6,10,13,16	ooh uhh ta area go inc koo
POOL	12873	0.536329514	2,6,8,10,11,15,16	one tommy ooh oh a to-do ooh
POOL	12874	0.536325503	1,2,3,4,8,10,13,16	new a too ahh ryu oh inc ou
POOL	12875	0.536255153	1,2,4,5,10,13,14,16	new a ta air hugo inc ooh boo
POOL	12876	0.536229796	1,2,3,4,8,10,13,16	new a too ahh ryu oh inc coup
POOL	12877	0.536223557	1,2,4,6,8,10,12,16	new a ta area new oh eng to-do
POOL	12878	0.536223399	1,2,3,4,7,10,13,16	new a too ahh ryu go inc coup
POOL	12879	0.536165745	1,2,3,4,8,10,13,16	new a too ahh ryu oh inc o
POOL	12880	0.536160146	1,2,4,5,10,13,14,16	new a ta air hugo inc ooh dude
POOL	12881	0.536138249	1,2,3,4,7,10,13,16	new a too ahh ryu go inc would
POOL	12882	0.536082846	1,2,4,5,10,13,15,16	new a ta air hugo inc food or
POOL	12883	0.536056863	1,2,4,6,10,14,16	ooh a ta area go too two
POOL	12884	0.536004106	1,2,4,6,10,13,16	ooh uhh ta area go inc wed
POOL	12885	0.535998215	1,2,4,6,10,13,16	ooh uhh ta area go inc ow
POOL	12886	0.535982596	1,2,4,5,10,13,14,16	new a ta air hugo inc new two
POOL	12887	0.535917158	1,2,4,6,10,13,16	ooh uhh ta area go inc womb
POOL	12888	0.535916761	1,2,4,5,10,13,15,16	new a ta air hugo inc food wah
POOL	12889	0.535850291	1,2,3,4,8,10,13,16	new a too ahh ryu oh inc eau
POOL	12890	0.535843291	1,2,4,6,8,12,16	were an ta re- sue owing to-do
POOL	12891	0.535836812	1,2,3,4,8,10,13,16	new a too ahh ryu oh inc ooze
POOL	12892	0.535826344	1,2,4,5,10,13,15,16	new a ta air hugo inc food off
POOL	12893	0.535818402	1,2,3,4,8,10,13,16	new a too ahh ryu oh inc dough
POOL	12894	0.535808479	1,2,3,4,8,10,13,16	new a too ahh ryu oh inc owed
POOL	12895	0.535801983	1,2,4,6,10,13,16	new a ta area go inc do
POOL	12896	0.535770805	1,2,3,4,8,10,13,16	new a too ahh ryu oh inc doe
POOL	12897	0.535753443	1,2,4,5,10,12,16	new a top air no-go ing to-do
POOL	12898	0.535678453	1,2,3,4,8,10,13,16	new a too ahh ryu oh inc ju
POOL	12899	0.535653727	1,2,4,6,10,13,16	ooh uhh ta area go inc xu
POOL	12900	0.535623854	1,2,3,4,8,10,13,16	new a too ahh ryu oh inc zhou
POOL	12901	0.535590407	1,2,4,6,10,13,16	ooh uhh ta area go inc cou
POOL	12902	0.535589941	1,2,3,4,8,10,13,16	new a too ahh ryu oh inc xue
POOL	12903	0.535572354	1,2,4,5,10,13,15,16	new a ta air hugo inc food wha
POOL	12904	0.535519645	1,2,3,4,8,10,13,16	new a too ahh ryu oh inc do
POOL	12905	0.535513249	1,2,3,4,7,10,13,16	new a too ahh ryu go inc do
POOL	12906	0.535501005	1,2,4,6,10,13,16	ooh uhh ta area go inc ought
POOL	12907	0.535450276	1,2,4,5,10,13,14,16	new a ta air hugo inc ooh new
POOL	12908	0.535346769	1,2,4,6,10,13,14,16	new a ta area go inc cou du
POOL	12909	0.535276300	1,2,4,6,8,10,12,16	new a ta area new oh ain to-do
POOL	12910	0.535177761	1,2,4,6,7,12,16	were eye ta re- ooh growing to-do
POOL	12911	0.535172137	1,2,4,5,10,13,15,16	new a ta air hugo inc food ow
POOL	12912	0.535163211	1,2,4,6,10,13,14,16	new a ta area go inc cou deux
POOL	12913	0.535071829	1,2,4,6,10,14,16	were a ta re- ego into due
POOL	12914	0.535037859	1,2,3,4,8,10,13,16	new a too ahh ryu oh inc zhu
POOL	12915	0.535037080	1,2,6,8,10,13,16	loo a car ooh oh e-ink to-do
POOL	12916	0.534915302	1,2,3,4,8,10,13,16	new a too ahh ryu oh inc waugh
POOL	12917	0.534861364	1,2,4,5,10,13,14,16	new a ta air hugo inc ooh drew
POOL	12918	0.534856949	1,2,3,4,8,10,13,16	new a too ahh ryu oh inc au
POOL	12919	0.534850552	1,2,3,4,7,10,13,16	new a too ahh ryu go inc au
POOL	12920	0.534828193	1,2,4,5,10,13,15,16	new a ta air hugo inc food ore
POOL	12921	0.534827537	1,2,4,5,10,13,14,16	new a ta air hugo inc ooh duke
POOL	12922	0.534775060	1,2,4,5,10,13,15,16	new a ta air hugo inc food waugh
POOL	12923	0.534770338	1,2,4,5,10,13,15,16	new a ta air hugo inc food wa
POOL	12924	0.534767774	1,2,4,5,10,13,15,16	new a ta air hugo inc food shaw
POOL	12925	0.534766850	1,2,4,5,10,13,14,16	new a ta air hugo inc ooh daw
POOL	12926	0.534758818	1,2,4,6,10,13,16	ooh uhh ta area go inc whoop
POOL	12927	0.534682388	1,2,4,5,10,13,14,16	new a ta air hugo inc ooh tue
POOL	12928	0.534648353	1,2,4,8,12,15,16	web a ta liu owing to-do ooh
POOL	12929	0.534647440	1,2,4,8,10,12,16	were uh-uh ta raju oh ing to-do
POOL	12930	0.534641840	1,2,4,5,10,12,16	new a top new hugo thing to-do
POOL	12931	0.534561921	1,2,4,6,10,13,16	ooh uhh ta area go inc woof
POOL	12932	0.534553136	4,8,10,12,16	wut meu oh in tow
POOL	12933	0.534486699	1,2,3,4,8,10,13,16	new a too ahh ryu oh inc coo
POOL	12934	0.534484951	1,2,4,6,10,13,14,16	new a ta area go inc aux doo
POOL	12935	0.534480303	1,2,3,4,7,10,13,16	new a too ahh ryu go inc coo
POOL	12936	0.534456670	1,2,3,4,8,10,13,16	new a too ahh ryu oh inc ode
POOL	12937	0.534407000	1,2,4,6,10,13,16	ooh uhh ta area go inc wad
POOL	12938	0.534297184	4,8,11,16	wut loo boy to-do
POOL	12939	0.534260090	1,2,3,4,8,10,11,16	new a too ahh ryu oh ee too-too
POOL	12940	0.534237292	1,2,4,6,10,13,14,16	new a ta area go inc aux dew
POOL	12941	0.534218009	4,8,11,16	yuk league co. to-do
POOL	12942	0.534187886	1,2,4,5,10,13,15,16	new a ta air hugo inc food oui
POOL	12943	0.534151743	1,2,4,5,10,13,16	new a ta air hugo inc too-too
POOL	12944	0.534106932	1,2,3,4,8,10,11,16	new a too awe ryu oh ee too-too
POOL	12945	0.534078664	1,2,4,5,10,13,15,16	new a ta air hugo inc food waa
POOL	12946	0.533993530	1,2,4,5,10,13,15,16	new a ta air hugo inc food ahh
POOL	12947	0.533902629	1,2,4,6,10,13,16	ooh uhh ta area go inc ku
POOL	12948	0.533840372	1,2,4,5,10,13,15,16	new a ta air hugo inc food awe
POOL	12949	0.533838868	1,2,4,5,10,13,16	new a ta air hugo inc voodoo
POOL	12950	0.533770857	1,2,4,5,10,13,15,16	new a ta air hugo inc food ah
POOL	12951	0.533744861	1,2,3,4,8,10,13,16	new a too ahh ryu oh inc koo
POOL	12952	0.533712148	2,4,6,8,12,15,16	one toy re- ooh owing to-do ooh
POOL	12953	0.533697953	1,2,4,5,10,13,14,16	new a ta air hugo inc ooh d'oh
POOL	12954	0.533684438	1,2,4,6,10,13,16	ooh uhh ta area go inc oe
POOL	12955	0.533652973	1,2,4,6,10,13,16	ooh uhh ta area go inc whoosh
POOL	12956	0.533632614	4,6,10,16	wack re- wo to-do
POOL	12957	0.533627712	1,2,4,6,10,12,16	new a ta area go ing toot
POOL	12958	0.533594683	1,2,4,5,10,13,16	new a ta air hugo inc doo-doo
POOL	12959	0.533586939	2,4,7,10,12,15,16	one ta liu go ing to-do aww
POOL	12960	0.533581865	1,2,3,4,8,10,13,16	new a too ahh ryu oh inc ow
POOL	12961	0.533565677	1,2,4,5,10,13,14,16	new a ta air hugo inc new boo
POOL	12962	0.533556053	2,4,6,8,12,15,16	duh ta re- ooh owing to-do ooh
POOL	12963	0.533535449	1,2,4,8,10,14,16	wheat uh-uh ta liu oh into due
POOL	12964	0.533498879	1,2,4,6,10,13,16	ooh uhh ta area go inc wid
POOL	12965	0.533470670	1,2,4,5,10,13,14,16	new a ta air hugo inc new dude
POOL	12966	0.533381647	1,2,4,6,10,13,16	ooh uhh ta area go inc woot
POOL	12967	0.533374230	1,2,3,4,8,10,13,16	new a too ahh ryu oh inc xu
POOL	12968	0.533288361	1,2,4,6,8,13,16	were mud ta re- ooh owing to-do
POOL	12969	0.533219637	1,2,4,5,10,13,14,16	new a top air hugo inc new two
POOL	12970	0.533219577	2,4,6,7,10,13,16	o. ta ryu ooh go inc to-do
POOL	12971	0.533219018	1,2,4,5,10,13,15,16	new a ta air hugo inc food paw
POOL	12972	0.533198830	1,2,4,6,10,13,16	ooh uhh ta area go inc ot
POOL	12973	0.533180238	2,5,10,12,16	one car go in tuned
POOL	12974	0.533163976	1,2,4,6,11,16	ooh a ta area go too-too
POOL	12975	0.533147583	1,2,4,5,10,13,15,16	new a ta air hugo inc food oe
POOL	12976	0.533110200	1,2,4,5,10,13,14,16	new a ta air hugo inc ooh jew
POOL	12977	0.533089377	1,2,4,6,10,13,14,16	new a ta area go inc aux du
POOL	12978	0.533046668	1,2,4,6,10,13,16	ooh uhh ta area go inc qu
POOL	12979	0.533038772	2,4,6,8,13,15,16	one ta re- ooh owing rudy ooh
POOL	12980	0.533012290	1,2,3,4,8,10,13,16	new a too ahh ryu oh inc cou
POOL	12981	0.533005893	1,2,3,4,7,10,13,16	new a too ahh ryu go inc cou
POOL	12982	0.532968840	4,8,11,16	yuck ru oh to-do
POOL	12983	0.532962690	1,2,4,5,10,13,14,16	new a ta air hugo inc ooh doom
POOL	12984	0.532905819	1,2,4,6,10,13,14,16	new a ta area go inc aux deux
POOL	12985	0.532862919	1,2,4,6,8,12,16	were gum cha re- ooh owing to-do
POOL	12986	0.532827253	1,2,4,5,10,13,14,16	new a ta air hugo inc ooh ooh
POOL	12987	0.532826007	1,2,4,6,10,13,14,16	new a ta area go inc au doo
POOL	12988	0.532817891	1,2,4,7,10,14,16	were a ta redo go into due
POOL	12989	0.532780322	1,2,4,5,10,13,15,16	new a ta air hugo inc food uhh
POOL	12990	0.532779791	1,2,4,5,10,13,16	new a top air hugo inc too-too
POOL	12991	0.532760800	1,2,4,5,10,13,14,16	new a ta air hugo inc new new
POOL	12992	0.532737218	1,2,4,5,10,13,15,16	new a ta air hugo inc food orr
POOL	12993	0.532617472	1,2,4,5,10,13,14,16	new a ta air hugo inc ooh tu
POOL	12994	0.532600463	1,2,4,6,10,12,16	new a ta area go ing doo-doo
POOL	12995	0.532578349	1,2,4,6,10,13,14,16	new a ta area go inc au dew
POOL	12996	0.532567025	1,2,4,5,10,11,16	new a ta air hugo see too-too
POOL	12997	0.532525060	1,2,4,5,10,13,15,16	new a ta air hugo inc food thaw
POOL	12998	0.532500960	1,2,4,5,10,13,15,16	new a ta air hugo inc food aud
POOL	12999	0.532436744	2,4,6,10,14,16	uh top re- ooooh into due
POOL	13000	0.532391449	1,2,4,5,10,13,15,16	new a ta air hugo inc food daw
POOL	13001	0.532371350	1,2,6,8,10,13,16	shoe a puri ooh oh inc to-do
POOL	13002	0.532365999	1,2,4,5,10,13,15,16	new a ta air hugo inc food haw
POOL	13003	0.532339792	3,6,8,10,13,15,16	wut ari ooh oh inc doo-doo ooh
POOL	13004	0.532313523	1,2,4,5,10,11,13,15,16	new a ta air hugo a ant food ooh
POOL	13005	0.532313162	1,2,4,5,10,13,15,16	new a ta air hugo inc food ong
POOL	13006	0.532303634	1,4,6,7,10,12,16	were etta re- oof go ing to-do
POOL	13007	0.532267471	2,4,6,8,12,15,16	one ta heir ooh owing to-do ooh
POOL	13008	0.532263324	1,2,4,5,10,13,14,16	new a ta air hugo inc ooh zoo
POOL	13009	0.532237932	1,2,3,4,8,10,13,16	new a too ahh ryu oh inc who'd
POOL	13010	0.532222730	1,2,4,5,10,13,16	new a top air hugo inc doo-doo
POOL	13011	0.532202125	4,8,10,14,16	wut league oh ent dog
POOL	13012	0.532171887	1,2,4,5,10,13,14,16	new a ta air hugo inc new drew
POOL	13013	0.532138061	1,2,4,5,10,13,14,16	new a ta air hugo inc new duke
POOL	13014	0.532122242	1,2,4,6,8,12,16	law a ta re- ru owing to-do
POOL	13015	0.532092244	1,2,4,5,10,13,15,16	new a ta air hugo inc food oss
POOL	13016	0.532083778	1,2,4,5,10,13,15,16	new a ta air hugo inc food aung
POOL	13017	0.532077374	1,2,4,5,10,13,14,16	new a ta air hugo inc new daw
POOL	13018	0.532051348	1,2,4,5,10,13,15,16	new a ta air hugo inc food maw
POOL	13019	0.532040534	1,2,4,5,10,13,15,16	new a ta air hugo inc food auth
POOL	13020	0.532031437	1,6,8,10,13,15,16	wed atari ooh oh inc d ooh
POOL	13021	0.531998555	1,2,4,5,10,13,15,16	new a ta air hugo inc food uh
POOL	13022	0.531992912	1,2,4,5,10,13,14,16	new a ta air hugo inc new tue
POOL	13023	0.531960273	1,2,4,5,10,11,13,16	new a ta air hugo a ant due
POOL	13024	0.531910822	1,2,4,5,10,13,14,16	new a ta air hugo inc ooh oooh
POOL	13025	0.531897221	1,2,4,5,10,13,15,16	new a ta air hugo inc food oar
POOL	13026	0.531894570	1,2,4,5,10,13,14,16	new a ta air hugo inc ooh dues
POOL	13027	0.531873484	1,2,4,5,10,13,14,16	new a ta air hugo inc ooh douche
POOL	13028	0.531845388	1,2,4,5,10,13,15,16	new a ta air hugo inc food yaw
POOL	13029	0.531817866	1,2,4,6,10,12,16	new a ta area go ing tutu
POOL	13030	0.531736440	1,2,4,6,7,12,16	were a teh re- ooh growing to-do
POOL	13031	0.531723896	1,2,4,5,10,13,15,16	new a ta air hugo inc food awd
POOL	13032	0.531696191	1,2,4,6,10,13,16	ooh uhh ta area go inc to
POOL	13033	0.531667375	1,2,4,6,10,15,16	knew a ta re- ergo into ooh
POOL	13034	0.531666030	1,2,4,5,10,13,14,16	new a ta air hugo inc ooh dune
POOL	13035	0.531557311	1,2,3,4,8,10,13,16	new a too ahh ryu oh inc oe
POOL	13036	0.531535484	1,2,3,4,8,10,13,16	new a too ahh ryu oh inc ku
POOL	13037	0.531523610	2,4,6,7,9,12,16	one ta surrey ooh go wing to-do
POOL	13038	0.531498918	1,2,4,5,10,11,13,15,16	new a ta air hugo a ant food oooh
POOL	13039	0.531430434	1,2,4,6,10,13,14,16	new a ta area go inc au du
POOL	13040	0.531383939	1,2,4,5,10,13,15,16	new a ta air hugo inc food awed
POOL	13041	0.531370176	1,2,4,5,10,13,14,16	new a ta air hugo inc ooh jus
POOL	13042	0.531346119	1,2,4,5,10,13,14,16	new a ta air hugo inc ooh joo
POOL	13043	0.531293827	2,4,7,10,12,15,16	one ca review go ing to-do ooh
POOL	13044	0.531264043	1,2,6,8,13,15,16	were a tanya ooh owing food ooh
POOL	13045	0.531262931	1,2,4,5,10,13,15,16	new a ta air hugo inc food caw
POOL	13046	0.531250588	4,7,10,12,16	yacht new go in chewed
POOL	13047	0.531246876	1,2,4,6,10,13,14,16	new a ta area go inc au deux
POOL	13048	0.531238301	1,2,4,6,10,11,16	ooh uhh ta area go a doo-doo
POOL	13049	0.531066696	2,4,6,8,12,15,16	one ta re- ooh going to-do ooh
POOL	13050	0.531008477	1,2,4,5,10,13,14,16	new a ta air hugo inc new d'oh
POOL	13051	0.530915033	1,2,4,5,10,13,14,16	new a ta air hugo inc ooh deuce
POOL	13052	0.530895703	1,2,4,5,10,13,15,16	new a ta air hugo inc food ot
POOL	13053	0.530890540	1,2,4,5,10,13,14,16	new a ta air hugo inc ooh knew
POOL	13054	0.530886446	1,2,4,6,10,13,16	ooh uhh ta area go inc boo-boo
POOL	13055	0.530856504	4,8,10,16	wut ru toe to-do
POOL	13056	0.530829590	1,6,8,10,13,15,16	whoa atari ooh oh feet food ooh
POOL	13057	0.530786518	1,2,3,4,8,10,13,16	new a too ahh ryu oh inc qu
POOL	13058	0.530669188	2,5,10,12,16	yuh car go in sued
POOL	13059	0.530576073	1,2,4,5,10,13,14,16	new a ta air hugo inc ooh dupe
POOL	13060	0.530494466	1,2,4,6,8,12,16	wing a dodd re- ooh owing to-do
POOL	13061	0.530475534	1,2,4,6,10,12,16	new a ta area go ing to-dos
POOL	13062	0.530455704	1,2,4,6,10,11,16	ooh uhh ta area go a tutu
POOL	13063	0.530434741	1,2,4,5,10,13,15,16	new a ta air hugo inc food oi
POOL	13064	0.530420723	1,2,4,5,10,13,14,16	new a ta air hugo inc new jew
POOL	13065	0.530378168	4,8,10,12,16	wut league so in doo
POOL	13066	0.530343521	1,2,4,6,8,13,16	were a ya re- ooh owing to-do
POOL	13067	0.530321204	1,2,4,5,10,13,14,16	new a ta air hugo inc ooh doer
POOL	13068	0.530302263	2,4,7,8,10,12,16	one ta yeo egg oh ing to-do
POOL	13069	0.530277827	1,2,4,5,10,13,14,16	new a ta air hugo inc ooh doon
POOL	13070	0.530273213	1,2,4,5,10,13,14,16	new a ta air hugo inc new doom
POOL	13071	0.530251045	1,2,3,4,8,10,13,16	new a too ahh ryu oh inc do's
POOL	13072	0.530217372	1,2,4,5,10,13,14,16	new a ta air hugo inc ooh dru
POOL	13073	0.530181931	1,2,4,5,10,13,14,16	new a ta air hugo inc ooh d'or
POOL	13074	0.530137776	1,2,4,5,10,13,14,16	new a ta air hugo inc new ooh
POOL	13075	0.530128663	1,2,4,8,13,15,16	were a ta redo owing food ooh
POOL	13076	0.530110170	1,2,4,6,11,16	ooh uhh ta area go too-too
POOL	13077	0.530019779	4,8,13,16	wut roux oat to-do
POOL	13078	0.529927995	1,2,4,5,10,13,14,16	new a ta air hugo inc new tu
POOL	13079	0.529923541	1,2,4,5,10,13,15,16	new a ta air hugo inc food om
POOL	13080	0.529807610	2,4,8,9,10,13,16	one ta luger ooh a inc to-do
POOL	13081	0.529774239	1,2,3,4,8,10,13,16	new a too ahh ryu oh inc boo-boo
POOL	13082	0.529767842	1,2,3,4,7,10,13,16	new a too ahh ryu go inc boo-boo
POOL	13083	0.529710796	1,2,4,5,10,11,13,15,16	new a ta air hugo a ant dude ooh
POOL	13084	0.529687891	1,2,4,6,10,13,16	ooh uhh ta area go inc du'a'
POOL	13085	0.529672303	1,2,4,5,10,13,14,16	new a ta air hugo inc ooh true
POOL	13086	0.529659231	2,4,6,8,10,13,16	one shah re- ooh duo inc to-do
POOL	13087	0.529573848	1,2,4,5,10,13,14,16	new a ta air hugo inc new zoo
POOL	13088	0.529552239	1,2,4,5,10,11,16	new a ta air hugo ee too-too
POOL	13089	0.529537384	1,2,4,5,10,13,14,16	new a ta air hugo inc ooh ou
POOL	13090	0.529441677	1,2,4,5,10,13,14,16	new a ta air hugo inc ooh coup
POOL	13091	0.529402847	1,2,4,6,8,13,16	coup a xia re- ooh owing to-do
POOL	13092	0.529397590	1,2,4,6,10,13,16	ooh uhh ta area go inc tutu
POOL	13093	0.529389195	1,2,4,5,10,11,13,15,16	new a ta air hugo a ant food ou
POOL	13094	0.529259417	2,5,6,8,10,12,16	one car yeah ooh oh owing to-do
POOL	13095	0.529221346	1,2,4,5,10,13,14,16	new a ta air hugo inc new oooh
POOL	13096	0.529205094	1,2,4,5,10,13,14,16	new a ta air hugo inc new dues
POOL	13097	0.529184008	1,2,4,5,10,13,14,16	new a ta air hugo inc new douche
POOL	13098	0.529142765	1,2,4,6,8,12,16	were ohh ta earn ooh owing to-do
POOL	13099	0.529126107	1,2,4,5,10,12,16	were a ta d'or hugo ing to-do
POOL	13100	0.529113372	1,2,4,6,10,11,16	ooh uhh ta area go a to-dos
POOL	13101	0.529087409	1,2,4,5,10,11,16	new a ta air hugo a too-too
POOL	13102	0.529030283	1,2,4,5,10,13,14,16	new a ta air hugo inc ooh dough
POOL	13103	0.529024396	1,2,5,6,10,12,16	were a car yeah o-o ing to-do
POOL	13104	0.528990353	1,2,4,5,10,12,16	yeah a ta or hugo ing to-do
POOL	13105	0.528982686	1,2,4,5,10,13,14,16	new a ta air hugo inc ooh doe
POOL	13106	0.528976554	1,2,4,5,10,13,14,16	new a ta air hugo inc new dune
POOL	13107	0.528955957	1,2,4,5,10,11,13,15,16	new a ta air hugo a ant aud ooh
POOL	13108	0.528896191	1,2,4,5,10,11,13,15,16	new a ta air hugo a ant dude oooh
POOL	13109	0.528890333	1,2,4,5,10,13,14,16	new a ta air hugo inc ooh ju
POOL	13110	0.528857892	1,2,4,6,8,13,16	were a ta yah ooh owing to-do
POOL	13111	0.528835734	1,2,4,5,10,13,14,16	new a ta air hugo inc ooh zhou
POOL	13112	0.528801822	1,2,4,5,10,13,14,16	new a ta air hugo inc ooh xue
POOL	13113	0.528763439	1,2,4,6,8,13,16	moo a ta re- zhou owing to-do
POOL	13114	0.528680700	1,2,4,5,10,13,14,16	new a ta air hugo inc new jus
POOL	13115	0.528656643	1,2,4,5,10,13,14,16	new a ta air hugo inc new joo
POOL	13116	0.528634773	1,2,4,5,10,13,15,16	new a ta air hugo inc food oy
POOL	13117	0.528595469	1,2,4,6,10,11,16	ooh uhh ta area go see doo-doo
POOL	13118	0.528589565	3,6,8,10,13,15,16	wut ari ooh oh inc food peru
POOL	13119	0.528557427	1,2,4,5,10,13,15,16	new a ta air hugo inc food ought
POOL	13120	0.528515055	1,2,4,5,10,13,14,16	new a ta air hugo inc ooh dog
POOL	13121	0.528486048	1,2,3,4,8,10,13,16	new a too ahh ryu oh inc tutu
POOL	13122	0.528461756	1,2,4,6,10,13,16	ooh uhh ta area go inc hutu
POOL	13123	0.528458482	1,2,4,6,10,14,16	waugh a ta re- go into dual
POOL	13124	0.528412522	1,2,4,5,10,13,14,16	new a ta air hugo inc ooh door
POOL	13125	0.528349436	1,2,3,4,8,10,13,16	new a too ahh ryu oh inc du'a'
POOL	13126	0.528265233	1,2,4,5,10,11,13,15,16	new a ta air hugo a ant awd ooh
POOL	13127	0.528249740	1,2,4,5,10,13,14,16	new a ta air hugo inc ooh zhu
POOL	13128	0.528225556	1,2,4,5,10,13,14,16	new a ta air hugo inc new deuce
POOL	13129	0.528221594	1,2,4,5,10,13,14,16	new a ta air hugo inc ooh blue
POOL	13130	0.528201064	1,2,4,5,10,13,14,16	new a ta air hugo inc new knew
POOL	13131	0.528156549	1,2,4,6,8,12,16	du rush ta re- ooh owing to-do
POOL	13132	0.528141352	1,2,4,5,10,11,13,15,16	new a ta air hugo a ant aud oooh
POOL	13133	0.528055258	1,2,4,6,10,13,16	ooh uhh ta area go inc to-dos
POOL	13134	0.527980979	1,2,4,6,7,12,16	were a ta re- rule growing to-do
POOL	13135	0.527975276	2,4,6,9,10,12,16	watt ta re- gui a ing to-do
POOL	13136	0.527963049	1,2,4,5,10,11,13,15,16	new a ta air hugo a ant awed ooh
POOL	13137	0.527886596	1,2,4,5,10,13,14,16	new a ta air hugo inc new dupe
POOL	13138	0.527812872	1,2,4,6,10,11,16	ooh uhh ta area go see tutu
POOL	13139	0.527781458	4,8,13,16	wut league owing doom
POOL	13140	0.527780868	2,4,6,8,10,14,16	hua ta rey ooh oh into due
POOL	13141	0.527721896	1,2,4,6,10,11,16	ooh a ta area go ee doo-doo
POOL	13142	0.527704933	1,2,6,8,10,12,16	move a tele ooh oh ing to-do
POOL	13143	0.527698580	1,2,4,5,10,13,14,16	new a ta air hugo inc ooh coo
POOL	13144	0.527676338	1,2,4,6,8,13,16	were a ta re- ooh owing dewey
POOL	13145	0.527667194	1,2,3,4,8,10,13,16	new a too ahh ryu oh inc hutu
POOL	13146	0.527649410	1,2,4,6,8,12,16	law a ta ron ooh owing to-do
POOL	13147	0.527631728	1,2,4,5,10,13,14,16	new a ta air hugo inc new doer
POOL	13148	0.527588350	1,2,4,5,10,13,14,16	new a ta air hugo inc new doon
POOL	13149	0.527527896	1,2,4,5,10,13,14,16	new a ta air hugo inc new dru
POOL	13150	0.527492454	1,2,4,5,10,13,14,16	new a ta air hugo inc new d'or
POOL	13151	0.527480463	1,2,4,7,10,15,16	were uh-uh ta noo go into ooh
POOL	13152	0.527450628	1,2,4,5,10,11,13,15,16	new a ta air hugo a ant awd oooh
POOL	13153	0.527374133	1,2,4,6,10,13,16	ooh uhh ta area go inc dewey
POOL	13154	0.527362905	1,2,6,8,10,12,16	were other tania ooh oh ing to-do
POOL	13155	0.527312363	4,6,10,16	wut a au to-do
POOL	13156	0.527148444	1,2,4,5,10,11,13,15,16	new a ta air hugo a ant awed oooh
POOL	13157	0.527137671	1,2,4,5,10,13,14,16	new a ta air hugo inc ooh draw
POOL	13158	0.527116641	4,7,10,13,16	wut new koh inc owe
POOL	13159	0.526982827	1,2,4,5,10,13,14,16	new a ta air hugo inc new true
POOL	13160	0.526982072	1,2,4,5,10,12,16	new a top air hugo thing too-too
POOL	13161	0.526981125	1,2,4,5,10,13,15,16	new a ta air hugo inc food you
POOL	13162	0.526969232	1,2,4,6,11,15,16	woo a ta re- going to-do ooh
POOL	13163	0.526956742	1,2,4,5,10,13,14,16	new a ta air hugo inc ooh koo
POOL	13164	0.526939300	1,2,4,6,10,11,16	ooh a ta area go ee tutu
POOL	13165	0.526920882	1,2,3,4,8,10,13,16	new a too ahh ryu oh inc to-dos
POOL	13166	0.526880816	1,2,4,6,10,13,16	ooh uhh ta area go inc urdu
POOL	13167	0.526847907	1,2,4,5,10,13,14,16	new a ta air hugo inc new ou
POOL	13168	0.526795950	1,2,4,5,10,12,16	new a top new hugo ing too-too
POOL	13169	0.526786468	1,2,4,5,10,11,13,15,16	new a ta air hugo a ant dude ou
POOL	13170	0.526752200	1,2,4,5,10,13,14,16	new a ta air hugo inc new coup
POOL	13171	0.526747449	1,2,4,6,10,13,16	ooh uhh ta area go inc ado
POOL	13172	0.526586111	1,2,4,5,10,13,14,16	new a ta air hugo inc ooh xu
POOL	13173	0.526470540	1,2,4,6,10,11,16	ooh uhh ta area go see to-dos
POOL	13174	0.526439287	2,4,6,8,12,15,16	ooh duh re- ooh owing to-do ooh
POOL	13175	0.526362156	1,2,4,6,10,11,12,16	ooh a ta area go ee a to-do
POOL	13176	0.526356125	1,2,4,5,10,13,15,16	new a ta air hugo inc food do
POOL	13177	0.526356125	1,2,4,5,10,13,15,16	new a ta air hugo inc food to
POOL	13178	0.526340806	1,2,4,5,10,13,14,16	new a ta air hugo inc new dough
POOL	13179	0.526324898	1,2,3,4,8,10,13,16	new a too ahh ryu oh inc dewey
POOL	13180	0.526293209	1,2,4,5,10,13,14,16	new a ta air hugo inc new doe
POOL	13181	0.526224170	1,2,4,5,10,13,14,16	new a ta air hugo inc ooh cou
POOL	13182	0.526200857	1,2,4,5,10,13,14,16	new a ta air hugo inc new ju
POOL	13183	0.526193087	1,2,4,6,8,13,16	rue a ta league ooh owing to-do
POOL	13184	0.526182086	2,4,8,10,11,15,16	one ta liu oh a to-do outta
POOL	13185	0.526146258	1,2,4,5,10,13,14,16	new a ta air hugo inc new zhou
POOL	13186	0.526144645	1,2,3,4,8,10,13,16	new a too ahh ryu oh inc to
POOL	13187	0.526138249	1,2,3,4,7,10,13,16	new a too ahh ryu go inc to
POOL	13188	0.526113676	1,2,4,5,10,12,16	were y'are ta e'er hugo ing to-do
POOL	13189	0.526112345	1,2,4,5,10,13,14,16	new a ta air hugo inc new xue
POOL	13190	0.526074928	2,4,6,7,9,12,16	one ta re- ooh go shoo-in to-do
POOL	13191	0.526058286	1,2,4,6,10,13,16	ooh uhh ta area go inc ooooh
POOL	13192	0.526031629	1,2,4,5,10,11,13,15,16	new a ta air hugo a ant aud ou
POOL	13193	0.525898374	1,2,4,5,10,13,14,16	new a ta air hugo inc ooh poo
POOL	13194	0.525893246	1,2,3,4,8,10,13,16	new a too ahh ryu oh inc urdu
POOL	13195	0.525883110	1,2,4,8,10,15,16	were y'are ta riga oh into ooh
POOL	13196	0.525863301	1,2,6,7,10,14,16	were luck starry ooh go into due
POOL	13197	0.525825765	1,2,4,6,10,13,16	ooh uhh ta area go inc adieu
POOL	13198	0.525825579	1,2,4,5,10,13,14,16	new a ta air hugo inc new dog
POOL	13199	0.525811074	1,2,4,5,10,13,14,16	new a ta air hugo inc ooh tool
POOL	13200	0.525788606	1,2,4,8,13,15,16	were dah ta ruger owing food ooh
POOL	13201	0.525776550	1,2,3,4,8,10,13,16	new a too ahh ryu oh inc ado
POOL	13202	0.525770153	1,2,3,4,7,10,13,16	new a too ahh ryu go inc ado
POOL	13203	0.525727703	1,2,5,10,11,16	were a car iago eye to-do
POOL	13204	0.525723045	1,2,4,5,10,13,14,16	new a ta air hugo inc new door
POOL	13205	0.525707887	2,4,6,7,12,15,16	watt ta re- ooh growing to-do ooh
POOL	13206	0.525622294	1,2,4,5,10,13,14,16	new a ta air hugo inc ooh june
POOL	13207	0.525607035	1,2,4,5,10,11,13,16	new a ta air hugo a ant doo
POOL	13208	0.525596968	1,2,4,6,10,11,16	ooh a ta area go ee to-dos
POOL	13209	0.525573048	2,4,6,7,12,15,16	one xia re- ooh growing to-do ooh
POOL	13210	0.525569537	1,2,3,4,8,10,11,16	new a too ahh ryu oh ee doo-doo
POOL	13211	0.525566571	1,2,6,7,10,14,16	were a dory ooh go into due
POOL	13212	0.525560263	1,2,4,5,10,13,14,16	new a ta air hugo inc new zhu
POOL	13213	0.525549957	1,2,4,6,10,13,16	ooh uhh ta area go inc dewar
POOL	13214	0.525532117	1,2,4,5,10,13,14,16	new a ta air hugo inc new blue
POOL	13215	0.525471373	1,2,4,8,11,15,16	wah a ta liu okay to-do ooh
POOL	13216	0.525454373	2,5,6,8,10,12,16	one car yeah ooh ios ing to-do
POOL	13217	0.525416379	1,2,3,4,8,10,11,16	new a too awe ryu oh ee doo-doo
POOL	13218	0.525389378	1,2,4,6,10,13,16	ooh uhh ta area go inc dewy
POOL	13219	0.525359377	1,2,4,5,10,11,13,16	new a ta air hugo a ant dew
POOL	13220	0.525342815	1,2,4,5,10,11,13,15,16	new a ta air hugo a ant booed ooh
POOL	13221	0.525340905	1,2,4,5,10,11,13,15,16	new a ta air hugo a ant awd ou
POOL	13222	0.525313633	1,2,4,5,10,13,14,16	new a ta air hugo inc ooh pooh
POOL	13223	0.525297011	1,2,4,5,10,13,16	new a ta air hugo ain to-do
POOL	13224	0.525280127	1,2,4,6,10,13,16	ooh uhh ta area go inc uwu
POOL	13225	0.525229037	1,2,4,5,10,13,14,16	new a ta air hugo inc ooh dawn
POOL	13226	0.525173532	1,2,3,4,8,10,13,16	new a too ahh ryu oh inc ooooh
POOL	13227	0.525134863	1,2,4,5,10,13,14,16	new a ta air hugo inc ooh tube
POOL	13228	0.525038721	1,2,4,5,10,11,13,15,16	new a ta air hugo a ant awed ou
POOL	13229	0.525009104	1,2,4,5,10,13,14,16	new a ta air hugo inc new coo
POOL	13230	0.525000442	1,2,4,5,10,13,14,16	new a ta air hugo inc ooh add
POOL	13231	0.524970076	1,2,3,4,8,10,13,16	new a too ahh ryu oh inc adieu
POOL	13232	0.524963680	1,2,3,4,7,10,13,16	new a too ahh ryu go inc adieu
POOL	13233	0.524950256	1,2,4,5,10,13,14,16	new a ta air hugo inc ooh boom
POOL	13234	0.524926961	4,6,7,10,13,15,16	wut really ooh go init food ooh
POOL	13235	0.524925942	1,2,4,5,10,13,16	new a ta air hugo inc boo-boo
POOL	13236	0.524884765	1,2,3,4,8,10,11,16	new a too ahh ryu oh ee tutu
POOL	13237	0.524882309	1,2,4,5,10,13,16	new a ta air hugo ain't to-do
POOL	13238	0.524859659	1,2,4,5,10,13,14,16	new a ta air hugo inc ooh tune
POOL	13239	0.524747365	1,2,4,5,10,13,14,16	new a ta air hugo inc ooh ku
POOL	13240	0.524731607	1,2,3,4,8,10,11,16	new a too awe ryu oh ee tutu
POOL	13241	0.524728745	1,2,3,4,8,10,13,16	new a too ahh ryu oh inc dewar
POOL	13242	0.524588237	1,2,3,4,8,10,13,16	new a too ahh ryu oh inc dewy
POOL	13243	0.524528210	1,2,4,5,10,11,13,15,16	new a ta air hugo a ant booed oooh
POOL	13244	0.524515423	1,2,4,5,10,13,14,16	new a ta air hugo inc ooh boot
POOL	13245	0.524511918	1,2,4,6,10,13,14,16	new a ta area go inc aw do
POOL	13246	0.524492642	1,2,3,4,8,10,13,16	new a too ahh ryu oh inc uwu
POOL	13247	0.524449933	1,2,4,5,10,13,16	new a ta air hugo and to-do
POOL	13248	0.524448194	1,2,4,5,10,13,14,16	new a ta air hugo inc new draw
POOL	13249	0.524374970	1,2,4,5,10,13,14,16	new a ta air hugo inc ooh jaw
POOL	13250	0.524369737	1,2,4,5,8,12,16	were a ta un yoo owing to-do
POOL	13251	0.524300915	1,2,4,5,10,13,14,16	new a ta air hugo inc ooh blew
POOL	13252	0.524288434	1,2,4,5,10,13,14,16	new a ta air hugo inc ooh tooth
POOL	13253	0.524270055	1,2,4,7,10,13,16	wes a ta liu goer inc to-do
POOL	13254	0.524267266	1,2,4,5,10,13,14,16	new a ta air hugo inc new koo
POOL	13255	0.524249354	1,2,4,5,10,13,14,16	new a ta air hugo inc ooh booth
POOL	13256	0.524211462	1,2,4,5,10,11,13,16	new a ta air hugo a ant du
POOL	13257	0.524175671	2,4,8,9,10,13,16	one shah raju ooh a inc to-do
POOL	13258	0.524095953	2,4,6,8,12,15,16	trois ta re- rue owing to-do ooh
POOL	13259	0.524027903	1,2,4,5,10,11,13,16	new a ta air hugo a ant deux
POOL	13260	0.523998398	1,2,4,5,10,13,14,16	new a ta air hugo inc ooh qu
POOL	13261	0.523952279	1,2,4,5,8,12,16	gnu a ta or yoo owing to-do
POOL	13262	0.523943444	1,2,4,5,10,13,14,16	new a ta air hugo inc ooh gnu
POOL	13263	0.523903719	1,2,4,5,10,13,14,16	new a ta air hugo inc ooh de
POOL	13264	0.523896635	1,2,4,5,10,13,14,16	new a ta air hugo inc new xu
POOL	13265	0.523890204	1,2,4,5,10,13,14,16	new a ta air hugo inc ooh dong
POOL	13266	0.523876132	1,2,4,5,10,12,16	new a top air no-go ing too-too
POOL	13267	0.523860557	2,4,7,8,10,12,16	one ta liu egg arrow ing to-do
POOL	13268	0.523837974	1,2,4,6,10,13,16	ooh uhh ta area go inc utah
POOL	13269	0.523803645	1,2,4,5,10,13,14,16	new a ta air hugo inc ooh vous
POOL	13270	0.523775288	1,2,4,6,10,13,16	ooh uhh ta area go inc pseudo
POOL	13271	0.523772035	1,2,4,5,10,13,14,16	new a ta air hugo inc ooh tomb
POOL	13272	0.523727387	1,2,4,5,10,13,16	new a ta air hugo inc du'a'
POOL	13273	0.523669003	2,4,6,7,12,15,16	one ta league ooh growing to-do ooh
POOL	13274	0.523626944	1,2,4,5,10,13,14,16	new a ta air hugo inc ooh dos
POOL	13275	0.523604995	1,2,4,6,10,12,16	new uhh top area woke ing to-do
POOL	13276	0.523553989	1,2,4,5,10,13,16	new a top air hugo inc boo-boo
POOL	13277	0.523534694	1,2,4,5,10,13,14,16	new a ta air hugo inc new cou
POOL	13278	0.523524735	2,4,6,8,10,15,16	one thom re- ooh oh into abu
POOL	13279	0.523507804	1,2,4,6,10,13,14,16	new a ta area go inc boo do
POOL	13280	0.523437086	1,2,4,5,10,13,16	new a ta air hugo inc tutu
POOL	13281	0.523397125	1,2,6,8,12,16	whoo a car new lowering to-do
POOL	13282	0.523356954	1,2,4,6,10,14,16	ooh a ta area go too do
POOL	13283	0.523319599	1,2,3,4,8,10,11,16	new a too ahh ryu oh ee to-dos
POOL	13284	0.523279092	1,2,4,5,10,13,14,16	new a top air hugo inc new do
POOL	13285	0.523271087	1,2,4,5,10,11,13,16	new a ta air hugo a ant to-do
POOL	13286	0.523218347	1,2,4,5,10,13,14,16	new a ta air hugo inc ooh da
POOL	13287	0.523208898	1,2,4,5,10,13,14,16	new a ta air hugo inc new poo
POOL	13288	0.523204795	1,2,4,5,10,13,14,16	new a ta air hugo inc ooh noo
POOL	13289	0.523203025	1,2,4,5,10,13,14,16	new a ta air hugo inc ooh chew
POOL	13290	0.523171053	2,4,6,8,12,15,16	oh ta reid ooh owing to-do ooh
POOL	13291	0.523166442	1,2,3,4,8,10,11,16	new a too awe ryu oh ee to-dos
POOL	13292	0.523139154	1,2,4,5,10,13,14,16	new a ta air hugo inc ooh sue
POOL	13293	0.523121597	1,2,4,5,10,13,14,16	new a ta air hugo inc new tool
POOL	13294	0.523106526	1,2,4,5,10,13,14,16	new a ta air hugo inc ooh who
POOL	13295	0.523096212	1,2,4,7,13,15,16	worry a ta liu growing food ooh
POOL	13296	0.523063283	1,2,4,5,10,13,14,16	new a ta air hugo inc ooh booze
POOL	13297	0.523037364	1,2,4,5,10,13,14,16	new a ta air hugo inc ooh brew
POOL	13298	0.523037101	1,2,4,5,10,12,16	were app ta or hugo ing to-do
POOL	13299	0.523035348	1,2,4,5,10,13,14,16	new a ta air hugo inc ooh duh
POOL	13300	0.523008982	1,2,4,6,10,11,16	ooh uhh ta area go a voodoo
POOL	13301	0.522804795	1,2,4,5,10,13,14,16	new a ta air hugo inc ooh chu
POOL	13302	0.522764528	1,2,4,5,10,12,16	new a top new hugo thing too-too
POOL	13303	0.522737860	1,2,4,5,10,13,14,16	new a ta air hugo inc ooh stew
POOL	13304	0.522735322	1,2,4,5,10,13,14,16	new a ta air hugo inc ooh dawg
POOL	13305	0.522698952	2,4,6,7,10,12,16	wit ta re- ooh go-to ing to-do
POOL	13306	0.522668529	1,2,3,4,8,10,13,16	new a too ahh ryu oh inc pseudo
POOL	13307	0.522662670	2,5,10,13,16	one car go inc you'd
POOL	13308	0.522634965	1,2,4,5,10,11,16	new a ta air hugo see doo-doo
POOL	13309	0.522624157	1,2,4,5,10,13,14,16	new a ta air hugo inc new pooh
POOL	13310	0.522621620	1,2,4,5,10,13,14,16	new a ta air hugo inc ooh doi
POOL	13311	0.522599173	1,2,4,5,10,13,16	new a ta air hugo ang to-do
POOL	13312	0.522571544	1,2,4,5,10,13,14,16	new a ta air hugo inc ooh boon
POOL	13313	0.522539560	1,2,4,5,10,13,14,16	new a ta air hugo inc new dawn
POOL	13314	0.522501252	1,2,4,5,10,13,16	new a ta air hugo inc hutu
POOL	13315	0.522498705	1,2,4,5,10,13,14,16	new a ta air hugo inc ooh boone
POOL	13316	0.522480111	1,2,4,6,10,13,16	ooh uhh ta area go inc aww
POOL	13317	0.522477498	1,2,4,5,10,13,14,16	new a ta air hugo inc ooh boob
POOL	13318	0.522445386	1,2,4,5,10,13,14,16	new a ta air hugo inc new tube
POOL	13319	0.522418487	1,2,4,5,10,11,13,15,16	new a ta air hugo a ant booed ou
POOL	13320	0.522390635	1,2,4,5,10,13,14,16	new a ta air hugo inc ooh jews
POOL	13321	0.522336341	2,4,6,8,10,12,16	one atop t. ooh oh ing to-do
POOL	13322	0.522327467	1,2,4,5,10,13,14,16	new a ta air hugo inc ooh doth
POOL	13323	0.522295501	1,2,6,8,10,15,16	were a tonic ooh oh into ooh
POOL	13324	0.522294387	1,2,4,5,10,13,14,16	new a ta air hugo inc ooh choo
POOL	13325	0.522271444	1,2,4,6,7,12,16	wig a ta re- zoo growing to-do
POOL	13326	0.522260780	1,2,4,5,10,13,14,16	new a ta air hugo inc new boom
POOL	13327	0.522242343	1,2,4,6,10,12,16	new uhh top area quo ing to-do
POOL	13328	0.522210109	1,2,4,5,10,13,14,16	new a ta air hugo inc ooh odd
POOL	13329	0.522170183	1,2,4,5,10,13,14,16	new a ta air hugo inc new tune
POOL	13330	0.522138545	1,2,4,5,10,13,14,16	new a ta air hugo inc ooh stu
POOL	13331	0.522115840	1,2,4,5,10,13,14,16	new a ta air hugo inc ooh pu
POOL	13332	0.522094754	1,2,4,5,10,13,16	new a ta air hugo inc to-dos
POOL	13333	0.522057888	1,2,4,5,10,13,14,16	new a ta air hugo inc new ku
POOL	13334	0.522054674	2,4,6,8,12,15,16	one ta re- do owing to-do ooh
POOL	13335	0.522044214	1,2,4,5,10,13,14,16	new a ta air hugo inc ooh dawes
POOL	13336	0.522022278	1,2,4,5,10,13,14,16	new a ta air hugo inc ooh juice
POOL	13337	0.521984819	1,2,4,8,12,15,16	were in ta liu owing to-do ooh
POOL	13338	0.521981075	4,8,12,16	wut lew owe to-do
POOL	13339	0.521974554	1,2,4,6,10,13,14,16	new a ta area go inc coo do
POOL	13340	0.521941047	1,2,4,6,10,13,16	ooh uhh ta area go inc you'd
POOL	13341	0.521938282	1,2,4,5,10,13,14,16	new a ta air hugo inc ooh soo
POOL	13342	0.521923480	1,2,4,5,10,13,14,16	new a ta air hugo inc ooh dah
POOL	13343	0.521917219	1,2,4,5,10,13,16	new a ta air hugo ait to-do
POOL	13344	0.521852368	1,2,4,5,10,11,16	new a ta air hugo see tutu
POOL	13345	0.521825947	1,2,4,5,10,13,14,16	new a ta air hugo inc new boot
POOL	13346	0.521823411	3,4,6,8,10,12,16	swot ahh rhea ooh oh ing to-do
POOL	13347	0.521792021	2,4,6,7,12,15,16	one ta re- view growing to-do ooh
POOL	13348	0.521784474	1,2,4,6,10,11,12,16	ooh a ta area go ee 'mong to-do
POOL	13349	0.521754704	1,2,4,5,10,13,14,16	new a ta air hugo inc ooh booed
POOL	13350	0.521750732	1,2,4,5,10,13,14,16	new a ta air hugo inc ooh aw
POOL	13351	0.521744756	1,2,4,5,10,13,14,16	new a ta air hugo inc ooh dow
POOL	13352	0.521722324	1,2,4,5,10,13,14,16	new a ta air hugo inc ooh shoe
POOL	13353	0.521719109	1,2,4,5,10,13,14,16	new a ta air hugo inc ooh toon
POOL	13354	0.521719044	1,2,4,5,10,13,14,16	new a ta air hugo inc ooh toot
POOL	13355	0.521697531	1,2,4,6,8,13,16	will some ta re- ooh owing to-do
POOL	13356	0.521685493	1,2,4,5,10,13,14,16	new a ta air hugo inc new jaw
POOL	13357	0.521682106	2,4,6,10,12,15,16	one cock re- goo-goo ing to-do ooh
POOL	13358	0.521635170	1,2,4,5,10,13,14,16	new a ta air hugo inc ooh nu
POOL	13359	0.521626651	1,2,4,5,10,13,14,16	new a ta air hugo inc ooh chou
POOL	13360	0.521622481	1,2,4,5,10,13,14,16	new a ta air hugo inc ooh boos
POOL	13361	0.521611439	1,2,4,5,10,13,14,16	new a ta air hugo inc new blew
POOL	13362	0.521603345	2,4,6,7,10,15,16	one cop re- ooh go into newer
POOL	13363	0.521598958	1,2,4,5,10,13,14,16	new a ta air hugo inc new tooth
POOL	13364	0.521576572	1,2,4,6,11,16	ooh a ta area go doo-doo
POOL	13365	0.521561317	1,2,4,5,10,13,14,16	new a ta air hugo inc ooh du'a'
POOL	13366	0.521559878	1,2,4,5,10,13,14,16	new a ta air hugo inc new booth
POOL	13367	0.521486845	3,4,6,8,10,12,16	add ahh re- luger oh ing to-do
POOL	13368	0.521476170	1,2,4,5,10,13,14,16	new a ta air hugo inc ooh chiu
POOL	13369	0.521413629	1,2,4,5,10,13,16	new a ta air hugo inc dewey
POOL	13370	0.521411428	1,2,4,5,10,13,14,16	new a ta air hugo inc ooh der
POOL	13371	0.521383649	1,2,4,5,10,13,14,16	new a ta air hugo inc ooh bleu
POOL	13372	0.521360681	1,2,4,5,10,13,14,16	new a ta air hugo inc ooh boop
POOL	13373	0.521342912	1,2,3,4,7,10,13,16	new a too ahh ryu go inc aww
POOL	13374	0.521308922	1,2,4,5,10,13,14,16	new a ta air hugo inc new qu
POOL	13375	0.521287127	1,2,4,5,10,13,14,16	new a ta air hugo inc ooh cool
POOL	13376	0.521253968	1,2,4,5,10,13,14,16	new a ta air hugo inc new gnu
POOL	13377	0.521209067	1,2,4,5,10,13,15,16	new a ta air hugo inc food aww
POOL	13378	0.521200728	1,2,4,5,10,13,14,16	new a ta air hugo inc new dong
POOL	13379	0.521174809	1,2,4,5,10,13,14,16	new a ta air hugo inc ooh dore
POOL	13380	0.521172567	2,4,7,9,10,12,16	one ta leo go a ing to-do
POOL	13381	0.521156329	1,2,4,5,10,13,14,16	new a ta air hugo inc ooh ed
POOL	13382	0.521145911	1,2,4,5,10,13,14,16	new a ta air hugo inc ooh twos
POOL	13383	0.521129300	1,2,4,5,10,13,16	new a top air hugo inc hutu
POOL	13384	0.521128926	1,2,4,5,10,13,14,16	new a ta air hugo inc ooh oh
POOL	13385	0.521118524	1,2,6,8,10,15,16	were hah tommy ooh oh into ooh
POOL	13386	0.521114168	1,2,4,5,10,13,14,16	new a ta air hugo inc new vous
POOL	13387	0.521097292	1,2,4,6,8,12,16	were a ta re- ooh owing trudeau
POOL	13388	0.521084751	1,2,4,5,10,13,14,16	new a ta air hugo inc ooh sioux
POOL	13389	0.521082559	1,2,4,5,10,13,14,16	new a ta air hugo inc new tomb
POOL	13390	0.521032192	1,2,4,5,10,13,14,16	new a ta air hugo inc ooh ad
POOL	13391	0.521024334	1,2,4,5,10,13,14,16	new a ta air hugo inc ooh d
POOL	13392	0.520991214	1,2,4,5,10,13,14,16	new a ta air hugo inc ooh touche
POOL	13393	0.520953135	1,2,4,5,10,13,14,16	new a ta air hugo inc ooh tsu
POOL	13394	0.520937468	1,2,4,5,10,13,14,16	new a ta air hugo inc new dos
POOL	13395	0.520932151	1,2,4,5,10,13,14,16	new a ta air hugo inc ooh tuk
POOL	13396	0.520920312	1,2,4,5,10,13,16	new a ta air hugo inc urdu
POOL	13397	0.520882923	1,2,6,8,10,15,16	wu a charley ooh oh into ooh
POOL	13398	0.520875924	2,4,6,7,12,15,16	one ta re- ooh gooding to-do ooh
POOL	13399	0.520870016	1,2,4,5,10,13,14,16	new a ta air hugo inc ooh tulle
POOL	13400	0.520839025	1,2,4,8,12,15,16	were a ta liu owing to-do mm
POOL	13401	0.520794319	1,2,4,5,10,13,14,16	new a ta air hugo inc ooh qiu
POOL	13402	0.520792617	1,2,4,5,10,13,14,16	new a ta air hugo inc ooh lou
POOL	13403	0.520786946	1,2,4,5,10,13,16	new a ta air hugo inc ado
POOL	13404	0.520774342	1,2,4,5,10,13,14,16	new a ta air hugo inc ooh talk
POOL	13405	0.520701184	1,2,4,8,12,15,16	work a at liu owing to-do ooh
POOL	13406	0.520663542	1,2,4,6,11,16	ooh a ta area go tutu
POOL	13407	0.520597018	1,2,4,5,10,13,14,16	new a ta air hugo inc ooh woo
POOL	13408	0.520542410	1,2,4,5,10,13,14,16	new a ta air hugo inc ooh dee
POOL	13409	0.520541697	1,2,4,5,10,13,14,16	new a ta air hugo inc ooh vu
POOL	13410	0.520528871	1,2,4,5,10,13,14,16	new a ta air hugo inc new da
POOL	13411	0.520515319	1,2,4,5,10,13,14,16	new a ta air hugo inc new noo
POOL	13412	0.520513549	1,2,4,5,10,13,14,16	new a ta air hugo inc new chew
POOL	13413	0.520510036	1,2,4,5,10,11,16	new a ta air hugo see to-dos
POOL	13414	0.520500144	1,2,4,6,10,13,14,16	new a ta area go inc cou do
POOL	13415	0.520449677	1,2,4,5,10,13,14,16	new a ta air hugo inc new sue
POOL	13416	0.520373807	1,2,4,5,10,13,14,16	new a ta air hugo inc new booze
POOL	13417	0.520363578	1,2,4,5,10,13,14,16	new a ta air hugo inc ooh doomed
POOL	13418	0.520347887	1,2,4,5,10,13,14,16	new a ta air hugo inc new brew
POOL	13419	0.520345871	1,2,4,5,10,13,14,16	new a ta air hugo inc new duh
POOL	13420	0.520270046	1,2,4,5,10,13,14,16	new a ta air hugo inc ooh dao
POOL	13421	0.520255965	1,2,4,5,10,13,14,16	new a ta air hugo inc ooh id
POOL	13422	0.520197378	1,2,4,5,10,13,14,16	new a ta air hugo inc ooh toe
POOL	13423	0.520115318	1,2,4,5,10,13,14,16	new a ta air hugo inc new chu
POOL	13424	0.520097782	1,2,4,5,10,13,16	new a ta air hugo inc ooooh
POOL	13425	0.520048384	1,2,4,5,10,13,14,16	new a ta air hugo inc new stew
POOL	13426	0.520045846	1,2,4,5,10,13,14,16	new a ta air hugo inc new dawg
POOL	13427	0.519939760	2,4,6,8,12,15,16	one pas re- whoo owing to-do ooh
POOL	13428	0.519932144	1,2,4,5,10,13,14,16	new a ta air hugo inc new doi
POOL	13429	0.519914180	1,2,4,6,10,14,16	were son ta re- gogo into due
POOL	13430	0.519882067	1,2,4,5,10,13,14,16	new a ta air hugo inc new boon
POOL	13431	0.519865261	1,2,4,5,10,13,16	new a ta air hugo inc adieu
POOL	13432	0.519813964	1,2,4,5,10,13,14,16	new a ta air hugo inc ooh rue
POOL	13433	0.519809228	1,2,4,5,10,13,14,16	new a ta air hugo inc new boone
POOL	13434	0.519788021	1,2,4,5,10,13,14,16	new a ta air hugo inc new boob
POOL	13435	0.519751521	1,2,4,6,8,12,16	ohh a ta re- ooh oozing to-do
POOL	13436	0.519748098	1,2,4,5,10,13,14,16	new a ta air hugo inc ooh sou
POOL	13437	0.519637991	1,2,4,5,10,13,14,16	new a ta air hugo inc new doth
POOL	13438	0.519620931	1,2,4,5,10,13,14,16	new a ta air hugo inc ooh jude
POOL	13439	0.519620179	1,2,4,5,10,11,16	new a ta air hugo ee doo-doo
POOL	13440	0.519608676	1,2,4,5,10,13,14,16	new a ta air hugo inc ooh yoo
POOL	13441	0.519604911	1,2,4,5,10,13,14,16	new a ta air hugo inc new choo
POOL	13442	0.519589454	1,2,4,5,10,13,16	new a ta air hugo inc dewar
POOL	13443	0.519568229	1,2,4,7,12,15,16	were nah ta liu growing to-do ooh
POOL	13444	0.519552975	1,2,4,5,10,13,14,16	new a ta air hugo inc ooh lieu
POOL	13445	0.519536779	1,2,4,5,10,13,14,16	new a ta air hugo inc ooh dewey
POOL	13446	0.519492577	1,2,4,6,10,11,16	ooh a ta area go ee voodoo
POOL	13447	0.519487877	1,2,4,5,10,13,14,16	new a ta air hugo inc ooh joe
POOL	13448	0.519461178	1,2,4,5,10,13,14,16	new a ta air hugo inc ooh goo
POOL	13449	0.519449069	1,2,4,5,10,13,14,16	new a ta air hugo inc new stu
POOL	13450	0.519430779	1,2,4,7,12,15,16	when a ta liu growing to-do ooh
POOL	13451	0.519428874	1,2,4,5,10,13,16	new a ta air hugo inc dewy
POOL	13452	0.519426364	1,2,4,5,10,13,14,16	new a ta air hugo inc new pu
POOL	13453	0.519420266	1,2,4,5,10,13,14,16	new a ta air hugo inc ooh dea
POOL	13454	0.519397336	1,2,4,5,10,13,14,16	new a ta air hugo inc ooh boy
POOL	13455	0.519391970	1,2,4,5,10,13,14,16	new a ta air hugo inc ooh hoo
POOL	13456	0.519373389	1,2,4,5,10,13,14,16	new a ta air hugo inc ooh dunes
POOL	13457	0.519354738	1,2,4,5,10,13,14,16	new a ta air hugo inc new dawes
POOL	13458	0.519319623	1,2,4,5,10,13,16	new a ta air hugo inc uwu
POOL	13459	0.519304415	1,2,4,5,10,13,14,16	new a ta air hugo inc ooh foo
POOL	13460	0.519279017	1,2,4,5,10,13,14,16	new a ta air hugo inc ooh tow
POOL	13461	0.519248806	1,2,4,5,10,13,14,16	new a ta air hugo inc new soo
POOL	13462	0.519234004	1,2,4,5,10,13,14,16	new a ta air hugo inc new dah
POOL	13463	0.519219798	1,2,4,5,10,13,14,16	new a ta air hugo inc ooh crew
POOL	13464	0.519207126	1,2,4,5,10,13,14,16	new a ta air hugo inc ooh loo
POOL	13465	0.519155348	1,2,4,5,10,11,16	new a ta air hugo a doo-doo
POOL	13466	0.519139036	1,2,4,5,10,13,14,16	new a ta air hugo inc ooh lew
POOL	13467	0.519118443	1,2,4,5,10,13,14,16	new a ta air hugo inc ooh u
POOL	13468	0.519105127	1,2,4,5,10,13,14,16	new a ta air hugo inc ooh urdu
POOL	13469	0.519079270	1,2,4,5,10,13,14,16	new a ta air hugo inc ooh su
POOL	13470	0.519070250	2,4,6,7,12,15,16	one ta re- ooh growing to-do route
POOL	13471	0.519068992	1,2,4,5,10,13,14,16	new a ta air hugo inc ooh joon
POOL	13472	0.519065227	1,2,4,5,10,13,14,16	new a ta air hugo inc new booed
POOL	13473	0.519061255	1,2,4,5,10,13,14,16	new a ta air hugo inc new aw
POOL	13474	0.519055280	1,2,4,5,10,13,14,16	new a ta air hugo inc new dow
POOL	13475	0.519055190	1,2,4,5,10,13,14,16	new a ta air hugo inc ooh whew
POOL	13476	0.519054538	1,2,4,5,10,13,14,16	new a ta air hugo inc ooh di
POOL	13477	0.519049014	1,2,4,5,10,13,14,16	new a ta air hugo inc ooh dukes
POOL	13478	0.519029632	1,2,4,5,10,13,14,16	new a ta air hugo inc new toon
POOL	13479	0.519029568	1,2,4,5,10,13,14,16	new a ta air hugo inc new toot
POOL	13480	0.519027697	1,2,4,5,10,13,14,16	new a ta air hugo inc ooh shu
POOL	13481	0.518988431	1,2,4,5,10,13,14,16	new a ta air hugo inc ooh ado
POOL	13482	0.518980128	1,2,4,5,8,12,16	were a ta or room owing to-do
POOL	13483	0.518945694	1,2,4,5,10,13,14,16	new a ta air hugo inc new nu
POOL	13484	0.518937175	1,2,4,5,10,13,14,16	new a ta air hugo inc new chou
POOL	13485	0.518933232	1,2,4,5,10,13,14,16	new a ta air hugo inc ooh zoom
POOL	13486	0.518933004	1,2,4,5,10,13,14,16	new a ta air hugo inc new boos
POOL	13487	0.518899641	1,2,4,5,10,13,14,16	new a ta air hugo inc ooh aud
POOL	13488	0.518871841	1,2,4,5,10,13,14,16	new a ta air hugo inc new du'a'
POOL	13489	0.518867728	1,2,4,5,10,13,14,16	new a ta air hugo inc ooh moo
POOL	13490	0.518866616	1,2,4,5,10,13,14,16	new a ta air hugo inc ooh oof
POOL	13491	0.518837582	1,2,4,5,10,11,16	new a ta air hugo ee tutu
POOL	13492	0.518827978	1,2,4,5,10,13,14,16	new a ta air hugo inc ooh beau
POOL	13493	0.518786693	1,2,4,5,10,13,14,16	new a ta air hugo inc new chiu
POOL	13494	0.518763764	1,2,4,5,10,13,14,16	new a ta air hugo inc ooh hou
POOL	13495	0.518754491	1,2,4,5,10,13,14,16	new a ta air hugo inc ooh roo
POOL	13496	0.518720162	1,2,4,5,10,13,14,16	new a ta air hugo inc ooh duped
POOL	13497	0.518707169	1,2,4,5,10,13,14,16	new a ta air hugo inc ooh ball
POOL	13498	0.518694173	1,2,4,5,10,13,14,16	new a ta air hugo inc new bleu
POOL	13499	0.518671205	1,2,4,5,10,13,14,16	new a ta air hugo inc new boop
POOL	13500	0.518658739	2,6,12,16	won car growing woo
POOL	13501	0.518632988	1,2,4,5,10,13,14,16	new a ta air hugo inc ooh drool
POOL	13502	0.518591715	1,2,4,5,10,13,14,16	new a ta air hugo inc ooh yew
POOL	13503	0.518558889	1,2,4,5,10,13,14,16	new a ta air hugo inc ooh oop
POOL	13504	0.518555649	1,2,4,5,10,13,14,16	new a ta air hugo inc ooh roux
POOL	13505	0.518553356	1,2,4,5,10,13,14,16	new a ta air hugo inc ooh hsu
POOL	13506	0.518524467	1,2,4,8,12,15,16	one a ta meu owing to-do ooh
POOL	13507	0.518522766	1,2,4,6,11,16	ooh uhh ta area go doo-doo
POOL	13508	0.518517848	1,2,4,5,10,13,14,16	new a ta air hugo inc ooh jour
POOL	13509	0.518485333	1,2,4,5,10,13,14,16	new a ta air hugo inc new dore
POOL	13510	0.518456435	1,2,4,5,10,13,14,16	new a ta air hugo inc new twos
POOL	13511	0.518410302	1,2,4,5,10,13,14,16	new a ta air hugo inc ooh juve
POOL	13512	0.518395274	1,2,4,5,10,13,14,16	new a ta air hugo inc new sioux
POOL	13513	0.518372752	1,2,4,5,10,11,16	new a ta air hugo a tutu
POOL	13514	0.518301737	1,2,4,5,10,13,14,16	new a ta air hugo inc new touche
POOL	13515	0.518287929	1,2,4,5,10,13,14,16	new a ta air hugo inc ooh shoo
POOL	13516	0.518263659	1,2,4,5,10,13,14,16	new a ta air hugo inc new tsu
POOL	13517	0.518242752	1,2,4,6,10,13,14,16	new a ta area go inc aux do
POOL	13518	0.518242675	1,2,4,5,10,13,14,16	new a ta air hugo inc new tuk
POOL	13519	0.518194132	1,2,4,5,10,13,14,16	new a ta air hugo inc ooh zeus
POOL	13520	0.518181957	1,2,4,5,10,13,14,16	new a ta air hugo inc ooh adieu
POOL	13521	0.518180540	1,2,4,5,10,13,14,16	new a ta air hugo inc new tulle
POOL	13522	0.518152957	1,2,4,5,10,13,14,16	new a ta air hugo inc ooh juke
POOL	13523	0.518122577	1,2,4,5,10,13,14,16	new a ta air hugo inc ooh awd
POOL	13524	0.518111193	1,2,4,5,10,13,14,16	new a ta air hugo inc ooh ooze
POOL	13525	0.518104843	1,2,4,5,10,13,14,16	new a ta air hugo inc new qiu
POOL	13526	0.518096637	1,2,4,5,10,13,14,16	new a ta air hugo inc ooh ewe
POOL	13527	0.518092799	1,2,4,5,10,13,14,16	new a ta air hugo inc ooh jute
POOL	13528	0.518081783	1,2,4,5,10,13,14,16	new a ta air hugo inc ooh whoo
POOL	13529	0.518060625	1,2,4,5,10,13,14,16	new a ta air hugo inc ooh yue
POOL	13530	0.518006719	1,2,4,6,7,12,16	were an con re- ooh growing to-do
POOL	13531	0.517940625	1,2,4,5,10,13,14,16	new a ta air hugo inc ooh dewar
POOL	13532	0.517909534	1,2,4,5,8,12,16	why a ta rep yoo owing to-do
POOL	13533	0.517877470	1,2,4,5,10,13,16	new a ta air hugo inc utah
POOL	13534	0.517852220	1,2,4,5,10,13,14,16	new a ta air hugo inc new vu
POOL	13535	0.517814785	1,2,4,5,10,13,16	new a ta air hugo inc pseudo
POOL	13536	0.517812585	1,2,4,5,10,13,14,16	new a ta air hugo inc ooh phu
POOL	13537	0.517800118	1,2,4,5,10,13,14,16	new a ta air hugo inc ooh dewy
POOL	13538	0.517793292	1,2,4,6,7,12,16	were odd ta re- wee growing to-do
POOL	13539	0.517782620	1,2,4,5,10,13,14,16	new a ta air hugo inc ooh awed
POOL	13540	0.517659455	1,2,4,5,10,13,14,16	new a ta air hugo inc ooh druze
POOL	13541	0.517637776	1,2,4,5,10,13,14,16	new a ta air hugo inc ooh to-do
POOL	13542	0.517609737	1,2,4,6,11,16	ooh uhh ta area go tutu
POOL	13543	0.517580570	1,2,4,5,10,13,14,16	new a ta air hugo inc new dao
POOL	13544	0.517512957	1,2,4,5,10,13,14,16	new a ta air hugo inc ooh yu
POOL	13545	0.517495250	1,2,4,5,10,11,16	new a ta air hugo ee to-dos
POOL	13546	0.517466444	1,2,4,5,10,13,14,16	new a ta air hugo inc ooh boss'
POOL	13547	0.517399974	1,2,4,5,10,13,14,16	new a ta air hugo inc ooh fu
POOL	13548	0.517309694	1,2,3,4,8,10,11,16	new a too ahh ryu oh ee voodoo
POOL	13549	0.517301696	1,2,4,5,10,13,14,16	new a ta air hugo inc ooh boe
POOL	13550	0.517270187	4,7,10,12,16	wut new go wing do
POOL	13551	0.517234274	1,2,4,5,10,13,14,16	new a ta air hugo inc ooh taught
POOL	13552	0.517218269	1,2,3,4,8,10,13,16	new a too ahh ryu oh inc you'd
POOL	13553	0.517208012	4,8,12,16	wut league ohh doo
POOL	13554	0.517156537	1,2,3,4,8,10,11,16	new a too awe ryu oh ee voodoo
POOL	13555	0.517154783	1,2,4,5,10,13,14,16	new a ta air hugo inc ooh wu
POOL	13556	0.517131174	2,4,6,8,12,16	one ta-da re- wag owing to-do
POOL	13557	0.517123545	1,2,4,5,10,13,14,16	new a ta air hugo inc ooh caw
POOL	13558	0.517058622	1,2,4,5,10,13,14,16	new a ta air hugo inc new sou
POOL	13559	0.517030420	1,2,4,5,10,11,16	new a ta air hugo a to-dos
POOL	13560	0.516928979	1,2,4,5,10,13,14,16	new a ta air hugo inc ooh beaux
POOL	13561	0.516856549	1,2,4,5,10,13,14,16	new a ta air hugo inc ooh ut
POOL	13562	0.516856526	1,2,4,5,10,13,14,16	new a ta air hugo inc ooh were
POOL	13563	0.516847302	1,2,4,5,10,13,14,16	new a ta air hugo inc new dewey
POOL	13564	0.516831315	1,2,4,5,10,13,14,16	new a ta air hugo inc ooh bowe
POOL	13565	0.516803912	2,4,6,8,10,15,16	wore ta re- ooh owner into ooh
POOL	13566	0.516767758	1,2,4,5,10,13,14,16	new a ta air hugo inc ooh mu
POOL	13567	0.516766720	1,4,6,7,10,12,16	were at re- ooh goatee ing to-do
POOL	13568	0.516760105	1,2,4,5,10,13,14,16	new a ta air hugo inc ooh bo
POOL	13569	0.516645924	1,2,4,5,10,13,14,16	new a ta air hugo inc ooh tall
POOL	13570	0.516609929	1,2,4,5,10,13,14,16	new a ta air hugo inc ooh lu
POOL	13571	0.516583809	1,2,4,6,10,13,14,16	new a ta area go inc au do
POOL	13572	0.516564516	1,2,4,6,11,16	ooh uhh ta area go to-dos
POOL	13573	0.516519607	1,2,4,5,10,13,16	new a ta air hugo inc aww
POOL	13574	0.516514423	1,2,4,7,12,15,16	were a talk liu growing to-do ooh
POOL	13575	0.516513058	2,5,10,13,15,16	one e-car iago inc food new
POOL	13576	0.516420176	1,2,4,5,10,13,14,16	new a ta air hugo inc ooh hu
POOL	13577	0.516415651	1,2,4,5,10,13,14,16	new a ta air hugo inc new urdu
POOL	13578	0.516389794	1,2,4,5,10,13,14,16	new a ta air hugo inc new su
POOL	13579	0.516341112	2,4,6,7,9,12,16	ah ta re- aww go wing to-do
POOL	13580	0.516298954	1,2,4,5,10,13,14,16	new a ta air hugo inc new ado
POOL	13581	0.516289230	1,2,4,6,7,12,16	were a ta rai ooh growing to-do
POOL	13582	0.516231526	1,2,4,5,10,13,14,16	new a ta air hugo inc ooh we
POOL	13583	0.516160091	1,2,4,5,10,13,14,16	new a ta air hugo inc ooh ru
POOL	13584	0.515991287	1,2,4,6,10,12,16	were uh-huh terra re- go ing to-do
POOL	13585	0.515926253	1,2,4,5,10,13,14,16	new a ta air hugo inc ooh toy
POOL	13586	0.515885931	1,2,4,8,12,15,16	walk a ta liu owing to-do ore
POOL	13587	0.515871576	1,2,4,5,10,13,14,16	new a ta air hugo inc ooh gu
POOL	13588	0.515836034	1,2,4,5,10,13,14,16	new a ta air hugo inc ooh od
POOL	13589	0.515693506	1,2,4,6,13,16	ooh a ta area going due
POOL	13590	0.515492481	1,2,4,5,10,13,14,16	new a ta air hugo inc new adieu
POOL	13591	0.515257644	1,2,4,6,8,13,16	wood a ta re- ooh owing adieu
POOL	13592	0.515251149	1,2,4,5,10,13,14,16	new a ta air hugo inc new dewar
POOL	13593	0.515131418	1,2,4,5,10,13,14,16	new a ta air hugo inc ooh o
POOL	13594	0.515130786	4,6,12,16	wut re- growing tue
POOL	13595	0.515110642	1,2,4,5,10,13,14,16	new a ta air hugo inc new dewy
POOL	13596	0.514884597	2,4,6,10,12,16	uh-uh top leah go in to-do
POOL	13597	0.514853485	2,4,7,8,10,12,16	wad ta liu egg oh eating to-do
POOL	13598	0.514825733	1,2,4,7,10,15,16	room a tata liu go into ooh
POOL	13599	0.514606514	1,4,6,8,10,12,16	wing at re- ooh echo ing to-do
POOL	13600	0.514527991	2,4,6,8,12,15,16	wool ta re- ooh owing to-do way
POOL	13601	0.514201501	2,4,6,7,12,15,16	one tal ni ooh growing to-do ooh
POOL	13602	0.514073741	2,4,6,7,12,15,16	one shah re- zhu growing to-do ooh
POOL	13603	0.513981954	1,2,4,6,10,14,16	ooh a ta area go too to
POOL	13604	0.513904092	1,2,4,5,10,13,14,16	new a top air hugo inc new to
POOL	13605	0.513702000	1,2,4,7,12,15,16	were a ta yee growing to-do ooh
POOL	13606	0.513676521	1,2,4,8,12,15,16	were a does liu owing to-do ooh
POOL	13607	0.513609327	1,2,4,5,10,14,15,16	new a ta air hugo eat ad ooh
POOL	13608	0.513594436	4,8,13,16	witt league owing whew
POOL	13609	0.513488548	2,4,5,8,10,12,16	wan ta or yoo oh singer to-do
POOL	13610	0.513290270	1,2,4,5,10,12,16	were a cough or hugo ing to-do
POOL	13611	0.513242713	1,2,4,7,12,15,16	were a ta liu grossing to-do ooh
POOL	13612	0.513106824	1,2,4,5,10,13,16	new a ta air hugo ain voodoo
POOL	13613	0.513004998	1,2,4,5,10,13,16	new a ta air hugo ain't too-too
POOL	13614	0.512996012	1,4,6,7,10,12,16	zoo at re- ooh goin' ing to-do
POOL	13615	0.512925594	1,2,6,8,12,16	were a tally knew owing to-do
POOL	13616	0.512874969	2,4,6,7,12,15,16	one sa re- ooh ongoing to-do ooh
POOL	13617	0.512862639	1,2,4,5,10,13,16	new a ta air hugo ain doo-doo
POOL	13618	0.512739238	1,2,4,5,10,13,14,16	new a ta air hugo inc ooh q
POOL	13619	0.512719560	2,4,7,9,10,12,16	well ta airy go a ing to-do
POOL	13620	0.512692897	1,2,4,5,10,14,15,16	new a ta air hugo eat ad oooh
POOL	13621	0.512692122	1,2,4,5,10,13,16	new a ta air hugo ain't voodoo
POOL	13622	0.512635371	1,2,6,7,10,12,16	worry a car ooh mot ing to-do
POOL	13623	0.512604673	1,2,4,5,10,11,13,16	new a ta air hugo a ant voodoo
POOL	13624	0.512564424	2,4,6,7,10,14,16	rum ta re- ooh lego into due
POOL	13625	0.512496201	1,2,4,8,12,15,16	were a ta liu oban to-do ooh
POOL	13626	0.512486302	2,5,10,12,16	one tor go in deux
POOL	13627	0.512447937	1,2,4,5,10,13,16	new a ta air hugo ain't doo-doo
POOL	13628	0.512391011	1,2,4,5,10,11,13,16	new a ta air hugo a ant doo-doo
POOL	13629	0.512259746	1,2,4,5,10,13,16	new a ta air hugo and voodoo
POOL	13630	0.512106692	1,2,4,8,12,15,16	were law dock liu owing to-do ooh
POOL	13631	0.512015561	1,2,4,5,10,13,16	new a ta air hugo and doo-doo
POOL	13632	0.511946971	3,4,6,8,12,16	wut ahh rhea new owing to-do
POOL	13633	0.511719471	1,2,4,6,7,12,16	wang a yah re- ooh growing to-do
POOL	13634	0.511681263	2,4,6,7,12,16	one tommy re- new growing to-do
POOL	13635	0.511620918	1,2,4,5,10,12,16	r a ta tree hugo ing to-do
POOL	13636	0.511497517	1,2,4,5,10,13,14,16	new a ta air hugo inc ooh abu
POOL	13637	0.511390859	1,2,4,5,10,11,16	new a ta air hugo ee voodoo
POOL	13638	0.510926029	1,2,4,5,10,11,16	new a ta air hugo a voodoo
POOL	13639	0.510858267	1,2,4,6,10,12,16	were utter ta are go ing to-do
POOL	13640	0.510845351	1,2,4,5,8,12,16	oof a ta or phew owing to-do
POOL	13641	0.510767356	1,2,4,5,10,13,14,16	new a ta air hugo inc ooh duty
POOL	13642	0.510471217	2,4,6,8,12,15,16	wall ta re- ooh soaking to-do ooh
POOL	13643	0.510408987	1,2,4,5,10,13,16	new a ta air hugo ang voodoo
POOL	13644	0.510343662	2,4,6,8,12,15,16	one tuff her ooh owing to-do ooh
POOL	13645	0.510334144	1,2,4,6,11,16	ooh uhh ta area go voodoo
POOL	13646	0.510319458	1,2,4,5,10,14,15,16	new a ta air hugo eat ad ou
POOL	13647	0.510294373	1,2,4,6,13,16	ooh a ta area going too
POOL	13648	0.510214107	2,4,5,8,10,12,16	waugh ta or yoo auto ing to-do
POOL	13649	0.510189042	4,8,13,16	wit rogue owing deux
POOL	13650	0.510176845	2,4,6,7,12,15,16	well ta re- ooh owen to-do ooh
POOL	13651	0.510164801	1,2,4,5,10,13,16	new a ta air hugo ang doo-doo
POOL	13652	0.510049108	2,4,7,10,12,15,16	worry ta sri go ing to-do ooh
POOL	13653	0.509952705	1,2,5,6,10,12,16	were i car yeah goo-goo ing to-do
POOL	13654	0.509899976	1,2,4,7,10,15,16	were a ta liu ngo into ooh
POOL	13655	0.509740033	1,2,4,5,8,12,16	knew a r. or yoo owing to-do
POOL	13656	0.509727033	1,2,4,5,10,13,16	new a ta air hugo ait voodoo
POOL	13657	0.509684508	2,6,7,10,13,15,16	one olly ooh iago inc food ooh
POOL	13658	0.509622763	1,2,4,6,7,12,16	juan doug ta re- ooh growing to-do
POOL	13659	0.509482847	1,2,4,5,10,13,16	new a ta air hugo ait doo-doo
POOL	13660	0.509320780	1,2,5,7,10,13,16	won a car yoo gecko inc to-do
POOL	13661	0.509308150	2,4,6,7,10,15,16	one duh re- ooh goatee into ooh
POOL	13662	0.509284619	1,2,4,5,10,13,14,16	new a ta air hugo inc ooh dual
POOL	13663	0.509219020	2,4,6,7,12,16	one top ernie new growing to-do
POOL	13664	0.509138322	1,2,4,7,10,12,16	wong a ta liu goo-goo ing to-do
POOL	13665	0.509105972	1,2,4,5,10,12,16	were a ta or hugo shin to-do
POOL	13666	0.509067347	2,4,6,7,9,12,16	wood ta re- ooh aww wing to-do
POOL	13667	0.509055126	1,2,4,5,10,13,14,16	new a ta air hugo inc ooh buoy
POOL	13668	0.508808041	1,2,4,5,10,13,14,16	new a ta air hugo inc new abu
POOL	13669	0.508785360	1,2,5,10,13,14,16	were a car hugo inc ooh voodoo
POOL	13670	0.508698650	1,2,4,5,8,12,16	were a pos or yoo owing to-do
POOL	13671	0.508683030	1,2,4,5,10,13,14,16	new a ta air hugo inc ooh duo
POOL	13672	0.508667342	1,2,4,5,10,13,14,16	new a ta air hugo inc ooh tui
POOL	13673	0.508643504	1,2,6,8,10,15,16	were a darcy ewe oh into ooh
POOL	13674	0.508528134	1,2,4,5,10,13,14,16	new a ta air hugo inc ooh abou
POOL	13675	0.508235791	1,2,4,5,10,13,14,16	new a ta air hugo inc ooh doing
POOL	13676	0.507936803	1,2,4,5,10,13,14,16	new a ta air hugo inc ooh doin'
POOL	13677	0.507698058	4,8,13,16	wit league omit deux
POOL	13678	0.507623073	1,2,4,8,12,15,16	were naw ta liu coen to-do ooh
POOL	13679	0.507550604	1,2,4,5,10,13,14,16	new a ta air hugo inc ooh duel
POOL	13680	0.507540313	1,6,10,11,16	wish atari duo see to-do
POOL	13681	0.507335202	1,2,4,5,10,13,14,16	new a ta air hugo inc ooh undo
POOL	13682	0.507316272	1,2,4,5,10,12,16	were um ta or iago ing to-do
POOL	13683	0.507302616	2,4,6,7,12,16	one top re- peru growing to-do
POOL	13684	0.507243997	1,2,4,7,12,16	new uhh top reissue go to-do
POOL	13685	0.507222522	1,2,4,6,13,16	ooh a ta area going doo
POOL	13686	0.507188288	1,2,4,5,8,12,16	were or ta fur yoo owing to-do
POOL	13687	0.507035952	1,2,4,5,10,13,14,16	new a ta air hugo inc ooh duly
POOL	13688	0.507010887	1,2,4,5,10,13,14,16	new a ta air hugo inc ooh duet
POOL	13689	0.506986472	1,2,4,7,9,12,16	were luck ta leo go wing to-do
POOL	13690	0.506971363	1,2,4,5,10,13,14,16	new a ta air hugo inc ooh voodoo
POOL	13691	0.506892311	1,2,4,6,13,16	ooh a ta area going dew
POOL	13692	0.506885725	1,2,4,5,10,13,14,16	new a ta air hugo inc ooh purdue
POOL	13693	0.506757701	1,2,4,5,10,13,14,16	new a ta air hugo inc ooh doo-doo
POOL	13694	0.506681918	3,4,6,10,11,16	water ahh re- ergo a to-do
POOL	13695	0.506674476	1,2,4,5,10,13,14,16	new a ta air hugo inc ooh undue
POOL	13696	0.506670320	1,2,4,6,7,12,16	were love ta erie ooh growing to-do
POOL	13697	0.506648562	1,2,6,8,12,16	wes a donny new owing to-do
POOL	13698	0.506493303	3,4,6,7,10,13,16	wut honour re- ooh co inc to-do
POOL	13699	0.506449599	1,2,4,5,10,13,14,16	new a ta air hugo inc ooh redo
POOL	13700	0.506365650	1,2,4,5,10,13,14,16	new a ta air hugo inc new buoy
POOL	13701	0.506023089	1,2,4,5,10,13,14,16	new a ta air hugo inc ooh dougie
POOL	13702	0.505977866	1,2,4,5,10,13,14,16	new a ta air hugo inc new tui
POOL	13703	0.505977261	1,2,4,5,10,13,14,16	new a ta air hugo inc ooh duma
POOL	13704	0.505934845	1,2,4,5,10,13,14,16	new a ta air hugo inc ooh dooley
POOL	13705	0.505922966	1,2,6,7,10,14,16	were a car ooh godot into due
POOL	13706	0.505893246	1,2,4,5,10,13,14,16	new a ta air hugo inc ooh edu
POOL	13707	0.505838657	1,2,4,5,10,13,14,16	new a ta air hugo inc new abou
POOL	13708	0.505781003	1,2,4,5,10,13,14,16	new a ta air hugo inc ooh duper
POOL	13709	0.505767343	1,2,4,8,12,15,16	wish a ta liu showy to-do ooh
POOL	13710	0.505605052	1,2,4,6,7,12,16	wan a ta t ooh growing to-do
POOL	13711	0.505410030	3,4,6,8,10,12,16	wut bra re- ooh noah ing to-do
POOL	13712	0.505361757	1,2,4,6,13,16	ooh a ta area going du
POOL	13713	0.505257487	1,2,4,5,10,13,14,16	new a ta air hugo inc ooh doers
POOL	13714	0.505209728	1,2,4,5,10,13,14,16	new a ta air hugo inc ooh perdue
POOL	13715	0.505117013	1,2,4,6,13,16	ooh a ta area going deux
POOL	13716	0.505075422	1,2,4,5,10,12,16	were ca tor or hugo ing to-do
POOL	13717	0.504677337	1,2,4,5,10,11,13,16	new a ta air hugo a ant do
POOL	13718	0.504146563	1,2,6,7,12,16	were a teri new growing to-do
POOL	13719	0.504107924	1,2,4,6,13,16	ooh a ta area going to-do
POOL	13720	0.503784582	1,2,4,7,12,15,16	were ugh ya liu growing to-do ooh
POOL	13721	0.503784272	1,2,4,6,8,13,16	were uh-oh ta re- ag owing to-do
POOL	13722	0.503779196	1,2,4,5,10,13,16	new a ta air hugo ain't boo-boo
POOL	13723	0.503350127	3,6,8,10,11,16	wut ari ogre oh nee to-do
POOL	13724	0.503140807	1,2,4,5,8,12,16	were upper ta or yoo owing to-do
POOL	13725	0.503001241	1,2,5,10,13,14,16	was a car hugo indy ooh due
POOL	13726	0.502996509	3,5,7,10,11,13,15,16	what aar u go a too food issue
POOL	13727	0.502499069	1,2,4,5,10,12,16	wheat a tell or hugo ing to-do
POOL	13728	0.502472754	1,2,4,7,12,16	new uhh top reissue goes to-do
POOL	13729	0.502430066	1,2,4,5,8,12,16	were a ta or yoo zoning to-do
POOL	13730	0.502290341	1,2,4,5,10,13,16	new a ta air hugo ain't tutu
POOL	13731	0.501803580	1,2,4,6,13,16	ooh a ta area going woo
POOL	13732	0.501650247	1,2,4,8,12,15,16	were uh-uh ta raju owing to-do ooh
POOL	13733	0.501595599	1,2,6,7,10,12,16	were buck car ooh goo-goo ing to-do
POOL	13734	0.501354507	1,2,4,5,10,13,16	new a ta air hugo ain't hutu
POOL	13735	0.501330478	1,2,5,10,13,16	law a car hugo inky to-do
POOL	13736	0.500262386	1,2,4,7,10,14,16	saw a ta liu go into doing
POOL	13737	0.500193695	1,2,4,6,7,12,16	zoo a ta re- ooh growing trudeau
POOL	13738	0.500135515	1,2,4,7,12,15,16	food a dot liu growing to-do ooh
POOL	13739	0.499916859	1,2,4,7,12,15,16	win a ta liu golan to-do ooh
POOL	13740	0.499747808	1,2,4,6,13,16	ooh a ta area going whew
POOL	13741	0.499745887	1,2,4,5,10,12,16	law a. ta or hugo ing to-do
POOL	13742	0.499476419	1,2,4,5,8,12,16	wat yup ta or yoo owing to-do
POOL	13743	0.498820318	1,2,4,6,13,16	ooh a ta area going two
POOL	13744	0.498761581	1,2,4,6,13,16	ooh a ta area going boo
POOL	13745	0.498744349	4,6,12,16	wack re- growing chewed
POOL	13746	0.498449933	1,2,4,6,13,16	ooh a ta area going whoo
POOL	13747	0.498429462	1,2,4,5,8,12,16	were butt ta or zhou owing to-do
POOL	13748	0.498248105	2,4,6,7,12,15,16	nah t re- ooh growing to-do ooh
POOL	13749	0.498223699	1,2,4,7,12,15,16	wash or ta liu growing to-do ooh
POOL	13750	0.498212742	1,2,4,5,10,14,16	new a ta air hugo eat du'a'
POOL	13751	0.498063356	1,2,4,7,12,15,16	were a ta liu growing to-do so
POOL	13752	0.497866354	1,2,4,7,12,15,16	were at ta liu grossing to-do ooh
POOL	13753	0.497213933	1,2,4,6,13,16	ooh a ta area going wu
POOL	13754	0.496767131	1,2,4,6,13,16	ooh a ta area going aud
POOL	13755	0.496728632	2,4,5,6,7,10,12,16	'twas 'pon a a ooh go ing to-do
POOL	13756	0.496625740	1,2,4,6,13,16	ooh a ta area going tue
POOL	13757	0.496621116	1,2,4,6,13,16	ooh a ta area going daw
POOL	13758	0.496590837	1,2,4,7,12,16	oui a top u-ey growing to-do
POOL	13759	0.496506931	2,4,6,7,12,15,16	le ta r. ooh growing to-do ooh
POOL	13760	0.495898984	1,2,4,5,10,14,16	new a ta air hugo eat dewey
POOL	13761	0.495869621	1,2,4,8,12,15,16	are i ta liu owing to-do ooh
POOL	13762	0.495812201	2,4,5,6,7,10,12,16	'twas 'pon a a oooh go ing to-do
POOL	13763	0.495795013	3,6,7,10,11,16	wut ari new iago a to-do
POOL	13764	0.495731045	1,2,4,6,13,16	ooh a ta area going awd
POOL	13765	0.495405667	1,2,4,5,10,14,16	new a ta air hugo eat urdu
POOL	13766	0.495391479	2,4,6,7,12,16	one uhh ria new growing to-do
POOL	13767	0.495291452	2,4,7,10,12,15,16	una ta liu bo ing to-do ooh
POOL	13768	0.495277770	1,2,4,6,13,16	ooh a ta area going awed
POOL	13769	0.495272300	1,2,4,5,10,14,16	new a ta air hugo eat ado
POOL	13770	0.495269790	2,4,5,6,7,10,12,14,16	'twas 'pon a a ooh go ing too due
POOL	13771	0.495248491	1,2,4,5,10,14,16	new a ta air hugo inc abu
POOL	13772	0.494886730	4,8,12,16	wut roo bowing could
POOL	13773	0.494468726	1,2,5,10,15,16	were a car iago into oh
POOL	13774	0.494350616	1,2,4,5,10,14,16	new a ta air hugo eat adieu
POOL	13775	0.494074808	1,2,4,5,10,14,16	new a ta air hugo eat dewar
POOL	13776	0.493914229	1,2,4,5,10,14,16	new a ta air hugo eat dewy
POOL	13777	0.493872518	1,2,4,6,13,16	ooh a ta area going tu
POOL	13778	0.493691287	1,2,4,6,13,16	ooh a ta area going ut
POOL	13779	0.493673664	2,4,6,7,12,15,16	dah ta re- doom growing to-do ooh
POOL	13780	0.493539021	2,6,10,15,16	one atari doggo into new
POOL	13781	0.493178995	4,6,12,16	wut ring growing tuk
POOL	13782	0.492511699	1,2,4,5,8,12,16	were cup it or yoo owing to-do
POOL	13783	0.492474873	1,2,4,5,8,12,16	web a ta or yoo zoey to-do
POOL	13784	0.492457187	1,2,4,5,10,14,16	new a ta air hugo inc buoy
POOL	13785	0.491997368	1,2,4,5,10,14,16	new a ta air hugo inc tui
POOL	13786	0.491879349	1,2,4,10,12,16	were egg top lugo winger to-do
POOL	13787	0.491854910	1,2,4,5,10,14,16	new a ta air hugo inc abou
POOL	13788	0.491813560	1,2,4,6,13,16	ooh a ta area going too-too
POOL	13789	0.490106225	1,2,4,5,10,14,16	new a ta air hugo ent du'a'
POOL	13790	0.489886851	3,5,7,10,11,13,14,16	what aar u go a too new du'a'
POOL	13791	0.489886039	1,2,4,6,13,16	ooh a ta area going voodoo
POOL	13792	0.489622467	2,4,5,6,7,10,12,14,16	'twas 'pon a a ooh go ing too doo
POOL	13793	0.489601156	1,2,4,6,13,16	ooh a ta area going doo-doo
POOL	13794	0.489402327	2,4,5,6,7,10,12,14,16	'twas 'pon a a ooh go ing too dew
POOL	13795	0.489057938	3,5,7,10,11,13,14,16	what aar u go a too too du'a'
POOL	13796	0.488652787	3,5,7,10,11,13,14,16	what aar u go a too ooh to-do
POOL	13797	0.488534447	3,6,10,13,16	wut arnie ooooh inc to-do
POOL	13798	0.488513937	3,6,8,10,12,16	wut ari eeg rio in to-do
POOL	13799	0.488381958	2,4,5,6,7,10,12,14,16	'twas 'pon a a ooh go ing too du
POOL	13800	0.488218795	2,4,5,6,7,10,12,14,16	'twas 'pon a a ooh go ing too deux
POOL	13801	0.488217756	3,5,7,10,11,13,15,16	what aar u go a too old issue
POOL	13802	0.488117786	2,6,13,16	'twas 'pon going due
POOL	13803	0.488087780	4,8,12,16	whet fugue owing chewed
POOL	13804	0.487882171	1,2,6,7,12,16	were on corrie new growing to-do
POOL	13805	0.487875797	3,5,7,10,11,15,16	what aar u go a to-do issue
POOL	13806	0.487792467	1,2,4,5,10,14,16	new a ta air hugo ent dewey
POOL	13807	0.487299150	1,2,4,5,10,14,16	new a ta air hugo ent urdu
POOL	13808	0.487165783	1,2,4,5,10,14,16	new a ta air hugo ent ado
POOL	13809	0.486754547	2,4,5,6,7,10,12,16	'twas 'pon a a ooh gogh ing to-do
POOL	13810	0.486694494	2,4,5,6,7,10,12,14,16	'twas 'pon a a ooh go ing two due
POOL	13811	0.486693585	3,5,7,10,11,13,15,16	what aar u go a too world issue
POOL	13812	0.486624964	2,4,6,7,12,15,16	do ta re- ooh growing to-do lieu
POOL	13813	0.486403937	2,4,5,6,7,10,12,14,16	'twas 'pon a a ooh gogh ing too due
POOL	13814	0.486244099	1,2,4,5,10,14,16	new a ta air hugo ent adieu
POOL	13815	0.486157368	2,4,5,6,7,10,12,14,16	'twas 'pon a a ooh go ing tue due
POOL	13816	0.485968292	1,2,4,5,10,14,16	new a ta air hugo ent dewar
POOL	13817	0.485963310	3,5,7,10,11,13,14,16	what aar u go a too new to-do
POOL	13818	0.485838117	2,4,5,6,7,10,12,16	'twas 'pon a a oooh gogh ing to-do
POOL	13819	0.485807712	1,2,4,5,10,14,16	new a ta air hugo ent dewy
POOL	13820	0.485458750	2,4,5,6,7,10,12,16	'twas 'pon a a ooh goh ing to-do
POOL	13821	0.485134397	3,5,7,10,11,13,14,16	what aar u go a too too to-do
POOL	13822	0.484605880	4,6,8,12,16	wut eerie new burrowing to-do
POOL	13823	0.484560522	3,6,7,10,11,16	wut ari new egos eve to-do
POOL	13824	0.484542320	2,4,5,6,7,10,12,16	'twas 'pon a a oooh goh ing to-do
POOL	13825	0.484321887	2,4,5,6,7,10,12,14,16	'twas 'pon a a ooh go ing tu due
POOL	13826	0.484272176	3,5,7,9,10,13,16	what aar u goo aw inter to-do
POOL	13827	0.483367315	1,2,4,7,12,16	were ha top neo growing to-do
POOL	13828	0.482808609	3,5,7,10,11,13,15,16	what aar u go a too old eu
POOL	13829	0.482534365	3,5,7,10,11,13,15,16	what aar u go a too world du'a'
POOL	13830	0.482441257	1,2,4,6,13,16	ooh a ta area going do
POOL	13831	0.481522348	1,2,4,5,10,12,16	ware a ta or hugo e-ink to-do
POOL	13832	0.481284438	3,5,7,10,11,13,15,16	what aar u go a too world eu
POOL	13833	0.481069536	1,2,4,6,13,16	ooh a ta area going boo-boo
POOL	13834	0.481047172	2,4,5,6,7,10,12,14,16	'twas 'pon a a ooh go ing two doo
POOL	13835	0.480827031	2,4,5,6,7,10,12,14,16	'twas 'pon a a ooh go ing two dew
POOL	13836	0.480756614	2,4,5,6,7,10,12,14,16	'twas 'pon a a ooh gogh ing too doo
POOL	13837	0.480536473	2,4,5,6,7,10,12,14,16	'twas 'pon a a ooh gogh ing too dew
POOL	13838	0.480510046	2,4,5,6,7,10,12,14,16	'twas 'pon a a ooh go ing tue doo
POOL	13839	0.480289905	2,4,5,6,7,10,12,14,16	'twas 'pon a a ooh go ing tue dew
POOL	13840	0.480015156	1,2,6,7,12,16	were a dani zoom growing to-do
POOL	13841	0.479823051	3,5,7,10,11,13,14,16	what aar u go a too new abu
POOL	13842	0.479806662	2,4,5,6,7,10,12,14,16	'twas 'pon a a ooh go ing two du
POOL	13843	0.479643499	2,4,5,6,7,10,12,14,16	'twas 'pon a a ooh go ing two deux
POOL	13844	0.479516105	2,4,5,6,7,10,12,14,16	'twas 'pon a a ooh gogh ing too du
POOL	13845	0.479352942	2,4,5,6,7,10,12,14,16	'twas 'pon a a ooh gogh ing too deux
POOL	13846	0.479313127	1,2,4,6,13,16	ooh a ta area going tutu
POOL	13847	0.479269536	2,4,5,6,7,10,12,14,16	'twas 'pon a a ooh go ing tue du
POOL	13848	0.479106373	2,4,5,6,7,10,12,14,16	'twas 'pon a a ooh go ing tue deux
POOL	13849	0.479092890	3,5,7,10,11,13,14,16	what aar u go a too new duty
POOL	13850	0.478674564	2,4,5,6,7,10,12,14,16	'twas 'pon a a ooh go ing tu doo
POOL	13851	0.478630892	1,2,4,7,12,15,16	uhh a ta liu growing to-do du'a'
POOL	13852	0.478454423	2,4,5,6,7,10,12,14,16	'twas 'pon a a ooh go ing tu dew
POOL	13853	0.478263977	3,5,7,10,11,13,14,16	what aar u go a too too duty
POOL	13854	0.478221321	1,2,4,6,13,16	ooh a ta area going hutu
POOL	13855	0.477610153	3,5,7,10,11,13,14,16	what aar u go a too new dual
POOL	13856	0.477434054	2,4,5,6,7,10,12,14,16	'twas 'pon a a ooh go ing tu du
POOL	13857	0.477270891	2,4,5,6,7,10,12,14,16	'twas 'pon a a ooh go ing tu deux
POOL	13858	0.477008564	3,5,7,10,11,13,14,16	what aar u go a too new duo
POOL	13859	0.476786357	1,2,4,7,12,15,16	were as ta erie growing to-do ooh
POOL	13860	0.476781240	3,5,7,10,11,13,14,16	what aar u go a too too dual
POOL	13861	0.476262337	3,5,7,10,11,13,14,16	what aar u go a too new doin'
POOL	13862	0.476179651	3,5,7,10,11,13,14,16	what aar u go a too too duo
POOL	13863	0.475411309	2,6,13,16	'twas 'pon going doo
POOL	13864	0.475184219	2,4,5,6,7,10,12,16	'twas 'pon aar aar aux go ing to-do
POOL	13865	0.474915992	2,6,13,16	'twas 'pon going dew
POOL	13866	0.473525275	2,4,5,6,7,10,12,16	'twas 'pon aar aar au go ing to-do
POOL	13867	0.473327808	3,5,7,10,11,13,14,16	what aar u go a too know du'a'
POOL	13868	0.473120770	2,4,5,6,7,10,12,14,16	'twas 'pon aar aar au go ing too due
POOL	13869	0.473066257	1,2,4,6,13,16	ooh a ta area going to
POOL	13870	0.472620162	2,6,13,16	'twas 'pon going du
POOL	13871	0.472253046	2,6,13,16	'twas 'pon going deux
POOL	13872	0.472235241	3,5,7,10,11,13,14,16	what aar u go a too go du'a'
POOL	13873	0.471873826	3,5,7,10,11,13,14,16	what aar u go a too new doing
POOL	13874	0.471044912	3,5,7,10,11,13,14,16	what aar u go a too too doing
POOL	13875	0.469404268	3,5,7,10,11,13,14,16	what aar u go a too know to-do
POOL	13876	0.468311700	3,5,7,10,11,13,14,16	what aar u go a too go to-do
POOL	13877	0.467473447	2,4,5,6,7,10,12,14,16	'twas 'pon aar aar au go ing too doo
POOL	13878	0.467473320	3,5,7,8,9,12,16	what aar ewe ag ooh owing to-do
POOL	13879	0.467253306	2,4,5,6,7,10,12,14,16	'twas 'pon aar aar au go ing too dew
POOL	13880	0.466425971	3,5,7,8,9,12,16	what aar ewe ag oooh owing to-do
POOL	13881	0.466232937	2,4,5,6,7,10,12,14,16	'twas 'pon aar aar au go ing too du
POOL	13882	0.466069774	2,4,5,6,7,10,12,14,16	'twas 'pon aar aar au go ing too deux
POOL	13883	0.465210134	2,4,5,6,7,10,12,16	'twas 'pon aar aar aux gogh ing to-do
POOL	13884	0.464254917	2,4,5,6,7,10,12,14,16	'twas 'pon aar aar au gogh ing too due
POOL	13885	0.464008348	2,4,5,6,7,10,12,14,16	'twas 'pon aar aar au go ing tue due
POOL	13886	0.463551190	2,4,5,6,7,10,12,16	'twas 'pon aar aar au gogh ing to-do
POOL	13887	0.463264009	3,5,7,10,11,13,14,16	what aar u go a too know abu
POOL	13888	0.462533848	3,5,7,10,11,13,14,16	what aar u go a too know duty
POOL	13889	0.462255393	2,4,5,6,7,10,12,16	'twas 'pon aar aar au goh ing to-do
POOL	13890	0.462172866	2,4,5,6,7,10,12,14,16	'twas 'pon aar aar au go ing tu due
POOL	13891	0.462171441	3,5,7,10,11,13,14,16	what aar u go a too go abu
POOL	13892	0.461441280	3,5,7,10,11,13,14,16	what aar u go a too go duty
POOL	13893	0.461051111	3,5,7,10,11,13,14,16	what aar u go a too know dual
POOL	13894	0.460895205	3,5,7,8,11,16	what aar ewe egg ovary to-do
POOL	13895	0.460449522	3,5,7,10,11,13,14,16	what aar u go a too know duo
POOL	13896	0.459958543	3,5,7,10,11,13,14,16	what aar u go a too go dual
POOL	13897	0.459703295	3,5,7,10,11,13,14,16	what aar u go a too know doin'
POOL	13898	0.459356954	3,5,7,10,11,13,14,16	what aar u go a too go duo
POOL	13899	0.458607594	2,4,5,6,7,10,12,14,16	'twas 'pon aar aar au gogh ing too doo
POOL	13900	0.458387453	2,4,5,6,7,10,12,14,16	'twas 'pon aar aar au gogh ing too dew
POOL	13901	0.458361025	2,4,5,6,7,10,12,14,16	'twas 'pon aar aar au go ing tue doo
POOL	13902	0.458140884	2,4,5,6,7,10,12,14,16	'twas 'pon aar aar au go ing tue dew
POOL	13903	0.457434085	2,4,5,6,7,10,12,14,16	'twas 'pon aar aar au go ing too do
POOL	13904	0.457367084	2,4,5,6,7,10,12,14,16	'twas 'pon aar aar au gogh ing too du
POOL	13905	0.457203921	2,4,5,6,7,10,12,14,16	'twas 'pon aar aar au gogh ing too deux
POOL	13906	0.457120515	2,4,5,6,7,10,12,14,16	'twas 'pon aar aar au go ing tue du
POOL	13907	0.456957352	2,4,5,6,7,10,12,14,16	'twas 'pon aar aar au go ing tue deux
POOL	13908	0.456525544	2,4,5,6,7,10,12,14,16	'twas 'pon aar aar au go ing tu doo
POOL	13909	0.456305403	2,4,5,6,7,10,12,14,16	'twas 'pon aar aar au go ing tu dew
POOL	13910	0.455835740	3,5,7,8,11,16	what aar ewe eeg ovary to-do
POOL	13911	0.455314783	3,5,7,10,11,13,14,16	what aar u go a too know doing
POOL	13912	0.455285034	2,4,5,6,7,10,12,14,16	'twas 'pon aar aar au go ing tu du
POOL	13913	0.455121871	2,4,5,6,7,10,12,14,16	'twas 'pon aar aar au go ing tu deux
POOL	13914	0.454222215	3,5,7,10,11,13,14,16	what aar u go a too go doing
POOL	13915	0.453307013	2,4,5,6,7,10,12,14,16	'twas 'pon aar aar au gogh ing tu due
POOL	13916	0.451497654	4,8,12,15,16	wada ruger sowing to-do new
POOL	13917	0.448568232	2,4,5,6,7,10,12,14,16	'twas 'pon aar aar au gogh ing too do
POOL	13918	0.448321663	2,4,5,6,7,10,12,14,16	'twas 'pon aar aar au go ing tue do
POOL	13919	0.447659691	2,4,5,6,7,10,12,14,16	'twas 'pon aar aar au gogh ing tu doo
POOL	13920	0.447614412	2,6,13,16	'twas 'pon going do
POOL	13921	0.447439550	2,4,5,6,7,10,12,14,16	'twas 'pon aar aar au gogh ing tu dew
POOL	13922	0.446486182	2,4,5,6,7,10,12,14,16	'twas 'pon aar aar au go ing tu do
POOL	13923	0.446419181	2,4,5,6,7,10,12,14,16	'twas 'pon aar aar au gogh ing tu du
POOL	13924	0.446256018	2,4,5,6,7,10,12,14,16	'twas 'pon aar aar au gogh ing tu deux
POOL	13925	0.444069764	3,5,7,8,12,16	what aar ewe egg lowering to-do
POOL	13926	0.442722083	3,5,7,8,12,16	what aar ewe egg echoing to-do
POOL	13927	0.437620329	2,4,5,6,7,10,12,14,16	'twas 'pon aar aar au gogh ing tu do
POOL	13928	0.430554030	2,4,5,6,7,12,16	'twas 'pon aar aar au going to-do
VIS	0	0	0.900736681	2,4,6,10,13,15,16	one ta re- go inc food ooh
VIS	1	1	0.899782340	1,2,4,6,10,13,16	ooh a ta re- go inc due
VIS	2	2	0.899689332	2,4,6,10,13,15,16	one ta re- go inc food oooh
VIS	3	3	0.899541929	1,2,4,6,10,13,16	were uhh ta re- go inc due
VIS	4	4	0.899448708	2,4,6,10,13,15,16	one ta re- go inc food new
VIS	5	5	0.899364728	2,4,6,10,13,15,16	one top re- go inc food ooh
VIS	6	6	0.898827644	1,2,4,6,10,13,16	we uhh ta re- go inc due
VIS	7	7	0.898734992	1,2,4,6,10,13,16	oooh a ta re- go inc due
VIS	8	8	0.898648481	1,2,4,6,10,13,16	were uh ta re- go inc due
VIS	9	9	0.898494367	1,2,4,6,10,13,16	new a ta re- go inc due
VIS	10	10	0.898410388	1,2,4,6,10,13,16	ooh a top re- go inc due
VIS	11	11	0.898169977	1,2,4,6,10,13,16	were uhh top re- go inc due
VIS	12	12	0.897938108	2,4,6,10,13,14,16	one ta re- go inc ooh due
VIS	13	13	0.897938108	2,4,6,7,10,13,16	one ta re- ooh go inc due
VIS	14	14	0.897934195	1,2,4,6,10,13,16	we uh ta re- go inc due
VIS	15	15	0.897641127	1,2,4,6,10,13,16	ooh uhh ta re- go inc due
VIS	16	16	0.897547038	1,2,4,6,10,13,16	too a ta re- go inc due
VIS	17	17	0.897455691	1,2,4,6,10,13,16	we uhh top re- go inc due
VIS	18	18	0.897363039	1,2,4,6,10,13,16	oooh a top re- go inc due
VIS	19	19	0.897276529	1,2,4,6,10,13,16	were uh top re- go inc due
VIS	20	20	0.897122415	1,2,4,6,10,13,16	new a top re- go inc due
VIS	21	21	0.897081992	1,2,4,6,10,13,16	ooh a ta re- go ink due
VIS	22	22	0.896890759	2,4,6,10,13,14,16	one ta re- go inc oooh due
VIS	23	23	0.896890759	2,4,6,7,10,13,16	one ta re- oooh go inc due
VIS	24	24	0.896841580	1,2,4,6,10,13,16	were uhh ta re- go ink due
VIS	25	26	0.896650135	2,4,6,10,13,14,16	one ta re- go inc new due
VIS	26	27	0.896650135	2,4,6,7,10,13,16	one ta re- new go inc due
VIS	27	29	0.896566155	2,4,6,7,10,13,16	one top re- ooh go inc due
VIS	28	30	0.896566155	2,4,6,10,13,14,16	one top re- go inc ooh due
VIS	29	38	0.896029834	2,4,6,8,10,13,16	one ta re- ooh oh inc due
VIS	30	42	0.895750404	2,4,6,10,13,14,16	won ta re- go inc ooh due
VIS	31	43	0.895750404	2,4,6,7,10,13,16	won ta re- ooh go inc due
VIS	32	45	0.895702805	2,4,6,10,13,14,16	one ta re- go inc too due
VIS	33	46	0.895702805	2,4,6,7,10,13,16	one ta re- too go inc due
VIS	34	49	0.895518806	2,4,6,7,10,13,16	one top re- oooh go inc due
VIS	35	50	0.895518806	2,4,6,10,13,14,16	one top re- go inc oooh due
VIS	36	53	0.895278182	2,4,6,7,10,13,16	one top re- new go inc due
VIS	37	54	0.895278182	2,4,6,10,13,14,16	one top re- go inc new due
VIS	38	55	0.895237759	2,4,6,10,13,14,16	one ta re- go ink ooh due
VIS	39	56	0.895237759	2,4,6,7,10,13,16	one ta re- ooh go ink due
VIS	40	57	0.894982485	2,4,6,8,10,13,16	one ta re- oooh oh inc due
VIS	41	58	0.894741861	2,4,6,8,10,13,16	one ta re- new oh inc due
VIS	42	59	0.894703055	2,4,6,10,13,14,16	won ta re- go inc oooh due
VIS	43	60	0.894703055	2,4,6,7,10,13,16	won ta re- oooh go inc due
VIS	44	61	0.894657881	2,4,6,8,10,13,16	one top re- ooh oh inc due
VIS	45	62	0.894569902	2,4,6,10,13,14,16	wah ta re- go inc ooh due
VIS	46	63	0.894569902	2,4,6,7,10,13,16	wah ta re- ooh go inc due
VIS	47	64	0.894462431	2,4,6,7,10,13,16	won ta re- new go inc due
VIS	48	65	0.894378451	2,4,6,7,10,13,16	won top re- ooh go inc due
VIS	49	66	0.894330853	2,4,6,7,10,13,16	one top re- too go inc due
POOLSIZE	13929
